player_id,player_name,team,asof_date,is_home,days_rest,games_last7,games_last14,season_game_number,lag1_pts,lag1_reb,lag1_ast,lag1_threes,lag1_fg3a,lag1_stl,lag1_blk,lag1_tov,lag1_fgm,lag1_fga,lag1_fg_pct,lag1_ftm,lag1_fta,lag1_ft_pct,lag1_oreb,lag1_dreb,lag1_pf,lag1_plus_minus,lag1_min,lag1_pts_per_min,lag1_reb_per_min,lag1_ast_per_min,lag1_fg3m_per_min,lag1_fg3a_per_min,lag1_fga_per_min,lag1_fta_per_min,lag1_tov_per_min,lag1_usage_per_min,b2b,roll3_min,roll3_min_std,roll3_pts,roll3_reb,roll3_ast,roll3_threes,roll3_fg3a,roll3_stl,roll3_blk,roll3_tov,roll3_fgm,roll3_fga,roll3_fg_pct,roll3_ftm,roll3_fta,roll3_ft_pct,roll3_oreb,roll3_dreb,roll3_pf,roll3_plus_minus,roll3_pts_per_min,roll3_pts_per_min_std,roll3_reb_per_min,roll3_reb_per_min_std,roll3_ast_per_min,roll3_ast_per_min_std,roll3_fg3m_per_min,roll3_fg3m_per_min_std,roll3_fg3a_per_min,roll3_fg3a_per_min_std,roll3_fga_per_min,roll3_fga_per_min_std,roll3_fta_per_min,roll3_fta_per_min_std,roll3_tov_per_min,roll3_tov_per_min_std,roll3_usage_per_min,roll3_usage_per_min_std,roll5_min,roll5_min_std,roll5_pts,roll5_reb,roll5_ast,roll5_threes,roll5_fg3a,roll5_stl,roll5_blk,roll5_tov,roll5_fgm,roll5_fga,roll5_fg_pct,roll5_ftm,roll5_fta,roll5_ft_pct,roll5_oreb,roll5_dreb,roll5_pf,roll5_plus_minus,roll5_pts_per_min,roll5_pts_per_min_std,roll5_reb_per_min,roll5_reb_per_min_std,roll5_ast_per_min,roll5_ast_per_min_std,roll5_fg3m_per_min,roll5_fg3m_per_min_std,roll5_fg3a_per_min,roll5_fg3a_per_min_std,roll5_fga_per_min,roll5_fga_per_min_std,roll5_fta_per_min,roll5_fta_per_min_std,roll5_tov_per_min,roll5_tov_per_min_std,roll5_usage_per_min,roll5_usage_per_min_std,roll10_min,roll10_min_std,roll10_pts,roll10_reb,roll10_ast,roll10_threes,roll10_fg3a,roll10_stl,roll10_blk,roll10_tov,roll10_fgm,roll10_fga,roll10_fg_pct,roll10_ftm,roll10_fta,roll10_ft_pct,roll10_oreb,roll10_dreb,roll10_pf,roll10_plus_minus,roll10_pts_per_min,roll10_pts_per_min_std,roll10_reb_per_min,roll10_reb_per_min_std,roll10_ast_per_min,roll10_ast_per_min_std,roll10_fg3m_per_min,roll10_fg3m_per_min_std,roll10_fg3a_per_min,roll10_fg3a_per_min_std,roll10_fga_per_min,roll10_fga_per_min_std,roll10_fta_per_min,roll10_fta_per_min_std,roll10_tov_per_min,roll10_tov_per_min_std,roll10_usage_per_min,roll10_usage_per_min_std,injury_status,team_on_slate,playing_today,opponent,home,pred_min,pred_pts,pred_reb,pred_ast,pred_threes,pred_stl,pred_blk,pred_tov,pred_pra,pred_pr,pred_pa,pred_ra,pred_stocks,mean_pts,mean_reb,mean_ast,mean_threes,mean_pra,mean_stl,mean_blk,mean_tov,sd_pts,sd_reb,sd_ast,sd_threes,sd_pra,sd_stl,sd_blk,sd_tov
3992,James Harden,CLE,2026-05-07,0.0,2.0,3.0,6.0,13.0,22,8,7,1,7,1,2,7,6,15,,9,9,,2,6,3,-7,35.0,0.6285714285714286,0.22857142857142856,0.2,0.02857142857142857,0.2,0.42857142857142855,0.2571428571428571,0.2,0.7417142857142858,0.0,38.666666666666664,4.725815626252608,18.666666666666668,7.666666666666667,6.333333333333333,1.0,5.333333333333333,2.0,1.0,4.333333333333333,4.666666666666667,12.666666666666666,,8.333333333333334,9.0,,2.3333333333333335,5.333333333333333,2.6666666666666665,3.0,0.4928980928980929,0.1325838552789132,0.19842634842634843,0.033624845888522596,0.16187551187551186,0.07000693054836249,0.02610857610857611,0.0030283994865107806,0.14201474201474204,0.05486987656887618,0.32999882999883,0.0932274927018423,0.2407101907101907,0.11970642522709321,0.11498771498771498,0.0758939384117995,0.5508990288990289,0.16529005758744922,38.6,3.5071355833500366,19.6,6.8,6.4,1.8,6.0,1.8,1.0,5.2,5.4,13.0,,7.0,7.8,,1.6,5.2,2.6,4.0,0.5134415584415584,0.10026528087464118,0.17486661986661986,0.07251805777406684,0.16536855036855036,0.059274044877083674,0.046475956475956474,0.03234611164442849,0.15764127764127764,0.04628356164218581,0.3386749736749737,0.06959152686977231,0.20685854685854682,0.09660191381575692,0.13683046683046682,0.06298009528899064,0.5665232011232012,0.12376037764398683,35.3,4.967673276069771,20.7,5.0,5.9,2.5,7.1,1.8,0.6,5.0,6.1,14.6,,6.0,6.8,,0.9,4.1,2.2,-1.0,0.5996976063152533,0.13556649886980168,0.1346067247537836,0.07683848774891106,0.16830179491944197,0.06745722342614541,0.07278623390388098,0.03734435597802659,0.20660469789881555,0.06594642936456455,0.4229239396004102,0.12690783556381827,0.19494900859606742,0.0874444255186968,0.14494693700576053,0.06386876294716667,0.6536484403884404,0.1316297251331269,,,,DET,False,37.1855,20.557536734693876,6.166994897959183,6.342438775510203,2.0738867346938776,2.0237006802721087,0.7588877551020407,5.438695578231292,33.066970408163264,26.72453163265306,26.89997551020408,12.509433673469387,2.7825884353741492,14.716,5.232,3.566,2.074,23.514,1.154,0.434,2.636,6.279119683522524,2.2693999206838797,1.8104264690950582,1.4001871303507971,7.096886923151588,1.076236033591145,0.6764939024115443,1.6539359116967018
2580365,Larry Nance Jr.,CLE,2026-05-07,0.0,2.0,3.0,6.0,15.0,0,0,0,0,0,0,0,0,0,0,,0,0,,0,0,0,0,0.0,,,,,,,,,,0.0,0.0,0.0,0.0,0.0,0.0,0.0,0.0,0.0,0.0,0.0,0.0,0.0,,0.0,0.0,,0.0,0.0,0.0,0.0,,,,,,,,,,,,,,,,,,,0.0,0.0,0.0,0.0,0.0,0.0,0.0,0.0,0.0,0.0,0.0,0.0,,0.0,0.0,,0.0,0.0,0.0,0.0,,,,,,,,,,,,,,,,,,,4.1,7.460265112953801,1.4,0.7,0.3,0.1,0.3,0.0,0.1,0.4,0.6,0.8,,0.1,0.2,,0.1,0.6,0.3,-2.4,0.18749999999999997,0.23935677693908458,0.090625,0.1426589026314166,0.037500000000000006,0.075,0.0125,0.025,0.037500000000000006,0.07500000000000001,0.10625000000000001,0.14197270864500683,0.025,0.05,0.171875,0.23593232610221093,0.289125,0.20945897569691302,,,,DET,False,6.075,0.27999999999999997,0.13999999999999999,0.06,0.020000000000000004,0.13365,0.10934999999999999,0.3645,0.4799999999999999,0.41999999999999993,0.33999999999999997,0.19999999999999998,0.243,0.544,0.34,0.194,0.058,1.078,0.09,0.08,0.31,1.115376169729298,0.5936328831862332,0.43859320560172843,0.25,1.356435033460873,0.2930870177950569,0.29257477676655586,0.5458021619598075
3032979,Dennis Schroder,CLE,2026-05-07,0.0,2.0,3.0,6.0,15.0,9,1,3,1,1,0,0,4,3,6,,2,2,,1,0,1,0,16.0,0.5625,0.0625,0.1875,0.0625,0.0625,0.375,0.125,0.25,0.6799999999999999,0.0,15.333333333333334,1.1547005383792515,6.0,0.6666666666666666,1.6666666666666667,0.3333333333333333,1.3333333333333333,0.6666666666666666,0.0,2.0,1.3333333333333333,5.666666666666667,,3.0,3.3333333333333335,,0.3333333333333333,0.3333333333333333,1.3333333333333333,-6.666666666666667,0.38095238095238093,0.21546056902069355,0.044642857142857144,0.03891874056732744,0.10714285714285714,0.06973437210630942,0.020833333333333332,0.036084391824351615,0.08928571428571429,0.04639421805988081,0.375,0.12500000000000003,0.20833333333333334,0.26020824993326663,0.12499999999999996,0.12500000000000006,0.5916666666666667,0.09004628439493399,16.0,3.082207001484488,9.0,1.4,1.4,0.8,2.4,0.6,0.2,1.6,3.0,7.0,,2.2,2.4,,0.2,1.2,1.2,-2.4,0.5326007326007327,0.2771260050011464,0.10370879120879122,0.1605924329079857,0.08333333333333333,0.0680305324444194,0.04107142857142857,0.06300813844420483,0.14148351648351648,0.0914248710650959,0.4374542124542124,0.1230968172478992,0.14404761904761904,0.20672851280008558,0.10576923076923075,0.10707239159288505,0.6066043956043956,0.08047224685684554,12.8,6.014796569941313,6.2,1.2,1.7,0.6,2.0,0.5,0.1,1.2,2.0,5.4,,1.6,1.7,,0.2,1.0,1.2,-3.4,0.4679436304436304,0.23911235079777352,0.11021062271062271,0.11951153357230732,0.1229141229141229,0.10311716225346106,0.05198412698412699,0.07407725539984386,0.16990231990231988,0.10806397001581598,0.41690069190069196,0.10332723509052884,0.11772486772486773,0.16259857079783208,0.133974358974359,0.19562995650374415,0.6026739926739927,0.1790760557919462,,,,DET,False,14.754000000000001,7.363160714285714,1.222392857142857,1.7395107142857147,0.6551964285714286,0.39519642857142856,0.13173214285714285,1.5807857142857142,10.325064285714285,8.585553571428571,9.102671428571428,2.9619035714285715,0.5269285714285714,5.766,1.684,1.434,0.656,8.884,0.316,0.118,1.044,3.9348753474538425,1.31306663958841,1.165179814449255,0.8542037227734377,4.480908836385761,0.5728385461890635,0.35787707386755024,1.0089915757824741
3908809,Donovan Mitchell,CLE,2026-05-07,0.0,2.0,3.0,6.0,12.0,23,4,2,4,10,1,0,3,9,19,,1,2,,1,3,3,-7,35.0,0.6571428571428571,0.11428571428571428,0.05714285714285714,0.11428571428571428,0.2857142857142857,0.5428571428571428,0.05714285714285714,0.08571428571428572,0.6537142857142857,0.0,37.0,3.464101615137754,23.0,4.0,1.6666666666666667,2.6666666666666665,9.666666666666666,0.3333333333333333,0.3333333333333333,2.6666666666666665,9.666666666666666,21.666666666666668,,1.0,1.3333333333333333,,1.0,3.0,2.6666666666666665,-1.0,0.6236933797909407,0.03613628477341976,0.1073170731707317,0.01909712837079404,0.044831591173054595,0.014689348900128043,0.07340301974448316,0.03565148440037104,0.262253193960511,0.02136923694700481,0.5828106852497096,0.0466968289268325,0.03809523809523809,0.03299144395369285,0.07200929152148665,0.01432108027112513,0.671581881533101,0.030947583767292834,35.8,3.6331804249169903,21.6,4.6,2.2,3.0,9.2,0.6,0.4,2.8,8.4,21.2,,1.8,2.0,,0.6,4.0,3.0,-4.0,0.604904781143963,0.04437743530578591,0.1290807408510005,0.03271929823467311,0.062470009629726396,0.026870264113281788,0.08501827217798893,0.03007549317022413,0.2544748457573005,0.06053325881994821,0.5890935602343942,0.04920222541036517,0.05738199028521609,0.03846050618314904,0.07773042234096522,0.020036229897616713,0.6920720583008546,0.06773921283892662,34.8,3.04776785350999,25.4,5.1,3.3,2.7,8.1,0.7,0.3,2.7,10.1,21.1,,2.5,2.9,,1.0,4.1,2.7,2.1,0.7359367672821646,0.22643530765018594,0.1464700420325912,0.03976200348760608,0.09635304283612703,0.045772181217364316,0.07817122465430884,0.037111920751999164,0.23069790891978145,0.06084196271687894,0.6058138159003619,0.09224105108314608,0.08626871530097338,0.0760270447587535,0.07836724357574082,0.029012759103924226,0.722139294208531,0.1236147460268982,,,,DET,False,35.546,23.28745,4.66646,2.64391,3.0240799999999997,0.7617,0.2539,2.7929,30.59782,27.95391,25.931359999999998,7.31037,1.0156,16.322,4.786,2.362,2.212,23.47,0.69,0.222,1.856,6.238134015873657,2.114758615066977,1.5833369824519352,1.564306875264569,6.8282574643901635,0.8354040938372279,0.4612114482534015,1.3004860629779929
3912848,Dean Wade,CLE,2026-05-07,0.0,2.0,3.0,6.0,11.0,5,3,1,1,2,1,0,0,2,3,,0,0,,1,2,1,-4,28.0,0.17857142857142858,0.10714285714285714,0.03571428571428571,0.03571428571428571,0.07142857142857142,0.10714285714285714,0.0,0.0,0.10714285714285714,0.0,25.666666666666668,4.041451884327379,6.666666666666667,4.0,0.6666666666666666,1.3333333333333333,3.6666666666666665,1.0,0.0,1.3333333333333333,2.6666666666666665,5.333333333333333,,0.0,0.0,,1.6666666666666667,2.3333333333333335,1.6666666666666667,0.0,0.25793650793650796,0.09092412093166362,0.15873015873015875,0.04507070115714505,0.027777777777777776,0.02478173808888253,0.05158730158730159,0.018184824186332722,0.14285714285714285,0.0714285714285714,0.21031746031746032,0.09246968410897653,0.0,0.0,0.05555555555555555,0.04956347617776506,0.26587301587301587,0.13797887818026752,25.2,3.8340579025361627,6.8,4.0,0.6,1.2,4.0,0.8,0.0,0.8,2.8,6.2,,0.0,0.0,,1.2,2.8,1.6,3.0,0.2714285714285714,0.07309562587147027,0.1595238095238095,0.034297286406876036,0.026190476190476188,0.024397501823713325,0.047619047619047616,0.01458029608799512,0.16428571428571428,0.08601138984851639,0.2571428571428571,0.1394941460422098,0.0,0.0,0.03333333333333333,0.04641330640385221,0.29047619047619044,0.1473980680883928,23.7,4.001388647846035,5.8,4.0,0.7,1.2,3.3,1.0,0.1,0.5,2.3,4.7,,0.0,0.2,,1.4,2.6,1.4,3.3,0.24663727150939424,0.08698520993001732,0.17008447647833838,0.03437389333002391,0.030538302277432712,0.031128662557195062,0.05168039547834944,0.018979706474238377,0.13990268043976484,0.07053798583533703,0.19998643726265208,0.11943760099907509,0.00909090909090909,0.02874797872880345,0.02023809523809524,0.03551531878613404,0.22422453250074734,0.1310716223185034,,,,DET,False,25.255249999999997,6.094884673366834,4.052833919597989,0.6607324120603014,1.1693183417085424,1.1421972361809045,0.0,0.6345540201005024,10.808451005025125,10.147718592964823,6.755617085427136,4.713566331658291,1.1421972361809045,8.356,4.182,1.06,1.192,13.598,0.8,0.06,0.762,4.508798509581017,2.029008624920062,1.0258654882585727,0.9752620160756801,4.946149613588331,0.9316651759081693,0.25,0.8771294089243616
3934723,Thomas Bryant,CLE,2026-05-07,0.0,2.0,3.0,6.0,9.0,4,0,0,0,2,1,0,0,1,4,,2,2,,0,0,1,-3,10.0,0.4,0.0,0.0,0.0,0.2,0.4,0.2,0.0,0.488,0.0,5.666666666666667,5.131601439446876,1.3333333333333333,0.6666666666666666,0.0,0.0,1.0,0.3333333333333333,0.0,0.0,0.3333333333333333,1.6666666666666667,,0.6666666666666666,0.6666666666666666,,0.3333333333333333,0.3333333333333333,0.6666666666666666,-3.3333333333333335,0.2,0.28284271247461906,0.14285714285714288,0.20203050891044214,0.0,0.0,0.0,0.0,0.1714285714285714,0.04040610178208844,0.27142857142857146,0.18182745801939793,0.1,0.14142135623730953,0.0,0.0,0.3154285714285715,0.24405285476381414,4.4,4.393176527297758,0.8,0.4,0.2,0.0,0.6,0.4,0.0,0.2,0.2,1.0,,0.4,0.4,,0.2,0.2,0.6,-2.2,0.13333333333333333,0.23094010767585033,0.09523809523809525,0.1649572197684645,0.06666666666666667,0.11547005383792516,0.0,0.0,0.11428571428571427,0.10301575072754256,0.18095238095238098,0.20270282527421674,0.06666666666666667,0.11547005383792516,0.06666666666666667,0.11547005383792516,0.276952380952381,0.18499229621760988,8.125,8.675704993996575,3.0,2.0,0.375,0.375,1.125,0.25,0.25,0.125,1.125,2.25,,0.375,0.375,,0.375,1.625,0.875,-0.5,0.3587912087912088,0.3803872781032943,0.20299145299145302,0.16694786352429133,0.046153846153846156,0.08140773264814126,0.024725274725274724,0.038343618290918466,0.15024420024420024,0.11388593943405144,0.2830891330891331,0.23843091768611543,0.08888888888888889,0.14401645996461912,0.03333333333333333,0.08164965809277261,0.35553357753357756,0.26148390938100863,,,,DET,False,7.3875,1.9931,0.8278999999999999,0.2353,0.030000000000000006,0.5910000000000001,0.29550000000000004,0.29550000000000004,3.0563,2.8209999999999997,2.2284,1.0632,0.8865000000000001,1.572,0.872,0.314,0.18,2.758,0.298,0.122,0.23,1.9821241131674878,0.967272453861889,0.532357023058774,0.42379240200834184,2.252872832629485,0.5414757612303619,0.33334066658600175,0.47444704657105835
4065778,Max Strus,CLE,2026-05-07,0.0,2.0,3.0,6.0,14.0,19,5,2,4,8,1,0,1,7,13,,1,1,,1,4,3,-9,28.0,0.6785714285714286,0.17857142857142858,0.07142857142857142,0.14285714285714285,0.2857142857142857,0.4642857142857143,0.03571428571428571,0.03571428571428571,0.5157142857142857,0.0,26.333333333333332,5.686240703077328,12.333333333333334,6.0,3.3333333333333335,2.6666666666666665,6.666666666666667,1.0,0.3333333333333333,1.6666666666666667,4.333333333333333,9.666666666666666,,1.0,1.0,,2.0,4.0,2.3333333333333335,2.3333333333333335,0.4552227342549924,0.19826734844238242,0.22887864823348694,0.04375352977410845,0.12757296466973886,0.04894908084231914,0.10245775729646696,0.03922829387029151,0.247926267281106,0.04374726004168047,0.3622887864823349,0.08905055499529943,0.03341013824884793,0.0323197238228238,0.060829493087557605,0.0319380106859731,0.43781874039938556,0.08330161146678126,25.4,4.722287581247037,9.2,5.8,2.4,1.6,5.4,0.8,0.2,1.2,3.0,7.6,,1.6,1.8,,1.8,4.0,2.6,-1.6,0.34191670933606416,0.22684079469065693,0.23362348523638846,0.07270551943938647,0.09135859361665813,0.0659007099475379,0.061474654377880175,0.06259957770667064,0.211189622802526,0.08276619856911617,0.29462194913807815,0.1164541205327471,0.06872333162655743,0.05666023328672811,0.046021505376344085,0.034707469122809524,0.3708817204301075,0.1162036617415513,24.5,4.034572812303402,10.3,5.0,2.0,1.9,5.5,0.5,0.1,1.2,3.5,8.1,,1.4,1.6,,1.4,3.6,2.7,-4.2,0.4151240923120306,0.29164445814459283,0.20866885893183226,0.07245570679146753,0.07943998056901283,0.061464931093105746,0.0757515722031851,0.06429730622672518,0.226903494666468,0.07890471560113413,0.3350881329983714,0.11755324807465069,0.06427619572780863,0.05955676434711203,0.048295652973072326,0.03232369882152253,0.4116653120916796,0.13338122552669135,,,,DET,False,25.753500000000003,11.624848529411764,5.337569117647059,2.3794205882352943,2.2994205882352943,0.6312132352941177,0.12624264705882354,1.3886691176470591,19.34183823529412,16.962417647058825,14.004269117647059,7.716989705882353,0.7574558823529411,11.286,4.45,1.982,1.766,17.718,0.558,0.134,1.146,5.302094303197558,2.1437117343523595,1.374654865775406,1.3188040036335953,5.849656058265307,0.7145879931820853,0.3578323629857981,1.0510394854618927
4066328,Jarrett Allen,CLE,2026-05-07,0.0,2.0,3.0,6.0,12.0,2,3,1,0,0,0,1,1,1,4,,0,0,,1,2,4,4,18.0,0.1111111111111111,0.16666666666666666,0.05555555555555555,0.0,0.0,0.2222222222222222,0.0,0.05555555555555555,0.2777777777777778,0.0,28.333333333333332,8.9628864398325,12.666666666666666,9.666666666666666,1.3333333333333333,0.0,0.0,1.0,2.0,1.3333333333333333,4.666666666666667,7.666666666666667,,3.3333333333333335,6.666666666666667,,4.0,5.666666666666667,2.6666666666666665,8.333333333333334,0.39651416122004357,0.27809158232771686,0.3161021984551396,0.225721407345533,0.04852446028916616,0.016743603246038515,0.0,0.0,0.0,0.0,0.26361655773420484,0.060729236883513574,0.20023767082590616,0.21311748941117897,0.04882154882154882,0.04582712992867408,0.40054268171915236,0.18302905708796316,27.4,6.5038450166036395,10.0,9.4,1.0,0.0,0.0,0.8,2.2,1.4,3.8,6.6,,2.4,5.2,,3.6,5.8,2.4,7.0,0.33213071895424834,0.23277236901863313,0.3247724301841949,0.22210269322011653,0.03711467617349971,0.02417162748486004,0.0,0.0,0.0,0.0,0.2352069716775599,0.05817882807179682,0.16577223212517328,0.15974136292779162,0.053292929292929295,0.05373593071655587,0.36143968310556546,0.14488075342800605,27.0,4.521553322083512,11.1,7.8,0.8,0.0,0.0,1.2,1.9,1.3,4.2,6.9,,2.7,5.0,,2.4,5.4,2.0,5.3,0.3951059051383595,0.17719026465315296,0.27835703737326456,0.16870296051417832,0.030403491932903697,0.022755055511719923,0.0,0.0,0.0,0.0,0.2525610455204776,0.046641664419045735,0.17165231538051012,0.1355325878635372,0.04883744607882538,0.0477036649973856,0.3769255103667274,0.12759734713856186,,,,DET,False,26.473499999999998,9.958075,7.765787499999998,0.9387624999999999,0.0,1.1030624999999998,2.0835624999999998,0.9804999999999998,18.662624999999995,17.723862499999996,10.896837499999998,8.704549999999998,3.1866249999999994,7.03,5.566,1.3,0.508,13.896,0.766,0.72,0.916,4.044885659694226,2.3094683370853994,1.1941524190822543,0.7112917826040169,4.803871771810734,0.878204987460217,0.844748483277715,0.9449571418852815
4066757,Sam Merrill,CLE,2026-05-07,0.0,2.0,3.0,6.0,12.0,0,0,1,0,0,0,0,1,0,0,,0,0,,0,0,0,-10,7.0,0.0,0.0,0.14285714285714285,0.0,0.0,0.0,0.0,0.14285714285714285,0.14285714285714285,0.0,16.0,8.18535277187245,5.0,1.3333333333333333,1.3333333333333333,1.0,3.3333333333333335,0.3333333333333333,0.0,0.6666666666666666,1.6666666666666667,4.333333333333333,,0.6666666666666666,0.6666666666666666,,0.6666666666666666,0.6666666666666666,2.3333333333333335,0.0,0.22544283413848634,0.299451969480966,0.061996779388083734,0.06545552040806009,0.09512307338394295,0.04422003178051447,0.043478260869565216,0.07530655685082073,0.15700483091787443,0.1524037831337909,0.2085346215780998,0.18396115813464864,0.028985507246376812,0.0502043712338805,0.06613756613756613,0.07201406131648781,0.28742581090407177,0.1279484701961045,18.0,6.557438524302001,7.6,1.0,1.2,1.6,3.8,0.4,0.0,0.8,2.4,5.0,,1.2,1.4,,0.4,0.6,1.8,4.6,0.36089499110094075,0.3068573716536476,0.04589371980676328,0.05352299470087037,0.07446514837819186,0.052182767149217046,0.07505720823798627,0.07303679649187295,0.1852784134248665,0.15170731138493612,0.24594457157386218,0.18512818733077221,0.06270022883295194,0.07231990215149925,0.05707384403036577,0.0607636843216156,0.33060651629072685,0.12972665877930065,20.4,5.853773711604051,8.0,1.5,1.4,1.7,4.3,0.7,0.0,0.5,2.5,5.6,,1.3,1.6,,0.6,0.9,1.7,2.4,0.3526697177726926,0.2576354154746252,0.0708040027605245,0.0695373130043694,0.0700103519668737,0.04548623375670393,0.07453918612957514,0.05547135355344117,0.19343285750608405,0.1297323904003706,0.2513849841996295,0.17798017711350597,0.06968344774980931,0.07543119010650734,0.03353692201518288,0.04978706693826311,0.3155826232247285,0.16948347172133948,,,,DET,False,17.06825,5.946754026845637,1.3135057046979863,1.1185808724832214,1.2360432885906039,0.3436560402684563,0.0,0.5727600671140939,8.378840604026845,7.2602597315436235,7.0653348993288585,2.4320865771812077,0.3436560402684563,7.234,1.73,1.208,1.24,10.172,0.328,0.044,0.63,4.385800269050108,1.2381841543163117,1.0866167677704959,1.0836973747315253,4.799834997163965,0.5625086665999023,0.25,0.8155366331440913
4278046,Olivier Sarr,CLE,2026-05-07,0.0,25.0,0.0,0.0,6.0,10,6,2,1,2,2,1,2,4,6,,1,3,,2,4,5,18,24.0,0.4166666666666667,0.25,0.08333333333333333,0.041666666666666664,0.08333333333333333,0.25,0.125,0.08333333333333333,0.38833333333333336,0.0,11.333333333333334,12.055427546683417,4.333333333333333,3.6666666666666665,1.6666666666666667,0.6666666666666666,1.0,0.6666666666666666,1.0,0.6666666666666666,1.6666666666666667,2.3333333333333335,,0.3333333333333333,1.0,,0.6666666666666666,3.0,2.3333333333333335,9.666666666666666,0.35833333333333334,0.08249579113843056,0.375,0.1767766952966369,0.19166666666666665,0.15320646925708528,0.07083333333333333,0.04124789556921528,0.09166666666666667,0.011785113019775804,0.175,0.10606601717798214,0.0625,0.08838834764831845,0.041666666666666664,0.05892556509887896,0.2441666666666667,0.2038824552421212,7.0,10.392304845413264,2.6,2.2,1.0,0.4,0.6,0.4,0.6,0.4,1.0,1.4,,0.2,0.6,,0.4,1.8,1.4,6.6,0.2388888888888889,0.21495046802392337,0.25,0.25,0.12777777777777777,0.15485955405295948,0.04722222222222222,0.0502309481111809,0.061111111111111116,0.053575837561071975,0.11666666666666665,0.12583057392117916,0.041666666666666664,0.07216878364870323,0.027777777777777776,0.048112522432468816,0.1627777777777778,0.2016345245276252,7.0,10.392304845413264,2.6,2.2,1.0,0.4,0.6,0.4,0.6,0.4,1.0,1.4,,0.2,0.6,,0.4,1.8,1.4,6.6,0.2388888888888889,0.21495046802392337,0.25,0.25,0.12777777777777777,0.15485955405295948,0.04722222222222222,0.0502309481111809,0.061111111111111116,0.053575837561071975,0.11666666666666665,0.12583057392117916,0.041666666666666664,0.07216878364870323,0.027777777777777776,0.048112522432468816,0.1627777777777778,0.2016345245276252,,,,DET,False,10.85,4.23,3.2099999999999995,1.3499999999999999,0.5700000000000001,0.23869999999999997,0.19529999999999997,0.6509999999999999,8.79,7.4399999999999995,5.58,4.56,0.43399999999999994,3.828,2.316,1.14,0.518,7.284,0.238,0.148,0.546,3.2800024390234834,1.563375834532439,1.018037327409953,0.7414013757742833,3.8407478438449982,0.4830693531988963,0.376956230880987,0.6722231772261352
4431734,Tristan Enaruna,CLE,2026-05-07,0.0,25.0,0.0,0.0,5.0,15,3,3,2,3,3,0,1,4,6,,5,6,,2,1,2,8,28.0,0.5357142857142857,0.10714285714285714,0.10714285714285714,0.07142857142857142,0.10714285714285714,0.21428571428571427,0.21428571428571427,0.03571428571428571,0.3442857142857143,0.0,17.0,9.539392014169456,8.0,1.6666666666666667,1.3333333333333333,0.6666666666666666,1.6666666666666667,1.3333333333333333,0.0,0.3333333333333333,2.6666666666666665,4.0,,2.0,2.3333333333333335,,0.6666666666666666,1.0,0.6666666666666666,11.666666666666666,0.43362193362193363,0.21936440114765743,0.0937950937950938,0.012164296753309784,0.06349206349206349,0.05625970983634057,0.023809523809523808,0.041239304942116126,0.0937950937950938,0.012164296753309784,0.24314574314574314,0.0797739696518614,0.0992063492063492,0.10802109197473174,0.011904761904761904,0.020619652471058063,0.29870129870129875,0.10203701966288145,12.75,11.528949070347508,6.0,1.25,1.0,0.5,1.25,1.0,0.0,0.25,2.0,3.0,,1.5,1.75,,0.5,0.75,0.5,8.75,0.43362193362193363,0.21936440114765743,0.0937950937950938,0.012164296753309784,0.06349206349206349,0.05625970983634057,0.023809523809523808,0.041239304942116126,0.0937950937950938,0.012164296753309784,0.24314574314574314,0.0797739696518614,0.0992063492063492,0.10802109197473174,0.011904761904761904,0.020619652471058063,0.29870129870129875,0.10203701966288145,12.75,11.528949070347508,6.0,1.25,1.0,0.5,1.25,1.0,0.0,0.25,2.0,3.0,,1.5,1.75,,0.5,0.75,0.5,8.75,0.43362193362193363,0.21936440114765743,0.0937950937950938,0.012164296753309784,0.06349206349206349,0.05625970983634057,0.023809523809523808,0.041239304942116126,0.0937950937950938,0.012164296753309784,0.24314574314574314,0.0797739696518614,0.0992063492063492,0.10802109197473174,0.011904761904761904,0.020619652471058063,0.29870129870129875,0.10203701966288145,,,,DET,False,16.3125,7.95,1.6375,1.3999999999999997,0.775,0.358875,0.29362499999999997,0.97875,10.9875,9.5875,9.35,3.0374999999999996,0.6525,6.402,1.968,1.33,0.828,9.7,0.34,0.168,0.828,4.010036907560827,1.3881556108736515,1.1615076409563563,0.952058821712188,4.512870483406321,0.6069596362197407,0.39468468427340825,0.9068715454792923
4432158,Evan Mobley,CLE,2026-05-07,0.0,2.0,3.0,6.0,13.0,14,9,5,2,5,0,2,1,6,11,,0,0,,3,6,3,-18,35.0,0.4,0.2571428571428571,0.14285714285714285,0.05714285714285714,0.14285714285714285,0.3142857142857143,0.0,0.02857142857142857,0.34285714285714286,0.0,34.333333333333336,7.02376916856849,17.666666666666668,10.0,4.0,2.0,4.666666666666667,0.3333333333333333,1.0,2.6666666666666665,6.666666666666667,11.0,,2.3333333333333335,4.0,,2.6666666666666665,7.333333333333333,3.3333333333333335,-8.333333333333334,0.5052092743149653,0.11886287654157215,0.28595517701208756,0.04808318960312213,0.12139200757086936,0.041844560801602024,0.05578354196240375,0.018105158821482743,0.12922097474943003,0.049750711819338676,0.3131328773605196,0.053306549917018525,0.11442336645588679,0.10183891514087545,0.08329676947563125,0.06042806009501173,0.4467759280767411,0.0937164749301411,33.6,5.079370039680119,16.8,9.6,3.2,1.8,4.0,0.6,1.4,1.8,6.4,11.4,,2.2,4.0,,2.8,6.8,3.6,-8.0,0.49251950398291866,0.1798300926410581,0.28236856075270705,0.03448471874012695,0.09764581060312767,0.04935536330393313,0.05165194335926043,0.03505656414814537,0.1144644030314762,0.040581631010213656,0.3354176052041905,0.051641147288551764,0.11713886835838057,0.11200713209545311,0.05622806168537875,0.057634070228572865,0.44318676896725684,0.07992279407418657,32.5,5.082650227325635,17.3,9.4,3.3,1.1,3.1,0.5,1.3,1.9,6.6,11.9,,3.0,4.7,,2.7,6.7,2.5,-4.1,0.5255526812843886,0.15134896853580723,0.2848711490632222,0.09525020228606582,0.1010956325742911,0.055362945512946286,0.031886577740236274,0.03320722129411144,0.08980795909149568,0.047640190414207355,0.3699815298748226,0.08179730167011541,0.13786236347211958,0.10851624124881044,0.06422514195380048,0.05767721407099477,0.49486611175635564,0.110584174170278,,,,DET,False,33.65775,17.360590449438202,9.05484213483146,3.685426404494382,1.5319893258426964,0.6302949438202248,1.1345308988764045,1.7648258426966292,30.100858988764045,26.415432584269663,21.046016853932585,12.740268539325843,1.7648258426966292,13.412,6.554,2.892,1.698,22.858,0.63,0.508,1.424,5.3071890865127465,2.5461900950243286,1.68176573874009,1.2941390960789338,6.015798866318587,0.783007024234138,0.6942161046821083,1.1349995594712803
4683747,Jaylon Tyson,CLE,2026-05-07,0.0,2.0,3.0,6.0,11.0,0,5,1,0,0,0,0,1,0,1,,0,0,,0,5,2,9,18.0,0.0,0.2777777777777778,0.05555555555555555,0.0,0.0,0.05555555555555555,0.0,0.05555555555555555,0.1111111111111111,0.0,17.666666666666668,1.5275252316519465,4.0,6.0,2.6666666666666665,0.6666666666666666,2.6666666666666665,0.0,0.0,1.0,1.6666666666666667,5.0,,0.0,0.0,,1.3333333333333333,4.666666666666667,2.0,7.333333333333333,0.22697368421052633,0.19854365017529726,0.3338206627680312,0.12191907245471631,0.15119395711500974,0.08362165206658324,0.03837719298245615,0.03359989790799239,0.15679824561403508,0.15625288547658864,0.283869395711501,0.1990618457261524,0.0,0.0,0.06018518518518518,0.06262846878920687,0.34405458089668617,0.20556061595539088,17.4,3.0495901363953797,5.8,4.8,2.0,0.8,2.6,0.0,0.0,1.0,2.2,5.2,,0.6,1.2,,1.2,3.6,2.2,2.2,0.3449754193175246,0.22400994207594738,0.26329606066448175,0.14143872302950583,0.1214856050382366,0.0900539800462727,0.05379554655870446,0.06299834920059182,0.16514121843069213,0.14419692932560382,0.3043875714928347,0.14773237378802598,0.05714285714285714,0.12777531299998798,0.055158730158730164,0.056056415721237665,0.384689158794422,0.1615103389074937,17.9,4.653553003411002,8.0,3.8,2.2,1.1,3.5,0.6,0.2,1.1,3.0,7.4,,0.9,1.4,,1.0,2.8,2.3,-0.5,0.4247541931752458,0.25918250201486187,0.20055828674249726,0.12860035290713706,0.12525745453377032,0.0766111639758863,0.0655195681511471,0.06898561682660097,0.19877940042413728,0.11976623222078125,0.39438700918964076,0.17436248778068208,0.06657509157509157,0.09906870323271803,0.05546398046398047,0.05712401504853653,0.47914402994666155,0.19863940104347294,,,,DET,False,17.129250000000003,5.676533720930233,4.226786046511628,2.1107348837209305,0.9173674418604651,0.2655697674418605,0.0,0.7967093023255815,12.014054651162791,9.903319767441861,7.787268604651164,6.337520930232559,0.2655697674418605,6.366,3.56,1.826,0.924,11.752,0.248,0.044,0.736,4.2506521852534584,1.9479219696897512,1.3666469917282957,1.0011113824145643,4.783983277562747,0.48424787041348977,0.25,0.845165072633743
4701233,Craig Porter Jr.,CLE,2026-05-07,0.0,2.0,3.0,6.0,15.0,0,0,0,0,0,0,0,0,0,0,,0,0,,0,0,0,0,0.0,,,,,,,,,,0.0,0.0,0.0,0.0,0.0,0.0,0.0,0.0,0.0,0.0,0.0,0.0,0.0,,0.0,0.0,,0.0,0.0,0.0,0.0,,,,,,,,,,,,,,,,,,,0.0,0.0,0.0,0.0,0.0,0.0,0.0,0.0,0.0,0.0,0.0,0.0,,0.0,0.0,,0.0,0.0,0.0,0.0,,,,,,,,,,,,,,,,,,,5.0,9.637888196533975,1.3,1.2,0.7,0.1,0.2,0.0,0.1,0.3,0.5,0.9,,0.2,0.2,,0.6,0.6,0.3,0.9,0.15073529411764705,0.17905581855714586,0.13602941176470587,0.15810248453794254,0.07983193277310924,0.09319778576814634,0.008928571428571428,0.017857142857142853,0.09226190476190477,0.16159371381545506,0.172093837535014,0.13622968234462396,0.029411764705882353,0.05882352941176471,0.03256302521008403,0.03795104735249083,0.21759803921568627,0.14901706009173996,,,,DET,False,6.075,0.26,0.24,0.13999999999999999,0.020000000000000004,0.13365,0.10934999999999999,0.3645,0.64,0.5,0.4,0.38,0.243,0.642,0.552,0.416,0.072,1.61,0.128,0.062,0.308,1.2238611032302644,0.792020201762556,0.6220482296414,0.26611275805567836,1.655868352255094,0.34585546113947657,0.25,0.5559999999999999
4702177,Keon Ellis,CLE,2026-05-07,0.0,2.0,3.0,6.0,15.0,3,3,0,1,3,2,0,0,1,4,,0,0,,1,2,1,-5,11.0,0.2727272727272727,0.2727272727272727,0.0,0.09090909090909091,0.2727272727272727,0.36363636363636365,0.0,0.0,0.36363636363636365,0.0,3.6666666666666665,6.3508529610858835,1.0,1.0,0.0,0.3333333333333333,1.0,0.6666666666666666,0.0,0.0,0.3333333333333333,1.3333333333333333,,0.0,0.0,,0.3333333333333333,0.6666666666666666,0.3333333333333333,-1.6666666666666667,0.2727272727272727,,0.2727272727272727,,0.0,,0.09090909090909091,,0.2727272727272727,,0.36363636363636365,,0.0,,0.0,,0.36363636363636365,,3.0,4.795831523312723,0.6,1.0,0.2,0.2,0.8,0.4,0.0,0.0,0.2,1.0,,0.0,0.0,,0.4,0.6,0.2,-1.6,0.13636363636363635,0.1928473039599675,0.38636363636363635,0.16070608663330627,0.12500000000000003,0.1767766952966369,0.045454545454545456,0.0642824346533225,0.26136363636363635,0.01607060866333061,0.3068181818181818,0.08035304331665313,0.0,0.0,0.0,0.0,0.3068181818181818,0.08035304331665313,7.3,7.424434134816084,0.8,1.5,0.1,0.2,1.1,0.5,0.1,0.3,0.3,1.4,,0.0,0.1,,0.3,1.2,0.7,-3.8,0.09633173843700159,0.11813693302050735,0.23288144603934077,0.16432858355536242,0.041666666666666664,0.10206207261596575,0.026262626262626265,0.04140182127660444,0.18985025695552013,0.1635096853062483,0.22254563175615805,0.16962823701144636,0.011111111111111112,0.027216552697590858,0.03840155945419103,0.04628634344642183,0.26583608009923804,0.18015158804680026,,,,DET,False,8.98,1.0466666666666669,1.7573333333333334,0.13577777777777778,0.3435555555555555,0.8314814814814815,0.1662962962962963,0.3325925925925926,2.939777777777778,2.8040000000000003,1.1824444444444446,1.8931111111111112,0.9977777777777778,1.144,1.034,0.184,0.21,2.362,0.232,0.088,0.178,1.6221171351046137,1.0699738314557043,0.41248515124789653,0.4264973622427225,2.0295211257831243,0.5159224747963593,0.2902688409044278,0.4269847772462152
5023693,Tyrese Proctor,CLE,2026-05-07,0.0,2.0,3.0,6.0,15.0,0,0,0,0,0,0,0,0,0,0,,0,0,,0,0,0,0,0.0,,,,,,,,,,0.0,0.0,0.0,0.0,0.0,0.0,0.0,0.0,0.0,0.0,0.0,0.0,0.0,,0.0,0.0,,0.0,0.0,0.0,0.0,,,,,,,,,,,,,,,,,,,0.0,0.0,0.0,0.0,0.0,0.0,0.0,0.0,0.0,0.0,0.0,0.0,,0.0,0.0,,0.0,0.0,0.0,0.0,,,,,,,,,,,,,,,,,,,5.0,11.195237082497776,3.9,1.2,1.2,0.6,1.2,0.2,0.0,1.0,1.4,2.4,,0.5,0.5,,0.1,1.1,0.3,1.9,0.8484126984126984,0.34830601830647573,0.13253968253968254,0.16281838395182313,0.1873015873015873,0.17045579376074663,0.09365079365079365,0.08522789688037333,0.1873015873015873,0.17045579376074665,0.3746031746031746,0.3409115875214933,0.3055555555555556,0.3367876570272817,0.15,0.13228756555322954,0.6590476190476191,0.3666703772230309,,,,DET,False,6.25,0.78,0.24,0.24,0.12,0.13749999999999998,0.11249999999999999,0.375,1.26,1.02,1.02,0.48,0.24999999999999997,1.696,0.614,0.55,0.284,2.86,0.116,0.056,0.298,2.0178166418185772,0.7543235380127019,0.7426304599193331,0.5434556099627641,2.3204309944490915,0.32641078413557356,0.25,0.545156858161025
5106268,Nae'Qwan Tomlin,CLE,2026-05-07,0.0,2.0,3.0,6.0,15.0,0,0,0,0,0,0,0,0,0,0,,0,0,,0,0,0,0,0.0,,,,,,,,,,0.0,0.0,0.0,0.0,0.0,0.0,0.0,0.0,0.0,0.0,0.0,0.0,0.0,,0.0,0.0,,0.0,0.0,0.0,0.0,,,,,,,,,,,,,,,,,,,0.0,0.0,0.0,0.0,0.0,0.0,0.0,0.0,0.0,0.0,0.0,0.0,,0.0,0.0,,0.0,0.0,0.0,0.0,,,,,,,,,,,,,,,,,,,6.0,12.064640713902572,3.2,1.4,0.7,0.4,0.8,0.1,0.1,0.3,1.2,2.2,,0.4,0.4,,0.8,0.6,0.6,1.1,0.48318713450292394,0.45900146699653266,0.2046783625730994,0.14395945760340548,0.13121345029239764,0.1464051906181975,0.02777777777777778,0.05555555555555555,0.05555555555555556,0.1111111111111111,0.37207602339181284,0.12806383332316698,0.02777777777777778,0.05555555555555555,0.14510233918128654,0.23757309941520469,0.5294005847953216,0.33209439525049733,,,,DET,False,6.075,0.6400000000000001,0.27999999999999997,0.13999999999999999,0.08000000000000002,0.13365,0.10934999999999999,0.3645,1.06,0.9200000000000002,0.7800000000000001,0.41999999999999993,0.243,1.43,0.692,0.364,0.192,2.486,0.15,0.068,0.304,1.8256779562672054,0.8678340855255686,0.5995865241981344,0.4462465686142584,2.1094558540059567,0.3840572873934304,0.25174590364095295,0.5509845732867664
5177362,Riley Minix,CLE,2026-05-07,0.0,25.0,0.0,0.0,6.0,12,1,1,1,5,1,1,1,5,9,,1,1,,0,1,2,16,25.0,0.48,0.04,0.04,0.04,0.2,0.36,0.04,0.04,0.41759999999999997,0.0,11.0,12.767145334803704,5.333333333333333,0.3333333333333333,0.3333333333333333,0.3333333333333333,2.0,0.3333333333333333,0.3333333333333333,0.3333333333333333,2.0,3.6666666666666665,,1.0,1.0,,0.0,0.3333333333333333,0.6666666666666666,8.0,0.49,0.014142135623730963,0.02,0.0282842712474619,0.02,0.0282842712474619,0.02,0.0282842712474619,0.1625,0.05303300858899107,0.305,0.07778174593052022,0.145,0.14849242404917498,0.02,0.0282842712474619,0.3888,0.040729350596345124,6.8,10.709808588392232,3.2,0.2,0.2,0.2,1.2,0.2,0.2,0.2,1.2,2.2,,0.6,0.6,,0.0,0.2,0.4,5.6,0.32666666666666666,0.2830783166074953,0.013333333333333334,0.023094010767585032,0.013333333333333334,0.023094010767585032,0.013333333333333334,0.023094010767585032,0.10833333333333334,0.10103629710818451,0.20333333333333334,0.1844812546936228,0.09666666666666666,0.13428824718989124,0.013333333333333334,0.023094010767585032,0.2592,0.2263137644952246,6.8,10.709808588392232,3.2,0.2,0.2,0.2,1.2,0.2,0.2,0.2,1.2,2.2,,0.6,0.6,,0.0,0.2,0.4,5.6,0.32666666666666666,0.2830783166074953,0.013333333333333334,0.023094010767585032,0.013333333333333334,0.023094010767585032,0.013333333333333334,0.023094010767585032,0.10833333333333334,0.10103629710818451,0.20333333333333334,0.1844812546936228,0.09666666666666666,0.13428824718989124,0.013333333333333334,0.023094010767585032,0.2592,0.2263137644952246,,,,DET,False,10.79,5.16,0.36,0.36,0.36,0.23737999999999998,0.19421999999999998,0.6474,5.880000000000001,5.5200000000000005,5.5200000000000005,0.72,0.4316,3.64,0.566,0.398,0.394,4.604,0.198,0.104,0.482,2.8890136725187023,0.7547476399433125,0.6415574798878118,0.6832012880549918,2.9891778133794586,0.4275464887003517,0.30526054445342266,0.6794674385134287
6440,Tobias Harris,DET,2026-05-07,1.0,2.0,3.0,6.0,15.0,20,8,1,1,5,2,0,2,6,14,,7,8,,1,7,1,6,39.0,0.5128205128205128,0.20512820512820512,0.02564102564102564,0.02564102564102564,0.1282051282051282,0.358974358974359,0.20512820512820512,0.05128205128205128,0.5005128205128205,0.0,37.666666666666664,1.5275252316519452,24.0,9.0,1.0,2.6666666666666665,6.333333333333333,1.6666666666666667,0.3333333333333333,1.0,8.0,17.333333333333332,,5.333333333333333,6.666666666666667,,1.0,8.0,2.3333333333333335,14.0,0.6417004048582996,0.16922049141531792,0.23942869995501578,0.030424915899628972,0.027065527065527062,0.02780515854122954,0.07238716449242764,0.05915219355799749,0.16895336632178737,0.03565806293497966,0.46176338281601437,0.0899850974364429,0.17510121457489877,0.08103981050148737,0.02635327635327635,0.025670685599629782,0.5651611935822463,0.0650097110861753,35.8,3.1144823004794904,23.0,8.2,0.8,1.8,5.4,1.6,0.4,1.0,8.2,17.4,,4.8,6.4,,0.8,7.4,2.6,7.6,0.6476930539748876,0.1342356061657655,0.2295558374845302,0.039797283425750556,0.022690929142542043,0.02350570860757858,0.0498839115986824,0.05318888112098214,0.14929828707417842,0.040318203285767934,0.49032991909053036,0.08188547421632997,0.17879344763894847,0.06457058167474115,0.027977864429477327,0.018334110891549016,0.596976900481145,0.07932902801599778,33.3,5.735852159880002,20.3,7.5,1.1,1.7,4.8,1.6,0.6,1.1,7.3,15.2,,4.0,5.1,,1.1,6.4,2.2,6.2,0.6211708225748972,0.21806583100236637,0.22538078955566218,0.053051298879438595,0.032517713375098775,0.027707529539919007,0.055164709653674,0.059185526430995165,0.14115578893847144,0.0520301826081096,0.45499749543043266,0.11180788942452029,0.14915057815227595,0.06281648208231144,0.03198414752574345,0.023999409518278673,0.5526078973431774,0.1091901037151459,,,,CLE,True,36.1335,21.886577272727273,8.235295454545454,1.1380454545454546,1.6776545454545455,1.642431818181818,0.7580454545454546,1.263409090909091,31.259918181818183,30.121872727272727,23.024622727272728,9.37334090909091,2.4004772727272727,19.41,7.558,1.902,1.88,28.87,1.416,0.282,1.296,6.63520157945484,2.720778565043469,1.3162051511827477,1.3347658970770866,7.463852892441008,1.1640206183740904,0.5084053500898668,1.1629204615965787
2596112,Javonte Green,DET,2026-05-07,1.0,2.0,3.0,6.0,15.0,3,1,0,1,3,0,0,0,1,3,,0,0,,0,1,0,-4,3.0,1.0,0.3333333333333333,0.0,0.3333333333333333,1.0,1.0,0.0,0.0,1.0,0.0,9.666666666666666,5.859465277082313,2.0,1.3333333333333333,0.0,0.6666666666666666,2.6666666666666665,0.0,0.0,0.0,0.6666666666666666,2.6666666666666665,,0.0,0.0,,0.0,1.3333333333333333,1.0,-0.6666666666666666,0.4047619047619047,0.5265081997022854,0.1865079365079365,0.13059113231670105,0.0,0.0,0.1349206349206349,0.1755027332340951,0.4523809523809524,0.5067570631855419,0.4523809523809524,0.5067570631855419,0.0,0.0,0.0,0.0,0.45238095238095233,0.5067570631855419,12.2,5.449770637375484,3.2,2.2,0.2,0.8,3.0,0.4,0.4,0.0,1.2,3.4,,0.0,0.0,,0.0,2.2,1.4,2.0,0.3683473389355742,0.37587759253009306,0.1973949579831933,0.10945642937274738,0.013333333333333332,0.029814239699997188,0.1060504201680672,0.13027312260710266,0.36005602240896356,0.38131427447269944,0.3851540616246499,0.37158686648910216,0.0,0.0,0.0,0.0,0.3851540616246499,0.3715868664891022,13.9,6.522610247779983,3.9,2.3,0.4,0.9,2.7,0.8,0.5,0.3,1.1,2.9,,0.8,0.9,,0.3,2.0,1.1,1.5,0.36895627816343934,0.28438270058672216,0.1831177688466691,0.09240768990866606,0.03934782608695652,0.06480460707168305,0.08505419559127998,0.10086255830074012,0.26212946047984415,0.28275886727155597,0.27467848008768725,0.28214072784007777,0.10869565217391305,0.2515317494114466,0.013043478260869565,0.02934558946567621,0.33554804530507853,0.2780664800343659,,,,CLE,True,11.659999999999998,2.866535714285714,1.8363571428571428,0.24739285714285714,0.6987857142857142,0.624642857142857,0.5205357142857142,0.3123214285714285,4.950285714285713,4.7028928571428565,3.113928571428571,2.0837499999999998,1.1451785714285712,5.016,2.162,0.556,0.684,7.734,0.566,0.126,0.346,3.5230305136345326,1.5361497322852353,0.7581978633575803,0.8295444532995203,3.9297893073293384,0.7520930793459012,0.3551394092465662,0.5677006253299357
2991043,Caris LeVert,DET,2026-05-07,1.0,2.0,3.0,6.0,15.0,0,2,0,0,0,0,0,0,0,1,,0,0,,0,2,1,13,9.0,0.0,0.2222222222222222,0.0,0.0,0.0,0.1111111111111111,0.0,0.0,0.1111111111111111,0.0,4.666666666666667,4.509249752822888,0.0,0.6666666666666666,0.0,0.0,0.3333333333333333,0.0,0.0,0.0,0.0,1.0,,0.0,0.0,,0.0,0.6666666666666666,0.3333333333333333,2.6666666666666665,0.0,0.0,0.1111111111111111,0.15713484026367722,0.0,0.0,0.0,0.0,0.09999999999999998,0.14142135623730953,0.25555555555555554,0.20427529234278038,0.0,0.0,0.0,0.0,0.25555555555555565,0.20427529234278038,12.8,11.584472366059664,0.8,2.0,1.0,0.0,0.6,0.0,0.4,0.6,0.4,2.2,,0.0,0.0,,0.2,1.8,1.2,4.8,0.04,0.04618802153517079,0.13555555555555557,0.10046804049295387,0.05,0.06000000000000009,0.0,0.0,0.07000000000000002,0.08869423130433382,0.20777777777777778,0.13020401844702445,0.0,0.0,0.03,0.03829708431025353,0.23777777777777778,0.12082024194727303,11.5,8.708233651742088,2.5,1.7,0.9,0.2,0.8,0.2,0.4,0.6,0.9,2.9,,0.5,0.6,,0.3,1.4,0.9,1.1,0.2804761904761905,0.260433312393176,0.19410934744268077,0.22708935074158498,0.07222222222222223,0.09769567259835231,0.03571428571428571,0.08375742428256125,0.0901058201058201,0.08844710225156856,0.2711816578483245,0.1294506998554496,0.04656084656084655,0.09993699199172822,0.05698412698412699,0.08780905898027987,0.34865255731922395,0.1505065731090599,,,,CLE,True,10.494499999999999,1.2638267441860465,1.7142616279069764,0.6513046511627906,0.0892174418604651,0.0,0.36608720930232547,0.4881162790697673,3.629393023255813,2.9780883720930227,1.915131395348837,2.365566279069767,0.36608720930232547,3.118,2.212,1.236,0.282,6.566,0.034,0.128,0.496,2.7727379969986345,1.441893199928483,1.0827298832118746,0.5463295708635951,3.3653594161693934,0.25,0.3627891949879434,0.7224846019120407
3157465,Duncan Robinson,DET,2026-05-07,1.0,2.0,3.0,6.0,14.0,19,0,2,5,8,2,0,0,7,12,,0,1,,0,0,4,6,28.0,0.6785714285714286,0.0,0.07142857142857142,0.17857142857142858,0.2857142857142857,0.42857142857142855,0.03571428571428571,0.0,0.4442857142857143,0.0,33.333333333333336,4.618802153517007,14.333333333333334,3.6666666666666665,2.6666666666666665,3.6666666666666665,9.0,1.6666666666666667,0.0,1.0,5.333333333333333,12.0,,0.0,0.3333333333333333,,0.3333333333333333,3.3333333333333335,3.6666666666666665,15.0,0.44841269841269843,0.20692075911878857,0.10185185185185186,0.08929306260178661,0.07936507936507936,0.006873217490352687,0.11507936507936506,0.06160386784230171,0.2711640211640212,0.01875323661211346,0.3650793650793651,0.061603867842301735,0.011904761904761904,0.020619652471058063,0.027777777777777773,0.02777777777777779,0.3980952380952381,0.042344672658967596,30.8,4.969909455915671,12.4,3.0,1.8,3.0,7.8,1.2,0.0,1.0,4.4,10.4,,0.6,1.0,,0.4,2.6,3.0,5.8,0.41332348111658457,0.17559663767620307,0.09200766283524904,0.07129149979947873,0.05561904761904761,0.035789444725246804,0.09994417077175696,0.056931380084482085,0.2520777230432403,0.031557240573286405,0.3382200328407225,0.05910759153137463,0.036935960591133,0.03745139132430186,0.031563218390804594,0.020407728667851815,0.38603507389162567,0.03925139537786243,28.8,4.6139883927995395,11.9,2.6,2.2,2.8,6.9,0.9,0.2,1.0,4.1,9.3,,0.9,1.4,,0.4,2.2,2.7,6.1,0.42222742487397663,0.16369586632344793,0.08538320204699515,0.07187054120357556,0.07622048784548784,0.042395424506672504,0.09768374872254182,0.04275220051361102,0.23512977061252927,0.055621086629931656,0.3216106407959856,0.06468770020892159,0.05136633194391815,0.070303271832057,0.03426937143316454,0.020640124712545758,0.37848119828447413,0.08078911020682068,,,,CLE,True,30.480999999999998,12.4824275,2.6682524999999995,2.3158475,3.2128599999999996,1.0160333333333333,0.25400833333333334,1.0160333333333333,17.466527499999998,15.15068,14.798275,4.9841,1.2700416666666667,18.162,4.068,2.698,2.862,24.928,0.912,0.118,1.182,6.435196655891722,1.9553454937683008,1.658552380843005,1.5946648550714349,6.94599280160871,0.944593034062818,0.34069928089152174,1.07558170307978
4066372,Kevin Huerter,DET,2026-05-07,1.0,4.0,1.0,3.0,11.0,0,0,0,0,0,0,0,0,0,0,,0,0,,0,0,0,0,0.0,,,,,,,,,,0.0,6.0,7.937253933193776,0.0,0.6666666666666666,1.6666666666666667,0.0,0.3333333333333333,0.3333333333333333,0.0,0.0,0.0,0.6666666666666666,,0.0,0.0,,0.0,0.6666666666666666,0.3333333333333333,1.6666666666666667,0.0,0.0,0.2,0.18856180831641264,0.16666666666666669,0.2357022603955158,0.0,0.0,0.033333333333333326,0.04714045207910361,0.06666666666666665,0.0942809041582069,0.0,0.0,0.0,0.0,0.06666666666666665,0.0942809041582068,8.4,7.765307463326868,1.2,1.0,1.2,0.4,1.0,0.4,0.0,0.4,0.4,1.4,,0.0,0.0,,0.0,1.0,0.4,1.6,0.16666666666666663,0.2357022603955158,0.16944444444444443,0.11666666666666668,0.09722222222222222,0.15957118462605635,0.05555555555555556,0.07856742013183861,0.12777777777777777,0.14444444444444443,0.15833333333333335,0.13709958532503408,0.0,0.0,0.08333333333333333,0.16666666666666666,0.24166666666666664,0.2923404914871749,15.7,10.100055005350768,6.0,2.2,2.5,1.2,3.1,1.0,0.1,0.8,2.2,5.1,,0.4,0.4,,0.1,2.1,0.8,-0.6,0.33398569023569025,0.2630977194634411,0.16009399551066217,0.08063140633326224,0.13483866442199777,0.11096120795470696,0.07326459034792368,0.058752309583475,0.1826360830527497,0.11694049709924981,0.27956228956228957,0.15664995541339055,0.021212121212121213,0.04215281134316229,0.059814814814814814,0.11232531018716119,0.3487104377104377,0.22276841191964147,,,,CLE,True,8.875,1.4087142857142858,1.0299285714285715,1.3287142857142855,0.4055714285714286,0.4226190476190476,0.0,0.4226190476190476,3.7673571428571426,2.4386428571428573,2.7374285714285715,2.358642857142857,0.4226190476190476,4.164,1.6,1.576,0.77,7.34,0.442,0.024,0.442,3.279192583548578,1.3053735097664576,1.245882819529991,0.8631917515824626,3.6911244899081903,0.6531737900436606,0.25,0.680173507275901
4278562,Paul Reed,DET,2026-05-07,1.0,2.0,3.0,6.0,15.0,0,0,0,0,0,0,0,0,0,0,,0,0,,0,0,0,0,0.0,,,,,,,,,,0.0,4.333333333333333,5.859465277082316,2.0,2.0,0.0,0.0,0.6666666666666666,0.0,1.0,0.3333333333333333,0.6666666666666666,1.6666666666666667,,0.6666666666666666,0.6666666666666666,,1.0,1.0,1.0,0.6666666666666666,0.2727272727272726,0.385694607919935,0.2727272727272727,0.385694607919935,0.0,0.0,0.0,0.0,0.09090909090909091,0.128564869306645,0.4318181818181818,0.09642365197998375,0.09090909090909091,0.128564869306645,0.045454545454545456,0.0642824346533225,0.5172727272727273,0.02442732516826259,2.6,4.774934554525327,1.2,1.2,0.0,0.0,0.4,0.0,0.6,0.2,0.4,1.0,,0.4,0.4,,0.6,0.6,0.6,0.4,0.2727272727272727,0.38569460791993493,0.27272727272727276,0.38569460791993504,0.0,0.0,0.0,0.0,0.09090909090909091,0.128564869306645,0.43181818181818177,0.09642365197998398,0.09090909090909091,0.128564869306645,0.045454545454545456,0.0642824346533225,0.5172727272727272,0.024427325168262796,5.3,7.288499312082166,4.0,2.4,0.3,0.0,0.3,0.3,0.6,0.2,1.7,2.3,,0.6,0.6,,0.9,1.5,0.7,3.7,0.44978354978354984,0.4397531212720631,0.37207792207792206,0.3290753796600373,0.022727272727272724,0.05567022142689041,0.0,0.0,0.046969696969696974,0.077228151135604,0.36536796536796534,0.1870520642193891,0.0606060606060606,0.09389050536260406,0.03181818181818182,0.049376274960000986,0.42385281385281387,0.21349710325776006,,,,CLE,True,7.0375,2.738714285714286,2.811785714285714,0.024,0.0,0.0,1.0053571428571428,0.3351190476190476,5.5745,5.5504999999999995,2.762714285714286,2.835785714285714,1.0053571428571428,2.01,1.512,0.138,0.176,3.66,0.002,0.126,0.218,2.2507554287394265,1.2449321266639397,0.3618784326262066,0.41596153668338137,2.5535073918044566,0.25,0.3378224385679554,0.48422721939188834
4397882,Tolu Smith,DET,2026-05-07,1.0,2.0,3.0,6.0,15.0,0,0,0,0,0,0,0,0,0,0,,0,0,,0,0,0,0,0.0,,,,,,,,,,0.0,0.3333333333333333,0.5773502691896258,0.0,0.0,0.0,0.0,0.0,0.0,0.0,0.0,0.0,0.0,,0.0,0.0,,0.0,0.0,0.0,0.0,0.0,,0.0,,0.0,,0.0,,0.0,,0.0,,0.0,,0.0,,0.0,,0.2,0.4472135954999579,0.0,0.0,0.0,0.0,0.0,0.0,0.0,0.0,0.0,0.0,,0.0,0.0,,0.0,0.0,0.0,0.0,0.0,,0.0,,0.0,,0.0,,0.0,,0.0,,0.0,,0.0,,0.0,,0.7,1.8885620632287055,0.5,0.3,0.1,0.0,0.0,0.0,0.0,0.0,0.1,0.2,,0.3,0.4,,0.2,0.1,0.1,-0.4,0.4166666666666667,0.5892556509887896,0.25,0.35355339059327373,0.08333333333333333,0.11785113019775793,0.0,0.0,0.0,0.0,0.16666666666666663,0.2357022603955159,0.3333333333333333,0.47140452079103173,0.0,0.0,0.31333333333333324,0.4431202495435696,,,,CLE,True,5.55,0.1,0.06,0.020000000000000004,0.0,0.12209999999999999,0.09989999999999999,0.33299999999999996,0.18,0.16,0.12000000000000001,0.08,0.22199999999999998,0.002,0.09,0.036,0.0,0.128,0.046,0.012,0.074,0.25,0.3064310689208912,0.25,1.3,0.35723381698825774,0.25,0.25,0.26177089219391836
4432107,Marcus Sasser,DET,2026-05-07,1.0,2.0,3.0,6.0,15.0,0,0,0,0,0,0,0,0,0,0,,0,0,,0,0,0,0,0.0,,,,,,,,,,0.0,0.3333333333333333,0.5773502691896258,0.0,0.0,0.3333333333333333,0.0,0.0,0.0,0.0,0.0,0.0,0.0,,0.0,0.0,,0.0,0.0,0.0,0.0,0.0,,0.0,,1.0,,0.0,,0.0,,0.0,,0.0,,0.0,,0.0,,0.2,0.4472135954999579,0.0,0.0,0.2,0.0,0.0,0.0,0.0,0.0,0.0,0.0,,0.0,0.0,,0.0,0.0,0.0,0.0,0.0,,0.0,,1.0,,0.0,,0.0,,0.0,,0.0,,0.0,,0.0,,1.1,2.1832697191750436,0.3,0.1,0.2,0.1,0.4,0.0,0.1,0.0,0.1,0.5,,0.0,0.0,,0.0,0.1,0.1,0.0,0.10714285714285714,0.21428571428571436,0.125,0.25,0.375,0.47871355387816905,0.03571428571428571,0.07142857142857142,0.23214285714285712,0.2696369441168125,0.26785714285714285,0.3106663893023782,0.0,0.0,0.0,0.0,0.2678571428571429,0.3106663893023783,,,,CLE,True,5.55,0.06,0.020000000000000004,0.21,0.020000000000000004,0.12209999999999999,0.09989999999999999,0.33299999999999996,0.29,0.08,0.27,0.22999999999999998,0.22199999999999998,0.0,0.04,0.16,0.0,0.2,0.044,0.024,0.094,7.5,0.25,0.4127953488110058,1.3,0.4560701700396552,0.25,0.25,0.3117114049886529
4432166,Cade Cunningham,DET,2026-05-07,1.0,2.0,3.0,6.0,12.0,23,3,7,2,5,2,0,4,6,19,,9,11,,0,3,2,12,42.0,0.5476190476190477,0.07142857142857142,0.16666666666666666,0.047619047619047616,0.11904761904761904,0.4523809523809524,0.2619047619047619,0.09523809523809523,0.6628571428571428,0.0,41.0,1.7320508075688743,29.0,4.666666666666667,7.333333333333333,2.6666666666666665,5.0,2.0,1.0,4.0,8.666666666666666,20.0,,9.0,11.0,,0.3333333333333333,4.333333333333333,3.0,16.0,0.7100122100122098,0.14365716316108443,0.1117216117216117,0.11181164930107837,0.18192918192918195,0.11886903106961436,0.06593406593406594,0.03172254226316623,0.12271062271062272,0.029475232489800794,0.4871794871794872,0.052542081640223864,0.268009768009768,0.015576740930614076,0.09768009768009767,0.004229672301754782,0.7027838827838827,0.057406127816184815,41.2,2.167948338867877,31.4,5.4,6.6,3.2,6.8,1.4,1.0,5.2,9.2,21.2,,9.8,11.4,,0.8,4.6,3.4,8.8,0.7587579087579088,0.18162041630373849,0.13136863136863136,0.0970556020501669,0.16265401265401266,0.08923928204357891,0.07767232767232768,0.030495790695980813,0.1664002664002664,0.07258926073253727,0.5148018648018649,0.058071942775192266,0.2757242757242757,0.026643408460006072,0.1269064269064269,0.0469212121928676,0.763026973026973,0.0996334322981808,37.4,6.963396361610395,27.1,5.3,7.8,2.4,6.7,0.9,0.7,5.2,8.8,20.0,,7.1,8.6,,0.9,4.4,2.3,9.4,0.6975237677066946,0.21425795459563604,0.15010214735824493,0.10153724671418678,0.23164431920529482,0.16383436597623452,0.06090139425505279,0.03427123685439255,0.18179360630580144,0.06722897620457736,0.5333238707019194,0.06778015156239454,0.21250640756738318,0.1070849608540901,0.14071945578043138,0.05318056286912277,0.7675461458119994,0.10413300708589161,,,,CLE,True,40.5,30.173999999999996,5.1450000000000005,7.123,2.8049999999999997,1.0,0.75,5.625,42.44199999999999,35.318999999999996,37.297,12.268,1.75,23.144,5.538,4.474,2.674,33.156,0.9,0.28,3.018,7.6495270442034515,2.3673943482233795,2.030104430811381,1.6011633270844048,8.19265915316877,0.9602083107326244,0.5491812087098392,1.7993543286412492
4432810,Isaiah Stewart,DET,2026-05-07,1.0,2.0,3.0,6.0,12.0,6,3,1,0,0,0,0,2,2,2,,2,2,,1,2,2,-7,13.0,0.46153846153846156,0.23076923076923078,0.07692307692307693,0.0,0.0,0.15384615384615385,0.15384615384615385,0.15384615384615385,0.37538461538461537,0.0,9.666666666666666,2.886751345948129,2.0,1.3333333333333333,0.3333333333333333,0.0,0.0,0.0,0.0,1.0,0.6666666666666666,1.3333333333333333,,0.6666666666666666,0.6666666666666666,,0.3333333333333333,1.0,1.3333333333333333,-5.0,0.15384615384615385,0.2664693550105965,0.1185897435897436,0.11551808519833395,0.025641025641025644,0.04441155916843275,0.0,0.0,0.0,0.0,0.1346153846153846,0.12610458700580768,0.05128205128205129,0.0888231183368655,0.09294871794871795,0.08177788988572483,0.25012820512820516,0.21661746520708255,13.2,5.357238094391549,3.8,2.4,0.4,0.2,0.4,0.0,1.8,1.0,1.2,2.2,,1.2,1.8,,1.0,1.4,2.2,0.0,0.23642533936651583,0.23317715004029682,0.15644796380090498,0.10017669326580765,0.02714932126696833,0.03772247058944133,0.011764705882352941,0.026306682088232818,0.021764705882352943,0.02996537794576477,0.15782805429864252,0.09935226121493938,0.10606334841628959,0.09818775150061866,0.07929864253393666,0.07364288146938591,0.2837945701357466,0.17384766869913165,14.6,4.221637386396683,5.6,3.2,0.2,0.3,0.7,0.2,1.6,1.0,2.0,3.3,,1.3,2.0,,1.1,2.1,2.9,-0.6,0.346869790426292,0.28969517893508717,0.2036883781852822,0.09053591813672357,0.013574660633484165,0.02893412683748247,0.01801470588235294,0.029023685623673866,0.04041021671826626,0.039516192198198054,0.21738151940938316,0.1375749735252305,0.12126567833611177,0.07690401521787897,0.07016402714932127,0.07666785716090291,0.3409024450265936,0.18341063950837122,,,,CLE,True,12.99725,3.99541814159292,2.5882867256637168,0.31002389380530976,0.1900238938053097,0.11501991150442477,1.495258849557522,0.9201592920353981,6.893728761061947,6.583704867256637,4.3054420353982295,2.8983106194690267,1.610278761061947,5.252,2.944,0.696,0.526,8.892,0.18,0.326,0.716,3.375869665730595,1.7733764405788184,0.8553268381151149,0.7492155898004259,3.9202469309980974,0.4190465367951393,0.558322487456846,0.8575220113792997
4433621,Jalen Duren,DET,2026-05-07,1.0,2.0,3.0,6.0,14.0,11,12,4,0,0,0,2,1,4,11,,3,4,,7,5,0,17,35.0,0.3142857142857143,0.34285714285714286,0.11428571428571428,0.0,0.0,0.3142857142857143,0.11428571428571428,0.02857142857142857,0.3931428571428571,0.0,34.666666666666664,2.5166114784235902,11.333333333333334,12.0,2.6666666666666665,0.0,0.0,0.3333333333333333,0.6666666666666666,1.6666666666666667,4.333333333333333,8.666666666666666,,2.6666666666666665,3.6666666666666665,,6.0,6.0,2.6666666666666665,17.666666666666668,0.32323037323037324,0.07808786845619352,0.3431708494208494,0.0620782971875133,0.07553893178893178,0.04179436595783032,0.0,0.0,0.0,0.0,0.24834298584298584,0.06354651735282128,0.10256595881595881,0.06623830501829137,0.04837516087516088,0.017662795945118045,0.3418471685971686,0.06873403356133227,32.6,3.5071355833500366,11.6,10.6,2.6,0.0,0.0,0.4,1.0,2.4,4.4,8.0,,2.8,3.4,,5.4,5.2,3.6,7.8,0.3570718644912193,0.07356094897877209,0.3218011271640304,0.05731474381737623,0.07896391206875078,0.031235864828482646,0.0,0.0,0.0,0.0,0.24347583758874078,0.04799031144858595,0.10301422966745548,0.05441780597290757,0.07626011956657118,0.04091241732871197,0.36506221820899243,0.05911310386241486,30.5,4.352521619066865,12.6,9.6,2.6,0.0,0.0,0.3,1.2,2.3,4.8,8.4,,3.0,3.9,,4.4,5.2,3.4,6.6,0.43269207702675444,0.22125737946341195,0.3166229661794178,0.06173284755694656,0.08761206666448601,0.048042724775338025,0.0,0.0,0.0,0.0,0.2842890250954767,0.10554165350951215,0.12984255254416546,0.06365289903847056,0.07666571394393974,0.03175860789133694,0.4180854621588493,0.11755467899245312,,,,CLE,True,32.71025,11.19405,10.415292941176471,2.594340588235294,0.0,0.3848264705882353,1.4110303921568628,2.565509803921569,24.203683529411766,21.60934294117647,13.788390588235295,13.009633529411765,1.7958568627450981,11.75,8.594,3.218,0.714,23.562,0.614,0.39,1.95,4.927017353328482,2.827218420992619,1.7060117232891456,0.8603510911250127,6.110168246456066,0.7726603393471158,0.6048966853934645,1.3143439428094916
4592187,Wendell Moore Jr.,DET,2026-05-07,1.0,29.0,0.0,0.0,3.0,0,0,1,0,0,0,0,0,0,0,,0,0,,0,0,2,-1,5.0,0.0,0.0,0.2,0.0,0.0,0.0,0.0,0.0,0.0,0.0,2.5,3.5355339059327378,0.0,0.0,0.5,0.0,0.0,0.0,0.0,0.0,0.0,0.0,,0.0,0.0,,0.0,0.0,1.0,-0.5,0.0,,0.0,,0.2,,0.0,,0.0,,0.0,,0.0,,0.0,,0.0,,2.5,3.5355339059327378,0.0,0.0,0.5,0.0,0.0,0.0,0.0,0.0,0.0,0.0,,0.0,0.0,,0.0,0.0,1.0,-0.5,0.0,,0.0,,0.2,,0.0,,0.0,,0.0,,0.0,,0.0,,0.0,,2.5,3.5355339059327378,0.0,0.0,0.5,0.0,0.0,0.0,0.0,0.0,0.0,0.0,,0.0,0.0,,0.0,0.0,1.0,-0.5,0.0,,0.0,,0.2,,0.0,,0.0,,0.0,,0.0,,0.0,,0.0,,,,,CLE,True,8.0,0.0,0.0,0.575,0.0,0.176,0.144,0.48,0.575,0.0,0.575,0.575,0.31999999999999995,0.162,0.032,0.618,0.008,0.812,0.148,0.032,0.296,0.6194804274551376,0.25,0.7975437292086246,0.25,1.0529273479210235,0.39761287705505716,0.25,0.5517100687861334
4683771,Ronald Holland II,DET,2026-05-07,1.0,2.0,3.0,6.0,15.0,6,1,0,1,2,1,0,0,2,3,,1,3,,0,1,2,8,10.0,0.6,0.1,0.0,0.1,0.2,0.3,0.3,0.0,0.43200000000000005,0.0,3.6666666666666665,5.507570547286102,2.0,0.3333333333333333,0.0,0.3333333333333333,0.6666666666666666,0.3333333333333333,0.0,0.0,0.6666666666666666,1.0,,0.3333333333333333,1.0,,0.0,0.3333333333333333,0.6666666666666666,2.6666666666666665,0.3,0.4242640687119285,0.05,0.07071067811865477,0.0,0.0,0.05,0.07071067811865477,0.1,0.14142135623730953,0.15,0.21213203435596426,0.15,0.21213203435596426,0.0,0.0,0.21600000000000003,0.30547012947258856,2.2,4.381780460041329,1.2,0.2,0.0,0.2,0.4,0.2,0.0,0.0,0.4,0.6,,0.2,0.6,,0.0,0.2,0.4,1.6,0.3,0.4242640687119285,0.05,0.07071067811865477,0.0,0.0,0.05,0.07071067811865477,0.1,0.14142135623730953,0.15,0.21213203435596426,0.15,0.21213203435596426,0.0,0.0,0.21600000000000003,0.30547012947258856,7.0,8.31330927555995,2.4,1.6,0.4,0.5,1.2,0.3,0.1,0.4,0.9,2.1,,0.1,0.3,,0.1,1.5,1.0,-0.3,0.2584776334776335,0.2821041239822659,0.19974747474747476,0.14596324264902735,0.03975468975468976,0.047009412591762244,0.04880952380952381,0.0610146631199932,0.13015873015873017,0.10530881772172306,0.22514430014430017,0.16036436561448916,0.049999999999999996,0.1224744871391589,0.04657287157287157,0.07044321221601896,0.29371717171717177,0.19288407072038716,,,,CLE,True,7.7375,2.240689655172414,1.2165172413793104,0.19208620689655173,0.32808620689655177,0.5336206896551724,0.0,0.5336206896551724,3.649293103448276,3.457206896551724,2.4327758620689655,1.408603448275862,0.5336206896551724,2.136,0.968,0.268,0.332,3.372,0.276,0.002,0.328,2.3206688690978727,1.017337702043918,0.5100745043618629,0.5565752419933894,2.6528505423412003,0.5251894896130348,0.25,0.5730759112019977
4684742,Ausar Thompson,DET,2026-05-07,1.0,2.0,3.0,6.0,15.0,11,8,5,0,0,1,1,1,4,6,,3,4,,4,4,4,-9,33.0,0.3333333333333333,0.24242424242424243,0.15151515151515152,0.0,0.0,0.18181818181818182,0.12121212121212122,0.030303030303030304,0.26545454545454544,0.0,34.666666666666664,2.0816659994661317,7.666666666666667,7.333333333333333,5.0,0.0,0.0,1.3333333333333333,2.3333333333333335,0.6666666666666666,3.3333333333333335,6.0,,1.0,1.6666666666666667,,3.6666666666666665,3.6666666666666665,2.0,8.333333333333334,0.22557851969616674,0.11292650332006154,0.21011385717268072,0.08127996010338219,0.14377479083361436,0.02324507461641083,0.0,0.0,0.0,0.0,0.17268873151226094,0.02250004610712729,0.05020796197266786,0.06322543750544384,0.01990493166963755,0.017243935663614436,0.21468516644987232,0.043967712794222645,34.4,2.0736441353327715,7.0,9.2,4.4,0.0,0.0,2.0,2.2,1.8,3.0,6.2,,1.0,2.2,,3.8,5.4,2.0,1.4,0.2061804451510334,0.08447476533486167,0.2656516476369418,0.10667127882748195,0.12584820783350198,0.05625771420180958,0.0,0.0,0.0,0.0,0.18139101668513433,0.044026460538077565,0.06623588829471183,0.055526762677998026,0.05222073677956031,0.05325568574445848,0.2627555443143678,0.0763669150921691,30.9,5.506561742341787,9.0,7.9,3.7,0.0,0.1,2.1,1.9,1.8,3.8,6.9,,1.4,2.5,,3.1,4.8,2.3,4.7,0.3001400646253588,0.12460365555361251,0.2537461467387938,0.07669055011906374,0.12078545877810584,0.07154238163806924,0.0,0.0,0.002702702702702703,0.008546696378833459,0.22804721069426953,0.06866319998389732,0.08286522389463566,0.04475911458772854,0.060501382780794546,0.043556020798627165,0.3250092919887037,0.09999052511492841,,,,CLE,True,33.282999999999994,8.691663358778625,8.539222137404579,3.8699564885496183,0.0,2.1595839694656482,2.1595839694656482,1.778480916030534,21.100841984732824,17.230885496183205,12.561619847328243,12.409178625954198,4.3191679389312965,11.362,7.752,3.908,0.82,23.022,1.548,0.476,1.592,5.001095479992359,2.91796093188377,1.9150811993228904,0.903105752390051,6.108806430064715,1.2360000000000002,0.6822199058954524,1.2286317593160287
4700852,Chaz Lanier,DET,2026-05-07,1.0,2.0,3.0,6.0,14.0,0,0,0,0,0,0,0,0,0,0,,0,0,,0,0,0,0,0.0,,,,,,,,,,0.0,0.3333333333333333,0.5773502691896258,0.6666666666666666,0.0,0.0,0.0,0.0,0.0,0.0,0.0,0.3333333333333333,0.3333333333333333,,0.0,0.0,,0.0,0.0,0.0,0.6666666666666666,2.0,,0.0,,0.0,,0.0,,0.0,,1.0,,0.0,,0.0,,1.0,,0.2,0.4472135954999579,0.4,0.0,0.0,0.0,0.0,0.0,0.0,0.0,0.2,0.2,,0.0,0.0,,0.0,0.0,0.0,0.4,2.0,,0.0,,0.0,,0.0,,0.0,,1.0,,0.0,,0.0,,1.0,,0.9,1.9119507199599992,0.4,0.0,0.0,0.0,0.0,0.0,0.0,0.1,0.2,0.2,,0.0,0.0,,0.0,0.0,0.0,-0.1,0.7777777777777777,1.0715167512214396,0.0,0.0,0.0,0.0,0.0,0.0,0.0,0.0,0.38888888888888884,0.5357583756107197,0.0,0.0,0.05555555555555555,0.09622504486493763,0.4444444444444444,0.5091750772173156,,,,CLE,True,5.55,0.42,0.0,0.0,0.0,0.12209999999999999,0.09989999999999999,0.33299999999999996,0.42,0.42,0.42,0.0,0.22199999999999998,0.008,0.0,0.002,0.0,0.01,0.028,0.016,0.086,0.25,3.0,0.25,1.3,0.25,0.25,0.25,0.2803640490505157
5107199,Daniss Jenkins,DET,2026-05-07,1.0,2.0,3.0,6.0,15.0,12,7,3,0,3,4,0,1,5,13,,2,2,,3,4,2,8,29.0,0.41379310344827586,0.2413793103448276,0.10344827586206896,0.0,0.10344827586206896,0.4482758620689655,0.06896551724137931,0.034482758620689655,0.5131034482758621,0.0,25.666666666666668,5.773502691896261,11.666666666666666,3.6666666666666665,3.6666666666666665,1.6666666666666667,4.0,1.3333333333333333,0.3333333333333333,1.6666666666666667,4.0,9.333333333333334,,2.0,2.0,,1.0,2.6666666666666665,2.0,4.666666666666667,0.44464609800362975,0.09546693524382847,0.132486388384755,0.09766696222921024,0.14458560193587416,0.03635808639157101,0.06352087114337568,0.06960729187210565,0.16212946158499697,0.0542747847969919,0.36418632788868727,0.08628486937647724,0.0810647307924985,0.020956452602164666,0.06352087114337567,0.035749030133561184,0.46337568058076223,0.05183958841527865,21.2,7.429670248402684,8.8,2.6,3.4,1.0,4.0,1.0,0.2,1.0,3.0,8.4,,1.8,2.0,,0.8,1.8,1.6,5.2,0.38794150495602403,0.11483108289065054,0.11026106380008378,0.09302785664183624,0.17328982269998602,0.07986168153383351,0.038112522686025406,0.060274852651236346,0.20593152310484433,0.07684581689893712,0.4108194890409046,0.089358393883718,0.10440806924472987,0.03667844047566357,0.038112522686025406,0.04300542871532773,0.49487156219461126,0.057329402733461994,18.3,7.134423592694782,6.7,2.5,2.8,0.7,3.3,0.8,0.4,1.1,2.3,7.5,,1.4,2.0,,0.8,1.7,1.4,-0.1,0.3728953366657541,0.1679072300276724,0.1428460327734375,0.09812000194334126,0.15163693686833432,0.08106388509876396,0.03788743017418154,0.057652945083999214,0.1846358458540854,0.07684773131389383,0.4305635380952985,0.10411491421341372,0.10876969118802149,0.08257097615577924,0.054755357568424715,0.06695886788988283,0.5331775597864528,0.11678661814991864,,,,CLE,True,21.421999999999997,9.082101369863013,3.096676712328767,3.168747945205479,1.012249315068493,0.7336301369863012,0.44017808219178073,0.8803561643835615,15.347526027397258,12.17877808219178,12.250849315068493,6.265424657534246,1.1738082191780819,11.062,3.814,3.164,1.224,18.04,0.754,0.184,0.878,4.740691510739757,2.011816094974886,1.8080663704632085,1.1268646768800592,5.564746175702895,0.9041482179377449,0.4670588827974478,0.9290403651079968
5107818,Isaac Jones,DET,2026-05-07,1.0,25.0,0.0,0.0,3.0,2,0,0,0,0,0,0,1,0,1,,2,2,,0,0,0,-7,10.0,0.2,0.0,0.0,0.0,0.0,0.1,0.2,0.1,0.288,0.0,5.0,7.0710678118654755,1.0,0.0,0.0,0.0,0.0,0.0,0.0,0.5,0.0,0.5,,1.0,1.0,,0.0,0.0,0.0,-3.5,0.2,,0.0,,0.0,,0.0,,0.0,,0.1,,0.2,,0.1,,0.288,,5.0,7.0710678118654755,1.0,0.0,0.0,0.0,0.0,0.0,0.0,0.5,0.0,0.5,,1.0,1.0,,0.0,0.0,0.0,-3.5,0.2,,0.0,,0.0,,0.0,,0.0,,0.1,,0.2,,0.1,,0.288,,5.0,7.0710678118654755,1.0,0.0,0.0,0.0,0.0,0.0,0.0,0.5,0.0,0.5,,1.0,1.0,,0.0,0.0,0.0,-3.5,0.2,,0.0,,0.0,,0.0,,0.0,,0.1,,0.2,,0.1,,0.288,,,,,CLE,True,8.0,1.15,0.0,0.0,0.0,0.176,0.144,0.48,1.15,1.15,1.15,0.0,0.31999999999999995,1.252,0.086,0.052,0.046,1.39,0.176,0.042,0.376,1.736806264382991,0.30100498334745224,0.25,0.25,1.789385369337751,0.43014416188064203,0.25,0.602182696529882
1966,LeBron James,LAL,2026-05-07,0.0,2.0,2.0,5.0,12.0,27,4,6,3,6,1,0,2,12,17,,0,1,,1,3,1,-6,36.0,0.75,0.1111111111111111,0.16666666666666666,0.08333333333333333,0.16666666666666666,0.4722222222222222,0.027777777777777776,0.05555555555555555,0.54,0.0,37.333333333333336,1.5275252316519499,26.666666666666668,4.666666666666667,7.0,1.6666666666666667,5.666666666666667,1.0,0.0,2.3333333333333335,10.333333333333334,20.666666666666668,,4.333333333333333,6.333333333333333,,0.6666666666666666,4.0,1.3333333333333333,5.0,0.715927465927466,0.06495479944303777,0.12574112574112575,0.05754518213449909,0.18745668745668745,0.025718169804591996,0.04579579579579579,0.04227600067657984,0.15188265188265188,0.015857202626929454,0.5535728035728035,0.10767492201856285,0.16680141680141677,0.12206379222484995,0.06263956263956265,0.01611312854524471,0.6896049896049896,0.15633221433514438,38.0,4.47213595499958,23.8,6.2,7.2,1.8,5.8,1.2,0.2,4.6,8.6,18.6,,4.8,6.2,,0.4,5.8,1.4,-0.6,0.6190514290514291,0.1851400205426978,0.15746487746487747,0.084006872276583,0.1936861336861337,0.0532194247632338,0.045255255255255256,0.04338009085667276,0.14931140931140932,0.0403202791289469,0.48446691446691437,0.14349902363132463,0.1631111531111531,0.08814287316156028,0.12162414162414163,0.08470936002530167,0.6778599634599635,0.12081780463162937,35.5,7.427426651719064,24.0,6.8,8.8,1.6,5.0,1.5,0.3,4.0,8.9,18.2,,4.6,6.5,,0.3,6.5,1.5,4.8,0.6953760161848398,0.1989367524839812,0.19190422566583556,0.06786334970448585,0.2571329672161715,0.09287948082080667,0.042326514267303744,0.03744785400625418,0.14139604957909913,0.04278520524296254,0.5307597432539383,0.16215110087088414,0.19321956401290766,0.12871520712768977,0.12005335842023149,0.07358421702206991,0.7358297098398492,0.22765454873331653,,,,OKC,False,37.4,24.023460674157306,6.162112359550561,7.618516853932583,1.7685393258426965,1.2606741573033706,0.28014981273408235,3.922097378277153,37.80408988764045,30.18557303370787,31.64197752808989,13.780629213483145,1.540823970037453,13.954,5.496,3.48,1.474,22.93,1.04,0.218,1.882,5.968239606450129,2.4392589038476418,1.852997571504075,1.217096545061237,6.993218143315708,1.0071742649611337,0.480079160139242,1.3842239703169426
2960236,Maxi Kleber,LAL,2026-05-07,0.0,2.0,2.0,5.0,13.0,0,0,0,0,0,0,0,0,0,0,,0,0,,0,0,0,0,0.0,,,,,,,,,,0.0,0.0,0.0,0.0,0.0,0.0,0.0,0.0,0.0,0.0,0.0,0.0,0.0,,0.0,0.0,,0.0,0.0,0.0,0.0,,,,,,,,,,,,,,,,,,,1.4,3.1304951684997033,0.2,0.2,0.4,0.0,0.0,0.2,0.0,0.0,0.0,0.0,,0.2,0.4,,0.2,0.0,0.2,0.2,0.14285714285714285,,0.14285714285714285,,0.2857142857142857,,0.0,,0.0,,0.0,,0.2857142857142857,,0.0,,0.12571428571428572,,4.0,5.849976258261414,0.5,0.9,0.3,0.0,0.1,0.1,0.1,0.3,0.2,0.5,,0.1,0.2,,0.6,0.3,0.4,-0.4,0.10750915750915752,0.07216117216117217,0.20494505494505494,0.13942192659082644,0.09065934065934066,0.13499796125546068,0.0,0.0,0.019230769230769232,0.038461538461538464,0.1217948717948718,0.08584958483478568,0.07142857142857142,0.14285714285714285,0.052564102564102565,0.06491789180088288,0.2057875457875458,0.0599321132853432,,,,OKC,False,7.65,0.16999999999999998,0.25,0.19999999999999998,0.0,0.1683,0.1377,0.459,0.62,0.42,0.37,0.44999999999999996,0.306,0.226,0.318,0.216,0.012,0.76,0.118,0.038,0.212,0.6685237467734412,0.5769540709623254,0.4531489821239809,0.25,1.0248902380255165,0.34651984070179875,0.25,0.4461569230663131
2990992,Marcus Smart,LAL,2026-05-07,0.0,2.0,2.0,5.0,10.0,12,4,7,2,8,4,0,2,4,15,,2,2,,2,2,3,-10,32.0,0.375,0.125,0.21875,0.0625,0.25,0.46875,0.0625,0.0625,0.5587500000000001,0.0,34.666666666666664,2.5166114784235782,10.0,5.333333333333333,3.3333333333333335,2.3333333333333335,6.333333333333333,2.0,0.6666666666666666,3.0,3.0,9.666666666666666,,1.6666666666666667,2.0,,1.0,4.333333333333333,2.0,2.6666666666666665,0.2907657657657658,0.08768264182898769,0.1533783783783784,0.040692283580847435,0.10045849420849422,0.10323275307376209,0.0669079794079794,0.012563134687450283,0.1844916344916345,0.06797898279495716,0.28597972972972974,0.15837596780634844,0.0578989703989704,0.00427343903343848,0.08441119691119692,0.06943843631511674,0.3958664736164736,0.15357095442781452,34.8,3.346640106136297,12.0,4.4,5.0,1.8,5.0,2.8,1.4,3.2,3.4,9.2,,3.4,4.0,,1.0,3.4,2.0,-1.8,0.3402162832807994,0.12698731744558675,0.12544307334629914,0.04972023616007122,0.14381521232327685,0.09992051974305238,0.0504011979011979,0.03030735416545868,0.14411102701425282,0.07449087075009918,0.26935458721749045,0.11468584904563588,0.11050447735931605,0.09741068927941396,0.09183778514423675,0.053419876570585015,0.4098143423998263,0.11026036313782461,29.88888888888889,11.815714583177401,11.666666666666666,3.111111111111111,5.555555555555555,1.7777777777777777,4.666666666666667,2.3333333333333335,1.1111111111111112,3.0,3.4444444444444446,8.666666666666666,,3.0,3.888888888888889,,0.6666666666666666,2.4444444444444446,2.2222222222222223,0.2222222222222222,0.38110641169820486,0.17853568841683518,0.10251310377614932,0.04948219408425161,0.19237319548485346,0.11375616949959992,0.05784205444131915,0.042024526221055465,0.15749020636354602,0.06120075294944347,0.2925466816521726,0.09689038093029208,0.12594959052798238,0.08766316796240713,0.10091833129368709,0.04535006039413614,0.448882832778172,0.11094387025695808,,,,OKC,False,33.83255555555555,12.887050754458162,3.9168554183813438,5.305931412894376,2.0472798353909463,2.784572473708276,1.392286236854138,3.3414869684499307,22.109837585733878,16.803906172839504,18.19298216735254,9.22278683127572,4.1768587105624135,12.33,3.962,2.984,1.658,19.276,1.636,0.416,1.818,5.434068457426719,1.9749825315683176,1.679209337753932,1.2510139887307417,5.990978551121678,1.2294323893569747,0.6472588353974011,1.4618057326471257
3913174,Luke Kennard,LAL,2026-05-07,0.0,2.0,2.0,5.0,13.0,7,5,1,1,3,1,0,2,1,4,,4,4,,0,5,1,-14,29.0,0.2413793103448276,0.1724137931034483,0.034482758620689655,0.034482758620689655,0.10344827586206896,0.13793103448275862,0.13793103448275862,0.06896551724137931,0.2675862068965517,0.0,29.666666666666668,1.1547005383792777,3.6666666666666665,3.6666666666666665,2.0,0.6666666666666666,2.3333333333333335,1.3333333333333333,0.3333333333333333,1.3333333333333333,0.6666666666666666,4.666666666666667,,1.6666666666666667,2.0,,0.6666666666666666,3.0,1.3333333333333333,1.6666666666666667,0.12569521690767518,0.1063208288796309,0.12421208750463479,0.04187707201630104,0.06748238783833889,0.034578311997135756,0.022988505747126436,0.01990862997205606,0.07897664071190212,0.02130950396069853,0.15795328142380424,0.042619007921397015,0.06748238783833889,0.0690133435420244,0.04523544679273267,0.020580925600857107,0.232880978865406,0.03964354956995543,33.2,6.723094525588644,6.4,4.0,2.8,0.6,3.2,0.8,0.2,1.8,1.8,6.8,,2.2,2.6,,0.4,3.6,2.0,-2.2,0.18138935236682735,0.11195679988751311,0.11994391916944754,0.033269460159570684,0.07965609936967,0.038766913309091704,0.018237547892720307,0.017384674853034965,0.09280265109380793,0.027952188107978223,0.19810530218761585,0.06297426924333638,0.07340609936966999,0.061235946006449826,0.052974601408972935,0.01806265767430926,0.28337858731924365,0.07815020272156874,31.2,9.658617338361058,10.9,3.4,3.7,1.2,3.1,1.2,0.1,1.6,3.7,7.9,,2.3,2.9,,0.3,3.1,1.4,0.3,0.3310102006665583,0.20508178729726145,0.09972964183382478,0.046970811729896464,0.12570603516236284,0.11160481294673005,0.0325445258260594,0.04172943211152997,0.0887905867433734,0.04286690761573157,0.23811625006158307,0.0924933793327307,0.0963666293355428,0.06157656293184482,0.05135985139940559,0.02728353799600815,0.33187741836862755,0.0912300616479198,,,,OKC,False,32.5215,9.132299999999999,3.951621951219512,2.4950939024390246,1.1925280487804877,0.9254085365853659,0.13220121951219513,1.8508170731707319,15.579015853658536,13.08392195121951,11.627393902439024,6.446715853658537,1.057609756097561,10.128,4.126,2.134,1.304,16.388,0.874,0.11,1.2,4.776150751389658,2.138720178050415,1.4057183217131375,1.1830401514741584,5.428946122407184,0.9519054574903959,0.3374907406137241,1.1063453348751464
3945274,Luka Doncic,LAL,2026-05-07,0.0,35.0,0.0,0.0,2.0,12,4,7,1,7,1,0,6,3,10,,5,6,,0,4,0,-25,26.0,0.46153846153846156,0.15384615384615385,0.2692307692307692,0.038461538461538464,0.2692307692307692,0.38461538461538464,0.23076923076923078,0.23076923076923078,0.716923076923077,0.0,26.0,,12.0,4.0,7.0,1.0,7.0,1.0,0.0,6.0,3.0,10.0,,5.0,6.0,,0.0,4.0,0.0,-25.0,0.46153846153846156,,0.15384615384615385,,0.2692307692307692,,0.038461538461538464,,0.2692307692307692,,0.38461538461538464,,0.23076923076923078,,0.23076923076923078,,0.716923076923077,,26.0,,12.0,4.0,7.0,1.0,7.0,1.0,0.0,6.0,3.0,10.0,,5.0,6.0,,0.0,4.0,0.0,-25.0,0.46153846153846156,,0.15384615384615385,,0.2692307692307692,,0.038461538461538464,,0.2692307692307692,,0.38461538461538464,,0.23076923076923078,,0.23076923076923078,,0.716923076923077,,26.0,,12.0,4.0,7.0,1.0,7.0,1.0,0.0,6.0,3.0,10.0,,5.0,6.0,,0.0,4.0,0.0,-25.0,0.46153846153846156,,0.15384615384615385,,0.2692307692307692,,0.038461538461538464,,0.2692307692307692,,0.38461538461538464,,0.23076923076923078,,0.23076923076923078,,0.716923076923077,,,,,OKC,False,25.999999999999996,11.999999999999998,4.0,7.0,1.0,0.5719999999999998,0.4679999999999999,1.5599999999999998,23.0,15.999999999999998,19.0,11.0,1.0399999999999998,10.916,4.548,3.354,1.128,18.818,0.636,0.21,1.26,5.033978943142293,1.9858741148421266,1.755187739246147,1.0805628163137948,5.401192090640731,0.8339688243573617,0.44034077712608,1.0565983153497833
4066457,Austin Reaves,LAL,2026-05-07,0.0,2.0,2.0,5.0,7.0,8,5,6,0,5,0,1,4,3,16,,2,2,,1,4,3,-10,36.0,0.2222222222222222,0.1388888888888889,0.16666666666666666,0.0,0.1388888888888889,0.4444444444444444,0.05555555555555555,0.1111111111111111,0.58,0.0,33.666666666666664,2.516611478423573,15.0,4.0,4.666666666666667,0.6666666666666666,5.666666666666667,0.0,1.6666666666666667,3.0,4.666666666666667,15.333333333333334,,5.0,5.333333333333333,,0.3333333333333333,3.6666666666666665,3.0,-4.0,0.4510506711645232,0.21431148675032086,0.11777004708693513,0.021057617042071087,0.13588446131140627,0.06200087385481863,0.0196078431372549,0.03396178054056622,0.16773842153348795,0.05871215675517162,0.4555485276547895,0.013508934255979259,0.15672218708271837,0.19574887270906438,0.08795417808700541,0.023298763022941194,0.612460468058191,0.10230615233684791,20.2,18.525657883055057,9.0,2.4,2.8,0.4,3.4,0.0,1.0,1.8,2.8,9.2,,3.0,3.2,,0.2,2.2,1.8,-2.4,0.4510506711645232,0.21431148675032086,0.11777004708693513,0.0210576170420711,0.13588446131140627,0.06200087385481862,0.0196078431372549,0.03396178054056622,0.16773842153348795,0.05871215675517162,0.4555485276547895,0.01350893425597894,0.15672218708271837,0.19574887270906438,0.08795417808700541,0.0232987630229412,0.612460468058191,0.10230615233684791,21.333333333333332,16.800793632048062,10.0,2.6666666666666665,2.5,0.6666666666666666,3.3333333333333335,0.0,0.8333333333333334,2.1666666666666665,3.1666666666666665,9.166666666666666,,3.0,3.1666666666666665,,0.16666666666666666,2.5,1.6666666666666667,-5.833333333333333,0.47717689226228127,0.18261962276131338,0.12536457235223838,0.022941725008122932,0.11117260524281397,0.07074915001086618,0.0332244008714597,0.038866149836408,0.15358159392789372,0.055675320432970604,0.4249947290744255,0.06209508274074044,0.14531941808981658,0.16144712242940387,0.1030026706022911,0.03560501013710315,0.5919379436362359,0.09307198954883904,,,,OKC,False,29.227166666666665,12.15320297029703,3.4128541254125415,3.9427742574257425,0.5365867986798679,0.0,1.4468894389438944,2.60440099009901,19.508831353135314,15.566057095709573,16.095977227722774,7.355628382838284,1.4468894389438944,7.918,3.34,2.192,0.656,13.45,0.166,0.398,1.408,4.217496413750698,1.7878478682483028,1.5030422482418784,0.8207703698355588,4.678407848830625,0.39299363862535996,0.6384324553153606,1.227002852482422
4066648,Rui Hachimura,LAL,2026-05-07,0.0,2.0,2.0,5.0,13.0,18,2,2,3,6,1,1,1,7,13,,1,2,,0,2,1,-21,37.0,0.4864864864864865,0.05405405405405406,0.05405405405405406,0.08108108108108109,0.16216216216216217,0.35135135135135137,0.05405405405405406,0.02702702702702703,0.40216216216216216,0.0,36.333333333333336,1.1547005383792572,17.0,4.0,1.3333333333333333,3.3333333333333335,5.333333333333333,0.6666666666666666,0.6666666666666666,0.6666666666666666,6.666666666666667,13.0,,0.3333333333333333,0.6666666666666666,,0.6666666666666666,3.3333333333333335,2.3333333333333335,1.3333333333333333,0.4702702702702702,0.13855141208623034,0.1111969111969112,0.05874819027524401,0.037065637065637064,0.032136914357814385,0.09266409266409266,0.04552056417973589,0.14774774774774777,0.06075573081112566,0.3590733590733591,0.06597686289820474,0.018018018018018018,0.031208122658898694,0.018018018018018018,0.015604061329449349,0.385019305019305,0.05419661289455226,36.6,5.029910535983715,17.2,3.8,1.4,3.0,5.0,0.8,0.6,0.8,6.8,12.6,,0.6,1.2,,0.6,3.2,2.8,-2.8,0.4688288288288288,0.1007854068741071,0.10489996489996489,0.042548233013492545,0.037996957996958,0.02315993097250656,0.08044694044694045,0.04159678028081656,0.13380016380016382,0.05725524251421709,0.3457470457470458,0.050380072407161636,0.028992628992628992,0.041783492225024706,0.022022932022932023,0.012879370541070911,0.3805267345267345,0.039138673153496305,35.3,6.3953107821277975,16.2,4.3,1.2,2.6,4.5,1.1,0.6,0.8,6.5,11.7,,0.6,1.4,,0.7,3.6,2.6,0.8,0.47153468254510755,0.14416080295105907,0.12921998870675694,0.08907208056971683,0.03416246230199719,0.02534364111829006,0.0728197672704489,0.0333548004309103,0.12479824628581646,0.05207143588546457,0.3397797094429011,0.06934739658477893,0.04316121281638523,0.05375571442887999,0.023465678465678465,0.025313398335187625,0.382236321547789,0.08455222704501408,,,,OKC,False,37.007999999999996,16.186471641791044,3.630197014925373,1.3176835820895523,2.8650746268656717,0.9666268656716417,0.6904477611940298,0.8285373134328357,21.134352238805967,19.816668656716416,17.504155223880595,4.947880597014925,1.6570746268656715,15.232,4.174,1.314,2.094,20.72,0.84,0.284,0.816,6.250934010209995,2.078394572741182,1.120448124635853,1.489014439150944,6.859854225856407,0.9499473669630334,0.5543861470130724,0.8911475747596466
4278077,Jarred Vanderbilt,LAL,2026-05-07,0.0,2.0,2.0,5.0,13.0,2,1,0,0,1,0,0,0,1,2,,0,0,,0,1,1,-4,6.0,0.3333333333333333,0.16666666666666666,0.0,0.0,0.16666666666666666,0.3333333333333333,0.0,0.0,0.3333333333333333,0.0,4.0,3.4641016151377557,1.3333333333333333,1.0,0.0,0.0,0.6666666666666666,0.0,0.0,0.0,0.6666666666666666,1.6666666666666667,,0.0,0.0,,0.0,1.0,0.6666666666666666,-4.0,0.3333333333333333,0.0,0.25,0.11785113019775792,0.0,0.0,0.0,0.0,0.16666666666666666,0.0,0.41666666666666663,0.11785113019775792,0.0,0.0,0.0,0.0,0.41666666666666663,0.11785113019775792,8.2,6.260990336999413,3.4,2.6,0.2,0.0,1.0,0.2,0.0,0.2,1.6,3.2,,0.2,0.6,,0.6,2.0,1.0,-1.4,0.3928571428571428,0.11904761904761925,0.2964285714285714,0.09839029442883528,0.016666666666666666,0.033333333333333465,0.0,0.0,0.13452380952380952,0.044902683047033744,0.3988095238095238,0.08103403911373881,0.05119047619047619,0.0642857142857143,0.017857142857142856,0.03571428571428571,0.43919047619047624,0.0924451912144963,12.0,7.6739096221475585,2.9,3.5,1.0,0.2,1.4,0.5,0.1,0.7,1.3,3.0,,0.1,0.6,,0.6,2.9,1.4,2.1,0.2961131461131461,0.20214843723428025,0.3001560168226835,0.07917132067668833,0.07282254782254782,0.08248153015916328,0.02839506172839506,0.06692337407256538,0.132665174331841,0.042324549416008855,0.283168837335504,0.1339161507694494,0.08941798941798942,0.19714196252640612,0.0541971916971917,0.07602705898134367,0.37670994437661104,0.17039228686018004,,,,OKC,False,9.458333333333332,2.542794520547945,2.612013698630137,0.2634794520547945,0.09373972602739725,0.25913242009132414,0.0,0.12956621004566207,5.418287671232877,5.154808219178082,2.8062739726027397,2.8754931506849317,0.25913242009132414,2.35,2.032,0.328,0.224,4.71,0.226,0.006,0.108,2.380651171423483,1.3634427013996593,0.5695752803624821,0.5155812254145801,2.7788306893367936,0.472148281792913,0.25,0.3230108357315587
4278129,Deandre Ayton,LAL,2026-05-07,0.0,2.0,2.0,5.0,13.0,10,12,2,0,0,0,1,1,5,12,,0,0,,5,7,4,-4,27.0,0.37037037037037035,0.4444444444444444,0.07407407407407407,0.0,0.0,0.4444444444444444,0.0,0.037037037037037035,0.48148148148148145,0.0,31.0,6.082762530298221,11.666666666666666,15.0,1.0,0.0,0.0,0.0,1.3333333333333333,0.6666666666666666,5.333333333333333,10.666666666666666,,1.0,2.3333333333333335,,6.0,9.0,4.0,1.0,0.3646848602988954,0.1119504367042619,0.48774714564188254,0.0724849858665304,0.03659611992945326,0.03704490972009695,0.0,0.0,0.0,0.0,0.3423837371205792,0.11726771344378767,0.08333333333333333,0.14433756729740646,0.02111760883690708,0.0190578419442007,0.40016801262415297,0.0787384944990086,30.2,5.2630789467763055,11.2,12.2,1.0,0.0,0.0,0.2,1.0,1.4,5.2,9.4,,0.8,1.6,,4.4,7.8,3.6,-4.4,0.38293212830054935,0.2608346999099564,0.4090119237487658,0.14213027738125636,0.034078884078884084,0.03401735415890117,0.0,0.0,0.0,0.0,0.3196120604541657,0.16362183567433874,0.05800000000000001,0.10871982339941506,0.04685238348396244,0.03792425512578362,0.39198444393812815,0.15101606355524347,29.3,4.785394445602158,12.7,9.5,1.0,0.0,0.0,0.1,1.2,1.2,5.7,9.4,,1.3,1.9,,3.3,6.2,2.5,-1.4,0.43337479901833625,0.27144674384084927,0.3220871008019454,0.15051123419810702,0.03352939175519821,0.02656290860820357,0.0,0.0,0.0,0.0,0.3247284175898629,0.14098209015974136,0.06686261424410092,0.07949057735736503,0.040049150104070015,0.03543134443097146,0.39419711796133733,0.12753955753638327,,,,OKC,False,30.006999999999994,11.4306676056338,11.496560563380282,1.136214084507042,0.0,0.14087793427230044,0.9861455399061032,1.549657276995305,24.063442253521124,22.927228169014082,12.566881690140843,12.632774647887324,1.1270234741784035,8.65,7.488,1.32,0.444,17.458,0.322,0.312,1.104,4.095302186652408,2.686606781797441,1.0870142593360954,0.665480277694238,5.0283432659276555,0.5641950017502814,0.5354026522160682,1.0493731462163494
4397077,Jaxson Hayes,LAL,2026-05-07,0.0,2.0,2.0,5.0,11.0,3,6,1,0,0,0,0,3,1,3,,1,2,,3,3,2,-12,16.0,0.1875,0.375,0.0625,0.0,0.0,0.1875,0.125,0.1875,0.43,0.0,14.333333333333334,3.7859388972001846,2.6666666666666665,3.6666666666666665,1.0,0.0,0.0,0.0,0.3333333333333333,1.6666666666666667,0.6666666666666666,1.3333333333333333,,1.3333333333333333,2.0,,2.0,1.6666666666666667,2.0,0.3333333333333333,0.16053921568627452,0.1489008411526378,0.23676470588235296,0.13750589795466353,0.07377450980392157,0.022786209887012684,0.0,0.0,0.0,0.0,0.0821078431372549,0.09589411842887069,0.12009803921568628,0.11772362704434144,0.11544117647058823,0.06571324804678377,0.25039215686274513,0.1669286291903457,15.6,3.6469165057620945,4.4,3.4,0.6,0.0,0.0,0.2,0.8,1.2,1.6,2.8,,1.2,2.2,,1.6,1.8,2.4,0.8,0.24299019607843136,0.22595245137972267,0.20872549019607844,0.10716161659978768,0.04426470588235294,0.043501829496587534,0.0,0.0,0.0,0.0,0.15593137254901962,0.15396531319190762,0.12872549019607843,0.08428351031782902,0.07926470588235295,0.07018188801139716,0.2918352941176471,0.1739970090821971,16.0,7.378647873726218,6.7,2.7,0.7,0.0,0.1,0.2,0.7,1.1,2.1,3.0,,2.5,3.5,,1.3,1.4,2.5,-0.4,0.3590708885643526,0.26635068283707813,0.16742154601631726,0.09868518084048104,0.04340396652488156,0.03611342316895662,0.0,0.0,0.005291005291005291,0.015873015873015872,0.16278283868153148,0.1371494583149905,0.19886006634372647,0.110802841641497,0.07021964056277781,0.058384168227964155,0.32050090843554896,0.16965690757597116,,,,OKC,False,15.584,4.323542857142857,3.3286857142857142,0.6539428571428572,0.0,0.27828571428571425,0.974,0.974,8.306171428571428,7.652228571428571,4.977485714285714,3.982628571428571,1.2522857142857142,3.502,2.942,0.684,0.23,7.128,0.316,0.246,0.588,2.6836534798665794,1.7636995208935111,0.850966509329245,0.48692915295759404,3.2074313710506726,0.5586984875583609,0.5034719455937937,0.7630570096657261
4431695,Drew Timme,LAL,2026-05-07,0.0,25.0,0.0,0.0,4.0,3,0,2,1,1,1,0,1,1,1,,0,0,,0,0,1,1,7.0,0.42857142857142855,0.0,0.2857142857142857,0.14285714285714285,0.14285714285714285,0.14285714285714285,0.0,0.14285714285714285,0.2857142857142857,0.0,14.333333333333334,11.015141094572204,6.0,1.3333333333333333,2.0,1.0,2.0,0.3333333333333333,0.0,2.0,2.3333333333333335,4.333333333333333,,0.3333333333333333,0.6666666666666666,,0.3333333333333333,1.0,1.3333333333333333,-11.333333333333334,0.4268077601410935,0.018581399916847846,0.07407407407407407,0.06415002990995841,0.19400352733686066,0.10860532146977532,0.07231040564373897,0.07144489982549944,0.13403880070546736,0.0200314227365089,0.2698412698412698,0.109971479845643,0.024691358024691357,0.042766686606638946,0.15873015873015872,0.05723097262641253,0.43943562610229286,0.13879473082793847,14.333333333333334,11.015141094572204,6.0,1.3333333333333333,2.0,1.0,2.0,0.3333333333333333,0.0,2.0,2.3333333333333335,4.333333333333333,,0.3333333333333333,0.6666666666666666,,0.3333333333333333,1.0,1.3333333333333333,-11.333333333333334,0.4268077601410935,0.018581399916847846,0.07407407407407407,0.06415002990995841,0.19400352733686066,0.10860532146977532,0.07231040564373897,0.07144489982549944,0.13403880070546736,0.0200314227365089,0.2698412698412698,0.109971479845643,0.024691358024691357,0.042766686606638946,0.15873015873015872,0.05723097262641253,0.43943562610229286,0.13879473082793847,14.333333333333334,11.015141094572204,6.0,1.3333333333333333,2.0,1.0,2.0,0.3333333333333333,0.0,2.0,2.3333333333333335,4.333333333333333,,0.3333333333333333,0.6666666666666666,,0.3333333333333333,1.0,1.3333333333333333,-11.333333333333334,0.4268077601410935,0.018581399916847846,0.07407407407407407,0.06415002990995841,0.19400352733686066,0.10860532146977532,0.07231040564373897,0.07144489982549944,0.13403880070546736,0.0200314227365089,0.2698412698412698,0.109971479845643,0.024691358024691357,0.042766686606638946,0.15873015873015872,0.05723097262641253,0.43943562610229286,0.13879473082793847,,,,OKC,False,13.233333333333334,5.55,1.1333333333333333,2.0,1.0,0.29113333333333336,0.2382,0.794,8.683333333333334,6.683333333333334,7.55,3.1333333333333333,0.5293333333333333,6.118,1.572,1.334,0.808,9.024,0.336,0.118,0.694,3.861615724020193,1.2995445355969915,1.2159128258226408,0.9050613238891607,4.184187376301401,0.5857508002555353,0.3347775380756601,0.8150852716127314
4592691,Jake LaRavia,LAL,2026-05-07,0.0,2.0,2.0,5.0,13.0,3,1,0,1,1,1,1,2,1,2,,0,0,,0,1,0,-9,14.0,0.21428571428571427,0.07142857142857142,0.0,0.07142857142857142,0.07142857142857142,0.14285714285714285,0.0,0.14285714285714285,0.2857142857142857,0.0,13.0,3.6055512754639945,4.0,2.6666666666666665,0.3333333333333333,0.6666666666666666,1.0,0.3333333333333333,1.0,1.3333333333333333,1.6666666666666667,3.6666666666666665,,0.0,0.0,,1.3333333333333333,1.3333333333333333,1.3333333333333333,-2.6666666666666665,0.29133597883597884,0.12664394123559122,0.20205026455026454,0.12179507102344818,0.037037037037037035,0.06415002990995837,0.044642857142857144,0.03891874056732744,0.06547619047619048,0.06271222471936157,0.25132275132275134,0.21594497711261923,0.0,0.0,0.08928571428571429,0.07783748113465488,0.3406084656084656,0.2613053305437054,14.0,2.9154759474226513,4.0,2.6,0.4,0.4,0.8,0.4,0.8,1.4,1.6,4.0,,0.4,0.4,,1.6,1.0,1.4,-2.6,0.276468253968254,0.12543587396835928,0.1853968253968254,0.0911250792967861,0.03555555555555555,0.05115939748098373,0.026785714285714284,0.036813443085871964,0.05178571428571428,0.052972846336397574,0.2666269841269841,0.1549769822147048,0.025,0.05590169943749476,0.0919047619047619,0.05888586716245183,0.369531746031746,0.19716879605957363,18.0,6.146362971528592,4.6,3.5,1.3,0.6,1.6,1.0,0.9,1.5,1.7,4.2,,0.6,0.8,,1.3,2.2,2.1,2.5,0.24118036354326672,0.16909258563029025,0.18989016897081415,0.0891637099373953,0.06434767025089606,0.06386704783168724,0.02629608294930875,0.04563475119879726,0.07782744495647723,0.06554846963468806,0.23206080389144904,0.12661857320713496,0.04472222222222222,0.0781785310430516,0.08368535586277522,0.05179755908125444,0.33542393753200206,0.16349406619291226,,,,OKC,False,14.625,3.78175,2.4583749999999998,0.621875,0.41274999999999995,0.421875,0.84375,1.40625,6.862,6.240125,4.403625,3.0802499999999995,1.265625,4.126,2.614,0.852,0.526,7.592,0.406,0.218,0.806,3.011000498173323,1.6003137192438237,0.8706870850081561,0.7302903532157603,3.555493777241074,0.5875065957076567,0.4587766341042229,0.8901483022508104
4683686,Nick Smith Jr.,LAL,2026-05-07,0.0,2.0,2.0,5.0,12.0,0,1,0,0,0,0,0,0,0,0,,0,0,,0,1,0,0,2.0,0.0,0.5,0.0,0.0,0.0,0.0,0.0,0.0,0.0,0.0,1.6666666666666667,1.5275252316519468,1.0,0.3333333333333333,0.0,0.3333333333333333,0.6666666666666666,0.0,0.0,0.0,0.3333333333333333,1.3333333333333333,,0.0,0.0,,0.0,0.3333333333333333,0.0,-2.0,0.5,0.7071067811865476,0.25,0.3535533905932738,0.0,0.0,0.16666666666666666,0.23570226039551584,0.3333333333333333,0.4714045207910317,0.6666666666666666,0.9428090415820634,0.0,0.0,0.0,0.0,0.6666666666666666,0.9428090415820634,2.4,2.8809720581775835,1.6,0.2,0.0,0.4,1.0,0.0,0.2,0.2,0.6,1.8,,0.0,0.0,,0.0,0.2,0.0,-0.4,0.5714285714285715,0.5150787536377127,0.16666666666666666,0.2886751345948129,0.0,0.0,0.15873015873015872,0.16723259925163075,0.3650793650793651,0.3378380421236946,0.6825396825396824,0.6672333192693238,0.0,0.0,0.047619047619047616,0.08247860988423225,0.7301587301587302,0.6756760842473892,5.3,6.412661087428699,4.3,0.1,0.3,0.9,1.8,0.0,0.1,0.2,1.6,3.1,,0.2,0.2,,0.0,0.1,0.1,0.8,0.7314213564213564,0.3937374111530254,0.08333333333333333,0.2041241452319315,0.037037037037037035,0.06728111897994427,0.17237854737854738,0.1447443409697639,0.3416305916305917,0.23381599865783945,0.6022126022126022,0.43407144808194387,0.027777777777777776,0.06804138174397717,0.03306878306878307,0.05819504538445028,0.6475036075036075,0.44196679756542184,,,,OKC,False,6.6,3.3279999999999994,0.46599999999999997,0.024,0.828,0.0,0.5499999999999999,0.5499999999999999,3.8179999999999996,3.7939999999999996,3.3519999999999994,0.49,0.5499999999999999,1.882,0.278,0.088,0.324,2.248,0.0,0.054,0.198,2.3108604458080113,0.5410323465376169,0.3037367281051141,0.5612699885082045,2.4055136665585586,1.2,0.25,0.4591252552408765
4683736,Kobe Bufkin,LAL,2026-05-07,0.0,28.0,0.0,0.0,4.0,2,0,1,0,1,0,0,0,1,2,,0,0,,0,0,1,-7,4.0,0.5,0.0,0.25,0.0,0.25,0.5,0.0,0.0,0.5,0.0,8.333333333333334,8.386497083606084,3.6666666666666665,1.3333333333333333,1.6666666666666667,0.6666666666666666,1.3333333333333333,0.0,0.0,0.3333333333333333,1.0,3.0,,1.0,1.3333333333333333,,0.0,1.3333333333333333,0.6666666666666666,-7.0,0.3333333333333333,0.2886751345948129,0.16666666666666666,0.16666666666666669,0.1574074074074074,0.1370245239532291,0.037037037037037035,0.06415002990995841,0.23148148148148148,0.11226255234242723,0.38888888888888884,0.09622504486493763,0.07407407407407407,0.12830005981991682,0.018518518518518517,0.032075014954979206,0.43999999999999995,0.0926162932629987,8.333333333333334,8.386497083606084,3.6666666666666665,1.3333333333333333,1.6666666666666667,0.6666666666666666,1.3333333333333333,0.0,0.0,0.3333333333333333,1.0,3.0,,1.0,1.3333333333333333,,0.0,1.3333333333333333,0.6666666666666666,-7.0,0.3333333333333333,0.2886751345948129,0.16666666666666666,0.16666666666666669,0.1574074074074074,0.1370245239532291,0.037037037037037035,0.06415002990995841,0.23148148148148148,0.11226255234242723,0.38888888888888884,0.09622504486493763,0.07407407407407407,0.12830005981991682,0.018518518518518517,0.032075014954979206,0.43999999999999995,0.0926162932629987,8.333333333333334,8.386497083606084,3.6666666666666665,1.3333333333333333,1.6666666666666667,0.6666666666666666,1.3333333333333333,0.0,0.0,0.3333333333333333,1.0,3.0,,1.0,1.3333333333333333,,0.0,1.3333333333333333,0.6666666666666666,-7.0,0.3333333333333333,0.2886751345948129,0.16666666666666666,0.16666666666666669,0.1574074074074074,0.1370245239532291,0.037037037037037035,0.06415002990995841,0.23148148148148148,0.11226255234242723,0.38888888888888884,0.09622504486493763,0.07407407407407407,0.12830005981991682,0.018518518518518517,0.032075014954979206,0.43999999999999995,0.0926162932629987,,,,OKC,False,8.0,3.4166666666666665,1.1333333333333333,1.5666666666666669,0.5666666666666667,0.176,0.144,0.48,6.116666666666667,4.55,4.983333333333333,2.7,0.31999999999999995,3.554,1.182,0.958,0.47,5.694,0.206,0.082,0.378,3.077512631980574,1.1211048122276526,0.9530141656869534,0.6878226515607058,3.3734795093493606,0.4555919226676435,0.27436472076416824,0.5891655115500228
4683774,Bronny James,LAL,2026-05-07,0.0,2.0,2.0,5.0,13.0,0,0,1,0,0,0,0,0,0,0,,0,0,,0,0,0,0,2.0,0.0,0.0,0.5,0.0,0.0,0.0,0.0,0.0,0.0,0.0,1.6666666666666667,1.5275252316519787,0.0,0.3333333333333333,0.6666666666666666,0.0,0.3333333333333333,0.3333333333333333,0.0,0.0,0.0,0.3333333333333333,,0.0,0.0,,0.3333333333333333,0.0,0.0,-2.0,0.0,0.0,0.16666666666666666,0.23570226039551584,0.41666666666666663,0.11785113019775796,0.0,0.0,0.16666666666666666,0.23570226039551584,0.16666666666666666,0.23570226039551584,0.0,0.0,0.0,0.0,0.1666666666666667,0.23570226039551584,5.8,6.1400325732034995,2.0,0.6,1.2,0.4,1.2,0.2,0.0,0.2,0.8,1.6,,0.0,0.0,,0.6,0.0,0.6,-0.6,0.2222222222222222,0.27216552697590873,0.11666666666666665,0.1575271875417536,0.275,0.20794408080236554,0.04444444444444444,0.05443310539518174,0.17777777777777776,0.15071844406945037,0.2222222222222222,0.15713484026367713,0.0,0.0,0.01666666666666668,0.033333333333333236,0.23888888888888887,0.17533037597843878,9.9,8.786985325531795,3.5,0.7,1.5,0.7,1.9,0.5,0.0,0.7,1.4,3.2,,0.0,0.0,,0.4,0.3,0.7,-1.6,0.23532664188651983,0.2533595771560456,0.07265264610802367,0.10838722219547801,0.17114888670952744,0.17352437833168768,0.04787895665088647,0.06139993460298949,0.14772276908051127,0.12551456124465288,0.2572534395570246,0.1529159637138605,0.0,0.0,0.09292615596963423,0.12381268302332184,0.3501795955266588,0.1855174816415149,,,,OKC,False,7.3,1.7766666666666664,0.5449999999999999,1.158,0.3553333333333333,0.20277777777777775,0.0,0.6083333333333333,3.4796666666666662,2.3216666666666663,2.9346666666666663,1.7029999999999998,0.20277777777777775,2.014,0.588,0.712,0.288,3.314,0.142,0.002,0.318,2.2684364659385987,0.7786244280781331,0.8324998498498364,0.5450284396249429,2.534443528666599,0.36583602884352434,0.25,0.5973909942407903
4702972,Chris Manon,LAL,2026-05-07,0.0,25.0,0.0,0.0,4.0,2,2,1,0,1,0,0,0,1,2,,0,0,,1,1,1,1,7.0,0.2857142857142857,0.2857142857142857,0.14285714285714285,0.0,0.14285714285714285,0.2857142857142857,0.0,0.0,0.2857142857142857,0.0,6.333333333333333,6.027713773341708,1.3333333333333333,1.3333333333333333,0.6666666666666666,0.0,0.3333333333333333,0.3333333333333333,0.0,0.0,0.6666666666666666,1.3333333333333333,,0.0,0.0,,0.3333333333333333,1.0,0.3333333333333333,-1.3333333333333333,0.22619047619047616,0.08417937871268423,0.22619047619047616,0.08417937871268423,0.11309523809523808,0.042089689356342115,0.0,0.0,0.07142857142857142,0.10101525445522107,0.22619047619047616,0.08417937871268423,0.0,0.0,0.0,0.0,0.22619047619047616,0.08417937871268423,6.333333333333333,6.027713773341708,1.3333333333333333,1.3333333333333333,0.6666666666666666,0.0,0.3333333333333333,0.3333333333333333,0.0,0.0,0.6666666666666666,1.3333333333333333,,0.0,0.0,,0.3333333333333333,1.0,0.3333333333333333,-1.3333333333333333,0.22619047619047616,0.08417937871268423,0.22619047619047616,0.08417937871268423,0.11309523809523808,0.042089689356342115,0.0,0.0,0.07142857142857142,0.10101525445522107,0.22619047619047616,0.08417937871268423,0.0,0.0,0.0,0.0,0.22619047619047616,0.08417937871268423,6.333333333333333,6.027713773341708,1.3333333333333333,1.3333333333333333,0.6666666666666666,0.0,0.3333333333333333,0.3333333333333333,0.0,0.0,0.6666666666666666,1.3333333333333333,,0.0,0.0,,0.3333333333333333,1.0,0.3333333333333333,-1.3333333333333333,0.22619047619047616,0.08417937871268423,0.22619047619047616,0.08417937871268423,0.11309523809523808,0.042089689356342115,0.0,0.0,0.07142857142857142,0.10101525445522107,0.22619047619047616,0.08417937871268423,0.0,0.0,0.0,0.0,0.22619047619047616,0.08417937871268423,,,,OKC,False,8.0,1.4333333333333331,1.4333333333333331,0.7166666666666666,0.0,0.176,0.144,0.48,3.583333333333333,2.8666666666666663,2.1499999999999995,2.1499999999999995,0.31999999999999995,1.084,1.284,0.55,0.052,2.918,0.188,0.078,0.294,1.4849053841911948,1.1573003067484255,0.7123903424387503,0.25,2.0335378039269396,0.46546321014662373,0.26817158686184484,0.5325072769455832
4897943,Dalton Knecht,LAL,2026-05-07,0.0,2.0,2.0,5.0,12.0,0,0,0,0,0,0,0,0,0,1,,0,0,,0,0,0,0,2.0,0.0,0.0,0.0,0.0,0.0,0.5,0.0,0.0,0.5,0.0,1.6666666666666667,1.5275252316519468,0.0,0.3333333333333333,0.0,0.0,0.3333333333333333,0.0,0.0,0.0,0.0,0.6666666666666666,,0.0,0.0,,0.0,0.3333333333333333,0.0,-2.0,0.0,0.0,0.16666666666666669,0.23570226039551584,0.0,0.0,0.0,0.0,0.16666666666666666,0.23570226039551584,0.41666666666666663,0.11785113019775796,0.0,0.0,0.0,0.0,0.41666666666666663,0.11785113019775796,2.4,2.8809720581775866,1.6,0.8,0.0,0.4,0.8,0.0,0.0,0.0,0.4,1.0,,0.4,0.4,,0.0,0.8,0.0,-0.4,0.38095238095238093,0.659828879073858,0.25396825396825395,0.22503883934536228,0.0,0.0,0.09523809523809523,0.1649572197684645,0.25396825396825395,0.22503883934536228,0.42063492063492064,0.08361629962581539,0.09523809523809523,0.1649572197684645,0.0,0.0,0.46253968253968253,0.11514097967406019,4.7,6.342975116877989,3.0,1.0,0.4,0.8,1.2,0.1,0.0,0.3,1.0,2.0,,0.2,0.2,,0.1,0.9,0.4,-0.9,0.4704469507101086,0.6409987473297787,0.18984962406015038,0.1735663615922455,0.05555555555555555,0.13608276348795434,0.12583542188805347,0.18055831571232728,0.2278613199665831,0.22106117980656717,0.38794903926482877,0.2465687854492515,0.047619047619047616,0.11664236870396086,0.02631578947368421,0.06446025638903101,0.4352172096908939,0.2524822282092384,,,,OKC,False,6.6,3.1039999999999996,1.5519999999999998,0.03200000000000001,0.7799999999999999,0.0,0.0,0.0,4.688,4.656,3.1359999999999997,1.5839999999999999,0.0,1.54,0.66,0.08,0.246,2.28,0.006,0.002,0.006,2.056307370020348,0.8368990381163072,0.28565713714171403,0.4748515557519002,2.2391069648411173,0.25,0.25,0.25
5060631,Adou Thiero,LAL,2026-05-07,0.0,2.0,2.0,5.0,12.0,0,0,0,0,0,0,0,0,0,0,,0,0,,0,0,0,0,2.0,0.0,0.0,0.0,0.0,0.0,0.0,0.0,0.0,0.0,0.0,1.6666666666666667,1.5275252316519468,0.6666666666666666,0.3333333333333333,0.0,0.0,0.0,0.0,0.0,0.0,0.3333333333333333,0.3333333333333333,,0.0,0.6666666666666666,,0.3333333333333333,0.0,0.3333333333333333,-2.0,0.3333333333333333,0.4714045207910317,0.16666666666666666,0.23570226039551584,0.0,0.0,0.0,0.0,0.0,0.0,0.16666666666666666,0.23570226039551584,0.3333333333333333,0.4714045207910317,0.0,0.0,0.31333333333333324,0.4431202495435697,2.2,2.4899799195977463,1.0,0.2,0.0,0.0,0.0,0.0,0.0,0.2,0.4,0.4,,0.2,0.6,,0.2,0.0,0.4,-0.4,0.38888888888888884,0.3469443332443554,0.1111111111111111,0.19245008972987526,0.0,0.0,0.0,0.0,0.0,0.0,0.16666666666666666,0.16666666666666666,0.27777777777777773,0.3469443332443555,0.05555555555555555,0.09622504486493763,0.3444444444444444,0.3179331399547419,5.1,6.854844191437825,2.3,0.9,0.4,0.1,0.2,0.1,0.0,0.5,0.8,1.1,,0.6,1.3,,0.3,0.6,0.4,-2.7,0.3849206349206349,0.3087597406972525,0.14285714285714285,0.1649572197684645,0.04365079365079364,0.07129617359198637,0.007936507936507936,0.019440394783993474,0.015873015873015872,0.03888078956798695,0.19444444444444442,0.12636256609595758,0.21825396825396823,0.28746158835055147,0.07142857142857142,0.08247860988423225,0.3619047619047619,0.2399614481508216,,,,OKC,False,6.483333333333333,1.0099999999999998,0.35,0.08000000000000002,0.020000000000000004,0.14263333333333333,0.1167,0.389,1.44,1.3599999999999999,1.0899999999999999,0.43,0.2593333333333333,0.806,0.374,0.1,0.05,1.28,0.144,0.054,0.242,1.285443114260604,0.6050818126501573,0.31304951684997057,0.25,1.42884568795934,0.40405940157358056,0.25,0.49742939197437863
2991350,Alex Caruso,OKC,2026-05-07,1.0,2.0,1.0,1.0,5.0,5,2,2,1,4,0,0,0,2,5,,0,0,,0,2,1,15,20.0,0.25,0.1,0.1,0.05,0.2,0.25,0.0,0.0,0.25,0.0,14.333333333333334,5.131601439446884,4.333333333333333,2.3333333333333335,1.3333333333333333,1.0,3.0,0.0,0.0,0.6666666666666666,1.6666666666666667,3.6666666666666665,,0.0,0.0,,0.0,2.3333333333333335,1.0,6.666666666666667,0.3346153846153846,0.23480446353226458,0.1692307692307692,0.11991120975476842,0.10000000000000002,0.1,0.08333333333333333,0.10408329997330665,0.21794871794871795,0.07471180658632544,0.2602564102564103,0.03573682016606758,0.0,0.0,0.06666666666666667,0.11547005383792516,0.3269230769230769,0.15019710915205106,14.0,4.242640687119285,4.5,2.75,1.0,1.0,3.0,0.25,0.0,0.75,1.75,3.75,,0.0,0.0,,0.0,2.75,1.0,6.75,0.3471153846153846,0.19334017705359735,0.20384615384615384,0.11991120975476843,0.07500000000000001,0.09574271077563382,0.08173076923076923,0.0850440772131342,0.22115384615384615,0.061337813917465046,0.27211538461538465,0.03760258814374992,0.0,0.0,0.06923076923076923,0.09442026994626651,0.34134615384615385,0.12598233337842019,14.0,4.242640687119285,4.5,2.75,1.0,1.0,3.0,0.25,0.0,0.75,1.75,3.75,,0.0,0.0,,0.0,2.75,1.0,6.75,0.3471153846153846,0.19334017705359735,0.20384615384615384,0.11991120975476843,0.07500000000000001,0.09574271077563382,0.08173076923076923,0.0850440772131342,0.22115384615384615,0.061337813917465046,0.27211538461538465,0.03760258814374992,0.0,0.0,0.06923076923076923,0.09442026994626651,0.34134615384615385,0.12598233337842019,,,,LAL,True,16.75,4.525,2.5125,1.2499999999999998,1.0,0.3685,0.3015,1.005,8.2875,7.0375000000000005,5.775,3.7625,0.6699999999999999,5.17,2.34,1.008,0.792,8.518,0.374,0.156,0.736,3.643226591909979,1.4270248771482577,0.987894731234052,0.9384753592929332,4.075006257663907,0.6083781718635211,0.3842707378919191,0.8592461812542433
3133626,Kenrich Williams,OKC,2026-05-07,1.0,2.0,1.0,1.0,7.0,0,0,0,0,0,0,0,0,0,0,,0,0,,0,0,0,0,2.0,0.0,0.0,0.0,0.0,0.0,0.0,0.0,0.0,0.0,0.0,12.666666666666666,16.77299416721217,5.0,4.0,0.3333333333333333,0.3333333333333333,2.0,0.6666666666666666,0.0,0.6666666666666666,2.3333333333333335,7.333333333333333,,0.0,0.0,,2.3333333333333335,1.6666666666666667,0.6666666666666666,-8.333333333333334,0.15625,0.2706329386826373,0.125,0.21650635094610965,0.010416666666666666,0.01804219591217589,0.010416666666666666,0.018042195912175808,0.0625,0.10825317547305485,0.22916666666666666,0.39692831006786766,0.0,0.0,0.020833333333333332,0.036084391824351615,0.25,0.43301270189221935,11.6,12.033287165193059,5.0,3.6,0.6,0.6,2.2,0.4,0.0,0.6,2.2,6.4,,0.0,0.0,,1.6,2.0,0.6,-4.8,0.3270833333333333,0.4220742842070444,0.18333333333333335,0.20112530643578616,0.04791666666666666,0.05492260969360029,0.05625,0.10915155747858113,0.1375,0.12808688457449496,0.3291666666666667,0.32086038846964093,0.0,0.0,0.0375,0.055901699437494755,0.3666666666666667,0.346610572384757,11.333333333333334,10.782702196883056,5.333333333333333,3.3333333333333335,0.8333333333333334,0.6666666666666666,2.1666666666666665,0.3333333333333333,0.0,0.6666666666666666,2.3333333333333335,6.0,,0.0,0.0,,1.5,1.8333333333333333,0.6666666666666666,-3.6666666666666665,0.3892361111111111,0.407056713277246,0.18611111111111112,0.1800205749557739,0.07326388888888889,0.0791712352482942,0.06354166666666666,0.09924847815793786,0.14791666666666667,0.11737138350836061,0.34097222222222223,0.288439487523749,0.0,0.0,0.04791666666666666,0.05613413993878118,0.3888888888888889,0.31476034387145096,,,,LAL,True,7.477333333333334,4.316666666666666,3.126666666666667,0.4766666666666667,0.44333333333333336,0.16450133333333333,0.134592,0.44864000000000004,7.92,7.443333333333333,4.793333333333333,3.6033333333333335,0.2990933333333333,3.736,2.266,0.614,0.466,6.616,0.206,0.076,0.352,2.9014313708926496,1.5242191443490007,0.7622361838695406,0.6579088082705689,3.2589176117232546,0.46428870328708194,0.2649981132008302,0.5797378718006958
4222252,Isaiah Hartenstein,OKC,2026-05-07,1.0,2.0,1.0,1.0,6.0,8,9,4,0,0,1,1,0,3,3,,2,2,,2,7,2,5,25.0,0.32,0.36,0.16,0.0,0.0,0.12,0.08,0.0,0.1552,0.0,18.333333333333332,7.637626158259733,6.0,7.0,2.3333333333333335,0.0,0.0,0.6666666666666666,0.6666666666666666,0.3333333333333333,2.3333333333333335,3.0,,1.3333333333333333,1.3333333333333333,,1.6666666666666667,5.333333333333333,2.6666666666666665,5.333333333333333,0.2733333333333334,0.2532455988429677,0.4033333333333333,0.08386497083606081,0.13666666666666666,0.07767453465154028,0.0,0.0,0.0,0.0,0.15666666666666665,0.08144527815247077,0.06,0.05291502622129181,0.03333333333333333,0.05773502691896258,0.2164,0.07083840766138094,18.8,5.449770637375485,7.0,7.0,2.4,0.0,0.0,0.8,1.0,0.4,2.8,3.6,,1.4,1.6,,2.2,4.8,1.6,13.6,0.3392631578947368,0.21000646342777274,0.38621052631578945,0.07679919494037879,0.13357894736842107,0.05876664024376556,0.0,0.0,0.0,0.0,0.18663157894736843,0.07415414057958566,0.07705263157894737,0.044144060313272365,0.030526315789473686,0.045029999234120925,0.25106105263157896,0.08065513136847823,18.8,5.449770637375485,7.0,7.0,2.4,0.0,0.0,0.8,1.0,0.4,2.8,3.6,,1.4,1.6,,2.2,4.8,1.6,13.6,0.3392631578947368,0.21000646342777274,0.38621052631578945,0.07679919494037879,0.13357894736842107,0.05876664024376556,0.0,0.0,0.0,0.0,0.18663157894736843,0.07415414057958566,0.07705263157894737,0.044144060313272365,0.030526315789473686,0.045029999234120925,0.25106105263157896,0.08065513136847823,,,,LAL,True,21.4835,6.85,7.300000000000001,2.62,0.0,0.472637,0.38670299999999996,1.28901,16.77,14.15,9.469999999999999,9.920000000000002,0.85934,4.828,4.708,1.962,0.346,11.498,0.48,0.174,0.944,3.0929623340739214,2.1887749998572263,1.3654874587487063,0.5816218702903115,4.079950489895681,0.6794115100585213,0.4095412067179565,1.022185893074249
4278073,Shai Gilgeous-Alexander,OKC,2026-05-07,1.0,2.0,1.0,1.0,6.0,18,3,6,0,1,1,2,7,8,15,,2,3,,0,3,1,9,35.0,0.5142857142857142,0.08571428571428572,0.17142857142857143,0.0,0.02857142857142857,0.42857142857142855,0.08571428571428572,0.2,0.6662857142857143,0.0,31.0,3.6055512754639896,21.0,1.6666666666666667,8.333333333333334,1.3333333333333333,3.0,1.3333333333333333,1.0,4.333333333333333,9.0,15.666666666666666,,1.6666666666666667,2.3333333333333335,,0.3333333333333333,1.3333333333333333,1.3333333333333333,17.0,0.6912698412698411,0.19048115072906494,0.05158730158730159,0.029578801831086188,0.27460317460317457,0.0980921559078119,0.04603174603174603,0.039935700398124205,0.09999999999999999,0.08921425711997713,0.5103174603174603,0.07246601100738706,0.07539682539682539,0.037971027663192665,0.1357142857142857,0.05578749768504755,0.6792063492063493,0.011999370101886432,29.4,3.9749213828703587,22.2,3.2,7.8,1.4,3.2,1.0,0.6,3.4,9.2,16.4,,2.4,3.0,,0.6,2.6,1.2,22.4,0.7680952380952382,0.17452234781431664,0.11095238095238096,0.08718318088644426,0.26976190476190476,0.07266587093117331,0.05095238095238095,0.03399012795189128,0.11166666666666666,0.0651420043107639,0.5561904761904761,0.1681448058578125,0.1069047619047619,0.06363426535987633,0.1130952380952381,0.059713981923735504,0.7163238095238096,0.11076738306887746,29.4,3.9749213828703587,22.2,3.2,7.8,1.4,3.2,1.0,0.6,3.4,9.2,16.4,,2.4,3.0,,0.6,2.6,1.2,22.4,0.7680952380952382,0.17452234781431664,0.11095238095238096,0.08718318088644426,0.26976190476190476,0.07266587093117331,0.05095238095238095,0.03399012795189128,0.11166666666666666,0.0651420043107639,0.5561904761904761,0.1681448058578125,0.1069047619047619,0.06363426535987633,0.1130952380952381,0.059713981923735504,0.7163238095238096,0.11076738306887746,,,,LAL,True,32.217999999999996,21.21,2.71,7.6899999999999995,1.17,0.7087959999999999,0.5799239999999999,1.9330799999999997,31.61,23.92,28.9,10.399999999999999,1.2887199999999996,12.086,3.25,3.288,1.266,18.624,0.708,0.314,1.358,5.374253808669628,1.8020821290940099,1.8201802108582543,1.1415971268359077,5.842142072904424,0.8382935046867535,0.5616084044955167,1.1856795519869607
4395702,Isaiah Joe,OKC,2026-05-07,1.0,2.0,1.0,1.0,7.0,9,1,1,1,3,1,0,0,4,6,,0,0,,0,1,0,11,11.0,0.8181818181818182,0.09090909090909091,0.09090909090909091,0.09090909090909091,0.2727272727272727,0.5454545454545454,0.0,0.0,0.5454545454545454,0.0,11.333333333333334,11.503622617824933,10.0,1.0,1.0,1.6666666666666667,3.3333333333333335,0.3333333333333333,0.0,0.0,3.3333333333333335,5.0,,1.6666666666666667,1.6666666666666667,,0.0,1.0,0.6666666666666666,7.0,0.865612648221344,0.06707732311651037,0.08893280632411067,0.0027948884631879387,0.08893280632411067,0.0027948884631879387,0.1324110671936759,0.05869265772694664,0.2885375494071146,0.02235910770550351,0.46837944664031617,0.10900065006432944,0.10869565217391304,0.15371886547533642,0.0,0.0,0.5162055335968379,0.041364349255181475,13.2,8.64291617453276,11.4,1.4,0.8,2.6,4.6,0.4,0.0,0.6,3.8,5.8,,1.2,1.2,,0.2,1.2,1.0,12.4,0.8435206098249577,0.15300011995919913,0.10795846665411882,0.02555790596079859,0.06232354601919819,0.04239120484873912,0.185253152644457,0.10449012970828733,0.34069734613212876,0.10699173012969249,0.4484754376058724,0.08882548742651208,0.07220496894409938,0.1024805507750979,0.0496031746031746,0.06746031746031746,0.5298487985444507,0.030257890345933094,13.166666666666666,7.730890418746515,12.833333333333334,1.1666666666666667,0.6666666666666666,3.1666666666666665,5.166666666666667,0.5,0.0,0.5,4.333333333333333,6.333333333333333,,1.0,1.0,,0.16666666666666666,1.0,0.8333333333333334,13.5,0.9825087955522738,0.33785404598657937,0.08636677332329505,0.05311224926782395,0.049858836815358555,0.04609344382965158,0.2405102144232579,0.15315141131237459,0.3956347999826261,0.15387021126581435,0.4972418885462364,0.13344777667317176,0.0577639751552795,0.09444262265216503,0.03968253968253968,0.06249212598422072,0.5623405772970991,0.07723492330995821,,,,LAL,True,11.847166666666666,10.906666666666666,1.1733333333333333,0.8633333333333333,2.1933333333333334,0.26063766666666666,0.21324899999999997,0.71083,12.943333333333333,12.08,11.77,2.0366666666666666,0.4738866666666666,7.418,1.358,0.734,1.126,9.51,0.322,0.1,0.594,4.484559733128772,1.1035560701658977,0.8736383691207706,1.1269977817192012,4.686352526219085,0.5747312415381645,0.3065941943351178,0.7517739021807022
4397020,Luguentz Dort,OKC,2026-05-07,1.0,2.0,1.0,1.0,7.0,6,3,4,2,5,0,0,2,2,5,,0,0,,0,3,1,2,28.0,0.21428571428571427,0.10714285714285714,0.14285714285714285,0.07142857142857142,0.17857142857142858,0.17857142857142858,0.0,0.07142857142857142,0.25,0.0,22.666666666666668,4.618802153517006,5.666666666666667,2.6666666666666665,1.6666666666666667,1.6666666666666667,4.333333333333333,1.0,0.0,0.6666666666666666,2.0,5.333333333333333,,0.0,0.0,,0.0,2.6666666666666665,1.6666666666666667,2.0,0.25476190476190474,0.04305509838101199,0.11904761904761905,0.02704242069428702,0.06428571428571428,0.07249208260780156,0.07380952380952381,0.02508488988774457,0.19285714285714287,0.012371791482634842,0.24285714285714288,0.09340497736158582,0.0,0.0,0.023809523809523808,0.041239304942116126,0.26666666666666666,0.0763762615825973,22.4,3.3615472627943226,7.6,2.6,1.8,2.0,4.6,1.6,0.2,0.8,2.8,5.8,,0.0,0.0,,0.0,2.6,1.4,11.6,0.34623188405797106,0.16065391457360234,0.11821946169772257,0.055389359363514454,0.0750103519668737,0.05340208378865733,0.09024844720496894,0.03481281962172908,0.20681159420289857,0.022253647049394917,0.26455486542443063,0.07682026453216892,0.0,0.0,0.03250517598343685,0.031531893981105154,0.29706004140786746,0.0733637764685757,22.166666666666668,3.0605010483034745,8.666666666666666,2.1666666666666665,1.6666666666666667,2.3333333333333335,4.833333333333333,1.6666666666666667,0.16666666666666666,0.8333333333333334,3.1666666666666665,6.166666666666667,,0.0,0.0,,0.0,2.1666666666666665,1.3333333333333333,12.166666666666666,0.3996376811594203,0.19432143267922058,0.09851621808143547,0.0691642375695488,0.07044513457556935,0.049055818221244954,0.10695307108350587,0.05141801903566833,0.21996204278812972,0.037865361922951285,0.2839544513457557,0.08354128343368425,0.0,0.0,0.03502415458937198,0.028870050047263122,0.31897860593512767,0.08478405382970856,,,,LAL,True,24.927666666666667,6.993333333333333,2.5933333333333337,2.0633333333333335,1.9666666666666668,0.5484086666666667,0.448698,1.49566,11.649999999999999,9.586666666666666,9.056666666666667,4.656666666666667,0.9971066666666666,9.328,2.658,1.514,1.478,13.5,0.634,0.206,1.004,5.185789814483422,1.580201253005452,1.2140032948884445,1.2858911306949745,5.594104039075426,0.8025235199045571,0.44222618647022705,1.041145522969772
4397183,Aaron Wiggins,OKC,2026-05-07,1.0,2.0,1.0,1.0,7.0,0,0,0,0,0,0,0,0,0,2,,0,0,,0,0,0,-2,5.0,0.0,0.0,0.0,0.0,0.0,0.4,0.0,0.0,0.4,0.0,11.333333333333334,11.846237095944574,5.0,1.3333333333333333,1.0,0.6666666666666666,2.0,1.0,0.0,0.3333333333333333,2.0,4.666666666666667,,0.3333333333333333,0.6666666666666666,,0.3333333333333333,1.0,1.0,-2.3333333333333335,0.34,0.2946183972531247,0.12333333333333334,0.12503332889007368,0.04,0.06928203230275508,0.02666666666666667,0.04618802153517005,0.08,0.13856406460551013,0.36333333333333334,0.10016652800877811,0.02666666666666667,0.046188021535170064,0.08333333333333333,0.14433756729740646,0.4584,0.05207379379303954,12.4,9.50263121456368,5.0,1.2,0.8,0.8,2.4,0.8,0.2,0.4,2.0,4.8,,0.2,0.4,,0.2,1.0,1.2,-1.4,0.304,0.2776328510821441,0.094,0.1033440854621105,0.049,0.06711929677819933,0.036,0.049799598391954934,0.13799999999999998,0.12735776379946373,0.36300000000000004,0.0713792686989717,0.016,0.03577708763999664,0.06,0.10839741694339398,0.4300400000000001,0.05424028023526428,12.5,8.502940667792526,5.333333333333333,1.0,0.8333333333333334,0.8333333333333334,2.6666666666666665,0.6666666666666666,0.16666666666666666,0.5,2.1666666666666665,5.0,,0.16666666666666666,0.3333333333333333,,0.16666666666666666,0.8333333333333334,1.0,-1.5,0.34307692307692306,0.26613161312207645,0.07833333333333332,0.1000832986400162,0.053653846153846156,0.06110605292556549,0.04282051282051282,0.04757222268097927,0.16628205128205129,0.13332384088498003,0.3794230769230769,0.07546061710407496,0.013333333333333334,0.032659863237109045,0.06282051282051282,0.09719944318474288,0.4481102564102564,0.06567199860210192,,,,LAL,True,8.8935,4.316666666666666,1.02,0.7466666666666666,0.6466666666666667,0.19565699999999997,0.16008299999999998,0.5336099999999999,6.083333333333332,5.336666666666666,5.063333333333333,1.7666666666666666,0.35573999999999995,4.304,1.176,0.66,0.642,6.14,0.25,0.106,0.434,3.186782703605629,1.0416448531049343,0.8345058418010027,0.760155247301497,3.488896673735122,0.51720402163943,0.3142674020639112,0.6764939024115443
4432823,Jaylin Williams,OKC,2026-05-07,1.0,2.0,1.0,1.0,7.0,3,7,3,1,2,1,0,2,1,3,,0,0,,2,5,3,11,20.0,0.15,0.35,0.15,0.05,0.1,0.15,0.0,0.1,0.25,0.0,11.333333333333334,10.263202878893768,2.6666666666666665,3.6666666666666665,1.3333333333333333,0.6666666666666666,1.6666666666666667,0.3333333333333333,0.0,0.6666666666666666,1.0,2.3333333333333335,,0.0,0.0,,0.6666666666666666,3.0,1.3333333333333333,3.6666666666666665,0.25357142857142856,0.14647211896007056,0.31785714285714284,0.04545686450484948,0.11071428571428571,0.05555838995037159,0.060714285714285714,0.015152288168283156,0.15714285714285714,0.08081220356417684,0.21785714285714286,0.09596449173246002,0.0,0.0,0.05,0.07071067811865477,0.26785714285714285,0.025253813613805257,12.0,7.3484692283495345,2.8,3.8,2.0,0.8,1.8,0.2,0.0,0.4,1.0,2.4,,0.0,0.0,,0.4,3.4,1.4,7.0,0.2517857142857143,0.22095764053674322,0.3107142857142857,0.05167270098621597,0.17142857142857143,0.07846312882516229,0.07202380952380952,0.06983337798124982,0.16190476190476188,0.1439639662650569,0.2130952380952381,0.1789836511871692,0.0,0.0,0.025,0.05,0.23809523809523808,0.17415165283723566,12.333333333333334,6.623191577077222,3.5,4.166666666666667,2.0,0.8333333333333334,1.6666666666666667,0.16666666666666666,0.0,0.3333333333333333,1.0,2.5,,0.6666666666666666,0.8333333333333334,,0.3333333333333333,3.8333333333333335,1.5,8.333333333333334,0.30142857142857143,0.22122110096056408,0.33428571428571424,0.06914197165902893,0.1657142857142857,0.06914197165902894,0.0719047619047619,0.060478065212786744,0.14380952380952378,0.13107786195880528,0.21333333333333332,0.1550053031058283,0.07142857142857142,0.15971914124998496,0.02,0.044721359549995794,0.26476190476190475,0.1621793889340176,,,,LAL,True,15.493333333333334,2.93,4.313333333333333,1.9499999999999997,0.7966666666666666,0.34085333333333334,0.27888,0.9296,9.193333333333332,7.243333333333332,4.88,6.263333333333332,0.6197333333333334,3.968,2.84,1.292,0.664,8.1,0.332,0.11,0.676,3.1443562139172463,1.729277305697383,1.134343863209036,0.7893693685468166,3.8023676834309437,0.5565752419933894,0.3433656942677879,0.8240291256988432
4433255,Chet Holmgren,OKC,2026-05-07,1.0,2.0,1.0,1.0,6.0,24,12,1,2,2,1,3,0,9,17,,4,4,,3,9,0,10,31.0,0.7741935483870968,0.3870967741935484,0.03225806451612903,0.06451612903225806,0.06451612903225806,0.5483870967741935,0.12903225806451613,0.0,0.6051612903225807,0.0,28.0,5.196152422706632,23.0,12.0,2.0,2.0,3.0,1.6666666666666667,3.0,1.3333333333333333,8.333333333333334,13.333333333333334,,4.333333333333333,5.666666666666667,,2.3333333333333335,9.666666666666666,2.0,19.666666666666668,0.8079178885630499,0.14591468934893778,0.4310850439882698,0.03812316715542521,0.06451612903225806,0.08534681648595453,0.0689149560117302,0.025941064535123355,0.10997067448680349,0.039535099010887885,0.47409579667644186,0.06670077071058449,0.19599217986314757,0.10969009498056566,0.05180840664711631,0.04676783465847775,0.6121407624633431,0.011835742249322887,24.8,5.890670590009257,19.4,9.4,1.4,2.2,3.6,1.4,2.8,1.2,7.2,11.6,,2.8,3.8,,1.8,7.6,2.0,20.4,0.7534376018246987,0.23707943320434904,0.36673183447376995,0.09819736578367794,0.047800586510263934,0.06651463416675409,0.0888237210817856,0.05542944840833396,0.155881394591072,0.06882452063386933,0.4622352557836429,0.06349383505500346,0.13577712609970677,0.11767535906749473,0.05128706419029,0.03326978510787022,0.5732642554578039,0.0734123028854196,24.8,5.890670590009257,19.4,9.4,1.4,2.2,3.6,1.4,2.8,1.2,7.2,11.6,,2.8,3.8,,1.8,7.6,2.0,20.4,0.7534376018246987,0.23707943320434904,0.36673183447376995,0.09819736578367794,0.047800586510263934,0.06651463416675409,0.0888237210817856,0.05542944840833396,0.155881394591072,0.06882452063386933,0.4622352557836429,0.06349383505500346,0.13577712609970677,0.11767535906749473,0.05128706419029,0.03326978510787022,0.5732642554578039,0.0734123028854196,,,,LAL,True,28.198500000000003,21.169999999999998,10.57,1.52,2.11,0.620367,0.507573,1.69191,33.26,31.74,22.689999999999998,12.09,1.1279400000000002,12.416,6.222,1.416,1.598,20.054,0.574,0.284,1.242,5.730178356735504,2.549650172082437,1.1379560624206895,1.2297951048853628,6.283556636173498,0.7671531789675384,0.5471233864495284,1.0933599590253889
4592435,Branden Carlson,OKC,2026-05-07,1.0,27.0,0.0,0.0,6.0,23,12,5,3,10,0,1,0,8,18,,4,4,,3,9,2,-21,37.0,0.6216216216216216,0.32432432432432434,0.13513513513513514,0.08108108108108109,0.2702702702702703,0.4864864864864865,0.10810810810810811,0.0,0.5340540540540542,0.0,14.666666666666666,19.65536398374076,10.333333333333334,4.666666666666667,2.0,1.3333333333333333,4.0,0.0,0.3333333333333333,0.0,3.6666666666666665,7.333333333333333,,1.6666666666666667,2.0,,1.0,3.6666666666666665,1.0,-7.333333333333333,0.8822393822393821,0.3685691716609417,0.305019305019305,0.027301420123032747,0.138996138996139,0.005460284024606534,0.11196911196911197,0.04368227219685235,0.277992277992278,0.010920568049213068,0.528957528957529,0.06006312427067199,0.1969111969111969,0.1255865325659505,0.0,0.0,0.6155984555984557,0.11532119859969021,12.8,14.20211251891774,9.2,4.0,1.4,1.0,2.8,0.0,0.8,0.4,3.6,6.2,,1.0,1.4,,0.8,3.2,1.0,-5.6,0.8682030244530244,0.47580319246535874,0.29834298584298585,0.038279161928882866,0.09033140283140283,0.06576489212283688,0.08723455598455598,0.06368629874442497,0.201496138996139,0.1351245054653719,0.5144787644787645,0.20772266557478372,0.11928893178893178,0.12020130830542242,0.041666666666666664,0.08333333333333333,0.6086325611325611,0.13844208072314892,12.8,14.20211251891774,9.2,4.0,1.4,1.0,2.8,0.0,0.8,0.4,3.6,6.2,,1.0,1.4,,0.8,3.2,1.0,-5.6,0.8682030244530244,0.47580319246535874,0.29834298584298585,0.038279161928882866,0.09033140283140283,0.06576489212283688,0.08723455598455598,0.06368629874442497,0.201496138996139,0.1351245054653719,0.5144787644787645,0.20772266557478372,0.11928893178893178,0.12020130830542242,0.041666666666666664,0.08333333333333333,0.6086325611325611,0.13844208072314892,,,,LAL,True,16.990000000000002,11.61,5.3999999999999995,2.12,1.3999999999999997,0.37378,0.30582000000000004,1.0194,19.13,17.009999999999998,13.73,7.52,0.6796,7.956,3.506,1.362,1.062,12.824,0.318,0.162,0.666,4.443204249187741,1.8670736461104045,1.0913093053758864,1.0364149748049765,4.928389594989422,0.552155775121478,0.38955872471297576,0.778745144447142
4593803,Jalen Williams,OKC,2026-05-07,1.0,29.0,0.0,0.0,4.0,18,6,6,0,1,2,0,3,7,12,,4,4,,1,5,3,13,32.0,0.5625,0.1875,0.1875,0.0,0.03125,0.375,0.125,0.09375,0.5237499999999999,0.0,27.0,4.58257569495584,14.333333333333334,5.666666666666667,7.0,0.3333333333333333,1.3333333333333333,1.3333333333333333,0.0,2.0,5.333333333333333,10.333333333333334,,3.3333333333333335,3.3333333333333335,,1.3333333333333333,4.333333333333333,1.3333333333333333,25.0,0.5247352285395763,0.07823433804648319,0.2185758082497213,0.1594778206128615,0.26818561872909696,0.08016815324289252,0.012820512820512822,0.022205779584216375,0.05055044593088071,0.023643589830257293,0.38531215161649945,0.045205306554034284,0.12193422519509477,0.033550036545718226,0.07305602006688963,0.030151640998086027,0.5120192307692307,0.05479613575867228,27.0,4.58257569495584,14.333333333333334,5.666666666666667,7.0,0.3333333333333333,1.3333333333333333,1.3333333333333333,0.0,2.0,5.333333333333333,10.333333333333334,,3.3333333333333335,3.3333333333333335,,1.3333333333333333,4.333333333333333,1.3333333333333333,25.0,0.5247352285395763,0.07823433804648319,0.2185758082497213,0.1594778206128615,0.26818561872909696,0.08016815324289252,0.012820512820512822,0.022205779584216375,0.05055044593088071,0.023643589830257293,0.38531215161649945,0.045205306554034284,0.12193422519509477,0.033550036545718226,0.07305602006688963,0.030151640998086027,0.5120192307692307,0.05479613575867228,27.0,4.58257569495584,14.333333333333334,5.666666666666667,7.0,0.3333333333333333,1.3333333333333333,1.3333333333333333,0.0,2.0,5.333333333333333,10.333333333333334,,3.3333333333333335,3.3333333333333335,,1.3333333333333333,4.333333333333333,1.3333333333333333,25.0,0.5247352285395763,0.07823433804648319,0.2185758082497213,0.1594778206128615,0.26818561872909696,0.08016815324289252,0.012820512820512822,0.022205779584216375,0.05055044593088071,0.023643589830257293,0.38531215161649945,0.045205306554034284,0.12193422519509477,0.033550036545718226,0.07305602006688963,0.030151640998086027,0.5120192307692307,0.05479613575867228,,,,LAL,True,27.75,14.883333333333333,5.716666666666667,6.85,0.2833333333333333,0.6104999999999999,0.49949999999999994,1.665,27.450000000000003,20.6,21.733333333333334,12.566666666666666,1.1099999999999999,8.516,4.586,3.3,0.736,16.402,0.658,0.216,1.15,4.619712545169883,2.1350887569372845,1.7714400921284355,0.8638888817434798,5.341572427665846,0.7726810467456802,0.4662016730986709,1.107925990308017
4683692,Cason Wallace,OKC,2026-05-07,1.0,2.0,1.0,1.0,7.0,5,3,2,1,3,3,1,2,2,6,,0,0,,1,2,2,11,19.0,0.2631578947368421,0.15789473684210525,0.10526315789473684,0.05263157894736842,0.15789473684210525,0.3157894736842105,0.0,0.10526315789473684,0.42105263157894735,0.0,13.333333333333334,11.590225767142474,2.6666666666666665,1.6666666666666667,1.0,0.6666666666666666,2.6666666666666665,1.0,0.6666666666666666,1.3333333333333333,1.0,4.0,,0.0,0.0,,0.3333333333333333,1.3333333333333333,1.0,4.333333333333333,0.20300751879699247,0.08506547743597564,0.12656641604010024,0.044304936164570645,0.07644110275689223,0.04076054127140499,0.05012531328320802,0.003544394893166108,0.19799498746867167,0.05671031829065043,0.3007518796992481,0.02126636935899391,0.0,0.0,0.10025062656641603,0.007088789786331304,0.40100250626566414,0.028355159145325215,17.0,9.617692030835672,5.8,2.4,1.4,1.4,3.0,1.6,0.4,0.8,2.0,5.2,,0.4,0.4,,0.6,1.8,1.4,12.0,0.33766976730363457,0.26442475480738054,0.14184052027301455,0.06516757674562733,0.08219288339425639,0.04244437143731838,0.08138676731354078,0.0670587892115465,0.17755480598730028,0.07007515737707568,0.3074905643555529,0.1154861795771754,0.021739130434782608,0.043478260869565216,0.05012531328320802,0.05802424512676804,0.3671810950300653,0.10762829328611939,17.666666666666668,8.75595035770913,6.166666666666667,2.8333333333333335,1.5,1.5,3.3333333333333335,1.5,0.3333333333333333,0.6666666666666666,2.1666666666666665,5.5,,0.3333333333333333,0.3333333333333333,,0.6666666666666666,2.1666666666666665,1.3333333333333333,14.666666666666666,0.34632629003338383,0.22981517605471757,0.16109146383745926,0.07097960224444835,0.08480192576302416,0.03721799310067528,0.08415703289845167,0.05840404750480636,0.18966289240888784,0.06645242316898314,0.31265911815110903,0.10067950633910801,0.017391304347826087,0.038888138739126776,0.040100250626566414,0.055023805514035455,0.3604115426907189,0.09442998110313243,,,,LAL,True,17.266666666666666,4.813333333333333,2.356666666666667,1.39,1.14,0.37986666666666663,0.31079999999999997,1.0359999999999998,8.56,7.17,6.203333333333332,3.746666666666667,0.6906666666666665,6.336,2.288,1.204,0.988,9.828,0.412,0.18,0.762,4.0692878983920515,1.4453567033780967,1.1637800479472056,0.9694617063092281,4.490257899052125,0.6342365489310751,0.41424630354415964,0.8107749379451735
4683778,Jared McCain,OKC,2026-05-07,1.0,2.0,1.0,1.0,7.0,12,2,2,4,5,0,0,0,4,7,,0,0,,1,1,3,4,15.0,0.8,0.13333333333333333,0.13333333333333333,0.26666666666666666,0.3333333333333333,0.4666666666666667,0.0,0.0,0.4666666666666667,0.0,14.666666666666666,10.503967504392486,10.333333333333334,1.0,1.3333333333333333,2.3333333333333335,4.666666666666667,0.0,0.0,1.0,4.0,7.0,,0.0,0.0,,0.3333333333333333,0.6666666666666666,1.0,-1.0,0.7999999999999999,0.2,0.05777777777777778,0.06842135252595849,0.07111111111111111,0.0671096394246289,0.1288888888888889,0.13355537067837084,0.3011111111111111,0.044762749063297094,0.5522222222222223,0.1717987625532117,0.0,0.0,0.18000000000000002,0.2778488797889961,0.7322222222222221,0.4484582642953688,15.0,7.44983221287567,9.8,1.2,1.4,2.2,4.4,0.2,0.0,1.0,3.6,6.6,,0.4,0.4,,0.2,1.0,1.4,0.6,0.7075,0.32253875736103405,0.073,0.05657345274557278,0.08183333333333334,0.055628979258416505,0.12816666666666668,0.10365608198911117,0.284,0.03981903509071454,0.4846666666666667,0.1735511451993331,0.025,0.05590169943749475,0.13383333333333333,0.20639397331855944,0.6295,0.3611592061989037,14.5,6.774953874381729,9.5,1.3333333333333333,1.5,1.8333333333333333,4.0,0.3333333333333333,0.0,1.0,3.6666666666666665,6.5,,0.3333333333333333,0.3333333333333333,,0.16666666666666666,1.1666666666666667,1.3333333333333333,1.5,0.7006944444444444,0.2889686722094949,0.0886111111111111,0.06342464178208014,0.09597222222222222,0.06062273287093498,0.10680555555555556,0.10645867308056246,0.2644444444444444,0.05969056008250353,0.4872222222222222,0.15535502948145963,0.020833333333333332,0.05103103630798288,0.12541666666666668,0.18575203752434172,0.6218055555555556,0.323579981812271,,,,LAL,True,14.87,10.23,1.2866666666666666,1.49,2.436666666666667,0.32714,0.26765999999999995,0.8921999999999999,13.006666666666668,11.516666666666667,11.72,2.7766666666666664,0.5948,8.27,1.47,1.082,1.31,10.822,0.324,0.154,0.602,4.603596420191501,1.2857293649909378,1.0174851350265517,1.160129303138232,4.950385439539026,0.6091173942681329,0.40284488329877044,0.7096449816633666
4684208,Brooks Barnhizer,OKC,2026-05-07,1.0,27.0,0.0,0.0,4.0,14,9,2,1,3,2,0,2,5,10,,3,4,,2,7,3,-15,33.0,0.42424242424242425,0.2727272727272727,0.06060606060606061,0.030303030303030304,0.09090909090909091,0.30303030303030304,0.12121212121212122,0.06060606060606061,0.416969696969697,0.0,14.666666666666666,15.885003409925142,5.333333333333333,4.333333333333333,1.0,0.3333333333333333,1.0,1.0,0.0,0.6666666666666666,2.0,4.333333333333333,,1.0,1.3333333333333333,,1.3333333333333333,3.0,1.3333333333333333,-5.666666666666667,0.25252525252525254,0.22336711502521195,0.3131313131313131,0.33516484895024357,0.08686868686868687,0.10255385976967318,0.010101010101010102,0.017495462702715934,0.030303030303030304,0.0524863881081478,0.2787878787878788,0.06989431875558057,0.04040404040404041,0.06998185081086374,0.020202020202020204,0.03499092540543187,0.31676767676767675,0.10942932917581555,14.666666666666666,15.885003409925142,5.333333333333333,4.333333333333333,1.0,0.3333333333333333,1.0,1.0,0.0,0.6666666666666666,2.0,4.333333333333333,,1.0,1.3333333333333333,,1.3333333333333333,3.0,1.3333333333333333,-5.666666666666667,0.25252525252525254,0.22336711502521195,0.3131313131313131,0.33516484895024357,0.08686868686868687,0.10255385976967318,0.010101010101010102,0.017495462702715934,0.030303030303030304,0.0524863881081478,0.2787878787878788,0.06989431875558057,0.04040404040404041,0.06998185081086374,0.020202020202020204,0.03499092540543187,0.31676767676767675,0.10942932917581555,14.666666666666666,15.885003409925142,5.333333333333333,4.333333333333333,1.0,0.3333333333333333,1.0,1.0,0.0,0.6666666666666666,2.0,4.333333333333333,,1.0,1.3333333333333333,,1.3333333333333333,3.0,1.3333333333333333,-5.666666666666667,0.25252525252525254,0.22336711502521195,0.3131313131313131,0.33516484895024357,0.08686868686868687,0.10255385976967318,0.010101010101010102,0.017495462702715934,0.030303030303030304,0.0524863881081478,0.2787878787878788,0.06989431875558057,0.04040404040404041,0.06998185081086374,0.020202020202020204,0.03499092540543187,0.31676767676767675,0.10942932917581555,,,,LAL,True,17.416666666666664,6.633333333333333,5.033333333333333,1.15,0.4333333333333333,0.3831666666666666,0.31349999999999995,1.045,12.816666666666666,11.666666666666666,7.783333333333333,6.183333333333334,0.6966666666666665,5.168,3.538,0.98,0.608,9.686,0.414,0.184,0.714,3.5899548743682,1.9881036190299537,1.0254754994635416,0.7552059321800909,4.380342908951307,0.6531492938065538,0.42678331738717257,0.851001762630372
4697270,Payton Sandfort,OKC,2026-05-07,1.0,27.0,0.0,0.0,2.0,8,4,0,1,4,0,0,0,3,8,,1,2,,0,4,2,-11,28.0,0.2857142857142857,0.14285714285714285,0.0,0.03571428571428571,0.14285714285714285,0.2857142857142857,0.07142857142857142,0.0,0.31714285714285717,0.0,28.0,,8.0,4.0,0.0,1.0,4.0,0.0,0.0,0.0,3.0,8.0,,1.0,2.0,,0.0,4.0,2.0,-11.0,0.2857142857142857,,0.14285714285714285,,0.0,,0.03571428571428571,,0.14285714285714285,,0.2857142857142857,,0.07142857142857142,,0.0,,0.31714285714285717,,28.0,,8.0,4.0,0.0,1.0,4.0,0.0,0.0,0.0,3.0,8.0,,1.0,2.0,,0.0,4.0,2.0,-11.0,0.2857142857142857,,0.14285714285714285,,0.0,,0.03571428571428571,,0.14285714285714285,,0.2857142857142857,,0.07142857142857142,,0.0,,0.31714285714285717,,28.0,,8.0,4.0,0.0,1.0,4.0,0.0,0.0,0.0,3.0,8.0,,1.0,2.0,,0.0,4.0,2.0,-11.0,0.2857142857142857,,0.14285714285714285,,0.0,,0.03571428571428571,,0.14285714285714285,,0.2857142857142857,,0.07142857142857142,,0.0,,0.31714285714285717,,,,,LAL,True,28.0,8.0,4.0,0.0,1.0,0.616,0.504,1.68,12.0,12.0,8.0,4.0,1.12,8.35,3.786,0.68,1.064,12.816,0.652,0.296,1.262,4.5964660338133685,1.9026833682985722,0.7807688518377254,1.029516391321673,4.980978217177826,0.7790353008689658,0.5480729878401234,1.112365047994587
4900671,Ajay Mitchell,OKC,2026-05-07,1.0,2.0,1.0,1.0,7.0,18,2,4,1,5,0,0,1,7,16,,3,3,,0,2,1,14,28.0,0.6428571428571429,0.07142857142857142,0.14285714285714285,0.03571428571428571,0.17857142857142858,0.5714285714285714,0.10714285714285714,0.03571428571428571,0.6542857142857142,0.0,17.333333333333332,15.14375558880073,8.333333333333334,1.0,2.3333333333333335,0.3333333333333333,2.0,0.3333333333333333,0.0,0.3333333333333333,3.3333333333333335,7.333333333333333,,1.3333333333333333,1.6666666666666667,,0.0,1.0,0.6666666666666666,9.333333333333334,0.4672619047619048,0.24832916720241852,0.05654761904761904,0.021044844678171058,0.13392857142857142,0.012626906806902628,0.017857142857142856,0.025253813613805267,0.11011904761904762,0.09680628551958687,0.4107142857142857,0.22728432252424738,0.09523809523809523,0.016835875742536845,0.017857142857142856,0.025253813613805267,0.4704761904761905,0.25994592146476886,18.4,10.830512453249847,8.2,1.4,3.4,0.6,2.6,0.6,0.0,0.6,3.2,8.0,,1.2,1.4,,0.4,1.0,0.8,10.0,0.4328790726817043,0.15078143753318404,0.07714598997493734,0.04549865645776186,0.19478383458646614,0.1160638182035235,0.03399122807017543,0.023745544563455137,0.14340538847117795,0.07324146673406039,0.4309210526315789,0.13454738760025525,0.07142857142857142,0.048600986959983696,0.035244360902255634,0.04962251744393247,0.49759398496240603,0.15957900803857555,18.0,9.736529155710468,8.5,1.6666666666666667,3.0,0.8333333333333334,2.8333333333333335,0.5,0.0,0.5,3.3333333333333335,7.833333333333333,,1.0,1.1666666666666667,,0.6666666666666666,1.0,1.1666666666666667,12.5,0.4713032581453634,0.15631177681530742,0.09921679197994987,0.06315217581618549,0.1683270676691729,0.11663151375406787,0.05219298245614035,0.045600520595671275,0.16472431077694236,0.07934555172417325,0.4322368421052632,0.11655859531684175,0.05714285714285714,0.05283890719326701,0.028195488721804506,0.04577366790182676,0.4855751879699248,0.14078832430519295,,,,LAL,True,22.436,9.77,1.4233333333333333,3.0900000000000003,0.6266666666666667,0.493592,0.403848,1.34616,14.283333333333333,11.193333333333333,12.86,4.513333333333334,0.89744,7.184,1.988,1.996,0.844,11.168,0.52,0.194,1.006,4.2579506807853,1.3826988102981792,1.4085396693029273,0.909760408019606,4.738752578474634,0.7304792947099871,0.45206636680912243,1.0109223511229732
5159925,Nikola Topic,OKC,2026-05-07,1.0,2.0,1.0,1.0,7.0,0,0,0,0,0,0,0,0,0,0,,0,0,,0,0,0,0,0.0,,,,,,,,,,0.0,13.0,22.516660498395403,4.666666666666667,0.6666666666666666,3.6666666666666665,0.6666666666666666,1.0,1.3333333333333333,0.0,2.6666666666666665,2.0,4.0,,0.0,0.0,,0.6666666666666666,0.0,1.0,-5.666666666666667,0.358974358974359,,0.05128205128205128,,0.28205128205128205,,0.05128205128205128,,0.07692307692307693,,0.3076923076923077,,0.0,,0.20512820512820512,,0.5128205128205128,,11.4,16.087262041752165,3.2,1.0,3.6,0.4,0.8,1.0,0.0,1.8,1.2,3.4,,0.4,0.4,,0.8,0.2,1.0,-4.2,0.20299145299145302,0.1840461904499902,0.13376068376068376,0.10357144206613615,0.3606837606837607,0.12098470986829454,0.017094017094017092,0.029607706112288502,0.05897435897435899,0.05236045604272343,0.2775641025641026,0.1399536764725579,0.08333333333333333,0.14433756729740646,0.11004273504273504,0.10337884196503228,0.42427350427350424,0.07924916114362342,11.5,14.390969390558789,3.0,1.1666666666666667,3.3333333333333335,0.3333333333333333,0.8333333333333334,0.8333333333333334,0.0,1.5,1.1666666666666667,3.1666666666666665,,0.3333333333333333,0.3333333333333333,,0.6666666666666666,0.5,1.0,-3.8333333333333335,0.19391025641025642,0.1513666828317515,0.14198717948717948,0.08615139775723243,0.3121794871794872,0.13845164573712998,0.01282051282051282,0.02564102564102564,0.06506410256410257,0.04445317550663028,0.2498397435897436,0.12701409906363445,0.0625,0.125,0.08253205128205128,0.1007578327539625,0.3598717948717949,0.14414324029737768,,,,LAL,True,10.19,3.12,0.7833333333333333,3.0266666666666664,0.4066666666666666,0.22417999999999996,0.18341999999999997,0.6113999999999999,6.93,3.9033333333333333,6.1466666666666665,3.8099999999999996,0.40759999999999996,3.232,1.026,1.662,0.428,5.92,0.25,0.102,0.514,2.8181866510222493,0.9345180576104455,1.317480929653253,0.6138534026948128,3.2114794098670476,0.48528342234203714,0.31558833945505654,0.7278763631276949
