date,snapshot_ts,player_id,player_name,team,stat,side,line,price,implied_prob,model_prob,model_prob_raw,edge,ev,bookmaker,bookmaker_title,commence_time,home_team,away_team,sentiment_strength,sentiment_w,sentiment_applied
2026-05-30,2026-05-30T13:09:03.857490+00:00,4278073,Shai Gilgeous-Alexander,OKC,ast,UNDER,6.5,155,0.39215686274509803,0.45079945204991634,0.7831074581105536,0.058642589304818304,0.1495386027272867,bovada,Bovada,2026-05-31T00:10:00Z,Oklahoma City Thunder,San Antonio Spurs,,,False
2026-05-30,2026-05-30T13:09:03.857490+00:00,4845367,Stephon Castle,SAS,ast,UNDER,5.5,190,0.3448275862068966,0.39392939993532233,0.6721730110630681,0.04910181372842576,0.14239525981243484,bovada,Bovada,2026-05-31T00:10:00Z,Oklahoma City Thunder,San Antonio Spurs,,,False
2026-05-30,2026-05-30T13:09:03.857490+00:00,4278073,Shai Gilgeous-Alexander,OKC,ast,UNDER,7.5,102,0.49504950495049505,0.5554724758415392,0.8978693108907895,0.0604229708910442,0.12205440119990929,betrivers,BetRivers,2026-05-31T00:10:00Z,Oklahoma City Thunder,San Antonio Spurs,,,False
2026-05-30,2026-05-30T13:09:03.857490+00:00,4278073,Shai Gilgeous-Alexander,OKC,ast,UNDER,7.5,100,0.5,0.5596803966336185,0.8978693108907895,0.05968039663361846,0.11936079326723692,fanduel,FanDuel,2026-05-31T00:10:00Z,Oklahoma City Thunder,San Antonio Spurs,,,False
2026-05-30,2026-05-30T13:09:03.857490+00:00,4278073,Shai Gilgeous-Alexander,OKC,ast,UNDER,7.5,100,0.5,0.5596803966336185,0.8978693108907895,0.05968039663361846,0.11936079326723692,betmgm,BetMGM,2026-05-31T00:10:00Z,Oklahoma City Thunder,San Antonio Spurs,,,False
2026-05-30,2026-05-30T13:09:03.857490+00:00,4845367,Stephon Castle,SAS,ast,UNDER,6.5,114,0.4672897196261682,0.5204696506451486,0.8218225930860377,0.053179931018980386,0.113805052380618,betrivers,BetRivers,2026-05-31T00:10:00Z,Oklahoma City Thunder,San Antonio Spurs,,,False
2026-05-30,2026-05-30T13:09:03.857490+00:00,4278073,Shai Gilgeous-Alexander,OKC,ast,UNDER,7.5,-110,0.5238095238095238,0.5799184918717137,0.8978693108907895,0.0561089680621899,0.10711712084599889,williamhill_us,Caesars,2026-05-31T00:10:00Z,Oklahoma City Thunder,San Antonio Spurs,,,False
2026-05-30,2026-05-30T13:09:03.857490+00:00,4845367,Stephon Castle,SAS,ast,UNDER,6.5,107,0.4830917874396135,0.5339014082865772,0.8218225930860377,0.050809620846963666,0.10517591515321478,draftkings,DraftKings,2026-05-31T00:10:00Z,Oklahoma City Thunder,San Antonio Spurs,,,False
2026-05-30,2026-05-30T13:09:03.857490+00:00,4845367,Stephon Castle,SAS,ast,UNDER,6.5,107,0.4830917874396135,0.5339014082865772,0.8218225930860377,0.050809620846963666,0.10517591515321478,williamhill_us,Caesars,2026-05-31T00:10:00Z,Oklahoma City Thunder,San Antonio Spurs,,,False
2026-05-30,2026-05-30T13:09:03.857490+00:00,4278073,Shai Gilgeous-Alexander,OKC,ast,UNDER,7.5,-113,0.5305164319248826,0.5856193637697686,0.8978693108907895,0.055102931844886016,0.10386658834478513,draftkings,DraftKings,2026-05-31T00:10:00Z,Oklahoma City Thunder,San Antonio Spurs,,,False
2026-05-30,2026-05-30T13:09:03.857490+00:00,4845367,Stephon Castle,SAS,ast,UNDER,6.5,105,0.4878048780487805,0.5379075353043691,0.8218225930860377,0.0501026572555886,0.10271044737395663,betmgm,BetMGM,2026-05-31T00:10:00Z,Oklahoma City Thunder,San Antonio Spurs,,,False
2026-05-30,2026-05-30T13:09:03.857490+00:00,4845367,Stephon Castle,SAS,ast,UNDER,6.5,105,0.4878048780487805,0.5379075353043691,0.8218225930860377,0.0501026572555886,0.10271044737395663,bovada,Bovada,2026-05-31T00:10:00Z,Oklahoma City Thunder,San Antonio Spurs,,,False
2026-05-30,2026-05-30T13:09:03.857490+00:00,4278073,Shai Gilgeous-Alexander,OKC,ast,UNDER,7.5,-115,0.5348837209302325,0.589331559424316,0.8978693108907895,0.05444783849408352,0.10179378501067782,bovada,Bovada,2026-05-31T00:10:00Z,Oklahoma City Thunder,San Antonio Spurs,,,False
2026-05-30,2026-05-30T13:09:03.857490+00:00,4066259,De'Aaron Fox,SAS,ast,UNDER,5.5,112,0.4716981132075472,0.5179962756028949,0.7803525291765313,0.046298162395347675,0.09815210427813714,draftkings,DraftKings,2026-05-31T00:10:00Z,Oklahoma City Thunder,San Antonio Spurs,,,False
2026-05-30,2026-05-30T13:09:03.857490+00:00,4066259,De'Aaron Fox,SAS,ast,UNDER,5.5,110,0.47619047619047616,0.5218147841383844,0.7803525291765313,0.04562430794790828,0.09581104669060736,bovada,Bovada,2026-05-31T00:10:00Z,Oklahoma City Thunder,San Antonio Spurs,,,False
2026-05-30,2026-05-30T13:09:03.857490+00:00,3133626,Kenrich Williams,OKC,ast,OVER,0.5,120,0.45454545454545453,0.4956349461454432,0.7284753985453789,0.04108949159998865,0.09039688151997505,betmgm,BetMGM,2026-05-31T00:10:00Z,Oklahoma City Thunder,San Antonio Spurs,,,False
2026-05-30,2026-05-30T13:09:03.857490+00:00,4066259,De'Aaron Fox,SAS,ast,UNDER,5.5,102,0.49504950495049505,0.5378449585844005,0.7803525291765313,0.04279545363390547,0.08644681634048901,fanduel,FanDuel,2026-05-31T00:10:00Z,Oklahoma City Thunder,San Antonio Spurs,,,False
2026-05-30,2026-05-30T13:09:03.857490+00:00,4066259,De'Aaron Fox,SAS,ast,UNDER,5.5,102,0.49504950495049505,0.5378449585844005,0.7803525291765313,0.04279545363390547,0.08644681634048901,williamhill_us,Caesars,2026-05-31T00:10:00Z,Oklahoma City Thunder,San Antonio Spurs,,,False
2026-05-30,2026-05-30T13:09:03.857490+00:00,4592479,Julian Champagnie,SAS,ast,OVER,1.5,132,0.43103448275862066,0.46786242173627823,0.6765540759430047,0.03682793897765757,0.08544081842816553,draftkings,DraftKings,2026-05-31T00:10:00Z,Oklahoma City Thunder,San Antonio Spurs,,,False
2026-05-30,2026-05-30T13:09:03.857490+00:00,4592479,Julian Champagnie,SAS,ast,OVER,1.5,130,0.43478260869565216,0.47104832878275504,0.6765540759430047,0.03626572008710288,0.08341115620033657,bovada,Bovada,2026-05-31T00:10:00Z,Oklahoma City Thunder,San Antonio Spurs,,,False
2026-05-30,2026-05-30T13:09:03.857490+00:00,4845367,Stephon Castle,SAS,ast,UNDER,7.5,-150,0.6,0.6478582889144305,0.9190552594295369,0.04785828891443056,0.07976381485738421,fanatics,Fanatics,2026-05-31T00:10:00Z,Oklahoma City Thunder,San Antonio Spurs,,,False
2026-05-30,2026-05-30T13:09:03.857490+00:00,4845367,Stephon Castle,SAS,ast,UNDER,7.5,-152,0.6031746031746031,0.6505567016128432,0.9190552594295369,0.04738209843824004,0.07855453162129267,fanduel,FanDuel,2026-05-31T00:10:00Z,Oklahoma City Thunder,San Antonio Spurs,,,False
2026-05-30,2026-05-30T13:09:03.857490+00:00,4066259,De'Aaron Fox,SAS,ast,UNDER,5.5,-105,0.5121951219512195,0.5524187330350163,0.7803525291765313,0.040223611083796795,0.07853181211598426,betmgm,BetMGM,2026-05-31T00:10:00Z,Oklahoma City Thunder,San Antonio Spurs,,,False
2026-05-30,2026-05-30T13:09:03.857490+00:00,4592479,Julian Champagnie,SAS,ast,OVER,1.5,116,0.46296296296296297,0.4950016299099692,0.6765540759430047,0.032038666947006245,0.06920352060553348,fanduel,FanDuel,2026-05-31T00:10:00Z,Oklahoma City Thunder,San Antonio Spurs,,,False
2026-05-30,2026-05-30T13:09:03.857490+00:00,4845367,Stephon Castle,SAS,ast,UNDER,7.5,-170,0.6296296296296297,0.6730434740996157,0.9190552594295369,0.043413844469986085,0.06895140004056616,bovada,Bovada,2026-05-31T00:10:00Z,Oklahoma City Thunder,San Antonio Spurs,,,False
2026-05-30,2026-05-30T13:09:03.857490+00:00,3133626,Kenrich Williams,OKC,ast,OVER,0.5,100,0.5,0.5342713097818068,0.7284753985453789,0.034271309781806814,0.06854261956361363,bovada,Bovada,2026-05-31T00:10:00Z,Oklahoma City Thunder,San Antonio Spurs,,,False
2026-05-30,2026-05-30T13:09:03.857490+00:00,4066259,De'Aaron Fox,SAS,ast,UNDER,6.5,-165,0.6226415094339622,0.6647306814160101,0.9032359893142813,0.04208917198204787,0.06759776106207682,bovada,Bovada,2026-05-31T00:10:00Z,Oklahoma City Thunder,San Antonio Spurs,,,False
2026-05-30,2026-05-30T13:09:03.857490+00:00,4066259,De'Aaron Fox,SAS,ast,UNDER,5.5,-117,0.5391705069124424,0.5753478102520557,0.7803525291765313,0.03617730333961333,0.06709807542475288,betrivers,BetRivers,2026-05-31T00:10:00Z,Oklahoma City Thunder,San Antonio Spurs,,,False
2026-05-30,2026-05-30T13:09:03.857490+00:00,3133626,Kenrich Williams,OKC,ast,OVER,0.5,-102,0.504950495049505,0.538479230573886,0.7284753985453789,0.03352873552438107,0.06640004486200957,draftkings,DraftKings,2026-05-31T00:10:00Z,Oklahoma City Thunder,San Antonio Spurs,,,False
2026-05-30,2026-05-30T13:09:03.857490+00:00,4278073,Shai Gilgeous-Alexander,OKC,ast,UNDER,8.5,-200,0.6666666666666666,0.7107385828466307,0.9604794411997607,0.04407191617996409,0.06610787426994608,bovada,Bovada,2026-05-31T00:10:00Z,Oklahoma City Thunder,San Antonio Spurs,,,False
2026-05-30,2026-05-30T13:09:03.857490+00:00,4592479,Julian Champagnie,SAS,ast,OVER,1.5,110,0.47619047619047616,0.5062450161533555,0.6765540759430047,0.030054539962879323,0.06311453392204658,betmgm,BetMGM,2026-05-31T00:10:00Z,Oklahoma City Thunder,San Antonio Spurs,,,False
2026-05-30,2026-05-30T13:09:03.857490+00:00,4433255,Chet Holmgren,OKC,ast,OVER,1.5,162,0.3816793893129771,0.40537782157511815,0.5396689377272507,0.023698432262141023,0.06208989252680963,fanduel,FanDuel,2026-05-31T00:10:00Z,Oklahoma City Thunder,San Antonio Spurs,,,False
2026-05-30,2026-05-30T13:09:03.857490+00:00,4433255,Chet Holmgren,OKC,ast,OVER,1.5,155,0.39215686274509803,0.41428367399242094,0.5396689377272507,0.02212681124732291,0.056423368680673436,betrivers,BetRivers,2026-05-31T00:10:00Z,Oklahoma City Thunder,San Antonio Spurs,,,False
2026-05-30,2026-05-30T13:09:03.857490+00:00,4433255,Chet Holmgren,OKC,ast,OVER,1.5,151,0.398406374501992,0.41959575898578083,0.5396689377272507,0.02118938448378882,0.05318535505430988,draftkings,DraftKings,2026-05-31T00:10:00Z,Oklahoma City Thunder,San Antonio Spurs,,,False
2026-05-30,2026-05-30T13:09:03.857490+00:00,3064560,Luke Kornet,SAS,ast,OVER,0.5,110,0.47619047619047616,0.5013127892274328,0.6436725631035203,0.025122313036956667,0.052756857377609045,betmgm,BetMGM,2026-05-31T00:10:00Z,Oklahoma City Thunder,San Antonio Spurs,,,False
2026-05-30,2026-05-30T13:09:03.857490+00:00,4433255,Chet Holmgren,OKC,ast,OVER,1.5,150,0.4,0.4209503406590876,0.5396689377272507,0.020950340659087574,0.05237585164771896,bovada,Bovada,2026-05-31T00:10:00Z,Oklahoma City Thunder,San Antonio Spurs,,,False
2026-05-30,2026-05-30T13:09:03.857490+00:00,4433255,Chet Holmgren,OKC,ast,OVER,1.5,145,0.40816326530612246,0.4278891161692917,0.5396689377272507,0.019725850863169248,0.04832833461476471,betmgm,BetMGM,2026-05-31T00:10:00Z,Oklahoma City Thunder,San Antonio Spurs,,,False
2026-05-30,2026-05-30T13:09:03.857490+00:00,4397020,Luguentz Dort,OKC,ast,OVER,0.5,-150,0.6,0.6284727596682175,0.7898183977881167,0.028472759668217495,0.04745459944702912,bovada,Bovada,2026-05-31T00:10:00Z,Oklahoma City Thunder,San Antonio Spurs,,,False
2026-05-30,2026-05-30T13:09:03.857490+00:00,4397020,Luguentz Dort,OKC,ast,OVER,0.5,-154,0.6062992125984252,0.6338270903768789,0.7898183977881167,0.02752787777845367,0.04540312308913791,draftkings,DraftKings,2026-05-31T00:10:00Z,Oklahoma City Thunder,San Antonio Spurs,,,False
2026-05-30,2026-05-30T13:09:03.857490+00:00,4397020,Luguentz Dort,OKC,ast,OVER,0.5,-155,0.6078431372549019,0.6351394263348842,0.7898183977881167,0.027296289079982272,0.04490679816384169,betmgm,BetMGM,2026-05-31T00:10:00Z,Oklahoma City Thunder,San Antonio Spurs,,,False
2026-05-30,2026-05-30T13:09:03.857490+00:00,3064560,Luke Kornet,SAS,ast,OVER,0.5,-103,0.5073891625615764,0.527831672642868,0.6436725631035203,0.02044251008129161,0.04028960724759423,draftkings,DraftKings,2026-05-31T00:10:00Z,Oklahoma City Thunder,San Antonio Spurs,,,False
2026-05-30,2026-05-30T13:09:03.857490+00:00,4395723,Keldon Johnson,SAS,ast,OVER,0.5,-129,0.5633187772925764,0.5854366079742892,0.7107709818373283,0.022117830681712802,0.03926343586133513,draftkings,DraftKings,2026-05-31T00:10:00Z,Oklahoma City Thunder,San Antonio Spurs,,,False
2026-05-30,2026-05-30T13:09:03.857490+00:00,4395723,Keldon Johnson,SAS,ast,OVER,0.5,-130,0.5652173913043478,0.5870504298842949,0.7107709818373283,0.021833038579947117,0.038627683641444865,bovada,Bovada,2026-05-31T00:10:00Z,Oklahoma City Thunder,San Antonio Spurs,,,False
2026-05-30,2026-05-30T13:09:03.857490+00:00,3064560,Luke Kornet,SAS,ast,OVER,0.5,-105,0.5121951219512195,0.5319167381240646,0.6436725631035203,0.01972161617284507,0.03850410776603086,bovada,Bovada,2026-05-31T00:10:00Z,Oklahoma City Thunder,San Antonio Spurs,,,False
2026-05-30,2026-05-30T13:09:03.857490+00:00,4395630,Devin Vassell,SAS,ast,OVER,2.5,136,0.423728813559322,0.4387827334511395,0.524088279504772,0.01505391989181748,0.035527250944689226,draftkings,DraftKings,2026-05-31T00:10:00Z,Oklahoma City Thunder,San Antonio Spurs,,,False
2026-05-30,2026-05-30T13:09:03.857490+00:00,4395630,Devin Vassell,SAS,ast,OVER,2.5,135,0.425531914893617,0.4403153695852903,0.524088279504772,0.014783454691673248,0.03474111852543216,bovada,Bovada,2026-05-31T00:10:00Z,Oklahoma City Thunder,San Antonio Spurs,,,False
2026-05-30,2026-05-30T13:09:03.857490+00:00,4395723,Keldon Johnson,SAS,ast,OVER,0.5,-140,0.5833333333333334,0.6024489806089326,0.7107709818373283,0.019115647275599223,0.03276968104388445,betmgm,BetMGM,2026-05-31T00:10:00Z,Oklahoma City Thunder,San Antonio Spurs,,,False
2026-05-30,2026-05-30T13:09:03.857490+00:00,4395630,Devin Vassell,SAS,ast,OVER,2.5,130,0.43478260869565216,0.44817845931702016,0.524088279504772,0.013395850621368,0.03081045642914637,fanduel,FanDuel,2026-05-31T00:10:00Z,Oklahoma City Thunder,San Antonio Spurs,,,False
2026-05-30,2026-05-30T13:09:03.857490+00:00,4395630,Devin Vassell,SAS,ast,OVER,2.5,128,0.43859649122807015,0.4514202594695754,0.524088279504772,0.012823768241505273,0.029238191590632012,betrivers,BetRivers,2026-05-31T00:10:00Z,Oklahoma City Thunder,San Antonio Spurs,,,False
2026-05-30,2026-05-30T13:09:03.857490+00:00,2991350,Alex Caruso,OKC,ast,UNDER,2.5,-105,0.5121951219512195,0.5263323465272782,0.606443285791611,0.014137224576058705,0.027601247981828947,betmgm,BetMGM,2026-05-31T00:10:00Z,Oklahoma City Thunder,San Antonio Spurs,,,False
2026-05-30,2026-05-30T13:09:03.857490+00:00,4683778,Jared McCain,OKC,ast,OVER,1.5,-115,0.5348837209302325,0.5477461348465763,0.6206331470391911,0.012862413916343796,0.024047121669686145,betrivers,BetRivers,2026-05-31T00:10:00Z,Oklahoma City Thunder,San Antonio Spurs,,,False
2026-05-30,2026-05-30T13:09:03.857490+00:00,4395630,Devin Vassell,SAS,ast,OVER,2.5,120,0.45454545454545453,0.46497687828935214,0.524088279504772,0.010431423743897605,0.022949132236574687,betmgm,BetMGM,2026-05-31T00:10:00Z,Oklahoma City Thunder,San Antonio Spurs,,,False
2026-05-30,2026-05-30T13:09:03.857490+00:00,2991350,Alex Caruso,OKC,ast,UNDER,2.5,-113,0.5305164319248826,0.5419054600048919,0.606443285791611,0.0113890280800093,0.021467813991521978,betrivers,BetRivers,2026-05-31T00:10:00Z,Oklahoma City Thunder,San Antonio Spurs,,,False
2026-05-30,2026-05-30T13:09:03.857490+00:00,2991350,Alex Caruso,OKC,ast,UNDER,2.5,-114,0.5327102803738317,0.5437702311864986,0.606443285791611,0.011059950812666863,0.020761662051848206,fanduel,FanDuel,2026-05-31T00:10:00Z,Oklahoma City Thunder,San Antonio Spurs,,,False
2026-05-30,2026-05-30T13:09:03.857490+00:00,4432823,Jaylin Williams,OKC,ast,OVER,1.5,-114,0.5327102803738317,0.5431216450856139,0.6021193784523797,0.010411364711782167,0.019544140774748864,fanduel,FanDuel,2026-05-31T00:10:00Z,Oklahoma City Thunder,San Antonio Spurs,,,False
2026-05-30,2026-05-30T13:09:03.857490+00:00,5104157,Victor Wembanyama,SAS,ast,UNDER,3.5,-160,0.6153846153846154,0.6259576185462971,0.6858713031291594,0.010573003161681638,0.017181130137732703,fanduel,FanDuel,2026-05-31T00:10:00Z,Oklahoma City Thunder,San Antonio Spurs,,,False
2026-05-30,2026-05-30T13:09:03.857490+00:00,2991350,Alex Caruso,OKC,ast,UNDER,2.5,-120,0.5454545454545454,0.5546028565051052,0.606443285791611,0.009148311050559799,0.016771903592692927,draftkings,DraftKings,2026-05-31T00:10:00Z,Oklahoma City Thunder,San Antonio Spurs,,,False
2026-05-30,2026-05-30T13:09:03.857490+00:00,2991350,Alex Caruso,OKC,ast,UNDER,2.5,-120,0.5454545454545454,0.5546028565051052,0.606443285791611,0.009148311050559799,0.016771903592692927,bovada,Bovada,2026-05-31T00:10:00Z,Oklahoma City Thunder,San Antonio Spurs,,,False
2026-05-30,2026-05-30T13:09:03.857490+00:00,5104157,Victor Wembanyama,SAS,ast,UNDER,3.5,-162,0.6183206106870229,0.6284532145533435,0.6858713031291594,0.010132603866320533,0.01638729761096286,williamhill_us,Caesars,2026-05-31T00:10:00Z,Oklahoma City Thunder,San Antonio Spurs,,,False
2026-05-30,2026-05-30T13:09:03.857490+00:00,5104157,Victor Wembanyama,SAS,ast,UNDER,2.5,150,0.4,0.40637549223394503,0.44250328155963337,0.006375492233945013,0.015938730584862615,bovada,Bovada,2026-05-31T00:10:00Z,Oklahoma City Thunder,San Antonio Spurs,,,False
2026-05-30,2026-05-30T13:09:03.857490+00:00,5104157,Victor Wembanyama,SAS,ast,UNDER,3.5,-165,0.6226415094339622,0.6321259784882418,0.6858713031291594,0.009484469054279576,0.015232632117479272,bovada,Bovada,2026-05-31T00:10:00Z,Oklahoma City Thunder,San Antonio Spurs,,,False
2026-05-30,2026-05-30T13:09:03.857490+00:00,5104157,Victor Wembanyama,SAS,ast,UNDER,3.5,-166,0.6240601503759399,0.6333318232889228,0.6858713031291594,0.00927167291298292,0.014857018041285974,draftkings,DraftKings,2026-05-31T00:10:00Z,Oklahoma City Thunder,San Antonio Spurs,,,False
2026-05-30,2026-05-30T13:09:03.857490+00:00,4395630,Devin Vassell,SAS,ast,OVER,1.5,-220,0.6875,0.6975991504785083,0.7548276698567222,0.01009915047850829,0.014689673423284755,bovada,Bovada,2026-05-31T00:10:00Z,Oklahoma City Thunder,San Antonio Spurs,,,False
2026-05-30,2026-05-30T13:09:03.857490+00:00,5104157,Victor Wembanyama,SAS,ast,UNDER,3.5,-167,0.6254681647940075,0.6345286355442803,0.6858713031291594,0.009060470750272831,0.01448590233726249,betrivers,BetRivers,2026-05-31T00:10:00Z,Oklahoma City Thunder,San Antonio Spurs,,,False
2026-05-30,2026-05-30T13:09:03.857490+00:00,4683778,Jared McCain,OKC,ast,OVER,1.5,-136,0.576271186440678,0.582925480530455,0.6206331470391911,0.006654294089777024,0.011547157391083696,fanduel,FanDuel,2026-05-31T00:10:00Z,Oklahoma City Thunder,San Antonio Spurs,,,False
2026-05-30,2026-05-30T13:09:03.857490+00:00,4222252,Isaiah Hartenstein,OKC,ast,OVER,2.5,-148,0.5967741935483871,0.6014267511963338,0.6277912445346983,0.004652557647946698,0.00779617768034313,betrivers,BetRivers,2026-05-31T00:10:00Z,Oklahoma City Thunder,San Antonio Spurs,,,False
2026-05-30,2026-05-30T13:09:03.857490+00:00,4683778,Jared McCain,OKC,ast,OVER,1.5,-145,0.5918367346938775,0.5961561965456745,0.6206331470391911,0.004319461851796991,0.007298401059932846,bovada,Bovada,2026-05-31T00:10:00Z,Oklahoma City Thunder,San Antonio Spurs,,,False
2026-05-30,2026-05-30T13:09:03.857490+00:00,4683778,Jared McCain,OKC,ast,OVER,1.5,-146,0.5934959349593496,0.5975665167713259,0.6206331470391911,0.0040705818119762815,0.006858651546206629,draftkings,DraftKings,2026-05-31T00:10:00Z,Oklahoma City Thunder,San Antonio Spurs,,,False
2026-05-30,2026-05-30T13:09:03.857490+00:00,4432823,Jaylin Williams,OKC,ast,OVER,1.5,-136,0.576271186440678,0.5801484152424332,0.6021193784523797,0.003877228801755228,0.00672813233245767,draftkings,DraftKings,2026-05-31T00:10:00Z,Oklahoma City Thunder,San Antonio Spurs,,,False
2026-05-30,2026-05-30T13:09:03.857490+00:00,4683778,Jared McCain,OKC,ast,OVER,1.5,-150,0.6,0.6030949720558787,0.6206331470391911,0.0030949720558787197,0.005158286759797792,betmgm,BetMGM,2026-05-31T00:10:00Z,Oklahoma City Thunder,San Antonio Spurs,,,False
2026-05-30,2026-05-30T13:09:03.857490+00:00,4222252,Isaiah Hartenstein,OKC,ast,OVER,2.5,-158,0.6124031007751938,0.6147113223391194,0.6277912445346983,0.0023082215639256276,0.003769121287929167,fanduel,FanDuel,2026-05-31T00:10:00Z,Oklahoma City Thunder,San Antonio Spurs,,,False
2026-05-30,2026-05-30T13:09:03.857490+00:00,4222252,Isaiah Hartenstein,OKC,ast,OVER,2.5,-160,0.6153846153846154,0.6172456097571278,0.6277912445346983,0.0018609943725124145,0.003024115855332743,bovada,Bovada,2026-05-31T00:10:00Z,Oklahoma City Thunder,San Antonio Spurs,,,False
2026-05-30,2026-05-30T13:09:03.857490+00:00,5104157,Victor Wembanyama,SAS,ast,UNDER,2.5,130,0.43478260869565216,0.43594070962524933,0.44250328155963337,0.0011581009295971723,0.002663632138073524,betmgm,BetMGM,2026-05-31T00:10:00Z,Oklahoma City Thunder,San Antonio Spurs,,,False
2026-05-30,2026-05-30T13:09:03.857490+00:00,4432823,Jaylin Williams,OKC,ast,OVER,1.5,-145,0.5918367346938775,0.5933791312576528,0.6021193784523797,0.0015423965637753057,0.0026061183318962233,betmgm,BetMGM,2026-05-31T00:10:00Z,Oklahoma City Thunder,San Antonio Spurs,,,False
2026-05-30,2026-05-30T13:09:03.857490+00:00,4432823,Jaylin Williams,OKC,ast,OVER,1.5,-145,0.5918367346938775,0.5933791312576528,0.6021193784523797,0.0015423965637753057,0.0026061183318962233,bovada,Bovada,2026-05-31T00:10:00Z,Oklahoma City Thunder,San Antonio Spurs,,,False
2026-05-30,2026-05-30T13:09:03.857490+00:00,4222252,Isaiah Hartenstein,OKC,ast,OVER,2.5,-162,0.6183206106870229,0.6197412057641742,0.6277912445346983,0.0014205950771513098,0.0022975056186027576,draftkings,DraftKings,2026-05-31T00:10:00Z,Oklahoma City Thunder,San Antonio Spurs,,,False
2026-05-30,2026-05-30T13:09:03.857490+00:00,4683778,Jared McCain,OKC,ast,OVER,2.5,205,0.32786885245901637,0.328075871241384,0.32924897767480066,0.0002070187823676184,0.0006314072862211306,bovada,Bovada,2026-05-31T00:10:00Z,Oklahoma City Thunder,San Antonio Spurs,,,False
2026-05-30,2026-05-30T13:09:03.857490+00:00,4683692,Cason Wallace,OKC,ast,UNDER,3.5,-300,0.75,0.7503518540188084,0.7523456934587228,0.0003518540188084396,0.0004691386917445861,bovada,Bovada,2026-05-31T00:10:00Z,Oklahoma City Thunder,San Antonio Spurs,,,False
2026-05-30,2026-05-30T13:09:03.857490+00:00,5104157,Victor Wembanyama,SAS,blk,UNDER,3.5,-126,0.5575221238938053,0.99,0.9983063172866256,0.4324778761061947,0.7757142857142857,draftkings,DraftKings,2026-05-31T00:10:00Z,Oklahoma City Thunder,San Antonio Spurs,,,False
2026-05-30,2026-05-30T13:09:03.857490+00:00,5104157,Victor Wembanyama,SAS,blk,UNDER,3.5,-128,0.5614035087719298,0.99,0.9983063172866256,0.4285964912280702,0.7634375,fanduel,FanDuel,2026-05-31T00:10:00Z,Oklahoma City Thunder,San Antonio Spurs,,,False
2026-05-30,2026-05-30T13:09:03.857490+00:00,5104157,Victor Wembanyama,SAS,blk,UNDER,3.5,-140,0.5833333333333334,0.99,0.9983063172866256,0.4066666666666666,0.6971428571428572,betmgm,BetMGM,2026-05-31T00:10:00Z,Oklahoma City Thunder,San Antonio Spurs,,,False
2026-05-30,2026-05-30T13:09:03.857490+00:00,4433255,Chet Holmgren,OKC,blk,UNDER,1.5,-160,0.6153846153846154,0.9345020140425624,0.9345020140425624,0.31911739865794697,0.5185657728191639,betmgm,BetMGM,2026-05-31T00:10:00Z,Oklahoma City Thunder,San Antonio Spurs,,,False
2026-05-30,2026-05-30T13:09:03.857490+00:00,4433255,Chet Holmgren,OKC,blk,UNDER,1.5,-170,0.6296296296296297,0.9345020140425624,0.9345020140425624,0.30487238441293274,0.4842090811264227,bovada,Bovada,2026-05-31T00:10:00Z,Oklahoma City Thunder,San Antonio Spurs,,,False
2026-05-30,2026-05-30T13:09:03.857490+00:00,4433255,Chet Holmgren,OKC,blk,UNDER,1.5,-171,0.6309963099630996,0.9345020140425624,0.9345020140425624,0.30350570407946276,0.4809944199154058,draftkings,DraftKings,2026-05-31T00:10:00Z,Oklahoma City Thunder,San Antonio Spurs,,,False
2026-05-30,2026-05-30T13:09:03.857490+00:00,4433255,Chet Holmgren,OKC,blk,UNDER,1.5,-200,0.6666666666666666,0.9345020140425624,0.9345020140425624,0.26783534737589576,0.4017530210638436,fanduel,FanDuel,2026-05-31T00:10:00Z,Oklahoma City Thunder,San Antonio Spurs,,,False
2026-05-30,2026-05-30T13:09:03.857490+00:00,4066259,De'Aaron Fox,SAS,blk,OVER,0.5,320,0.23809523809523808,0.3104450713254989,0.3104450713254989,0.07234983323026084,0.3038692995670955,bovada,Bovada,2026-05-31T00:10:00Z,Oklahoma City Thunder,San Antonio Spurs,,,False
2026-05-30,2026-05-30T13:09:03.857490+00:00,4066259,De'Aaron Fox,SAS,blk,OVER,0.5,311,0.24330900243309003,0.3104450713254989,0.3104450713254989,0.06713606889240889,0.27592924314780054,draftkings,DraftKings,2026-05-31T00:10:00Z,Oklahoma City Thunder,San Antonio Spurs,,,False
2026-05-30,2026-05-30T13:09:03.857490+00:00,4845367,Stephon Castle,SAS,blk,OVER,0.5,250,0.2857142857142857,0.3508612612872837,0.3508612612872837,0.06514697557299798,0.22801441450549287,betmgm,BetMGM,2026-05-31T00:10:00Z,Oklahoma City Thunder,San Antonio Spurs,,,False
2026-05-30,2026-05-30T13:09:03.857490+00:00,4066259,De'Aaron Fox,SAS,blk,OVER,0.5,280,0.2631578947368421,0.3104450713254989,0.3104450713254989,0.04728717658865683,0.17969127103689586,betmgm,BetMGM,2026-05-31T00:10:00Z,Oklahoma City Thunder,San Antonio Spurs,,,False
2026-05-30,2026-05-30T13:09:03.857490+00:00,4222252,Isaiah Hartenstein,OKC,blk,UNDER,0.5,-115,0.5348837209302325,0.6160315633141807,0.6160315633141807,0.08114784238394823,0.15171118358738134,bovada,Bovada,2026-05-31T00:10:00Z,Oklahoma City Thunder,San Antonio Spurs,,,False
2026-05-30,2026-05-30T13:09:03.857490+00:00,4222252,Isaiah Hartenstein,OKC,blk,UNDER,0.5,-116,0.5370370370370371,0.6160315633141807,0.6160315633141807,0.07899452627714365,0.14709325582640553,draftkings,DraftKings,2026-05-31T00:10:00Z,Oklahoma City Thunder,San Antonio Spurs,,,False
2026-05-30,2026-05-30T13:09:03.857490+00:00,4845367,Stephon Castle,SAS,blk,OVER,0.5,224,0.30864197530864196,0.3508612612872837,0.3508612612872837,0.04221928597864172,0.13679048657079917,draftkings,DraftKings,2026-05-31T00:10:00Z,Oklahoma City Thunder,San Antonio Spurs,,,False
2026-05-30,2026-05-30T13:09:03.857490+00:00,4222252,Isaiah Hartenstein,OKC,blk,UNDER,0.5,-120,0.5454545454545454,0.6160315633141807,0.6160315633141807,0.07057701785963533,0.12939119940933141,betmgm,BetMGM,2026-05-31T00:10:00Z,Oklahoma City Thunder,San Antonio Spurs,,,False
2026-05-30,2026-05-30T13:09:03.857490+00:00,4845367,Stephon Castle,SAS,blk,OVER,0.5,220,0.3125,0.3508612612872837,0.3508612612872837,0.03836126128728368,0.12275603611930785,bovada,Bovada,2026-05-31T00:10:00Z,Oklahoma City Thunder,San Antonio Spurs,,,False
2026-05-30,2026-05-30T13:09:03.857490+00:00,4592479,Julian Champagnie,SAS,blk,OVER,0.5,181,0.35587188612099646,0.39195146820659876,0.39195146820659876,0.0360795820856023,0.1013836256605426,draftkings,DraftKings,2026-05-31T00:10:00Z,Oklahoma City Thunder,San Antonio Spurs,,,False
2026-05-30,2026-05-30T13:09:03.857490+00:00,4592479,Julian Champagnie,SAS,blk,OVER,0.5,180,0.35714285714285715,0.39195146820659876,0.39195146820659876,0.03480861106374161,0.09746411097847651,betmgm,BetMGM,2026-05-31T00:10:00Z,Oklahoma City Thunder,San Antonio Spurs,,,False
2026-05-30,2026-05-30T13:09:03.857490+00:00,4592479,Julian Champagnie,SAS,blk,OVER,0.5,180,0.35714285714285715,0.39195146820659876,0.39195146820659876,0.03480861106374161,0.09746411097847651,bovada,Bovada,2026-05-31T00:10:00Z,Oklahoma City Thunder,San Antonio Spurs,,,False
2026-05-30,2026-05-30T13:09:03.857490+00:00,4683692,Cason Wallace,OKC,blk,UNDER,0.5,-205,0.6721311475409836,0.685609828076184,0.685609828076184,0.013478680535200405,0.020053646649932255,draftkings,DraftKings,2026-05-31T00:10:00Z,Oklahoma City Thunder,San Antonio Spurs,,,False
2026-05-30,2026-05-30T13:09:03.857490+00:00,4683692,Cason Wallace,OKC,blk,UNDER,0.5,-210,0.6774193548387096,0.685609828076184,0.685609828076184,0.00819047323747435,0.012090698588652526,bovada,Bovada,2026-05-31T00:10:00Z,Oklahoma City Thunder,San Antonio Spurs,,,False
2026-05-30,2026-05-30T13:09:03.857490+00:00,4278073,Shai Gilgeous-Alexander,OKC,blk,UNDER,0.5,112,0.4716981132075472,0.47613210651711646,0.47613210651711646,0.004433993309569284,0.00940006581628694,draftkings,DraftKings,2026-05-31T00:10:00Z,Oklahoma City Thunder,San Antonio Spurs,,,False
2026-05-30,2026-05-30T13:09:03.857490+00:00,5037871,Dylan Harper,SAS,dd,YES,,4200,0.023255813953488372,0.03924877700734118,0.03924877700734118,0.01599296305385281,0.6876974113156707,draftkings,DraftKings,2026-05-31T00:10:00Z,Oklahoma City Thunder,San Antonio Spurs,,,False
2026-05-30,2026-05-30T13:09:03.857490+00:00,4683778,Jared McCain,OKC,dd,YES,,7100,0.013888888888888888,0.021414918943897673,0.021414918943897673,0.007526030055008785,0.5418741639606326,draftkings,DraftKings,2026-05-31T00:10:00Z,Oklahoma City Thunder,San Antonio Spurs,,,False
2026-05-30,2026-05-30T13:09:03.857490+00:00,4683778,Jared McCain,OKC,dd,YES,,7000,0.014084507042253521,0.021414918943897673,0.021414918943897673,0.007330411901644152,0.5204592450167349,bovada,Bovada,2026-05-31T00:10:00Z,Oklahoma City Thunder,San Antonio Spurs,,,False
2026-05-30,2026-05-30T13:09:03.857490+00:00,5037871,Dylan Harper,SAS,dd,YES,,3500,0.027777777777777776,0.03924877700734118,0.03924877700734118,0.011470999229563406,0.4129559722642825,bovada,Bovada,2026-05-31T00:10:00Z,Oklahoma City Thunder,San Antonio Spurs,,,False
2026-05-30,2026-05-30T13:09:03.857490+00:00,4592479,Julian Champagnie,SAS,dd,YES,,1720,0.054945054945054944,0.07390009798514383,0.07390009798514383,0.01895504304008888,0.3449817833296176,draftkings,DraftKings,2026-05-31T00:10:00Z,Oklahoma City Thunder,San Antonio Spurs,,,False
2026-05-30,2026-05-30T13:09:03.857490+00:00,4395630,Devin Vassell,SAS,dd,YES,,2600,0.037037037037037035,0.04642381229594745,0.04642381229594745,0.009386775258910414,0.2534429319905811,draftkings,DraftKings,2026-05-31T00:10:00Z,Oklahoma City Thunder,San Antonio Spurs,,,False
2026-05-30,2026-05-30T13:09:03.857490+00:00,4395630,Devin Vassell,SAS,dd,YES,,2500,0.038461538461538464,0.04642381229594745,0.04642381229594745,0.007962273834408985,0.20701911969463382,bovada,Bovada,2026-05-31T00:10:00Z,Oklahoma City Thunder,San Antonio Spurs,,,False
2026-05-30,2026-05-30T13:09:03.857490+00:00,4592479,Julian Champagnie,SAS,dd,YES,,1500,0.0625,0.07390009798514383,0.07390009798514383,0.011400097985143826,0.1824015677623012,fanduel,FanDuel,2026-05-31T00:10:00Z,Oklahoma City Thunder,San Antonio Spurs,,,False
2026-05-30,2026-05-30T13:09:03.857490+00:00,4683692,Cason Wallace,OKC,dd,YES,,5100,0.019230769230769232,0.022079897904510627,0.022079897904510627,0.0028491286737413954,0.14815469103455248,draftkings,DraftKings,2026-05-31T00:10:00Z,Oklahoma City Thunder,San Antonio Spurs,,,False
2026-05-30,2026-05-30T13:09:03.857490+00:00,4683692,Cason Wallace,OKC,dd,YES,,5000,0.0196078431372549,0.022079897904510627,0.022079897904510627,0.0024720547672557255,0.126074793130042,bovada,Bovada,2026-05-31T00:10:00Z,Oklahoma City Thunder,San Antonio Spurs,,,False
2026-05-30,2026-05-30T13:09:03.857490+00:00,4592479,Julian Champagnie,SAS,dd,YES,,1400,0.06666666666666667,0.07390009798514383,0.07390009798514383,0.00723343131847716,0.10850146977715736,fanatics,Fanatics,2026-05-31T00:10:00Z,Oklahoma City Thunder,San Antonio Spurs,,,False
2026-05-30,2026-05-30T13:09:03.857490+00:00,4395630,Devin Vassell,SAS,dd,YES,,2200,0.043478260869565216,0.04642381229594745,0.04642381229594745,0.0029455514263822327,0.06774768280679133,fanatics,Fanatics,2026-05-31T00:10:00Z,Oklahoma City Thunder,San Antonio Spurs,,,False
2026-05-30,2026-05-30T13:09:03.857490+00:00,4395630,Devin Vassell,SAS,dd,YES,,2200,0.043478260869565216,0.04642381229594745,0.04642381229594745,0.0029455514263822327,0.06774768280679133,williamhill_us,Caesars,2026-05-31T00:10:00Z,Oklahoma City Thunder,San Antonio Spurs,,,False
2026-05-30,2026-05-30T13:09:03.857490+00:00,4592479,Julian Champagnie,SAS,dd,YES,,1300,0.07142857142857142,0.07390009798514383,0.07390009798514383,0.002471526556572401,0.03460137179201361,williamhill_us,Caesars,2026-05-31T00:10:00Z,Oklahoma City Thunder,San Antonio Spurs,,,False
2026-05-30,2026-05-30T13:09:03.857490+00:00,4278073,Shai Gilgeous-Alexander,OKC,pa,UNDER,36.5,110,0.47619047619047616,0.5892285714285714,0.9947779533272326,0.11303809523809527,0.23738000000000004,bovada,Bovada,2026-05-31T00:10:00Z,Oklahoma City Thunder,San Antonio Spurs,,,False
2026-05-30,2026-05-30T13:09:03.857490+00:00,4278073,Shai Gilgeous-Alexander,OKC,pa,UNDER,37.5,-105,0.5121951219512195,0.6173121951219512,0.9967287018438232,0.10511707317073171,0.20522857142857143,bovada,Bovada,2026-05-31T00:10:00Z,Oklahoma City Thunder,San Antonio Spurs,,,False
2026-05-30,2026-05-30T13:09:03.857490+00:00,4278073,Shai Gilgeous-Alexander,OKC,pa,UNDER,38.5,-112,0.5283018867924528,0.6298754716981132,0.9979975384233772,0.10157358490566037,0.19226428571428578,fanduel,FanDuel,2026-05-31T00:10:00Z,Oklahoma City Thunder,San Antonio Spurs,,,False
2026-05-30,2026-05-30T13:09:03.857490+00:00,3133626,Kenrich Williams,OKC,pa,OVER,5.5,150,0.4,0.46999313068039006,0.7181505940017728,0.06999313068039004,0.1749828267009751,bovada,Bovada,2026-05-31T00:10:00Z,Oklahoma City Thunder,San Antonio Spurs,,,False
2026-05-30,2026-05-30T13:09:03.857490+00:00,4278073,Shai Gilgeous-Alexander,OKC,pa,UNDER,38.5,-123,0.5515695067264574,0.6480242152466368,0.9979975384233772,0.09645470852017934,0.17487317073170727,draftkings,DraftKings,2026-05-31T00:10:00Z,Oklahoma City Thunder,San Antonio Spurs,,,False
2026-05-30,2026-05-30T13:09:03.857490+00:00,4278073,Shai Gilgeous-Alexander,OKC,pa,UNDER,39.5,-125,0.5555555555555556,0.6511333333333333,0.9988024012734251,0.09557777777777776,0.17204000000000008,betmgm,BetMGM,2026-05-31T00:10:00Z,Oklahoma City Thunder,San Antonio Spurs,,,False
2026-05-30,2026-05-30T13:09:03.857490+00:00,4278073,Shai Gilgeous-Alexander,OKC,pa,UNDER,38.5,-125,0.5555555555555556,0.6511333333333333,0.9979975384233772,0.09557777777777776,0.17204000000000008,bovada,Bovada,2026-05-31T00:10:00Z,Oklahoma City Thunder,San Antonio Spurs,,,False
2026-05-30,2026-05-30T13:09:03.857490+00:00,5104157,Victor Wembanyama,SAS,pa,UNDER,27.5,115,0.46511627906976744,0.542505346817,0.8168847688299153,0.07738906774723259,0.16638649565654995,bovada,Bovada,2026-05-31T00:10:00Z,Oklahoma City Thunder,San Antonio Spurs,,,False
2026-05-30,2026-05-30T13:09:03.857490+00:00,5104157,Victor Wembanyama,SAS,pa,UNDER,28.5,-105,0.5121951219512195,0.5872710076723312,0.8534491479562727,0.07507588572111168,0.14657672926502752,bovada,Bovada,2026-05-31T00:10:00Z,Oklahoma City Thunder,San Antonio Spurs,,,False
2026-05-30,2026-05-30T13:09:03.857490+00:00,4397020,Luguentz Dort,OKC,pa,OVER,6.5,130,0.43478260869565216,0.49664183600207246,0.7159609146339263,0.061859227306420295,0.1422762228047667,bovada,Bovada,2026-05-31T00:10:00Z,Oklahoma City Thunder,San Antonio Spurs,,,False
2026-05-30,2026-05-30T13:09:03.857490+00:00,5104157,Victor Wembanyama,SAS,pa,UNDER,29.5,-118,0.5412844036697247,0.6168491726190027,0.8847606261664429,0.075564768949278,0.1396027087368017,fanduel,FanDuel,2026-05-31T00:10:00Z,Oklahoma City Thunder,San Antonio Spurs,,,False
2026-05-30,2026-05-30T13:09:03.857490+00:00,5104157,Victor Wembanyama,SAS,pa,UNDER,29.5,-118,0.5412844036697247,0.6168491726190027,0.8847606261664429,0.075564768949278,0.1396027087368017,betmgm,BetMGM,2026-05-31T00:10:00Z,Oklahoma City Thunder,San Antonio Spurs,,,False
2026-05-30,2026-05-30T13:09:03.857490+00:00,5104157,Victor Wembanyama,SAS,pa,UNDER,29.5,-125,0.5555555555555556,0.6279806710899508,0.8847606261664429,0.07242511553439523,0.13036520796191153,draftkings,DraftKings,2026-05-31T00:10:00Z,Oklahoma City Thunder,San Antonio Spurs,,,False
2026-05-30,2026-05-30T13:09:03.857490+00:00,5104157,Victor Wembanyama,SAS,pa,UNDER,29.5,-125,0.5555555555555556,0.6279806710899508,0.8847606261664429,0.07242511553439523,0.13036520796191153,bovada,Bovada,2026-05-31T00:10:00Z,Oklahoma City Thunder,San Antonio Spurs,,,False
2026-05-30,2026-05-30T13:09:03.857490+00:00,4066259,De'Aaron Fox,SAS,pa,UNDER,18.5,120,0.45454545454545453,0.5101392023508633,0.7072443082064037,0.055593747805408766,0.12230624517189925,bovada,Bovada,2026-05-31T00:10:00Z,Oklahoma City Thunder,San Antonio Spurs,,,False
2026-05-30,2026-05-30T13:09:03.857490+00:00,4592479,Julian Champagnie,SAS,pa,OVER,11.5,115,0.46511627906976744,0.5217449259992648,0.7225192196583919,0.05662864692949737,0.12175159089841925,bovada,Bovada,2026-05-31T00:10:00Z,Oklahoma City Thunder,San Antonio Spurs,,,False
2026-05-30,2026-05-30T13:09:03.857490+00:00,3133626,Kenrich Williams,OKC,pa,OVER,4.5,-103,0.5073891625615764,0.5689885414435055,0.7873863392976177,0.06159937888192912,0.12140460109739437,draftkings,DraftKings,2026-05-31T00:10:00Z,Oklahoma City Thunder,San Antonio Spurs,,,False
2026-05-30,2026-05-30T13:09:03.857490+00:00,3133626,Kenrich Williams,OKC,pa,OVER,4.5,-105,0.5121951219512195,0.5727371897674272,0.7873863392976177,0.060542067816207634,0.11820118002211966,bovada,Bovada,2026-05-31T00:10:00Z,Oklahoma City Thunder,San Antonio Spurs,,,False
2026-05-30,2026-05-30T13:09:03.857490+00:00,4432823,Jaylin Williams,OKC,pa,OVER,6.5,-112,0.5283018867924528,0.5885563964197721,0.8021860214620857,0.060254509627319264,0.11405317893742573,fanduel,FanDuel,2026-05-31T00:10:00Z,Oklahoma City Thunder,San Antonio Spurs,,,False
2026-05-30,2026-05-30T13:09:03.857490+00:00,4066259,De'Aaron Fox,SAS,pa,UNDER,19.5,-105,0.5121951219512195,0.5685915334931345,0.768542447141742,0.05639641154191499,0.11010727967707212,bovada,Bovada,2026-05-31T00:10:00Z,Oklahoma City Thunder,San Antonio Spurs,,,False
2026-05-30,2026-05-30T13:09:03.857490+00:00,4845367,Stephon Castle,SAS,pa,UNDER,23.5,115,0.46511627906976744,0.5136368747508316,0.6856644412564228,0.048520595681064205,0.10431928071428798,bovada,Bovada,2026-05-31T00:10:00Z,Oklahoma City Thunder,San Antonio Spurs,,,False
2026-05-30,2026-05-30T13:09:03.857490+00:00,4397020,Luguentz Dort,OKC,pa,OVER,5.5,-115,0.5348837209302325,0.5905992548263836,0.7881361477309196,0.05571553389615114,0.10416382424063031,draftkings,DraftKings,2026-05-31T00:10:00Z,Oklahoma City Thunder,San Antonio Spurs,,,False
2026-05-30,2026-05-30T13:09:03.857490+00:00,4397020,Luguentz Dort,OKC,pa,OVER,5.5,-115,0.5348837209302325,0.5905992548263836,0.7881361477309196,0.05571553389615114,0.10416382424063031,bovada,Bovada,2026-05-31T00:10:00Z,Oklahoma City Thunder,San Antonio Spurs,,,False
2026-05-30,2026-05-30T13:09:03.857490+00:00,4066259,De'Aaron Fox,SAS,pa,UNDER,20.5,-128,0.5614035087719298,0.6187200845897077,0.8219333988527388,0.05731657581777794,0.10209515067541691,draftkings,DraftKings,2026-05-31T00:10:00Z,Oklahoma City Thunder,San Antonio Spurs,,,False
2026-05-30,2026-05-30T13:09:03.857490+00:00,4066259,De'Aaron Fox,SAS,pa,UNDER,19.5,-112,0.5283018867924528,0.5811548100692965,0.768542447141742,0.052852923276843655,0.10004303334545406,fanduel,FanDuel,2026-05-31T00:10:00Z,Oklahoma City Thunder,San Antonio Spurs,,,False
2026-05-30,2026-05-30T13:09:03.857490+00:00,4066259,De'Aaron Fox,SAS,pa,UNDER,20.5,-130,0.5652173913043478,0.6216949129649938,0.8219333988527388,0.05647752166064601,0.09992176909191214,bovada,Bovada,2026-05-31T00:10:00Z,Oklahoma City Thunder,San Antonio Spurs,,,False
2026-05-30,2026-05-30T13:09:03.857490+00:00,4432823,Jaylin Williams,OKC,pa,OVER,7.5,-105,0.5121951219512195,0.5624276729752619,0.7405248993332303,0.05023255102404234,0.0980730758088445,bovada,Bovada,2026-05-31T00:10:00Z,Oklahoma City Thunder,San Antonio Spurs,,,False
2026-05-30,2026-05-30T13:09:03.857490+00:00,4592479,Julian Champagnie,SAS,pa,OVER,10.5,-120,0.5454545454545454,0.5960411909183467,0.7753938430172788,0.050586645463801316,0.09274218335030238,draftkings,DraftKings,2026-05-31T00:10:00Z,Oklahoma City Thunder,San Antonio Spurs,,,False
2026-05-30,2026-05-30T13:09:03.857490+00:00,4592479,Julian Champagnie,SAS,pa,OVER,10.5,-120,0.5454545454545454,0.5960411909183467,0.7753938430172788,0.050586645463801316,0.09274218335030238,bovada,Bovada,2026-05-31T00:10:00Z,Oklahoma City Thunder,San Antonio Spurs,,,False
2026-05-30,2026-05-30T13:09:03.857490+00:00,4432823,Jaylin Williams,OKC,pa,OVER,6.5,-133,0.5708154506437768,0.6217169762238047,0.8021860214620857,0.05090152558002792,0.08917334932440979,draftkings,DraftKings,2026-05-31T00:10:00Z,Oklahoma City Thunder,San Antonio Spurs,,,False
2026-05-30,2026-05-30T13:09:03.857490+00:00,4845367,Stephon Castle,SAS,pa,UNDER,24.5,-110,0.5238095238095238,0.5704445214815895,0.7357867859552771,0.04663499767206569,0.08903045010121635,draftkings,DraftKings,2026-05-31T00:10:00Z,Oklahoma City Thunder,San Antonio Spurs,,,False
2026-05-30,2026-05-30T13:09:03.857490+00:00,4845367,Stephon Castle,SAS,pa,UNDER,24.5,-110,0.5238095238095238,0.5704445214815895,0.7357867859552771,0.04663499767206569,0.08903045010121635,betmgm,BetMGM,2026-05-31T00:10:00Z,Oklahoma City Thunder,San Antonio Spurs,,,False
2026-05-30,2026-05-30T13:09:03.857490+00:00,4845367,Stephon Castle,SAS,pa,UNDER,24.5,-110,0.5238095238095238,0.5704445214815895,0.7357867859552771,0.04663499767206569,0.08903045010121635,bovada,Bovada,2026-05-31T00:10:00Z,Oklahoma City Thunder,San Antonio Spurs,,,False
2026-05-30,2026-05-30T13:09:03.857490+00:00,4683692,Cason Wallace,OKC,pa,OVER,11.5,-110,0.5238095238095238,0.5701520213124639,0.7344572397319789,0.04634249750294006,0.08847204068743109,bovada,Bovada,2026-05-31T00:10:00Z,Oklahoma City Thunder,San Antonio Spurs,,,False
2026-05-30,2026-05-30T13:09:03.857490+00:00,4395723,Keldon Johnson,SAS,pa,OVER,8.5,120,0.45454545454545453,0.4944130963012666,0.635762007980964,0.03986764175581209,0.08770881186278656,bovada,Bovada,2026-05-31T00:10:00Z,Oklahoma City Thunder,San Antonio Spurs,,,False
2026-05-30,2026-05-30T13:09:03.857490+00:00,4683692,Cason Wallace,OKC,pa,OVER,11.5,-111,0.5260663507109005,0.5719123462955377,0.7344572397319789,0.0458459955846372,0.08714869430953553,draftkings,DraftKings,2026-05-31T00:10:00Z,Oklahoma City Thunder,San Antonio Spurs,,,False
2026-05-30,2026-05-30T13:09:03.857490+00:00,4395630,Devin Vassell,SAS,pa,OVER,15.5,-108,0.5192307692307693,0.5623933934738766,0.7154245157903482,0.04316262424310735,0.08312801706079942,draftkings,DraftKings,2026-05-31T00:10:00Z,Oklahoma City Thunder,San Antonio Spurs,,,False
2026-05-30,2026-05-30T13:09:03.857490+00:00,4395630,Devin Vassell,SAS,pa,OVER,15.5,-108,0.5192307692307693,0.5623933934738766,0.7154245157903482,0.04316262424310735,0.08312801706079942,fanduel,FanDuel,2026-05-31T00:10:00Z,Oklahoma City Thunder,San Antonio Spurs,,,False
2026-05-30,2026-05-30T13:09:03.857490+00:00,4592479,Julian Champagnie,SAS,pa,OVER,10.5,-130,0.5652173913043478,0.6114562106811926,0.7753938430172788,0.04623881937684482,0.08180714197441769,betmgm,BetMGM,2026-05-31T00:10:00Z,Oklahoma City Thunder,San Antonio Spurs,,,False
2026-05-30,2026-05-30T13:09:03.857490+00:00,4397020,Luguentz Dort,OKC,pa,OVER,6.5,-110,0.5238095238095238,0.5660828297908924,0.7159609146339263,0.04227330598136858,0.08070358414624912,betmgm,BetMGM,2026-05-31T00:10:00Z,Oklahoma City Thunder,San Antonio Spurs,,,False
2026-05-30,2026-05-30T13:09:03.857490+00:00,4395630,Devin Vassell,SAS,pa,OVER,15.5,-110,0.5238095238095238,0.5659648220453052,0.7154245157903482,0.04215529823578135,0.08047829663194628,bovada,Bovada,2026-05-31T00:10:00Z,Oklahoma City Thunder,San Antonio Spurs,,,False
2026-05-30,2026-05-30T13:09:03.857490+00:00,4845367,Stephon Castle,SAS,pa,UNDER,25.5,-135,0.574468085106383,0.6200120262345828,0.7814859993254731,0.045543941128199816,0.0792801938157553,bovada,Bovada,2026-05-31T00:10:00Z,Oklahoma City Thunder,San Antonio Spurs,,,False
2026-05-30,2026-05-30T13:09:03.857490+00:00,4066259,De'Aaron Fox,SAS,pa,UNDER,19.5,-130,0.5652173913043478,0.6099489035885746,0.768542447141742,0.04473151228422678,0.07914036788747808,betmgm,BetMGM,2026-05-31T00:10:00Z,Oklahoma City Thunder,San Antonio Spurs,,,False
2026-05-30,2026-05-30T13:09:03.857490+00:00,4845367,Stephon Castle,SAS,pa,UNDER,23.5,-102,0.504950495049505,0.5447075632150269,0.6856644412564228,0.039757068165521936,0.07873458597485716,fanduel,FanDuel,2026-05-31T00:10:00Z,Oklahoma City Thunder,San Antonio Spurs,,,False
2026-05-30,2026-05-30T13:09:03.857490+00:00,3133626,Kenrich Williams,OKC,pa,OVER,3.5,-170,0.6296296296296297,0.6771259057701206,0.8455217939045883,0.0474962761404909,0.07543526210548557,bovada,Bovada,2026-05-31T00:10:00Z,Oklahoma City Thunder,San Antonio Spurs,,,False
2026-05-30,2026-05-30T13:09:03.857490+00:00,4395630,Devin Vassell,SAS,pa,OVER,15.5,-115,0.5348837209302325,0.574602695799458,0.7154245157903482,0.03971897486922549,0.0742572138859432,betmgm,BetMGM,2026-05-31T00:10:00Z,Oklahoma City Thunder,San Antonio Spurs,,,False
2026-05-30,2026-05-30T13:09:03.857490+00:00,4432823,Jaylin Williams,OKC,pa,OVER,6.5,-150,0.6,0.6444809247216589,0.8021860214620857,0.04448092472165888,0.07413487453609807,bovada,Bovada,2026-05-31T00:10:00Z,Oklahoma City Thunder,San Antonio Spurs,,,False
2026-05-30,2026-05-30T13:09:03.857490+00:00,4592479,Julian Champagnie,SAS,pa,OVER,9.5,-165,0.6226415094339622,0.6665062334836805,0.8220266187508636,0.04386472404971831,0.0704494052919718,bovada,Bovada,2026-05-31T00:10:00Z,Oklahoma City Thunder,San Antonio Spurs,,,False
2026-05-30,2026-05-30T13:09:03.857490+00:00,4397020,Luguentz Dort,OKC,pa,OVER,4.5,-180,0.6428571428571429,0.6880487780835752,0.8482736666136536,0.045191635226432325,0.07029809924111702,bovada,Bovada,2026-05-31T00:10:00Z,Oklahoma City Thunder,San Antonio Spurs,,,False
2026-05-30,2026-05-30T13:09:03.857490+00:00,4395723,Keldon Johnson,SAS,pa,OVER,7.5,-118,0.5412844036697247,0.5789482444983003,0.7124836801632499,0.037663840828575545,0.06958235000533441,draftkings,DraftKings,2026-05-31T00:10:00Z,Oklahoma City Thunder,San Antonio Spurs,,,False
2026-05-30,2026-05-30T13:09:03.857490+00:00,2991350,Alex Caruso,OKC,pa,OVER,13.5,-110,0.5238095238095238,0.559768443642633,0.6872591594145655,0.03595891983310917,0.06864884695411755,fanduel,FanDuel,2026-05-31T00:10:00Z,Oklahoma City Thunder,San Antonio Spurs,,,False
2026-05-30,2026-05-30T13:09:03.857490+00:00,4683692,Cason Wallace,OKC,pa,OVER,10.5,-150,0.6,0.6405718549281038,0.7844175224004719,0.04057185492810378,0.06761975821350624,bovada,Bovada,2026-05-31T00:10:00Z,Oklahoma City Thunder,San Antonio Spurs,,,False
2026-05-30,2026-05-30T13:09:03.857490+00:00,4395723,Keldon Johnson,SAS,pa,OVER,7.5,-120,0.5454545454545454,0.5822009550904604,0.7124836801632499,0.03674640963591502,0.06736841766584417,bovada,Bovada,2026-05-31T00:10:00Z,Oklahoma City Thunder,San Antonio Spurs,,,False
2026-05-30,2026-05-30T13:09:03.857490+00:00,4395630,Devin Vassell,SAS,pa,OVER,14.5,-145,0.5918367346938775,0.6299567715456047,0.7651096294744553,0.03812003685172716,0.06440971743912521,bovada,Bovada,2026-05-31T00:10:00Z,Oklahoma City Thunder,San Antonio Spurs,,,False
2026-05-30,2026-05-30T13:09:03.857490+00:00,4433255,Chet Holmgren,OKC,pa,UNDER,14.5,-105,0.5121951219512195,0.5443353363202036,0.6582870054466016,0.032140214368984066,0.06274994233944509,betmgm,BetMGM,2026-05-31T00:10:00Z,Oklahoma City Thunder,San Antonio Spurs,,,False
2026-05-30,2026-05-30T13:09:03.857490+00:00,2991350,Alex Caruso,OKC,pa,OVER,14.5,105,0.4878048780487805,0.5183864251793607,0.626811910460509,0.030581547130580256,0.06269217161768947,bovada,Bovada,2026-05-31T00:10:00Z,Oklahoma City Thunder,San Antonio Spurs,,,False
2026-05-30,2026-05-30T13:09:03.857490+00:00,2991350,Alex Caruso,OKC,pa,OVER,13.5,-119,0.54337899543379,0.5750326315095606,0.6872591594145655,0.03165363607577065,0.05825333025709056,draftkings,DraftKings,2026-05-31T00:10:00Z,Oklahoma City Thunder,San Antonio Spurs,,,False
2026-05-30,2026-05-30T13:09:03.857490+00:00,2991350,Alex Caruso,OKC,pa,OVER,13.5,-120,0.5454545454545454,0.5766515605257498,0.6872591594145655,0.031197015071204426,0.05719452763054139,bovada,Bovada,2026-05-31T00:10:00Z,Oklahoma City Thunder,San Antonio Spurs,,,False
2026-05-30,2026-05-30T13:09:03.857490+00:00,4433255,Chet Holmgren,OKC,pa,UNDER,13.5,115,0.46511627906976744,0.4911060192930388,0.5832514619028191,0.025989740223271385,0.05587794148003333,bovada,Bovada,2026-05-31T00:10:00Z,Oklahoma City Thunder,San Antonio Spurs,,,False
2026-05-30,2026-05-30T13:09:03.857490+00:00,4433255,Chet Holmgren,OKC,pa,UNDER,14.5,-114,0.5327102803738317,0.5603371598898411,0.6582870054466016,0.027626879516009395,0.051860984354614004,draftkings,DraftKings,2026-05-31T00:10:00Z,Oklahoma City Thunder,San Antonio Spurs,,,False
2026-05-30,2026-05-30T13:09:03.857490+00:00,4395630,Devin Vassell,SAS,pa,OVER,13.5,-190,0.6551724137931034,0.6891432605828762,0.8095853537466161,0.0339708467897728,0.05185023983702158,bovada,Bovada,2026-05-31T00:10:00Z,Oklahoma City Thunder,San Antonio Spurs,,,False
2026-05-30,2026-05-30T13:09:03.857490+00:00,4433255,Chet Holmgren,OKC,pa,UNDER,14.5,-115,0.5348837209302325,0.5620324435238337,0.6582870054466016,0.027148722593601238,0.050756307457602234,bovada,Bovada,2026-05-31T00:10:00Z,Oklahoma City Thunder,San Antonio Spurs,,,False
2026-05-30,2026-05-30T13:09:03.857490+00:00,4683692,Cason Wallace,OKC,pa,OVER,9.5,-210,0.6774193548387096,0.7106456368672608,0.8284479095139423,0.03322628202855116,0.04904832108976592,bovada,Bovada,2026-05-31T00:10:00Z,Oklahoma City Thunder,San Antonio Spurs,,,False
2026-05-30,2026-05-30T13:09:03.857490+00:00,4395723,Keldon Johnson,SAS,pa,OVER,6.5,-180,0.6428571428571429,0.6731563755378036,0.7805809277692368,0.030299232680660704,0.04713213972547231,bovada,Bovada,2026-05-31T00:10:00Z,Oklahoma City Thunder,San Antonio Spurs,,,False
2026-05-30,2026-05-30T13:09:03.857490+00:00,4433255,Chet Holmgren,OKC,pa,UNDER,15.5,-150,0.6,0.6280570929934401,0.7275322408792733,0.02805709299344017,0.04676182165573356,bovada,Bovada,2026-05-31T00:10:00Z,Oklahoma City Thunder,San Antonio Spurs,,,False
2026-05-30,2026-05-30T13:09:03.857490+00:00,4432823,Jaylin Williams,OKC,pa,OVER,5.5,-240,0.7058823529411765,0.7384784079984206,0.8540462395650131,0.032596055057244055,0.04617774466442914,bovada,Bovada,2026-05-31T00:10:00Z,Oklahoma City Thunder,San Antonio Spurs,,,False
2026-05-30,2026-05-30T13:09:03.857490+00:00,2991350,Alex Caruso,OKC,pa,OVER,12.5,-165,0.6226415094339622,0.649130949802555,0.7430480565639292,0.026489440368592798,0.04254364665258842,bovada,Bovada,2026-05-31T00:10:00Z,Oklahoma City Thunder,San Antonio Spurs,,,False
2026-05-30,2026-05-30T13:09:03.857490+00:00,4683778,Jared McCain,OKC,pa,OVER,14.5,-125,0.5555555555555556,0.5631247866108152,0.5899611512612813,0.00756923105525964,0.013624615899467396,fanduel,FanDuel,2026-05-31T00:10:00Z,Oklahoma City Thunder,San Antonio Spurs,,,False
2026-05-30,2026-05-30T13:09:03.857490+00:00,4683778,Jared McCain,OKC,pa,OVER,15.5,-103,0.5073891625615764,0.5104385604548644,0.5212500620765218,0.003049397893287953,0.006009978372208402,draftkings,DraftKings,2026-05-31T00:10:00Z,Oklahoma City Thunder,San Antonio Spurs,,,False
2026-05-30,2026-05-30T13:09:03.857490+00:00,4683778,Jared McCain,OKC,pa,OVER,14.5,-135,0.574468085106383,0.5778765596604607,0.5899611512612813,0.0034084745540776673,0.005933270520061207,bovada,Bovada,2026-05-31T00:10:00Z,Oklahoma City Thunder,San Antonio Spurs,,,False
2026-05-30,2026-05-30T13:09:03.857490+00:00,4683778,Jared McCain,OKC,pa,OVER,13.5,-180,0.6428571428571429,0.6457508700106932,0.6560104481005533,0.002893727153550296,0.004501353349967208,bovada,Bovada,2026-05-31T00:10:00Z,Oklahoma City Thunder,San Antonio Spurs,,,False
2026-05-30,2026-05-30T13:09:03.857490+00:00,4683778,Jared McCain,OKC,pa,OVER,15.5,-105,0.5121951219512195,0.514187208778786,0.5212500620765218,0.001992086827566464,0.003889312377629739,bovada,Bovada,2026-05-31T00:10:00Z,Oklahoma City Thunder,San Antonio Spurs,,,False
2026-05-30,2026-05-30T13:09:03.857490+00:00,4278073,Shai Gilgeous-Alexander,OKC,pr,UNDER,32.5,120,0.45454545454545453,0.5694566549671114,0.9768690928257131,0.11491120042165687,0.2528046409276451,bovada,Bovada,2026-05-31T00:10:00Z,Oklahoma City Thunder,San Antonio Spurs,,,False
2026-05-30,2026-05-30T13:09:03.857490+00:00,4278073,Shai Gilgeous-Alexander,OKC,pr,UNDER,33.5,100,0.5,0.606537795846713,0.9842627083941498,0.10653779584671297,0.21307559169342594,bovada,Bovada,2026-05-31T00:10:00Z,Oklahoma City Thunder,San Antonio Spurs,,,False
2026-05-30,2026-05-30T13:09:03.857490+00:00,5104157,Victor Wembanyama,SAS,pr,UNDER,37.5,110,0.47619047619047616,0.5720602199465628,0.9119620387181424,0.09586974375608659,0.2013264618877818,bovada,Bovada,2026-05-31T00:10:00Z,Oklahoma City Thunder,San Antonio Spurs,,,False
2026-05-30,2026-05-30T13:09:03.857490+00:00,4278073,Shai Gilgeous-Alexander,OKC,pr,UNDER,34.5,-118,0.5412844036697247,0.6398983113770456,0.9895294387030014,0.09861390770732081,0.18218501593386383,fanduel,FanDuel,2026-05-31T00:10:00Z,Oklahoma City Thunder,San Antonio Spurs,,,False
2026-05-30,2026-05-30T13:09:03.857490+00:00,4278073,Shai Gilgeous-Alexander,OKC,pr,UNDER,34.5,-120,0.5454545454545454,0.6431510219692057,0.9895294387030014,0.09769647651466029,0.17911020694354385,bovada,Bovada,2026-05-31T00:10:00Z,Oklahoma City Thunder,San Antonio Spurs,,,False
2026-05-30,2026-05-30T13:09:03.857490+00:00,4278073,Shai Gilgeous-Alexander,OKC,pr,UNDER,34.5,-121,0.5475113122171946,0.6447553000440721,0.9895294387030014,0.09724398782687749,0.17761091991520606,draftkings,DraftKings,2026-05-31T00:10:00Z,Oklahoma City Thunder,San Antonio Spurs,,,False
2026-05-30,2026-05-30T13:09:03.857490+00:00,5104157,Victor Wembanyama,SAS,pr,UNDER,38.5,-108,0.5192307692307693,0.610073469938957,0.932152136086168,0.09084270070818767,0.1749563124750282,fanduel,FanDuel,2026-05-31T00:10:00Z,Oklahoma City Thunder,San Antonio Spurs,,,False
2026-05-30,2026-05-30T13:09:03.857490+00:00,4278073,Shai Gilgeous-Alexander,OKC,pr,UNDER,35.5,-125,0.5555555555555556,0.6511333333333333,0.993188778311451,0.09557777777777776,0.17204000000000008,betmgm,BetMGM,2026-05-31T00:10:00Z,Oklahoma City Thunder,San Antonio Spurs,,,False
2026-05-30,2026-05-30T13:09:03.857490+00:00,5104157,Victor Wembanyama,SAS,pr,UNDER,38.5,-110,0.5238095238095238,0.6136448985103855,0.932152136086168,0.08983537470086167,0.17150389715619052,bovada,Bovada,2026-05-31T00:10:00Z,Oklahoma City Thunder,San Antonio Spurs,,,False
2026-05-30,2026-05-30T13:09:03.857490+00:00,5104157,Victor Wembanyama,SAS,pr,UNDER,38.5,-111,0.5260663507109005,0.6154052234934593,0.932152136086168,0.08933887278255881,0.16982434375783706,draftkings,DraftKings,2026-05-31T00:10:00Z,Oklahoma City Thunder,San Antonio Spurs,,,False
2026-05-30,2026-05-30T13:09:03.857490+00:00,3133626,Kenrich Williams,OKC,pr,OVER,6.5,125,0.4444444444444444,0.5181189930705921,0.7793287563814794,0.07367454862614764,0.1657677344088322,bovada,Bovada,2026-05-31T00:10:00Z,Oklahoma City Thunder,San Antonio Spurs,,,False
2026-05-30,2026-05-30T13:09:03.857490+00:00,5104157,Victor Wembanyama,SAS,pr,UNDER,39.5,-120,0.5454545454545454,0.6341386895489192,0.9485642913380623,0.08868414409437375,0.16258759750635188,betmgm,BetMGM,2026-05-31T00:10:00Z,Oklahoma City Thunder,San Antonio Spurs,,,False
2026-05-30,2026-05-30T13:09:03.857490+00:00,5104157,Victor Wembanyama,SAS,pr,UNDER,39.5,-130,0.5652173913043478,0.6495537093117649,0.9485642913380623,0.08433631800741714,0.14921040878235337,bovada,Bovada,2026-05-31T00:10:00Z,Oklahoma City Thunder,San Antonio Spurs,,,False
2026-05-30,2026-05-30T13:09:03.857490+00:00,4397020,Luguentz Dort,OKC,pr,OVER,7.5,105,0.4878048780487805,0.560022559049972,0.8160670644178329,0.07221768100119152,0.14804624605244265,bovada,Bovada,2026-05-31T00:10:00Z,Oklahoma City Thunder,San Antonio Spurs,,,False
2026-05-30,2026-05-30T13:09:03.857490+00:00,4397020,Luguentz Dort,OKC,pr,OVER,7.5,103,0.49261083743842365,0.5637712073738937,0.8160670644178329,0.07116036993547009,0.1444555509690043,draftkings,DraftKings,2026-05-31T00:10:00Z,Oklahoma City Thunder,San Antonio Spurs,,,False
2026-05-30,2026-05-30T13:09:03.857490+00:00,4397020,Luguentz Dort,OKC,pr,OVER,7.5,100,0.5,0.5695347541719232,0.8160670644178329,0.06953475417192323,0.13906950834384646,fanduel,FanDuel,2026-05-31T00:10:00Z,Oklahoma City Thunder,San Antonio Spurs,,,False
2026-05-30,2026-05-30T13:09:03.857490+00:00,4397020,Luguentz Dort,OKC,pr,OVER,8.5,115,0.46511627906976744,0.5285835315630748,0.7536037904029829,0.06346725249330737,0.1364545928606108,betmgm,BetMGM,2026-05-31T00:10:00Z,Oklahoma City Thunder,San Antonio Spurs,,,False
2026-05-30,2026-05-30T13:09:03.857490+00:00,4432823,Jaylin Williams,OKC,pr,OVER,10.5,110,0.47619047619047616,0.5374929618733222,0.7548381383852307,0.06130248568284602,0.12873521993397663,bovada,Bovada,2026-05-31T00:10:00Z,Oklahoma City Thunder,San Antonio Spurs,,,False
2026-05-30,2026-05-30T13:09:03.857490+00:00,4683692,Cason Wallace,OKC,pr,OVER,13.5,115,0.46511627906976744,0.5241739692474339,0.7335603253318876,0.05905769017766643,0.1269740338819828,bovada,Bovada,2026-05-31T00:10:00Z,Oklahoma City Thunder,San Antonio Spurs,,,False
2026-05-30,2026-05-30T13:09:03.857490+00:00,3133626,Kenrich Williams,OKC,pr,OVER,5.5,-114,0.5327102803738317,0.5994759044433697,0.8361903897808227,0.06676562406953801,0.12533196097264143,fanduel,FanDuel,2026-05-31T00:10:00Z,Oklahoma City Thunder,San Antonio Spurs,,,False
2026-05-30,2026-05-30T13:09:03.857490+00:00,4432823,Jaylin Williams,OKC,pr,OVER,9.5,-110,0.5238095238095238,0.5868924123144,0.8105499261044155,0.0630828885048762,0.12043096896385463,draftkings,DraftKings,2026-05-31T00:10:00Z,Oklahoma City Thunder,San Antonio Spurs,,,False
2026-05-30,2026-05-30T13:09:03.857490+00:00,3133626,Kenrich Williams,OKC,pr,OVER,5.5,-119,0.54337899543379,0.6077975021901372,0.8361903897808227,0.0644185067563472,0.11855170571126084,draftkings,DraftKings,2026-05-31T00:10:00Z,Oklahoma City Thunder,San Antonio Spurs,,,False
2026-05-30,2026-05-30T13:09:03.857490+00:00,3133626,Kenrich Williams,OKC,pr,OVER,5.5,-120,0.5454545454545454,0.6094164312063264,0.8361903897808227,0.06396188575178097,0.11726345721159837,bovada,Bovada,2026-05-31T00:10:00Z,Oklahoma City Thunder,San Antonio Spurs,,,False
2026-05-30,2026-05-30T13:09:03.857490+00:00,4592479,Julian Champagnie,SAS,pr,OVER,15.5,110,0.47619047619047616,0.5304157041029339,0.7226687848834661,0.05422522791245776,0.1138729786161613,bovada,Bovada,2026-05-31T00:10:00Z,Oklahoma City Thunder,San Antonio Spurs,,,False
2026-05-30,2026-05-30T13:09:03.857490+00:00,4397020,Luguentz Dort,OKC,pr,OVER,6.5,-135,0.574468085106383,0.6389554256824264,0.8675923604520345,0.06448734057604333,0.11225574100274216,bovada,Bovada,2026-05-31T00:10:00Z,Oklahoma City Thunder,San Antonio Spurs,,,False
2026-05-30,2026-05-30T13:09:03.857490+00:00,3064560,Luke Kornet,SAS,pr,OVER,4.5,100,0.5,0.5550590579722225,0.7502684453282843,0.05505905797222255,0.1101181159444451,fanduel,FanDuel,2026-05-31T00:10:00Z,Oklahoma City Thunder,San Antonio Spurs,,,False
2026-05-30,2026-05-30T13:09:03.857490+00:00,4432823,Jaylin Williams,OKC,pr,OVER,8.5,-136,0.576271186440678,0.6381861358703405,0.8577027747573258,0.06191494942966247,0.10744064753970844,fanduel,FanDuel,2026-05-31T00:10:00Z,Oklahoma City Thunder,San Antonio Spurs,,,False
2026-05-30,2026-05-30T13:09:03.857490+00:00,3064560,Luke Kornet,SAS,pr,OVER,5.5,130,0.43478260869565216,0.4807671282561146,0.6438031521522998,0.045984519560462456,0.10576439498906354,bovada,Bovada,2026-05-31T00:10:00Z,Oklahoma City Thunder,San Antonio Spurs,,,False
2026-05-30,2026-05-30T13:09:03.857490+00:00,4683692,Cason Wallace,OKC,pr,OVER,12.5,-115,0.5348837209302325,0.5893769312733664,0.7825801315808414,0.054493210343133924,0.10187861064151116,draftkings,DraftKings,2026-05-31T00:10:00Z,Oklahoma City Thunder,San Antonio Spurs,,,False
2026-05-30,2026-05-30T13:09:03.857490+00:00,4683692,Cason Wallace,OKC,pr,OVER,12.5,-115,0.5348837209302325,0.5893769312733664,0.7825801315808414,0.054493210343133924,0.10187861064151116,bovada,Bovada,2026-05-31T00:10:00Z,Oklahoma City Thunder,San Antonio Spurs,,,False
2026-05-30,2026-05-30T13:09:03.857490+00:00,4432823,Jaylin Williams,OKC,pr,OVER,9.5,-125,0.5555555555555556,0.6116543170763048,0.8105499261044155,0.05609876152074922,0.10097777073734865,bovada,Bovada,2026-05-31T00:10:00Z,Oklahoma City Thunder,San Antonio Spurs,,,False
2026-05-30,2026-05-30T13:09:03.857490+00:00,4395630,Devin Vassell,SAS,pr,OVER,18.5,110,0.47619047619047616,0.5232969761466262,0.6903109305366126,0.047106499956150016,0.09892364990791502,bovada,Bovada,2026-05-31T00:10:00Z,Oklahoma City Thunder,San Antonio Spurs,,,False
2026-05-30,2026-05-30T13:09:03.857490+00:00,4683692,Cason Wallace,OKC,pr,OVER,12.5,-118,0.5412844036697247,0.5943694638101704,0.7825801315808414,0.05308506014044567,0.0980723992425182,fanduel,FanDuel,2026-05-31T00:10:00Z,Oklahoma City Thunder,San Antonio Spurs,,,False
2026-05-30,2026-05-30T13:09:03.857490+00:00,4433255,Chet Holmgren,OKC,pr,UNDER,20.5,115,0.46511627906976744,0.5091499494943734,0.6652693264543402,0.044033670424605986,0.09467239141290285,bovada,Bovada,2026-05-31T00:10:00Z,Oklahoma City Thunder,San Antonio Spurs,,,False
2026-05-30,2026-05-30T13:09:03.857490+00:00,4592479,Julian Champagnie,SAS,pr,OVER,14.5,-120,0.5454545454545454,0.5954636709537153,0.772768752268954,0.050009125499169915,0.09168339674847814,draftkings,DraftKings,2026-05-31T00:10:00Z,Oklahoma City Thunder,San Antonio Spurs,,,False
2026-05-30,2026-05-30T13:09:03.857490+00:00,4592479,Julian Champagnie,SAS,pr,OVER,14.5,-120,0.5454545454545454,0.5954636709537153,0.772768752268954,0.050009125499169915,0.09168339674847814,bovada,Bovada,2026-05-31T00:10:00Z,Oklahoma City Thunder,San Antonio Spurs,,,False
2026-05-30,2026-05-30T13:09:03.857490+00:00,4433255,Chet Holmgren,OKC,pr,UNDER,22.5,-125,0.5555555555555556,0.6055911026013251,0.7829898603090533,0.05003554704576951,0.09006398468238519,betmgm,BetMGM,2026-05-31T00:10:00Z,Oklahoma City Thunder,San Antonio Spurs,,,False
2026-05-30,2026-05-30T13:09:03.857490+00:00,2991350,Alex Caruso,OKC,pr,OVER,14.5,100,0.5,0.5439991250246793,0.6999960228394515,0.043999125024679286,0.08799825004935857,fanduel,FanDuel,2026-05-31T00:10:00Z,Oklahoma City Thunder,San Antonio Spurs,,,False
2026-05-30,2026-05-30T13:09:03.857490+00:00,4592479,Julian Champagnie,SAS,pr,OVER,14.5,-125,0.5555555555555556,0.6033424588325033,0.772768752268954,0.04778690327694768,0.08601642589850589,fanduel,FanDuel,2026-05-31T00:10:00Z,Oklahoma City Thunder,San Antonio Spurs,,,False
2026-05-30,2026-05-30T13:09:03.857490+00:00,4433255,Chet Holmgren,OKC,pr,UNDER,21.5,-110,0.5238095238095238,0.5685731622160443,0.7272806074755259,0.04476363840652042,0.08545785513972082,bovada,Bovada,2026-05-31T00:10:00Z,Oklahoma City Thunder,San Antonio Spurs,,,False
2026-05-30,2026-05-30T13:09:03.857490+00:00,4395630,Devin Vassell,SAS,pr,OVER,17.5,-115,0.5348837209302325,0.58017237616838,0.7407412447399941,0.04528865523814751,0.08467009457566699,betmgm,BetMGM,2026-05-31T00:10:00Z,Oklahoma City Thunder,San Antonio Spurs,,,False
2026-05-30,2026-05-30T13:09:03.857490+00:00,4395630,Devin Vassell,SAS,pr,OVER,17.5,-115,0.5348837209302325,0.58017237616838,0.7407412447399941,0.04528865523814751,0.08467009457566699,bovada,Bovada,2026-05-31T00:10:00Z,Oklahoma City Thunder,San Antonio Spurs,,,False
2026-05-30,2026-05-30T13:09:03.857490+00:00,4433255,Chet Holmgren,OKC,pr,UNDER,21.5,-111,0.5260663507109005,0.570333487199118,0.7272806074755259,0.04426713648821756,0.08414743963075588,draftkings,DraftKings,2026-05-31T00:10:00Z,Oklahoma City Thunder,San Antonio Spurs,,,False
2026-05-30,2026-05-30T13:09:03.857490+00:00,4395630,Devin Vassell,SAS,pr,OVER,17.5,-116,0.5370370370370371,0.5818519627316876,0.7407412447399941,0.04481492569465051,0.08344848232796998,draftkings,DraftKings,2026-05-31T00:10:00Z,Oklahoma City Thunder,San Antonio Spurs,,,False
2026-05-30,2026-05-30T13:09:03.857490+00:00,4683692,Cason Wallace,OKC,pr,OVER,11.5,-150,0.6,0.649707622712908,0.8259437396041278,0.04970762271290807,0.08284603785484673,bovada,Bovada,2026-05-31T00:10:00Z,Oklahoma City Thunder,San Antonio Spurs,,,False
2026-05-30,2026-05-30T13:09:03.857490+00:00,3064560,Luke Kornet,SAS,pr,OVER,4.5,-120,0.5454545454545454,0.590513603426768,0.7502684453282843,0.04505905797222254,0.08260827294907458,draftkings,DraftKings,2026-05-31T00:10:00Z,Oklahoma City Thunder,San Antonio Spurs,,,False
2026-05-30,2026-05-30T13:09:03.857490+00:00,3064560,Luke Kornet,SAS,pr,OVER,4.5,-120,0.5454545454545454,0.590513603426768,0.7502684453282843,0.04505905797222254,0.08260827294907458,bovada,Bovada,2026-05-31T00:10:00Z,Oklahoma City Thunder,San Antonio Spurs,,,False
2026-05-30,2026-05-30T13:09:03.857490+00:00,4395630,Devin Vassell,SAS,pr,OVER,17.5,-118,0.5412844036697247,0.585164908705184,0.7407412447399941,0.04388050503545926,0.08106737370957723,fanduel,FanDuel,2026-05-31T00:10:00Z,Oklahoma City Thunder,San Antonio Spurs,,,False
2026-05-30,2026-05-30T13:09:03.857490+00:00,4592479,Julian Champagnie,SAS,pr,OVER,14.5,-130,0.5652173913043478,0.6108786907165612,0.772768752268954,0.04566129941221342,0.08078537588314677,betmgm,BetMGM,2026-05-31T00:10:00Z,Oklahoma City Thunder,San Antonio Spurs,,,False
2026-05-30,2026-05-30T13:09:03.857490+00:00,4433255,Chet Holmgren,OKC,pr,UNDER,21.5,-114,0.5327102803738317,0.5755157523362044,0.7272806074755259,0.04280547196237272,0.08035413157848903,fanduel,FanDuel,2026-05-31T00:10:00Z,Oklahoma City Thunder,San Antonio Spurs,,,False
2026-05-30,2026-05-30T13:09:03.857490+00:00,4433255,Chet Holmgren,OKC,pr,UNDER,22.5,-135,0.574468085106383,0.6203428756509705,0.7829898603090533,0.04587479054458743,0.07985611687391153,bovada,Bovada,2026-05-31T00:10:00Z,Oklahoma City Thunder,San Antonio Spurs,,,False
2026-05-30,2026-05-30T13:09:03.857490+00:00,2991350,Alex Caruso,OKC,pr,OVER,15.5,110,0.47619047619047616,0.5125560613072108,0.6414885903574515,0.0363655851167346,0.07636772874514264,bovada,Bovada,2026-05-31T00:10:00Z,Oklahoma City Thunder,San Antonio Spurs,,,False
2026-05-30,2026-05-30T13:09:03.857490+00:00,3133626,Kenrich Williams,OKC,pr,OVER,4.5,-190,0.6551724137931034,0.7051990378317159,0.8825661594231602,0.050026624038612466,0.07635642616419791,bovada,Bovada,2026-05-31T00:10:00Z,Oklahoma City Thunder,San Antonio Spurs,,,False
2026-05-30,2026-05-30T13:09:03.857490+00:00,4395723,Keldon Johnson,SAS,pr,OVER,10.5,105,0.4878048780487805,0.5248098785770166,0.6560094259043989,0.037005000528236076,0.07586025108288397,bovada,Bovada,2026-05-31T00:10:00Z,Oklahoma City Thunder,San Antonio Spurs,,,False
2026-05-30,2026-05-30T13:09:03.857490+00:00,4432823,Jaylin Williams,OKC,pr,OVER,8.5,-180,0.6428571428571429,0.6901231818751832,0.8577027747573258,0.04726603901804027,0.07352494958361827,bovada,Bovada,2026-05-31T00:10:00Z,Oklahoma City Thunder,San Antonio Spurs,,,False
2026-05-30,2026-05-30T13:09:03.857490+00:00,4395723,Keldon Johnson,SAS,pr,OVER,9.5,-120,0.5454545454545454,0.585548214472707,0.727698495537098,0.04009366901816158,0.07350505986662953,fanduel,FanDuel,2026-05-31T00:10:00Z,Oklahoma City Thunder,San Antonio Spurs,,,False
2026-05-30,2026-05-30T13:09:03.857490+00:00,4397020,Luguentz Dort,OKC,pr,OVER,5.5,-215,0.6825396825396826,0.7321825585122177,0.9081891187784789,0.04964287597253514,0.07273258572720265,bovada,Bovada,2026-05-31T00:10:00Z,Oklahoma City Thunder,San Antonio Spurs,,,False
2026-05-30,2026-05-30T13:09:03.857490+00:00,4395630,Devin Vassell,SAS,pr,OVER,16.5,-145,0.5918367346938775,0.6346752605165074,0.7865573066149221,0.042838525822629814,0.07238233673478833,bovada,Bovada,2026-05-31T00:10:00Z,Oklahoma City Thunder,San Antonio Spurs,,,False
2026-05-30,2026-05-30T13:09:03.857490+00:00,4592479,Julian Champagnie,SAS,pr,OVER,13.5,-160,0.6153846153846154,0.6598107041149714,0.8173213823407793,0.04442608873035603,0.0721923941868286,bovada,Bovada,2026-05-31T00:10:00Z,Oklahoma City Thunder,San Antonio Spurs,,,False
2026-05-30,2026-05-30T13:09:03.857490+00:00,2991350,Alex Caruso,OKC,pr,OVER,14.5,-114,0.5327102803738317,0.569513143716268,0.6999960228394515,0.03680286334243632,0.06908607680071366,draftkings,DraftKings,2026-05-31T00:10:00Z,Oklahoma City Thunder,San Antonio Spurs,,,False
2026-05-30,2026-05-30T13:09:03.857490+00:00,2991350,Alex Caruso,OKC,pr,OVER,14.5,-115,0.5348837209302325,0.5712084273502607,0.6999960228394515,0.03632470642002816,0.06791140765483517,bovada,Bovada,2026-05-31T00:10:00Z,Oklahoma City Thunder,San Antonio Spurs,,,False
2026-05-30,2026-05-30T13:09:03.857490+00:00,4395723,Keldon Johnson,SAS,pr,OVER,9.5,-130,0.5652173913043478,0.6009632342355529,0.727698495537098,0.035745842931205085,0.06324264518597816,draftkings,DraftKings,2026-05-31T00:10:00Z,Oklahoma City Thunder,San Antonio Spurs,,,False
2026-05-30,2026-05-30T13:09:03.857490+00:00,4395723,Keldon Johnson,SAS,pr,OVER,9.5,-130,0.5652173913043478,0.6009632342355529,0.727698495537098,0.035745842931205085,0.06324264518597816,bovada,Bovada,2026-05-31T00:10:00Z,Oklahoma City Thunder,San Antonio Spurs,,,False
2026-05-30,2026-05-30T13:09:03.857490+00:00,2991350,Alex Caruso,OKC,pr,OVER,13.5,-150,0.6,0.6338249654298509,0.7537498428629585,0.03382496542985092,0.056374942383084825,bovada,Bovada,2026-05-31T00:10:00Z,Oklahoma City Thunder,San Antonio Spurs,,,False
2026-05-30,2026-05-30T13:09:03.857490+00:00,3064560,Luke Kornet,SAS,pr,OVER,3.5,-200,0.6666666666666666,0.7041304350757484,0.8369565230715836,0.03746376840908172,0.056195652613622527,bovada,Bovada,2026-05-31T00:10:00Z,Oklahoma City Thunder,San Antonio Spurs,,,False
2026-05-30,2026-05-30T13:09:03.857490+00:00,4683778,Jared McCain,OKC,pr,OVER,16.5,100,0.5,0.525609695643268,0.6164077074693999,0.025609695643267982,0.051219391286535965,bovada,Bovada,2026-05-31T00:10:00Z,Oklahoma City Thunder,San Antonio Spurs,,,False
2026-05-30,2026-05-30T13:09:03.857490+00:00,5037871,Dylan Harper,SAS,pr,OVER,14.5,100,0.5,0.5254603181784951,0.6157287189931598,0.025460318178495145,0.05092063635699029,bovada,Bovada,2026-05-31T00:10:00Z,Oklahoma City Thunder,San Antonio Spurs,,,False
2026-05-30,2026-05-30T13:09:03.857490+00:00,5037871,Dylan Harper,SAS,pr,OVER,14.5,-101,0.5024875621890548,0.5274006166859578,0.6157287189931598,0.024913054496903064,0.049579445087896246,draftkings,DraftKings,2026-05-31T00:10:00Z,Oklahoma City Thunder,San Antonio Spurs,,,False
2026-05-30,2026-05-30T13:09:03.857490+00:00,4683778,Jared McCain,OKC,pr,OVER,16.5,-102,0.504950495049505,0.5294710817818818,0.6164077074693999,0.024520586732376892,0.04856037764647192,draftkings,DraftKings,2026-05-31T00:10:00Z,Oklahoma City Thunder,San Antonio Spurs,,,False
2026-05-30,2026-05-30T13:09:03.857490+00:00,5037871,Dylan Harper,SAS,pr,OVER,14.5,-102,0.504950495049505,0.529321704317109,0.6157287189931598,0.024371209267604055,0.04826455168682375,fanduel,FanDuel,2026-05-31T00:10:00Z,Oklahoma City Thunder,San Antonio Spurs,,,False
2026-05-30,2026-05-30T13:09:03.857490+00:00,5037871,Dylan Harper,SAS,pr,OVER,13.5,-130,0.5652173913043478,0.5910465045676853,0.6826224515922455,0.025829113263337478,0.04569766192744318,bovada,Bovada,2026-05-31T00:10:00Z,Oklahoma City Thunder,San Antonio Spurs,,,False
2026-05-30,2026-05-30T13:09:03.857490+00:00,4395723,Keldon Johnson,SAS,pr,OVER,8.5,-190,0.6551724137931034,0.6850697742609118,0.7910695068285958,0.02989736046780833,0.04563281334560215,bovada,Bovada,2026-05-31T00:10:00Z,Oklahoma City Thunder,San Antonio Spurs,,,False
2026-05-30,2026-05-30T13:09:03.857490+00:00,4683778,Jared McCain,OKC,pr,OVER,15.5,-130,0.5652173913043478,0.5902302038284509,0.6789119936866346,0.025012812524103145,0.04425343754264399,fanduel,FanDuel,2026-05-31T00:10:00Z,Oklahoma City Thunder,San Antonio Spurs,,,False
2026-05-30,2026-05-30T13:09:03.857490+00:00,4683778,Jared McCain,OKC,pr,OVER,15.5,-130,0.5652173913043478,0.5902302038284509,0.6789119936866346,0.025012812524103145,0.04425343754264399,bovada,Bovada,2026-05-31T00:10:00Z,Oklahoma City Thunder,San Antonio Spurs,,,False
2026-05-30,2026-05-30T13:09:03.857490+00:00,5037871,Dylan Harper,SAS,pr,OVER,12.5,-170,0.6296296296296297,0.6547968350330671,0.7440260178270723,0.02516720540343742,0.03997144387604773,bovada,Bovada,2026-05-31T00:10:00Z,Oklahoma City Thunder,San Antonio Spurs,,,False
2026-05-30,2026-05-30T13:09:03.857490+00:00,4683778,Jared McCain,OKC,pr,OVER,16.5,-110,0.5238095238095238,0.5441811242146966,0.6164077074693999,0.02037160040517272,0.03889123713714793,betmgm,BetMGM,2026-05-31T00:10:00Z,Oklahoma City Thunder,San Antonio Spurs,,,False
2026-05-30,2026-05-30T13:09:03.857490+00:00,4683778,Jared McCain,OKC,pr,OVER,14.5,-170,0.6296296296296297,0.653188899218959,0.7367172186720358,0.0235592695893293,0.037417663465405426,bovada,Bovada,2026-05-31T00:10:00Z,Oklahoma City Thunder,San Antonio Spurs,,,False
2026-05-30,2026-05-30T13:09:03.857490+00:00,4845367,Stephon Castle,SAS,pr,UNDER,21.5,120,0.45454545454545453,0.46441798796495837,0.49942060645229014,0.009872533419503837,0.02171957352290843,bovada,Bovada,2026-05-31T00:10:00Z,Oklahoma City Thunder,San Antonio Spurs,,,False
2026-05-30,2026-05-30T13:09:03.857490+00:00,4845367,Stephon Castle,SAS,pr,UNDER,22.5,-105,0.5121951219512195,0.5220882938144897,0.5571640849660842,0.009893171863270211,0.019315240304479953,bovada,Bovada,2026-05-31T00:10:00Z,Oklahoma City Thunder,San Antonio Spurs,,,False
2026-05-30,2026-05-30T13:09:03.857490+00:00,4845367,Stephon Castle,SAS,pr,UNDER,23.5,-130,0.5652173913043478,0.5758871527131286,0.6137163067988061,0.010669761408780842,0.018877270184766037,bovada,Bovada,2026-05-31T00:10:00Z,Oklahoma City Thunder,San Antonio Spurs,,,False
2026-05-30,2026-05-30T13:09:03.857490+00:00,4845367,Stephon Castle,SAS,pr,UNDER,22.5,-107,0.5169082125603864,0.52576450448964,0.5571640849660842,0.008856291929253524,0.017133200274350224,draftkings,DraftKings,2026-05-31T00:10:00Z,Oklahoma City Thunder,San Antonio Spurs,,,False
2026-05-30,2026-05-30T13:09:03.857490+00:00,4066259,De'Aaron Fox,SAS,pr,UNDER,18.5,-125,0.5555555555555556,0.5637380414373678,0.5927486732001566,0.008182485881812251,0.01472847458726212,bovada,Bovada,2026-05-31T00:10:00Z,Oklahoma City Thunder,San Antonio Spurs,,,False
2026-05-30,2026-05-30T13:09:03.857490+00:00,4066259,De'Aaron Fox,SAS,pr,UNDER,18.5,-128,0.5614035087719298,0.5682994449461397,0.5927486732001566,0.006895936174209916,0.01228338631031134,draftkings,DraftKings,2026-05-31T00:10:00Z,Oklahoma City Thunder,San Antonio Spurs,,,False
2026-05-30,2026-05-30T13:09:03.857490+00:00,4066259,De'Aaron Fox,SAS,pr,UNDER,17.5,100,0.5,0.5047253366639854,0.5214788030181154,0.004725336663985447,0.009450673327970893,bovada,Bovada,2026-05-31T00:10:00Z,Oklahoma City Thunder,San Antonio Spurs,,,False
2026-05-30,2026-05-30T13:09:03.857490+00:00,4845367,Stephon Castle,SAS,pr,UNDER,22.5,-115,0.5348837209302325,0.5397854010181199,0.5571640849660842,0.004901680087887383,0.00916401059909372,betmgm,BetMGM,2026-05-31T00:10:00Z,Oklahoma City Thunder,San Antonio Spurs,,,False
2026-05-30,2026-05-30T13:09:03.857490+00:00,4066259,De'Aaron Fox,SAS,pr,UNDER,16.5,130,0.43478260869565216,0.4380233865036167,0.44951341691367286,0.0032407778079645566,0.007453788958318497,bovada,Bovada,2026-05-31T00:10:00Z,Oklahoma City Thunder,San Antonio Spurs,,,False
2026-05-30,2026-05-30T13:09:03.857490+00:00,4066259,De'Aaron Fox,SAS,pr,UNDER,17.5,-106,0.5145631067961165,0.5160845599649563,0.5214788030181154,0.0015214531688397814,0.0029567863469905364,fanduel,FanDuel,2026-05-31T00:10:00Z,Oklahoma City Thunder,San Antonio Spurs,,,False
2026-05-30,2026-05-30T13:09:03.857490+00:00,4222252,Isaiah Hartenstein,OKC,pr,UNDER,16.5,-115,0.5348837209302325,0.5353067630748586,0.5368066397694419,0.0004230421446260735,0.0007909048790833983,betmgm,BetMGM,2026-05-31T00:10:00Z,Oklahoma City Thunder,San Antonio Spurs,,,False
2026-05-30,2026-05-30T13:09:03.857490+00:00,4397020,Luguentz Dort,OKC,pra,OVER,10.5,190,0.3448275862068966,0.43125024459701644,0.6834989346430496,0.08642265839011987,0.25062570933134765,bovada,Bovada,2026-05-31T00:10:00Z,Oklahoma City Thunder,San Antonio Spurs,,,False
2026-05-30,2026-05-30T13:09:03.857490+00:00,3133626,Kenrich Williams,OKC,pra,OVER,8.5,190,0.3448275862068966,0.43106375557482635,0.6824332830876776,0.08623616936792977,0.2500848911669964,bovada,Bovada,2026-05-31T00:10:00Z,Oklahoma City Thunder,San Antonio Spurs,,,False
2026-05-30,2026-05-30T13:09:03.857490+00:00,4278073,Shai Gilgeous-Alexander,OKC,pra,UNDER,39.5,125,0.4444444444444444,0.5470662056457417,0.975298952896302,0.10262176120129729,0.23089896270291888,bovada,Bovada,2026-05-31T00:10:00Z,Oklahoma City Thunder,San Antonio Spurs,,,False
2026-05-30,2026-05-30T13:09:03.857490+00:00,4278073,Shai Gilgeous-Alexander,OKC,pra,UNDER,40.5,110,0.47619047619047616,0.5688867742266274,0.982074084016102,0.0926962980361512,0.19466222587591753,bovada,Bovada,2026-05-31T00:10:00Z,Oklahoma City Thunder,San Antonio Spurs,,,False
2026-05-30,2026-05-30T13:09:03.857490+00:00,5104157,Victor Wembanyama,SAS,pra,UNDER,39.5,125,0.4444444444444444,0.5253034714283706,0.8509404716541815,0.08085902698392622,0.18193281071383394,bovada,Bovada,2026-05-31T00:10:00Z,Oklahoma City Thunder,San Antonio Spurs,,,False
2026-05-30,2026-05-30T13:09:03.857490+00:00,4278073,Shai Gilgeous-Alexander,OKC,pra,UNDER,41.5,104,0.49019607843137253,0.5788867365818641,0.987195917722697,0.08869065815049154,0.18092894262700276,betrivers,BetRivers,2026-05-31T00:10:00Z,Oklahoma City Thunder,San Antonio Spurs,,,False
2026-05-30,2026-05-30T13:09:03.857490+00:00,3064560,Luke Kornet,SAS,pra,OVER,7.5,200,0.3333333333333333,0.3923170181749891,0.5037162943332711,0.05898368484165578,0.1769510545249673,bovada,Bovada,2026-05-31T00:10:00Z,Oklahoma City Thunder,San Antonio Spurs,,,False
2026-05-30,2026-05-30T13:09:03.857490+00:00,4397020,Luguentz Dort,OKC,pra,OVER,9.5,140,0.4166666666666667,0.4885833376671558,0.7442857390504138,0.0719166710004891,0.1726000104011738,bovada,Bovada,2026-05-31T00:10:00Z,Oklahoma City Thunder,San Antonio Spurs,,,False
2026-05-30,2026-05-30T13:09:03.857490+00:00,3133626,Kenrich Williams,OKC,pra,OVER,7.5,135,0.425531914893617,0.4936525904790954,0.7403248331328245,0.06812067558547835,0.16008358762587416,bovada,Bovada,2026-05-31T00:10:00Z,Oklahoma City Thunder,San Antonio Spurs,,,False
2026-05-30,2026-05-30T13:09:03.857490+00:00,4278073,Shai Gilgeous-Alexander,OKC,pra,UNDER,42.5,-105,0.5121951219512195,0.59385175999271,0.9909996041395277,0.08165663804149048,0.15942486474767192,betmgm,BetMGM,2026-05-31T00:10:00Z,Oklahoma City Thunder,San Antonio Spurs,,,False
2026-05-30,2026-05-30T13:09:03.857490+00:00,5104157,Victor Wembanyama,SAS,pra,UNDER,40.5,110,0.47619047619047616,0.5503556287342971,0.8761818240599291,0.07416515254382094,0.15574682034202403,bovada,Bovada,2026-05-31T00:10:00Z,Oklahoma City Thunder,San Antonio Spurs,,,False
2026-05-30,2026-05-30T13:09:03.857490+00:00,4397020,Luguentz Dort,OKC,pra,OVER,9.5,130,0.43478260869565216,0.5003586999859964,0.7442857390504138,0.0655760912903442,0.1508250099677917,betmgm,BetMGM,2026-05-31T00:10:00Z,Oklahoma City Thunder,San Antonio Spurs,,,False
2026-05-30,2026-05-30T13:09:03.857490+00:00,4278073,Shai Gilgeous-Alexander,OKC,pra,UNDER,41.5,-110,0.5238095238095238,0.6007354760776624,0.987195917722697,0.07692595226813859,0.14685863614826455,bovada,Bovada,2026-05-31T00:10:00Z,Oklahoma City Thunder,San Antonio Spurs,,,False
2026-05-30,2026-05-30T13:09:03.857490+00:00,5104157,Victor Wembanyama,SAS,pra,UNDER,41.5,102,0.49504950495049505,0.5664790589341219,0.8982678898074293,0.07142955398362683,0.14428769904692618,betrivers,BetRivers,2026-05-31T00:10:00Z,Oklahoma City Thunder,San Antonio Spurs,,,False
2026-05-30,2026-05-30T13:09:03.857490+00:00,4278073,Shai Gilgeous-Alexander,OKC,pra,UNDER,42.5,-114,0.5327102803738317,0.607186612967408,0.9909996041395277,0.07447633259357622,0.13980644890373073,fanduel,FanDuel,2026-05-31T00:10:00Z,Oklahoma City Thunder,San Antonio Spurs,,,False
2026-05-30,2026-05-30T13:09:03.857490+00:00,4278073,Shai Gilgeous-Alexander,OKC,pra,UNDER,42.5,-115,0.5348837209302325,0.6085993493290685,0.9909996041395277,0.07371562839883594,0.13781617483260622,betrivers,BetRivers,2026-05-31T00:10:00Z,Oklahoma City Thunder,San Antonio Spurs,,,False
2026-05-30,2026-05-30T13:09:03.857490+00:00,4432823,Jaylin Williams,OKC,pra,OVER,13.5,140,0.4166666666666667,0.47256366581543696,0.652744757040592,0.05589699914877028,0.1341527979570487,bovada,Bovada,2026-05-31T00:10:00Z,Oklahoma City Thunder,San Antonio Spurs,,,False
2026-05-30,2026-05-30T13:09:03.857490+00:00,4278073,Shai Gilgeous-Alexander,OKC,pra,UNDER,42.5,-122,0.5495495495495496,0.6181321379316246,0.9909996041395277,0.06858258838207498,0.12479782476082502,draftkings,DraftKings,2026-05-31T00:10:00Z,Oklahoma City Thunder,San Antonio Spurs,,,False
2026-05-30,2026-05-30T13:09:03.857490+00:00,4592479,Julian Champagnie,SAS,pra,OVER,17.5,125,0.4444444444444444,0.4987254033485748,0.6990657969124909,0.05428095890413037,0.1221321575342933,bovada,Bovada,2026-05-31T00:10:00Z,Oklahoma City Thunder,San Antonio Spurs,,,False
2026-05-30,2026-05-30T13:09:03.857490+00:00,4278073,Shai Gilgeous-Alexander,OKC,pra,UNDER,42.5,-125,0.5555555555555556,0.6220360418355284,0.9909996041395277,0.06648048627997283,0.11966487530395115,bovada,Bovada,2026-05-31T00:10:00Z,Oklahoma City Thunder,San Antonio Spurs,,,False
2026-05-30,2026-05-30T13:09:03.857490+00:00,5104157,Victor Wembanyama,SAS,pra,UNDER,41.5,-110,0.5238095238095238,0.5851730711924906,0.8982678898074293,0.06136354738296679,0.11714859045839121,bovada,Bovada,2026-05-31T00:10:00Z,Oklahoma City Thunder,San Antonio Spurs,,,False
2026-05-30,2026-05-30T13:09:03.857490+00:00,4397020,Luguentz Dort,OKC,pra,OVER,8.5,105,0.4878048780487805,0.5442835425716557,0.7983449819425622,0.0564786645228752,0.11578126227189411,bovada,Bovada,2026-05-31T00:10:00Z,Oklahoma City Thunder,San Antonio Spurs,,,False
2026-05-30,2026-05-30T13:09:03.857490+00:00,3064560,Luke Kornet,SAS,pra,OVER,6.5,140,0.4166666666666667,0.46432746695959587,0.6056807635786429,0.047660800292929184,0.11438592070303,bovada,Bovada,2026-05-31T00:10:00Z,Oklahoma City Thunder,San Antonio Spurs,,,False
2026-05-30,2026-05-30T13:09:03.857490+00:00,5104157,Victor Wembanyama,SAS,pra,UNDER,42.5,-115,0.5348837209302325,0.5957083402395008,0.917336695056284,0.0608246193092683,0.11371559262167541,betrivers,BetRivers,2026-05-31T00:10:00Z,Oklahoma City Thunder,San Antonio Spurs,,,False
2026-05-30,2026-05-30T13:09:03.857490+00:00,4395723,Keldon Johnson,SAS,pra,OVER,12.5,145,0.40816326530612246,0.45265824462934845,0.5705835553163934,0.04449497932322599,0.10901269934190372,bovada,Bovada,2026-05-31T00:10:00Z,Oklahoma City Thunder,San Antonio Spurs,,,False
2026-05-30,2026-05-30T13:09:03.857490+00:00,5104157,Victor Wembanyama,SAS,pra,UNDER,42.5,-118,0.5412844036697247,0.5998687840201707,0.917336695056284,0.058584380350446,0.10823216030845106,betmgm,BetMGM,2026-05-31T00:10:00Z,Oklahoma City Thunder,San Antonio Spurs,,,False
2026-05-30,2026-05-30T13:09:03.857490+00:00,4433255,Chet Holmgren,OKC,pra,UNDER,20.5,150,0.4,0.44305725799614293,0.5460414742636738,0.043057257996142906,0.10764314499035732,bovada,Bovada,2026-05-31T00:10:00Z,Oklahoma City Thunder,San Antonio Spurs,,,False
2026-05-30,2026-05-30T13:09:03.857490+00:00,4397020,Luguentz Dort,OKC,pra,OVER,8.5,100,0.5,0.5522103718399484,0.7983449819425622,0.052210371839948366,0.10442074367989673,fanduel,FanDuel,2026-05-31T00:10:00Z,Oklahoma City Thunder,San Antonio Spurs,,,False
2026-05-30,2026-05-30T13:09:03.857490+00:00,4066259,De'Aaron Fox,SAS,pra,UNDER,21.5,155,0.39215686274509803,0.43269445833745795,0.51595712887511,0.04053759559235992,0.10337086876051771,bovada,Bovada,2026-05-31T00:10:00Z,Oklahoma City Thunder,San Antonio Spurs,,,False
2026-05-30,2026-05-30T13:09:03.857490+00:00,5104157,Victor Wembanyama,SAS,pra,UNDER,42.5,-122,0.5495495495495496,0.6052411288420569,0.917336695056284,0.05569157929250734,0.10134041477816919,fanduel,FanDuel,2026-05-31T00:10:00Z,Oklahoma City Thunder,San Antonio Spurs,,,False
2026-05-30,2026-05-30T13:09:03.857490+00:00,4278073,Shai Gilgeous-Alexander,OKC,pra,UNDER,43.5,-139,0.5815899581589958,0.6394440200358558,0.993774555614334,0.05785406187685993,0.09947568912639948,betrivers,BetRivers,2026-05-31T00:10:00Z,Oklahoma City Thunder,San Antonio Spurs,,,False
2026-05-30,2026-05-30T13:09:03.857490+00:00,5104157,Victor Wembanyama,SAS,pra,UNDER,42.5,-124,0.5535714285714286,0.6078553502062782,0.917336695056284,0.05428392163484963,0.09806127779198648,draftkings,DraftKings,2026-05-31T00:10:00Z,Oklahoma City Thunder,San Antonio Spurs,,,False
2026-05-30,2026-05-30T13:09:03.857490+00:00,5104157,Victor Wembanyama,SAS,pra,UNDER,42.5,-125,0.5555555555555556,0.6091450327459609,0.917336695056284,0.0535894771904053,0.0964610589427296,bovada,Bovada,2026-05-31T00:10:00Z,Oklahoma City Thunder,San Antonio Spurs,,,False
2026-05-30,2026-05-30T13:09:03.857490+00:00,4278073,Shai Gilgeous-Alexander,OKC,pra,UNDER,43.5,-145,0.5918367346938775,0.6461044247835288,0.993774555614334,0.054267690089651266,0.091693683254928,bovada,Bovada,2026-05-31T00:10:00Z,Oklahoma City Thunder,San Antonio Spurs,,,False
2026-05-30,2026-05-30T13:09:03.857490+00:00,3133626,Kenrich Williams,OKC,pra,OVER,6.5,-105,0.5121951219512195,0.5590669336358131,0.7922291678144022,0.046871811684593534,0.09151163233658732,bovada,Bovada,2026-05-31T00:10:00Z,Oklahoma City Thunder,San Antonio Spurs,,,False
2026-05-30,2026-05-30T13:09:03.857490+00:00,4395630,Devin Vassell,SAS,pra,OVER,21.5,120,0.45454545454545453,0.49558667386224553,0.6436121623297147,0.041041219316791,0.09029068249694017,bovada,Bovada,2026-05-31T00:10:00Z,Oklahoma City Thunder,San Antonio Spurs,,,False
2026-05-30,2026-05-30T13:09:03.857490+00:00,4683692,Cason Wallace,OKC,pra,OVER,16.5,115,0.46511627906976744,0.5068778835575536,0.6688702980697414,0.04176160448778615,0.08978744964874019,bovada,Bovada,2026-05-31T00:10:00Z,Oklahoma City Thunder,San Antonio Spurs,,,False
2026-05-30,2026-05-30T13:09:03.857490+00:00,4845367,Stephon Castle,SAS,pra,UNDER,27.5,135,0.425531914893617,0.4632784130099367,0.5667581047376322,0.03774649811631969,0.0887042705733514,bovada,Bovada,2026-05-31T00:10:00Z,Oklahoma City Thunder,San Antonio Spurs,,,False
2026-05-30,2026-05-30T13:09:03.857490+00:00,3133626,Kenrich Williams,OKC,pra,OVER,6.5,-107,0.5169082125603864,0.5621304425317716,0.7922291678144022,0.04522222997138514,0.08748599629978238,draftkings,DraftKings,2026-05-31T00:10:00Z,Oklahoma City Thunder,San Antonio Spurs,,,False
2026-05-30,2026-05-30T13:09:03.857490+00:00,4592479,Julian Champagnie,SAS,pra,OVER,16.5,100,0.5,0.5426634870473939,0.7437913545565364,0.04266348704739387,0.08532697409478773,bovada,Bovada,2026-05-31T00:10:00Z,Oklahoma City Thunder,San Antonio Spurs,,,False
2026-05-30,2026-05-30T13:09:03.857490+00:00,4433255,Chet Holmgren,OKC,pra,UNDER,21.5,125,0.4444444444444444,0.4820796180749139,0.6039470239201431,0.037635173630469476,0.0846791406685562,bovada,Bovada,2026-05-31T00:10:00Z,Oklahoma City Thunder,San Antonio Spurs,,,False
2026-05-30,2026-05-30T13:09:03.857490+00:00,5104157,Victor Wembanyama,SAS,pra,UNDER,43.5,-137,0.5780590717299579,0.6266152474137471,0.93358200451014,0.04855617568378923,0.08399863968655519,betrivers,BetRivers,2026-05-31T00:10:00Z,Oklahoma City Thunder,San Antonio Spurs,,,False
2026-05-30,2026-05-30T13:09:03.857490+00:00,4432823,Jaylin Williams,OKC,pra,OVER,12.5,105,0.4878048780487805,0.5287481780286382,0.7095714702681766,0.040943299979857684,0.0839337649587083,bovada,Bovada,2026-05-31T00:10:00Z,Oklahoma City Thunder,San Antonio Spurs,,,False
2026-05-30,2026-05-30T13:09:03.857490+00:00,4066259,De'Aaron Fox,SAS,pra,UNDER,22.5,130,0.43478260869565216,0.47082291136215404,0.5755098040570292,0.03604030266650188,0.08289269613295436,bovada,Bovada,2026-05-31T00:10:00Z,Oklahoma City Thunder,San Antonio Spurs,,,False
2026-05-30,2026-05-30T13:09:03.857490+00:00,4592479,Julian Champagnie,SAS,pra,OVER,16.5,-102,0.504950495049505,0.5458813088295721,0.7437913545565364,0.04093081378006713,0.08105906258405449,draftkings,DraftKings,2026-05-31T00:10:00Z,Oklahoma City Thunder,San Antonio Spurs,,,False
2026-05-30,2026-05-30T13:09:03.857490+00:00,4395630,Devin Vassell,SAS,pra,OVER,21.5,114,0.4672897196261682,0.5038704461647094,0.6436121623297147,0.03658072653854122,0.07828275479247815,betrivers,BetRivers,2026-05-31T00:10:00Z,Oklahoma City Thunder,San Antonio Spurs,,,False
2026-05-30,2026-05-30T13:09:03.857490+00:00,4432823,Jaylin Williams,OKC,pra,OVER,11.5,-107,0.5169082125603864,0.5567739303395866,0.7616205267162023,0.039865717779200116,0.07712339794667677,draftkings,DraftKings,2026-05-31T00:10:00Z,Oklahoma City Thunder,San Antonio Spurs,,,False
2026-05-30,2026-05-30T13:09:03.857490+00:00,5104157,Victor Wembanyama,SAS,pra,UNDER,43.5,-145,0.5918367346938775,0.6355707283402949,0.93358200451014,0.04373399364641739,0.07389536857498114,bovada,Bovada,2026-05-31T00:10:00Z,Oklahoma City Thunder,San Antonio Spurs,,,False
2026-05-30,2026-05-30T13:09:03.857490+00:00,4592479,Julian Champagnie,SAS,pra,OVER,16.5,-106,0.5145631067961165,0.5521295064648696,0.7437913545565364,0.03756639966875308,0.07300639935625597,fanduel,FanDuel,2026-05-31T00:10:00Z,Oklahoma City Thunder,San Antonio Spurs,,,False
2026-05-30,2026-05-30T13:09:03.857490+00:00,3133626,Kenrich Williams,OKC,pra,OVER,6.5,-115,0.5348837209302325,0.5738145229721715,0.7922291678144022,0.038930802041938994,0.07278367338275543,betmgm,BetMGM,2026-05-31T00:10:00Z,Oklahoma City Thunder,San Antonio Spurs,,,False
2026-05-30,2026-05-30T13:09:03.857490+00:00,4845367,Stephon Castle,SAS,pra,UNDER,28.5,115,0.46511627906976744,0.49702556816090226,0.6125713529460195,0.03190928909113483,0.06860497154593981,bovada,Bovada,2026-05-31T00:10:00Z,Oklahoma City Thunder,San Antonio Spurs,,,False
2026-05-30,2026-05-30T13:09:03.857490+00:00,4395723,Keldon Johnson,SAS,pra,OVER,11.5,110,0.47619047619047616,0.5084826403510974,0.6369076047273594,0.032292164160621195,0.0678135447373045,bovada,Bovada,2026-05-31T00:10:00Z,Oklahoma City Thunder,San Antonio Spurs,,,False
2026-05-30,2026-05-30T13:09:03.857490+00:00,4845367,Stephon Castle,SAS,pra,UNDER,27.5,123,0.4484304932735426,0.47816248895688834,0.5667581047376322,0.029731995683345724,0.0663023503738609,betrivers,BetRivers,2026-05-31T00:10:00Z,Oklahoma City Thunder,San Antonio Spurs,,,False
2026-05-30,2026-05-30T13:09:03.857490+00:00,4395630,Devin Vassell,SAS,pra,OVER,20.5,100,0.5,0.5331163731321497,0.6892364178979982,0.03311637313214966,0.06623274626429931,bovada,Bovada,2026-05-31T00:10:00Z,Oklahoma City Thunder,San Antonio Spurs,,,False
2026-05-30,2026-05-30T13:09:03.857490+00:00,4592479,Julian Champagnie,SAS,pra,OVER,16.5,-110,0.5238095238095238,0.5581396775235844,0.7437913545565364,0.03433015371406056,0.06553938436320661,betmgm,BetMGM,2026-05-31T00:10:00Z,Oklahoma City Thunder,San Antonio Spurs,,,False
2026-05-30,2026-05-30T13:09:03.857490+00:00,4683692,Cason Wallace,OKC,pra,OVER,15.5,-105,0.5121951219512195,0.5454817328621074,0.7145994491075128,0.033286610910887915,0.06498814511173356,draftkings,DraftKings,2026-05-31T00:10:00Z,Oklahoma City Thunder,San Antonio Spurs,,,False
2026-05-30,2026-05-30T13:09:03.857490+00:00,4683692,Cason Wallace,OKC,pra,OVER,15.5,-105,0.5121951219512195,0.5454817328621074,0.7145994491075128,0.033286610910887915,0.06498814511173356,fanatics,Fanatics,2026-05-31T00:10:00Z,Oklahoma City Thunder,San Antonio Spurs,,,False
2026-05-30,2026-05-30T13:09:03.857490+00:00,4683692,Cason Wallace,OKC,pra,OVER,15.5,-105,0.5121951219512195,0.5454817328621074,0.7145994491075128,0.033286610910887915,0.06498814511173356,betrivers,BetRivers,2026-05-31T00:10:00Z,Oklahoma City Thunder,San Antonio Spurs,,,False
2026-05-30,2026-05-30T13:09:03.857490+00:00,4683692,Cason Wallace,OKC,pra,OVER,15.5,-105,0.5121951219512195,0.5454817328621074,0.7145994491075128,0.033286610910887915,0.06498814511173356,betmgm,BetMGM,2026-05-31T00:10:00Z,Oklahoma City Thunder,San Antonio Spurs,,,False
2026-05-30,2026-05-30T13:09:03.857490+00:00,2991350,Alex Caruso,OKC,pra,OVER,18.5,120,0.45454545454545453,0.4834712811008646,0.5743813465503953,0.028925826555410095,0.06363681842190205,bovada,Bovada,2026-05-31T00:10:00Z,Oklahoma City Thunder,San Antonio Spurs,,,False
2026-05-30,2026-05-30T13:09:03.857490+00:00,4432823,Jaylin Williams,OKC,pra,OVER,10.5,-125,0.5555555555555556,0.5900286464939339,0.8081002021875588,0.03447309093837836,0.0620515636890811,fanduel,FanDuel,2026-05-31T00:10:00Z,Oklahoma City Thunder,San Antonio Spurs,,,False
2026-05-30,2026-05-30T13:09:03.857490+00:00,3064560,Luke Kornet,SAS,pra,OVER,5.5,-105,0.5121951219512195,0.5430753354947822,0.7008486070085113,0.03088021354356263,0.06028994072790794,betmgm,BetMGM,2026-05-31T00:10:00Z,Oklahoma City Thunder,San Antonio Spurs,,,False
2026-05-30,2026-05-30T13:09:03.857490+00:00,3064560,Luke Kornet,SAS,pra,OVER,5.5,-105,0.5121951219512195,0.5430753354947822,0.7008486070085113,0.03088021354356263,0.06028994072790794,bovada,Bovada,2026-05-31T00:10:00Z,Oklahoma City Thunder,San Antonio Spurs,,,False
2026-05-30,2026-05-30T13:09:03.857490+00:00,4433255,Chet Holmgren,OKC,pra,UNDER,22.5,102,0.49504950495049505,0.5247196213281582,0.6596425320590653,0.029670116377663147,0.05993363508287952,betrivers,BetRivers,2026-05-31T00:10:00Z,Oklahoma City Thunder,San Antonio Spurs,,,False
2026-05-30,2026-05-30T13:09:03.857490+00:00,4397020,Luguentz Dort,OKC,pra,OVER,7.5,-135,0.574468085106383,0.6087630539512967,0.8449074207551299,0.034294968844913676,0.059698649470775744,bovada,Bovada,2026-05-31T00:10:00Z,Oklahoma City Thunder,San Antonio Spurs,,,False
2026-05-30,2026-05-30T13:09:03.857490+00:00,5037871,Dylan Harper,SAS,pra,OVER,18.5,130,0.43478260869565216,0.459689430316387,0.511889912366932,0.02490682162073482,0.0572856897276901,bovada,Bovada,2026-05-31T00:10:00Z,Oklahoma City Thunder,San Antonio Spurs,,,False
2026-05-30,2026-05-30T13:09:03.857490+00:00,4397020,Luguentz Dort,OKC,pra,OVER,7.5,-137,0.5780590717299579,0.6110971952566203,0.8449074207551299,0.033038123526662466,0.05715354215926288,draftkings,DraftKings,2026-05-31T00:10:00Z,Oklahoma City Thunder,San Antonio Spurs,,,False
2026-05-30,2026-05-30T13:09:03.857490+00:00,4066259,De'Aaron Fox,SAS,pra,UNDER,23.5,105,0.4878048780487805,0.5154154055052772,0.6333841987061135,0.027610527456496725,0.05660158128581827,bovada,Bovada,2026-05-31T00:10:00Z,Oklahoma City Thunder,San Antonio Spurs,,,False
2026-05-30,2026-05-30T13:09:03.857490+00:00,3064560,Luke Kornet,SAS,pra,OVER,5.5,-107,0.5169082125603864,0.5461388443907407,0.7008486070085113,0.029230631830354237,0.056548979335358074,draftkings,DraftKings,2026-05-31T00:10:00Z,Oklahoma City Thunder,San Antonio Spurs,,,False
2026-05-30,2026-05-30T13:09:03.857490+00:00,4433255,Chet Holmgren,OKC,pra,UNDER,22.5,100,0.5,0.5279374431103364,0.6596425320590653,0.027937443110336413,0.055874886220672826,bovada,Bovada,2026-05-31T00:10:00Z,Oklahoma City Thunder,San Antonio Spurs,,,False
2026-05-30,2026-05-30T13:09:03.857490+00:00,4683692,Cason Wallace,OKC,pra,OVER,15.5,-110,0.5238095238095238,0.5530310940700052,0.7145994491075128,0.029221570260481333,0.05578663413364626,bovada,Bovada,2026-05-31T00:10:00Z,Oklahoma City Thunder,San Antonio Spurs,,,False
2026-05-30,2026-05-30T13:09:03.857490+00:00,5104157,Victor Wembanyama,SAS,pra,UNDER,44.5,-167,0.6254681647940075,0.6598210039780361,0.9472382677824647,0.03435283918402865,0.05492340156967446,betrivers,BetRivers,2026-05-31T00:10:00Z,Oklahoma City Thunder,San Antonio Spurs,,,False
2026-05-30,2026-05-30T13:09:03.857490+00:00,4066259,De'Aaron Fox,SAS,pra,UNDER,22.5,114,0.4672897196261682,0.4919525334669895,0.5755098040570292,0.02466281384082125,0.05277842161935742,betrivers,BetRivers,2026-05-31T00:10:00Z,Oklahoma City Thunder,San Antonio Spurs,,,False
2026-05-30,2026-05-30T13:09:03.857490+00:00,4433255,Chet Holmgren,OKC,pra,UNDER,22.5,-102,0.504950495049505,0.5311552648925146,0.6596425320590653,0.02620476984300968,0.051895720669489775,draftkings,DraftKings,2026-05-31T00:10:00Z,Oklahoma City Thunder,San Antonio Spurs,,,False
2026-05-30,2026-05-30T13:09:03.857490+00:00,4683778,Jared McCain,OKC,pra,OVER,19.5,120,0.45454545454545453,0.47711970742114174,0.5380866398091217,0.022574252875687206,0.049663356326511754,bovada,Bovada,2026-05-31T00:10:00Z,Oklahoma City Thunder,San Antonio Spurs,,,False
2026-05-30,2026-05-30T13:09:03.857490+00:00,2991350,Alex Caruso,OKC,pra,OVER,17.5,102,0.49504950495049505,0.5191077715876011,0.6275748192558818,0.024058266637106085,0.04859769860695429,betrivers,BetRivers,2026-05-31T00:10:00Z,Oklahoma City Thunder,San Antonio Spurs,,,False
2026-05-30,2026-05-30T13:09:03.857490+00:00,5037871,Dylan Harper,SAS,pra,OVER,17.5,112,0.4716981132075472,0.49456231706403647,0.5740488198807474,0.022864203856489296,0.04847211217575742,betrivers,BetRivers,2026-05-31T00:10:00Z,Oklahoma City Thunder,San Antonio Spurs,,,False
2026-05-30,2026-05-30T13:09:03.857490+00:00,4592479,Julian Champagnie,SAS,pra,OVER,15.5,-130,0.5652173913043478,0.5922279194893655,0.7847806579516535,0.0270105281850177,0.047787857558108215,bovada,Bovada,2026-05-31T00:10:00Z,Oklahoma City Thunder,San Antonio Spurs,,,False
2026-05-30,2026-05-30T13:09:03.857490+00:00,4432823,Jaylin Williams,OKC,pra,OVER,11.5,-125,0.5555555555555556,0.5818947032864465,0.7616205267162023,0.026339147730890966,0.04741046591560383,betmgm,BetMGM,2026-05-31T00:10:00Z,Oklahoma City Thunder,San Antonio Spurs,,,False
2026-05-30,2026-05-30T13:09:03.857490+00:00,4432823,Jaylin Williams,OKC,pra,OVER,11.5,-125,0.5555555555555556,0.5818947032864465,0.7616205267162023,0.026339147730890966,0.04741046591560383,bovada,Bovada,2026-05-31T00:10:00Z,Oklahoma City Thunder,San Antonio Spurs,,,False
2026-05-30,2026-05-30T13:09:03.857490+00:00,4395630,Devin Vassell,SAS,pra,OVER,19.5,-120,0.5454545454545454,0.5701667992066533,0.7321219694925641,0.024712253752107838,0.04530579854553096,betmgm,BetMGM,2026-05-31T00:10:00Z,Oklahoma City Thunder,San Antonio Spurs,,,False
2026-05-30,2026-05-30T13:09:03.857490+00:00,4845367,Stephon Castle,SAS,pra,UNDER,29.5,-105,0.5121951219512195,0.5353785841168902,0.6568671705634143,0.023183462165670687,0.04526294994249991,betmgm,BetMGM,2026-05-31T00:10:00Z,Oklahoma City Thunder,San Antonio Spurs,,,False
2026-05-30,2026-05-30T13:09:03.857490+00:00,4845367,Stephon Castle,SAS,pra,UNDER,29.5,-105,0.5121951219512195,0.5353785841168902,0.6568671705634143,0.023183462165670687,0.04526294994249991,bovada,Bovada,2026-05-31T00:10:00Z,Oklahoma City Thunder,San Antonio Spurs,,,False
2026-05-30,2026-05-30T13:09:03.857490+00:00,4433255,Chet Holmgren,OKC,pra,UNDER,22.5,-106,0.5145631067961165,0.5374034625278121,0.6596425320590653,0.022840355731695627,0.04438786113895565,fanduel,FanDuel,2026-05-31T00:10:00Z,Oklahoma City Thunder,San Antonio Spurs,,,False
2026-05-30,2026-05-30T13:09:03.857490+00:00,4395630,Devin Vassell,SAS,pra,OVER,20.5,-113,0.5305164319248826,0.5529520538833234,0.6892364178979982,0.022435621958440732,0.04229015466502545,betrivers,BetRivers,2026-05-31T00:10:00Z,Oklahoma City Thunder,San Antonio Spurs,,,False
2026-05-30,2026-05-30T13:09:03.857490+00:00,4433255,Chet Holmgren,OKC,pra,UNDER,23.5,-118,0.5412844036697247,0.5639445075648377,0.7120551153115233,0.02266010389511297,0.041863581772327296,betmgm,BetMGM,2026-05-31T00:10:00Z,Oklahoma City Thunder,San Antonio Spurs,,,False
2026-05-30,2026-05-30T13:09:03.857490+00:00,4395630,Devin Vassell,SAS,pra,OVER,19.5,-124,0.5535714285714286,0.5754427732326274,0.7321219694925641,0.021871344661198777,0.03950952583958489,draftkings,DraftKings,2026-05-31T00:10:00Z,Oklahoma City Thunder,San Antonio Spurs,,,False
2026-05-30,2026-05-30T13:09:03.857490+00:00,4433255,Chet Holmgren,OKC,pra,UNDER,23.5,-120,0.5454545454545454,0.5666550997249711,0.7120551153115233,0.021200554270425664,0.03886768282911368,bovada,Bovada,2026-05-31T00:10:00Z,Oklahoma City Thunder,San Antonio Spurs,,,False
2026-05-30,2026-05-30T13:09:03.857490+00:00,4395630,Devin Vassell,SAS,pra,OVER,19.5,-125,0.5555555555555556,0.5767324557723099,0.7321219694925641,0.021176900216754335,0.03811842039015789,bovada,Bovada,2026-05-31T00:10:00Z,Oklahoma City Thunder,San Antonio Spurs,,,False
2026-05-30,2026-05-30T13:09:03.857490+00:00,4683778,Jared McCain,OKC,pra,OVER,18.5,102,0.49504950495049505,0.5133226300108453,0.5945168673887058,0.01827312506035028,0.03691171262190762,betrivers,BetRivers,2026-05-31T00:10:00Z,Oklahoma City Thunder,San Antonio Spurs,,,False
2026-05-30,2026-05-30T13:09:03.857490+00:00,5037871,Dylan Harper,SAS,pra,OVER,17.5,105,0.4878048780487805,0.5050317142108381,0.5740488198807474,0.017226836162057668,0.03531501413221827,bovada,Bovada,2026-05-31T00:10:00Z,Oklahoma City Thunder,San Antonio Spurs,,,False
2026-05-30,2026-05-30T13:09:03.857490+00:00,2991350,Alex Caruso,OKC,pra,OVER,17.5,-105,0.5121951219512195,0.530252422638072,0.6275748192558818,0.018057300686852518,0.035254729912426286,draftkings,DraftKings,2026-05-31T00:10:00Z,Oklahoma City Thunder,San Antonio Spurs,,,False
2026-05-30,2026-05-30T13:09:03.857490+00:00,2991350,Alex Caruso,OKC,pra,OVER,17.5,-105,0.5121951219512195,0.530252422638072,0.6275748192558818,0.018057300686852518,0.035254729912426286,bovada,Bovada,2026-05-31T00:10:00Z,Oklahoma City Thunder,San Antonio Spurs,,,False
2026-05-30,2026-05-30T13:09:03.857490+00:00,4395723,Keldon Johnson,SAS,pra,OVER,10.5,-120,0.5454545454545454,0.564432814510303,0.6993563426562774,0.018978269055757613,0.03479349326888892,draftkings,DraftKings,2026-05-31T00:10:00Z,Oklahoma City Thunder,San Antonio Spurs,,,False
2026-05-30,2026-05-30T13:09:03.857490+00:00,4395723,Keldon Johnson,SAS,pra,OVER,10.5,-120,0.5454545454545454,0.564432814510303,0.6993563426562774,0.018978269055757613,0.03479349326888892,betmgm,BetMGM,2026-05-31T00:10:00Z,Oklahoma City Thunder,San Antonio Spurs,,,False
2026-05-30,2026-05-30T13:09:03.857490+00:00,4395723,Keldon Johnson,SAS,pra,OVER,10.5,-120,0.5454545454545454,0.564432814510303,0.6993563426562774,0.018978269055757613,0.03479349326888892,bovada,Bovada,2026-05-31T00:10:00Z,Oklahoma City Thunder,San Antonio Spurs,,,False
2026-05-30,2026-05-30T13:09:03.857490+00:00,4066259,De'Aaron Fox,SAS,pra,UNDER,23.5,-108,0.5192307692307693,0.5358422347735698,0.6333841987061135,0.016611465542800574,0.03199245215650487,fanduel,FanDuel,2026-05-31T00:10:00Z,Oklahoma City Thunder,San Antonio Spurs,,,False
2026-05-30,2026-05-30T13:09:03.857490+00:00,4845367,Stephon Castle,SAS,pra,UNDER,28.5,-104,0.5098039215686274,0.5260725357851612,0.6125713529460195,0.016268614216533805,0.031911512501662465,betrivers,BetRivers,2026-05-31T00:10:00Z,Oklahoma City Thunder,San Antonio Spurs,,,False
2026-05-30,2026-05-30T13:09:03.857490+00:00,4395630,Devin Vassell,SAS,pra,OVER,19.5,-130,0.5652173913043478,0.5830126490090248,0.7321219694925641,0.017795257704677048,0.03148391747750551,fanduel,FanDuel,2026-05-31T00:10:00Z,Oklahoma City Thunder,San Antonio Spurs,,,False
2026-05-30,2026-05-30T13:09:03.857490+00:00,4066259,De'Aaron Fox,SAS,pra,UNDER,24.5,-120,0.5454545454545454,0.5625105182666484,0.6883717926925366,0.017055972812103026,0.03126928348885549,bovada,Bovada,2026-05-31T00:10:00Z,Oklahoma City Thunder,San Antonio Spurs,,,False
2026-05-30,2026-05-30T13:09:03.857490+00:00,2991350,Alex Caruso,OKC,pra,OVER,16.5,-118,0.5412844036697247,0.5580614332609689,0.6784375478608446,0.016777029591244164,0.030994851278739133,betmgm,BetMGM,2026-05-31T00:10:00Z,Oklahoma City Thunder,San Antonio Spurs,,,False
2026-05-30,2026-05-30T13:09:03.857490+00:00,4845367,Stephon Castle,SAS,pra,UNDER,30.5,-123,0.5515695067264574,0.5683635954429098,0.6991052346897855,0.016794088716452382,0.030447819380234886,draftkings,DraftKings,2026-05-31T00:10:00Z,Oklahoma City Thunder,San Antonio Spurs,,,False
2026-05-30,2026-05-30T13:09:03.857490+00:00,3133626,Kenrich Williams,OKC,pra,OVER,5.5,-160,0.6153846153846154,0.6340529713312474,0.8374455504642705,0.018668355946631965,0.030336078413277012,bovada,Bovada,2026-05-31T00:10:00Z,Oklahoma City Thunder,San Antonio Spurs,,,False
2026-05-30,2026-05-30T13:09:03.857490+00:00,4222252,Isaiah Hartenstein,OKC,pra,UNDER,17.5,140,0.4166666666666667,0.4292769886888773,0.40539231631739425,0.01261032202221063,0.030264772853305533,bovada,Bovada,2026-05-31T00:10:00Z,Oklahoma City Thunder,San Antonio Spurs,,,False
2026-05-30,2026-05-30T13:09:03.857490+00:00,4433255,Chet Holmgren,OKC,pra,UNDER,23.5,-127,0.5594713656387665,0.5757660328447148,0.7120551153115233,0.0162946672059483,0.02912511382480526,betrivers,BetRivers,2026-05-31T00:10:00Z,Oklahoma City Thunder,San Antonio Spurs,,,False
2026-05-30,2026-05-30T13:09:03.857490+00:00,4066259,De'Aaron Fox,SAS,pra,UNDER,24.5,-122,0.5495495495495496,0.5651722709284012,0.6883717926925366,0.015622721378851567,0.028428230705779156,draftkings,DraftKings,2026-05-31T00:10:00Z,Oklahoma City Thunder,San Antonio Spurs,,,False
2026-05-30,2026-05-30T13:09:03.857490+00:00,4683692,Cason Wallace,OKC,pra,OVER,14.5,-139,0.5815899581589958,0.5980228934809716,0.757082403872139,0.01643293532197576,0.02825519094929646,betrivers,BetRivers,2026-05-31T00:10:00Z,Oklahoma City Thunder,San Antonio Spurs,,,False
2026-05-30,2026-05-30T13:09:03.857490+00:00,4845367,Stephon Castle,SAS,pra,UNDER,30.5,-125,0.5555555555555556,0.5709545271818236,0.6991052346897855,0.015398971626268021,0.027718148927282527,bovada,Bovada,2026-05-31T00:10:00Z,Oklahoma City Thunder,San Antonio Spurs,,,False
2026-05-30,2026-05-30T13:09:03.857490+00:00,4683778,Jared McCain,OKC,pra,OVER,18.5,-103,0.5073891625615764,0.5213434074580482,0.5945168673887058,0.01395424489647179,0.02750205547557072,draftkings,DraftKings,2026-05-31T00:10:00Z,Oklahoma City Thunder,San Antonio Spurs,,,False
2026-05-30,2026-05-30T13:09:03.857490+00:00,4683778,Jared McCain,OKC,pra,OVER,18.5,-105,0.5121951219512195,0.5244672810613162,0.5945168673887058,0.012272159110096714,0.02395992969114119,betmgm,BetMGM,2026-05-31T00:10:00Z,Oklahoma City Thunder,San Antonio Spurs,,,False
2026-05-30,2026-05-30T13:09:03.857490+00:00,4683778,Jared McCain,OKC,pra,OVER,18.5,-105,0.5121951219512195,0.5244672810613162,0.5945168673887058,0.012272159110096714,0.02395992969114119,bovada,Bovada,2026-05-31T00:10:00Z,Oklahoma City Thunder,San Antonio Spurs,,,False
2026-05-30,2026-05-30T13:09:03.857490+00:00,4066259,De'Aaron Fox,SAS,pra,UNDER,23.5,-113,0.5305164319248826,0.5431779155247436,0.6333841987061135,0.012661483599860968,0.023866336343100758,betrivers,BetRivers,2026-05-31T00:10:00Z,Oklahoma City Thunder,San Antonio Spurs,,,False
2026-05-30,2026-05-30T13:09:03.857490+00:00,4683692,Cason Wallace,OKC,pra,OVER,14.5,-145,0.5918367346938775,0.6046832982286447,0.757082403872139,0.012846563534767208,0.021706262524261832,bovada,Bovada,2026-05-31T00:10:00Z,Oklahoma City Thunder,San Antonio Spurs,,,False
2026-05-30,2026-05-30T13:09:03.857490+00:00,4592479,Julian Champagnie,SAS,pra,OVER,14.5,-165,0.6226415094339622,0.6360117845061608,0.8216845907090587,0.013370275072198567,0.0214734720856522,bovada,Bovada,2026-05-31T00:10:00Z,Oklahoma City Thunder,San Antonio Spurs,,,False
2026-05-30,2026-05-30T13:09:03.857490+00:00,2991350,Alex Caruso,OKC,pra,OVER,16.5,-125,0.5555555555555556,0.5673376819867589,0.6784375478608446,0.011782126431203355,0.021207827576166127,fanduel,FanDuel,2026-05-31T00:10:00Z,Oklahoma City Thunder,San Antonio Spurs,,,False
2026-05-30,2026-05-30T13:09:03.857490+00:00,4845367,Stephon Castle,SAS,pra,UNDER,29.5,-120,0.5454545454545454,0.556997209394052,0.6568671705634143,0.011542663939506537,0.02116155055576191,fanduel,FanDuel,2026-05-31T00:10:00Z,Oklahoma City Thunder,San Antonio Spurs,,,False
2026-05-30,2026-05-30T13:09:03.857490+00:00,4433255,Chet Holmgren,OKC,pra,UNDER,24.5,-150,0.6,0.6105547471078221,0.7603128406161263,0.010554747107822116,0.017591245179703452,bovada,Bovada,2026-05-31T00:10:00Z,Oklahoma City Thunder,San Antonio Spurs,,,False
2026-05-30,2026-05-30T13:09:03.857490+00:00,4066259,De'Aaron Fox,SAS,pra,UNDER,25.5,-145,0.5918367346938775,0.6015976338893463,0.7394500362190048,0.009760899195468742,0.016492553813033384,bovada,Bovada,2026-05-31T00:10:00Z,Oklahoma City Thunder,San Antonio Spurs,,,False
2026-05-30,2026-05-30T13:09:03.857490+00:00,4395630,Devin Vassell,SAS,pra,OVER,19.5,-143,0.588477366255144,0.5981316327270424,0.7321219694925641,0.009654266471898376,0.016405501766932173,betrivers,BetRivers,2026-05-31T00:10:00Z,Oklahoma City Thunder,San Antonio Spurs,,,False
2026-05-30,2026-05-30T13:09:03.857490+00:00,2991350,Alex Caruso,OKC,pra,OVER,16.5,-129,0.5633187772925764,0.5723837761158225,0.6784375478608446,0.009064998823246073,0.01609212969397944,betrivers,BetRivers,2026-05-31T00:10:00Z,Oklahoma City Thunder,San Antonio Spurs,,,False
2026-05-30,2026-05-30T13:09:03.857490+00:00,4683778,Jared McCain,OKC,pra,OVER,17.5,-122,0.5495495495495496,0.5582901822820993,0.6490455718565258,0.008740632732549658,0.015905085792016715,fanduel,FanDuel,2026-05-31T00:10:00Z,Oklahoma City Thunder,San Antonio Spurs,,,False
2026-05-30,2026-05-30T13:09:03.857490+00:00,5037871,Dylan Harper,SAS,pra,OVER,16.5,-120,0.5454545454545454,0.5530684707078094,0.6344172352134564,0.007613925253263987,0.013958862964317253,draftkings,DraftKings,2026-05-31T00:10:00Z,Oklahoma City Thunder,San Antonio Spurs,,,False
2026-05-30,2026-05-30T13:09:03.857490+00:00,5037871,Dylan Harper,SAS,pra,OVER,16.5,-120,0.5454545454545454,0.5530684707078094,0.6344172352134564,0.007613925253263987,0.013958862964317253,betmgm,BetMGM,2026-05-31T00:10:00Z,Oklahoma City Thunder,San Antonio Spurs,,,False
2026-05-30,2026-05-30T13:09:03.857490+00:00,5037871,Dylan Harper,SAS,pra,OVER,16.5,-120,0.5454545454545454,0.5530684707078094,0.6344172352134564,0.007613925253263987,0.013958862964317253,bovada,Bovada,2026-05-31T00:10:00Z,Oklahoma City Thunder,San Antonio Spurs,,,False
2026-05-30,2026-05-30T13:09:03.857490+00:00,4432823,Jaylin Williams,OKC,pra,OVER,10.5,-170,0.6296296296296297,0.6381767946420821,0.8081002021875588,0.008547165012452451,0.01357490913742454,bovada,Bovada,2026-05-31T00:10:00Z,Oklahoma City Thunder,San Antonio Spurs,,,False
2026-05-30,2026-05-30T13:09:03.857490+00:00,4397020,Luguentz Dort,OKC,pra,OVER,6.5,-200,0.6666666666666666,0.6754895581035181,0.8837498558296271,0.008822891436851443,0.01323433715527711,bovada,Bovada,2026-05-31T00:10:00Z,Oklahoma City Thunder,San Antonio Spurs,,,False
2026-05-30,2026-05-30T13:09:03.857490+00:00,5037871,Dylan Harper,SAS,pra,OVER,16.5,-121,0.5475113122171946,0.5544053691035313,0.6344172352134564,0.006894056886336708,0.012591624560995274,betrivers,BetRivers,2026-05-31T00:10:00Z,Oklahoma City Thunder,San Antonio Spurs,,,False
2026-05-30,2026-05-30T13:09:03.857490+00:00,4395630,Devin Vassell,SAS,pra,OVER,18.5,-160,0.6153846153846154,0.6225656198526656,0.7718035420152316,0.007181004468050145,0.011669132260581527,bovada,Bovada,2026-05-31T00:10:00Z,Oklahoma City Thunder,San Antonio Spurs,,,False
2026-05-30,2026-05-30T13:09:03.857490+00:00,4845367,Stephon Castle,SAS,pra,UNDER,31.5,-150,0.6,0.6067945119626434,0.738825782643677,0.006794511962643468,0.011324186604405706,bovada,Bovada,2026-05-31T00:10:00Z,Oklahoma City Thunder,San Antonio Spurs,,,False
2026-05-30,2026-05-30T13:09:03.857490+00:00,3064560,Luke Kornet,SAS,pra,OVER,4.5,-165,0.6226415094339622,0.6294083919944229,0.7839509192134136,0.006766882560460652,0.010868023506194369,bovada,Bovada,2026-05-31T00:10:00Z,Oklahoma City Thunder,San Antonio Spurs,,,False
2026-05-30,2026-05-30T13:09:03.857490+00:00,4683778,Jared McCain,OKC,pra,OVER,17.5,-127,0.5594713656387665,0.5647393627400903,0.6490455718565258,0.005267997101323751,0.009416026314964576,betrivers,BetRivers,2026-05-31T00:10:00Z,Oklahoma City Thunder,San Antonio Spurs,,,False
2026-05-30,2026-05-30T13:09:03.857490+00:00,4845367,Stephon Castle,SAS,pra,UNDER,29.5,-129,0.5633187772925764,0.5686089600887722,0.6568671705634143,0.005290182796195753,0.009391099692471538,betrivers,BetRivers,2026-05-31T00:10:00Z,Oklahoma City Thunder,San Antonio Spurs,,,False
2026-05-30,2026-05-30T13:09:03.857490+00:00,2991350,Alex Caruso,OKC,pra,OVER,16.5,-135,0.574468085106383,0.5796308261947968,0.6784375478608446,0.005162741088413747,0.008986993746498084,bovada,Bovada,2026-05-31T00:10:00Z,Oklahoma City Thunder,San Antonio Spurs,,,False
2026-05-30,2026-05-30T13:09:03.857490+00:00,5037871,Dylan Harper,SAS,pra,OVER,16.5,-125,0.5555555555555556,0.559634127273466,0.6344172352134564,0.004078571717910373,0.007341429092238727,fanduel,FanDuel,2026-05-31T00:10:00Z,Oklahoma City Thunder,San Antonio Spurs,,,False
2026-05-30,2026-05-30T13:09:03.857490+00:00,4066259,De'Aaron Fox,SAS,pra,UNDER,23.5,-125,0.5555555555555556,0.559453345884681,0.6333841987061135,0.0038977903291254057,0.007016022592425786,betmgm,BetMGM,2026-05-31T00:10:00Z,Oklahoma City Thunder,San Antonio Spurs,,,False
2026-05-30,2026-05-30T13:09:03.857490+00:00,4683778,Jared McCain,OKC,pra,OVER,17.5,-130,0.5652173913043478,0.5684742794227181,0.6490455718565258,0.003256888118370327,0.005762186670962843,bovada,Bovada,2026-05-31T00:10:00Z,Oklahoma City Thunder,San Antonio Spurs,,,False
2026-05-30,2026-05-30T13:09:03.857490+00:00,4222252,Isaiah Hartenstein,OKC,pra,UNDER,18.5,110,0.47619047619047616,0.4786837595096301,0.46662828563326064,0.0024932833191539383,0.005235894970223254,bovada,Bovada,2026-05-31T00:10:00Z,Oklahoma City Thunder,San Antonio Spurs,,,False
2026-05-30,2026-05-30T13:09:03.857490+00:00,4066259,De'Aaron Fox,SAS,pra,UNDER,24.5,-143,0.588477366255144,0.5904753517870375,0.6883717926925366,0.0019979855318934536,0.0033951782115391738,betrivers,BetRivers,2026-05-31T00:10:00Z,Oklahoma City Thunder,San Antonio Spurs,,,False
2026-05-30,2026-05-30T13:09:03.857490+00:00,4395723,Keldon Johnson,SAS,pra,OVER,9.5,-165,0.6226415094339622,0.6245938950211444,0.7564395079375369,0.0019523855871821372,0.003135649579413702,bovada,Bovada,2026-05-31T00:10:00Z,Oklahoma City Thunder,San Antonio Spurs,,,False
2026-05-30,2026-05-30T13:09:03.857490+00:00,4433255,Chet Holmgren,OKC,pra,UNDER,24.5,-167,0.6254681647940075,0.6271090542239269,0.7603128406161263,0.0016408894299194676,0.0026234579508292444,betrivers,BetRivers,2026-05-31T00:10:00Z,Oklahoma City Thunder,San Antonio Spurs,,,False
2026-05-30,2026-05-30T13:09:03.857490+00:00,4278073,Shai Gilgeous-Alexander,OKC,pts,UNDER,25.5,205,0.32786885245901637,0.6951668327241296,0.9337040727202881,0.36729798026511323,1.120258839808595,bovada,Bovada,2026-05-31T00:10:00Z,Oklahoma City Thunder,San Antonio Spurs,,,False
2026-05-30,2026-05-30T13:09:03.857490+00:00,4278073,Shai Gilgeous-Alexander,OKC,pts,UNDER,26.5,170,0.37037037037037035,0.7029046989454016,0.9508993309897814,0.3325343285750313,0.8978426871525843,bovada,Bovada,2026-05-31T00:10:00Z,Oklahoma City Thunder,San Antonio Spurs,,,False
2026-05-30,2026-05-30T13:09:03.857490+00:00,4278073,Shai Gilgeous-Alexander,OKC,pts,UNDER,27.5,140,0.4166666666666667,0.7089487530842207,0.9643305624093792,0.292282086417554,0.7014770074021296,bovada,Bovada,2026-05-31T00:10:00Z,Oklahoma City Thunder,San Antonio Spurs,,,False
2026-05-30,2026-05-30T13:09:03.857490+00:00,5104157,Victor Wembanyama,SAS,pts,UNDER,22.5,175,0.36363636363636365,0.5895984531044605,0.6991076735654678,0.22596208946809682,0.6213957460372663,bovada,Bovada,2026-05-31T00:10:00Z,Oklahoma City Thunder,San Antonio Spurs,,,False
2026-05-30,2026-05-30T13:09:03.857490+00:00,4683692,Cason Wallace,OKC,pts,OVER,11.5,200,0.3333333333333333,0.5397311743221381,0.5882914984936404,0.20639784098880481,0.6191935229664144,bovada,Bovada,2026-05-31T00:10:00Z,Oklahoma City Thunder,San Antonio Spurs,,,False
2026-05-30,2026-05-30T13:09:03.857490+00:00,4432823,Jaylin Williams,OKC,pts,OVER,6.5,175,0.36363636363636365,0.5763465693069016,0.6696590429042258,0.212710205670538,0.5849530655939796,bovada,Bovada,2026-05-31T00:10:00Z,Oklahoma City Thunder,San Antonio Spurs,,,False
2026-05-30,2026-05-30T13:09:03.857490+00:00,4395630,Devin Vassell,SAS,pts,OVER,16.5,210,0.3225806451612903,0.5028420581316421,0.5063156847369824,0.18026141297035175,0.5588103802080905,bovada,Bovada,2026-05-31T00:10:00Z,Oklahoma City Thunder,San Antonio Spurs,,,False
2026-05-30,2026-05-30T13:09:03.857490+00:00,4397020,Luguentz Dort,OKC,pts,OVER,6.5,185,0.3508771929824561,0.5387363260889946,0.5860807246422102,0.18785913310653846,0.5353985293536346,bovada,Bovada,2026-05-31T00:10:00Z,Oklahoma City Thunder,San Antonio Spurs,,,False
2026-05-30,2026-05-30T13:09:03.857490+00:00,4278073,Shai Gilgeous-Alexander,OKC,pts,UNDER,28.5,115,0.46511627906976744,0.7135653707997591,0.9745897128883537,0.2484490917299917,0.5341655472194821,bovada,Bovada,2026-05-31T00:10:00Z,Oklahoma City Thunder,San Antonio Spurs,,,False
2026-05-30,2026-05-30T13:09:03.857490+00:00,3064560,Luke Kornet,SAS,pts,OVER,3.5,210,0.3225806451612903,0.4910533587678154,0.4801185750395899,0.1684727136065251,0.5222654121802279,bovada,Bovada,2026-05-31T00:10:00Z,Oklahoma City Thunder,San Antonio Spurs,,,False
2026-05-30,2026-05-30T13:09:03.857490+00:00,4278073,Shai Gilgeous-Alexander,OKC,pts,UNDER,29.5,110,0.47619047619047616,0.7170136936291311,0.9822526525091804,0.24082321743865498,0.5057287566211754,betrivers,BetRivers,2026-05-31T00:10:00Z,Oklahoma City Thunder,San Antonio Spurs,,,False
2026-05-30,2026-05-30T13:09:03.857490+00:00,5104157,Victor Wembanyama,SAS,pts,UNDER,23.5,145,0.40816326530612246,0.6100695080494386,0.7445989067765302,0.20190624274331614,0.49467029472112456,bovada,Bovada,2026-05-31T00:10:00Z,Oklahoma City Thunder,San Antonio Spurs,,,False
2026-05-30,2026-05-30T13:09:03.857490+00:00,4433255,Chet Holmgren,OKC,pts,UNDER,10.5,200,0.3333333333333333,0.4897020597405271,0.47711568831228246,0.1563687264071938,0.46910617922158127,bovada,Bovada,2026-05-31T00:10:00Z,Oklahoma City Thunder,San Antonio Spurs,,,False
2026-05-30,2026-05-30T13:09:03.857490+00:00,4592479,Julian Champagnie,SAS,pts,OVER,11.5,170,0.37037037037037035,0.5379856761487893,0.5844126136639763,0.167615305778419,0.45256132560173123,bovada,Bovada,2026-05-31T00:10:00Z,Oklahoma City Thunder,San Antonio Spurs,,,False
2026-05-30,2026-05-30T13:09:03.857490+00:00,3133626,Kenrich Williams,OKC,pts,OVER,4.5,145,0.40816326530612246,0.5871657321568982,0.6937016270153293,0.1790024668507757,0.4385560437844005,bovada,Bovada,2026-05-31T00:10:00Z,Oklahoma City Thunder,San Antonio Spurs,,,False
2026-05-30,2026-05-30T13:09:03.857490+00:00,2991350,Alex Caruso,OKC,pts,OVER,13.5,175,0.36363636363636365,0.5227786368005646,0.5506191928901436,0.15914227316420093,0.4376412512015526,bovada,Bovada,2026-05-31T00:10:00Z,Oklahoma City Thunder,San Antonio Spurs,,,False
2026-05-30,2026-05-30T13:09:03.857490+00:00,4683692,Cason Wallace,OKC,pts,OVER,10.5,150,0.4,0.5652607937196249,0.6450239860436109,0.16526079371962488,0.4131519842990622,bovada,Bovada,2026-05-31T00:10:00Z,Oklahoma City Thunder,San Antonio Spurs,,,False
2026-05-30,2026-05-30T13:09:03.857490+00:00,4278073,Shai Gilgeous-Alexander,OKC,pts,UNDER,29.5,-105,0.5121951219512195,0.7170136936291311,0.9822526525091804,0.20481857167791162,0.39988387803782743,bovada,Bovada,2026-05-31T00:10:00Z,Oklahoma City Thunder,San Antonio Spurs,,,False
2026-05-30,2026-05-30T13:09:03.857490+00:00,4395630,Devin Vassell,SAS,pts,OVER,15.5,165,0.37735849056603776,0.5281029101155548,0.5624509113678995,0.150744419549517,0.3994727118062201,bovada,Bovada,2026-05-31T00:10:00Z,Oklahoma City Thunder,San Antonio Spurs,,,False
2026-05-30,2026-05-30T13:09:03.857490+00:00,3064560,Luke Kornet,SAS,pts,OVER,2.5,155,0.39215686274509803,0.5485608307076834,0.6079129571281852,0.15640396796258532,0.3988301183045926,betmgm,BetMGM,2026-05-31T00:10:00Z,Oklahoma City Thunder,San Antonio Spurs,,,False
2026-05-30,2026-05-30T13:09:03.857490+00:00,4066259,De'Aaron Fox,SAS,pts,UNDER,11.5,175,0.36363636363636365,0.497473141574019,0.49438475905337553,0.13383677793765536,0.36805113932855227,bovada,Bovada,2026-05-31T00:10:00Z,Oklahoma City Thunder,San Antonio Spurs,,,False
2026-05-30,2026-05-30T13:09:03.857490+00:00,4278073,Shai Gilgeous-Alexander,OKC,pts,UNDER,30.5,-113,0.5305164319248826,0.7195324162826733,0.9878498139614962,0.18901598435779066,0.3562867669753045,betrivers,BetRivers,2026-05-31T00:10:00Z,Oklahoma City Thunder,San Antonio Spurs,,,False
2026-05-30,2026-05-30T13:09:03.857490+00:00,4278073,Shai Gilgeous-Alexander,OKC,pts,UNDER,30.5,-113,0.5305164319248826,0.7195324162826733,0.9878498139614962,0.18901598435779066,0.3562867669753045,williamhill_us,Caesars,2026-05-31T00:10:00Z,Oklahoma City Thunder,San Antonio Spurs,,,False
2026-05-30,2026-05-30T13:09:03.857490+00:00,5104157,Victor Wembanyama,SAS,pts,UNDER,24.5,115,0.46511627906976744,0.6287948688351522,0.7862108196336717,0.1636785897653848,0.35190896799557725,bovada,Bovada,2026-05-31T00:10:00Z,Oklahoma City Thunder,San Antonio Spurs,,,False
2026-05-30,2026-05-30T13:09:03.857490+00:00,4278073,Shai Gilgeous-Alexander,OKC,pts,UNDER,30.5,-114,0.5327102803738317,0.7195324162826733,0.9878498139614962,0.18682213590884156,0.3507012024955446,fanduel,FanDuel,2026-05-31T00:10:00Z,Oklahoma City Thunder,San Antonio Spurs,,,False
2026-05-30,2026-05-30T13:09:03.857490+00:00,4278073,Shai Gilgeous-Alexander,OKC,pts,UNDER,30.5,-115,0.5348837209302325,0.7195324162826733,0.9878498139614962,0.18464869535244077,0.34521277826760655,betmgm,BetMGM,2026-05-31T00:10:00Z,Oklahoma City Thunder,San Antonio Spurs,,,False
2026-05-30,2026-05-30T13:09:03.857490+00:00,4845367,Stephon Castle,SAS,pts,UNDER,14.5,185,0.3508771929824561,0.47186743516070195,0.4374831892460044,0.12099024217824583,0.34482219020800065,bovada,Bovada,2026-05-31T00:10:00Z,Oklahoma City Thunder,San Antonio Spurs,,,False
2026-05-30,2026-05-30T13:09:03.857490+00:00,4278073,Shai Gilgeous-Alexander,OKC,pts,UNDER,30.5,-117,0.5391705069124424,0.7195324162826733,0.9878498139614962,0.1803619093702309,0.33451738746444526,draftkings,DraftKings,2026-05-31T00:10:00Z,Oklahoma City Thunder,San Antonio Spurs,,,False
2026-05-30,2026-05-30T13:09:03.857490+00:00,4432823,Jaylin Williams,OKC,pts,OVER,5.5,120,0.45454545454545453,0.6058002768652275,0.7351117263671721,0.151254822319773,0.3327606091035006,bovada,Bovada,2026-05-31T00:10:00Z,Oklahoma City Thunder,San Antonio Spurs,,,False
2026-05-30,2026-05-30T13:09:03.857490+00:00,4395723,Keldon Johnson,SAS,pts,OVER,8.5,155,0.39215686274509803,0.5195952315809006,0.5435449590686681,0.12743836883580256,0.32496784053129657,bovada,Bovada,2026-05-31T00:10:00Z,Oklahoma City Thunder,San Antonio Spurs,,,False
2026-05-30,2026-05-30T13:09:03.857490+00:00,4683778,Jared McCain,OKC,pts,OVER,16.5,210,0.3225806451612903,0.42736556143333637,0.3385901365185252,0.10478491627204606,0.32483324044334283,bovada,Bovada,2026-05-31T00:10:00Z,Oklahoma City Thunder,San Antonio Spurs,,,False
2026-05-30,2026-05-30T13:09:03.857490+00:00,5104157,Victor Wembanyama,SAS,pts,UNDER,25.5,102,0.49504950495049505,0.6456111112959154,0.8235802473242565,0.15056160634542037,0.3041344448177492,betrivers,BetRivers,2026-05-31T00:10:00Z,Oklahoma City Thunder,San Antonio Spurs,,,False
2026-05-30,2026-05-30T13:09:03.857490+00:00,4592479,Julian Champagnie,SAS,pts,OVER,10.5,130,0.43478260869565216,0.5642901658444494,0.6428670352098874,0.1295075571487972,0.29786738144223357,bovada,Bovada,2026-05-31T00:10:00Z,Oklahoma City Thunder,San Antonio Spurs,,,False
2026-05-30,2026-05-30T13:09:03.857490+00:00,4278073,Shai Gilgeous-Alexander,OKC,pts,UNDER,30.5,-125,0.5555555555555556,0.7195324162826733,0.9878498139614962,0.1639768607271177,0.2951583493088119,bovada,Bovada,2026-05-31T00:10:00Z,Oklahoma City Thunder,San Antonio Spurs,,,False
2026-05-30,2026-05-30T13:09:03.857490+00:00,4397020,Luguentz Dort,OKC,pts,OVER,5.5,125,0.4444444444444444,0.5749247996848931,0.6664995548553179,0.13048035524044865,0.29358079929100944,bovada,Bovada,2026-05-31T00:10:00Z,Oklahoma City Thunder,San Antonio Spurs,,,False
2026-05-30,2026-05-30T13:09:03.857490+00:00,2991350,Alex Caruso,OKC,pts,OVER,12.5,135,0.425531914893617,0.5493284209913213,0.6096187133140474,0.12379650609770426,0.2909217893296051,bovada,Bovada,2026-05-31T00:10:00Z,Oklahoma City Thunder,San Antonio Spurs,,,False
2026-05-30,2026-05-30T13:09:03.857490+00:00,4433255,Chet Holmgren,OKC,pts,UNDER,11.5,145,0.40816326530612246,0.5222454468724966,0.5494343263833259,0.11408218156637417,0.2795013448376167,bovada,Bovada,2026-05-31T00:10:00Z,Oklahoma City Thunder,San Antonio Spurs,,,False
2026-05-30,2026-05-30T13:09:03.857490+00:00,3064560,Luke Kornet,SAS,pts,OVER,2.5,132,0.43103448275862066,0.5485608307076834,0.6079129571281852,0.11752634794906269,0.27266112724182545,draftkings,DraftKings,2026-05-31T00:10:00Z,Oklahoma City Thunder,San Antonio Spurs,,,False
2026-05-30,2026-05-30T13:09:03.857490+00:00,4395630,Devin Vassell,SAS,pts,OVER,14.5,130,0.43478260869565216,0.5528095974705349,0.6173546610456333,0.11802698877488277,0.27146207418223034,bovada,Bovada,2026-05-31T00:10:00Z,Oklahoma City Thunder,San Antonio Spurs,,,False
2026-05-30,2026-05-30T13:09:03.857490+00:00,4397020,Luguentz Dort,OKC,pts,OVER,5.5,120,0.45454545454545453,0.5749247996848931,0.6664995548553179,0.12037934513943854,0.2648345593067647,betrivers,BetRivers,2026-05-31T00:10:00Z,Oklahoma City Thunder,San Antonio Spurs,,,False
2026-05-30,2026-05-30T13:09:03.857490+00:00,3064560,Luke Kornet,SAS,pts,OVER,2.5,130,0.43478260869565216,0.5485608307076834,0.6079129571281852,0.1137782220120312,0.2616899106276718,bovada,Bovada,2026-05-31T00:10:00Z,Oklahoma City Thunder,San Antonio Spurs,,,False
2026-05-30,2026-05-30T13:09:03.857490+00:00,5104157,Victor Wembanyama,SAS,pts,UNDER,26.5,-110,0.5238095238095238,0.660437536848992,0.8565278596644266,0.13662801303946814,0.2608352976208028,betmgm,BetMGM,2026-05-31T00:10:00Z,Oklahoma City Thunder,San Antonio Spurs,,,False
2026-05-30,2026-05-30T13:09:03.857490+00:00,5104157,Victor Wembanyama,SAS,pts,UNDER,25.5,-105,0.5121951219512195,0.6456111112959154,0.8235802473242565,0.1334159893446959,0.2604788363396443,draftkings,DraftKings,2026-05-31T00:10:00Z,Oklahoma City Thunder,San Antonio Spurs,,,False
2026-05-30,2026-05-30T13:09:03.857490+00:00,5104157,Victor Wembanyama,SAS,pts,UNDER,25.5,-105,0.5121951219512195,0.6456111112959154,0.8235802473242565,0.1334159893446959,0.2604788363396443,bovada,Bovada,2026-05-31T00:10:00Z,Oklahoma City Thunder,San Antonio Spurs,,,False
2026-05-30,2026-05-30T13:09:03.857490+00:00,4432823,Jaylin Williams,OKC,pts,OVER,5.5,106,0.4854368932038835,0.6058002768652275,0.7351117263671721,0.12036338366134403,0.24794857034236872,draftkings,DraftKings,2026-05-31T00:10:00Z,Oklahoma City Thunder,San Antonio Spurs,,,False
2026-05-30,2026-05-30T13:09:03.857490+00:00,4278073,Shai Gilgeous-Alexander,OKC,pts,UNDER,31.5,-137,0.5780590717299579,0.7213314578345686,0.9918476840768191,0.1432723861046108,0.24785077012257495,betrivers,BetRivers,2026-05-31T00:10:00Z,Oklahoma City Thunder,San Antonio Spurs,,,False
2026-05-30,2026-05-30T13:09:03.857490+00:00,5037871,Dylan Harper,SAS,pts,UNDER,7.5,205,0.32786885245901637,0.4077158172090314,0.29492403824229196,0.07984696475001501,0.2435332424875456,bovada,Bovada,2026-05-31T00:10:00Z,Oklahoma City Thunder,San Antonio Spurs,,,False
2026-05-30,2026-05-30T13:09:03.857490+00:00,4683692,Cason Wallace,OKC,pts,OVER,9.5,110,0.47619047619047616,0.589418692463708,0.6987082054749068,0.11322821627323187,0.23777925417378698,bovada,Bovada,2026-05-31T00:10:00Z,Oklahoma City Thunder,San Antonio Spurs,,,False
2026-05-30,2026-05-30T13:09:03.857490+00:00,3133626,Kenrich Williams,OKC,pts,OVER,3.5,-102,0.504950495049505,0.6172080250131955,0.7604622778071012,0.11225752996369054,0.22231393188887727,fanduel,FanDuel,2026-05-31T00:10:00Z,Oklahoma City Thunder,San Antonio Spurs,,,False
2026-05-30,2026-05-30T13:09:03.857490+00:00,4066259,De'Aaron Fox,SAS,pts,UNDER,12.5,130,0.43478260869565216,0.5297324302201741,0.5660720671559426,0.09494982152452197,0.2183845895064005,bovada,Bovada,2026-05-31T00:10:00Z,Oklahoma City Thunder,San Antonio Spurs,,,False
2026-05-30,2026-05-30T13:09:03.857490+00:00,4845367,Stephon Castle,SAS,pts,UNDER,15.5,145,0.40816326530612246,0.496487678212807,0.4921948404729044,0.08832441290668452,0.21639481162137708,bovada,Bovada,2026-05-31T00:10:00Z,Oklahoma City Thunder,San Antonio Spurs,,,False
2026-05-30,2026-05-30T13:09:03.857490+00:00,3133626,Kenrich Williams,OKC,pts,OVER,3.5,-104,0.5098039215686274,0.6172080250131955,0.7604622778071012,0.10740410344456808,0.21067727983357576,draftkings,DraftKings,2026-05-31T00:10:00Z,Oklahoma City Thunder,San Antonio Spurs,,,False
2026-05-30,2026-05-30T13:09:03.857490+00:00,2991350,Alex Caruso,OKC,pts,OVER,11.5,110,0.47619047619047616,0.5747868708259318,0.6661930462798484,0.09859639463545566,0.20705242873445684,betrivers,BetRivers,2026-05-31T00:10:00Z,Oklahoma City Thunder,San Antonio Spurs,,,False
2026-05-30,2026-05-30T13:09:03.857490+00:00,5104157,Victor Wembanyama,SAS,pts,UNDER,26.5,-121,0.5475113122171946,0.660437536848992,0.8565278596644266,0.11292622463179736,0.20625368300518376,betrivers,BetRivers,2026-05-31T00:10:00Z,Oklahoma City Thunder,San Antonio Spurs,,,False
2026-05-30,2026-05-30T13:09:03.857490+00:00,5104157,Victor Wembanyama,SAS,pts,UNDER,26.5,-121,0.5475113122171946,0.660437536848992,0.8565278596644266,0.11292622463179736,0.20625368300518376,williamhill_us,Caesars,2026-05-31T00:10:00Z,Oklahoma City Thunder,San Antonio Spurs,,,False
2026-05-30,2026-05-30T13:09:03.857490+00:00,4222252,Isaiah Hartenstein,OKC,pts,OVER,10.5,185,0.3508771929824561,0.4225709187362317,0.32793537496940384,0.07169372575377558,0.20432711839826034,bovada,Bovada,2026-05-31T00:10:00Z,Oklahoma City Thunder,San Antonio Spurs,,,False
2026-05-30,2026-05-30T13:09:03.857490+00:00,4683778,Jared McCain,OKC,pts,OVER,15.5,165,0.37735849056603776,0.4544626533848355,0.3988058964107455,0.07710416281879773,0.20432603146981398,bovada,Bovada,2026-05-31T00:10:00Z,Oklahoma City Thunder,San Antonio Spurs,,,False
2026-05-30,2026-05-30T13:09:03.857490+00:00,4683692,Cason Wallace,OKC,pts,OVER,9.5,104,0.49019607843137253,0.589418692463708,0.6987082054749068,0.09922261403233551,0.20241413262596442,betrivers,BetRivers,2026-05-31T00:10:00Z,Oklahoma City Thunder,San Antonio Spurs,,,False
2026-05-30,2026-05-30T13:09:03.857490+00:00,4433255,Chet Holmgren,OKC,pts,UNDER,12.5,117,0.4608294930875576,0.5540646878587153,0.6201437507971452,0.09323519477115771,0.20232037265341218,betrivers,BetRivers,2026-05-31T00:10:00Z,Oklahoma City Thunder,San Antonio Spurs,,,False
2026-05-30,2026-05-30T13:09:03.857490+00:00,4278073,Shai Gilgeous-Alexander,OKC,pts,UNDER,31.5,-150,0.6,0.7213314578345686,0.9918476840768191,0.12133145783456867,0.2022190963909477,bovada,Bovada,2026-05-31T00:10:00Z,Oklahoma City Thunder,San Antonio Spurs,,,False
2026-05-30,2026-05-30T13:09:03.857490+00:00,5037871,Dylan Harper,SAS,pts,OVER,12.5,175,0.36363636363636365,0.43623964626936407,0.3583103250430313,0.07260328263300042,0.19965902724075124,bovada,Bovada,2026-05-31T00:10:00Z,Oklahoma City Thunder,San Antonio Spurs,,,False
2026-05-30,2026-05-30T13:09:03.857490+00:00,4592479,Julian Champagnie,SAS,pts,OVER,10.5,112,0.4716981132075472,0.5642901658444494,0.6428670352098874,0.09259205263690218,0.1962951515902327,betrivers,BetRivers,2026-05-31T00:10:00Z,Oklahoma City Thunder,San Antonio Spurs,,,False
2026-05-30,2026-05-30T13:09:03.857490+00:00,4395723,Keldon Johnson,SAS,pts,OVER,7.5,115,0.46511627906976744,0.5538610071747125,0.6196911270549168,0.0887447281049451,0.19080116542563186,betrivers,BetRivers,2026-05-31T00:10:00Z,Oklahoma City Thunder,San Antonio Spurs,,,False
2026-05-30,2026-05-30T13:09:03.857490+00:00,4395723,Keldon Johnson,SAS,pts,OVER,7.5,115,0.46511627906976744,0.5538610071747125,0.6196911270549168,0.0887447281049451,0.19080116542563186,bovada,Bovada,2026-05-31T00:10:00Z,Oklahoma City Thunder,San Antonio Spurs,,,False
2026-05-30,2026-05-30T13:09:03.857490+00:00,5104157,Victor Wembanyama,SAS,pts,UNDER,26.5,-125,0.5555555555555556,0.660437536848992,0.8565278596644266,0.1048819812934364,0.1887875663281856,bovada,Bovada,2026-05-31T00:10:00Z,Oklahoma City Thunder,San Antonio Spurs,,,False
2026-05-30,2026-05-30T13:09:03.857490+00:00,3133626,Kenrich Williams,OKC,pts,OVER,3.5,-108,0.5192307692307693,0.6172080250131955,0.7604622778071012,0.09797725578242622,0.1886969370624506,williamhill_us,Caesars,2026-05-31T00:10:00Z,Oklahoma City Thunder,San Antonio Spurs,,,False
2026-05-30,2026-05-30T13:09:03.857490+00:00,4395630,Devin Vassell,SAS,pts,OVER,14.5,114,0.4672897196261682,0.5528095974705349,0.6173546610456333,0.08551987784436671,0.18301253858694466,betrivers,BetRivers,2026-05-31T00:10:00Z,Oklahoma City Thunder,San Antonio Spurs,,,False
2026-05-30,2026-05-30T13:09:03.857490+00:00,4432823,Jaylin Williams,OKC,pts,OVER,5.5,-105,0.5121951219512195,0.6058002768652275,0.7351117263671721,0.093605154914008,0.18275292149877753,betmgm,BetMGM,2026-05-31T00:10:00Z,Oklahoma City Thunder,San Antonio Spurs,,,False
2026-05-30,2026-05-30T13:09:03.857490+00:00,4592479,Julian Champagnie,SAS,pts,OVER,9.5,100,0.5,0.589164917036436,0.6981442600809689,0.08916491703643603,0.17832983407287206,betmgm,BetMGM,2026-05-31T00:10:00Z,Oklahoma City Thunder,San Antonio Spurs,,,False
2026-05-30,2026-05-30T13:09:03.857490+00:00,2991350,Alex Caruso,OKC,pts,OVER,11.5,105,0.4878048780487805,0.5747868708259318,0.6661930462798484,0.08698199277715135,0.17831308519316025,bovada,Bovada,2026-05-31T00:10:00Z,Oklahoma City Thunder,San Antonio Spurs,,,False
2026-05-30,2026-05-30T13:09:03.857490+00:00,3133626,Kenrich Williams,OKC,pts,OVER,3.5,-110,0.5238095238095238,0.6172080250131955,0.7604622778071012,0.09339850120367166,0.1783062295706459,bovada,Bovada,2026-05-31T00:10:00Z,Oklahoma City Thunder,San Antonio Spurs,,,False
2026-05-30,2026-05-30T13:09:03.857490+00:00,4592479,Julian Champagnie,SAS,pts,OVER,9.5,-102,0.504950495049505,0.589164917036436,0.6981442600809689,0.08421442198693108,0.16677758079764782,fanduel,FanDuel,2026-05-31T00:10:00Z,Oklahoma City Thunder,San Antonio Spurs,,,False
2026-05-30,2026-05-30T13:09:03.857490+00:00,4066259,De'Aaron Fox,SAS,pts,UNDER,12.5,120,0.45454545454545453,0.5297324302201741,0.5660720671559426,0.0751869756747196,0.16541134648438305,betrivers,BetRivers,2026-05-31T00:10:00Z,Oklahoma City Thunder,San Antonio Spurs,,,False
2026-05-30,2026-05-30T13:09:03.857490+00:00,4395630,Devin Vassell,SAS,pts,OVER,13.5,102,0.49504950495049505,0.5764970360068631,0.6699934133485845,0.08144753105636804,0.1645240127338634,williamhill_us,Caesars,2026-05-31T00:10:00Z,Oklahoma City Thunder,San Antonio Spurs,,,False
2026-05-30,2026-05-30T13:09:03.857490+00:00,4433255,Chet Holmgren,OKC,pts,UNDER,12.5,110,0.47619047619047616,0.5540646878587153,0.6201437507971452,0.07787421166823916,0.16353584450330227,bovada,Bovada,2026-05-31T00:10:00Z,Oklahoma City Thunder,San Antonio Spurs,,,False
2026-05-30,2026-05-30T13:09:03.857490+00:00,4592479,Julian Champagnie,SAS,pts,OVER,9.5,-103,0.5073891625615764,0.589164917036436,0.6981442600809689,0.08177575447485963,0.16116969085821864,draftkings,DraftKings,2026-05-31T00:10:00Z,Oklahoma City Thunder,San Antonio Spurs,,,False
2026-05-30,2026-05-30T13:09:03.857490+00:00,5104157,Victor Wembanyama,SAS,pts,UNDER,26.5,-132,0.5689655172413793,0.660437536848992,0.8565278596644266,0.09147201960761264,0.16076900415883444,fanduel,FanDuel,2026-05-31T00:10:00Z,Oklahoma City Thunder,San Antonio Spurs,,,False
2026-05-30,2026-05-30T13:09:03.857490+00:00,4395630,Devin Vassell,SAS,pts,OVER,13.5,100,0.5,0.5764970360068631,0.6699934133485845,0.07649703600686308,0.15299407201372617,fanduel,FanDuel,2026-05-31T00:10:00Z,Oklahoma City Thunder,San Antonio Spurs,,,False
2026-05-30,2026-05-30T13:09:03.857490+00:00,4395630,Devin Vassell,SAS,pts,OVER,13.5,100,0.5,0.5764970360068631,0.6699934133485845,0.07649703600686308,0.15299407201372617,bovada,Bovada,2026-05-31T00:10:00Z,Oklahoma City Thunder,San Antonio Spurs,,,False
2026-05-30,2026-05-30T13:09:03.857490+00:00,4592479,Julian Champagnie,SAS,pts,OVER,9.5,-105,0.5121951219512195,0.589164917036436,0.6981442600809689,0.07696979508521651,0.15027436183304177,bovada,Bovada,2026-05-31T00:10:00Z,Oklahoma City Thunder,San Antonio Spurs,,,False
2026-05-30,2026-05-30T13:09:03.857490+00:00,4397020,Luguentz Dort,OKC,pts,OVER,5.5,100,0.5,0.5749247996848931,0.6664995548553179,0.07492479968489307,0.14984959936978615,betmgm,BetMGM,2026-05-31T00:10:00Z,Oklahoma City Thunder,San Antonio Spurs,,,False
2026-05-30,2026-05-30T13:09:03.857490+00:00,4845367,Stephon Castle,SAS,pts,OVER,21.5,210,0.3225806451612903,0.36940430763566623,0.20978735030148044,0.046823662474375916,0.14515335367056537,bovada,Bovada,2026-05-31T00:10:00Z,Oklahoma City Thunder,San Antonio Spurs,,,False
2026-05-30,2026-05-30T13:09:03.857490+00:00,4683778,Jared McCain,OKC,pts,UNDER,10.5,180,0.35714285714285715,0.4071143006831415,0.2935873348514255,0.04997144354028432,0.13992004191279617,bovada,Bovada,2026-05-31T00:10:00Z,Oklahoma City Thunder,San Antonio Spurs,,,False
2026-05-30,2026-05-30T13:09:03.857490+00:00,4432823,Jaylin Williams,OKC,pts,OVER,4.5,-125,0.5555555555555556,0.6319589580078945,0.7932421289064321,0.0764034024523389,0.13752612441421008,bovada,Bovada,2026-05-31T00:10:00Z,Oklahoma City Thunder,San Antonio Spurs,,,False
2026-05-30,2026-05-30T13:09:03.857490+00:00,3133626,Kenrich Williams,OKC,pts,OVER,3.5,-120,0.5454545454545454,0.6172080250131955,0.7604622778071012,0.07175347955865008,0.1315480458575251,betmgm,BetMGM,2026-05-31T00:10:00Z,Oklahoma City Thunder,San Antonio Spurs,,,False
2026-05-30,2026-05-30T13:09:03.857490+00:00,4592479,Julian Champagnie,SAS,pts,OVER,9.5,-109,0.5215311004784688,0.589164917036436,0.6981442600809689,0.06763381655796719,0.1296831895469278,williamhill_us,Caesars,2026-05-31T00:10:00Z,Oklahoma City Thunder,San Antonio Spurs,,,False
2026-05-30,2026-05-30T13:09:03.857490+00:00,4395630,Devin Vassell,SAS,pts,OVER,13.5,-105,0.5121951219512195,0.5764970360068631,0.6699934133485845,0.06430191405564356,0.1255418322038755,betmgm,BetMGM,2026-05-31T00:10:00Z,Oklahoma City Thunder,San Antonio Spurs,,,False
2026-05-30,2026-05-30T13:09:03.857490+00:00,4278073,Shai Gilgeous-Alexander,OKC,pts,UNDER,32.5,-180,0.6428571428571429,0.7225880386947834,0.9946400859884075,0.07973089583764048,0.12402583796966304,bovada,Bovada,2026-05-31T00:10:00Z,Oklahoma City Thunder,San Antonio Spurs,,,False
2026-05-30,2026-05-30T13:09:03.857490+00:00,5104157,Victor Wembanyama,SAS,pts,UNDER,27.5,-150,0.6,0.6732712591974627,0.8850472426610281,0.07327125919746269,0.12211876532910443,betrivers,BetRivers,2026-05-31T00:10:00Z,Oklahoma City Thunder,San Antonio Spurs,,,False
2026-05-30,2026-05-30T13:09:03.857490+00:00,5104157,Victor Wembanyama,SAS,pts,UNDER,27.5,-150,0.6,0.6732712591974627,0.8850472426610281,0.07327125919746269,0.12211876532910443,bovada,Bovada,2026-05-31T00:10:00Z,Oklahoma City Thunder,San Antonio Spurs,,,False
2026-05-30,2026-05-30T13:09:03.857490+00:00,4066259,De'Aaron Fox,SAS,pts,UNDER,13.5,100,0.5,0.5610400703946609,0.6356446008770242,0.06104007039466086,0.12208014078932172,draftkings,DraftKings,2026-05-31T00:10:00Z,Oklahoma City Thunder,San Antonio Spurs,,,False
2026-05-30,2026-05-30T13:09:03.857490+00:00,4066259,De'Aaron Fox,SAS,pts,UNDER,13.5,100,0.5,0.5610400703946609,0.6356446008770242,0.06104007039466086,0.12208014078932172,betmgm,BetMGM,2026-05-31T00:10:00Z,Oklahoma City Thunder,San Antonio Spurs,,,False
2026-05-30,2026-05-30T13:09:03.857490+00:00,4066259,De'Aaron Fox,SAS,pts,UNDER,13.5,100,0.5,0.5610400703946609,0.6356446008770242,0.06104007039466086,0.12208014078932172,bovada,Bovada,2026-05-31T00:10:00Z,Oklahoma City Thunder,San Antonio Spurs,,,False
2026-05-30,2026-05-30T13:09:03.857490+00:00,4845367,Stephon Castle,SAS,pts,UNDER,16.5,115,0.46511627906976744,0.5211743077910891,0.5470540173135314,0.05605802872132165,0.12052476175084148,bovada,Bovada,2026-05-31T00:10:00Z,Oklahoma City Thunder,San Antonio Spurs,,,False
2026-05-30,2026-05-30T13:09:03.857490+00:00,4432823,Jaylin Williams,OKC,pts,OVER,4.5,-130,0.5652173913043478,0.6319589580078945,0.7932421289064321,0.0667415667035467,0.11808123339858256,williamhill_us,Caesars,2026-05-31T00:10:00Z,Oklahoma City Thunder,San Antonio Spurs,,,False
2026-05-30,2026-05-30T13:09:03.857490+00:00,4397020,Luguentz Dort,OKC,pts,OVER,4.5,-120,0.5454545454545454,0.6079584679038864,0.739907706453081,0.062503922449341,0.11459052449045848,bovada,Bovada,2026-05-31T00:10:00Z,Oklahoma City Thunder,San Antonio Spurs,,,False
2026-05-30,2026-05-30T13:09:03.857490+00:00,4222252,Isaiah Hartenstein,OKC,pts,UNDER,6.5,155,0.39215686274509803,0.4355953240956436,0.3568784979903191,0.043438461350545576,0.1107680764438912,bovada,Bovada,2026-05-31T00:10:00Z,Oklahoma City Thunder,San Antonio Spurs,,,False
2026-05-30,2026-05-30T13:09:03.857490+00:00,4683778,Jared McCain,OKC,pts,OVER,14.5,130,0.43478260869565216,0.4826912662894243,0.46153614730983183,0.047908657593772164,0.11018991246567589,bovada,Bovada,2026-05-31T00:10:00Z,Oklahoma City Thunder,San Antonio Spurs,,,False
2026-05-30,2026-05-30T13:09:03.857490+00:00,4433255,Chet Holmgren,OKC,pts,UNDER,12.5,100,0.5,0.5540646878587153,0.6201437507971452,0.05406468785871532,0.10812937571743064,betmgm,BetMGM,2026-05-31T00:10:00Z,Oklahoma City Thunder,San Antonio Spurs,,,False
2026-05-30,2026-05-30T13:09:03.857490+00:00,2991350,Alex Caruso,OKC,pts,OVER,10.5,-118,0.5412844036697247,0.5986488126109732,0.7192195835799406,0.0573644089412485,0.10597831482366238,fanduel,FanDuel,2026-05-31T00:10:00Z,Oklahoma City Thunder,San Antonio Spurs,,,False
2026-05-30,2026-05-30T13:09:03.857490+00:00,4683692,Cason Wallace,OKC,pts,OVER,8.5,-124,0.5535714285714286,0.6117790968357728,0.7483979929683839,0.0582076682643442,0.10514933621946054,draftkings,DraftKings,2026-05-31T00:10:00Z,Oklahoma City Thunder,San Antonio Spurs,,,False
2026-05-30,2026-05-30T13:09:03.857490+00:00,4683692,Cason Wallace,OKC,pts,OVER,8.5,-125,0.5555555555555556,0.6117790968357728,0.7483979929683839,0.056223541280217226,0.10120237430439105,betmgm,BetMGM,2026-05-31T00:10:00Z,Oklahoma City Thunder,San Antonio Spurs,,,False
2026-05-30,2026-05-30T13:09:03.857490+00:00,4683692,Cason Wallace,OKC,pts,OVER,8.5,-125,0.5555555555555556,0.6117790968357728,0.7483979929683839,0.056223541280217226,0.10120237430439105,bovada,Bovada,2026-05-31T00:10:00Z,Oklahoma City Thunder,San Antonio Spurs,,,False
2026-05-30,2026-05-30T13:09:03.857490+00:00,2991350,Alex Caruso,OKC,pts,OVER,10.5,-120,0.5454545454545454,0.5986488126109732,0.7192195835799406,0.05319426715642783,0.09752282312011762,betmgm,BetMGM,2026-05-31T00:10:00Z,Oklahoma City Thunder,San Antonio Spurs,,,False
2026-05-30,2026-05-30T13:09:03.857490+00:00,4432823,Jaylin Williams,OKC,pts,OVER,4.5,-136,0.576271186440678,0.6319589580078945,0.7932421289064321,0.05568777156721649,0.09663466242546398,fanduel,FanDuel,2026-05-31T00:10:00Z,Oklahoma City Thunder,San Antonio Spurs,,,False
2026-05-30,2026-05-30T13:09:03.857490+00:00,4066259,De'Aaron Fox,SAS,pts,UNDER,13.5,-105,0.5121951219512195,0.5610400703946609,0.6356446008770242,0.04884494844344134,0.09536394696100448,williamhill_us,Caesars,2026-05-31T00:10:00Z,Oklahoma City Thunder,San Antonio Spurs,,,False
2026-05-30,2026-05-30T13:09:03.857490+00:00,4397020,Luguentz Dort,OKC,pts,OVER,4.5,-125,0.5555555555555556,0.6079584679038864,0.739907706453081,0.05240291234833083,0.09432524222699556,draftkings,DraftKings,2026-05-31T00:10:00Z,Oklahoma City Thunder,San Antonio Spurs,,,False
2026-05-30,2026-05-30T13:09:03.857490+00:00,4397020,Luguentz Dort,OKC,pts,OVER,4.5,-125,0.5555555555555556,0.6079584679038864,0.739907706453081,0.05240291234833083,0.09432524222699556,williamhill_us,Caesars,2026-05-31T00:10:00Z,Oklahoma City Thunder,San Antonio Spurs,,,False
2026-05-30,2026-05-30T13:09:03.857490+00:00,4397020,Luguentz Dort,OKC,pts,OVER,4.5,-127,0.5594713656387665,0.6079584679038864,0.739907706453081,0.048487102265119875,0.0866659229463167,betrivers,BetRivers,2026-05-31T00:10:00Z,Oklahoma City Thunder,San Antonio Spurs,,,False
2026-05-30,2026-05-30T13:09:03.857490+00:00,4433255,Chet Holmgren,OKC,pts,UNDER,13.5,-117,0.5391705069124424,0.5841691284532222,0.6870425076738272,0.044998621540779826,0.08345898183204459,betrivers,BetRivers,2026-05-31T00:10:00Z,Oklahoma City Thunder,San Antonio Spurs,,,False
2026-05-30,2026-05-30T13:09:03.857490+00:00,4395723,Keldon Johnson,SAS,pts,OVER,6.5,-118,0.5412844036697247,0.5861534917424528,0.6914522038721174,0.04486908807272805,0.08289373898181956,betrivers,BetRivers,2026-05-31T00:10:00Z,Oklahoma City Thunder,San Antonio Spurs,,,False
2026-05-30,2026-05-30T13:09:03.857490+00:00,4845367,Stephon Castle,SAS,pts,UNDER,15.5,118,0.45871559633027525,0.496487678212807,0.4921948404729044,0.03777208188253173,0.08234313850391917,betrivers,BetRivers,2026-05-31T00:10:00Z,Oklahoma City Thunder,San Antonio Spurs,,,False
2026-05-30,2026-05-30T13:09:03.857490+00:00,4592479,Julian Champagnie,SAS,pts,OVER,9.5,-120,0.5454545454545454,0.589164917036436,0.6981442600809689,0.04371037158189062,0.0801356812334661,betrivers,BetRivers,2026-05-31T00:10:00Z,Oklahoma City Thunder,San Antonio Spurs,,,False
2026-05-30,2026-05-30T13:09:03.857490+00:00,4433255,Chet Holmgren,OKC,pts,UNDER,13.5,-118,0.5412844036697247,0.5841691284532222,0.6870425076738272,0.042884724783497474,0.0792277118881563,williamhill_us,Caesars,2026-05-31T00:10:00Z,Oklahoma City Thunder,San Antonio Spurs,,,False
2026-05-30,2026-05-30T13:09:03.857490+00:00,2991350,Alex Caruso,OKC,pts,OVER,10.5,-125,0.5555555555555556,0.5986488126109732,0.7192195835799406,0.043093257055417666,0.07756786269975185,betrivers,BetRivers,2026-05-31T00:10:00Z,Oklahoma City Thunder,San Antonio Spurs,,,False
2026-05-30,2026-05-30T13:09:03.857490+00:00,4397020,Luguentz Dort,OKC,pts,OVER,4.5,-130,0.5652173913043478,0.6079584679038864,0.739907706453081,0.04274107659953863,0.07561882782995288,fanduel,FanDuel,2026-05-31T00:10:00Z,Oklahoma City Thunder,San Antonio Spurs,,,False
2026-05-30,2026-05-30T13:09:03.857490+00:00,4683692,Cason Wallace,OKC,pts,OVER,8.5,-132,0.5689655172413793,0.6117790968357728,0.7483979929683839,0.04281357959439347,0.07524810959014616,fanduel,FanDuel,2026-05-31T00:10:00Z,Oklahoma City Thunder,San Antonio Spurs,,,False
2026-05-30,2026-05-30T13:09:03.857490+00:00,4683692,Cason Wallace,OKC,pts,OVER,8.5,-132,0.5689655172413793,0.6117790968357728,0.7483979929683839,0.04281357959439347,0.07524810959014616,betrivers,BetRivers,2026-05-31T00:10:00Z,Oklahoma City Thunder,San Antonio Spurs,,,False
2026-05-30,2026-05-30T13:09:03.857490+00:00,5037871,Dylan Harper,SAS,pts,OVER,11.5,130,0.43478260869565216,0.46740514141266576,0.42756698091703504,0.0326225327170136,0.07503182524913121,bovada,Bovada,2026-05-31T00:10:00Z,Oklahoma City Thunder,San Antonio Spurs,,,False
2026-05-30,2026-05-30T13:09:03.857490+00:00,4395723,Keldon Johnson,SAS,pts,OVER,6.5,-120,0.5454545454545454,0.5861534917424528,0.6914522038721174,0.04069894628790738,0.07461473486116349,fanduel,FanDuel,2026-05-31T00:10:00Z,Oklahoma City Thunder,San Antonio Spurs,,,False
2026-05-30,2026-05-30T13:09:03.857490+00:00,4395723,Keldon Johnson,SAS,pts,OVER,6.5,-120,0.5454545454545454,0.5861534917424528,0.6914522038721174,0.04069894628790738,0.07461473486116349,betmgm,BetMGM,2026-05-31T00:10:00Z,Oklahoma City Thunder,San Antonio Spurs,,,False
2026-05-30,2026-05-30T13:09:03.857490+00:00,4222252,Isaiah Hartenstein,OKC,pts,OVER,9.5,135,0.425531914893617,0.45688624104801834,0.40419164677337405,0.03135432615440131,0.07368266646284316,bovada,Bovada,2026-05-31T00:10:00Z,Oklahoma City Thunder,San Antonio Spurs,,,False
2026-05-30,2026-05-30T13:09:03.857490+00:00,4433255,Chet Holmgren,OKC,pts,UNDER,13.5,-120,0.5454545454545454,0.5841691284532222,0.6870425076738272,0.038714582998676805,0.0709767354975741,draftkings,DraftKings,2026-05-31T00:10:00Z,Oklahoma City Thunder,San Antonio Spurs,,,False
2026-05-30,2026-05-30T13:09:03.857490+00:00,4433255,Chet Holmgren,OKC,pts,UNDER,13.5,-120,0.5454545454545454,0.5841691284532222,0.6870425076738272,0.038714582998676805,0.0709767354975741,bovada,Bovada,2026-05-31T00:10:00Z,Oklahoma City Thunder,San Antonio Spurs,,,False
2026-05-30,2026-05-30T13:09:03.857490+00:00,5037871,Dylan Harper,SAS,pts,UNDER,8.5,145,0.40816326530612246,0.4369679582906047,0.35992879620134377,0.02880469298448224,0.07057149781198158,bovada,Bovada,2026-05-31T00:10:00Z,Oklahoma City Thunder,San Antonio Spurs,,,False
2026-05-30,2026-05-30T13:09:03.857490+00:00,4395630,Devin Vassell,SAS,pts,OVER,12.5,-127,0.5594713656387665,0.5987587182063069,0.7194638182362376,0.039287352567540346,0.07022227584906826,draftkings,DraftKings,2026-05-31T00:10:00Z,Oklahoma City Thunder,San Antonio Spurs,,,False
2026-05-30,2026-05-30T13:09:03.857490+00:00,2991350,Alex Caruso,OKC,pts,OVER,10.5,-127,0.5594713656387665,0.5986488126109732,0.7192195835799406,0.03917744697220671,0.07002583041488919,draftkings,DraftKings,2026-05-31T00:10:00Z,Oklahoma City Thunder,San Antonio Spurs,,,False
2026-05-30,2026-05-30T13:09:03.857490+00:00,2991350,Alex Caruso,OKC,pts,OVER,10.5,-127,0.5594713656387665,0.5986488126109732,0.7192195835799406,0.03917744697220671,0.07002583041488919,williamhill_us,Caesars,2026-05-31T00:10:00Z,Oklahoma City Thunder,San Antonio Spurs,,,False
2026-05-30,2026-05-30T13:09:03.857490+00:00,4683692,Cason Wallace,OKC,pts,OVER,8.5,-134,0.5726495726495726,0.6117790968357728,0.7483979929683839,0.03912952418620019,0.06833066163858836,williamhill_us,Caesars,2026-05-31T00:10:00Z,Oklahoma City Thunder,San Antonio Spurs,,,False
2026-05-30,2026-05-30T13:09:03.857490+00:00,4397020,Luguentz Dort,OKC,pts,OVER,3.5,-148,0.5967741935483871,0.6367823234088297,0.8039607186862883,0.040008129860442554,0.06704065003641729,betrivers,BetRivers,2026-05-31T00:10:00Z,Oklahoma City Thunder,San Antonio Spurs,,,False
2026-05-30,2026-05-30T13:09:03.857490+00:00,4395630,Devin Vassell,SAS,pts,OVER,13.5,-118,0.5412844036697247,0.5764970360068631,0.6699934133485845,0.03521263233713834,0.06505384618217075,betrivers,BetRivers,2026-05-31T00:10:00Z,Oklahoma City Thunder,San Antonio Spurs,,,False
2026-05-30,2026-05-30T13:09:03.857490+00:00,4066259,De'Aaron Fox,SAS,pts,UNDER,13.5,-112,0.5283018867924528,0.5610400703946609,0.6356446008770242,0.03273818360220804,0.06196870467560811,fanduel,FanDuel,2026-05-31T00:10:00Z,Oklahoma City Thunder,San Antonio Spurs,,,False
2026-05-30,2026-05-30T13:09:03.857490+00:00,4066259,De'Aaron Fox,SAS,pts,UNDER,13.5,-112,0.5283018867924528,0.5610400703946609,0.6356446008770242,0.03273818360220804,0.06196870467560811,betrivers,BetRivers,2026-05-31T00:10:00Z,Oklahoma City Thunder,San Antonio Spurs,,,False
2026-05-30,2026-05-30T13:09:03.857490+00:00,4278073,Shai Gilgeous-Alexander,OKC,pts,UNDER,33.5,-215,0.6825396825396826,0.7234463168720866,0.9965473708268592,0.040906634332404046,0.05993297588235946,bovada,Bovada,2026-05-31T00:10:00Z,Oklahoma City Thunder,San Antonio Spurs,,,False
2026-05-30,2026-05-30T13:09:03.857490+00:00,4395630,Devin Vassell,SAS,pts,OVER,12.5,-130,0.5652173913043478,0.5987587182063069,0.7194638182362376,0.0335413269019591,0.059342347595773726,bovada,Bovada,2026-05-31T00:10:00Z,Oklahoma City Thunder,San Antonio Spurs,,,False
2026-05-30,2026-05-30T13:09:03.857490+00:00,2991350,Alex Caruso,OKC,pts,OVER,10.5,-130,0.5652173913043478,0.5986488126109732,0.7192195835799406,0.033431421306625464,0.05914789923479885,bovada,Bovada,2026-05-31T00:10:00Z,Oklahoma City Thunder,San Antonio Spurs,,,False
2026-05-30,2026-05-30T13:09:03.857490+00:00,4395723,Keldon Johnson,SAS,pts,OVER,6.5,-125,0.5555555555555556,0.5861534917424528,0.6914522038721174,0.030597936186897212,0.05507628513641505,bovada,Bovada,2026-05-31T00:10:00Z,Oklahoma City Thunder,San Antonio Spurs,,,False
2026-05-30,2026-05-30T13:09:03.857490+00:00,5104157,Victor Wembanyama,SAS,pts,UNDER,28.5,-185,0.6491228070175439,0.6841775598159762,0.9092834662577247,0.03505475279843229,0.054003267824611956,bovada,Bovada,2026-05-31T00:10:00Z,Oklahoma City Thunder,San Antonio Spurs,,,False
2026-05-30,2026-05-30T13:09:03.857490+00:00,4845367,Stephon Castle,SAS,pts,UNDER,16.5,102,0.49504950495049505,0.5211743077910891,0.5470540173135314,0.02612480284059404,0.052772101737999955,williamhill_us,Caesars,2026-05-31T00:10:00Z,Oklahoma City Thunder,San Antonio Spurs,,,False
2026-05-30,2026-05-30T13:09:03.857490+00:00,4395723,Keldon Johnson,SAS,pts,OVER,6.5,-126,0.5575221238938053,0.5861534917424528,0.6914522038721174,0.028631367848647504,0.05135467566503432,draftkings,DraftKings,2026-05-31T00:10:00Z,Oklahoma City Thunder,San Antonio Spurs,,,False
2026-05-30,2026-05-30T13:09:03.857490+00:00,4845367,Stephon Castle,SAS,pts,OVER,20.5,170,0.37037037037037035,0.3882331202096663,0.2516291560214807,0.017862749839295977,0.04822942456609902,bovada,Bovada,2026-05-31T00:10:00Z,Oklahoma City Thunder,San Antonio Spurs,,,False
2026-05-30,2026-05-30T13:09:03.857490+00:00,4395723,Keldon Johnson,SAS,pts,OVER,6.5,-127,0.5594713656387665,0.5861534917424528,0.6914522038721174,0.026682126103686254,0.047691674216825075,williamhill_us,Caesars,2026-05-31T00:10:00Z,Oklahoma City Thunder,San Antonio Spurs,,,False
2026-05-30,2026-05-30T13:09:03.857490+00:00,4066259,De'Aaron Fox,SAS,pts,UNDER,14.5,-130,0.5652173913043478,0.5904532206066259,0.7010071569036129,0.02523582930227808,0.0446480056886458,bovada,Bovada,2026-05-31T00:10:00Z,Oklahoma City Thunder,San Antonio Spurs,,,False
2026-05-30,2026-05-30T13:09:03.857490+00:00,2991350,Alex Caruso,OKC,pts,UNDER,8.5,190,0.3448275862068966,0.3599117405248288,0.18869275672184183,0.015084154317932252,0.04374404752200367,bovada,Bovada,2026-05-31T00:10:00Z,Oklahoma City Thunder,San Antonio Spurs,,,False
2026-05-30,2026-05-30T13:09:03.857490+00:00,3064560,Luke Kornet,SAS,pts,OVER,1.5,-136,0.576271186440678,0.6012294409196348,0.724954313154744,0.02495825447895683,0.04330991218407221,fanduel,FanDuel,2026-05-31T00:10:00Z,Oklahoma City Thunder,San Antonio Spurs,,,False
2026-05-30,2026-05-30T13:09:03.857490+00:00,4222252,Isaiah Hartenstein,OKC,pts,UNDER,7.5,120,0.45454545454545453,0.47074159729585086,0.434981327324113,0.016196142750396325,0.03563151405087184,betrivers,BetRivers,2026-05-31T00:10:00Z,Oklahoma City Thunder,San Antonio Spurs,,,False
2026-05-30,2026-05-30T13:09:03.857490+00:00,4066259,De'Aaron Fox,SAS,pts,OVER,17.5,205,0.32786885245901637,0.33917369318452406,0.14260820707672017,0.011304840725507692,0.0344797642127983,bovada,Bovada,2026-05-31T00:10:00Z,Oklahoma City Thunder,San Antonio Spurs,,,False
2026-05-30,2026-05-30T13:09:03.857490+00:00,4592479,Julian Champagnie,SAS,pts,OVER,8.5,-145,0.5918367346938775,0.6121448630111027,0.7492108066913393,0.02030812831722517,0.03431373405324256,bovada,Bovada,2026-05-31T00:10:00Z,Oklahoma City Thunder,San Antonio Spurs,,,False
2026-05-30,2026-05-30T13:09:03.857490+00:00,4845367,Stephon Castle,SAS,pts,UNDER,17.5,-112,0.5283018867924528,0.545462654731468,0.6010281216254845,0.01716076793901522,0.03248288217027884,draftkings,DraftKings,2026-05-31T00:10:00Z,Oklahoma City Thunder,San Antonio Spurs,,,False
2026-05-30,2026-05-30T13:09:03.857490+00:00,5037871,Dylan Harper,SAS,pts,OVER,10.5,106,0.4854368932038835,0.49961135597013084,0.4991363466002907,0.014174462766247342,0.029199393298469545,betrivers,BetRivers,2026-05-31T00:10:00Z,Oklahoma City Thunder,San Antonio Spurs,,,False
2026-05-30,2026-05-30T13:09:03.857490+00:00,4433255,Chet Holmgren,OKC,pts,UNDER,13.5,-132,0.5689655172413793,0.5841691284532222,0.6870425076738272,0.015203611211842882,0.026721498493542106,fanduel,FanDuel,2026-05-31T00:10:00Z,Oklahoma City Thunder,San Antonio Spurs,,,False
2026-05-30,2026-05-30T13:09:03.857490+00:00,4683778,Jared McCain,OKC,pts,OVER,13.5,100,0.5,0.5113581707960783,0.5252403795468406,0.01135817079607826,0.02271634159215652,draftkings,DraftKings,2026-05-31T00:10:00Z,Oklahoma City Thunder,San Antonio Spurs,,,False
2026-05-30,2026-05-30T13:09:03.857490+00:00,4683778,Jared McCain,OKC,pts,OVER,13.5,100,0.5,0.5113581707960783,0.5252403795468406,0.01135817079607826,0.02271634159215652,bovada,Bovada,2026-05-31T00:10:00Z,Oklahoma City Thunder,San Antonio Spurs,,,False
2026-05-30,2026-05-30T13:09:03.857490+00:00,4845367,Stephon Castle,SAS,pts,UNDER,17.5,-115,0.5348837209302325,0.545462654731468,0.6010281216254845,0.010578933801235535,0.019778006671875015,bovada,Bovada,2026-05-31T00:10:00Z,Oklahoma City Thunder,San Antonio Spurs,,,False
2026-05-30,2026-05-30T13:09:03.857490+00:00,4845367,Stephon Castle,SAS,pts,UNDER,16.5,-105,0.5121951219512195,0.5211743077910891,0.5470540173135314,0.008979185839869563,0.017530791401650092,fanatics,Fanatics,2026-05-31T00:10:00Z,Oklahoma City Thunder,San Antonio Spurs,,,False
2026-05-30,2026-05-30T13:09:03.857490+00:00,4683778,Jared McCain,OKC,pts,UNDER,11.5,135,0.425531914893617,0.43287693822549045,0.3508376405010899,0.007345023331873424,0.017260804829902554,bovada,Bovada,2026-05-31T00:10:00Z,Oklahoma City Thunder,San Antonio Spurs,,,False
2026-05-30,2026-05-30T13:09:03.857490+00:00,3064560,Luke Kornet,SAS,pts,OVER,1.5,-145,0.5918367346938775,0.6012294409196348,0.724954313154744,0.009392706225757275,0.015870434657314025,bovada,Bovada,2026-05-31T00:10:00Z,Oklahoma City Thunder,San Antonio Spurs,,,False
2026-05-30,2026-05-30T13:09:03.857490+00:00,4683692,Cason Wallace,OKC,pts,UNDER,6.5,190,0.3448275862068966,0.35004816032394004,0.16677368960875572,0.005220574117043464,0.01513966493942609,bovada,Bovada,2026-05-31T00:10:00Z,Oklahoma City Thunder,San Antonio Spurs,,,False
2026-05-30,2026-05-30T13:09:03.857490+00:00,5037871,Dylan Harper,SAS,pts,OVER,10.5,102,0.49504950495049505,0.49961135597013084,0.4991363466002907,0.004561851019635799,0.009214939059664307,draftkings,DraftKings,2026-05-31T00:10:00Z,Oklahoma City Thunder,San Antonio Spurs,,,False
2026-05-30,2026-05-30T13:09:03.857490+00:00,4278073,Shai Gilgeous-Alexander,OKC,pts,UNDER,34.5,-260,0.7222222222222222,0.7240195800752671,0.9978212890561491,0.001797357853044912,0.002488649334985271,bovada,Bovada,2026-05-31T00:10:00Z,Oklahoma City Thunder,San Antonio Spurs,,,False
2026-05-30,2026-05-30T13:09:03.857490+00:00,3133626,Kenrich Williams,OKC,ra,OVER,3.5,200,0.3333333333333333,0.40242805328711667,0.6474002422141667,0.06909471995378336,0.20728415986135007,bovada,Bovada,2026-05-31T00:10:00Z,Oklahoma City Thunder,San Antonio Spurs,,,False
2026-05-30,2026-05-30T13:09:03.857490+00:00,5104157,Victor Wembanyama,SAS,ra,UNDER,14.5,140,0.4166666666666667,0.49847108908313215,0.7885049503778734,0.08180442241646546,0.1963306137995171,bovada,Bovada,2026-05-31T00:10:00Z,Oklahoma City Thunder,San Antonio Spurs,,,False
2026-05-30,2026-05-30T13:09:03.857490+00:00,4397020,Luguentz Dort,OKC,ra,OVER,3.5,118,0.45871559633027525,0.5378597403819521,0.818461705656079,0.0791441440516768,0.17253423403265544,draftkings,DraftKings,2026-05-31T00:10:00Z,Oklahoma City Thunder,San Antonio Spurs,,,False
2026-05-30,2026-05-30T13:09:03.857490+00:00,5104157,Victor Wembanyama,SAS,ra,UNDER,15.5,104,0.49019607843137253,0.5726568877878663,0.8650179391427076,0.08246080935649375,0.16822005108724725,fanduel,FanDuel,2026-05-31T00:10:00Z,Oklahoma City Thunder,San Antonio Spurs,,,False
2026-05-30,2026-05-30T13:09:03.857490+00:00,4397020,Luguentz Dort,OKC,ra,OVER,3.5,115,0.46511627906976744,0.5428522729187559,0.818461705656079,0.0777359938489885,0.16713238677532516,bovada,Bovada,2026-05-31T00:10:00Z,Oklahoma City Thunder,San Antonio Spurs,,,False
2026-05-30,2026-05-30T13:09:03.857490+00:00,5104157,Victor Wembanyama,SAS,ra,UNDER,15.5,100,0.5,0.5803039466113957,0.8650179391427076,0.08030394661139573,0.16060789322279145,bovada,Bovada,2026-05-31T00:10:00Z,Oklahoma City Thunder,San Antonio Spurs,,,False
2026-05-30,2026-05-30T13:09:03.857490+00:00,5104157,Victor Wembanyama,SAS,ra,UNDER,15.5,-101,0.5024875621890548,0.5822442451188584,0.8650179391427076,0.07975668292980365,0.1587236957315895,draftkings,DraftKings,2026-05-31T00:10:00Z,Oklahoma City Thunder,San Antonio Spurs,,,False
2026-05-30,2026-05-30T13:09:03.857490+00:00,5104157,Victor Wembanyama,SAS,ra,UNDER,15.5,-105,0.5121951219512195,0.589816141733347,0.8650179391427076,0.07762101978212743,0.15154580052701072,betmgm,BetMGM,2026-05-31T00:10:00Z,Oklahoma City Thunder,San Antonio Spurs,,,False
2026-05-30,2026-05-30T13:09:03.857490+00:00,4397020,Luguentz Dort,OKC,ra,OVER,3.5,105,0.4878048780487805,0.5605493801223862,0.818461705656079,0.07274450207360572,0.1491262292508917,betmgm,BetMGM,2026-05-31T00:10:00Z,Oklahoma City Thunder,San Antonio Spurs,,,False
2026-05-30,2026-05-30T13:09:03.857490+00:00,3064560,Luke Kornet,SAS,ra,OVER,3.5,145,0.40816326530612246,0.45861544386857267,0.637491349680896,0.05045217856245021,0.12360783747800297,bovada,Bovada,2026-05-31T00:10:00Z,Oklahoma City Thunder,San Antonio Spurs,,,False
2026-05-30,2026-05-30T13:09:03.857490+00:00,5104157,Victor Wembanyama,SAS,ra,UNDER,16.5,-145,0.5918367346938775,0.6640318145633228,0.9199961886459016,0.07219507986944529,0.12198479012423513,bovada,Bovada,2026-05-31T00:10:00Z,Oklahoma City Thunder,San Antonio Spurs,,,False
2026-05-30,2026-05-30T13:09:03.857490+00:00,3133626,Kenrich Williams,OKC,ra,OVER,2.5,-110,0.5238095238095238,0.5858959762215502,0.8060206711369163,0.06208645241202637,0.11852868187750487,bovada,Bovada,2026-05-31T00:10:00Z,Oklahoma City Thunder,San Antonio Spurs,,,False
2026-05-30,2026-05-30T13:09:03.857490+00:00,4592479,Julian Champagnie,SAS,ra,OVER,7.5,140,0.4166666666666667,0.46517472275381255,0.6371578306991479,0.04850805608714587,0.1164193346091501,bovada,Bovada,2026-05-31T00:10:00Z,Oklahoma City Thunder,San Antonio Spurs,,,False
2026-05-30,2026-05-30T13:09:03.857490+00:00,3133626,Kenrich Williams,OKC,ra,OVER,2.5,-112,0.5283018867924528,0.5894000193482348,0.8060206711369163,0.061098132555782,0.11565003662344453,draftkings,DraftKings,2026-05-31T00:10:00Z,Oklahoma City Thunder,San Antonio Spurs,,,False
2026-05-30,2026-05-30T13:09:03.857490+00:00,4278073,Shai Gilgeous-Alexander,OKC,ra,UNDER,9.5,190,0.3448275862068966,0.3840858654082803,0.5232743098495499,0.03925827920138375,0.11384900968401301,bovada,Bovada,2026-05-31T00:10:00Z,Oklahoma City Thunder,San Antonio Spurs,,,False
2026-05-30,2026-05-30T13:09:03.857490+00:00,4278073,Shai Gilgeous-Alexander,OKC,ra,UNDER,10.5,125,0.4444444444444444,0.490677189457327,0.6545932854120926,0.0462327450128826,0.10402367627898579,bovada,Bovada,2026-05-31T00:10:00Z,Oklahoma City Thunder,San Antonio Spurs,,,False
2026-05-30,2026-05-30T13:09:03.857490+00:00,4683778,Jared McCain,OKC,ra,OVER,5.5,135,0.425531914893617,0.4695693420667407,0.6257020384078158,0.0440374271731237,0.10348795385684073,bovada,Bovada,2026-05-31T00:10:00Z,Oklahoma City Thunder,San Antonio Spurs,,,False
2026-05-30,2026-05-30T13:09:03.857490+00:00,4278073,Shai Gilgeous-Alexander,OKC,ra,UNDER,11.5,-110,0.5238095238095238,0.577856650470851,0.7694782813610112,0.05404712666132716,0.10318087817162458,betmgm,BetMGM,2026-05-31T00:10:00Z,Oklahoma City Thunder,San Antonio Spurs,,,False
2026-05-30,2026-05-30T13:09:03.857490+00:00,5037871,Dylan Harper,SAS,ra,OVER,7.5,145,0.40816326530612246,0.44928271964507815,0.5950698759377393,0.0411194543389557,0.10074266313044145,bovada,Bovada,2026-05-31T00:10:00Z,Oklahoma City Thunder,San Antonio Spurs,,,False
2026-05-30,2026-05-30T13:09:03.857490+00:00,4278073,Shai Gilgeous-Alexander,OKC,ra,UNDER,11.5,-112,0.5283018867924528,0.5813606935975356,0.7694782813610112,0.05305880680508279,0.10043274145247816,fanduel,FanDuel,2026-05-31T00:10:00Z,Oklahoma City Thunder,San Antonio Spurs,,,False
2026-05-30,2026-05-30T13:09:03.857490+00:00,4683778,Jared McCain,OKC,ra,OVER,4.5,-118,0.5412844036697247,0.5914592336840457,0.7693518128257291,0.05017483001432099,0.09269587239933874,fanduel,FanDuel,2026-05-31T00:10:00Z,Oklahoma City Thunder,San Antonio Spurs,,,False
2026-05-30,2026-05-30T13:09:03.857490+00:00,4278073,Shai Gilgeous-Alexander,OKC,ra,UNDER,11.5,-120,0.5454545454545454,0.5947397673539678,0.7694782813610112,0.049285221899422416,0.09035624014894106,draftkings,DraftKings,2026-05-31T00:10:00Z,Oklahoma City Thunder,San Antonio Spurs,,,False
2026-05-30,2026-05-30T13:09:03.857490+00:00,4278073,Shai Gilgeous-Alexander,OKC,ra,UNDER,11.5,-120,0.5454545454545454,0.5947397673539678,0.7694782813610112,0.049285221899422416,0.09035624014894106,bovada,Bovada,2026-05-31T00:10:00Z,Oklahoma City Thunder,San Antonio Spurs,,,False
2026-05-30,2026-05-30T13:09:03.857490+00:00,4845367,Stephon Castle,SAS,ra,UNDER,12.5,-114,0.5327102803738317,0.5794802062485028,0.7453008525314277,0.0467699258746711,0.0877961766419263,fanduel,FanDuel,2026-05-31T00:10:00Z,Oklahoma City Thunder,San Antonio Spurs,,,False
2026-05-30,2026-05-30T13:09:03.857490+00:00,4397020,Luguentz Dort,OKC,ra,OVER,2.5,-190,0.6551724137931034,0.7109824658139985,0.9088544684335355,0.05581005202089506,0.08518376361083979,bovada,Bovada,2026-05-31T00:10:00Z,Oklahoma City Thunder,San Antonio Spurs,,,False
2026-05-30,2026-05-30T13:09:03.857490+00:00,4592479,Julian Champagnie,SAS,ra,OVER,6.5,-120,0.5454545454545454,0.5919156907003583,0.7566415692991496,0.04646114524581291,0.08517876628399029,draftkings,DraftKings,2026-05-31T00:10:00Z,Oklahoma City Thunder,San Antonio Spurs,,,False
2026-05-30,2026-05-30T13:09:03.857490+00:00,4592479,Julian Champagnie,SAS,ra,OVER,6.5,-120,0.5454545454545454,0.5919156907003583,0.7566415692991496,0.04646114524581291,0.08517876628399029,bovada,Bovada,2026-05-31T00:10:00Z,Oklahoma City Thunder,San Antonio Spurs,,,False
2026-05-30,2026-05-30T13:09:03.857490+00:00,5037871,Dylan Harper,SAS,ra,OVER,6.5,-110,0.5238095238095238,0.5670091217603417,0.7201713326768775,0.04319959795081785,0.08247195972428867,fanduel,FanDuel,2026-05-31T00:10:00Z,Oklahoma City Thunder,San Antonio Spurs,,,False
2026-05-30,2026-05-30T13:09:03.857490+00:00,4592479,Julian Champagnie,SAS,ra,OVER,6.5,-125,0.5555555555555556,0.5997944785791463,0.7566415692991496,0.04423892302359067,0.07963006144246326,betmgm,BetMGM,2026-05-31T00:10:00Z,Oklahoma City Thunder,San Antonio Spurs,,,False
2026-05-30,2026-05-30T13:09:03.857490+00:00,4683778,Jared McCain,OKC,ra,OVER,4.5,-130,0.5652173913043478,0.6101269640390516,0.7693518128257291,0.04490957273470386,0.07945539791524525,betmgm,BetMGM,2026-05-31T00:10:00Z,Oklahoma City Thunder,San Antonio Spurs,,,False
2026-05-30,2026-05-30T13:09:03.857490+00:00,5037871,Dylan Harper,SAS,ra,OVER,6.5,-114,0.5327102803738317,0.5739517118805018,0.7201713326768775,0.041241431506670034,0.07741812581076646,draftkings,DraftKings,2026-05-31T00:10:00Z,Oklahoma City Thunder,San Antonio Spurs,,,False
2026-05-30,2026-05-30T13:09:03.857490+00:00,4845367,Stephon Castle,SAS,ra,UNDER,10.5,165,0.37735849056603776,0.40624356595931255,0.5086542878081959,0.028885075393274784,0.07654544979217826,bovada,Bovada,2026-05-31T00:10:00Z,Oklahoma City Thunder,San Antonio Spurs,,,False
2026-05-30,2026-05-30T13:09:03.857490+00:00,5037871,Dylan Harper,SAS,ra,OVER,6.5,-115,0.5348837209302325,0.5756469955144944,0.7201713326768775,0.04076327458426188,0.07620960030970692,bovada,Bovada,2026-05-31T00:10:00Z,Oklahoma City Thunder,San Antonio Spurs,,,False
2026-05-30,2026-05-30T13:09:03.857490+00:00,4683778,Jared McCain,OKC,ra,OVER,4.5,-134,0.5726495726495726,0.615924065488327,0.7693518128257291,0.0432744928387544,0.07556889047961585,draftkings,DraftKings,2026-05-31T00:10:00Z,Oklahoma City Thunder,San Antonio Spurs,,,False
2026-05-30,2026-05-30T13:09:03.857490+00:00,3064560,Luke Kornet,SAS,ra,OVER,2.5,-150,0.6,0.6452177489618338,0.8055352225537902,0.04521774896183384,0.07536291493638969,bovada,Bovada,2026-05-31T00:10:00Z,Oklahoma City Thunder,San Antonio Spurs,,,False
2026-05-30,2026-05-30T13:09:03.857490+00:00,4683778,Jared McCain,OKC,ra,OVER,4.5,-135,0.574468085106383,0.6173425052046392,0.7693518128257291,0.04287442009825615,0.07463324980066816,bovada,Bovada,2026-05-31T00:10:00Z,Oklahoma City Thunder,San Antonio Spurs,,,False
2026-05-30,2026-05-30T13:09:03.857490+00:00,3064560,Luke Kornet,SAS,ra,OVER,2.5,-151,0.601593625498008,0.64646077685028,0.8055352225537902,0.04486715135227204,0.07458049661867744,draftkings,DraftKings,2026-05-31T00:10:00Z,Oklahoma City Thunder,San Antonio Spurs,,,False
2026-05-30,2026-05-30T13:09:03.857490+00:00,4845367,Stephon Castle,SAS,ra,UNDER,11.5,110,0.47619047619047616,0.5107652126100435,0.6333483690066911,0.03457473641956732,0.07260694648109134,bovada,Bovada,2026-05-31T00:10:00Z,Oklahoma City Thunder,San Antonio Spurs,,,False
2026-05-30,2026-05-30T13:09:03.857490+00:00,4845367,Stephon Castle,SAS,ra,UNDER,12.5,-130,0.5652173913043478,0.6048357527743053,0.7453008525314277,0.039618361469957564,0.07009402413915566,betmgm,BetMGM,2026-05-31T00:10:00Z,Oklahoma City Thunder,San Antonio Spurs,,,False
2026-05-30,2026-05-30T13:09:03.857490+00:00,4395630,Devin Vassell,SAS,ra,OVER,7.5,140,0.4166666666666667,0.44507901640018704,0.545813710909941,0.02841234973352036,0.06818963936044886,bovada,Bovada,2026-05-31T00:10:00Z,Oklahoma City Thunder,San Antonio Spurs,,,False
2026-05-30,2026-05-30T13:09:03.857490+00:00,4845367,Stephon Castle,SAS,ra,UNDER,12.5,-134,0.5726495726495726,0.6106328542235807,0.7453008525314277,0.0379832815740081,0.06632901409192454,draftkings,DraftKings,2026-05-31T00:10:00Z,Oklahoma City Thunder,San Antonio Spurs,,,False
2026-05-30,2026-05-30T13:09:03.857490+00:00,4845367,Stephon Castle,SAS,ra,UNDER,12.5,-135,0.574468085106383,0.6120512939398929,0.7453008525314277,0.03758320883350985,0.06542262278425798,bovada,Bovada,2026-05-31T00:10:00Z,Oklahoma City Thunder,San Antonio Spurs,,,False
2026-05-30,2026-05-30T13:09:03.857490+00:00,4432823,Jaylin Williams,OKC,ra,OVER,5.5,-132,0.5689655172413793,0.6046905937085238,0.7313522284556726,0.03572507646714451,0.06278952833619345,fanduel,FanDuel,2026-05-31T00:10:00Z,Oklahoma City Thunder,San Antonio Spurs,,,False
2026-05-30,2026-05-30T13:09:03.857490+00:00,4432823,Jaylin Williams,OKC,ra,OVER,7.5,185,0.3508771929824561,0.37207363299256685,0.4472246475738685,0.02119644001011073,0.0604098540288156,bovada,Bovada,2026-05-31T00:10:00Z,Oklahoma City Thunder,San Antonio Spurs,,,False
2026-05-30,2026-05-30T13:09:03.857490+00:00,4395723,Keldon Johnson,SAS,ra,OVER,4.5,155,0.39215686274509803,0.4146691390053673,0.4944853912008673,0.02251227626026925,0.05740630446368655,bovada,Bovada,2026-05-31T00:10:00Z,Oklahoma City Thunder,San Antonio Spurs,,,False
2026-05-30,2026-05-30T13:09:03.857490+00:00,4592479,Julian Champagnie,SAS,ra,OVER,5.5,-210,0.6774193548387096,0.7155803412198088,0.8508783838437062,0.038160986381099216,0.056332884657813054,bovada,Bovada,2026-05-31T00:10:00Z,Oklahoma City Thunder,San Antonio Spurs,,,False
2026-05-30,2026-05-30T13:09:03.857490+00:00,4395630,Devin Vassell,SAS,ra,OVER,6.5,-120,0.5454545454545454,0.5756085632270028,0.6825182626020789,0.03015401777245741,0.05528236591617186,bovada,Bovada,2026-05-31T00:10:00Z,Oklahoma City Thunder,San Antonio Spurs,,,False
2026-05-30,2026-05-30T13:09:03.857490+00:00,4432823,Jaylin Williams,OKC,ra,OVER,6.5,110,0.47619047619047616,0.5024726085616638,0.5956547142413289,0.026282132371187594,0.05519247797949389,bovada,Bovada,2026-05-31T00:10:00Z,Oklahoma City Thunder,San Antonio Spurs,,,False
2026-05-30,2026-05-30T13:09:03.857490+00:00,4395630,Devin Vassell,SAS,ra,OVER,6.5,-122,0.5495495495495496,0.578802666421106,0.6825182626020789,0.029253116871556406,0.05323108152037326,draftkings,DraftKings,2026-05-31T00:10:00Z,Oklahoma City Thunder,San Antonio Spurs,,,False
2026-05-30,2026-05-30T13:09:03.857490+00:00,4432823,Jaylin Williams,OKC,ra,OVER,5.5,-144,0.5901639344262295,0.6212253591127069,0.7313522284556726,0.031061424686477435,0.05263185849653118,draftkings,DraftKings,2026-05-31T00:10:00Z,Oklahoma City Thunder,San Antonio Spurs,,,False
2026-05-30,2026-05-30T13:09:03.857490+00:00,5037871,Dylan Harper,SAS,ra,OVER,5.5,-200,0.6666666666666666,0.7010163490803141,0.8228015867287004,0.03434968241364744,0.05152452362047111,bovada,Bovada,2026-05-31T00:10:00Z,Oklahoma City Thunder,San Antonio Spurs,,,False
2026-05-30,2026-05-30T13:09:03.857490+00:00,4395723,Keldon Johnson,SAS,ra,OVER,3.5,-125,0.5555555555555556,0.5838883347036118,0.6843409153194475,0.02833277914805621,0.05099900246650124,bovada,Bovada,2026-05-31T00:10:00Z,Oklahoma City Thunder,San Antonio Spurs,,,False
2026-05-30,2026-05-30T13:09:03.857490+00:00,4395630,Devin Vassell,SAS,ra,OVER,6.5,-125,0.5555555555555556,0.5834873511057908,0.6825182626020789,0.027931795550235172,0.05027723199042339,fanduel,FanDuel,2026-05-31T00:10:00Z,Oklahoma City Thunder,San Antonio Spurs,,,False
2026-05-30,2026-05-30T13:09:03.857490+00:00,4395723,Keldon Johnson,SAS,ra,OVER,3.5,-126,0.5575221238938053,0.5854222580074466,0.6843409153194475,0.02790013411364134,0.05004309769589632,draftkings,DraftKings,2026-05-31T00:10:00Z,Oklahoma City Thunder,San Antonio Spurs,,,False
2026-05-30,2026-05-30T13:09:03.857490+00:00,3133626,Kenrich Williams,OKC,ra,OVER,1.5,-300,0.75,0.7854695840764081,0.9112253821654912,0.0354695840764081,0.0472927787685441,bovada,Bovada,2026-05-31T00:10:00Z,Oklahoma City Thunder,San Antonio Spurs,,,False
2026-05-30,2026-05-30T13:09:03.857490+00:00,4395630,Devin Vassell,SAS,ra,OVER,6.5,-130,0.5652173913043478,0.5910235829898486,0.6825182626020789,0.0258061916855008,0.04565710836665521,betmgm,BetMGM,2026-05-31T00:10:00Z,Oklahoma City Thunder,San Antonio Spurs,,,False
2026-05-30,2026-05-30T13:09:03.857490+00:00,4432823,Jaylin Williams,OKC,ra,OVER,5.5,-160,0.6153846153846154,0.640897490260248,0.7313522284556726,0.025512874875632585,0.041458421672903034,bovada,Bovada,2026-05-31T00:10:00Z,Oklahoma City Thunder,San Antonio Spurs,,,False
2026-05-30,2026-05-30T13:09:03.857490+00:00,4683778,Jared McCain,OKC,ra,OVER,3.5,-280,0.7368421052631579,0.7673538228458724,0.8755317306391333,0.030511717582714537,0.04140875957654111,bovada,Bovada,2026-05-31T00:10:00Z,Oklahoma City Thunder,San Antonio Spurs,,,False
2026-05-30,2026-05-30T13:09:03.857490+00:00,4395630,Devin Vassell,SAS,ra,OVER,5.5,-210,0.6774193548387096,0.7039417965431066,0.797975908040514,0.026522441704396993,0.03915217584934788,bovada,Bovada,2026-05-31T00:10:00Z,Oklahoma City Thunder,San Antonio Spurs,,,False
2026-05-30,2026-05-30T13:09:03.857490+00:00,4683692,Cason Wallace,OKC,ra,OVER,6.5,110,0.47619047619047616,0.4932553590206616,0.5537581254185917,0.017064882830185424,0.03583625394338941,bovada,Bovada,2026-05-31T00:10:00Z,Oklahoma City Thunder,San Antonio Spurs,,,False
2026-05-30,2026-05-30T13:09:03.857490+00:00,4683692,Cason Wallace,OKC,ra,OVER,7.5,185,0.3508771929824561,0.3626171727572257,0.40424073741322697,0.011739979774769593,0.033458942358093324,bovada,Bovada,2026-05-31T00:10:00Z,Oklahoma City Thunder,San Antonio Spurs,,,False
2026-05-30,2026-05-30T13:09:03.857490+00:00,4683692,Cason Wallace,OKC,ra,OVER,6.5,107,0.4830917874396135,0.4986383817949887,0.5537581254185917,0.015546594355375198,0.03218145031562658,draftkings,DraftKings,2026-05-31T00:10:00Z,Oklahoma City Thunder,San Antonio Spurs,,,False
2026-05-30,2026-05-30T13:09:03.857490+00:00,4395723,Keldon Johnson,SAS,ra,OVER,2.5,-280,0.7368421052631579,0.7584070245268922,0.8348644655528594,0.021564919263734383,0.02926667614363948,bovada,Bovada,2026-05-31T00:10:00Z,Oklahoma City Thunder,San Antonio Spurs,,,False
2026-05-30,2026-05-30T13:09:03.857490+00:00,4433255,Chet Holmgren,OKC,ra,UNDER,9.5,-105,0.5121951219512195,0.5269435803878227,0.5792335693903251,0.014748458436603218,0.028794609328606224,betmgm,BetMGM,2026-05-31T00:10:00Z,Oklahoma City Thunder,San Antonio Spurs,,,False
2026-05-30,2026-05-30T13:09:03.857490+00:00,4683692,Cason Wallace,OKC,ra,OVER,5.5,-160,0.6153846153846154,0.6331030126076046,0.6959227845800205,0.01771839722298918,0.02879239548735746,bovada,Bovada,2026-05-31T00:10:00Z,Oklahoma City Thunder,San Antonio Spurs,,,False
2026-05-30,2026-05-30T13:09:03.857490+00:00,2991350,Alex Caruso,OKC,ra,UNDER,6.5,-150,0.6,0.6147581000807768,0.6670822730944401,0.014758100080776826,0.02459683346796132,bovada,Bovada,2026-05-31T00:10:00Z,Oklahoma City Thunder,San Antonio Spurs,,,False
2026-05-30,2026-05-30T13:09:03.857490+00:00,2991350,Alex Caruso,OKC,ra,UNDER,6.5,-155,0.6078431372549019,0.6208757471396004,0.6670822730944401,0.013032609884698454,0.021440745294181218,draftkings,DraftKings,2026-05-31T00:10:00Z,Oklahoma City Thunder,San Antonio Spurs,,,False
2026-05-30,2026-05-30T13:09:03.857490+00:00,2991350,Alex Caruso,OKC,ra,UNDER,5.5,116,0.46296296296296297,0.4704163376563173,0.49684193884184635,0.007453374693354331,0.016099289337645373,fanduel,FanDuel,2026-05-31T00:10:00Z,Oklahoma City Thunder,San Antonio Spurs,,,False
2026-05-30,2026-05-30T13:09:03.857490+00:00,2991350,Alex Caruso,OKC,ra,UNDER,5.5,115,0.46511627906976744,0.4720959242196248,0.49684193884184635,0.006979645149857383,0.015006237072193285,bovada,Bovada,2026-05-31T00:10:00Z,Oklahoma City Thunder,San Antonio Spurs,,,False
2026-05-30,2026-05-30T13:09:03.857490+00:00,4433255,Chet Holmgren,OKC,ra,UNDER,9.5,-120,0.5454545454545454,0.5528859307204169,0.5792335693903251,0.007431385265871504,0.013624206320764387,bovada,Bovada,2026-05-31T00:10:00Z,Oklahoma City Thunder,San Antonio Spurs,,,False
2026-05-30,2026-05-30T13:09:03.857490+00:00,4433255,Chet Holmgren,OKC,ra,UNDER,9.5,-121,0.5475113122171946,0.5544902087952833,0.5792335693903251,0.0069788965780887,0.012746579700476157,draftkings,DraftKings,2026-05-31T00:10:00Z,Oklahoma City Thunder,San Antonio Spurs,,,False
2026-05-30,2026-05-30T13:09:03.857490+00:00,4066259,De'Aaron Fox,SAS,ra,UNDER,10.5,-143,0.588477366255144,0.5924737543489866,0.6066427666817014,0.003996388093842618,0.006791065082543679,draftkings,DraftKings,2026-05-31T00:10:00Z,Oklahoma City Thunder,San Antonio Spurs,,,False
2026-05-30,2026-05-30T13:09:03.857490+00:00,4433255,Chet Holmgren,OKC,ra,UNDER,8.5,130,0.43478260869565216,0.4373696411724498,0.44654184722655055,0.002587032476797646,0.005950174696634614,bovada,Bovada,2026-05-31T00:10:00Z,Oklahoma City Thunder,San Antonio Spurs,,,False
2026-05-30,2026-05-30T13:09:03.857490+00:00,4066259,De'Aaron Fox,SAS,ra,UNDER,10.5,-145,0.5918367346938775,0.5950940617311988,0.6066427666817014,0.0032573270373212893,0.0055037594768532205,bovada,Bovada,2026-05-31T00:10:00Z,Oklahoma City Thunder,San Antonio Spurs,,,False
2026-05-30,2026-05-30T13:09:03.857490+00:00,2991350,Alex Caruso,OKC,ra,UNDER,4.5,210,0.3225806451612903,0.3235933389183945,0.3271837986026729,0.001012693757104166,0.003139350647022865,bovada,Bovada,2026-05-31T00:10:00Z,Oklahoma City Thunder,San Antonio Spurs,,,False
2026-05-30,2026-05-30T13:09:03.857490+00:00,4222252,Isaiah Hartenstein,OKC,ra,UNDER,11.5,-145,0.5918367346938775,0.5930532038026224,0.5973661397336266,0.0012164691087448443,0.0020554133216723613,bovada,Bovada,2026-05-31T00:10:00Z,Oklahoma City Thunder,San Antonio Spurs,,,False
2026-05-30,2026-05-30T13:09:03.857490+00:00,4433255,Chet Holmgren,OKC,ra,UNDER,7.5,215,0.31746031746031744,0.3179371725031878,0.3196278403824555,0.00047685504287037217,0.0015020933850415918,bovada,Bovada,2026-05-31T00:10:00Z,Oklahoma City Thunder,San Antonio Spurs,,,False
2026-05-30,2026-05-30T13:09:03.857490+00:00,5104157,Victor Wembanyama,SAS,reb,UNDER,10.5,210,0.3225806451612903,0.3766551054467952,0.6830770470646563,0.05407446028550489,0.16763082688506525,bovada,Bovada,2026-05-31T00:10:00Z,Oklahoma City Thunder,San Antonio Spurs,,,False
2026-05-30,2026-05-30T13:09:03.857490+00:00,5104157,Victor Wembanyama,SAS,reb,UNDER,11.5,135,0.425531914893617,0.48080656677731226,0.794029594118252,0.055274651883695236,0.12989543192668385,bovada,Bovada,2026-05-31T00:10:00Z,Oklahoma City Thunder,San Antonio Spurs,,,False
2026-05-30,2026-05-30T13:09:03.857490+00:00,5104157,Victor Wembanyama,SAS,reb,UNDER,12.5,-105,0.5121951219512195,0.5670536582513367,0.8779186972853339,0.05485853630011717,0.10710476134784774,betmgm,BetMGM,2026-05-31T00:10:00Z,Oklahoma City Thunder,San Antonio Spurs,,,False
2026-05-30,2026-05-30T13:09:03.857490+00:00,5037871,Dylan Harper,SAS,reb,OVER,4.5,150,0.4,0.4416497676691267,0.6776651177941782,0.0416497676691267,0.10412441917281678,bovada,Bovada,2026-05-31T00:10:00Z,Oklahoma City Thunder,San Antonio Spurs,,,False
2026-05-30,2026-05-30T13:09:03.857490+00:00,5104157,Victor Wembanyama,SAS,reb,UNDER,12.5,-109,0.5215311004784688,0.5749892399994986,0.8779186972853339,0.053458139521029735,0.10250230421922213,betrivers,BetRivers,2026-05-31T00:10:00Z,Oklahoma City Thunder,San Antonio Spurs,,,False
2026-05-30,2026-05-30T13:09:03.857490+00:00,5104157,Victor Wembanyama,SAS,reb,UNDER,12.5,-110,0.5238095238095238,0.5769258998308954,0.8779186972853339,0.053116376021371536,0.10140399058625482,fanduel,FanDuel,2026-05-31T00:10:00Z,Oklahoma City Thunder,San Antonio Spurs,,,False
2026-05-30,2026-05-30T13:09:03.857490+00:00,4397020,Luguentz Dort,OKC,reb,OVER,2.5,110,0.47619047619047616,0.5240995575235234,0.7955843517441243,0.047909081333047276,0.10060907079939929,bovada,Bovada,2026-05-31T00:10:00Z,Oklahoma City Thunder,San Antonio Spurs,,,False
2026-05-30,2026-05-30T13:09:03.857490+00:00,4683778,Jared McCain,OKC,reb,OVER,3.5,150,0.4,0.43998852798901855,0.6665901865934569,0.03998852798901853,0.09997131997254638,bovada,Bovada,2026-05-31T00:10:00Z,Oklahoma City Thunder,San Antonio Spurs,,,False
2026-05-30,2026-05-30T13:09:03.857490+00:00,5104157,Victor Wembanyama,SAS,reb,UNDER,12.5,-113,0.5305164319248826,0.5826267717289503,0.8779186972853339,0.05211033980406765,0.09822568476341953,draftkings,DraftKings,2026-05-31T00:10:00Z,Oklahoma City Thunder,San Antonio Spurs,,,False
2026-05-30,2026-05-30T13:09:03.857490+00:00,4397020,Luguentz Dort,OKC,reb,OVER,2.5,107,0.4830917874396135,0.5299656720852901,0.7955843517441243,0.0468738846456766,0.09702894121655059,draftkings,DraftKings,2026-05-31T00:10:00Z,Oklahoma City Thunder,San Antonio Spurs,,,False
2026-05-30,2026-05-30T13:09:03.857490+00:00,5104157,Victor Wembanyama,SAS,reb,UNDER,12.5,-115,0.5348837209302325,0.5863389673834977,0.8779186972853339,0.05145524645326516,0.0961989390213217,williamhill_us,Caesars,2026-05-31T00:10:00Z,Oklahoma City Thunder,San Antonio Spurs,,,False
2026-05-30,2026-05-30T13:09:03.857490+00:00,5104157,Victor Wembanyama,SAS,reb,UNDER,12.5,-115,0.5348837209302325,0.5863389673834977,0.8779186972853339,0.05145524645326516,0.0961989390213217,bovada,Bovada,2026-05-31T00:10:00Z,Oklahoma City Thunder,San Antonio Spurs,,,False
2026-05-30,2026-05-30T13:09:03.857490+00:00,4397020,Luguentz Dort,OKC,reb,OVER,2.5,105,0.4878048780487805,0.533971799103082,0.7955843517441243,0.046166921054301535,0.0946421881613182,betmgm,BetMGM,2026-05-31T00:10:00Z,Oklahoma City Thunder,San Antonio Spurs,,,False
2026-05-30,2026-05-30T13:09:03.857490+00:00,4397020,Luguentz Dort,OKC,reb,OVER,2.5,100,0.5,0.5443376527616186,0.7955843517441243,0.04433765276161861,0.08867530552323721,betrivers,BetRivers,2026-05-31T00:10:00Z,Oklahoma City Thunder,San Antonio Spurs,,,False
2026-05-30,2026-05-30T13:09:03.857490+00:00,4397020,Luguentz Dort,OKC,reb,OVER,2.5,-102,0.504950495049505,0.5485455735536978,0.7955843517441243,0.04359507850419286,0.08633535154751915,fanduel,FanDuel,2026-05-31T00:10:00Z,Oklahoma City Thunder,San Antonio Spurs,,,False
2026-05-30,2026-05-30T13:09:03.857490+00:00,4066259,De'Aaron Fox,SAS,reb,OVER,4.5,130,0.43478260869565216,0.47083369272936026,0.6751231689203729,0.0360510840337081,0.08291749327752862,bovada,Bovada,2026-05-31T00:10:00Z,Oklahoma City Thunder,San Antonio Spurs,,,False
2026-05-30,2026-05-30T13:09:03.857490+00:00,4066259,De'Aaron Fox,SAS,reb,OVER,4.5,125,0.4444444444444444,0.4790462531158337,0.6751231689203729,0.03460180867138929,0.07785406951062579,betrivers,BetRivers,2026-05-31T00:10:00Z,Oklahoma City Thunder,San Antonio Spurs,,,False
2026-05-30,2026-05-30T13:09:03.857490+00:00,5037871,Dylan Harper,SAS,reb,OVER,4.5,120,0.45454545454545453,0.48801340403276305,0.6776651177941782,0.033467949487308524,0.07362948887207865,betmgm,BetMGM,2026-05-31T00:10:00Z,Oklahoma City Thunder,San Antonio Spurs,,,False
2026-05-30,2026-05-30T13:09:03.857490+00:00,5104157,Victor Wembanyama,SAS,reb,UNDER,13.5,-170,0.6296296296296297,0.6753340893316567,0.9343260276431438,0.04570445970202708,0.07258943599733719,bovada,Bovada,2026-05-31T00:10:00Z,Oklahoma City Thunder,San Antonio Spurs,,,False
2026-05-30,2026-05-30T13:09:03.857490+00:00,3064560,Luke Kornet,SAS,reb,OVER,2.5,112,0.4716981132075472,0.5042470790215062,0.6886912186339411,0.03254896581395905,0.06900380752559321,draftkings,DraftKings,2026-05-31T00:10:00Z,Oklahoma City Thunder,San Antonio Spurs,,,False
2026-05-30,2026-05-30T13:09:03.857490+00:00,3064560,Luke Kornet,SAS,reb,OVER,2.5,110,0.47619047619047616,0.5080655875569959,0.6886912186339411,0.03187511136651977,0.06693773386969148,bovada,Bovada,2026-05-31T00:10:00Z,Oklahoma City Thunder,San Antonio Spurs,,,False
2026-05-30,2026-05-30T13:09:03.857490+00:00,4432823,Jaylin Williams,OKC,reb,OVER,4.5,122,0.45045045045045046,0.4782655491030973,0.6358844414680962,0.027815098652646864,0.06174951900887604,fanduel,FanDuel,2026-05-31T00:10:00Z,Oklahoma City Thunder,San Antonio Spurs,,,False
2026-05-30,2026-05-30T13:09:03.857490+00:00,5037871,Dylan Harper,SAS,reb,OVER,3.5,-135,0.574468085106383,0.6092997157833495,0.8066789562861595,0.034831630676966485,0.06063283858583063,bovada,Bovada,2026-05-31T00:10:00Z,Oklahoma City Thunder,San Antonio Spurs,,,False
2026-05-30,2026-05-30T13:09:03.857490+00:00,4683778,Jared McCain,OKC,reb,OVER,2.5,-145,0.5918367346938775,0.626676784664547,0.824103734498341,0.03484004997066947,0.058867670640096736,betmgm,BetMGM,2026-05-31T00:10:00Z,Oklahoma City Thunder,San Antonio Spurs,,,False
2026-05-30,2026-05-30T13:09:03.857490+00:00,5037871,Dylan Harper,SAS,reb,OVER,3.5,-138,0.5798319327731093,0.6138589863000669,0.8066789562861595,0.03402705352695756,0.058684338691419646,draftkings,DraftKings,2026-05-31T00:10:00Z,Oklahoma City Thunder,San Antonio Spurs,,,False
2026-05-30,2026-05-30T13:09:03.857490+00:00,4592479,Julian Champagnie,SAS,reb,OVER,6.5,190,0.3448275862068966,0.3648828407896469,0.47852928342523193,0.020055254582750315,0.05816023828997596,bovada,Bovada,2026-05-31T00:10:00Z,Oklahoma City Thunder,San Antonio Spurs,,,False
2026-05-30,2026-05-30T13:09:03.857490+00:00,3133626,Kenrich Williams,OKC,reb,OVER,1.5,-146,0.5934959349593496,0.6279289403512719,0.8230493042388318,0.03443300539192229,0.0580172556603622,fanduel,FanDuel,2026-05-31T00:10:00Z,Oklahoma City Thunder,San Antonio Spurs,,,False
2026-05-30,2026-05-30T13:09:03.857490+00:00,4683778,Jared McCain,OKC,reb,OVER,2.5,-148,0.5967741935483871,0.6308736246908802,0.824103734498341,0.03409943114249303,0.05713958731985319,fanduel,FanDuel,2026-05-31T00:10:00Z,Oklahoma City Thunder,San Antonio Spurs,,,False
2026-05-30,2026-05-30T13:09:03.857490+00:00,4683778,Jared McCain,OKC,reb,OVER,2.5,-148,0.5967741935483871,0.6308736246908802,0.824103734498341,0.03409943114249303,0.05713958731985319,betrivers,BetRivers,2026-05-31T00:10:00Z,Oklahoma City Thunder,San Antonio Spurs,,,False
2026-05-30,2026-05-30T13:09:03.857490+00:00,4683778,Jared McCain,OKC,reb,OVER,2.5,-150,0.6,0.6336155601747511,0.824103734498341,0.03361556017475109,0.05602593362458508,bovada,Bovada,2026-05-31T00:10:00Z,Oklahoma City Thunder,San Antonio Spurs,,,False
2026-05-30,2026-05-30T13:09:03.857490+00:00,3133626,Kenrich Williams,OKC,reb,OVER,1.5,-150,0.6,0.6334573956358247,0.8230493042388318,0.03345739563582473,0.05576232605970782,betmgm,BetMGM,2026-05-31T00:10:00Z,Oklahoma City Thunder,San Antonio Spurs,,,False
2026-05-30,2026-05-30T13:09:03.857490+00:00,4683778,Jared McCain,OKC,reb,OVER,2.5,-151,0.601593625498008,0.6349701418480579,0.824103734498341,0.0333765163500499,0.05548016956200352,draftkings,DraftKings,2026-05-31T00:10:00Z,Oklahoma City Thunder,San Antonio Spurs,,,False
2026-05-30,2026-05-30T13:09:03.857490+00:00,3064560,Luke Kornet,SAS,reb,OVER,2.5,-102,0.504950495049505,0.5325116035871704,0.6886912186339411,0.02756110853766547,0.05458180318243555,fanduel,FanDuel,2026-05-31T00:10:00Z,Oklahoma City Thunder,San Antonio Spurs,,,False
2026-05-30,2026-05-30T13:09:03.857490+00:00,4683692,Cason Wallace,OKC,reb,OVER,4.5,175,0.36363636363636365,0.3830621505624432,0.49314160981022737,0.019425786926079547,0.05342091404671878,bovada,Bovada,2026-05-31T00:10:00Z,Oklahoma City Thunder,San Antonio Spurs,,,False
2026-05-30,2026-05-30T13:09:03.857490+00:00,4432823,Jaylin Williams,OKC,reb,OVER,5.5,190,0.3448275862068966,0.36323131761145333,0.46751912890394176,0.018403731404556756,0.05337082107321467,bovada,Bovada,2026-05-31T00:10:00Z,Oklahoma City Thunder,San Antonio Spurs,,,False
2026-05-30,2026-05-30T13:09:03.857490+00:00,4432823,Jaylin Williams,OKC,reb,OVER,4.5,113,0.4694835680751174,0.4944436990840642,0.6358844414680962,0.02496013100894684,0.05316507904905665,draftkings,DraftKings,2026-05-31T00:10:00Z,Oklahoma City Thunder,San Antonio Spurs,,,False
2026-05-30,2026-05-30T13:09:03.857490+00:00,4066259,De'Aaron Fox,SAS,reb,OVER,4.5,100,0.5,0.526268475338056,0.6751231689203729,0.026268475338055985,0.05253695067611197,betmgm,BetMGM,2026-05-31T00:10:00Z,Oklahoma City Thunder,San Antonio Spurs,,,False
2026-05-30,2026-05-30T13:09:03.857490+00:00,3133626,Kenrich Williams,OKC,reb,OVER,1.5,-157,0.6108949416342413,0.6427180960249299,0.8230493042388318,0.03182315439068861,0.052092679480299275,draftkings,DraftKings,2026-05-31T00:10:00Z,Oklahoma City Thunder,San Antonio Spurs,,,False
2026-05-30,2026-05-30T13:09:03.857490+00:00,5037871,Dylan Harper,SAS,reb,OVER,3.5,-150,0.6,0.6310018434429239,0.8066789562861595,0.031001843442923893,0.051669739071539766,williamhill_us,Caesars,2026-05-31T00:10:00Z,Oklahoma City Thunder,San Antonio Spurs,,,False
2026-05-30,2026-05-30T13:09:03.857490+00:00,5104157,Victor Wembanyama,SAS,reb,UNDER,14.5,-260,0.7222222222222222,0.7590973896933043,0.9680566720294366,0.036875167471082104,0.051057924190729076,bovada,Bovada,2026-05-31T00:10:00Z,Oklahoma City Thunder,San Antonio Spurs,,,False
2026-05-30,2026-05-30T13:09:03.857490+00:00,4683692,Cason Wallace,OKC,reb,OVER,3.5,-103,0.5073891625615764,0.5328869840909924,0.6773746394243497,0.025497821529416043,0.05025298806282974,betrivers,BetRivers,2026-05-31T00:10:00Z,Oklahoma City Thunder,San Antonio Spurs,,,False
2026-05-30,2026-05-30T13:09:03.857490+00:00,4683692,Cason Wallace,OKC,reb,OVER,3.5,-104,0.5098039215686274,0.5349395292469857,0.6773746394243497,0.025135607678358318,0.049304461215241235,fanduel,FanDuel,2026-05-31T00:10:00Z,Oklahoma City Thunder,San Antonio Spurs,,,False
2026-05-30,2026-05-30T13:09:03.857490+00:00,5037871,Dylan Harper,SAS,reb,OVER,3.5,-157,0.6108949416342413,0.6402625438320291,0.8066789562861595,0.02936760219778778,0.04807308130465904,betrivers,BetRivers,2026-05-31T00:10:00Z,Oklahoma City Thunder,San Antonio Spurs,,,False
2026-05-30,2026-05-30T13:09:03.857490+00:00,4432823,Jaylin Williams,OKC,reb,OVER,4.5,107,0.4830917874396135,0.506010685543886,0.6358844414680962,0.022918898104272445,0.04744211907584395,williamhill_us,Caesars,2026-05-31T00:10:00Z,Oklahoma City Thunder,San Antonio Spurs,,,False
2026-05-30,2026-05-30T13:09:03.857490+00:00,3064560,Luke Kornet,SAS,reb,OVER,2.5,-110,0.5238095238095238,0.5485417780331864,0.6886912186339411,0.024732254223662542,0.04721612169971945,betmgm,BetMGM,2026-05-31T00:10:00Z,Oklahoma City Thunder,San Antonio Spurs,,,False
2026-05-30,2026-05-30T13:09:03.857490+00:00,4395630,Devin Vassell,SAS,reb,OVER,5.5,190,0.3448275862068966,0.3608822762817059,0.4518588533722918,0.016054690074809308,0.04655860121694699,bovada,Bovada,2026-05-31T00:10:00Z,Oklahoma City Thunder,San Antonio Spurs,,,False
2026-05-30,2026-05-30T13:09:03.857490+00:00,4066259,De'Aaron Fox,SAS,reb,OVER,3.5,-160,0.6153846153846154,0.6437646202289345,0.8045846476800763,0.02838000484431913,0.046117507872018626,bovada,Bovada,2026-05-31T00:10:00Z,Oklahoma City Thunder,San Antonio Spurs,,,False
2026-05-30,2026-05-30T13:09:03.857490+00:00,4066259,De'Aaron Fox,SAS,reb,OVER,3.5,-162,0.6183206106870229,0.646260216235981,0.8045846476800763,0.027939605548958024,0.045186275640907436,draftkings,DraftKings,2026-05-31T00:10:00Z,Oklahoma City Thunder,San Antonio Spurs,,,False
2026-05-30,2026-05-30T13:09:03.857490+00:00,4066259,De'Aaron Fox,SAS,reb,OVER,3.5,-162,0.6183206106870229,0.646260216235981,0.8045846476800763,0.027939605548958024,0.045186275640907436,fanduel,FanDuel,2026-05-31T00:10:00Z,Oklahoma City Thunder,San Antonio Spurs,,,False
2026-05-30,2026-05-30T13:09:03.857490+00:00,4066259,De'Aaron Fox,SAS,reb,OVER,3.5,-162,0.6183206106870229,0.646260216235981,0.8045846476800763,0.027939605548958024,0.045186275640907436,williamhill_us,Caesars,2026-05-31T00:10:00Z,Oklahoma City Thunder,San Antonio Spurs,,,False
2026-05-30,2026-05-30T13:09:03.857490+00:00,4592479,Julian Champagnie,SAS,reb,OVER,5.5,105,0.4878048780487805,0.5097120151943981,0.6338524590195644,0.02190713714561765,0.044909631148516205,bovada,Bovada,2026-05-31T00:10:00Z,Oklahoma City Thunder,San Antonio Spurs,,,False
2026-05-30,2026-05-30T13:09:03.857490+00:00,4592479,Julian Champagnie,SAS,reb,OVER,5.5,104,0.49019607843137253,0.5117445355196013,0.6338524590195644,0.02154845708822878,0.04395885245998665,draftkings,DraftKings,2026-05-31T00:10:00Z,Oklahoma City Thunder,San Antonio Spurs,,,False
2026-05-30,2026-05-30T13:09:03.857490+00:00,4592479,Julian Champagnie,SAS,reb,OVER,5.5,102,0.49504950495049505,0.5158699480608555,0.6338524590195644,0.020820443110360465,0.0420572950829281,fanduel,FanDuel,2026-05-31T00:10:00Z,Oklahoma City Thunder,San Antonio Spurs,,,False
2026-05-30,2026-05-30T13:09:03.857490+00:00,4683692,Cason Wallace,OKC,reb,OVER,3.5,-113,0.5305164319248826,0.5525451630498027,0.6773746394243497,0.022028731124920098,0.04152318344785827,williamhill_us,Caesars,2026-05-31T00:10:00Z,Oklahoma City Thunder,San Antonio Spurs,,,False
2026-05-30,2026-05-30T13:09:03.857490+00:00,4432823,Jaylin Williams,OKC,reb,OVER,4.5,100,0.5,0.5203826662202145,0.6358844414680962,0.02038266622021445,0.0407653324404289,betmgm,BetMGM,2026-05-31T00:10:00Z,Oklahoma City Thunder,San Antonio Spurs,,,False
2026-05-30,2026-05-30T13:09:03.857490+00:00,4432823,Jaylin Williams,OKC,reb,OVER,4.5,100,0.5,0.5203826662202145,0.6358844414680962,0.02038266622021445,0.0407653324404289,bovada,Bovada,2026-05-31T00:10:00Z,Oklahoma City Thunder,San Antonio Spurs,,,False
2026-05-30,2026-05-30T13:09:03.857490+00:00,4397020,Luguentz Dort,OKC,reb,OVER,1.5,-250,0.7142857142857143,0.7431140040864475,0.9064743129572685,0.028828289800733153,0.040359605721026426,bovada,Bovada,2026-05-31T00:10:00Z,Oklahoma City Thunder,San Antonio Spurs,,,False
2026-05-30,2026-05-30T13:09:03.857490+00:00,4592479,Julian Champagnie,SAS,reb,OVER,5.5,100,0.5,0.5200778688529346,0.6338524590195644,0.02007786885293461,0.04015573770586922,williamhill_us,Caesars,2026-05-31T00:10:00Z,Oklahoma City Thunder,San Antonio Spurs,,,False
2026-05-30,2026-05-30T13:09:03.857490+00:00,4683692,Cason Wallace,OKC,reb,OVER,3.5,-115,0.5348837209302325,0.5562573587043501,0.6773746394243497,0.021373637774117604,0.03995940975161105,bovada,Bovada,2026-05-31T00:10:00Z,Oklahoma City Thunder,San Antonio Spurs,,,False
2026-05-30,2026-05-30T13:09:03.857490+00:00,4683692,Cason Wallace,OKC,reb,OVER,3.5,-117,0.5391705069124424,0.5599011267892285,0.6773746394243497,0.02073061987678615,0.038449098403953774,draftkings,DraftKings,2026-05-31T00:10:00Z,Oklahoma City Thunder,San Antonio Spurs,,,False
2026-05-30,2026-05-30T13:09:03.857490+00:00,4395630,Devin Vassell,SAS,reb,OVER,4.5,100,0.5,0.5186747878621567,0.6244985857477112,0.018674787862156705,0.03734957572431341,bovada,Bovada,2026-05-31T00:10:00Z,Oklahoma City Thunder,San Antonio Spurs,,,False
2026-05-30,2026-05-30T13:09:03.857490+00:00,4278073,Shai Gilgeous-Alexander,OKC,reb,OVER,4.5,155,0.39215686274509803,0.40652050820641594,0.48791449915388396,0.014363645461317909,0.036627295926360715,bovada,Bovada,2026-05-31T00:10:00Z,Oklahoma City Thunder,San Antonio Spurs,,,False
2026-05-30,2026-05-30T13:09:03.857490+00:00,4395630,Devin Vassell,SAS,reb,OVER,4.5,-101,0.5024875621890548,0.5207892157228532,0.6244985857477112,0.018301653533798423,0.03642210257716327,draftkings,DraftKings,2026-05-31T00:10:00Z,Oklahoma City Thunder,San Antonio Spurs,,,False
2026-05-30,2026-05-30T13:09:03.857490+00:00,4683692,Cason Wallace,OKC,reb,OVER,3.5,-120,0.5454545454545454,0.565242559550016,0.6773746394243497,0.019788014095470596,0.03627802584169604,betmgm,BetMGM,2026-05-31T00:10:00Z,Oklahoma City Thunder,San Antonio Spurs,,,False
2026-05-30,2026-05-30T13:09:03.857490+00:00,4845367,Stephon Castle,SAS,reb,OVER,5.5,120,0.45454545454545453,0.47078471313847503,0.5628071784989246,0.0162392585930205,0.03572636890464509,fanatics,Fanatics,2026-05-31T00:10:00Z,Oklahoma City Thunder,San Antonio Spurs,,,False
2026-05-30,2026-05-30T13:09:03.857490+00:00,4845367,Stephon Castle,SAS,reb,OVER,5.5,120,0.45454545454545453,0.47078471313847503,0.5628071784989246,0.0162392585930205,0.03572636890464509,betrivers,BetRivers,2026-05-31T00:10:00Z,Oklahoma City Thunder,San Antonio Spurs,,,False
2026-05-30,2026-05-30T13:09:03.857490+00:00,4395630,Devin Vassell,SAS,reb,OVER,4.5,-102,0.504950495049505,0.5228827086542359,0.6244985857477112,0.017932213604730962,0.03551281517799665,fanduel,FanDuel,2026-05-31T00:10:00Z,Oklahoma City Thunder,San Antonio Spurs,,,False
2026-05-30,2026-05-30T13:09:03.857490+00:00,4395630,Devin Vassell,SAS,reb,OVER,4.5,-103,0.5073891625615764,0.5249555760394966,0.6244985857477112,0.017566413477920206,0.03462118384483315,betrivers,BetRivers,2026-05-31T00:10:00Z,Oklahoma City Thunder,San Antonio Spurs,,,False
2026-05-30,2026-05-30T13:09:03.857490+00:00,4395630,Devin Vassell,SAS,reb,OVER,4.5,-105,0.5121951219512195,0.5290406415206933,0.6244985857477112,0.016845519569473777,0.03288887154040121,williamhill_us,Caesars,2026-05-31T00:10:00Z,Oklahoma City Thunder,San Antonio Spurs,,,False
2026-05-30,2026-05-30T13:09:03.857490+00:00,4845367,Stephon Castle,SAS,reb,OVER,5.5,116,0.46296296296296297,0.4779395952933572,0.5628071784989246,0.014976632330394257,0.03234952583365147,draftkings,DraftKings,2026-05-31T00:10:00Z,Oklahoma City Thunder,San Antonio Spurs,,,False
2026-05-30,2026-05-30T13:09:03.857490+00:00,4845367,Stephon Castle,SAS,reb,OVER,5.5,115,0.46511627906976744,0.479769913984141,0.5628071784989246,0.014653634914373548,0.03150531506590304,bovada,Bovada,2026-05-31T00:10:00Z,Oklahoma City Thunder,San Antonio Spurs,,,False
2026-05-30,2026-05-30T13:09:03.857490+00:00,4433255,Chet Holmgren,OKC,reb,UNDER,8.5,-125,0.5555555555555556,0.5729936139051296,0.6718092778860489,0.017438058349574015,0.03138850502923329,betmgm,BetMGM,2026-05-31T00:10:00Z,Oklahoma City Thunder,San Antonio Spurs,,,False
2026-05-30,2026-05-30T13:09:03.857490+00:00,4278073,Shai Gilgeous-Alexander,OKC,reb,OVER,3.5,-125,0.5555555555555556,0.5728959933089968,0.6711584739118304,0.017340437753441185,0.0312127879561942,fanduel,FanDuel,2026-05-31T00:10:00Z,Oklahoma City Thunder,San Antonio Spurs,,,False
2026-05-30,2026-05-30T13:09:03.857490+00:00,3064560,Luke Kornet,SAS,reb,OVER,1.5,-250,0.7142857142857143,0.7356976235011982,0.8570317757222736,0.02141190921548386,0.029976672901677437,bovada,Bovada,2026-05-31T00:10:00Z,Oklahoma City Thunder,San Antonio Spurs,,,False
2026-05-30,2026-05-30T13:09:03.857490+00:00,4592479,Julian Champagnie,SAS,reb,OVER,5.5,-112,0.5283018867924528,0.5441344726265196,0.6338524590195644,0.01583258583406677,0.029968823185912097,betrivers,BetRivers,2026-05-31T00:10:00Z,Oklahoma City Thunder,San Antonio Spurs,,,False
2026-05-30,2026-05-30T13:09:03.857490+00:00,4845367,Stephon Castle,SAS,reb,OVER,6.5,205,0.32786885245901637,0.337638846488394,0.3930021459882004,0.009769994029377616,0.02979848178960154,bovada,Bovada,2026-05-31T00:10:00Z,Oklahoma City Thunder,San Antonio Spurs,,,False
2026-05-30,2026-05-30T13:09:03.857490+00:00,4845367,Stephon Castle,SAS,reb,OVER,5.5,112,0.4716981132075472,0.4853644730012538,0.5628071784989246,0.013666359793706617,0.028972682762658186,williamhill_us,Caesars,2026-05-31T00:10:00Z,Oklahoma City Thunder,San Antonio Spurs,,,False
2026-05-30,2026-05-30T13:09:03.857490+00:00,4278073,Shai Gilgeous-Alexander,OKC,reb,OVER,3.5,-130,0.5652173913043478,0.5811085536954702,0.6711584739118304,0.015891162391122426,0.028115133461216524,williamhill_us,Caesars,2026-05-31T00:10:00Z,Oklahoma City Thunder,San Antonio Spurs,,,False
2026-05-30,2026-05-30T13:09:03.857490+00:00,4278073,Shai Gilgeous-Alexander,OKC,reb,OVER,3.5,-130,0.5652173913043478,0.5811085536954702,0.6711584739118304,0.015891162391122426,0.028115133461216524,bovada,Bovada,2026-05-31T00:10:00Z,Oklahoma City Thunder,San Antonio Spurs,,,False
2026-05-30,2026-05-30T13:09:03.857490+00:00,4592479,Julian Champagnie,SAS,reb,OVER,4.5,-185,0.6491228070175439,0.6672155011758042,0.7697407680726129,0.018092694158260314,0.02787252883840108,bovada,Bovada,2026-05-31T00:10:00Z,Oklahoma City Thunder,San Antonio Spurs,,,False
2026-05-30,2026-05-30T13:09:03.857490+00:00,4592479,Julian Champagnie,SAS,reb,OVER,5.5,-115,0.5348837209302325,0.5497290316436323,0.6338524590195644,0.014845310713399784,0.0277542765511386,betmgm,BetMGM,2026-05-31T00:10:00Z,Oklahoma City Thunder,San Antonio Spurs,,,False
2026-05-30,2026-05-30T13:09:03.857490+00:00,4278073,Shai Gilgeous-Alexander,OKC,reb,OVER,3.5,-131,0.5670995670995671,0.5827084031214066,0.6711584739118304,0.01560883602183949,0.02752397802324369,draftkings,DraftKings,2026-05-31T00:10:00Z,Oklahoma City Thunder,San Antonio Spurs,,,False
2026-05-30,2026-05-30T13:09:03.857490+00:00,4845367,Stephon Castle,SAS,reb,OVER,5.5,110,0.47619047619047616,0.48918298153674344,0.5628071784989246,0.01299250534626728,0.02728426122716132,fanduel,FanDuel,2026-05-31T00:10:00Z,Oklahoma City Thunder,San Antonio Spurs,,,False
2026-05-30,2026-05-30T13:09:03.857490+00:00,4395723,Keldon Johnson,SAS,reb,OVER,3.5,145,0.40816326530612246,0.4187273744729512,0.4785906597516474,0.010564109166828761,0.02588206745873045,bovada,Bovada,2026-05-31T00:10:00Z,Oklahoma City Thunder,San Antonio Spurs,,,False
2026-05-30,2026-05-30T13:09:03.857490+00:00,4433255,Chet Holmgren,OKC,reb,UNDER,6.5,200,0.3333333333333333,0.341469229460333,0.3875726408466643,0.008135896126999664,0.024407688380998938,bovada,Bovada,2026-05-31T00:10:00Z,Oklahoma City Thunder,San Antonio Spurs,,,False
2026-05-30,2026-05-30T13:09:03.857490+00:00,4433255,Chet Holmgren,OKC,reb,UNDER,8.5,-137,0.5780590717299579,0.5921216026533715,0.6718092778860489,0.014062530923413696,0.024327152035394595,betrivers,BetRivers,2026-05-31T00:10:00Z,Oklahoma City Thunder,San Antonio Spurs,,,False
2026-05-30,2026-05-30T13:09:03.857490+00:00,4433255,Chet Holmgren,OKC,reb,UNDER,8.5,-137,0.5780590717299579,0.5921216026533715,0.6718092778860489,0.014062530923413696,0.024327152035394595,williamhill_us,Caesars,2026-05-31T00:10:00Z,Oklahoma City Thunder,San Antonio Spurs,,,False
2026-05-30,2026-05-30T13:09:03.857490+00:00,4845367,Stephon Castle,SAS,reb,OVER,4.5,-165,0.6226415094339622,0.6374894311428069,0.721627654159593,0.014847921708844636,0.02384666213844744,bovada,Bovada,2026-05-31T00:10:00Z,Oklahoma City Thunder,San Antonio Spurs,,,False
2026-05-30,2026-05-30T13:09:03.857490+00:00,4278073,Shai Gilgeous-Alexander,OKC,reb,OVER,3.5,-139,0.5815899581589958,0.595025235521921,0.6711584739118304,0.013435277362925158,0.023100944530497214,betrivers,BetRivers,2026-05-31T00:10:00Z,Oklahoma City Thunder,San Antonio Spurs,,,False
2026-05-30,2026-05-30T13:09:03.857490+00:00,4845367,Stephon Castle,SAS,reb,OVER,5.5,105,0.4878048780487805,0.49905522311630207,0.5628071784989246,0.011250345067521594,0.02306320738841927,betmgm,BetMGM,2026-05-31T00:10:00Z,Oklahoma City Thunder,San Antonio Spurs,,,False
2026-05-30,2026-05-30T13:09:03.857490+00:00,4432823,Jaylin Williams,OKC,reb,OVER,3.5,-210,0.6774193548387096,0.6929959357435095,0.781263227537375,0.015576580904799853,0.02299400038327587,bovada,Bovada,2026-05-31T00:10:00Z,Oklahoma City Thunder,San Antonio Spurs,,,False
2026-05-30,2026-05-30T13:09:03.857490+00:00,4433255,Chet Holmgren,OKC,reb,UNDER,8.5,-141,0.5850622406639004,0.5980742962472227,0.6718092778860489,0.013012055583322302,0.022240463798444576,draftkings,DraftKings,2026-05-31T00:10:00Z,Oklahoma City Thunder,San Antonio Spurs,,,False
2026-05-30,2026-05-30T13:09:03.857490+00:00,4395630,Devin Vassell,SAS,reb,OVER,4.5,-120,0.5454545454545454,0.5573111514985203,0.6244985857477112,0.011856606043974871,0.02173711108062054,betmgm,BetMGM,2026-05-31T00:10:00Z,Oklahoma City Thunder,San Antonio Spurs,,,False
2026-05-30,2026-05-30T13:09:03.857490+00:00,4395723,Keldon Johnson,SAS,reb,OVER,2.5,-156,0.609375,0.6226076535359966,0.6975926902399768,0.013232653535996564,0.021715123751379017,draftkings,DraftKings,2026-05-31T00:10:00Z,Oklahoma City Thunder,San Antonio Spurs,,,False
2026-05-30,2026-05-30T13:09:03.857490+00:00,4395630,Devin Vassell,SAS,reb,OVER,3.5,-210,0.6774193548387096,0.6920648186606375,0.775055780318229,0.014645463821927884,0.021619494213322044,bovada,Bovada,2026-05-31T00:10:00Z,Oklahoma City Thunder,San Antonio Spurs,,,False
2026-05-30,2026-05-30T13:09:03.857490+00:00,4433255,Chet Holmgren,OKC,reb,UNDER,7.5,115,0.46511627906976744,0.4751090776042,0.5317349359659848,0.009992798534432579,0.021484516849029967,bovada,Bovada,2026-05-31T00:10:00Z,Oklahoma City Thunder,San Antonio Spurs,,,False
2026-05-30,2026-05-30T13:09:03.857490+00:00,4433255,Chet Holmgren,OKC,reb,UNDER,8.5,-144,0.5901639344262295,0.6024107359452024,0.6718092778860489,0.01224680151897295,0.02075152479603748,fanduel,FanDuel,2026-05-31T00:10:00Z,Oklahoma City Thunder,San Antonio Spurs,,,False
2026-05-30,2026-05-30T13:09:03.857490+00:00,4433255,Chet Holmgren,OKC,reb,UNDER,8.5,-145,0.5918367346938775,0.6038326161727032,0.6718092778860489,0.011995881478825687,0.020268903188360665,bovada,Bovada,2026-05-31T00:10:00Z,Oklahoma City Thunder,San Antonio Spurs,,,False
2026-05-30,2026-05-30T13:09:03.857490+00:00,4395723,Keldon Johnson,SAS,reb,OVER,2.5,-160,0.6153846153846154,0.6277158266129196,0.6975926902399768,0.012331211228304162,0.020038218245994333,bovada,Bovada,2026-05-31T00:10:00Z,Oklahoma City Thunder,San Antonio Spurs,,,False
2026-05-30,2026-05-30T13:09:03.857490+00:00,4683692,Cason Wallace,OKC,reb,OVER,2.5,-275,0.7333333333333333,0.7472123799927388,0.8258603110627034,0.013879046659405536,0.01892597271737112,bovada,Bovada,2026-05-31T00:10:00Z,Oklahoma City Thunder,San Antonio Spurs,,,False
2026-05-30,2026-05-30T13:09:03.857490+00:00,4395723,Keldon Johnson,SAS,reb,OVER,3.5,135,0.425531914893617,0.4334907266223216,0.4785906597516474,0.007958811728704551,0.018703207562455693,betmgm,BetMGM,2026-05-31T00:10:00Z,Oklahoma City Thunder,San Antonio Spurs,,,False
2026-05-30,2026-05-30T13:09:03.857490+00:00,4433255,Chet Holmgren,OKC,reb,UNDER,9.5,-245,0.7101449275362319,0.7222861890670812,0.7910866710752272,0.012141261530849268,0.01709687848221636,bovada,Bovada,2026-05-31T00:10:00Z,Oklahoma City Thunder,San Antonio Spurs,,,False
2026-05-30,2026-05-30T13:09:03.857490+00:00,4278073,Shai Gilgeous-Alexander,OKC,reb,OVER,3.5,-155,0.6078431372549019,0.6173404377534412,0.6711584739118304,0.009497300498539252,0.015624591142758049,betmgm,BetMGM,2026-05-31T00:10:00Z,Oklahoma City Thunder,San Antonio Spurs,,,False
2026-05-30,2026-05-30T13:09:03.857490+00:00,4222252,Isaiah Hartenstein,OKC,reb,UNDER,8.5,-140,0.5833333333333334,0.5880079803965783,0.6144976470882999,0.004674647063244941,0.008013680679848534,betmgm,BetMGM,2026-05-31T00:10:00Z,Oklahoma City Thunder,San Antonio Spurs,,,False
2026-05-30,2026-05-30T13:09:03.857490+00:00,4222252,Isaiah Hartenstein,OKC,reb,UNDER,9.5,-275,0.7333333333333333,0.7352961156520108,0.7464185487911832,0.001962782318677525,0.002676521343651095,bovada,Bovada,2026-05-31T00:10:00Z,Oklahoma City Thunder,San Antonio Spurs,,,False
2026-05-30,2026-05-30T13:09:03.857490+00:00,2991350,Alex Caruso,OKC,reb,OVER,3.5,110,0.47619047619047616,0.47629086889829664,0.4768597609092793,0.0001003927078204736,0.00021082468642297236,fanduel,FanDuel,2026-05-31T00:10:00Z,Oklahoma City Thunder,San Antonio Spurs,,,False
2026-05-30,2026-05-30T13:09:03.857490+00:00,4683692,Cason Wallace,OKC,stl,UNDER,1.5,132,0.43103448275862066,0.6776789051665182,0.6776789051665182,0.24664442240789752,0.5722150599863223,fanduel,FanDuel,2026-05-31T00:10:00Z,Oklahoma City Thunder,San Antonio Spurs,,,False
2026-05-30,2026-05-30T13:09:03.857490+00:00,4683692,Cason Wallace,OKC,stl,UNDER,1.5,130,0.43478260869565216,0.6776789051665182,0.6776789051665182,0.24289629647086602,0.5586614818829918,bovada,Bovada,2026-05-31T00:10:00Z,Oklahoma City Thunder,San Antonio Spurs,,,False
2026-05-30,2026-05-30T13:09:03.857490+00:00,4683692,Cason Wallace,OKC,stl,UNDER,1.5,128,0.43859649122807015,0.6776789051665182,0.6776789051665182,0.23908241393844804,0.5451079037796615,draftkings,DraftKings,2026-05-31T00:10:00Z,Oklahoma City Thunder,San Antonio Spurs,,,False
2026-05-30,2026-05-30T13:09:03.857490+00:00,2991350,Alex Caruso,OKC,stl,UNDER,1.5,-104,0.5098039215686274,0.7379150812576829,0.7379150812576829,0.2281111596890555,0.4474488132362242,draftkings,DraftKings,2026-05-31T00:10:00Z,Oklahoma City Thunder,San Antonio Spurs,,,False
2026-05-30,2026-05-30T13:09:03.857490+00:00,2991350,Alex Caruso,OKC,stl,UNDER,1.5,-105,0.5121951219512195,0.7379150812576829,0.7379150812576829,0.22571995930646338,0.4406913491221428,bovada,Bovada,2026-05-31T00:10:00Z,Oklahoma City Thunder,San Antonio Spurs,,,False
2026-05-30,2026-05-30T13:09:03.857490+00:00,5104157,Victor Wembanyama,SAS,stl,UNDER,1.5,-200,0.6666666666666666,0.8693103089548134,0.8693103089548134,0.2026436422881468,0.30396546343222014,fanduel,FanDuel,2026-05-31T00:10:00Z,Oklahoma City Thunder,San Antonio Spurs,,,False
2026-05-30,2026-05-30T13:09:03.857490+00:00,2991350,Alex Caruso,OKC,stl,UNDER,1.5,-132,0.5689655172413793,0.7379150812576829,0.7379150812576829,0.16894956401630357,0.2969416579680487,fanduel,FanDuel,2026-05-31T00:10:00Z,Oklahoma City Thunder,San Antonio Spurs,,,False
2026-05-30,2026-05-30T13:09:03.857490+00:00,4066259,De'Aaron Fox,SAS,stl,UNDER,1.5,-220,0.6875,0.8894881119071089,0.8894881119071089,0.20198811190710886,0.2938008900467038,bovada,Bovada,2026-05-31T00:10:00Z,Oklahoma City Thunder,San Antonio Spurs,,,False
2026-05-30,2026-05-30T13:09:03.857490+00:00,4066259,De'Aaron Fox,SAS,stl,UNDER,1.5,-222,0.6894409937888198,0.8894881119071089,0.8894881119071089,0.200047118118289,0.2901584325859867,draftkings,DraftKings,2026-05-31T00:10:00Z,Oklahoma City Thunder,San Antonio Spurs,,,False
2026-05-30,2026-05-30T13:09:03.857490+00:00,5104157,Victor Wembanyama,SAS,stl,UNDER,1.5,-209,0.6763754045307443,0.8693103089548134,0.8693103089548134,0.19293490442406913,0.2852482558231452,draftkings,DraftKings,2026-05-31T00:10:00Z,Oklahoma City Thunder,San Antonio Spurs,,,False
2026-05-30,2026-05-30T13:09:03.857490+00:00,5104157,Victor Wembanyama,SAS,stl,UNDER,1.5,-210,0.6774193548387096,0.8693103089548134,0.8693103089548134,0.1918909541161038,0.283267598933296,bovada,Bovada,2026-05-31T00:10:00Z,Oklahoma City Thunder,San Antonio Spurs,,,False
2026-05-30,2026-05-30T13:09:03.857490+00:00,4683692,Cason Wallace,OKC,stl,UNDER,2.5,-260,0.7222222222222222,0.9266039592655013,0.9266039592655013,0.2043817370432791,0.2829900974445403,bovada,Bovada,2026-05-31T00:10:00Z,Oklahoma City Thunder,San Antonio Spurs,,,False
2026-05-30,2026-05-30T13:09:03.857490+00:00,4066259,De'Aaron Fox,SAS,stl,UNDER,0.5,178,0.3597122302158273,0.461045881196658,0.461045881196658,0.10133365098083069,0.2817075497267093,fanduel,FanDuel,2026-05-31T00:10:00Z,Oklahoma City Thunder,San Antonio Spurs,,,False
2026-05-30,2026-05-30T13:09:03.857490+00:00,4278073,Shai Gilgeous-Alexander,OKC,stl,UNDER,1.5,-145,0.5918367346938775,0.7568680635346321,0.7568680635346321,0.16503132884075455,0.27884603838610256,bovada,Bovada,2026-05-31T00:10:00Z,Oklahoma City Thunder,San Antonio Spurs,,,False
2026-05-30,2026-05-30T13:09:03.857490+00:00,4278073,Shai Gilgeous-Alexander,OKC,stl,UNDER,1.5,-148,0.5967741935483871,0.7568680635346321,0.7568680635346321,0.16009386998624497,0.2682654037607348,draftkings,DraftKings,2026-05-31T00:10:00Z,Oklahoma City Thunder,San Antonio Spurs,,,False
2026-05-30,2026-05-30T13:09:03.857490+00:00,4395630,Devin Vassell,SAS,stl,UNDER,1.5,-220,0.6875,0.8574527505803534,0.8574527505803534,0.16995275058035342,0.2472040008441504,fanduel,FanDuel,2026-05-31T00:10:00Z,Oklahoma City Thunder,San Antonio Spurs,,,False
2026-05-30,2026-05-30T13:09:03.857490+00:00,4845367,Stephon Castle,SAS,stl,UNDER,1.5,-230,0.696969696969697,0.8631474790034741,0.8631474790034741,0.1661777820337771,0.23842899161368025,bovada,Bovada,2026-05-31T00:10:00Z,Oklahoma City Thunder,San Antonio Spurs,,,False
2026-05-30,2026-05-30T13:09:03.857490+00:00,4845367,Stephon Castle,SAS,stl,UNDER,1.5,-234,0.7005988023952096,0.8631474790034741,0.8631474790034741,0.16254867660826455,0.23201392302205276,draftkings,DraftKings,2026-05-31T00:10:00Z,Oklahoma City Thunder,San Antonio Spurs,,,False
2026-05-30,2026-05-30T13:09:03.857490+00:00,4395630,Devin Vassell,SAS,stl,UNDER,1.5,-240,0.7058823529411765,0.8574527505803534,0.8574527505803534,0.1515703976391769,0.21472472998883402,draftkings,DraftKings,2026-05-31T00:10:00Z,Oklahoma City Thunder,San Antonio Spurs,,,False
2026-05-30,2026-05-30T13:09:03.857490+00:00,4395630,Devin Vassell,SAS,stl,UNDER,1.5,-240,0.7058823529411765,0.8574527505803534,0.8574527505803534,0.1515703976391769,0.21472472998883402,bovada,Bovada,2026-05-31T00:10:00Z,Oklahoma City Thunder,San Antonio Spurs,,,False
2026-05-30,2026-05-30T13:09:03.857490+00:00,4278073,Shai Gilgeous-Alexander,OKC,stl,UNDER,1.5,-168,0.6268656716417911,0.7568680635346321,0.7568680635346321,0.13000239189284102,0.20738476801953215,fanduel,FanDuel,2026-05-31T00:10:00Z,Oklahoma City Thunder,San Antonio Spurs,,,False
2026-05-30,2026-05-30T13:09:03.857490+00:00,5037871,Dylan Harper,SAS,stl,UNDER,0.5,164,0.3787878787878788,0.45435884849686425,0.45435884849686425,0.07557096970898547,0.19950736003172154,fanduel,FanDuel,2026-05-31T00:10:00Z,Oklahoma City Thunder,San Antonio Spurs,,,False
2026-05-30,2026-05-30T13:09:03.857490+00:00,4845367,Stephon Castle,SAS,stl,UNDER,1.5,-270,0.7297297297297297,0.8631474790034741,0.8631474790034741,0.1334177492737444,0.1828317304862423,fanduel,FanDuel,2026-05-31T00:10:00Z,Oklahoma City Thunder,San Antonio Spurs,,,False
2026-05-30,2026-05-30T13:09:03.857490+00:00,5037871,Dylan Harper,SAS,stl,UNDER,0.5,160,0.38461538461538464,0.45435884849686425,0.45435884849686425,0.06974346388147962,0.1813330060918471,draftkings,DraftKings,2026-05-31T00:10:00Z,Oklahoma City Thunder,San Antonio Spurs,,,False
2026-05-30,2026-05-30T13:09:03.857490+00:00,5037871,Dylan Harper,SAS,stl,UNDER,0.5,160,0.38461538461538464,0.45435884849686425,0.45435884849686425,0.06974346388147962,0.1813330060918471,bovada,Bovada,2026-05-31T00:10:00Z,Oklahoma City Thunder,San Antonio Spurs,,,False
2026-05-30,2026-05-30T13:09:03.857490+00:00,4433255,Chet Holmgren,OKC,stl,UNDER,0.5,122,0.45045045045045046,0.5160318868663669,0.5160318868663669,0.06558143641591646,0.14559078884333454,draftkings,DraftKings,2026-05-31T00:10:00Z,Oklahoma City Thunder,San Antonio Spurs,,,False
2026-05-30,2026-05-30T13:09:03.857490+00:00,4433255,Chet Holmgren,OKC,stl,UNDER,0.5,120,0.45454545454545453,0.5160318868663669,0.5160318868663669,0.06148643232091239,0.13527015110600715,bovada,Bovada,2026-05-31T00:10:00Z,Oklahoma City Thunder,San Antonio Spurs,,,False
2026-05-30,2026-05-30T13:09:03.857490+00:00,4397020,Luguentz Dort,OKC,stl,UNDER,0.5,105,0.4878048780487805,0.5533819933617663,0.5533819933617663,0.06557711531298582,0.134433086391621,bovada,Bovada,2026-05-31T00:10:00Z,Oklahoma City Thunder,San Antonio Spurs,,,False
2026-05-30,2026-05-30T13:09:03.857490+00:00,4397020,Luguentz Dort,OKC,stl,UNDER,0.5,102,0.49504950495049505,0.5533819933617663,0.5533819933617663,0.058332488411271255,0.11783162659076796,draftkings,DraftKings,2026-05-31T00:10:00Z,Oklahoma City Thunder,San Antonio Spurs,,,False
2026-05-30,2026-05-30T13:09:03.857490+00:00,4222252,Isaiah Hartenstein,OKC,stl,UNDER,0.5,125,0.4444444444444444,0.49126364971376546,0.49126364971376546,0.04681920526932104,0.10534321185597229,draftkings,DraftKings,2026-05-31T00:10:00Z,Oklahoma City Thunder,San Antonio Spurs,,,False
2026-05-30,2026-05-30T13:09:03.857490+00:00,4395723,Keldon Johnson,SAS,stl,OVER,0.5,150,0.4,0.4202579968955008,0.4202579968955008,0.020257996895500785,0.05064499223875207,bovada,Bovada,2026-05-31T00:10:00Z,Oklahoma City Thunder,San Antonio Spurs,,,False
2026-05-30,2026-05-30T13:09:03.857490+00:00,4395723,Keldon Johnson,SAS,stl,OVER,0.5,147,0.4048582995951417,0.4202579968955008,0.4202579968955008,0.015399697300359116,0.03803725233188693,draftkings,DraftKings,2026-05-31T00:10:00Z,Oklahoma City Thunder,San Antonio Spurs,,,False
2026-05-30,2026-05-30T13:09:03.857490+00:00,4592479,Julian Champagnie,SAS,stl,UNDER,0.5,145,0.40816326530612246,0.4224934231648554,0.4224934231648554,0.014330157858732928,0.035108886753895674,bovada,Bovada,2026-05-31T00:10:00Z,Oklahoma City Thunder,San Antonio Spurs,,,False
2026-05-30,2026-05-30T13:09:03.857490+00:00,4592479,Julian Champagnie,SAS,stl,UNDER,0.5,143,0.411522633744856,0.4224934231648554,0.4224934231648554,0.010970789419999405,0.02665901829059858,draftkings,DraftKings,2026-05-31T00:10:00Z,Oklahoma City Thunder,San Antonio Spurs,,,False
2026-05-30,2026-05-30T13:09:03.857490+00:00,3133626,Kenrich Williams,OKC,threes,OVER,0.5,112,0.4716981132075472,0.7150244934436539,0.7150244934436539,0.24332638023610675,0.5158519261005464,fanduel,FanDuel,2026-05-31T00:10:00Z,Oklahoma City Thunder,San Antonio Spurs,,,False
2026-05-30,2026-05-30T13:09:03.857490+00:00,3133626,Kenrich Williams,OKC,threes,OVER,0.5,105,0.4878048780487805,0.7150244934436539,0.7150244934436539,0.22721961539487345,0.4658002115594906,bovada,Bovada,2026-05-31T00:10:00Z,Oklahoma City Thunder,San Antonio Spurs,,,False
2026-05-30,2026-05-30T13:09:03.857490+00:00,3133626,Kenrich Williams,OKC,threes,OVER,0.5,102,0.49504950495049505,0.7150244934436539,0.7150244934436539,0.21997498849315889,0.44434947675618097,draftkings,DraftKings,2026-05-31T00:10:00Z,Oklahoma City Thunder,San Antonio Spurs,,,False
2026-05-30,2026-05-30T13:09:03.857490+00:00,3133626,Kenrich Williams,OKC,threes,OVER,0.5,-115,0.5348837209302325,0.7150244934436539,0.7150244934436539,0.18014077251342142,0.33678492252509207,betmgm,BetMGM,2026-05-31T00:10:00Z,Oklahoma City Thunder,San Antonio Spurs,,,False
2026-05-30,2026-05-30T13:09:03.857490+00:00,4683692,Cason Wallace,OKC,threes,OVER,1.5,-109,0.5215311004784688,0.6720110152210214,0.6720110152210214,0.1504799147425525,0.28853488239627034,williamhill_us,Caesars,2026-05-31T00:10:00Z,Oklahoma City Thunder,San Antonio Spurs,,,False
2026-05-30,2026-05-30T13:09:03.857490+00:00,4432823,Jaylin Williams,OKC,threes,OVER,1.5,155,0.39215686274509803,0.4986561218041268,0.4986561218041268,0.10649925905902874,0.27157311060052325,draftkings,DraftKings,2026-05-31T00:10:00Z,Oklahoma City Thunder,San Antonio Spurs,,,False
2026-05-30,2026-05-30T13:09:03.857490+00:00,4683692,Cason Wallace,OKC,threes,OVER,1.5,-113,0.5305164319248826,0.6720110152210214,0.6720110152210214,0.14149458329613873,0.26671102869095176,draftkings,DraftKings,2026-05-31T00:10:00Z,Oklahoma City Thunder,San Antonio Spurs,,,False
2026-05-30,2026-05-30T13:09:03.857490+00:00,4683692,Cason Wallace,OKC,threes,OVER,1.5,-113,0.5305164319248826,0.6720110152210214,0.6720110152210214,0.14149458329613873,0.26671102869095176,betrivers,BetRivers,2026-05-31T00:10:00Z,Oklahoma City Thunder,San Antonio Spurs,,,False
2026-05-30,2026-05-30T13:09:03.857490+00:00,4683692,Cason Wallace,OKC,threes,OVER,1.5,-115,0.5348837209302325,0.6720110152210214,0.6720110152210214,0.13712729429078885,0.25636841976103997,bovada,Bovada,2026-05-31T00:10:00Z,Oklahoma City Thunder,San Antonio Spurs,,,False
2026-05-30,2026-05-30T13:09:03.857490+00:00,4845367,Stephon Castle,SAS,threes,OVER,1.5,110,0.47619047619047616,0.5957680988758772,0.5957680988758772,0.11957762268540106,0.2511130076393422,fanatics,Fanatics,2026-05-31T00:10:00Z,Oklahoma City Thunder,San Antonio Spurs,,,False
2026-05-30,2026-05-30T13:09:03.857490+00:00,4432823,Jaylin Williams,OKC,threes,OVER,1.5,150,0.4,0.4986561218041268,0.4986561218041268,0.09865612180412675,0.24664030451031693,bovada,Bovada,2026-05-31T00:10:00Z,Oklahoma City Thunder,San Antonio Spurs,,,False
2026-05-30,2026-05-30T13:09:03.857490+00:00,4395723,Keldon Johnson,SAS,threes,OVER,0.5,-140,0.5833333333333334,0.7224792302098813,0.7224792302098813,0.13914589687654788,0.23853582321693934,betmgm,BetMGM,2026-05-31T00:10:00Z,Oklahoma City Thunder,San Antonio Spurs,,,False
2026-05-30,2026-05-30T13:09:03.857490+00:00,4683692,Cason Wallace,OKC,threes,OVER,1.5,-120,0.5454545454545454,0.6720110152210214,0.6720110152210214,0.12655646976647594,0.2320201945718725,betmgm,BetMGM,2026-05-31T00:10:00Z,Oklahoma City Thunder,San Antonio Spurs,,,False
2026-05-30,2026-05-30T13:09:03.857490+00:00,4432823,Jaylin Williams,OKC,threes,OVER,1.5,146,0.4065040650406504,0.4986561218041268,0.4986561218041268,0.09215205676347638,0.2266940596381518,williamhill_us,Caesars,2026-05-31T00:10:00Z,Oklahoma City Thunder,San Antonio Spurs,,,False
2026-05-30,2026-05-30T13:09:03.857490+00:00,4845367,Stephon Castle,SAS,threes,OVER,1.5,105,0.4878048780487805,0.5957680988758772,0.5957680988758772,0.10796322082709675,0.22132460269554832,betmgm,BetMGM,2026-05-31T00:10:00Z,Oklahoma City Thunder,San Antonio Spurs,,,False
2026-05-30,2026-05-30T13:09:03.857490+00:00,4845367,Stephon Castle,SAS,threes,OVER,1.5,105,0.4878048780487805,0.5957680988758772,0.5957680988758772,0.10796322082709675,0.22132460269554832,bovada,Bovada,2026-05-31T00:10:00Z,Oklahoma City Thunder,San Antonio Spurs,,,False
2026-05-30,2026-05-30T13:09:03.857490+00:00,4395723,Keldon Johnson,SAS,threes,OVER,0.5,-145,0.5918367346938775,0.7224792302098813,0.7224792302098813,0.1306424955160037,0.22074076828566147,draftkings,DraftKings,2026-05-31T00:10:00Z,Oklahoma City Thunder,San Antonio Spurs,,,False
2026-05-30,2026-05-30T13:09:03.857490+00:00,4395723,Keldon Johnson,SAS,threes,OVER,0.5,-145,0.5918367346938775,0.7224792302098813,0.7224792302098813,0.1306424955160037,0.22074076828566147,bovada,Bovada,2026-05-31T00:10:00Z,Oklahoma City Thunder,San Antonio Spurs,,,False
2026-05-30,2026-05-30T13:09:03.857490+00:00,4845367,Stephon Castle,SAS,threes,OVER,1.5,103,0.49261083743842365,0.5957680988758772,0.5957680988758772,0.10315726143745357,0.2094092407180308,draftkings,DraftKings,2026-05-31T00:10:00Z,Oklahoma City Thunder,San Antonio Spurs,,,False
2026-05-30,2026-05-30T13:09:03.857490+00:00,5104157,Victor Wembanyama,SAS,threes,OVER,2.5,185,0.3508771929824561,0.42080346512809386,0.42080346512809386,0.06992627214563774,0.1992898756150675,bovada,Bovada,2026-05-31T00:10:00Z,Oklahoma City Thunder,San Antonio Spurs,,,False
2026-05-30,2026-05-30T13:09:03.857490+00:00,4845367,Stephon Castle,SAS,threes,OVER,1.5,101,0.4975124378109453,0.5957680988758772,0.5957680988758772,0.09825566106493194,0.19749387874051327,williamhill_us,Caesars,2026-05-31T00:10:00Z,Oklahoma City Thunder,San Antonio Spurs,,,False
2026-05-30,2026-05-30T13:09:03.857490+00:00,4845367,Stephon Castle,SAS,threes,OVER,1.5,100,0.5,0.5957680988758772,0.5957680988758772,0.09576809887587723,0.19153619775175446,fanduel,FanDuel,2026-05-31T00:10:00Z,Oklahoma City Thunder,San Antonio Spurs,,,False
2026-05-30,2026-05-30T13:09:03.857490+00:00,2991350,Alex Caruso,OKC,threes,OVER,2.5,155,0.39215686274509803,0.4672366467212563,0.4672366467212563,0.07507978397615828,0.1914534491392036,bovada,Bovada,2026-05-31T00:10:00Z,Oklahoma City Thunder,San Antonio Spurs,,,False
2026-05-30,2026-05-30T13:09:03.857490+00:00,4432823,Jaylin Williams,OKC,threes,OVER,1.5,138,0.42016806722689076,0.4986561218041268,0.4986561218041268,0.07848805457723601,0.18680156989382168,fanduel,FanDuel,2026-05-31T00:10:00Z,Oklahoma City Thunder,San Antonio Spurs,,,False
2026-05-30,2026-05-30T13:09:03.857490+00:00,4845367,Stephon Castle,SAS,threes,OVER,1.5,-103,0.5073891625615764,0.5957680988758772,0.5957680988758772,0.08837893631430083,0.17418372885245703,betrivers,BetRivers,2026-05-31T00:10:00Z,Oklahoma City Thunder,San Antonio Spurs,,,False
2026-05-30,2026-05-30T13:09:03.857490+00:00,4432823,Jaylin Williams,OKC,threes,OVER,1.5,135,0.425531914893617,0.4986561218041268,0.4986561218041268,0.07312420691050975,0.17184188623969798,betmgm,BetMGM,2026-05-31T00:10:00Z,Oklahoma City Thunder,San Antonio Spurs,,,False
2026-05-30,2026-05-30T13:09:03.857490+00:00,2991350,Alex Caruso,OKC,threes,OVER,1.5,-165,0.6226415094339622,0.7193226230126424,0.7193226230126424,0.09668111357868014,0.1552757278687893,betmgm,BetMGM,2026-05-31T00:10:00Z,Oklahoma City Thunder,San Antonio Spurs,,,False
2026-05-30,2026-05-30T13:09:03.857490+00:00,5104157,Victor Wembanyama,SAS,threes,OVER,1.5,-150,0.6,0.6876711093798197,0.6876711093798197,0.0876711093798197,0.1461185156330328,betrivers,BetRivers,2026-05-31T00:10:00Z,Oklahoma City Thunder,San Antonio Spurs,,,False
2026-05-30,2026-05-30T13:09:03.857490+00:00,5037871,Dylan Harper,SAS,threes,OVER,0.5,-160,0.6153846153846154,0.7007161733893894,0.7007161733893894,0.08533155800477399,0.1386637817577578,betmgm,BetMGM,2026-05-31T00:10:00Z,Oklahoma City Thunder,San Antonio Spurs,,,False
2026-05-30,2026-05-30T13:09:03.857490+00:00,4592479,Julian Champagnie,SAS,threes,UNDER,1.5,165,0.37735849056603776,0.4292759422329617,0.4292759422329617,0.051917451666923964,0.13758124691734852,bovada,Bovada,2026-05-31T00:10:00Z,Oklahoma City Thunder,San Antonio Spurs,,,False
2026-05-30,2026-05-30T13:09:03.857490+00:00,5104157,Victor Wembanyama,SAS,threes,OVER,1.5,-154,0.6062992125984252,0.6876711093798197,0.6876711093798197,0.08137189678139445,0.13421079079528697,fanduel,FanDuel,2026-05-31T00:10:00Z,Oklahoma City Thunder,San Antonio Spurs,,,False
2026-05-30,2026-05-30T13:09:03.857490+00:00,2991350,Alex Caruso,OKC,threes,OVER,2.5,140,0.4166666666666667,0.4672366467212563,0.4672366467212563,0.050569980054589625,0.12136795213101514,fanduel,FanDuel,2026-05-31T00:10:00Z,Oklahoma City Thunder,San Antonio Spurs,,,False
2026-05-30,2026-05-30T13:09:03.857490+00:00,5104157,Victor Wembanyama,SAS,threes,OVER,1.5,-159,0.6138996138996139,0.6876711093798197,0.6876711093798197,0.07377149548020578,0.12016866244888863,williamhill_us,Caesars,2026-05-31T00:10:00Z,Oklahoma City Thunder,San Antonio Spurs,,,False
2026-05-30,2026-05-30T13:09:03.857490+00:00,4066259,De'Aaron Fox,SAS,threes,UNDER,1.5,-155,0.6078431372549019,0.6793143854495249,0.6793143854495249,0.07147124819462303,0.11758173090083135,betmgm,BetMGM,2026-05-31T00:10:00Z,Oklahoma City Thunder,San Antonio Spurs,,,False
2026-05-30,2026-05-30T13:09:03.857490+00:00,4433255,Chet Holmgren,OKC,threes,UNDER,0.5,164,0.3787878787878788,0.4199941848881237,0.4199941848881237,0.041206306100244894,0.1087846481046465,fanduel,FanDuel,2026-05-31T00:10:00Z,Oklahoma City Thunder,San Antonio Spurs,,,False
2026-05-30,2026-05-30T13:09:03.857490+00:00,4066259,De'Aaron Fox,SAS,threes,UNDER,1.5,-159,0.6138996138996139,0.6793143854495249,0.6793143854495249,0.06541477154991104,0.10655613730457203,williamhill_us,Caesars,2026-05-31T00:10:00Z,Oklahoma City Thunder,San Antonio Spurs,,,False
2026-05-30,2026-05-30T13:09:03.857490+00:00,2991350,Alex Caruso,OKC,threes,OVER,1.5,-186,0.6503496503496503,0.7193226230126424,0.7193226230126424,0.06897297266299207,0.10605521603019202,draftkings,DraftKings,2026-05-31T00:10:00Z,Oklahoma City Thunder,San Antonio Spurs,,,False
2026-05-30,2026-05-30T13:09:03.857490+00:00,4592479,Julian Champagnie,SAS,threes,UNDER,2.5,-179,0.6415770609318996,0.7095886258657753,0.7095886258657753,0.06801156493387572,0.10600685260643189,draftkings,DraftKings,2026-05-31T00:10:00Z,Oklahoma City Thunder,San Antonio Spurs,,,False
2026-05-30,2026-05-30T13:09:03.857490+00:00,5104157,Victor Wembanyama,SAS,threes,OVER,1.5,-165,0.6226415094339622,0.6876711093798197,0.6876711093798197,0.06502959994585744,0.10444147870092252,betmgm,BetMGM,2026-05-31T00:10:00Z,Oklahoma City Thunder,San Antonio Spurs,,,False
2026-05-30,2026-05-30T13:09:03.857490+00:00,5104157,Victor Wembanyama,SAS,threes,OVER,1.5,-165,0.6226415094339622,0.6876711093798197,0.6876711093798197,0.06502959994585744,0.10444147870092252,bovada,Bovada,2026-05-31T00:10:00Z,Oklahoma City Thunder,San Antonio Spurs,,,False
2026-05-30,2026-05-30T13:09:03.857490+00:00,4066259,De'Aaron Fox,SAS,threes,UNDER,1.5,-160,0.6153846153846154,0.6793143854495249,0.6793143854495249,0.06392977006490952,0.10388587635547802,bovada,Bovada,2026-05-31T00:10:00Z,Oklahoma City Thunder,San Antonio Spurs,,,False
2026-05-30,2026-05-30T13:09:03.857490+00:00,4592479,Julian Champagnie,SAS,threes,UNDER,2.5,-180,0.6428571428571429,0.7095886258657753,0.7095886258657753,0.06673148300863241,0.10380452912453941,bovada,Bovada,2026-05-31T00:10:00Z,Oklahoma City Thunder,San Antonio Spurs,,,False
2026-05-30,2026-05-30T13:09:03.857490+00:00,4066259,De'Aaron Fox,SAS,threes,UNDER,1.5,-161,0.6168582375478927,0.6793143854495249,0.6793143854495249,0.06245614790163223,0.10124878634985096,draftkings,DraftKings,2026-05-31T00:10:00Z,Oklahoma City Thunder,San Antonio Spurs,,,False
2026-05-30,2026-05-30T13:09:03.857490+00:00,5104157,Victor Wembanyama,SAS,threes,OVER,1.5,-167,0.6254681647940075,0.6876711093798197,0.6876711093798197,0.062202944585812214,0.0994502167928853,draftkings,DraftKings,2026-05-31T00:10:00Z,Oklahoma City Thunder,San Antonio Spurs,,,False
2026-05-30,2026-05-30T13:09:03.857490+00:00,4066259,De'Aaron Fox,SAS,threes,UNDER,1.5,-162,0.6183206106870229,0.6793143854495249,0.6793143854495249,0.06099377476250201,0.09864425301096008,betrivers,BetRivers,2026-05-31T00:10:00Z,Oklahoma City Thunder,San Antonio Spurs,,,False
2026-05-30,2026-05-30T13:09:03.857490+00:00,2991350,Alex Caruso,OKC,threes,OVER,1.5,-190,0.6551724137931034,0.7193226230126424,0.7193226230126424,0.06415020921953896,0.09791347722982258,williamhill_us,Caesars,2026-05-31T00:10:00Z,Oklahoma City Thunder,San Antonio Spurs,,,False
2026-05-30,2026-05-30T13:09:03.857490+00:00,2991350,Alex Caruso,OKC,threes,OVER,1.5,-190,0.6551724137931034,0.7193226230126424,0.7193226230126424,0.06415020921953896,0.09791347722982258,bovada,Bovada,2026-05-31T00:10:00Z,Oklahoma City Thunder,San Antonio Spurs,,,False
2026-05-30,2026-05-30T13:09:03.857490+00:00,4592479,Julian Champagnie,SAS,threes,UNDER,2.5,-185,0.6491228070175439,0.7095886258657753,0.7095886258657753,0.060465818848231434,0.09315004525268089,betmgm,BetMGM,2026-05-31T00:10:00Z,Oklahoma City Thunder,San Antonio Spurs,,,False
2026-05-30,2026-05-30T13:09:03.857490+00:00,2991350,Alex Caruso,OKC,threes,OVER,1.5,-195,0.6610169491525424,0.7193226230126424,0.7193226230126424,0.058305673860099994,0.08820601942938205,betrivers,BetRivers,2026-05-31T00:10:00Z,Oklahoma City Thunder,San Antonio Spurs,,,False
2026-05-30,2026-05-30T13:09:03.857490+00:00,4433255,Chet Holmgren,OKC,threes,UNDER,0.5,157,0.38910505836575876,0.4199941848881237,0.4199941848881237,0.030889126522364918,0.07938505516247785,draftkings,DraftKings,2026-05-31T00:10:00Z,Oklahoma City Thunder,San Antonio Spurs,,,False
2026-05-30,2026-05-30T13:09:03.857490+00:00,4592479,Julian Champagnie,SAS,threes,UNDER,2.5,-193,0.658703071672355,0.7095886258657753,0.7095886258657753,0.050885554193420335,0.07725112631436354,williamhill_us,Caesars,2026-05-31T00:10:00Z,Oklahoma City Thunder,San Antonio Spurs,,,False
2026-05-30,2026-05-30T13:09:03.857490+00:00,4066259,De'Aaron Fox,SAS,threes,UNDER,1.5,-172,0.6323529411764706,0.6793143854495249,0.6793143854495249,0.046961444273054376,0.07426460954808595,fanduel,FanDuel,2026-05-31T00:10:00Z,Oklahoma City Thunder,San Antonio Spurs,,,False
2026-05-30,2026-05-30T13:09:03.857490+00:00,4592479,Julian Champagnie,SAS,threes,UNDER,2.5,-195,0.6610169491525424,0.7095886258657753,0.7095886258657753,0.048571676713232925,0.07348022887386518,betrivers,BetRivers,2026-05-31T00:10:00Z,Oklahoma City Thunder,San Antonio Spurs,,,False
2026-05-30,2026-05-30T13:09:03.857490+00:00,4433255,Chet Holmgren,OKC,threes,UNDER,0.5,155,0.39215686274509803,0.4199941848881237,0.4199941848881237,0.027837322143025645,0.07098517146471539,bovada,Bovada,2026-05-31T00:10:00Z,Oklahoma City Thunder,San Antonio Spurs,,,False
2026-05-30,2026-05-30T13:09:03.857490+00:00,5037871,Dylan Harper,SAS,threes,OVER,0.5,-190,0.6551724137931034,0.7007161733893894,0.7007161733893894,0.04554375959628598,0.06951415938380484,bovada,Bovada,2026-05-31T00:10:00Z,Oklahoma City Thunder,San Antonio Spurs,,,False
2026-05-30,2026-05-30T13:09:03.857490+00:00,4592479,Julian Champagnie,SAS,threes,UNDER,2.5,-200,0.6666666666666666,0.7095886258657753,0.7095886258657753,0.042921959199108684,0.06438293879866297,fanduel,FanDuel,2026-05-31T00:10:00Z,Oklahoma City Thunder,San Antonio Spurs,,,False
2026-05-30,2026-05-30T13:09:03.857490+00:00,4683778,Jared McCain,OKC,threes,UNDER,2.5,-170,0.6296296296296297,0.6698584463715648,0.6698584463715648,0.040228816741935125,0.06389282659013229,draftkings,DraftKings,2026-05-31T00:10:00Z,Oklahoma City Thunder,San Antonio Spurs,,,False
2026-05-30,2026-05-30T13:09:03.857490+00:00,4683778,Jared McCain,OKC,threes,UNDER,2.5,-170,0.6296296296296297,0.6698584463715648,0.6698584463715648,0.040228816741935125,0.06389282659013229,bovada,Bovada,2026-05-31T00:10:00Z,Oklahoma City Thunder,San Antonio Spurs,,,False
2026-05-30,2026-05-30T13:09:03.857490+00:00,4397020,Luguentz Dort,OKC,threes,UNDER,1.5,-185,0.6491228070175439,0.689346933490783,0.689346933490783,0.04022412647323914,0.06196689753985496,betmgm,BetMGM,2026-05-31T00:10:00Z,Oklahoma City Thunder,San Antonio Spurs,,,False
2026-05-30,2026-05-30T13:09:03.857490+00:00,5037871,Dylan Harper,SAS,threes,OVER,0.5,-195,0.6610169491525424,0.7007161733893894,0.7007161733893894,0.03969922423684702,0.06005780076856343,draftkings,DraftKings,2026-05-31T00:10:00Z,Oklahoma City Thunder,San Antonio Spurs,,,False
2026-05-30,2026-05-30T13:09:03.857490+00:00,4683778,Jared McCain,OKC,threes,UNDER,1.5,175,0.36363636363636365,0.38287784444126105,0.38287784444126105,0.019241480804897404,0.05291407221346789,bovada,Bovada,2026-05-31T00:10:00Z,Oklahoma City Thunder,San Antonio Spurs,,,False
2026-05-30,2026-05-30T13:09:03.857490+00:00,4397020,Luguentz Dort,OKC,threes,UNDER,1.5,-190,0.6551724137931034,0.689346933490783,0.689346933490783,0.034174519697679595,0.05216110901224774,bovada,Bovada,2026-05-31T00:10:00Z,Oklahoma City Thunder,San Antonio Spurs,,,False
2026-05-30,2026-05-30T13:09:03.857490+00:00,4397020,Luguentz Dort,OKC,threes,UNDER,1.5,-192,0.6575342465753424,0.689346933490783,0.689346933490783,0.03181268691544059,0.04838179468389919,draftkings,DraftKings,2026-05-31T00:10:00Z,Oklahoma City Thunder,San Antonio Spurs,,,False
2026-05-30,2026-05-30T13:09:03.857490+00:00,4397020,Luguentz Dort,OKC,threes,UNDER,1.5,-197,0.6632996632996633,0.689346933490783,0.689346933490783,0.026047270191119742,0.03926923475513988,williamhill_us,Caesars,2026-05-31T00:10:00Z,Oklahoma City Thunder,San Antonio Spurs,,,False
2026-05-30,2026-05-30T13:09:03.857490+00:00,4683778,Jared McCain,OKC,threes,UNDER,2.5,-182,0.6453900709219859,0.6698584463715648,0.6698584463715648,0.024468375449578916,0.03791253778451248,williamhill_us,Caesars,2026-05-31T00:10:00Z,Oklahoma City Thunder,San Antonio Spurs,,,False
2026-05-30,2026-05-30T13:09:03.857490+00:00,4395630,Devin Vassell,SAS,threes,OVER,2.5,-110,0.5238095238095238,0.5377676612901112,0.5377676612901112,0.013958137480587385,0.026647353372030502,bovada,Bovada,2026-05-31T00:10:00Z,Oklahoma City Thunder,San Antonio Spurs,,,False
2026-05-30,2026-05-30T13:09:03.857490+00:00,4395630,Devin Vassell,SAS,threes,OVER,2.5,-112,0.5283018867924528,0.5377676612901112,0.5377676612901112,0.009465774497658397,0.017917358870567668,draftkings,DraftKings,2026-05-31T00:10:00Z,Oklahoma City Thunder,San Antonio Spurs,,,False
2026-05-30,2026-05-30T13:09:03.857490+00:00,4397020,Luguentz Dort,OKC,threes,UNDER,1.5,-210,0.6774193548387096,0.689346933490783,0.689346933490783,0.01192757865207339,0.01760737801020351,betrivers,BetRivers,2026-05-31T00:10:00Z,Oklahoma City Thunder,San Antonio Spurs,,,False
2026-05-30,2026-05-30T13:09:03.857490+00:00,4395630,Devin Vassell,SAS,threes,OVER,2.5,-113,0.5305164319248826,0.5377676612901112,0.5377676612901112,0.007251229365228595,0.013668246502599068,williamhill_us,Caesars,2026-05-31T00:10:00Z,Oklahoma City Thunder,San Antonio Spurs,,,False
2026-05-30,2026-05-30T13:09:03.857490+00:00,4278073,Shai Gilgeous-Alexander,OKC,threes,OVER,1.5,108,0.4807692307692308,0.4867237144389287,0.4867237144389287,0.005954483669697919,0.01238532603297171,fanduel,FanDuel,2026-05-31T00:10:00Z,Oklahoma City Thunder,San Antonio Spurs,,,False
2026-05-30,2026-05-30T13:09:03.857490+00:00,4395630,Devin Vassell,SAS,threes,OVER,2.5,-114,0.5327102803738317,0.5377676612901112,0.5377676612901112,0.005057380916279497,0.009493679965647372,fanduel,FanDuel,2026-05-31T00:10:00Z,Oklahoma City Thunder,San Antonio Spurs,,,False
2026-05-30,2026-05-30T13:09:03.857490+00:00,4433255,Chet Holmgren,OKC,threes,UNDER,0.5,140,0.4166666666666667,0.4199941848881237,0.4199941848881237,0.003327518221456993,0.007986043731496806,betmgm,BetMGM,2026-05-31T00:10:00Z,Oklahoma City Thunder,San Antonio Spurs,,,False
2026-05-30,2026-05-30T13:09:03.857490+00:00,4278073,Shai Gilgeous-Alexander,OKC,threes,OVER,1.5,107,0.4830917874396135,0.4867237144389287,0.4867237144389287,0.0036319269993151937,0.007518088888582408,betrivers,BetRivers,2026-05-31T00:10:00Z,Oklahoma City Thunder,San Antonio Spurs,,,False
