date,snapshot_ts,player_id,player_name,team,stat,side,line,price,implied_prob,model_prob,model_prob_raw,edge,ev,bookmaker,bookmaker_title,commence_time,home_team,away_team,sentiment_strength,sentiment_w,sentiment_applied
2026-05-07,2026-05-06T13:18:31.605474+00:00,4278073,Shai Gilgeous-Alexander,OKC,ast,UNDER,5.5,205,0.32786885245901637,0.41186862524767776,0.8878673377167587,0.08399977278866139,0.25619930700541704,bovada,Bovada,2026-05-08T01:40:00Z,Oklahoma City Thunder,Los Angeles Lakers,,,False
2026-05-07,2026-05-06T13:18:31.605474+00:00,1966,LeBron James,LAL,ast,UNDER,6.5,155,0.39215686274509803,0.475597418353104,0.9484272334651378,0.08344055560800595,0.21277341680041517,bovada,Bovada,2026-05-08T01:40:00Z,Oklahoma City Thunder,Los Angeles Lakers,,,False
2026-05-07,2026-05-06T13:18:31.605474+00:00,4432166,Cade Cunningham,DET,ast,UNDER,8.5,145,0.40816326530612246,0.49338746844461784,0.9763246195627584,0.08522420313849538,0.2087992976893136,bovada,Bovada,2026-05-07T23:10:00Z,Detroit Pistons,Cleveland Cavaliers,,,False
2026-05-07,2026-05-06T13:18:31.605474+00:00,3992,James Harden,CLE,ast,UNDER,5.5,165,0.37735849056603776,0.44934935673777066,0.8572975983775903,0.07199086617173289,0.19077579535509215,bovada,Bovada,2026-05-07T23:10:00Z,Detroit Pistons,Cleveland Cavaliers,,,False
2026-05-07,2026-05-06T13:18:31.605474+00:00,4066457,Austin Reaves,LAL,ast,UNDER,4.5,125,0.4444444444444444,0.5184291614511412,0.9376758911557559,0.07398471700669673,0.1664656132650676,bovada,Bovada,2026-05-08T01:40:00Z,Oklahoma City Thunder,Los Angeles Lakers,,,False
2026-05-07,2026-05-06T13:18:31.605474+00:00,4432166,Cade Cunningham,DET,ast,UNDER,9.5,110,0.47619047619047616,0.5532619047619047,0.9933518836248736,0.07707142857142857,0.16184999999999994,fanduel,FanDuel,2026-05-07T23:10:00Z,Detroit Pistons,Cleveland Cavaliers,,,False
2026-05-07,2026-05-06T13:18:31.605474+00:00,4432166,Cade Cunningham,DET,ast,UNDER,9.5,110,0.47619047619047616,0.5532619047619047,0.9933518836248736,0.07707142857142857,0.16184999999999994,betrivers,BetRivers,2026-05-07T23:10:00Z,Detroit Pistons,Cleveland Cavaliers,,,False
2026-05-07,2026-05-06T13:18:31.605474+00:00,4066457,Austin Reaves,LAL,ast,UNDER,4.5,120,0.45454545454545453,0.5270150200369997,0.9376758911557559,0.07246956549154521,0.15943304408139936,betmgm,BetMGM,2026-05-08T01:40:00Z,Oklahoma City Thunder,Los Angeles Lakers,,,False
2026-05-07,2026-05-06T13:18:31.605474+00:00,4278073,Shai Gilgeous-Alexander,OKC,ast,UNDER,6.5,110,0.47619047619047616,0.548940341191227,0.9611895761954816,0.07274986500075087,0.1527747165015768,betmgm,BetMGM,2026-05-08T01:40:00Z,Oklahoma City Thunder,Los Angeles Lakers,,,False
2026-05-07,2026-05-06T13:18:31.605474+00:00,4278073,Shai Gilgeous-Alexander,OKC,ast,UNDER,6.5,110,0.47619047619047616,0.548940341191227,0.9611895761954816,0.07274986500075087,0.1527747165015768,bovada,Bovada,2026-05-08T01:40:00Z,Oklahoma City Thunder,Los Angeles Lakers,,,False
2026-05-07,2026-05-06T13:18:31.605474+00:00,4278073,Shai Gilgeous-Alexander,OKC,ast,UNDER,6.5,109,0.4784688995215311,0.5508770010226237,0.9611895761954816,0.07240810150109261,0.1513329321372836,williamhill_us,Caesars,2026-05-08T01:40:00Z,Oklahoma City Thunder,Los Angeles Lakers,,,False
2026-05-07,2026-05-06T13:18:31.605474+00:00,4278073,Shai Gilgeous-Alexander,OKC,ast,UNDER,6.5,109,0.4784688995215311,0.5508770010226237,0.9611895761954816,0.07240810150109261,0.1513329321372836,betonlineag,BetOnline.ag,2026-05-08T01:40:00Z,Oklahoma City Thunder,Los Angeles Lakers,,,False
2026-05-07,2026-05-06T13:18:31.605474+00:00,4278073,Shai Gilgeous-Alexander,OKC,ast,UNDER,6.5,107,0.4830917874396135,0.5548064557529937,0.9611895761954816,0.07171466831338019,0.14844936340869697,draftkings,DraftKings,2026-05-08T01:40:00Z,Oklahoma City Thunder,Los Angeles Lakers,,,False
2026-05-07,2026-05-06T13:18:31.605474+00:00,4432166,Cade Cunningham,DET,ast,UNDER,9.5,-105,0.5121951219512195,0.5838658536585366,0.9933518836248736,0.07167073170731708,0.1399285714285714,fanatics,Fanatics,2026-05-07T23:10:00Z,Detroit Pistons,Cleveland Cavaliers,,,False
2026-05-07,2026-05-06T13:18:31.605474+00:00,4432166,Cade Cunningham,DET,ast,UNDER,9.5,-106,0.5145631067961165,0.585878640776699,0.9933518836248736,0.07131553398058255,0.13859433962264156,betonlineag,BetOnline.ag,2026-05-07T23:10:00Z,Detroit Pistons,Cleveland Cavaliers,,,False
2026-05-07,2026-05-06T13:18:31.605474+00:00,4432166,Cade Cunningham,DET,ast,UNDER,9.5,-109,0.5215311004784688,0.5918014354066985,0.9933518836248736,0.07027033492822965,0.13473853211009168,williamhill_us,Caesars,2026-05-07T23:10:00Z,Detroit Pistons,Cleveland Cavaliers,,,False
2026-05-07,2026-05-06T13:18:31.605474+00:00,4432166,Cade Cunningham,DET,ast,UNDER,9.5,-110,0.5238095238095238,0.5937380952380953,0.9933518836248736,0.06992857142857145,0.13350000000000006,betmgm,BetMGM,2026-05-07T23:10:00Z,Detroit Pistons,Cleveland Cavaliers,,,False
2026-05-07,2026-05-06T13:18:31.605474+00:00,3992,James Harden,CLE,ast,UNDER,6.5,-103,0.5073891625615764,0.5733982327068871,0.947449630196981,0.06600907014531066,0.13009554601454443,betrivers,BetRivers,2026-05-07T23:10:00Z,Detroit Pistons,Cleveland Cavaliers,,,False
2026-05-07,2026-05-06T13:18:31.605474+00:00,1966,LeBron James,LAL,ast,UNDER,7.5,-112,0.5283018867924528,0.5968030080098699,0.9849760282418996,0.06850112121741703,0.1296628365901108,fanduel,FanDuel,2026-05-08T01:40:00Z,Oklahoma City Thunder,Los Angeles Lakers,,,False
2026-05-07,2026-05-06T13:18:31.605474+00:00,3992,James Harden,CLE,ast,UNDER,6.5,-104,0.5098039215686274,0.5754507778628805,0.947449630196981,0.06564685629425304,0.12876883350026558,fanduel,FanDuel,2026-05-07T23:10:00Z,Detroit Pistons,Cleveland Cavaliers,,,False
2026-05-07,2026-05-06T13:18:31.605474+00:00,1966,LeBron James,LAL,ast,UNDER,7.5,-113,0.5305164319248826,0.5986853713724352,0.9849760282418996,0.06816893944755253,0.12849543453388224,draftkings,DraftKings,2026-05-08T01:40:00Z,Oklahoma City Thunder,Los Angeles Lakers,,,False
2026-05-07,2026-05-06T13:18:31.605474+00:00,4432166,Cade Cunningham,DET,ast,UNDER,9.5,-115,0.5348837209302325,0.6031511627906976,0.9933518836248736,0.06826744186046507,0.1276304347826085,draftkings,DraftKings,2026-05-07T23:10:00Z,Detroit Pistons,Cleveland Cavaliers,,,False
2026-05-07,2026-05-06T13:18:31.605474+00:00,4432166,Cade Cunningham,DET,ast,UNDER,9.5,-115,0.5348837209302325,0.6031511627906976,0.9933518836248736,0.06826744186046507,0.1276304347826085,bovada,Bovada,2026-05-07T23:10:00Z,Detroit Pistons,Cleveland Cavaliers,,,False
2026-05-07,2026-05-06T13:18:31.605474+00:00,1966,LeBron James,LAL,ast,UNDER,7.5,-115,0.5348837209302325,0.6023975670269825,0.9849760282418996,0.06751384609675004,0.12622153835479344,betrivers,BetRivers,2026-05-08T01:40:00Z,Oklahoma City Thunder,Los Angeles Lakers,,,False
2026-05-07,2026-05-06T13:18:31.605474+00:00,1966,LeBron James,LAL,ast,UNDER,7.5,-115,0.5348837209302325,0.6023975670269825,0.9849760282418996,0.06751384609675004,0.12622153835479344,betonlineag,BetOnline.ag,2026-05-08T01:40:00Z,Oklahoma City Thunder,Los Angeles Lakers,,,False
2026-05-07,2026-05-06T13:18:31.605474+00:00,1966,LeBron James,LAL,ast,UNDER,7.5,-115,0.5348837209302325,0.6023975670269825,0.9849760282418996,0.06751384609675004,0.12622153835479344,bovada,Bovada,2026-05-08T01:40:00Z,Oklahoma City Thunder,Los Angeles Lakers,,,False
2026-05-07,2026-05-06T13:18:31.605474+00:00,1966,LeBron James,LAL,ast,UNDER,7.5,-118,0.5412844036697247,0.607838147355551,0.9849760282418996,0.06655374368582623,0.12295522138567894,williamhill_us,Caesars,2026-05-08T01:40:00Z,Oklahoma City Thunder,Los Angeles Lakers,,,False
2026-05-07,2026-05-06T13:18:31.605474+00:00,3992,James Harden,CLE,ast,UNDER,6.5,-114,0.5327102803738317,0.5949211828473041,0.947449630196981,0.062210902473472385,0.11678186955546555,draftkings,DraftKings,2026-05-07T23:10:00Z,Detroit Pistons,Cleveland Cavaliers,,,False
2026-05-07,2026-05-06T13:18:31.605474+00:00,3992,James Harden,CLE,ast,UNDER,6.5,-114,0.5327102803738317,0.5949211828473041,0.947449630196981,0.062210902473472385,0.11678186955546555,williamhill_us,Caesars,2026-05-07T23:10:00Z,Detroit Pistons,Cleveland Cavaliers,,,False
2026-05-07,2026-05-06T13:18:31.605474+00:00,1966,LeBron James,LAL,ast,UNDER,7.5,-125,0.5555555555555556,0.6199686264585071,0.9849760282418996,0.06441307090295156,0.1159435276253129,betmgm,BetMGM,2026-05-08T01:40:00Z,Oklahoma City Thunder,Los Angeles Lakers,,,False
2026-05-07,2026-05-06T13:18:31.605474+00:00,3992,James Harden,CLE,ast,UNDER,6.5,-115,0.5348837209302325,0.5967686073202447,0.947449630196981,0.06188488639001222,0.11569783107697929,bovada,Bovada,2026-05-07T23:10:00Z,Detroit Pistons,Cleveland Cavaliers,,,False
2026-05-07,2026-05-06T13:18:31.605474+00:00,3992,James Harden,CLE,ast,UNDER,6.5,-116,0.5370370370370371,0.5985989260110287,0.947449630196981,0.06156188897399162,0.11463248291708794,betonlineag,BetOnline.ag,2026-05-07T23:10:00Z,Detroit Pistons,Cleveland Cavaliers,,,False
2026-05-07,2026-05-06T13:18:31.605474+00:00,4900671,Ajay Mitchell,OKC,ast,UNDER,3.5,101,0.4975124378109453,0.5514638367268804,0.8571884305838461,0.05395139891593509,0.10844231182102959,draftkings,DraftKings,2026-05-08T01:40:00Z,Oklahoma City Thunder,Los Angeles Lakers,,,False
2026-05-07,2026-05-06T13:18:31.605474+00:00,3908809,Donovan Mitchell,CLE,ast,UNDER,3.5,125,0.4444444444444444,0.49235497238993886,0.763847964081074,0.04791052794549444,0.10779868787736246,betmgm,BetMGM,2026-05-07T23:10:00Z,Detroit Pistons,Cleveland Cavaliers,,,False
2026-05-07,2026-05-06T13:18:31.605474+00:00,4900671,Ajay Mitchell,OKC,ast,UNDER,3.5,100,0.5,0.5535782645875769,0.8571884305838461,0.05357826458757686,0.10715652917515373,bovada,Bovada,2026-05-08T01:40:00Z,Oklahoma City Thunder,Los Angeles Lakers,,,False
2026-05-07,2026-05-06T13:18:31.605474+00:00,4900671,Ajay Mitchell,OKC,ast,UNDER,3.5,-102,0.504950495049505,0.5577861853796561,0.8571884305838461,0.05283569033015112,0.10463538673226003,betonlineag,BetOnline.ag,2026-05-08T01:40:00Z,Oklahoma City Thunder,Los Angeles Lakers,,,False
2026-05-07,2026-05-06T13:18:31.605474+00:00,4900671,Ajay Mitchell,OKC,ast,UNDER,3.5,-105,0.5121951219512195,0.5639441182461135,0.8571884305838461,0.051748996294893934,0.10103375467098341,betmgm,BetMGM,2026-05-08T01:40:00Z,Oklahoma City Thunder,Los Angeles Lakers,,,False
2026-05-07,2026-05-06T13:18:31.605474+00:00,4900671,Ajay Mitchell,OKC,ast,UNDER,3.5,-105,0.5121951219512195,0.5639441182461135,0.8571884305838461,0.051748996294893934,0.10103375467098341,williamhill_us,Caesars,2026-05-08T01:40:00Z,Oklahoma City Thunder,Los Angeles Lakers,,,False
2026-05-07,2026-05-06T13:18:31.605474+00:00,4278073,Shai Gilgeous-Alexander,OKC,ast,UNDER,7.5,-146,0.5934959349593496,0.6529216984517808,0.9896676915755576,0.05942576349243123,0.10012834122697317,fanduel,FanDuel,2026-05-08T01:40:00Z,Oklahoma City Thunder,Los Angeles Lakers,,,False
2026-05-07,2026-05-06T13:18:31.605474+00:00,4900671,Ajay Mitchell,OKC,ast,UNDER,3.5,-106,0.5145631067961165,0.5659569053642759,0.8571884305838461,0.0513937985681594,0.09987851419849847,fanduel,FanDuel,2026-05-08T01:40:00Z,Oklahoma City Thunder,Los Angeles Lakers,,,False
2026-05-07,2026-05-06T13:18:31.605474+00:00,4900671,Ajay Mitchell,OKC,ast,UNDER,3.5,-106,0.5145631067961165,0.5659569053642759,0.8571884305838461,0.0513937985681594,0.09987851419849847,betrivers,BetRivers,2026-05-08T01:40:00Z,Oklahoma City Thunder,Los Angeles Lakers,,,False
2026-05-07,2026-05-06T13:18:31.605474+00:00,4278073,Shai Gilgeous-Alexander,OKC,ast,UNDER,7.5,-150,0.6,0.6584501537363336,0.9896676915755576,0.058450153736333665,0.09741692289388937,betrivers,BetRivers,2026-05-08T01:40:00Z,Oklahoma City Thunder,Los Angeles Lakers,,,False
2026-05-07,2026-05-06T13:18:31.605474+00:00,3992,James Harden,CLE,ast,UNDER,6.5,-135,0.574468085106383,0.6304153168699728,0.947449630196981,0.05594723176358973,0.09738962566254517,betmgm,BetMGM,2026-05-07T23:10:00Z,Detroit Pistons,Cleveland Cavaliers,,,False
2026-05-07,2026-05-06T13:18:31.605474+00:00,4066457,Austin Reaves,LAL,ast,UNDER,5.5,-150,0.6,0.6579191059738242,0.9861273731588281,0.057919105973824214,0.09653184328970699,betrivers,BetRivers,2026-05-08T01:40:00Z,Oklahoma City Thunder,Los Angeles Lakers,,,False
2026-05-07,2026-05-06T13:18:31.605474+00:00,3908809,Donovan Mitchell,CLE,ast,UNDER,3.5,115,0.46511627906976744,0.5099260318214635,0.763847964081074,0.04480975275169602,0.09634096841614637,betonlineag,BetOnline.ag,2026-05-07T23:10:00Z,Detroit Pistons,Cleveland Cavaliers,,,False
2026-05-07,2026-05-06T13:18:31.605474+00:00,4066457,Austin Reaves,LAL,ast,UNDER,5.5,-152,0.6031746031746031,0.660617518672237,0.9861273731588281,0.057442915497633806,0.09523430727239285,fanduel,FanDuel,2026-05-08T01:40:00Z,Oklahoma City Thunder,Los Angeles Lakers,,,False
2026-05-07,2026-05-06T13:18:31.605474+00:00,3908809,Donovan Mitchell,CLE,ast,UNDER,3.5,114,0.4672897196261682,0.5117734562944041,0.763847964081074,0.04448373666823585,0.09519519647002461,fanduel,FanDuel,2026-05-07T23:10:00Z,Detroit Pistons,Cleveland Cavaliers,,,False
2026-05-07,2026-05-06T13:18:31.605474+00:00,4066457,Austin Reaves,LAL,ast,UNDER,5.5,-154,0.6062992125984252,0.6632734366824856,0.9861273731588281,0.05697422408406039,0.09397047348929444,williamhill_us,Caesars,2026-05-08T01:40:00Z,Oklahoma City Thunder,Los Angeles Lakers,,,False
2026-05-07,2026-05-06T13:18:31.605474+00:00,3908809,Donovan Mitchell,CLE,ast,UNDER,3.5,112,0.4716981132075472,0.5155205908385762,0.763847964081074,0.04382247763102898,0.09290365257778155,williamhill_us,Caesars,2026-05-07T23:10:00Z,Detroit Pistons,Cleveland Cavaliers,,,False
2026-05-07,2026-05-06T13:18:31.605474+00:00,4066457,Austin Reaves,LAL,ast,UNDER,5.5,-158,0.6124031007751938,0.668461741632739,0.9861273731588281,0.056058640857545194,0.09153879329902948,draftkings,DraftKings,2026-05-08T01:40:00Z,Oklahoma City Thunder,Los Angeles Lakers,,,False
2026-05-07,2026-05-06T13:18:31.605474+00:00,4066457,Austin Reaves,LAL,ast,UNDER,5.5,-159,0.6138996138996139,0.6697337777884961,0.9861273731588281,0.05583416388888218,0.09094999023409106,betonlineag,BetOnline.ag,2026-05-08T01:40:00Z,Oklahoma City Thunder,Los Angeles Lakers,,,False
2026-05-07,2026-05-06T13:18:31.605474+00:00,3908809,Donovan Mitchell,CLE,ast,UNDER,3.5,110,0.47619047619047616,0.5193390993740659,0.763847964081074,0.043148623183589696,0.09061210868553837,betrivers,BetRivers,2026-05-07T23:10:00Z,Detroit Pistons,Cleveland Cavaliers,,,False
2026-05-07,2026-05-06T13:18:31.605474+00:00,3908809,Donovan Mitchell,CLE,ast,UNDER,3.5,110,0.47619047619047616,0.5193390993740659,0.763847964081074,0.043148623183589696,0.09061210868553837,bovada,Bovada,2026-05-07T23:10:00Z,Detroit Pistons,Cleveland Cavaliers,,,False
2026-05-07,2026-05-06T13:18:31.605474+00:00,4066457,Austin Reaves,LAL,ast,UNDER,5.5,-160,0.6153846153846154,0.6709960290507473,0.9861273731588281,0.05561141366613187,0.09036854720746434,bovada,Bovada,2026-05-08T01:40:00Z,Oklahoma City Thunder,Los Angeles Lakers,,,False
2026-05-07,2026-05-06T13:18:31.605474+00:00,3908809,Donovan Mitchell,CLE,ast,UNDER,3.5,109,0.4784688995215311,0.5212757592054625,0.763847964081074,0.04280685968393144,0.08946633673941673,draftkings,DraftKings,2026-05-07T23:10:00Z,Detroit Pistons,Cleveland Cavaliers,,,False
2026-05-07,2026-05-06T13:18:31.605474+00:00,4278073,Shai Gilgeous-Alexander,OKC,ast,UNDER,7.5,-165,0.6226415094339622,0.6776954367552015,0.9896676915755576,0.05505392732123926,0.08841994387956603,bovada,Bovada,2026-05-08T01:40:00Z,Oklahoma City Thunder,Los Angeles Lakers,,,False
2026-05-07,2026-05-06T13:18:31.605474+00:00,3157465,Duncan Robinson,DET,ast,OVER,2.5,190,0.3448275862068966,0.3752304502280641,0.5475133463480135,0.03040286402116754,0.08816830566138589,bovada,Bovada,2026-05-07T23:10:00Z,Detroit Pistons,Cleveland Cavaliers,,,False
2026-05-07,2026-05-06T13:18:31.605474+00:00,4433621,Jalen Duren,DET,ast,OVER,2.5,130,0.43478260869565216,0.4690261743111791,0.6630730461324984,0.03424356561552694,0.0787602009157119,fanduel,FanDuel,2026-05-07T23:10:00Z,Detroit Pistons,Cleveland Cavaliers,,,False
2026-05-07,2026-05-06T13:18:31.605474+00:00,4433621,Jalen Duren,DET,ast,OVER,2.5,130,0.43478260869565216,0.4690261743111791,0.6630730461324984,0.03424356561552694,0.0787602009157119,betonlineag,BetOnline.ag,2026-05-07T23:10:00Z,Detroit Pistons,Cleveland Cavaliers,,,False
2026-05-07,2026-05-06T13:18:31.605474+00:00,4432166,Cade Cunningham,DET,ast,UNDER,10.5,-190,0.6551724137931034,0.705396551724138,0.9985028388537642,0.05022413793103453,0.07665789473684215,bovada,Bovada,2026-05-07T23:10:00Z,Detroit Pistons,Cleveland Cavaliers,,,False
2026-05-07,2026-05-06T13:18:31.605474+00:00,4433621,Jalen Duren,DET,ast,OVER,2.5,126,0.4424778761061947,0.4755671516101403,0.6630730461324984,0.03308927550394558,0.07478176263891712,draftkings,DraftKings,2026-05-07T23:10:00Z,Detroit Pistons,Cleveland Cavaliers,,,False
2026-05-07,2026-05-06T13:18:31.605474+00:00,4433621,Jalen Duren,DET,ast,OVER,2.5,125,0.4444444444444444,0.47723873469765254,0.6630730461324984,0.032794290253208125,0.07378715306971828,betrivers,BetRivers,2026-05-07T23:10:00Z,Detroit Pistons,Cleveland Cavaliers,,,False
2026-05-07,2026-05-06T13:18:31.605474+00:00,4433621,Jalen Duren,DET,ast,OVER,2.5,125,0.4444444444444444,0.47723873469765254,0.6630730461324984,0.032794290253208125,0.07378715306971828,bovada,Bovada,2026-05-07T23:10:00Z,Detroit Pistons,Cleveland Cavaliers,,,False
2026-05-07,2026-05-06T13:18:31.605474+00:00,1966,LeBron James,LAL,ast,UNDER,8.5,-200,0.6666666666666666,0.7151666666666666,0.9966269429320342,0.04849999999999999,0.07274999999999993,bovada,Bovada,2026-05-08T01:40:00Z,Oklahoma City Thunder,Los Angeles Lakers,,,False
2026-05-07,2026-05-06T13:18:31.605474+00:00,3992,James Harden,CLE,ast,UNDER,7.5,-210,0.6774193548387096,0.7235727511761286,0.9851086637548364,0.046153396337418995,0.06813120411714224,bovada,Bovada,2026-05-07T23:10:00Z,Detroit Pistons,Cleveland Cavaliers,,,False
2026-05-07,2026-05-06T13:18:31.605474+00:00,4683692,Cason Wallace,OKC,ast,UNDER,2.5,-149,0.5983935742971888,0.6387261269738129,0.8672772588080168,0.04033255267662417,0.06740137997637197,betonlineag,BetOnline.ag,2026-05-08T01:40:00Z,Oklahoma City Thunder,Los Angeles Lakers,,,False
2026-05-07,2026-05-06T13:18:31.605474+00:00,4222252,Isaiah Hartenstein,OKC,ast,UNDER,2.5,121,0.45248868778280543,0.482596724185337,0.6532089304663491,0.03010803640253157,0.06653876044959484,draftkings,DraftKings,2026-05-08T01:40:00Z,Oklahoma City Thunder,Los Angeles Lakers,,,False
2026-05-07,2026-05-06T13:18:31.605474+00:00,4397020,Luguentz Dort,OKC,ast,OVER,1.5,185,0.3508771929824561,0.3739356961245967,0.5046005472633933,0.023058503142140585,0.06571673395510069,bovada,Bovada,2026-05-08T01:40:00Z,Oklahoma City Thunder,Los Angeles Lakers,,,False
2026-05-07,2026-05-06T13:18:31.605474+00:00,4222252,Isaiah Hartenstein,OKC,ast,UNDER,2.5,120,0.45454545454545453,0.4843449759335887,0.6532089304663491,0.029799521388134187,0.0655589470538952,betmgm,BetMGM,2026-05-08T01:40:00Z,Oklahoma City Thunder,Los Angeles Lakers,,,False
2026-05-07,2026-05-06T13:18:31.605474+00:00,4222252,Isaiah Hartenstein,OKC,ast,UNDER,2.5,120,0.45454545454545453,0.4843449759335887,0.6532089304663491,0.029799521388134187,0.0655589470538952,bovada,Bovada,2026-05-08T01:40:00Z,Oklahoma City Thunder,Los Angeles Lakers,,,False
2026-05-07,2026-05-06T13:18:31.605474+00:00,4397020,Luguentz Dort,OKC,ast,OVER,1.5,184,0.352112676056338,0.3749858567373963,0.5046005472633933,0.022873180681058314,0.0649598331342055,draftkings,DraftKings,2026-05-08T01:40:00Z,Oklahoma City Thunder,Los Angeles Lakers,,,False
2026-05-07,2026-05-06T13:18:31.605474+00:00,4222252,Isaiah Hartenstein,OKC,ast,UNDER,2.5,119,0.45662100456621,0.4861091934512309,0.6532089304663491,0.02948818888502086,0.06457913365819568,betonlineag,BetOnline.ag,2026-05-08T01:40:00Z,Oklahoma City Thunder,Los Angeles Lakers,,,False
2026-05-07,2026-05-06T13:18:31.605474+00:00,4900671,Ajay Mitchell,OKC,ast,UNDER,4.5,-220,0.6875,0.7287163563615257,0.9622757090768378,0.04121635636152565,0.05995106379858278,bovada,Bovada,2026-05-08T01:40:00Z,Oklahoma City Thunder,Los Angeles Lakers,,,False
2026-05-07,2026-05-06T13:18:31.605474+00:00,3908809,Donovan Mitchell,CLE,ast,UNDER,4.5,-200,0.6666666666666666,0.703397987967127,0.9115421420030694,0.03673132130046042,0.05509698195069057,bovada,Bovada,2026-05-07T23:10:00Z,Detroit Pistons,Cleveland Cavaliers,,,False
2026-05-07,2026-05-06T13:18:31.605474+00:00,4278129,Deandre Ayton,LAL,ast,OVER,0.5,-134,0.5726495726495726,0.6029546538541593,0.774683447346817,0.030305081204586637,0.05292081344681543,draftkings,DraftKings,2026-05-08T01:40:00Z,Oklahoma City Thunder,Los Angeles Lakers,,,False
2026-05-07,2026-05-06T13:18:31.605474+00:00,4278129,Deandre Ayton,LAL,ast,OVER,0.5,-135,0.574468085106383,0.6045003894424481,0.774683447346817,0.030032304336065074,0.052278455696113335,bovada,Bovada,2026-05-08T01:40:00Z,Oklahoma City Thunder,Los Angeles Lakers,,,False
2026-05-07,2026-05-06T13:18:31.605474+00:00,4222252,Isaiah Hartenstein,OKC,ast,UNDER,3.5,-186,0.6503496503496503,0.6832955059475909,0.8699886876692546,0.03294585559794061,0.05065868118823119,betrivers,BetRivers,2026-05-08T01:40:00Z,Oklahoma City Thunder,Los Angeles Lakers,,,False
2026-05-07,2026-05-06T13:18:31.605474+00:00,4222252,Isaiah Hartenstein,OKC,ast,UNDER,3.5,-188,0.6527777777777778,0.6853594142614993,0.8699886876692546,0.03258163648372148,0.049912294187828665,fanduel,FanDuel,2026-05-08T01:40:00Z,Oklahoma City Thunder,Los Angeles Lakers,,,False
2026-05-07,2026-05-06T13:18:31.605474+00:00,3157465,Duncan Robinson,DET,ast,OVER,1.5,-135,0.574468085106383,0.6030403879805946,0.7649501042677933,0.02857230287421153,0.04973697166992386,betmgm,BetMGM,2026-05-07T23:10:00Z,Detroit Pistons,Cleveland Cavaliers,,,False
2026-05-07,2026-05-06T13:18:31.605474+00:00,4222252,Isaiah Hartenstein,OKC,ast,UNDER,3.5,-200,0.6666666666666666,0.6971649698170548,0.8699886876692546,0.03049830315038815,0.04574745472558217,bovada,Bovada,2026-05-08T01:40:00Z,Oklahoma City Thunder,Los Angeles Lakers,,,False
2026-05-07,2026-05-06T13:18:31.605474+00:00,4433621,Jalen Duren,DET,ast,OVER,1.5,-190,0.6551724137931034,0.6833524184142497,0.8430391112674113,0.028180004621146226,0.04301158600069682,betmgm,BetMGM,2026-05-07T23:10:00Z,Detroit Pistons,Cleveland Cavaliers,,,False
2026-05-07,2026-05-06T13:18:31.605474+00:00,3157465,Duncan Robinson,DET,ast,OVER,1.5,-150,0.6,0.624742515640169,0.7649501042677933,0.02474251564016905,0.04123752606694836,bovada,Bovada,2026-05-07T23:10:00Z,Detroit Pistons,Cleveland Cavaliers,,,False
2026-05-07,2026-05-06T13:18:31.605474+00:00,3157465,Duncan Robinson,DET,ast,OVER,1.5,-152,0.6031746031746031,0.6274409283385817,0.7649501042677933,0.02426632516397853,0.04023101277185914,draftkings,DraftKings,2026-05-07T23:10:00Z,Detroit Pistons,Cleveland Cavaliers,,,False
2026-05-07,2026-05-06T13:18:31.605474+00:00,4278129,Deandre Ayton,LAL,ast,OVER,0.5,-160,0.6153846153846154,0.6392794401789457,0.774683447346817,0.02389482479433025,0.03882909029078674,betmgm,BetMGM,2026-05-08T01:40:00Z,Oklahoma City Thunder,Los Angeles Lakers,,,False
2026-05-07,2026-05-06T13:18:31.605474+00:00,4066648,Rui Hachimura,LAL,ast,OVER,0.5,-165,0.6226415094339622,0.6441801337322611,0.7662323380892881,0.021538624298298892,0.034592335994237555,betmgm,BetMGM,2026-05-08T01:40:00Z,Oklahoma City Thunder,Los Angeles Lakers,,,False
2026-05-07,2026-05-06T13:18:31.605474+00:00,4433621,Jalen Duren,DET,ast,OVER,1.5,-240,0.7058823529411765,0.7264558666901118,0.8430391112674113,0.020573513748935235,0.029145811144325018,bovada,Bovada,2026-05-07T23:10:00Z,Detroit Pistons,Cleveland Cavaliers,,,False
2026-05-07,2026-05-06T13:18:31.605474+00:00,4066328,Jarrett Allen,CLE,ast,OVER,1.5,175,0.36363636363636365,0.37411517283262324,0.4334950916114275,0.010478809196259598,0.028816725289714018,bovada,Bovada,2026-05-07T23:10:00Z,Detroit Pistons,Cleveland Cavaliers,,,False
2026-05-07,2026-05-06T13:18:31.605474+00:00,4066648,Rui Hachimura,LAL,ast,OVER,0.5,-180,0.6428571428571429,0.6613634221419646,0.7662323380892881,0.018506279284821736,0.028787545554167238,draftkings,DraftKings,2026-05-08T01:40:00Z,Oklahoma City Thunder,Los Angeles Lakers,,,False
2026-05-07,2026-05-06T13:18:31.605474+00:00,4066648,Rui Hachimura,LAL,ast,OVER,0.5,-180,0.6428571428571429,0.6613634221419646,0.7662323380892881,0.018506279284821736,0.028787545554167238,bovada,Bovada,2026-05-08T01:40:00Z,Oklahoma City Thunder,Los Angeles Lakers,,,False
2026-05-07,2026-05-06T13:18:31.605474+00:00,4066328,Jarrett Allen,CLE,ast,OVER,1.5,174,0.36496350364963503,0.3752432418439039,0.4334950916114275,0.010279738194268861,0.02816648265229671,draftkings,DraftKings,2026-05-07T23:10:00Z,Detroit Pistons,Cleveland Cavaliers,,,False
2026-05-07,2026-05-06T13:18:31.605474+00:00,4433255,Chet Holmgren,OKC,blk,UNDER,1.5,115,0.46511627906976744,0.9868763614456323,0.9868763614456323,0.5217600823758648,1.1217841771081094,betmgm,BetMGM,2026-05-08T01:40:00Z,Oklahoma City Thunder,Los Angeles Lakers,,,False
2026-05-07,2026-05-06T13:18:31.605474+00:00,4433255,Chet Holmgren,OKC,blk,UNDER,1.5,110,0.47619047619047616,0.9868763614456323,0.9868763614456323,0.5106858852551561,1.072440359035828,fanduel,FanDuel,2026-05-08T01:40:00Z,Oklahoma City Thunder,Los Angeles Lakers,,,False
2026-05-07,2026-05-06T13:18:31.605474+00:00,4432158,Evan Mobley,CLE,blk,UNDER,1.5,105,0.4878048780487805,0.9234906740138864,0.9234906740138864,0.4356857959651059,0.8931558817284672,betmgm,BetMGM,2026-05-07T23:10:00Z,Detroit Pistons,Cleveland Cavaliers,,,False
2026-05-07,2026-05-06T13:18:31.605474+00:00,4432158,Evan Mobley,CLE,blk,UNDER,1.5,-102,0.504950495049505,0.9234906740138864,0.9234906740138864,0.41854017896438145,0.8288736877529906,draftkings,DraftKings,2026-05-07T23:10:00Z,Detroit Pistons,Cleveland Cavaliers,,,False
2026-05-07,2026-05-06T13:18:31.605474+00:00,4432158,Evan Mobley,CLE,blk,UNDER,1.5,-108,0.5192307692307693,0.9234906740138864,0.9234906740138864,0.40425990478311713,0.7785746314341516,fanduel,FanDuel,2026-05-07T23:10:00Z,Detroit Pistons,Cleveland Cavaliers,,,False
2026-05-07,2026-05-06T13:18:31.605474+00:00,4222252,Isaiah Hartenstein,OKC,blk,UNDER,0.5,125,0.4444444444444444,0.7869876779266972,0.7869876779266972,0.3425432334822528,0.7707222753350688,betmgm,BetMGM,2026-05-08T01:40:00Z,Oklahoma City Thunder,Los Angeles Lakers,,,False
2026-05-07,2026-05-06T13:18:31.605474+00:00,4684742,Ausar Thompson,DET,blk,UNDER,1.5,-155,0.6078431372549019,0.9333199288348499,0.9333199288348499,0.325476791579948,0.5354618184057208,betmgm,BetMGM,2026-05-07T23:10:00Z,Detroit Pistons,Cleveland Cavaliers,,,False
2026-05-07,2026-05-06T13:18:31.605474+00:00,4433621,Jalen Duren,DET,blk,UNDER,0.5,160,0.38461538461538464,0.5721494686166086,0.5721494686166086,0.187534084001224,0.48758861840318257,betmgm,BetMGM,2026-05-07T23:10:00Z,Detroit Pistons,Cleveland Cavaliers,,,False
2026-05-07,2026-05-06T13:18:31.605474+00:00,4684742,Ausar Thompson,DET,blk,UNDER,1.5,-200,0.6666666666666666,0.9333199288348499,0.9333199288348499,0.2666532621681833,0.3999798932522749,fanduel,FanDuel,2026-05-07T23:10:00Z,Detroit Pistons,Cleveland Cavaliers,,,False
2026-05-07,2026-05-06T13:18:31.605474+00:00,4278129,Deandre Ayton,LAL,blk,UNDER,1.5,-250,0.7142857142857143,0.986752922682991,0.986752922682991,0.2724672083972767,0.3814540917561874,betmgm,BetMGM,2026-05-08T01:40:00Z,Oklahoma City Thunder,Los Angeles Lakers,,,False
2026-05-07,2026-05-06T13:18:31.605474+00:00,4432166,Cade Cunningham,DET,blk,UNDER,0.5,105,0.4878048780487805,0.6556413495065981,0.6556413495065981,0.16783647145781766,0.34406476648852624,betmgm,BetMGM,2026-05-07T23:10:00Z,Detroit Pistons,Cleveland Cavaliers,,,False
2026-05-07,2026-05-06T13:18:31.605474+00:00,3912848,Dean Wade,CLE,blk,UNDER,0.5,-295,0.7468354430379747,0.9607960989376235,0.9607960989376235,0.21396065589964886,0.28648969179783484,betmgm,BetMGM,2026-05-07T23:10:00Z,Detroit Pistons,Cleveland Cavaliers,,,False
2026-05-07,2026-05-06T13:18:31.605474+00:00,4066328,Jarrett Allen,CLE,blk,UNDER,1.5,-185,0.6491228070175439,0.82208803510066,0.82208803510066,0.1729652280831161,0.26645994596588163,betmgm,BetMGM,2026-05-07T23:10:00Z,Detroit Pistons,Cleveland Cavaliers,,,False
2026-05-07,2026-05-06T13:18:31.605474+00:00,4278073,Shai Gilgeous-Alexander,OKC,blk,UNDER,0.5,100,0.5,0.6297501204565891,0.6297501204565891,0.12975012045658907,0.25950024091317814,betmgm,BetMGM,2026-05-08T01:40:00Z,Oklahoma City Thunder,Los Angeles Lakers,,,False
2026-05-07,2026-05-06T13:18:31.605474+00:00,4066328,Jarrett Allen,CLE,blk,UNDER,1.5,-245,0.7101449275362319,0.82208803510066,0.82208803510066,0.11194310756442805,0.15763417187643958,fanduel,FanDuel,2026-05-07T23:10:00Z,Detroit Pistons,Cleveland Cavaliers,,,False
2026-05-07,2026-05-06T13:18:31.605474+00:00,1966,LeBron James,LAL,blk,UNDER,0.5,-175,0.6363636363636364,0.7215335265115833,0.7215335265115833,0.08516989014794696,0.13383839880391663,betmgm,BetMGM,2026-05-08T01:40:00Z,Oklahoma City Thunder,Los Angeles Lakers,,,False
2026-05-07,2026-05-06T13:18:31.605474+00:00,3157465,Duncan Robinson,DET,blk,UNDER,0.5,-350,0.7777777777777778,0.8689035965741467,0.8689035965741467,0.09112581879636894,0.11716176702390294,betmgm,BetMGM,2026-05-07T23:10:00Z,Detroit Pistons,Cleveland Cavaliers,,,False
2026-05-07,2026-05-06T13:18:31.605474+00:00,6440,Tobias Harris,DET,blk,UNDER,0.5,-150,0.6,0.6659626073130485,0.6659626073130485,0.06596260731304848,0.10993767885508077,betmgm,BetMGM,2026-05-07T23:10:00Z,Detroit Pistons,Cleveland Cavaliers,,,False
2026-05-07,2026-05-06T13:18:31.605474+00:00,2990992,Marcus Smart,LAL,blk,UNDER,0.5,100,0.5,0.5516290037482274,0.5516290037482274,0.05162900374822743,0.10325800749645486,betmgm,BetMGM,2026-05-08T01:40:00Z,Oklahoma City Thunder,Los Angeles Lakers,,,False
2026-05-07,2026-05-06T13:18:31.605474+00:00,4900671,Ajay Mitchell,OKC,blk,OVER,0.5,320,0.23809523809523808,0.24923729754552026,0.24923729754552026,0.011142059450282182,0.04679664969118513,betmgm,BetMGM,2026-05-08T01:40:00Z,Oklahoma City Thunder,Los Angeles Lakers,,,False
2026-05-07,2026-05-06T13:18:31.605474+00:00,4397020,Luguentz Dort,OKC,blk,UNDER,0.5,-250,0.7142857142857143,0.7469166161673533,0.7469166161673533,0.032630901881638974,0.04568326263429462,betmgm,BetMGM,2026-05-08T01:40:00Z,Oklahoma City Thunder,Los Angeles Lakers,,,False
2026-05-07,2026-05-06T13:18:31.605474+00:00,3908809,Donovan Mitchell,CLE,blk,UNDER,0.5,-235,0.7014925373134329,0.726665978059497,0.726665978059497,0.02517344074606409,0.0358855431911978,betmgm,BetMGM,2026-05-07T23:10:00Z,Detroit Pistons,Cleveland Cavaliers,,,False
2026-05-07,2026-05-06T13:18:31.605474+00:00,4066457,Austin Reaves,LAL,blk,UNDER,0.5,-120,0.5454545454545454,0.5634674178696218,0.5634674178696218,0.01801287241507643,0.03302359942764005,betmgm,BetMGM,2026-05-08T01:40:00Z,Oklahoma City Thunder,Los Angeles Lakers,,,False
2026-05-07,2026-05-06T13:18:31.605474+00:00,6440,Tobias Harris,DET,dd,YES,,533,0.1579778830963665,0.18659226775719467,0.18659226775719467,0.028614384660828163,0.18112905490304232,draftkings,DraftKings,2026-05-07T23:10:00Z,Detroit Pistons,Cleveland Cavaliers,,,False
2026-05-07,2026-05-06T13:18:31.605474+00:00,6440,Tobias Harris,DET,dd,YES,,500,0.16666666666666666,0.18659226775719467,0.18659226775719467,0.019925601090528017,0.11955360654316816,fanduel,FanDuel,2026-05-07T23:10:00Z,Detroit Pistons,Cleveland Cavaliers,,,False
2026-05-07,2026-05-06T13:18:31.605474+00:00,6440,Tobias Harris,DET,dd,YES,,500,0.16666666666666666,0.18659226775719467,0.18659226775719467,0.019925601090528017,0.11955360654316816,williamhill_us,Caesars,2026-05-07T23:10:00Z,Detroit Pistons,Cleveland Cavaliers,,,False
2026-05-07,2026-05-06T13:18:31.605474+00:00,6440,Tobias Harris,DET,dd,YES,,500,0.16666666666666666,0.18659226775719467,0.18659226775719467,0.019925601090528017,0.11955360654316816,betmgm,BetMGM,2026-05-07T23:10:00Z,Detroit Pistons,Cleveland Cavaliers,,,False
2026-05-07,2026-05-06T13:18:31.605474+00:00,6440,Tobias Harris,DET,dd,YES,,500,0.16666666666666666,0.18659226775719467,0.18659226775719467,0.019925601090528017,0.11955360654316816,bovada,Bovada,2026-05-07T23:10:00Z,Detroit Pistons,Cleveland Cavaliers,,,False
2026-05-07,2026-05-06T13:18:31.605474+00:00,4900671,Ajay Mitchell,OKC,pa,UNDER,17.5,135,0.425531914893617,0.5449212418713196,0.9682106738831742,0.1193893269777026,0.2805649183976012,bovada,Bovada,2026-05-08T01:40:00Z,Oklahoma City Thunder,Los Angeles Lakers,,,False
2026-05-07,2026-05-06T13:18:31.605474+00:00,4066457,Austin Reaves,LAL,pa,UNDER,22.5,115,0.46511627906976744,0.5805906976744186,0.9971736840356764,0.11547441860465119,0.24827,bovada,Bovada,2026-05-08T01:40:00Z,Oklahoma City Thunder,Los Angeles Lakers,,,False
2026-05-07,2026-05-06T13:18:31.605474+00:00,4278073,Shai Gilgeous-Alexander,OKC,pa,UNDER,35.5,105,0.4878048780487805,0.5982878048780488,0.9998051632746799,0.1104829268292683,0.22648999999999997,bovada,Bovada,2026-05-08T01:40:00Z,Oklahoma City Thunder,Los Angeles Lakers,,,False
2026-05-07,2026-05-06T13:18:31.605474+00:00,4900671,Ajay Mitchell,OKC,pa,UNDER,18.5,105,0.4878048780487805,0.5963407338013499,0.9811496769240962,0.10853585575256941,0.2224985042927673,bovada,Bovada,2026-05-08T01:40:00Z,Oklahoma City Thunder,Los Angeles Lakers,,,False
2026-05-07,2026-05-06T13:18:31.605474+00:00,1966,LeBron James,LAL,pa,UNDER,27.5,105,0.4878048780487805,0.5886919422149355,0.946382442440394,0.100887064166155,0.20681848154061777,bovada,Bovada,2026-05-08T01:40:00Z,Oklahoma City Thunder,Los Angeles Lakers,,,False
2026-05-07,2026-05-06T13:18:31.605474+00:00,4066457,Austin Reaves,LAL,pa,UNDER,24.5,-105,0.5121951219512195,0.6173121951219512,0.9993454441633691,0.10511707317073171,0.20522857142857143,betmgm,BetMGM,2026-05-08T01:40:00Z,Oklahoma City Thunder,Los Angeles Lakers,,,False
2026-05-07,2026-05-06T13:18:31.605474+00:00,4900671,Ajay Mitchell,OKC,pa,UNDER,19.5,-105,0.5121951219512195,0.6171595267946653,0.9893060530577915,0.10496440484344582,0.2049305046943466,betmgm,BetMGM,2026-05-08T01:40:00Z,Oklahoma City Thunder,Los Angeles Lakers,,,False
2026-05-07,2026-05-06T13:18:31.605474+00:00,4066457,Austin Reaves,LAL,pa,UNDER,23.5,-106,0.5145631067961165,0.6191592233009708,0.9986079733303059,0.10459611650485434,0.20327169811320744,fanduel,FanDuel,2026-05-08T01:40:00Z,Oklahoma City Thunder,Los Angeles Lakers,,,False
2026-05-07,2026-05-06T13:18:31.605474+00:00,3908809,Donovan Mitchell,CLE,pa,UNDER,27.5,110,0.47619047619047616,0.5726464359054956,0.9146266567132917,0.09645595971501941,0.20255751540154077,bovada,Bovada,2026-05-07T23:10:00Z,Detroit Pistons,Cleveland Cavaliers,,,False
2026-05-07,2026-05-06T13:18:31.605474+00:00,4278073,Shai Gilgeous-Alexander,OKC,pa,UNDER,35.5,-110,0.5238095238095238,0.6263714285714286,0.9998051632746799,0.10256190476190474,0.19579999999999997,betmgm,BetMGM,2026-05-08T01:40:00Z,Oklahoma City Thunder,Los Angeles Lakers,,,False
2026-05-07,2026-05-06T13:18:31.605474+00:00,4066457,Austin Reaves,LAL,pa,UNDER,23.5,-110,0.5238095238095238,0.6263714285714286,0.9986079733303059,0.10256190476190474,0.19579999999999997,bovada,Bovada,2026-05-08T01:40:00Z,Oklahoma City Thunder,Los Angeles Lakers,,,False
2026-05-07,2026-05-06T13:18:31.605474+00:00,4066457,Austin Reaves,LAL,pa,UNDER,23.5,-112,0.5283018867924528,0.6298754716981132,0.9986079733303059,0.10157358490566037,0.19226428571428578,draftkings,DraftKings,2026-05-08T01:40:00Z,Oklahoma City Thunder,Los Angeles Lakers,,,False
2026-05-07,2026-05-06T13:18:31.605474+00:00,4278073,Shai Gilgeous-Alexander,OKC,pa,UNDER,36.5,-114,0.5327102803738317,0.6333140186915888,0.9999016507010783,0.10060373831775704,0.18885263157894727,draftkings,DraftKings,2026-05-08T01:40:00Z,Oklahoma City Thunder,Los Angeles Lakers,,,False
2026-05-07,2026-05-06T13:18:31.605474+00:00,4900671,Ajay Mitchell,OKC,pa,UNDER,19.5,-114,0.5327102803738317,0.6331613503643029,0.9893060530577915,0.10045106999047115,0.1885660436663229,fanduel,FanDuel,2026-05-08T01:40:00Z,Oklahoma City Thunder,Los Angeles Lakers,,,False
2026-05-07,2026-05-06T13:18:31.605474+00:00,4278073,Shai Gilgeous-Alexander,OKC,pa,UNDER,36.5,-115,0.5348837209302325,0.6350093023255814,0.9999016507010783,0.10012558139534888,0.18719130434782605,bovada,Bovada,2026-05-08T01:40:00Z,Oklahoma City Thunder,Los Angeles Lakers,,,False
2026-05-07,2026-05-06T13:18:31.605474+00:00,1966,LeBron James,LAL,pa,UNDER,28.5,-110,0.5238095238095238,0.6201454407513809,0.9617000553634194,0.09633591694185706,0.18391402325263628,fanduel,FanDuel,2026-05-08T01:40:00Z,Oklahoma City Thunder,Los Angeles Lakers,,,False
2026-05-07,2026-05-06T13:18:31.605474+00:00,4432166,Cade Cunningham,DET,pa,UNDER,36.5,110,0.47619047619047616,0.562636250907097,0.8691258158114802,0.08644577471662085,0.18153612690490373,bovada,Bovada,2026-05-07T23:10:00Z,Detroit Pistons,Cleveland Cavaliers,,,False
2026-05-07,2026-05-06T13:18:31.605474+00:00,3157465,Duncan Robinson,DET,pa,OVER,13.5,110,0.47619047619047616,0.5619408584408936,0.8659649409651006,0.08575038225041742,0.18007580272587653,bovada,Bovada,2026-05-07T23:10:00Z,Detroit Pistons,Cleveland Cavaliers,,,False
2026-05-07,2026-05-06T13:18:31.605474+00:00,4900671,Ajay Mitchell,OKC,pa,UNDER,19.5,-120,0.5454545454545454,0.6431018771272595,0.9893060530577915,0.09764733167271411,0.17902010806664248,bovada,Bovada,2026-05-08T01:40:00Z,Oklahoma City Thunder,Los Angeles Lakers,,,False
2026-05-07,2026-05-06T13:18:31.605474+00:00,1966,LeBron James,LAL,pa,UNDER,28.5,-114,0.5327102803738317,0.627088030871541,0.9617000553634194,0.09437775049770925,0.17716525093429614,draftkings,DraftKings,2026-05-08T01:40:00Z,Oklahoma City Thunder,Los Angeles Lakers,,,False
2026-05-07,2026-05-06T13:18:31.605474+00:00,4900671,Ajay Mitchell,OKC,pa,UNDER,19.5,-122,0.5495495495495496,0.6462959803213628,0.9893060530577915,0.09674643077181322,0.1760467838634635,draftkings,DraftKings,2026-05-08T01:40:00Z,Oklahoma City Thunder,Los Angeles Lakers,,,False
2026-05-07,2026-05-06T13:18:31.605474+00:00,1966,LeBron James,LAL,pa,UNDER,28.5,-115,0.5348837209302325,0.6287833145055336,0.9617000553634194,0.09389959357530109,0.17555141407556285,betmgm,BetMGM,2026-05-08T01:40:00Z,Oklahoma City Thunder,Los Angeles Lakers,,,False
2026-05-07,2026-05-06T13:18:31.605474+00:00,1966,LeBron James,LAL,pa,UNDER,28.5,-115,0.5348837209302325,0.6287833145055336,0.9617000553634194,0.09389959357530109,0.17555141407556285,bovada,Bovada,2026-05-08T01:40:00Z,Oklahoma City Thunder,Los Angeles Lakers,,,False
2026-05-07,2026-05-06T13:18:31.605474+00:00,3908809,Donovan Mitchell,CLE,pa,UNDER,28.5,-110,0.5238095238095238,0.6145780325564824,0.9363936544775172,0.09076850874695852,0.1732853348805572,bovada,Bovada,2026-05-07T23:10:00Z,Detroit Pistons,Cleveland Cavaliers,,,False
2026-05-07,2026-05-06T13:18:31.605474+00:00,4278073,Shai Gilgeous-Alexander,OKC,pa,UNDER,36.5,-125,0.5555555555555556,0.6511333333333333,0.9999016507010783,0.09557777777777776,0.17204000000000008,fanduel,FanDuel,2026-05-08T01:40:00Z,Oklahoma City Thunder,Los Angeles Lakers,,,False
2026-05-07,2026-05-06T13:18:31.605474+00:00,3908809,Donovan Mitchell,CLE,pa,UNDER,28.5,-111,0.5260663507109005,0.6163383575395561,0.9363936544775172,0.09027200682865566,0.17159813910672383,draftkings,DraftKings,2026-05-07T23:10:00Z,Detroit Pistons,Cleveland Cavaliers,,,False
2026-05-07,2026-05-06T13:18:31.605474+00:00,4222252,Isaiah Hartenstein,OKC,pa,UNDER,9.5,125,0.4444444444444444,0.5201568621052249,0.7885917974479922,0.07571241766078052,0.17035293973675614,bovada,Bovada,2026-05-08T01:40:00Z,Oklahoma City Thunder,Los Angeles Lakers,,,False
2026-05-07,2026-05-06T13:18:31.605474+00:00,3992,James Harden,CLE,pa,UNDER,23.5,125,0.4444444444444444,0.5199616341644893,0.7877043977173754,0.07551718972004484,0.16991367687010084,bovada,Bovada,2026-05-07T23:10:00Z,Detroit Pistons,Cleveland Cavaliers,,,False
2026-05-07,2026-05-06T13:18:31.605474+00:00,3908809,Donovan Mitchell,CLE,pa,UNDER,28.5,-115,0.5348837209302325,0.6232159063106352,0.9363936544775172,0.08833218538040266,0.16514278136336136,betmgm,BetMGM,2026-05-07T23:10:00Z,Detroit Pistons,Cleveland Cavaliers,,,False
2026-05-07,2026-05-06T13:18:31.605474+00:00,4066457,Austin Reaves,LAL,pa,UNDER,24.5,-135,0.574468085106383,0.6658851063829787,0.9993454441633691,0.09141702127659568,0.1591333333333333,bovada,Bovada,2026-05-08T01:40:00Z,Oklahoma City Thunder,Los Angeles Lakers,,,False
2026-05-07,2026-05-06T13:18:31.605474+00:00,4278073,Shai Gilgeous-Alexander,OKC,pa,UNDER,37.5,-135,0.574468085106383,0.6658851063829787,0.9999517958574744,0.09141702127659568,0.1591333333333333,bovada,Bovada,2026-05-08T01:40:00Z,Oklahoma City Thunder,Los Angeles Lakers,,,False
2026-05-07,2026-05-06T13:18:31.605474+00:00,4432166,Cade Cunningham,DET,pa,UNDER,37.5,-110,0.5238095238095238,0.605273036521587,0.8940982179552659,0.0814635127120632,0.15552125154121155,bovada,Bovada,2026-05-07T23:10:00Z,Detroit Pistons,Cleveland Cavaliers,,,False
2026-05-07,2026-05-06T13:18:31.605474+00:00,3908809,Donovan Mitchell,CLE,pa,UNDER,28.5,-122,0.5495495495495496,0.6346552526337025,0.9363936544775172,0.08510570308415288,0.1548644761039505,fanduel,FanDuel,2026-05-07T23:10:00Z,Detroit Pistons,Cleveland Cavaliers,,,False
2026-05-07,2026-05-06T13:18:31.605474+00:00,3992,James Harden,CLE,pa,UNDER,24.5,105,0.4878048780487805,0.5629395563548444,0.8293261430763437,0.0751346783060639,0.154026090527431,bovada,Bovada,2026-05-07T23:10:00Z,Detroit Pistons,Cleveland Cavaliers,,,False
2026-05-07,2026-05-06T13:18:31.605474+00:00,4432166,Cade Cunningham,DET,pa,UNDER,37.5,-111,0.5260663507109005,0.6070333615046608,0.8940982179552659,0.08096701079376034,0.15391026376111194,draftkings,DraftKings,2026-05-07T23:10:00Z,Detroit Pistons,Cleveland Cavaliers,,,False
2026-05-07,2026-05-06T13:18:31.605474+00:00,1966,LeBron James,LAL,pa,UNDER,29.5,-135,0.574468085106383,0.6621990163384308,0.973245045252055,0.08773093123204778,0.1527168062187499,bovada,Bovada,2026-05-08T01:40:00Z,Oklahoma City Thunder,Los Angeles Lakers,,,False
2026-05-07,2026-05-06T13:18:31.605474+00:00,3908809,Donovan Mitchell,CLE,pa,UNDER,29.5,-130,0.5652173913043478,0.6506563182306531,0.9535761500602811,0.08543892692630528,0.15116117840807852,bovada,Bovada,2026-05-07T23:10:00Z,Detroit Pistons,Cleveland Cavaliers,,,False
2026-05-07,2026-05-06T13:18:31.605474+00:00,4222252,Isaiah Hartenstein,OKC,pa,UNDER,10.5,-105,0.5121951219512195,0.5895369074745682,0.8637486925118951,0.0773417855233487,0.15100062887891885,betmgm,BetMGM,2026-05-08T01:40:00Z,Oklahoma City Thunder,Los Angeles Lakers,,,False
2026-05-07,2026-05-06T13:18:31.605474+00:00,4066328,Jarrett Allen,CLE,pa,UNDER,10.5,140,0.4166666666666667,0.478242718385206,0.6965578108418453,0.061576051718539304,0.14778252412449444,bovada,Bovada,2026-05-07T23:10:00Z,Detroit Pistons,Cleveland Cavaliers,,,False
2026-05-07,2026-05-06T13:18:31.605474+00:00,4222252,Isaiah Hartenstein,OKC,pa,UNDER,10.5,-108,0.5192307692307693,0.595024712352617,0.8637486925118951,0.07579394312184773,0.14597352008652165,draftkings,DraftKings,2026-05-08T01:40:00Z,Oklahoma City Thunder,Los Angeles Lakers,,,False
2026-05-07,2026-05-06T13:18:31.605474+00:00,4222252,Isaiah Hartenstein,OKC,pa,UNDER,10.5,-110,0.5238095238095238,0.5985961409240456,0.8637486925118951,0.07478661711452173,0.14277445085499607,bovada,Bovada,2026-05-08T01:40:00Z,Oklahoma City Thunder,Los Angeles Lakers,,,False
2026-05-07,2026-05-06T13:18:31.605474+00:00,4432166,Cade Cunningham,DET,pa,UNDER,38.5,-125,0.5555555555555556,0.6347280073926873,0.9154303366334269,0.07917245183713173,0.14251041330683722,betmgm,BetMGM,2026-05-07T23:10:00Z,Detroit Pistons,Cleveland Cavaliers,,,False
2026-05-07,2026-05-06T13:18:31.605474+00:00,3157465,Duncan Robinson,DET,pa,OVER,12.5,-120,0.5454545454545454,0.622531284356772,0.8958033586464844,0.07707673890222655,0.14130735465408195,draftkings,DraftKings,2026-05-07T23:10:00Z,Detroit Pistons,Cleveland Cavaliers,,,False
2026-05-07,2026-05-06T13:18:31.605474+00:00,3157465,Duncan Robinson,DET,pa,OVER,12.5,-120,0.5454545454545454,0.622531284356772,0.8958033586464844,0.07707673890222655,0.14130735465408195,bovada,Bovada,2026-05-07T23:10:00Z,Detroit Pistons,Cleveland Cavaliers,,,False
2026-05-07,2026-05-06T13:18:31.605474+00:00,4432166,Cade Cunningham,DET,pa,UNDER,37.5,-120,0.5454545454545454,0.622156153404704,0.8940982179552659,0.07670160795015857,0.1406196145752907,fanduel,FanDuel,2026-05-07T23:10:00Z,Detroit Pistons,Cleveland Cavaliers,,,False
2026-05-07,2026-05-06T13:18:31.605474+00:00,3992,James Harden,CLE,pa,UNDER,25.5,-114,0.5327102803738317,0.6058840612505401,0.8653183752679604,0.07317378087670834,0.1373613079615401,fanduel,FanDuel,2026-05-07T23:10:00Z,Detroit Pistons,Cleveland Cavaliers,,,False
2026-05-07,2026-05-06T13:18:31.605474+00:00,4432166,Cade Cunningham,DET,pa,UNDER,38.5,-130,0.5652173913043478,0.6422642392767451,0.9154303366334269,0.07704684797239736,0.13631365410501067,bovada,Bovada,2026-05-07T23:10:00Z,Detroit Pistons,Cleveland Cavaliers,,,False
2026-05-07,2026-05-06T13:18:31.605474+00:00,3157465,Duncan Robinson,DET,pa,OVER,13.5,-115,0.5348837209302325,0.6077215893379035,0.8659649409651006,0.07283786840767104,0.13617514528390662,betmgm,BetMGM,2026-05-07T23:10:00Z,Detroit Pistons,Cleveland Cavaliers,,,False
2026-05-07,2026-05-06T13:18:31.605474+00:00,3992,James Harden,CLE,pa,UNDER,25.5,-118,0.5412844036697247,0.6125718774213366,0.8653183752679604,0.07128747375161182,0.1317005871004353,betmgm,BetMGM,2026-05-07T23:10:00Z,Detroit Pistons,Cleveland Cavaliers,,,False
2026-05-07,2026-05-06T13:18:31.605474+00:00,4222252,Isaiah Hartenstein,OKC,pa,UNDER,11.5,-136,0.576271186440678,0.6514963575080206,0.9182037822013265,0.07522517106734261,0.13053779685215344,fanduel,FanDuel,2026-05-08T01:40:00Z,Oklahoma City Thunder,Los Angeles Lakers,,,False
2026-05-07,2026-05-06T13:18:31.605474+00:00,4066328,Jarrett Allen,CLE,pa,UNDER,11.5,105,0.4878048780487805,0.5507380073131846,0.7738645565233446,0.06293312926440409,0.12901291499202838,bovada,Bovada,2026-05-07T23:10:00Z,Detroit Pistons,Cleveland Cavaliers,,,False
2026-05-07,2026-05-06T13:18:31.605474+00:00,3992,James Harden,CLE,pa,UNDER,25.5,-120,0.5454545454545454,0.6158245880134967,0.8653183752679604,0.0703700425589513,0.12901174469141063,bovada,Bovada,2026-05-07T23:10:00Z,Detroit Pistons,Cleveland Cavaliers,,,False
2026-05-07,2026-05-06T13:18:31.605474+00:00,3992,James Harden,CLE,pa,UNDER,25.5,-122,0.5495495495495496,0.6190186912076,0.8653183752679604,0.0694691416580504,0.12641106104989508,draftkings,DraftKings,2026-05-07T23:10:00Z,Detroit Pistons,Cleveland Cavaliers,,,False
2026-05-07,2026-05-06T13:18:31.605474+00:00,4066328,Jarrett Allen,CLE,pa,UNDER,11.5,100,0.5,0.5602502024351358,0.7738645565233446,0.06025020243513579,0.12050040487027158,betmgm,BetMGM,2026-05-07T23:10:00Z,Detroit Pistons,Cleveland Cavaliers,,,False
2026-05-07,2026-05-06T13:18:31.605474+00:00,4222252,Isaiah Hartenstein,OKC,pa,UNDER,11.5,-150,0.6,0.6700048320842918,0.9182037822013265,0.07000483208429187,0.11667472014048641,bovada,Bovada,2026-05-08T01:40:00Z,Oklahoma City Thunder,Los Angeles Lakers,,,False
2026-05-07,2026-05-06T13:18:31.605474+00:00,4433255,Chet Holmgren,OKC,pa,UNDER,16.5,125,0.4444444444444444,0.4953980852486153,0.676051902645221,0.05095364080417086,0.11464569180938433,bovada,Bovada,2026-05-08T01:40:00Z,Oklahoma City Thunder,Los Angeles Lakers,,,False
2026-05-07,2026-05-06T13:18:31.605474+00:00,4066328,Jarrett Allen,CLE,pa,UNDER,12.5,-130,0.5652173913043478,0.6253627921295106,0.8386055768732696,0.06014540082516284,0.10641109376759572,draftkings,DraftKings,2026-05-07T23:10:00Z,Detroit Pistons,Cleveland Cavaliers,,,False
2026-05-07,2026-05-06T13:18:31.605474+00:00,4066328,Jarrett Allen,CLE,pa,UNDER,12.5,-130,0.5652173913043478,0.6253627921295106,0.8386055768732696,0.06014540082516284,0.10641109376759572,bovada,Bovada,2026-05-07T23:10:00Z,Detroit Pistons,Cleveland Cavaliers,,,False
2026-05-07,2026-05-06T13:18:31.605474+00:00,3157465,Duncan Robinson,DET,pa,OVER,11.5,-165,0.6226415094339622,0.6881713860629173,0.9205045850201217,0.06552987662895504,0.10524495337377626,bovada,Bovada,2026-05-07T23:10:00Z,Detroit Pistons,Cleveland Cavaliers,,,False
2026-05-07,2026-05-06T13:18:31.605474+00:00,4433255,Chet Holmgren,OKC,pa,UNDER,17.5,-105,0.5121951219512195,0.5612015817757932,0.7349517575174633,0.049006459824573634,0.09567927870511994,draftkings,DraftKings,2026-05-08T01:40:00Z,Oklahoma City Thunder,Los Angeles Lakers,,,False
2026-05-07,2026-05-06T13:18:31.605474+00:00,4433255,Chet Holmgren,OKC,pa,UNDER,17.5,-105,0.5121951219512195,0.5612015817757932,0.7349517575174633,0.049006459824573634,0.09567927870511994,betmgm,BetMGM,2026-05-08T01:40:00Z,Oklahoma City Thunder,Los Angeles Lakers,,,False
2026-05-07,2026-05-06T13:18:31.605474+00:00,4433255,Chet Holmgren,OKC,pa,UNDER,17.5,-105,0.5121951219512195,0.5612015817757932,0.7349517575174633,0.049006459824573634,0.09567927870511994,bovada,Bovada,2026-05-08T01:40:00Z,Oklahoma City Thunder,Los Angeles Lakers,,,False
2026-05-07,2026-05-06T13:18:31.605474+00:00,4433255,Chet Holmgren,OKC,pa,UNDER,17.5,-106,0.5145631067961165,0.5630486099548128,0.7349517575174633,0.048485503158696264,0.0942265438744474,fanduel,FanDuel,2026-05-08T01:40:00Z,Oklahoma City Thunder,Los Angeles Lakers,,,False
2026-05-07,2026-05-06T13:18:31.605474+00:00,5107199,Daniss Jenkins,DET,pa,OVER,11.5,100,0.5,0.5449812214079057,0.7044600973086625,0.044981221407905725,0.08996244281581145,bovada,Bovada,2026-05-07T23:10:00Z,Detroit Pistons,Cleveland Cavaliers,,,False
2026-05-07,2026-05-06T13:18:31.605474+00:00,3912848,Dean Wade,CLE,pa,OVER,5.5,-135,0.574468085106383,0.624408292164817,0.8014690262810827,0.04994020705843394,0.08693295302764431,betmgm,BetMGM,2026-05-07T23:10:00Z,Detroit Pistons,Cleveland Cavaliers,,,False
2026-05-07,2026-05-06T13:18:31.605474+00:00,5107199,Daniss Jenkins,DET,pa,OVER,11.5,-102,0.504950495049505,0.5488426075465196,0.7044600973086625,0.043892112497014635,0.08692359533722505,draftkings,DraftKings,2026-05-07T23:10:00Z,Detroit Pistons,Cleveland Cavaliers,,,False
2026-05-07,2026-05-06T13:18:31.605474+00:00,4433255,Chet Holmgren,OKC,pa,UNDER,18.5,-130,0.5652173913043478,0.6141995733996507,0.7878636735557245,0.04898218209530292,0.08666078370707436,bovada,Bovada,2026-05-08T01:40:00Z,Oklahoma City Thunder,Los Angeles Lakers,,,False
2026-05-07,2026-05-06T13:18:31.605474+00:00,5107199,Daniss Jenkins,DET,pa,OVER,10.5,-135,0.574468085106383,0.6171851137492853,0.7686363971195751,0.04271702864290228,0.0743592720820892,bovada,Bovada,2026-05-07T23:10:00Z,Detroit Pistons,Cleveland Cavaliers,,,False
2026-05-07,2026-05-06T13:18:31.605474+00:00,4397020,Luguentz Dort,OKC,pa,OVER,8.5,-103,0.5073891625615764,0.5431489611346481,0.6699337015300839,0.035759798573071655,0.0704780496148889,draftkings,DraftKings,2026-05-08T01:40:00Z,Oklahoma City Thunder,Los Angeles Lakers,,,False
2026-05-07,2026-05-06T13:18:31.605474+00:00,4066648,Rui Hachimura,LAL,pa,OVER,13.5,-109,0.5215311004784688,0.5573313183293939,0.6842593634372187,0.03580021785092502,0.06864445441140665,draftkings,DraftKings,2026-05-08T01:40:00Z,Oklahoma City Thunder,Los Angeles Lakers,,,False
2026-05-07,2026-05-06T13:18:31.605474+00:00,4397020,Luguentz Dort,OKC,pa,OVER,8.5,-105,0.5121951219512195,0.5468976094585697,0.6699337015300839,0.034702487507350166,0.06775247560958841,bovada,Bovada,2026-05-08T01:40:00Z,Oklahoma City Thunder,Los Angeles Lakers,,,False
2026-05-07,2026-05-06T13:18:31.605474+00:00,4066648,Rui Hachimura,LAL,pa,OVER,13.5,-110,0.5238095238095238,0.5591084885276167,0.6842593634372187,0.03529896471809291,0.067388932643632,bovada,Bovada,2026-05-08T01:40:00Z,Oklahoma City Thunder,Los Angeles Lakers,,,False
2026-05-07,2026-05-06T13:18:31.605474+00:00,4432158,Evan Mobley,CLE,pa,UNDER,18.5,-105,0.5121951219512195,0.5432546339863161,0.6533747221107498,0.031059512035096604,0.0606399996875695,betmgm,BetMGM,2026-05-07T23:10:00Z,Detroit Pistons,Cleveland Cavaliers,,,False
2026-05-07,2026-05-06T13:18:31.605474+00:00,3913174,Luke Kennard,LAL,pa,OVER,9.5,-128,0.5614035087719298,0.5941983447405897,0.7104709449931115,0.03279483596865995,0.058415801569175474,fanduel,FanDuel,2026-05-08T01:40:00Z,Oklahoma City Thunder,Los Angeles Lakers,,,False
2026-05-07,2026-05-06T13:18:31.605474+00:00,5107199,Daniss Jenkins,DET,pa,OVER,9.5,-190,0.6551724137931034,0.6923564822856773,0.8241909069411665,0.03718406849257383,0.05675463085708632,bovada,Bovada,2026-05-07T23:10:00Z,Detroit Pistons,Cleveland Cavaliers,,,False
2026-05-07,2026-05-06T13:18:31.605474+00:00,4432158,Evan Mobley,CLE,pa,UNDER,17.5,115,0.46511627906976744,0.49150142456920126,0.5850487586126484,0.026385145499433826,0.05672806282378273,bovada,Bovada,2026-05-07T23:10:00Z,Detroit Pistons,Cleveland Cavaliers,,,False
2026-05-07,2026-05-06T13:18:31.605474+00:00,4432158,Evan Mobley,CLE,pa,UNDER,19.5,-135,0.574468085106383,0.6058337613192636,0.7170393406194764,0.031365676212880556,0.054599510444644006,bovada,Bovada,2026-05-07T23:10:00Z,Detroit Pistons,Cleveland Cavaliers,,,False
2026-05-07,2026-05-06T13:18:31.605474+00:00,4432158,Evan Mobley,CLE,pa,UNDER,18.5,-110,0.5238095238095238,0.5523138674357936,0.6533747221107498,0.028504343626269746,0.05441738328651502,bovada,Bovada,2026-05-07T23:10:00Z,Detroit Pistons,Cleveland Cavaliers,,,False
2026-05-07,2026-05-06T13:18:31.605474+00:00,4066648,Rui Hachimura,LAL,pa,OVER,12.5,-145,0.5918367346938775,0.6239867648975758,0.7379732356197785,0.03215003020369822,0.054322464826938366,bovada,Bovada,2026-05-08T01:40:00Z,Oklahoma City Thunder,Los Angeles Lakers,,,False
2026-05-07,2026-05-06T13:18:31.605474+00:00,4397020,Luguentz Dort,OKC,pa,OVER,8.5,-118,0.5412844036697247,0.5695872491990037,0.6699337015300839,0.028302845529278975,0.05228830784222721,betmgm,BetMGM,2026-05-08T01:40:00Z,Oklahoma City Thunder,Los Angeles Lakers,,,False
2026-05-07,2026-05-06T13:18:31.605474+00:00,4432158,Evan Mobley,CLE,pa,UNDER,18.5,-112,0.5283018867924528,0.5558179105624782,0.6533747221107498,0.027516023770025377,0.052083902136119464,draftkings,DraftKings,2026-05-07T23:10:00Z,Detroit Pistons,Cleveland Cavaliers,,,False
2026-05-07,2026-05-06T13:18:31.605474+00:00,4433621,Jalen Duren,DET,pa,UNDER,17.5,-125,0.5555555555555556,0.5843368456509102,0.6863796014435308,0.028781290095354573,0.051806322171638275,betmgm,BetMGM,2026-05-07T23:10:00Z,Detroit Pistons,Cleveland Cavaliers,,,False
2026-05-07,2026-05-06T13:18:31.605474+00:00,4432158,Evan Mobley,CLE,pa,UNDER,18.5,-114,0.5327102803738317,0.5592564575559537,0.6533747221107498,0.026546177182121933,0.04983229751731649,fanduel,FanDuel,2026-05-07T23:10:00Z,Detroit Pistons,Cleveland Cavaliers,,,False
2026-05-07,2026-05-06T13:18:31.605474+00:00,4397020,Luguentz Dort,OKC,pa,OVER,7.5,-150,0.6,0.6296627007082536,0.7348304577647893,0.02966270070825361,0.04943783451375594,bovada,Bovada,2026-05-08T01:40:00Z,Oklahoma City Thunder,Los Angeles Lakers,,,False
2026-05-07,2026-05-06T13:18:31.605474+00:00,4066648,Rui Hachimura,LAL,pa,OVER,13.5,-130,0.5652173913043478,0.5914066251735793,0.6842593634372187,0.026189233869231554,0.04633479838402499,betmgm,BetMGM,2026-05-08T01:40:00Z,Oklahoma City Thunder,Los Angeles Lakers,,,False
2026-05-07,2026-05-06T13:18:31.605474+00:00,4433621,Jalen Duren,DET,pa,UNDER,16.5,-105,0.5121951219512195,0.5349339738105928,0.6155535394938254,0.0227388518593733,0.044394901249252605,bovada,Bovada,2026-05-07T23:10:00Z,Detroit Pistons,Cleveland Cavaliers,,,False
2026-05-07,2026-05-06T13:18:31.605474+00:00,4433621,Jalen Duren,DET,pa,UNDER,16.5,-106,0.5145631067961165,0.5367810019896124,0.6155535394938254,0.02221789519349593,0.04317817367792609,draftkings,DraftKings,2026-05-07T23:10:00Z,Detroit Pistons,Cleveland Cavaliers,,,False
2026-05-07,2026-05-06T13:18:31.605474+00:00,4433621,Jalen Duren,DET,pa,UNDER,17.5,-135,0.574468085106383,0.5990886187005555,0.6863796014435308,0.02462053359417249,0.04285796588615215,bovada,Bovada,2026-05-07T23:10:00Z,Detroit Pistons,Cleveland Cavaliers,,,False
2026-05-07,2026-05-06T13:18:31.605474+00:00,4433621,Jalen Duren,DET,pa,UNDER,15.5,120,0.45454545454545453,0.47348507688389335,0.5406346469929038,0.018939622338438822,0.041667169144565364,bovada,Bovada,2026-05-07T23:10:00Z,Detroit Pistons,Cleveland Cavaliers,,,False
2026-05-07,2026-05-06T13:18:31.605474+00:00,4066648,Rui Hachimura,LAL,pa,OVER,11.5,-200,0.6666666666666666,0.69304537569872,0.7865698895396368,0.026378709032053416,0.03956806354808007,bovada,Bovada,2026-05-08T01:40:00Z,Oklahoma City Thunder,Los Angeles Lakers,,,False
2026-05-07,2026-05-06T13:18:31.605474+00:00,4066457,Austin Reaves,LAL,pr,UNDER,21.5,120,0.45454545454545453,0.5717557280040745,0.987319424811909,0.11721027345861995,0.2578626016089638,bovada,Bovada,2026-05-08T01:40:00Z,Oklahoma City Thunder,Los Angeles Lakers,,,False
2026-05-07,2026-05-06T13:18:31.605474+00:00,4900671,Ajay Mitchell,OKC,pr,UNDER,17.5,120,0.45454545454545453,0.5676318620263977,0.9685745794588327,0.11308640748094317,0.24879009645807493,bovada,Bovada,2026-05-08T01:40:00Z,Oklahoma City Thunder,Los Angeles Lakers,,,False
2026-05-07,2026-05-06T13:18:31.605474+00:00,4222252,Isaiah Hartenstein,OKC,pr,UNDER,14.5,135,0.425531914893617,0.5309963057104712,0.9049155095156811,0.10546439081685416,0.24784131841960733,bovada,Bovada,2026-05-08T01:40:00Z,Oklahoma City Thunder,Los Angeles Lakers,,,False
2026-05-07,2026-05-06T13:18:31.605474+00:00,4278073,Shai Gilgeous-Alexander,OKC,pr,UNDER,32.5,105,0.4878048780487805,0.5982878048780488,0.9987692960735622,0.1104829268292683,0.22648999999999997,bovada,Bovada,2026-05-08T01:40:00Z,Oklahoma City Thunder,Los Angeles Lakers,,,False
2026-05-07,2026-05-06T13:18:31.605474+00:00,4066457,Austin Reaves,LAL,pr,UNDER,22.5,100,0.5,0.6078,0.9929392850697729,0.1078,0.2156,bovada,Bovada,2026-05-08T01:40:00Z,Oklahoma City Thunder,Los Angeles Lakers,,,False
2026-05-07,2026-05-06T13:18:31.605474+00:00,4278073,Shai Gilgeous-Alexander,OKC,pr,UNDER,32.5,-102,0.504950495049505,0.6116613861386139,0.9987692960735622,0.10671089108910892,0.21132941176470588,fanduel,FanDuel,2026-05-08T01:40:00Z,Oklahoma City Thunder,Los Angeles Lakers,,,False
2026-05-07,2026-05-06T13:18:31.605474+00:00,4066457,Austin Reaves,LAL,pr,UNDER,22.5,-104,0.5098039215686274,0.6154470588235293,0.9929392850697729,0.10564313725490193,0.20722307692307684,fanduel,FanDuel,2026-05-08T01:40:00Z,Oklahoma City Thunder,Los Angeles Lakers,,,False
2026-05-07,2026-05-06T13:18:31.605474+00:00,4278073,Shai Gilgeous-Alexander,OKC,pr,UNDER,32.5,-105,0.5121951219512195,0.6173121951219512,0.9987692960735622,0.10511707317073171,0.20522857142857143,betmgm,BetMGM,2026-05-08T01:40:00Z,Oklahoma City Thunder,Los Angeles Lakers,,,False
2026-05-07,2026-05-06T13:18:31.605474+00:00,4066457,Austin Reaves,LAL,pr,UNDER,23.5,-105,0.5121951219512195,0.6173121951219512,0.9962351584900073,0.10511707317073171,0.20522857142857143,betmgm,BetMGM,2026-05-08T01:40:00Z,Oklahoma City Thunder,Los Angeles Lakers,,,False
2026-05-07,2026-05-06T13:18:31.605474+00:00,4900671,Ajay Mitchell,OKC,pr,UNDER,19.5,-105,0.5121951219512195,0.6171961033988418,0.9894723103495023,0.10500098144762227,0.20500191615964347,betmgm,BetMGM,2026-05-08T01:40:00Z,Oklahoma City Thunder,Los Angeles Lakers,,,False
2026-05-07,2026-05-06T13:18:31.605474+00:00,4222252,Isaiah Hartenstein,OKC,pr,UNDER,15.5,105,0.4878048780487805,0.5877840710607121,0.9422557553757422,0.09997919301193159,0.20495734567445978,bovada,Bovada,2026-05-08T01:40:00Z,Oklahoma City Thunder,Los Angeles Lakers,,,False
2026-05-07,2026-05-06T13:18:31.605474+00:00,4900671,Ajay Mitchell,OKC,pr,UNDER,18.5,-104,0.5098039215686274,0.6135556126627785,0.981402517451132,0.10375169109415106,0.2035129325308347,draftkings,DraftKings,2026-05-08T01:40:00Z,Oklahoma City Thunder,Los Angeles Lakers,,,False
2026-05-07,2026-05-06T13:18:31.605474+00:00,4900671,Ajay Mitchell,OKC,pr,UNDER,18.5,-105,0.5121951219512195,0.6154207489612002,0.981402517451132,0.10322562700998072,0.20153574797186713,bovada,Bovada,2026-05-08T01:40:00Z,Oklahoma City Thunder,Los Angeles Lakers,,,False
2026-05-07,2026-05-06T13:18:31.605474+00:00,4222252,Isaiah Hartenstein,OKC,pr,UNDER,16.5,-105,0.5121951219512195,0.6122438976859356,0.9669622843817471,0.10004877573471604,0.19533332405349324,betmgm,BetMGM,2026-05-08T01:40:00Z,Oklahoma City Thunder,Los Angeles Lakers,,,False
2026-05-07,2026-05-06T13:18:31.605474+00:00,4278073,Shai Gilgeous-Alexander,OKC,pr,UNDER,33.5,-114,0.5327102803738317,0.6333140186915888,0.9993234294353859,0.10060373831775704,0.18885263157894727,draftkings,DraftKings,2026-05-08T01:40:00Z,Oklahoma City Thunder,Los Angeles Lakers,,,False
2026-05-07,2026-05-06T13:18:31.605474+00:00,4278073,Shai Gilgeous-Alexander,OKC,pr,UNDER,33.5,-115,0.5348837209302325,0.6350093023255814,0.9993234294353859,0.10012558139534888,0.18719130434782605,bovada,Bovada,2026-05-08T01:40:00Z,Oklahoma City Thunder,Los Angeles Lakers,,,False
2026-05-07,2026-05-06T13:18:31.605474+00:00,4066328,Jarrett Allen,CLE,pr,UNDER,16.5,130,0.43478260869565216,0.5149176110491747,0.7990326193934816,0.0801350023535225,0.1843105054131018,bovada,Bovada,2026-05-07T23:10:00Z,Detroit Pistons,Cleveland Cavaliers,,,False
2026-05-07,2026-05-06T13:18:31.605474+00:00,4900671,Ajay Mitchell,OKC,pr,UNDER,19.5,-120,0.5454545454545454,0.643138453731436,0.9894723103495023,0.09768390827689055,0.17908716517429935,fanduel,FanDuel,2026-05-08T01:40:00Z,Oklahoma City Thunder,Los Angeles Lakers,,,False
2026-05-07,2026-05-06T13:18:31.605474+00:00,4066457,Austin Reaves,LAL,pr,UNDER,23.5,-124,0.5535714285714286,0.6495857142857143,0.9962351584900073,0.09601428571428572,0.1734451612903226,draftkings,DraftKings,2026-05-08T01:40:00Z,Oklahoma City Thunder,Los Angeles Lakers,,,False
2026-05-07,2026-05-06T13:18:31.605474+00:00,4066457,Austin Reaves,LAL,pr,UNDER,23.5,-125,0.5555555555555556,0.6511333333333333,0.9962351584900073,0.09557777777777776,0.17204000000000008,bovada,Bovada,2026-05-08T01:40:00Z,Oklahoma City Thunder,Los Angeles Lakers,,,False
2026-05-07,2026-05-06T13:18:31.605474+00:00,3157465,Duncan Robinson,DET,pr,OVER,13.5,-103,0.5073891625615764,0.5943921217682586,0.9028571589555867,0.08700295920668222,0.1714718516403544,draftkings,DraftKings,2026-05-07T23:10:00Z,Detroit Pistons,Cleveland Cavaliers,,,False
2026-05-07,2026-05-06T13:18:31.605474+00:00,1966,LeBron James,LAL,pr,UNDER,26.5,105,0.4878048780487805,0.5703263183298406,0.8629023338717812,0.08252144028106012,0.16916895257617326,bovada,Bovada,2026-05-08T01:40:00Z,Oklahoma City Thunder,Los Angeles Lakers,,,False
2026-05-07,2026-05-06T13:18:31.605474+00:00,3157465,Duncan Robinson,DET,pr,OVER,13.5,-105,0.5121951219512195,0.5981407700921804,0.9028571589555867,0.08594564814096084,0.1677986463704474,bovada,Bovada,2026-05-07T23:10:00Z,Detroit Pistons,Cleveland Cavaliers,,,False
2026-05-07,2026-05-06T13:18:31.605474+00:00,4222252,Isaiah Hartenstein,OKC,pr,UNDER,16.5,-122,0.5495495495495496,0.641380351212633,0.9669622843817471,0.09183080166308344,0.1671019505672503,fanduel,FanDuel,2026-05-08T01:40:00Z,Oklahoma City Thunder,Los Angeles Lakers,,,False
2026-05-07,2026-05-06T13:18:31.605474+00:00,4433255,Chet Holmgren,OKC,pr,UNDER,23.5,125,0.4444444444444444,0.5184632292629155,0.7808934663465861,0.07401878481847113,0.16654226584155996,bovada,Bovada,2026-05-08T01:40:00Z,Oklahoma City Thunder,Los Angeles Lakers,,,False
2026-05-07,2026-05-06T13:18:31.605474+00:00,3908809,Donovan Mitchell,CLE,pr,UNDER,27.5,110,0.47619047619047616,0.5549264331845267,0.8340811897997971,0.07873595699405056,0.16534550968750616,bovada,Bovada,2026-05-07T23:10:00Z,Detroit Pistons,Cleveland Cavaliers,,,False
2026-05-07,2026-05-06T13:18:31.605474+00:00,4900671,Ajay Mitchell,OKC,pr,UNDER,19.5,-130,0.5652173913043478,0.6585534734942817,0.9894723103495023,0.09333608218993394,0.16513306848988307,bovada,Bovada,2026-05-08T01:40:00Z,Oklahoma City Thunder,Los Angeles Lakers,,,False
2026-05-07,2026-05-06T13:18:31.605474+00:00,1966,LeBron James,LAL,pr,UNDER,27.5,-105,0.5121951219512195,0.59621099714405,0.8940854637368126,0.08401587519283049,0.16403099442409763,betmgm,BetMGM,2026-05-08T01:40:00Z,Oklahoma City Thunder,Los Angeles Lakers,,,False
2026-05-07,2026-05-06T13:18:31.605474+00:00,3912848,Dean Wade,CLE,pr,OVER,8.5,120,0.45454545454545453,0.5289943032383806,0.7929493122405727,0.07444884869292606,0.16378746712443726,bovada,Bovada,2026-05-07T23:10:00Z,Detroit Pistons,Cleveland Cavaliers,,,False
2026-05-07,2026-05-06T13:18:31.605474+00:00,4222252,Isaiah Hartenstein,OKC,pr,UNDER,16.5,-125,0.5555555555555556,0.6460650358973177,0.9669622843817471,0.0905094803417621,0.16291706461517186,bovada,Bovada,2026-05-08T01:40:00Z,Oklahoma City Thunder,Los Angeles Lakers,,,False
2026-05-07,2026-05-06T13:18:31.605474+00:00,4222252,Isaiah Hartenstein,OKC,pr,UNDER,16.5,-127,0.5594713656387665,0.6491193677622222,0.9669622843817471,0.0896480021234557,0.16023698017342092,draftkings,DraftKings,2026-05-08T01:40:00Z,Oklahoma City Thunder,Los Angeles Lakers,,,False
2026-05-07,2026-05-06T13:18:31.605474+00:00,4278073,Shai Gilgeous-Alexander,OKC,pr,UNDER,34.5,-135,0.574468085106383,0.6658851063829787,0.9996387330030073,0.09141702127659568,0.1591333333333333,bovada,Bovada,2026-05-08T01:40:00Z,Oklahoma City Thunder,Los Angeles Lakers,,,False
2026-05-07,2026-05-06T13:18:31.605474+00:00,3157465,Duncan Robinson,DET,pr,OVER,14.5,-105,0.5121951219512195,0.5919656191281581,0.8747882909373039,0.07977049717693863,0.1557423992502135,betmgm,BetMGM,2026-05-07T23:10:00Z,Detroit Pistons,Cleveland Cavaliers,,,False
2026-05-07,2026-05-06T13:18:31.605474+00:00,4066328,Jarrett Allen,CLE,pr,UNDER,17.5,100,0.5,0.5778357445757626,0.8537988389807388,0.07783574457576259,0.15567148915152518,bovada,Bovada,2026-05-07T23:10:00Z,Detroit Pistons,Cleveland Cavaliers,,,False
2026-05-07,2026-05-06T13:18:31.605474+00:00,1966,LeBron James,LAL,pr,UNDER,27.5,-112,0.5283018867924528,0.608774273720212,0.8940854637368126,0.08047238692775915,0.15232273239897265,fanduel,FanDuel,2026-05-08T01:40:00Z,Oklahoma City Thunder,Los Angeles Lakers,,,False
2026-05-07,2026-05-06T13:18:31.605474+00:00,4433255,Chet Holmgren,OKC,pr,UNDER,24.5,105,0.4878048780487805,0.561991683853528,0.8250176317067239,0.07418680580474757,0.15208295189973253,bovada,Bovada,2026-05-08T01:40:00Z,Oklahoma City Thunder,Los Angeles Lakers,,,False
2026-05-07,2026-05-06T13:18:31.605474+00:00,1966,LeBron James,LAL,pr,UNDER,27.5,-115,0.5348837209302325,0.6139081043476802,0.8940854637368126,0.07902438341744766,0.1477412385630542,draftkings,DraftKings,2026-05-08T01:40:00Z,Oklahoma City Thunder,Los Angeles Lakers,,,False
2026-05-07,2026-05-06T13:18:31.605474+00:00,1966,LeBron James,LAL,pr,UNDER,27.5,-115,0.5348837209302325,0.6139081043476802,0.8940854637368126,0.07902438341744766,0.1477412385630542,bovada,Bovada,2026-05-08T01:40:00Z,Oklahoma City Thunder,Los Angeles Lakers,,,False
2026-05-07,2026-05-06T13:18:31.605474+00:00,3908809,Donovan Mitchell,CLE,pr,UNDER,28.5,-110,0.5238095238095238,0.5997776372636362,0.8691191304191255,0.07596811345411236,0.1450300347760327,bovada,Bovada,2026-05-07T23:10:00Z,Detroit Pistons,Cleveland Cavaliers,,,False
2026-05-07,2026-05-06T13:18:31.605474+00:00,3908809,Donovan Mitchell,CLE,pr,UNDER,28.5,-111,0.5260663507109005,0.60153796224671,0.8691191304191255,0.0754716115358095,0.14346405436086307,draftkings,DraftKings,2026-05-07T23:10:00Z,Detroit Pistons,Cleveland Cavaliers,,,False
2026-05-07,2026-05-06T13:18:31.605474+00:00,4433621,Jalen Duren,DET,pr,UNDER,24.5,115,0.46511627906976744,0.5317065821635781,0.7677994749507253,0.0665903030938107,0.14316915165169297,bovada,Bovada,2026-05-07T23:10:00Z,Detroit Pistons,Cleveland Cavaliers,,,False
2026-05-07,2026-05-06T13:18:31.605474+00:00,4066328,Jarrett Allen,CLE,pr,UNDER,18.5,-122,0.5495495495495496,0.626103647627225,0.8975227226298927,0.07655409807767544,0.13930335879708167,fanduel,FanDuel,2026-05-07T23:10:00Z,Detroit Pistons,Cleveland Cavaliers,,,False
2026-05-07,2026-05-06T13:18:31.605474+00:00,4066328,Jarrett Allen,CLE,pr,UNDER,18.5,-123,0.5515695067264574,0.6276792142252132,0.8975227226298927,0.07610970749875579,0.137987518473354,draftkings,DraftKings,2026-05-07T23:10:00Z,Detroit Pistons,Cleveland Cavaliers,,,False
2026-05-07,2026-05-06T13:18:31.605474+00:00,3908809,Donovan Mitchell,CLE,pr,UNDER,28.5,-115,0.5348837209302325,0.6084155110177889,0.8691191304191255,0.07353179008755639,0.13747247712021404,betmgm,BetMGM,2026-05-07T23:10:00Z,Detroit Pistons,Cleveland Cavaliers,,,False
2026-05-07,2026-05-06T13:18:31.605474+00:00,4066328,Jarrett Allen,CLE,pr,UNDER,18.5,-125,0.5555555555555556,0.6307883323119098,0.8975227226298927,0.0752327767563542,0.13541899816143765,bovada,Bovada,2026-05-07T23:10:00Z,Detroit Pistons,Cleveland Cavaliers,,,False
2026-05-07,2026-05-06T13:18:31.605474+00:00,3157465,Duncan Robinson,DET,pr,OVER,12.5,-135,0.574468085106383,0.6518068331257529,0.9260078488307915,0.07733874801936991,0.1346267095151995,bovada,Bovada,2026-05-07T23:10:00Z,Detroit Pistons,Cleveland Cavaliers,,,False
2026-05-07,2026-05-06T13:18:31.605474+00:00,1966,LeBron James,LAL,pr,UNDER,28.5,-135,0.574468085106383,0.6504386101162601,0.9197886533330971,0.07597052500987711,0.1322449879801565,bovada,Bovada,2026-05-08T01:40:00Z,Oklahoma City Thunder,Los Angeles Lakers,,,False
2026-05-07,2026-05-06T13:18:31.605474+00:00,3908809,Donovan Mitchell,CLE,pr,UNDER,28.5,-120,0.5454545454545454,0.616660754146753,0.8691191304191255,0.07120620869220762,0.13054471593571393,fanduel,FanDuel,2026-05-07T23:10:00Z,Detroit Pistons,Cleveland Cavaliers,,,False
2026-05-07,2026-05-06T13:18:31.605474+00:00,4433621,Jalen Duren,DET,pr,UNDER,26.5,-118,0.5412844036697247,0.6115669547768172,0.8607505450655996,0.07028255110709247,0.12984403509615383,betmgm,BetMGM,2026-05-07T23:10:00Z,Detroit Pistons,Cleveland Cavaliers,,,False
2026-05-07,2026-05-06T13:18:31.605474+00:00,3908809,Donovan Mitchell,CLE,pr,UNDER,29.5,-130,0.5652173913043478,0.6385787195507993,0.8986779742427634,0.07336132824645147,0.12979311920526027,bovada,Bovada,2026-05-07T23:10:00Z,Detroit Pistons,Cleveland Cavaliers,,,False
2026-05-07,2026-05-06T13:18:31.605474+00:00,4066328,Jarrett Allen,CLE,pr,UNDER,18.5,-130,0.5652173913043478,0.6383245641959676,0.8975227226298927,0.07310717289161983,0.12934345973132733,betmgm,BetMGM,2026-05-07T23:10:00Z,Detroit Pistons,Cleveland Cavaliers,,,False
2026-05-07,2026-05-06T13:18:31.605474+00:00,4433255,Chet Holmgren,OKC,pr,UNDER,26.5,-130,0.5652173913043478,0.6377687333946587,0.8949962189875791,0.07255134209031089,0.12836006677516537,betmgm,BetMGM,2026-05-08T01:40:00Z,Oklahoma City Thunder,Los Angeles Lakers,,,False
2026-05-07,2026-05-06T13:18:31.605474+00:00,4433255,Chet Holmgren,OKC,pr,UNDER,25.5,-120,0.5454545454545454,0.6153243777574834,0.8630446922860815,0.06986983230293797,0.1280946925553862,bovada,Bovada,2026-05-08T01:40:00Z,Oklahoma City Thunder,Los Angeles Lakers,,,False
2026-05-07,2026-05-06T13:18:31.605474+00:00,3912848,Dean Wade,CLE,pr,OVER,7.5,-115,0.5348837209302325,0.6033043805029378,0.8458867189879835,0.06842065957270527,0.12791688528810108,bovada,Bovada,2026-05-07T23:10:00Z,Detroit Pistons,Cleveland Cavaliers,,,False
2026-05-07,2026-05-06T13:18:31.605474+00:00,4433255,Chet Holmgren,OKC,pr,UNDER,25.5,-121,0.5475113122171946,0.6169286558323497,0.8630446922860815,0.06941734361515506,0.1267870490822255,draftkings,DraftKings,2026-05-08T01:40:00Z,Oklahoma City Thunder,Los Angeles Lakers,,,False
2026-05-07,2026-05-06T13:18:31.605474+00:00,4433621,Jalen Duren,DET,pr,UNDER,25.5,-108,0.5192307692307693,0.5849535372774515,0.8179706239884157,0.0657227680466822,0.1265771829047213,draftkings,DraftKings,2026-05-07T23:10:00Z,Detroit Pistons,Cleveland Cavaliers,,,False
2026-05-07,2026-05-06T13:18:31.605474+00:00,3912848,Dean Wade,CLE,pr,OVER,7.5,-117,0.5391705069124424,0.6066480735690615,0.8458867189879835,0.06747756665661908,0.12515070055116528,draftkings,DraftKings,2026-05-07T23:10:00Z,Detroit Pistons,Cleveland Cavaliers,,,False
2026-05-07,2026-05-06T13:18:31.605474+00:00,4433621,Jalen Duren,DET,pr,UNDER,25.5,-110,0.5238095238095238,0.58852496584888,0.8179706239884157,0.0647154420393562,0.12354766207513457,bovada,Bovada,2026-05-07T23:10:00Z,Detroit Pistons,Cleveland Cavaliers,,,False
2026-05-07,2026-05-06T13:18:31.605474+00:00,4433621,Jalen Duren,DET,pr,UNDER,25.5,-112,0.5283018867924528,0.5920290089755647,0.8179706239884157,0.06372712218311183,0.12062633841803316,fanduel,FanDuel,2026-05-07T23:10:00Z,Detroit Pistons,Cleveland Cavaliers,,,False
2026-05-07,2026-05-06T13:18:31.605474+00:00,4433255,Chet Holmgren,OKC,pr,UNDER,25.5,-128,0.5614035087719298,0.6277645691450432,0.8630446922860815,0.0663610603731134,0.11820563878960821,fanduel,FanDuel,2026-05-08T01:40:00Z,Oklahoma City Thunder,Los Angeles Lakers,,,False
2026-05-07,2026-05-06T13:18:31.605474+00:00,4433621,Jalen Duren,DET,pr,UNDER,26.5,-130,0.5652173913043478,0.6302346851318232,0.8607505450655996,0.06501729382747545,0.11503059677168731,bovada,Bovada,2026-05-07T23:10:00Z,Detroit Pistons,Cleveland Cavaliers,,,False
2026-05-07,2026-05-06T13:18:31.605474+00:00,4432158,Evan Mobley,CLE,pr,UNDER,24.5,-110,0.5238095238095238,0.5800450224762642,0.779425426840162,0.05623549866674038,0.10735867927286802,betmgm,BetMGM,2026-05-07T23:10:00Z,Detroit Pistons,Cleveland Cavaliers,,,False
2026-05-07,2026-05-06T13:18:31.605474+00:00,3912848,Dean Wade,CLE,pr,OVER,7.5,-132,0.5689655172413793,0.6298881816256322,0.8458867189879835,0.06092266438425287,0.1070761980086869,fanduel,FanDuel,2026-05-07T23:10:00Z,Detroit Pistons,Cleveland Cavaliers,,,False
2026-05-07,2026-05-06T13:18:31.605474+00:00,4432158,Evan Mobley,CLE,pr,UNDER,22.5,120,0.45454545454545453,0.5011928286907315,0.6665789733876224,0.04664737414527692,0.10262422311960917,bovada,Bovada,2026-05-07T23:10:00Z,Detroit Pistons,Cleveland Cavaliers,,,False
2026-05-07,2026-05-06T13:18:31.605474+00:00,3157465,Duncan Robinson,DET,pr,OVER,11.5,-185,0.6491228070175439,0.7141465758107989,0.9446853924414301,0.065023768793255,0.10017175192474426,bovada,Bovada,2026-05-07T23:10:00Z,Detroit Pistons,Cleveland Cavaliers,,,False
2026-05-07,2026-05-06T13:18:31.605474+00:00,3912848,Dean Wade,CLE,pr,OVER,8.5,-120,0.5454545454545454,0.5999033941474714,0.7929493122405727,0.05444884869292599,0.09982288927036426,betmgm,BetMGM,2026-05-07T23:10:00Z,Detroit Pistons,Cleveland Cavaliers,,,False
2026-05-07,2026-05-06T13:18:31.605474+00:00,4432158,Evan Mobley,CLE,pr,UNDER,23.5,100,0.5,0.549691448653629,0.7258702211528589,0.049691448653628956,0.09938289730725791,bovada,Bovada,2026-05-07T23:10:00Z,Detroit Pistons,Cleveland Cavaliers,,,False
2026-05-07,2026-05-06T13:18:31.605474+00:00,3913174,Luke Kennard,LAL,pr,OVER,11.5,105,0.4878048780487805,0.5346301007443756,0.7006467993923944,0.04682522269559508,0.09599170652596989,bovada,Bovada,2026-05-08T01:40:00Z,Oklahoma City Thunder,Los Angeles Lakers,,,False
2026-05-07,2026-05-06T13:18:31.605474+00:00,3912848,Dean Wade,CLE,pr,OVER,6.5,-170,0.6296296296296297,0.6866901125076263,0.8889954608932509,0.0570604828779967,0.09062547280623012,bovada,Bovada,2026-05-07T23:10:00Z,Detroit Pistons,Cleveland Cavaliers,,,False
2026-05-07,2026-05-06T13:18:31.605474+00:00,4432158,Evan Mobley,CLE,pr,UNDER,24.5,-125,0.5555555555555556,0.604806927238169,0.779425426840162,0.0492513716826134,0.08865246902870416,bovada,Bovada,2026-05-07T23:10:00Z,Detroit Pistons,Cleveland Cavaliers,,,False
2026-05-07,2026-05-06T13:18:31.605474+00:00,4432166,Cade Cunningham,DET,pr,UNDER,31.5,120,0.45454545454545453,0.49480670517052827,0.6375511392048805,0.04026125062507374,0.08857475137516213,bovada,Bovada,2026-05-07T23:10:00Z,Detroit Pistons,Cleveland Cavaliers,,,False
2026-05-07,2026-05-06T13:18:31.605474+00:00,4432158,Evan Mobley,CLE,pr,UNDER,24.5,-126,0.5575221238938053,0.6063408505420038,0.779425426840162,0.04881872664819853,0.08756374779756237,draftkings,DraftKings,2026-05-07T23:10:00Z,Detroit Pistons,Cleveland Cavaliers,,,False
2026-05-07,2026-05-06T13:18:31.605474+00:00,4397077,Jaxson Hayes,LAL,pr,UNDER,6.5,175,0.36363636363636365,0.3951667996089808,0.5069565271482599,0.03153043597261718,0.08670869892469724,bovada,Bovada,2026-05-08T01:40:00Z,Oklahoma City Thunder,Los Angeles Lakers,,,False
2026-05-07,2026-05-06T13:18:31.605474+00:00,3913174,Luke Kennard,LAL,pr,OVER,10.5,-122,0.5495495495495496,0.5966013575113237,0.7634214039212501,0.047051807961774106,0.08561886366814642,fanduel,FanDuel,2026-05-08T01:40:00Z,Oklahoma City Thunder,Los Angeles Lakers,,,False
2026-05-07,2026-05-06T13:18:31.605474+00:00,4432166,Cade Cunningham,DET,pr,UNDER,33.5,-110,0.5238095238095238,0.5683593601212316,0.7263087797718315,0.044549836311707725,0.0850496875041693,betmgm,BetMGM,2026-05-07T23:10:00Z,Detroit Pistons,Cleveland Cavaliers,,,False
2026-05-07,2026-05-06T13:18:31.605474+00:00,4432158,Evan Mobley,CLE,pr,UNDER,23.5,-110,0.5238095238095238,0.5682628772250575,0.7258702211528589,0.04445335341553369,0.08486549288420075,fanduel,FanDuel,2026-05-07T23:10:00Z,Detroit Pistons,Cleveland Cavaliers,,,False
2026-05-07,2026-05-06T13:18:31.605474+00:00,4397077,Jaxson Hayes,LAL,pr,UNDER,7.5,120,0.45454545454545453,0.49289467889351907,0.6288601106730206,0.03834922434806454,0.08436829356574194,bovada,Bovada,2026-05-08T01:40:00Z,Oklahoma City Thunder,Los Angeles Lakers,,,False
2026-05-07,2026-05-06T13:18:31.605474+00:00,2990992,Marcus Smart,LAL,pr,OVER,13.5,100,0.5,0.5407909902056384,0.6854135918438107,0.04079099020563837,0.08158198041127673,fanduel,FanDuel,2026-05-08T01:40:00Z,Oklahoma City Thunder,Los Angeles Lakers,,,False
2026-05-07,2026-05-06T13:18:31.605474+00:00,4432166,Cade Cunningham,DET,pr,UNDER,32.5,100,0.5,0.5403148079061008,0.6832491268459124,0.04031480790610076,0.08062961581220152,bovada,Bovada,2026-05-07T23:10:00Z,Detroit Pistons,Cleveland Cavaliers,,,False
2026-05-07,2026-05-06T13:18:31.605474+00:00,4397077,Jaxson Hayes,LAL,pr,UNDER,8.5,-118,0.5412844036697247,0.584779545995261,0.7389895960585262,0.04349514232553631,0.08035543243192295,fanduel,FanDuel,2026-05-08T01:40:00Z,Oklahoma City Thunder,Los Angeles Lakers,,,False
2026-05-07,2026-05-06T13:18:31.605474+00:00,3992,James Harden,CLE,pr,UNDER,22.5,110,0.47619047619047616,0.5141764401578324,0.6488539487693679,0.03798596396735621,0.07977052433144804,bovada,Bovada,2026-05-07T23:10:00Z,Detroit Pistons,Cleveland Cavaliers,,,False
2026-05-07,2026-05-06T13:18:31.605474+00:00,3913174,Luke Kennard,LAL,pr,OVER,10.5,-129,0.5633187772925764,0.6073413551508846,0.7634214039212501,0.04402257785830821,0.07814860720583394,draftkings,DraftKings,2026-05-08T01:40:00Z,Oklahoma City Thunder,Los Angeles Lakers,,,False
2026-05-07,2026-05-06T13:18:31.605474+00:00,4397077,Jaxson Hayes,LAL,pr,UNDER,8.5,-120,0.5454545454545454,0.5880322565874212,0.7389895960585262,0.042577711132875784,0.0780591370769389,draftkings,DraftKings,2026-05-08T01:40:00Z,Oklahoma City Thunder,Los Angeles Lakers,,,False
2026-05-07,2026-05-06T13:18:31.605474+00:00,4397077,Jaxson Hayes,LAL,pr,UNDER,8.5,-120,0.5454545454545454,0.5880322565874212,0.7389895960585262,0.042577711132875784,0.0780591370769389,bovada,Bovada,2026-05-08T01:40:00Z,Oklahoma City Thunder,Los Angeles Lakers,,,False
2026-05-07,2026-05-06T13:18:31.605474+00:00,3913174,Luke Kennard,LAL,pr,OVER,10.5,-130,0.5652173913043478,0.6088222740800663,0.7634214039212501,0.0436048827757185,0.07714710029550192,bovada,Bovada,2026-05-08T01:40:00Z,Oklahoma City Thunder,Los Angeles Lakers,,,False
2026-05-07,2026-05-06T13:18:31.605474+00:00,3992,James Harden,CLE,pr,UNDER,23.5,-110,0.5238095238095238,0.5631518890331145,0.702638456644027,0.03934236522359069,0.07510815179049135,betmgm,BetMGM,2026-05-07T23:10:00Z,Detroit Pistons,Cleveland Cavaliers,,,False
2026-05-07,2026-05-06T13:18:31.605474+00:00,3992,James Harden,CLE,pr,UNDER,23.5,-110,0.5238095238095238,0.5631518890331145,0.702638456644027,0.03934236522359069,0.07510815179049135,bovada,Bovada,2026-05-07T23:10:00Z,Detroit Pistons,Cleveland Cavaliers,,,False
2026-05-07,2026-05-06T13:18:31.605474+00:00,4432166,Cade Cunningham,DET,pr,UNDER,32.5,-104,0.5098039215686274,0.5479618667296301,0.6832491268459124,0.03815794516100268,0.07484827704658215,fanduel,FanDuel,2026-05-07T23:10:00Z,Detroit Pistons,Cleveland Cavaliers,,,False
2026-05-07,2026-05-06T13:18:31.605474+00:00,4432166,Cade Cunningham,DET,pr,UNDER,33.5,-119,0.54337899543379,0.5836235479881591,0.7263087797718315,0.040244552554369095,0.07406350428072972,draftkings,DraftKings,2026-05-07T23:10:00Z,Detroit Pistons,Cleveland Cavaliers,,,False
2026-05-07,2026-05-06T13:18:31.605474+00:00,2990992,Marcus Smart,LAL,pr,OVER,14.5,115,0.46511627906976744,0.4995636381447517,0.6216951839560596,0.03444735907498425,0.07406182201121614,bovada,Bovada,2026-05-08T01:40:00Z,Oklahoma City Thunder,Los Angeles Lakers,,,False
2026-05-07,2026-05-06T13:18:31.605474+00:00,4066457,Austin Reaves,LAL,pra,UNDER,25.5,145,0.40816326530612246,0.5256089995909954,0.9874450122400904,0.11744573428487293,0.28774204899793865,bovada,Bovada,2026-05-08T01:40:00Z,Oklahoma City Thunder,Los Angeles Lakers,,,False
2026-05-07,2026-05-06T13:18:31.605474+00:00,4900671,Ajay Mitchell,OKC,pra,UNDER,20.5,140,0.4166666666666667,0.5257368082279062,0.9565912851118453,0.10907014156123956,0.261768339746975,bovada,Bovada,2026-05-08T01:40:00Z,Oklahoma City Thunder,Los Angeles Lakers,,,False
2026-05-07,2026-05-06T13:18:31.605474+00:00,4222252,Isaiah Hartenstein,OKC,pra,UNDER,16.5,150,0.4,0.4974412064421319,0.8568068939550396,0.09744120644213189,0.24360301610532975,bovada,Bovada,2026-05-08T01:40:00Z,Oklahoma City Thunder,Los Angeles Lakers,,,False
2026-05-07,2026-05-06T13:18:31.605474+00:00,4278073,Shai Gilgeous-Alexander,OKC,pra,UNDER,38.5,125,0.4444444444444444,0.5511183161890485,0.9984538702866268,0.10667387174460408,0.24001621142535912,bovada,Bovada,2026-05-08T01:40:00Z,Oklahoma City Thunder,Los Angeles Lakers,,,False
2026-05-07,2026-05-06T13:18:31.605474+00:00,1966,LeBron James,LAL,pra,UNDER,32.5,140,0.4166666666666667,0.512853335973823,0.8829714436599407,0.0961866693071563,0.23084800633717517,bovada,Bovada,2026-05-08T01:40:00Z,Oklahoma City Thunder,Los Angeles Lakers,,,False
2026-05-07,2026-05-06T13:18:31.605474+00:00,4066457,Austin Reaves,LAL,pra,UNDER,26.5,120,0.45454545454545453,0.5566171793946503,0.9923579082291708,0.10207172484919574,0.22455779466823056,bovada,Bovada,2026-05-08T01:40:00Z,Oklahoma City Thunder,Los Angeles Lakers,,,False
2026-05-07,2026-05-06T13:18:31.605474+00:00,4900671,Ajay Mitchell,OKC,pra,UNDER,21.5,115,0.46511627906976744,0.5597532792884097,0.9710154165317761,0.09463700021864224,0.20346955047008075,bovada,Bovada,2026-05-08T01:40:00Z,Oklahoma City Thunder,Los Angeles Lakers,,,False
2026-05-07,2026-05-06T13:18:31.605474+00:00,4066328,Jarrett Allen,CLE,pra,UNDER,16.5,165,0.37735849056603776,0.45201188334440967,0.6813077970084864,0.07465339277837191,0.1978314908626856,bovada,Bovada,2026-05-07T23:10:00Z,Detroit Pistons,Cleveland Cavaliers,,,False
2026-05-07,2026-05-06T13:18:31.605474+00:00,4222252,Isaiah Hartenstein,OKC,pra,UNDER,17.5,120,0.45454545454545453,0.5403826499182789,0.8995891683641912,0.08583719537282436,0.18884182982021358,bovada,Bovada,2026-05-08T01:40:00Z,Oklahoma City Thunder,Los Angeles Lakers,,,False
2026-05-07,2026-05-06T13:18:31.605474+00:00,4278073,Shai Gilgeous-Alexander,OKC,pra,UNDER,39.5,105,0.4878048780487805,0.5794079432195569,0.9990558427877119,0.09160306517077643,0.18778628360009164,bovada,Bovada,2026-05-08T01:40:00Z,Oklahoma City Thunder,Los Angeles Lakers,,,False
2026-05-07,2026-05-06T13:18:31.605474+00:00,3157465,Duncan Robinson,DET,pra,OVER,16.5,125,0.4444444444444444,0.525893050071598,0.8543094924726236,0.08144860562715361,0.18325936266109555,bovada,Bovada,2026-05-07T23:10:00Z,Detroit Pistons,Cleveland Cavaliers,,,False
2026-05-07,2026-05-06T13:18:31.605474+00:00,3908809,Donovan Mitchell,CLE,pra,UNDER,30.5,130,0.43478260869565216,0.5126768322431955,0.8146750662344091,0.07789422354754333,0.17915671415934964,bovada,Bovada,2026-05-07T23:10:00Z,Detroit Pistons,Cleveland Cavaliers,,,False
2026-05-07,2026-05-06T13:18:31.605474+00:00,1966,LeBron James,LAL,pra,UNDER,33.5,115,0.46511627906976744,0.5483108651709131,0.9056301930032242,0.08319458610114566,0.1788683601174631,bovada,Bovada,2026-05-08T01:40:00Z,Oklahoma City Thunder,Los Angeles Lakers,,,False
2026-05-07,2026-05-06T13:18:31.605474+00:00,4066457,Austin Reaves,LAL,pra,UNDER,27.5,100,0.5,0.5867110891020174,0.9954919377258136,0.08671108910201741,0.17342217820403483,bovada,Bovada,2026-05-08T01:40:00Z,Oklahoma City Thunder,Los Angeles Lakers,,,False
2026-05-07,2026-05-06T13:18:31.605474+00:00,4433255,Chet Holmgren,OKC,pra,UNDER,24.5,140,0.4166666666666667,0.48622542813157044,0.7308119702756403,0.06955876146490375,0.166941027515769,bovada,Bovada,2026-05-08T01:40:00Z,Oklahoma City Thunder,Los Angeles Lakers,,,False
2026-05-07,2026-05-06T13:18:31.605474+00:00,4432166,Cade Cunningham,DET,pra,UNDER,40.5,130,0.43478260869565216,0.5069856673251333,0.7821541238454822,0.07220305862948112,0.1660670348478066,bovada,Bovada,2026-05-07T23:10:00Z,Detroit Pistons,Cleveland Cavaliers,,,False
2026-05-07,2026-05-06T13:18:31.605474+00:00,4900671,Ajay Mitchell,OKC,pra,UNDER,22.5,-104,0.5098039215686274,0.5905845027155695,0.981211163976924,0.08078058114694209,0.1584542168651556,betrivers,BetRivers,2026-05-08T01:40:00Z,Oklahoma City Thunder,Los Angeles Lakers,,,False
2026-05-07,2026-05-06T13:18:31.605474+00:00,4278073,Shai Gilgeous-Alexander,OKC,pra,UNDER,40.5,-109,0.5215311004784688,0.60139638117779,0.9994352335244875,0.0798652806993212,0.153136180423469,draftkings,DraftKings,2026-05-08T01:40:00Z,Oklahoma City Thunder,Los Angeles Lakers,,,False
2026-05-07,2026-05-06T13:18:31.605474+00:00,4278073,Shai Gilgeous-Alexander,OKC,pra,UNDER,40.5,-110,0.5238095238095238,0.6028773563429758,0.9994352335244875,0.07906783253345195,0.1509476802911356,bovada,Bovada,2026-05-08T01:40:00Z,Oklahoma City Thunder,Los Angeles Lakers,,,False
2026-05-07,2026-05-06T13:18:31.605474+00:00,4066328,Jarrett Allen,CLE,pra,UNDER,17.5,130,0.43478260869565216,0.5001196110290661,0.742919516439384,0.06533700233341394,0.15027510536685207,bovada,Bovada,2026-05-07T23:10:00Z,Detroit Pistons,Cleveland Cavaliers,,,False
2026-05-07,2026-05-06T13:18:31.605474+00:00,4900671,Ajay Mitchell,OKC,pra,UNDER,22.5,-108,0.5192307692307693,0.5967119536959617,0.981211163976924,0.07748118446519248,0.14922302193296333,draftkings,DraftKings,2026-05-08T01:40:00Z,Oklahoma City Thunder,Los Angeles Lakers,,,False
2026-05-07,2026-05-06T13:18:31.605474+00:00,1966,LeBron James,LAL,pra,UNDER,34.5,100,0.5,0.5743534203781797,0.9248766878753124,0.07435342037817971,0.14870684075635943,bovada,Bovada,2026-05-08T01:40:00Z,Oklahoma City Thunder,Los Angeles Lakers,,,False
2026-05-07,2026-05-06T13:18:31.605474+00:00,4900671,Ajay Mitchell,OKC,pra,UNDER,23.5,-110,0.5238095238095238,0.6009077049149677,0.9881800825072983,0.07709818110544386,0.14718743665584744,betmgm,BetMGM,2026-05-08T01:40:00Z,Oklahoma City Thunder,Los Angeles Lakers,,,False
2026-05-07,2026-05-06T13:18:31.605474+00:00,3908809,Donovan Mitchell,CLE,pra,UNDER,31.5,110,0.47619047619047616,0.5452055174478305,0.8467526167086915,0.06901504125735436,0.14493158664044414,bovada,Bovada,2026-05-07T23:10:00Z,Detroit Pistons,Cleveland Cavaliers,,,False
2026-05-07,2026-05-06T13:18:31.605474+00:00,4900671,Ajay Mitchell,OKC,pra,UNDER,22.5,-110,0.5238095238095238,0.5996881441721522,0.981211163976924,0.07587862036262838,0.1448591843286542,bovada,Bovada,2026-05-08T01:40:00Z,Oklahoma City Thunder,Los Angeles Lakers,,,False
2026-05-07,2026-05-06T13:18:31.605474+00:00,4432166,Cade Cunningham,DET,pra,UNDER,41.5,115,0.46511627906976744,0.5319415265822233,0.8120911153535681,0.06682524751245583,0.14367428215178002,bovada,Bovada,2026-05-07T23:10:00Z,Detroit Pistons,Cleveland Cavaliers,,,False
2026-05-07,2026-05-06T13:18:31.605474+00:00,4278073,Shai Gilgeous-Alexander,OKC,pra,UNDER,40.5,-114,0.5327102803738317,0.6086628481097759,0.9994352335244875,0.07595256773594417,0.1425776271534389,fanduel,FanDuel,2026-05-08T01:40:00Z,Oklahoma City Thunder,Los Angeles Lakers,,,False
2026-05-07,2026-05-06T13:18:31.605474+00:00,4278073,Shai Gilgeous-Alexander,OKC,pra,UNDER,40.5,-114,0.5327102803738317,0.6086628481097759,0.9994352335244875,0.07595256773594417,0.1425776271534389,betonlineag,BetOnline.ag,2026-05-08T01:40:00Z,Oklahoma City Thunder,Los Angeles Lakers,,,False
2026-05-07,2026-05-06T13:18:31.605474+00:00,4222252,Isaiah Hartenstein,OKC,pra,UNDER,18.5,-105,0.5121951219512195,0.5835610765316522,0.9321956986477686,0.07136595458043271,0.139333530371321,bovada,Bovada,2026-05-08T01:40:00Z,Oklahoma City Thunder,Los Angeles Lakers,,,False
2026-05-07,2026-05-06T13:18:31.605474+00:00,4278073,Shai Gilgeous-Alexander,OKC,pra,UNDER,40.5,-117,0.5391705069124424,0.6128619953598728,0.9994352335244875,0.07369148844743045,0.13667566660762742,betrivers,BetRivers,2026-05-08T01:40:00Z,Oklahoma City Thunder,Los Angeles Lakers,,,False
2026-05-07,2026-05-06T13:18:31.605474+00:00,4066457,Austin Reaves,LAL,pra,UNDER,28.5,-118,0.5412844036697247,0.6138839741562849,0.9974234958340793,0.07259957048656018,0.13412463022093313,fanduel,FanDuel,2026-05-08T01:40:00Z,Oklahoma City Thunder,Los Angeles Lakers,,,False
2026-05-07,2026-05-06T13:18:31.605474+00:00,3992,James Harden,CLE,pra,UNDER,28.5,125,0.4444444444444444,0.5040294749733282,0.7293747776253676,0.05958503052888375,0.13406631868998842,bovada,Bovada,2026-05-07T23:10:00Z,Detroit Pistons,Cleveland Cavaliers,,,False
2026-05-07,2026-05-06T13:18:31.605474+00:00,3157465,Duncan Robinson,DET,pra,OVER,15.5,100,0.5,0.5666849452596827,0.8810568300553299,0.06668494525968272,0.13336989051936543,bovada,Bovada,2026-05-07T23:10:00Z,Detroit Pistons,Cleveland Cavaliers,,,False
2026-05-07,2026-05-06T13:18:31.605474+00:00,4066457,Austin Reaves,LAL,pra,UNDER,28.5,-119,0.54337899543379,0.6152454588029274,0.9974234958340793,0.07186646336913738,0.13225844939362263,draftkings,DraftKings,2026-05-08T01:40:00Z,Oklahoma City Thunder,Los Angeles Lakers,,,False
2026-05-07,2026-05-06T13:18:31.605474+00:00,4066457,Austin Reaves,LAL,pra,UNDER,28.5,-119,0.54337899543379,0.6152454588029274,0.9974234958340793,0.07186646336913738,0.13225844939362263,betonlineag,BetOnline.ag,2026-05-08T01:40:00Z,Oklahoma City Thunder,Los Angeles Lakers,,,False
2026-05-07,2026-05-06T13:18:31.605474+00:00,4066457,Austin Reaves,LAL,pra,UNDER,29.5,-120,0.5454545454545454,0.6167958412249406,0.9985736381684919,0.07134129577039516,0.13079237557905776,betmgm,BetMGM,2026-05-08T01:40:00Z,Oklahoma City Thunder,Los Angeles Lakers,,,False
2026-05-07,2026-05-06T13:18:31.605474+00:00,4066457,Austin Reaves,LAL,pra,UNDER,28.5,-120,0.5454545454545454,0.6165945663164184,0.9974234958340793,0.07114002086187299,0.13042337158010042,bovada,Bovada,2026-05-08T01:40:00Z,Oklahoma City Thunder,Los Angeles Lakers,,,False
2026-05-07,2026-05-06T13:18:31.605474+00:00,4433255,Chet Holmgren,OKC,pra,UNDER,25.5,115,0.46511627906976744,0.5253583004001058,0.7744726800271823,0.06024202133033835,0.12952034586022743,bovada,Bovada,2026-05-08T01:40:00Z,Oklahoma City Thunder,Los Angeles Lakers,,,False
2026-05-07,2026-05-06T13:18:31.605474+00:00,4432158,Evan Mobley,CLE,pra,UNDER,24.5,150,0.4,0.4514160170367258,0.5938058116384329,0.05141601703672577,0.1285400425918145,bovada,Bovada,2026-05-07T23:10:00Z,Detroit Pistons,Cleveland Cavaliers,,,False
2026-05-07,2026-05-06T13:18:31.605474+00:00,4222252,Isaiah Hartenstein,OKC,pra,UNDER,19.5,-114,0.5327102803738317,0.6010524480794331,0.9559472333511003,0.06834216770560142,0.1282914376227955,fanduel,FanDuel,2026-05-08T01:40:00Z,Oklahoma City Thunder,Los Angeles Lakers,,,False
2026-05-07,2026-05-06T13:18:31.605474+00:00,1966,LeBron James,LAL,pra,UNDER,35.5,-112,0.5283018867924528,0.5955667269294723,0.9409742886535885,0.0672648401370195,0.12732273311650122,fanduel,FanDuel,2026-05-08T01:40:00Z,Oklahoma City Thunder,Los Angeles Lakers,,,False
2026-05-07,2026-05-06T13:18:31.605474+00:00,4278073,Shai Gilgeous-Alexander,OKC,pra,UNDER,41.5,-125,0.5555555555555556,0.6235532059518383,0.999669113375584,0.0679976503962827,0.12239577071330893,bovada,Bovada,2026-05-08T01:40:00Z,Oklahoma City Thunder,Los Angeles Lakers,,,False
2026-05-07,2026-05-06T13:18:31.605474+00:00,4278073,Shai Gilgeous-Alexander,OKC,pra,UNDER,40.5,-125,0.5555555555555556,0.6235122769778965,0.9994352335244875,0.06795672142234088,0.12232209856021364,betmgm,BetMGM,2026-05-08T01:40:00Z,Oklahoma City Thunder,Los Angeles Lakers,,,False
2026-05-07,2026-05-06T13:18:31.605474+00:00,3157465,Duncan Robinson,DET,pra,OVER,15.5,-105,0.5121951219512195,0.5746117745279754,0.8810568300553299,0.06241665257675588,0.12186108360223769,betonlineag,BetOnline.ag,2026-05-07T23:10:00Z,Detroit Pistons,Cleveland Cavaliers,,,False
2026-05-07,2026-05-06T13:18:31.605474+00:00,4066457,Austin Reaves,LAL,pra,UNDER,28.5,-125,0.5555555555555556,0.623160222882075,0.9974234958340793,0.06760466732651937,0.12168840118773494,betrivers,BetRivers,2026-05-08T01:40:00Z,Oklahoma City Thunder,Los Angeles Lakers,,,False
2026-05-07,2026-05-06T13:18:31.605474+00:00,1966,LeBron James,LAL,pra,UNDER,35.5,-115,0.5348837209302325,0.599844919119029,0.9409742886535885,0.06496119818879653,0.12144919661383691,betmgm,BetMGM,2026-05-08T01:40:00Z,Oklahoma City Thunder,Los Angeles Lakers,,,False
2026-05-07,2026-05-06T13:18:31.605474+00:00,1966,LeBron James,LAL,pra,UNDER,35.5,-116,0.5370370370370371,0.601244574588452,0.9409742886535885,0.06420753755141495,0.11955886302677277,betonlineag,BetOnline.ag,2026-05-08T01:40:00Z,Oklahoma City Thunder,Los Angeles Lakers,,,False
2026-05-07,2026-05-06T13:18:31.605474+00:00,4900671,Ajay Mitchell,OKC,pra,UNDER,23.5,-125,0.5555555555555556,0.6215426255498883,0.9881800825072983,0.06598706999433268,0.11877672598979888,betonlineag,BetOnline.ag,2026-05-08T01:40:00Z,Oklahoma City Thunder,Los Angeles Lakers,,,False
2026-05-07,2026-05-06T13:18:31.605474+00:00,4433621,Jalen Duren,DET,pra,UNDER,25.5,140,0.4166666666666667,0.4648472961105576,0.6086512158698529,0.0481806294438909,0.11563351066533822,bovada,Bovada,2026-05-07T23:10:00Z,Detroit Pistons,Cleveland Cavaliers,,,False
2026-05-07,2026-05-06T13:18:31.605474+00:00,4066328,Jarrett Allen,CLE,pra,UNDER,18.5,105,0.4878048780487805,0.5441682902145963,0.79768639704508,0.05636341216581586,0.11554499493992254,bovada,Bovada,2026-05-07T23:10:00Z,Detroit Pistons,Cleveland Cavaliers,,,False
2026-05-07,2026-05-06T13:18:31.605474+00:00,1966,LeBron James,LAL,pra,UNDER,35.5,-119,0.54337899543379,0.6053668475463414,0.9409742886535885,0.06198785211255142,0.11407848413990562,draftkings,DraftKings,2026-05-08T01:40:00Z,Oklahoma City Thunder,Los Angeles Lakers,,,False
2026-05-07,2026-05-06T13:18:31.605474+00:00,4222252,Isaiah Hartenstein,OKC,pra,UNDER,20.5,-125,0.5555555555555556,0.6187956409903111,0.9724830278811429,0.06324008543475557,0.11383215378256006,betmgm,BetMGM,2026-05-08T01:40:00Z,Oklahoma City Thunder,Los Angeles Lakers,,,False
2026-05-07,2026-05-06T13:18:31.605474+00:00,4222252,Isaiah Hartenstein,OKC,pra,UNDER,19.5,-122,0.5495495495495496,0.6119979730436498,0.9559472333511003,0.06244842349410018,0.11363565586631352,betrivers,BetRivers,2026-05-08T01:40:00Z,Oklahoma City Thunder,Los Angeles Lakers,,,False
2026-05-07,2026-05-06T13:18:31.605474+00:00,3157465,Duncan Robinson,DET,pra,OVER,16.5,-105,0.5121951219512195,0.5699309904510018,0.8543094924726236,0.057735868499782295,0.11272240992814642,betmgm,BetMGM,2026-05-07T23:10:00Z,Detroit Pistons,Cleveland Cavaliers,,,False
2026-05-07,2026-05-06T13:18:31.605474+00:00,1966,LeBron James,LAL,pra,UNDER,35.5,-120,0.5454545454545454,0.6067159550598324,0.9409742886535885,0.06126140960528703,0.11231258427635948,bovada,Bovada,2026-05-08T01:40:00Z,Oklahoma City Thunder,Los Angeles Lakers,,,False
2026-05-07,2026-05-06T13:18:31.605474+00:00,4222252,Isaiah Hartenstein,OKC,pra,UNDER,19.5,-123,0.5515695067264574,0.6133109452086399,0.9559472333511003,0.0617414384821825,0.1119377299311114,betonlineag,BetOnline.ag,2026-05-08T01:40:00Z,Oklahoma City Thunder,Los Angeles Lakers,,,False
2026-05-07,2026-05-06T13:18:31.605474+00:00,4900671,Ajay Mitchell,OKC,pra,UNDER,23.5,-130,0.5652173913043478,0.6278228187866033,0.9881800825072983,0.0626054274822555,0.11076344862245202,fanduel,FanDuel,2026-05-08T01:40:00Z,Oklahoma City Thunder,Los Angeles Lakers,,,False
2026-05-07,2026-05-06T13:18:31.605474+00:00,4900671,Ajay Mitchell,OKC,pra,UNDER,23.5,-130,0.5652173913043478,0.6278228187866033,0.9881800825072983,0.0626054274822555,0.11076344862245202,bovada,Bovada,2026-05-08T01:40:00Z,Oklahoma City Thunder,Los Angeles Lakers,,,False
2026-05-07,2026-05-06T13:18:31.605474+00:00,3908809,Donovan Mitchell,CLE,pra,UNDER,32.5,-110,0.5238095238095238,0.581086899808445,0.8749183390414543,0.05727737599892113,0.10934771781612218,draftkings,DraftKings,2026-05-07T23:10:00Z,Detroit Pistons,Cleveland Cavaliers,,,False
2026-05-07,2026-05-06T13:18:31.605474+00:00,3908809,Donovan Mitchell,CLE,pra,UNDER,32.5,-110,0.5238095238095238,0.581086899808445,0.8749183390414543,0.05727737599892113,0.10934771781612218,bovada,Bovada,2026-05-07T23:10:00Z,Detroit Pistons,Cleveland Cavaliers,,,False
2026-05-07,2026-05-06T13:18:31.605474+00:00,4432166,Cade Cunningham,DET,pra,UNDER,42.5,-105,0.5121951219512195,0.5673121418772542,0.83934464347978,0.05511701992603468,0.10760941985559147,bovada,Bovada,2026-05-07T23:10:00Z,Detroit Pistons,Cleveland Cavaliers,,,False
2026-05-07,2026-05-06T13:18:31.605474+00:00,4432166,Cade Cunningham,DET,pra,UNDER,42.5,-106,0.5145631067961165,0.5688513320264372,0.83934464347978,0.05428822523032073,0.10550353205137797,fanduel,FanDuel,2026-05-07T23:10:00Z,Detroit Pistons,Cleveland Cavaliers,,,False
2026-05-07,2026-05-06T13:18:31.605474+00:00,3992,James Harden,CLE,pra,UNDER,29.5,105,0.4878048780487805,0.5390358644333286,0.7683582497235504,0.05123098638454815,0.10502352208832366,bovada,Bovada,2026-05-07T23:10:00Z,Detroit Pistons,Cleveland Cavaliers,,,False
2026-05-07,2026-05-06T13:18:31.605474+00:00,4222252,Isaiah Hartenstein,OKC,pra,UNDER,19.5,-129,0.5633187772925764,0.6209479710766173,0.9559472333511003,0.057629193784040855,0.10230298741508026,draftkings,DraftKings,2026-05-08T01:40:00Z,Oklahoma City Thunder,Los Angeles Lakers,,,False
2026-05-07,2026-05-06T13:18:31.605474+00:00,3908809,Donovan Mitchell,CLE,pra,UNDER,32.5,-114,0.5327102803738317,0.5868723915752452,0.8749183390414543,0.054162111201413454,0.10167273506230234,betonlineag,BetOnline.ag,2026-05-07T23:10:00Z,Detroit Pistons,Cleveland Cavaliers,,,False
2026-05-07,2026-05-06T13:18:31.605474+00:00,4222252,Isaiah Hartenstein,OKC,pra,UNDER,19.5,-130,0.5652173913043478,0.6221820701842686,0.9559472333511003,0.05696467887992085,0.10078366263370608,bovada,Bovada,2026-05-08T01:40:00Z,Oklahoma City Thunder,Los Angeles Lakers,,,False
2026-05-07,2026-05-06T13:18:31.605474+00:00,1966,LeBron James,LAL,pra,UNDER,35.5,-127,0.5594713656387665,0.6158268881795762,0.9409742886535885,0.056355522540809666,0.10072994973829763,betrivers,BetRivers,2026-05-08T01:40:00Z,Oklahoma City Thunder,Los Angeles Lakers,,,False
2026-05-07,2026-05-06T13:18:31.605474+00:00,3908809,Donovan Mitchell,CLE,pra,UNDER,32.5,-115,0.5348837209302325,0.5882851279369057,0.8749183390414543,0.053401407006673174,0.09983741309943239,betmgm,BetMGM,2026-05-07T23:10:00Z,Detroit Pistons,Cleveland Cavaliers,,,False
2026-05-07,2026-05-06T13:18:31.605474+00:00,4433255,Chet Holmgren,OKC,pra,UNDER,26.5,-105,0.5121951219512195,0.5628445735278785,0.8138156814833476,0.05064945157665901,0.09888702450681042,bovada,Bovada,2026-05-08T01:40:00Z,Oklahoma City Thunder,Los Angeles Lakers,,,False
2026-05-07,2026-05-06T13:18:31.605474+00:00,5107199,Daniss Jenkins,DET,pra,OVER,14.5,112,0.4716981132075472,0.51834102472784,0.7099271493881962,0.04664291152029287,0.09888297242302091,betonlineag,BetOnline.ag,2026-05-07T23:10:00Z,Detroit Pistons,Cleveland Cavaliers,,,False
2026-05-07,2026-05-06T13:18:31.605474+00:00,4433255,Chet Holmgren,OKC,pra,UNDER,26.5,-106,0.5145631067961165,0.5643837636770616,0.8138156814833476,0.04982065688094506,0.09682127657994988,draftkings,DraftKings,2026-05-08T01:40:00Z,Oklahoma City Thunder,Los Angeles Lakers,,,False
2026-05-07,2026-05-06T13:18:31.605474+00:00,4433255,Chet Holmgren,OKC,pra,UNDER,26.5,-106,0.5145631067961165,0.5643837636770616,0.8138156814833476,0.04982065688094506,0.09682127657994988,fanduel,FanDuel,2026-05-08T01:40:00Z,Oklahoma City Thunder,Los Angeles Lakers,,,False
2026-05-07,2026-05-06T13:18:31.605474+00:00,3908809,Donovan Mitchell,CLE,pra,UNDER,32.5,-118,0.5412844036697247,0.5924455717175756,0.8749183390414543,0.05116116804785087,0.09451809012230072,fanduel,FanDuel,2026-05-07T23:10:00Z,Detroit Pistons,Cleveland Cavaliers,,,False
2026-05-07,2026-05-06T13:18:31.605474+00:00,4066457,Austin Reaves,LAL,pra,UNDER,29.5,-145,0.5918367346938775,0.6469442642305064,0.9985736381684919,0.055107529536628896,0.09311272232051093,bovada,Bovada,2026-05-08T01:40:00Z,Oklahoma City Thunder,Los Angeles Lakers,,,False
2026-05-07,2026-05-06T13:18:31.605474+00:00,1966,LeBron James,LAL,pra,UNDER,36.5,-135,0.574468085106383,0.6278948333865983,0.9542318746711397,0.05342674828021532,0.09300211737667119,bovada,Bovada,2026-05-08T01:40:00Z,Oklahoma City Thunder,Los Angeles Lakers,,,False
2026-05-07,2026-05-06T13:18:31.605474+00:00,4432158,Evan Mobley,CLE,pra,UNDER,25.5,120,0.45454545454545453,0.49648223021854887,0.6487296272228769,0.04193677567309434,0.09226090648080754,bovada,Bovada,2026-05-07T23:10:00Z,Detroit Pistons,Cleveland Cavaliers,,,False
2026-05-07,2026-05-06T13:18:31.605474+00:00,4433255,Chet Holmgren,OKC,pra,UNDER,27.5,-115,0.5348837209302325,0.5836788133046473,0.8485965411428353,0.04879509237441482,0.09122560748260156,betmgm,BetMGM,2026-05-08T01:40:00Z,Oklahoma City Thunder,Los Angeles Lakers,,,False
2026-05-07,2026-05-06T13:18:31.605474+00:00,4432166,Cade Cunningham,DET,pra,UNDER,43.5,-118,0.5412844036697247,0.5905134367719707,0.8638775679237118,0.04922903310224591,0.09094855268042035,betmgm,BetMGM,2026-05-07T23:10:00Z,Detroit Pistons,Cleveland Cavaliers,,,False
2026-05-07,2026-05-06T13:18:31.605474+00:00,4433255,Chet Holmgren,OKC,pra,UNDER,26.5,-109,0.5215311004784688,0.5689129595705905,0.8138156814833476,0.04738185909212167,0.09085145458948096,betonlineag,BetOnline.ag,2026-05-08T01:40:00Z,Oklahoma City Thunder,Los Angeles Lakers,,,False
2026-05-07,2026-05-06T13:18:31.605474+00:00,3908809,Donovan Mitchell,CLE,pra,UNDER,32.5,-122,0.5495495495495496,0.5978179165394617,0.8749183390414543,0.048268366989912104,0.08783260222754508,betrivers,BetRivers,2026-05-07T23:10:00Z,Detroit Pistons,Cleveland Cavaliers,,,False
2026-05-07,2026-05-06T13:18:31.605474+00:00,4432166,Cade Cunningham,DET,pra,UNDER,43.5,-120,0.5454545454545454,0.5932240289321041,0.8638775679237118,0.047769483477558716,0.08757738637552426,bovada,Bovada,2026-05-07T23:10:00Z,Detroit Pistons,Cleveland Cavaliers,,,False
2026-05-07,2026-05-06T13:18:31.605474+00:00,4278073,Shai Gilgeous-Alexander,OKC,pra,UNDER,42.5,-150,0.6,0.6524667741465198,0.9998101379801128,0.05246677414651979,0.08744462357753291,bovada,Bovada,2026-05-08T01:40:00Z,Oklahoma City Thunder,Los Angeles Lakers,,,False
2026-05-07,2026-05-06T13:18:31.605474+00:00,4433621,Jalen Duren,DET,pra,UNDER,26.5,115,0.46511627906976744,0.5056878775336509,0.6620702636474403,0.04057159846388342,0.08722893669734932,bovada,Bovada,2026-05-07T23:10:00Z,Detroit Pistons,Cleveland Cavaliers,,,False
2026-05-07,2026-05-06T13:18:31.605474+00:00,4066328,Jarrett Allen,CLE,pra,UNDER,19.5,-117,0.5391705069124424,0.5858014995800452,0.8448038290683296,0.046630992667602844,0.08648654195615224,draftkings,DraftKings,2026-05-07T23:10:00Z,Detroit Pistons,Cleveland Cavaliers,,,False
2026-05-07,2026-05-06T13:18:31.605474+00:00,4432166,Cade Cunningham,DET,pra,UNDER,43.5,-121,0.5475113122171946,0.5945609273278261,0.8638775679237118,0.04704961511063144,0.08593359454090549,draftkings,DraftKings,2026-05-07T23:10:00Z,Detroit Pistons,Cleveland Cavaliers,,,False
2026-05-07,2026-05-06T13:18:31.605474+00:00,4432166,Cade Cunningham,DET,pra,UNDER,43.5,-121,0.5475113122171946,0.5945609273278261,0.8638775679237118,0.04704961511063144,0.08593359454090549,betrivers,BetRivers,2026-05-07T23:10:00Z,Detroit Pistons,Cleveland Cavaliers,,,False
2026-05-07,2026-05-06T13:18:31.605474+00:00,3992,James Harden,CLE,pra,UNDER,30.5,-110,0.5238095238095238,0.5686753441955259,0.8039951641104878,0.044865820386002064,0.08565292982782213,betmgm,BetMGM,2026-05-07T23:10:00Z,Detroit Pistons,Cleveland Cavaliers,,,False
2026-05-07,2026-05-06T13:18:31.605474+00:00,3157465,Duncan Robinson,DET,pra,OVER,14.5,-130,0.5652173913043478,0.6131148536792789,0.9041345676083018,0.04789746237493109,0.08474166420180113,bovada,Bovada,2026-05-07T23:10:00Z,Detroit Pistons,Cleveland Cavaliers,,,False
2026-05-07,2026-05-06T13:18:31.605474+00:00,3157465,Duncan Robinson,DET,pra,OVER,14.5,-131,0.5670995670995671,0.6143382679461714,0.9041345676083018,0.04723870084660431,0.08329877782874506,draftkings,DraftKings,2026-05-07T23:10:00Z,Detroit Pistons,Cleveland Cavaliers,,,False
2026-05-07,2026-05-06T13:18:31.605474+00:00,4278129,Deandre Ayton,LAL,pra,UNDER,16.5,165,0.37735849056603776,0.40876950644372484,0.43420850043314463,0.031411015877687076,0.08323919207587083,bovada,Bovada,2026-05-08T01:40:00Z,Oklahoma City Thunder,Los Angeles Lakers,,,False
2026-05-07,2026-05-06T13:18:31.605474+00:00,4278073,Shai Gilgeous-Alexander,OKC,pts,UNDER,25.5,175,0.36363636363636365,0.7191851105693411,0.9870780234874247,0.35554874693297744,0.9777590540656881,bovada,Bovada,2026-05-08T01:40:00Z,Oklahoma City Thunder,Los Angeles Lakers,,,False
2026-05-07,2026-05-06T13:18:31.605474+00:00,4066457,Austin Reaves,LAL,pts,UNDER,15.5,180,0.35714285714285715,0.7005954815187764,0.945767736708392,0.3434526243759192,0.9616673482525738,bovada,Bovada,2026-05-08T01:40:00Z,Oklahoma City Thunder,Los Angeles Lakers,,,False
2026-05-07,2026-05-06T13:18:31.605474+00:00,4900671,Ajay Mitchell,OKC,pts,UNDER,12.5,185,0.3508771929824561,0.6653817809045676,0.8675150686768167,0.31450458792211144,0.8963380755780176,bovada,Bovada,2026-05-08T01:40:00Z,Oklahoma City Thunder,Los Angeles Lakers,,,False
2026-05-07,2026-05-06T13:18:31.605474+00:00,3908809,Donovan Mitchell,CLE,pts,UNDER,20.5,210,0.3225806451612903,0.6012848943746113,0.7250775430546919,0.278704249213321,0.8639831725612951,bovada,Bovada,2026-05-07T23:10:00Z,Detroit Pistons,Cleveland Cavaliers,,,False
2026-05-07,2026-05-06T13:18:31.605474+00:00,4278073,Shai Gilgeous-Alexander,OKC,pts,UNDER,26.5,145,0.40816326530612246,0.7212572001296846,0.9916826669548547,0.3130939348235622,0.7670801403177274,bovada,Bovada,2026-05-08T01:40:00Z,Oklahoma City Thunder,Los Angeles Lakers,,,False
2026-05-07,2026-05-06T13:18:31.605474+00:00,3157465,Duncan Robinson,DET,pts,OVER,13.5,180,0.35714285714285715,0.6085085571485315,0.7411301269967366,0.2513657000056743,0.7038239600158881,bovada,Bovada,2026-05-07T23:10:00Z,Detroit Pistons,Cleveland Cavaliers,,,False
2026-05-07,2026-05-06T13:18:31.605474+00:00,4066457,Austin Reaves,LAL,pts,UNDER,16.5,140,0.4166666666666667,0.709420505202079,0.9653789004490645,0.2927538385354123,0.7026092124849895,bovada,Bovada,2026-05-08T01:40:00Z,Oklahoma City Thunder,Los Angeles Lakers,,,False
2026-05-07,2026-05-06T13:18:31.605474+00:00,3912848,Dean Wade,CLE,pts,OVER,6.5,200,0.3333333333333333,0.5645255622957643,0.6433901384350318,0.23119222896243102,0.693576686887293,bovada,Bovada,2026-05-07T23:10:00Z,Detroit Pistons,Cleveland Cavaliers,,,False
2026-05-07,2026-05-06T13:18:31.605474+00:00,3908809,Donovan Mitchell,CLE,pts,UNDER,21.5,170,0.37037037037037035,0.6218105350589982,0.7706900779088849,0.25144016468862784,0.6788884446592951,bovada,Bovada,2026-05-07T23:10:00Z,Detroit Pistons,Cleveland Cavaliers,,,False
2026-05-07,2026-05-06T13:18:31.605474+00:00,1966,LeBron James,LAL,pts,UNDER,17.5,180,0.35714285714285715,0.5909507337961661,0.702112741769258,0.233807876653309,0.6546620546292652,bovada,Bovada,2026-05-08T01:40:00Z,Oklahoma City Thunder,Los Angeles Lakers,,,False
2026-05-07,2026-05-06T13:18:31.605474+00:00,4900671,Ajay Mitchell,OKC,pts,UNDER,13.5,140,0.4166666666666667,0.6832926743273615,0.9073170540608032,0.26662600766069483,0.6399024183856675,bovada,Bovada,2026-05-08T01:40:00Z,Oklahoma City Thunder,Los Angeles Lakers,,,False
2026-05-07,2026-05-06T13:18:31.605474+00:00,4222252,Isaiah Hartenstein,OKC,pts,UNDER,5.5,205,0.32786885245901637,0.5346084448152217,0.5769076551449371,0.20673959235620537,0.6305557566864262,bovada,Bovada,2026-05-08T01:40:00Z,Oklahoma City Thunder,Los Angeles Lakers,,,False
2026-05-07,2026-05-06T13:18:31.605474+00:00,4278073,Shai Gilgeous-Alexander,OKC,pts,UNDER,27.5,120,0.45454545454545453,0.7226504318349392,0.9947787374109758,0.2681049772894846,0.5898309500368661,bovada,Bovada,2026-05-08T01:40:00Z,Oklahoma City Thunder,Los Angeles Lakers,,,False
2026-05-07,2026-05-06T13:18:31.605474+00:00,4683778,Jared McCain,OKC,pts,OVER,4.5,155,0.39215686274509803,0.620449844212357,0.7676663204719045,0.22829298146725902,0.5821471027415105,bovada,Bovada,2026-05-08T01:40:00Z,Oklahoma City Thunder,Los Angeles Lakers,,,False
2026-05-07,2026-05-06T13:18:31.605474+00:00,4066328,Jarrett Allen,CLE,pts,UNDER,8.5,180,0.35714285714285715,0.5572463503037726,0.6272141117861614,0.2001034931609154,0.5602897808505631,bovada,Bovada,2026-05-07T23:10:00Z,Detroit Pistons,Cleveland Cavaliers,,,False
2026-05-07,2026-05-06T13:18:31.605474+00:00,5107199,Daniss Jenkins,DET,pts,OVER,10.5,200,0.3333333333333333,0.5189665831988104,0.5421479626640231,0.18563324986547708,0.5568997495964312,bovada,Bovada,2026-05-07T23:10:00Z,Detroit Pistons,Cleveland Cavaliers,,,False
2026-05-07,2026-05-06T13:18:31.605474+00:00,4432166,Cade Cunningham,DET,pts,UNDER,23.5,200,0.3333333333333333,0.5074575475130374,0.5165723278067498,0.17412421417970408,0.5223726425391122,bovada,Bovada,2026-05-07T23:10:00Z,Detroit Pistons,Cleveland Cavaliers,,,False
2026-05-07,2026-05-06T13:18:31.605474+00:00,3157465,Duncan Robinson,DET,pts,OVER,12.5,140,0.4166666666666667,0.6277743512837766,0.7839430028528368,0.21110768461710988,0.5066584430810637,bovada,Bovada,2026-05-07T23:10:00Z,Detroit Pistons,Cleveland Cavaliers,,,False
2026-05-07,2026-05-06T13:18:31.605474+00:00,3908809,Donovan Mitchell,CLE,pts,UNDER,22.5,135,0.425531914893617,0.640273740673083,0.8117194237179621,0.21474182577946593,0.5046432905817451,bovada,Bovada,2026-05-07T23:10:00Z,Detroit Pistons,Cleveland Cavaliers,,,False
2026-05-07,2026-05-06T13:18:31.605474+00:00,1966,LeBron James,LAL,pts,UNDER,18.5,145,0.40816326530612246,0.6132990512386779,0.7517756694192843,0.20513578593255544,0.5025826755347608,bovada,Bovada,2026-05-08T01:40:00Z,Oklahoma City Thunder,Los Angeles Lakers,,,False
2026-05-07,2026-05-06T13:18:31.605474+00:00,4066457,Austin Reaves,LAL,pts,UNDER,17.5,110,0.47619047619047616,0.7154363222257564,0.978747382723903,0.2392458460352802,0.5024162766740884,bovada,Bovada,2026-05-08T01:40:00Z,Oklahoma City Thunder,Los Angeles Lakers,,,False
2026-05-07,2026-05-06T13:18:31.605474+00:00,3913174,Luke Kennard,LAL,pts,OVER,10.5,205,0.32786885245901637,0.48752558584568356,0.4722790796570746,0.1596567333866672,0.4869530368293348,bovada,Bovada,2026-05-08T01:40:00Z,Oklahoma City Thunder,Los Angeles Lakers,,,False
2026-05-07,2026-05-06T13:18:31.605474+00:00,4433255,Chet Holmgren,OKC,pts,UNDER,13.5,180,0.35714285714285715,0.530178982499064,0.5670644055534756,0.17303612535620688,0.48450115099737934,bovada,Bovada,2026-05-08T01:40:00Z,Oklahoma City Thunder,Los Angeles Lakers,,,False
2026-05-07,2026-05-06T13:18:31.605474+00:00,4066648,Rui Hachimura,LAL,pts,OVER,15.5,200,0.3333333333333333,0.4931294825294732,0.4847321833988293,0.15979614919613988,0.4793884475884196,bovada,Bovada,2026-05-08T01:40:00Z,Oklahoma City Thunder,Los Angeles Lakers,,,False
2026-05-07,2026-05-06T13:18:31.605474+00:00,4433621,Jalen Duren,DET,pts,UNDER,11.5,200,0.3333333333333333,0.4918695815750532,0.48193240350011823,0.1585362482417199,0.4756087447251597,bovada,Bovada,2026-05-07T23:10:00Z,Detroit Pistons,Cleveland Cavaliers,,,False
2026-05-07,2026-05-06T13:18:31.605474+00:00,4900671,Ajay Mitchell,OKC,pts,UNDER,14.5,110,0.47619047619047616,0.6968741322622568,0.937498071693904,0.22068365607178064,0.46343567775073935,bovada,Bovada,2026-05-08T01:40:00Z,Oklahoma City Thunder,Los Angeles Lakers,,,False
2026-05-07,2026-05-06T13:18:31.605474+00:00,3992,James Harden,CLE,pts,UNDER,15.5,180,0.35714285714285715,0.5199720779540016,0.5443823954533369,0.16282922081114443,0.4559218182712045,bovada,Bovada,2026-05-07T23:10:00Z,Detroit Pistons,Cleveland Cavaliers,,,False
2026-05-07,2026-05-06T13:18:31.605474+00:00,4278073,Shai Gilgeous-Alexander,OKC,pts,UNDER,28.5,100,0.5,0.7235617676923677,0.9968039282052614,0.22356176769236769,0.44712353538473537,bovada,Bovada,2026-05-08T01:40:00Z,Oklahoma City Thunder,Los Angeles Lakers,,,False
2026-05-07,2026-05-06T13:18:31.605474+00:00,2990992,Marcus Smart,LAL,pts,OVER,13.5,210,0.3225806451612903,0.4656997836401291,0.42377729697806465,0.14311913847883878,0.4436693292844003,bovada,Bovada,2026-05-08T01:40:00Z,Oklahoma City Thunder,Los Angeles Lakers,,,False
2026-05-07,2026-05-06T13:18:31.605474+00:00,2991350,Alex Caruso,OKC,pts,UNDER,4.5,205,0.32786885245901637,0.4706542554567972,0.43478723434843813,0.1427854029977808,0.4354954791432313,bovada,Bovada,2026-05-08T01:40:00Z,Oklahoma City Thunder,Los Angeles Lakers,,,False
2026-05-07,2026-05-06T13:18:31.605474+00:00,4278073,Shai Gilgeous-Alexander,OKC,pts,UNDER,28.5,-105,0.5121951219512195,0.7235617676923677,0.9968039282052614,0.21136664574114816,0.4126682131136702,betmgm,BetMGM,2026-05-08T01:40:00Z,Oklahoma City Thunder,Los Angeles Lakers,,,False
2026-05-07,2026-05-06T13:18:31.605474+00:00,4278073,Shai Gilgeous-Alexander,OKC,pts,UNDER,28.5,-106,0.5145631067961165,0.7235617676923677,0.9968039282052614,0.2089986608962512,0.40616720891158253,fanduel,FanDuel,2026-05-08T01:40:00Z,Oklahoma City Thunder,Los Angeles Lakers,,,False
2026-05-07,2026-05-06T13:18:31.605474+00:00,3912848,Dean Wade,CLE,pts,OVER,5.5,135,0.425531914893617,0.5963692352675273,0.7141538561500607,0.17083732037391025,0.40146770287868916,bovada,Bovada,2026-05-07T23:10:00Z,Detroit Pistons,Cleveland Cavaliers,,,False
2026-05-07,2026-05-06T13:18:31.605474+00:00,4432166,Cade Cunningham,DET,pts,UNDER,24.5,165,0.37735849056603776,0.5282956369018421,0.5628791931152046,0.15093714633580435,0.39998343778988155,bovada,Bovada,2026-05-07T23:10:00Z,Detroit Pistons,Cleveland Cavaliers,,,False
2026-05-07,2026-05-06T13:18:31.605474+00:00,4278073,Shai Gilgeous-Alexander,OKC,pts,UNDER,28.5,-107,0.5169082125603864,0.7235617676923677,0.9968039282052614,0.20665355513198125,0.39978771880673003,williamhill_us,Caesars,2026-05-08T01:40:00Z,Oklahoma City Thunder,Los Angeles Lakers,,,False
2026-05-07,2026-05-06T13:18:31.605474+00:00,4278073,Shai Gilgeous-Alexander,OKC,pts,UNDER,28.5,-109,0.5215311004784688,0.7235617676923677,0.9968039282052614,0.20203066721389884,0.38737990318995275,betrivers,BetRivers,2026-05-08T01:40:00Z,Oklahoma City Thunder,Los Angeles Lakers,,,False
2026-05-07,2026-05-06T13:18:31.605474+00:00,4278073,Shai Gilgeous-Alexander,OKC,pts,UNDER,28.5,-109,0.5215311004784688,0.7235617676923677,0.9968039282052614,0.20203066721389884,0.38737990318995275,betonlineag,BetOnline.ag,2026-05-08T01:40:00Z,Oklahoma City Thunder,Los Angeles Lakers,,,False
2026-05-07,2026-05-06T13:18:31.605474+00:00,3908809,Donovan Mitchell,CLE,pts,UNDER,23.5,110,0.47619047619047616,0.6565455498533437,0.847878999674097,0.18035507366286752,0.3787456546920218,bovada,Bovada,2026-05-07T23:10:00Z,Detroit Pistons,Cleveland Cavaliers,,,False
2026-05-07,2026-05-06T13:18:31.605474+00:00,4222252,Isaiah Hartenstein,OKC,pts,UNDER,6.5,135,0.425531914893617,0.5833995563973422,0.6853323475496493,0.15786764150372518,0.37098895753375427,bovada,Bovada,2026-05-08T01:40:00Z,Oklahoma City Thunder,Los Angeles Lakers,,,False
2026-05-07,2026-05-06T13:18:31.605474+00:00,4066328,Jarrett Allen,CLE,pts,UNDER,9.5,130,0.43478260869565216,0.5932396870664214,0.7071993045920475,0.15845707837076922,0.3644512802527692,bovada,Bovada,2026-05-07T23:10:00Z,Detroit Pistons,Cleveland Cavaliers,,,False
2026-05-07,2026-05-06T13:18:31.605474+00:00,1966,LeBron James,LAL,pts,UNDER,19.5,115,0.46511627906976744,0.6334892699522133,0.7966428221160297,0.1683729908824459,0.3620019303972586,bovada,Bovada,2026-05-08T01:40:00Z,Oklahoma City Thunder,Los Angeles Lakers,,,False
2026-05-07,2026-05-06T13:18:31.605474+00:00,4066457,Austin Reaves,LAL,pts,UNDER,18.5,-113,0.5305164319248826,0.7193580826507132,0.9874624058904737,0.1888416507258306,0.3559581557929373,draftkings,DraftKings,2026-05-08T01:40:00Z,Oklahoma City Thunder,Los Angeles Lakers,,,False
2026-05-07,2026-05-06T13:18:31.605474+00:00,4278073,Shai Gilgeous-Alexander,OKC,pts,UNDER,29.5,-115,0.5348837209302325,0.7241416953425464,0.9980926563167696,0.18925797441231385,0.3538301260751954,draftkings,DraftKings,2026-05-08T01:40:00Z,Oklahoma City Thunder,Los Angeles Lakers,,,False
2026-05-07,2026-05-06T13:18:31.605474+00:00,5107199,Daniss Jenkins,DET,pts,OVER,9.5,145,0.40816326530612246,0.552061363616994,0.6156919191488756,0.14389809831087153,0.3525503408616353,bovada,Bovada,2026-05-07T23:10:00Z,Detroit Pistons,Cleveland Cavaliers,,,False
2026-05-07,2026-05-06T13:18:31.605474+00:00,4592691,Jake LaRavia,LAL,pts,OVER,5.5,215,0.31746031746031744,0.4288299838769244,0.34184440861538756,0.11136966641660695,0.35081444921231175,bovada,Bovada,2026-05-08T01:40:00Z,Oklahoma City Thunder,Los Angeles Lakers,,,False
2026-05-07,2026-05-06T13:18:31.605474+00:00,4066457,Austin Reaves,LAL,pts,UNDER,18.5,-114,0.5327102803738317,0.7193580826507132,0.9874624058904737,0.1866478022768815,0.350373944625023,williamhill_us,Caesars,2026-05-08T01:40:00Z,Oklahoma City Thunder,Los Angeles Lakers,,,False
2026-05-07,2026-05-06T13:18:31.605474+00:00,4900671,Ajay Mitchell,OKC,pts,UNDER,15.5,-110,0.5238095238095238,0.7067312249058457,0.9594027220129905,0.1829217010963219,0.3492141566384327,fanduel,FanDuel,2026-05-08T01:40:00Z,Oklahoma City Thunder,Los Angeles Lakers,,,False
2026-05-07,2026-05-06T13:18:31.605474+00:00,4066457,Austin Reaves,LAL,pts,UNDER,18.5,-115,0.5348837209302325,0.7193580826507132,0.9874624058904737,0.1844743617204807,0.3448868501730725,betonlineag,BetOnline.ag,2026-05-08T01:40:00Z,Oklahoma City Thunder,Los Angeles Lakers,,,False
2026-05-07,2026-05-06T13:18:31.605474+00:00,4066457,Austin Reaves,LAL,pts,UNDER,18.5,-115,0.5348837209302325,0.7193580826507132,0.9874624058904737,0.1844743617204807,0.3448868501730725,bovada,Bovada,2026-05-08T01:40:00Z,Oklahoma City Thunder,Los Angeles Lakers,,,False
2026-05-07,2026-05-06T13:18:31.605474+00:00,4065778,Max Strus,CLE,pts,OVER,12.5,190,0.3448275862068966,0.4635532308002426,0.41900717955609457,0.118725644593346,0.3443043693207034,bovada,Bovada,2026-05-07T23:10:00Z,Detroit Pistons,Cleveland Cavaliers,,,False
2026-05-07,2026-05-06T13:18:31.605474+00:00,4397020,Luguentz Dort,OKC,pts,OVER,8.5,155,0.39215686274509803,0.5255065058473024,0.5566811241051165,0.13334964310220437,0.34004158991062117,bovada,Bovada,2026-05-08T01:40:00Z,Oklahoma City Thunder,Los Angeles Lakers,,,False
2026-05-07,2026-05-06T13:18:31.605474+00:00,4433255,Chet Holmgren,OKC,pts,UNDER,14.5,140,0.4166666666666667,0.5572868923543883,0.6273042052319739,0.14062022568772164,0.337488541650532,bovada,Bovada,2026-05-08T01:40:00Z,Oklahoma City Thunder,Los Angeles Lakers,,,False
2026-05-07,2026-05-06T13:18:31.605474+00:00,4900671,Ajay Mitchell,OKC,pts,UNDER,15.5,-113,0.5305164319248826,0.7067312249058457,0.9594027220129905,0.1762147929809631,0.3321570876543818,williamhill_us,Caesars,2026-05-08T01:40:00Z,Oklahoma City Thunder,Los Angeles Lakers,,,False
2026-05-07,2026-05-06T13:18:31.605474+00:00,4066457,Austin Reaves,LAL,pts,UNDER,18.5,-118,0.5412844036697247,0.7193580826507132,0.9874624058904737,0.17807367898098847,0.3289835764225041,fanduel,FanDuel,2026-05-08T01:40:00Z,Oklahoma City Thunder,Los Angeles Lakers,,,False
2026-05-07,2026-05-06T13:18:31.605474+00:00,4278073,Shai Gilgeous-Alexander,OKC,pts,UNDER,29.5,-120,0.5454545454545454,0.7241416953425464,0.9980926563167696,0.17868714988800094,0.3275931081280017,bovada,Bovada,2026-05-08T01:40:00Z,Oklahoma City Thunder,Los Angeles Lakers,,,False
2026-05-07,2026-05-06T13:18:31.605474+00:00,4900671,Ajay Mitchell,OKC,pts,UNDER,15.5,-114,0.5327102803738317,0.7067312249058457,0.9594027220129905,0.174020944532014,0.3266708958758858,betrivers,BetRivers,2026-05-08T01:40:00Z,Oklahoma City Thunder,Los Angeles Lakers,,,False
2026-05-07,2026-05-06T13:18:31.605474+00:00,4066648,Rui Hachimura,LAL,pts,OVER,14.5,155,0.39215686274509803,0.5187361470069344,0.5416358822376319,0.12657928426183634,0.32277717486768265,bovada,Bovada,2026-05-08T01:40:00Z,Oklahoma City Thunder,Los Angeles Lakers,,,False
2026-05-07,2026-05-06T13:18:31.605474+00:00,3157465,Duncan Robinson,DET,pts,OVER,11.5,105,0.4878048780487805,0.6450536644911877,0.8223414766470838,0.15724878644240725,0.3223600122069349,bovada,Bovada,2026-05-07T23:10:00Z,Detroit Pistons,Cleveland Cavaliers,,,False
2026-05-07,2026-05-06T13:18:31.605474+00:00,4278129,Deandre Ayton,LAL,pts,UNDER,7.5,190,0.3448275862068966,0.45545640154671846,0.4010142256593744,0.11062881533982188,0.32082356448548344,bovada,Bovada,2026-05-08T01:40:00Z,Oklahoma City Thunder,Los Angeles Lakers,,,False
2026-05-07,2026-05-06T13:18:31.605474+00:00,4683778,Jared McCain,OKC,pts,OVER,3.5,104,0.49019607843137253,0.645147969735744,0.8225510438572088,0.15495189130437143,0.31610185826091763,fanduel,FanDuel,2026-05-08T01:40:00Z,Oklahoma City Thunder,Los Angeles Lakers,,,False
2026-05-07,2026-05-06T13:18:31.605474+00:00,4900671,Ajay Mitchell,OKC,pts,UNDER,15.5,-116,0.5370370370370371,0.7067312249058457,0.9594027220129905,0.16969418786880863,0.3159822808591609,betonlineag,BetOnline.ag,2026-05-08T01:40:00Z,Oklahoma City Thunder,Los Angeles Lakers,,,False
2026-05-07,2026-05-06T13:18:31.605474+00:00,4222252,Isaiah Hartenstein,OKC,pts,UNDER,7.5,110,0.47619047619047616,0.6258857960072384,0.7797462133494186,0.1496953198167622,0.3143601716152007,betmgm,BetMGM,2026-05-08T01:40:00Z,Oklahoma City Thunder,Los Angeles Lakers,,,False
2026-05-07,2026-05-06T13:18:31.605474+00:00,4066457,Austin Reaves,LAL,pts,UNDER,18.5,-121,0.5475113122171946,0.7193580826507132,0.9874624058904737,0.1718467704335186,0.3138688947587407,betrivers,BetRivers,2026-05-08T01:40:00Z,Oklahoma City Thunder,Los Angeles Lakers,,,False
2026-05-07,2026-05-06T13:18:31.605474+00:00,4433621,Jalen Duren,DET,pts,UNDER,12.5,150,0.4,0.5243246379718598,0.5540547510485774,0.12432463797185977,0.3108115949296495,bovada,Bovada,2026-05-07T23:10:00Z,Detroit Pistons,Cleveland Cavaliers,,,False
2026-05-07,2026-05-06T13:18:31.605474+00:00,4900671,Ajay Mitchell,OKC,pts,UNDER,15.5,-117,0.5391705069124424,0.7067312249058457,0.9594027220129905,0.16756071799340333,0.31077500687665405,draftkings,DraftKings,2026-05-08T01:40:00Z,Oklahoma City Thunder,Los Angeles Lakers,,,False
2026-05-07,2026-05-06T13:18:31.605474+00:00,3908809,Donovan Mitchell,CLE,pts,UNDER,24.5,-105,0.5121951219512195,0.6705957612014931,0.8791016915588736,0.1584006392502736,0.30925839091720075,betmgm,BetMGM,2026-05-07T23:10:00Z,Detroit Pistons,Cleveland Cavaliers,,,False
2026-05-07,2026-05-06T13:18:31.605474+00:00,3992,James Harden,CLE,pts,UNDER,16.5,140,0.4166666666666667,0.5450570363124565,0.6001267473610146,0.12839036964578981,0.3081368871498955,bovada,Bovada,2026-05-07T23:10:00Z,Detroit Pistons,Cleveland Cavaliers,,,False
2026-05-07,2026-05-06T13:18:31.605474+00:00,4683778,Jared McCain,OKC,pts,OVER,3.5,102,0.49504950495049505,0.645147969735744,0.8225510438572088,0.1500984647852489,0.30319889886620277,williamhill_us,Caesars,2026-05-08T01:40:00Z,Oklahoma City Thunder,Los Angeles Lakers,,,False
2026-05-07,2026-05-06T13:18:31.605474+00:00,3913174,Luke Kennard,LAL,pts,OVER,9.5,150,0.4,0.5210275974561525,0.5467279943470054,0.12102759745615244,0.30256899364038115,bovada,Bovada,2026-05-08T01:40:00Z,Oklahoma City Thunder,Los Angeles Lakers,,,False
2026-05-07,2026-05-06T13:18:31.605474+00:00,4432158,Evan Mobley,CLE,pts,UNDER,12.5,175,0.36363636363636365,0.47256319351830245,0.439029318929561,0.1089268298819388,0.29954878217533176,bovada,Bovada,2026-05-07T23:10:00Z,Detroit Pistons,Cleveland Cavaliers,,,False
2026-05-07,2026-05-06T13:18:31.605474+00:00,4066457,Austin Reaves,LAL,pts,UNDER,19.5,-125,0.5555555555555556,0.7218030613060463,0.992895691791214,0.16624750575049074,0.2992455103508834,betmgm,BetMGM,2026-05-08T01:40:00Z,Oklahoma City Thunder,Los Angeles Lakers,,,False
2026-05-07,2026-05-06T13:18:31.605474+00:00,4900671,Ajay Mitchell,OKC,pts,UNDER,15.5,-120,0.5454545454545454,0.7067312249058457,0.9594027220129905,0.1612766794513003,0.2956739123273838,betmgm,BetMGM,2026-05-08T01:40:00Z,Oklahoma City Thunder,Los Angeles Lakers,,,False
2026-05-07,2026-05-06T13:18:31.605474+00:00,4900671,Ajay Mitchell,OKC,pts,UNDER,15.5,-120,0.5454545454545454,0.7067312249058457,0.9594027220129905,0.1612766794513003,0.2956739123273838,bovada,Bovada,2026-05-08T01:40:00Z,Oklahoma City Thunder,Los Angeles Lakers,,,False
2026-05-07,2026-05-06T13:18:31.605474+00:00,4432823,Jaylin Williams,OKC,pts,OVER,5.5,205,0.32786885245901637,0.424298309703903,0.33177402156422886,0.09642945724488661,0.29410984459690404,bovada,Bovada,2026-05-08T01:40:00Z,Oklahoma City Thunder,Los Angeles Lakers,,,False
2026-05-07,2026-05-06T13:18:31.605474+00:00,4432810,Isaiah Stewart II,DET,pts,OVER,5.5,165,0.37735849056603776,0.48823315798873984,0.47385146219719965,0.11087466742270208,0.29381786867016046,bovada,Bovada,2026-05-07T23:10:00Z,Detroit Pistons,Cleveland Cavaliers,,,False
2026-05-07,2026-05-06T13:18:31.605474+00:00,4683778,Jared McCain,OKC,pts,OVER,3.5,100,0.5,0.645147969735744,0.8225510438572088,0.14514796973574395,0.2902959394714879,bovada,Bovada,2026-05-08T01:40:00Z,Oklahoma City Thunder,Los Angeles Lakers,,,False
2026-05-07,2026-05-06T13:18:31.605474+00:00,4432166,Cade Cunningham,DET,pts,UNDER,25.5,135,0.425531914893617,0.5487527430464976,0.6083394289922168,0.12322082815288055,0.2895689461592693,bovada,Bovada,2026-05-07T23:10:00Z,Detroit Pistons,Cleveland Cavaliers,,,False
2026-05-07,2026-05-06T13:18:31.605474+00:00,2990992,Marcus Smart,LAL,pts,OVER,12.5,160,0.38461538461538464,0.49498612975018,0.48885806611151117,0.11037074513479539,0.2869639373504682,bovada,Bovada,2026-05-08T01:40:00Z,Oklahoma City Thunder,Los Angeles Lakers,,,False
2026-05-07,2026-05-06T13:18:31.605474+00:00,4683778,Jared McCain,OKC,pts,OVER,3.5,-101,0.5024875621890548,0.645147969735744,0.8225510438572088,0.14266040754668918,0.28390833581073793,draftkings,DraftKings,2026-05-08T01:40:00Z,Oklahoma City Thunder,Los Angeles Lakers,,,False
2026-05-07,2026-05-06T13:18:31.605474+00:00,6440,Tobias Harris,DET,pts,OVER,21.5,185,0.3508771929824561,0.45016875965965836,0.38926391035479635,0.09929156667720224,0.28298096503002645,bovada,Bovada,2026-05-07T23:10:00Z,Detroit Pistons,Cleveland Cavaliers,,,False
2026-05-07,2026-05-06T13:18:31.605474+00:00,3908809,Donovan Mitchell,CLE,pts,UNDER,24.5,-110,0.5238095238095238,0.6705957612014931,0.8791016915588736,0.14678623739196928,0.28022827138466866,draftkings,DraftKings,2026-05-07T23:10:00Z,Detroit Pistons,Cleveland Cavaliers,,,False
2026-05-07,2026-05-06T13:18:31.605474+00:00,3908809,Donovan Mitchell,CLE,pts,UNDER,24.5,-110,0.5238095238095238,0.6705957612014931,0.8791016915588736,0.14678623739196928,0.28022827138466866,bovada,Bovada,2026-05-07T23:10:00Z,Detroit Pistons,Cleveland Cavaliers,,,False
2026-05-07,2026-05-06T13:18:31.605474+00:00,1966,LeBron James,LAL,pts,UNDER,20.5,-104,0.5098039215686274,0.6513268394802583,0.8362818655116852,0.14152291791163085,0.2776026466728143,fanduel,FanDuel,2026-05-08T01:40:00Z,Oklahoma City Thunder,Los Angeles Lakers,,,False
2026-05-07,2026-05-06T13:18:31.605474+00:00,4684742,Ausar Thompson,DET,pts,OVER,12.5,175,0.36363636363636365,0.4637755326346946,0.41950118363265476,0.10013916899833097,0.2753827147454102,bovada,Bovada,2026-05-07T23:10:00Z,Detroit Pistons,Cleveland Cavaliers,,,False
2026-05-07,2026-05-06T13:18:31.605474+00:00,1966,LeBron James,LAL,pts,UNDER,20.5,-105,0.5121951219512195,0.6513268394802583,0.8362818655116852,0.13913171752903875,0.2716381151757423,betmgm,BetMGM,2026-05-08T01:40:00Z,Oklahoma City Thunder,Los Angeles Lakers,,,False
2026-05-07,2026-05-06T13:18:31.605474+00:00,3157465,Duncan Robinson,DET,pts,OVER,11.5,-104,0.5098039215686274,0.6450536644911877,0.8223414766470838,0.1352497429225603,0.26529757265579135,fanduel,FanDuel,2026-05-07T23:10:00Z,Detroit Pistons,Cleveland Cavaliers,,,False
2026-05-07,2026-05-06T13:18:31.605474+00:00,1966,LeBron James,LAL,pts,UNDER,20.5,-107,0.5169082125603864,0.6513268394802583,0.8362818655116852,0.13441862691987183,0.2600435118917146,draftkings,DraftKings,2026-05-08T01:40:00Z,Oklahoma City Thunder,Los Angeles Lakers,,,False
2026-05-07,2026-05-06T13:18:31.605474+00:00,3157465,Duncan Robinson,DET,pts,OVER,11.5,-105,0.5121951219512195,0.6450536644911877,0.8223414766470838,0.1328585425399682,0.2593904878161284,betonlineag,BetOnline.ag,2026-05-07T23:10:00Z,Detroit Pistons,Cleveland Cavaliers,,,False
2026-05-07,2026-05-06T13:18:31.605474+00:00,3908809,Donovan Mitchell,CLE,pts,UNDER,24.5,-114,0.5327102803738317,0.6705957612014931,0.8791016915588736,0.1378854808276614,0.25883765699227657,betonlineag,BetOnline.ag,2026-05-07T23:10:00Z,Detroit Pistons,Cleveland Cavaliers,,,False
2026-05-07,2026-05-06T13:18:31.605474+00:00,4222252,Isaiah Hartenstein,OKC,pts,UNDER,7.5,101,0.4975124378109453,0.6258857960072384,0.7797462133494186,0.12837335819629309,0.25803044997454916,williamhill_us,Caesars,2026-05-08T01:40:00Z,Oklahoma City Thunder,Los Angeles Lakers,,,False
2026-05-07,2026-05-06T13:18:31.605474+00:00,4222252,Isaiah Hartenstein,OKC,ra,UNDER,9.5,190,0.3448275862068966,0.4589745067458524,0.8636772250203321,0.11414692053895581,0.33102606956297187,bovada,Bovada,2026-05-08T01:40:00Z,Oklahoma City Thunder,Los Angeles Lakers,,,False
2026-05-07,2026-05-06T13:18:31.605474+00:00,4278073,Shai Gilgeous-Alexander,OKC,ra,UNDER,9.5,170,0.37037037037037035,0.4816627491047835,0.8762448191631576,0.11129237873441317,0.30048942258291556,bovada,Bovada,2026-05-08T01:40:00Z,Oklahoma City Thunder,Los Angeles Lakers,,,False
2026-05-07,2026-05-06T13:18:31.605474+00:00,1966,LeBron James,LAL,ra,UNDER,12.5,165,0.37735849056603776,0.4868422314627993,0.8750118582785903,0.10948374089676155,0.2901319133764182,bovada,Bovada,2026-05-08T01:40:00Z,Oklahoma City Thunder,Los Angeles Lakers,,,False
2026-05-07,2026-05-06T13:18:31.605474+00:00,4066457,Austin Reaves,LAL,ra,UNDER,8.5,150,0.4,0.5095783517981438,0.8980834172642898,0.10957835179814379,0.27394587949535953,bovada,Bovada,2026-05-08T01:40:00Z,Oklahoma City Thunder,Los Angeles Lakers,,,False
2026-05-07,2026-05-06T13:18:31.605474+00:00,4432166,Cade Cunningham,DET,ra,UNDER,13.5,145,0.40816326530612246,0.5093955611698178,0.8683100646865559,0.10123229586369531,0.2480191248660535,bovada,Bovada,2026-05-07T23:10:00Z,Detroit Pistons,Cleveland Cavaliers,,,False
2026-05-07,2026-05-06T13:18:31.605474+00:00,4222252,Isaiah Hartenstein,OKC,ra,UNDER,10.5,125,0.4444444444444444,0.5515257608623042,0.9311777008892616,0.10708131641785978,0.24093296194018443,bovada,Bovada,2026-05-08T01:40:00Z,Oklahoma City Thunder,Los Angeles Lakers,,,False
2026-05-07,2026-05-06T13:18:31.605474+00:00,4900671,Ajay Mitchell,OKC,ra,UNDER,6.5,130,0.43478260869565216,0.5368649737489426,0.8987933589378811,0.10208236505329044,0.23478943962256804,bovada,Bovada,2026-05-08T01:40:00Z,Oklahoma City Thunder,Los Angeles Lakers,,,False
2026-05-07,2026-05-06T13:18:31.605474+00:00,1966,LeBron James,LAL,ra,UNDER,13.5,115,0.46511627906976744,0.5674221380131534,0.9301429106306132,0.10230585894338601,0.21995759672827986,bovada,Bovada,2026-05-08T01:40:00Z,Oklahoma City Thunder,Los Angeles Lakers,,,False
2026-05-07,2026-05-06T13:18:31.605474+00:00,4278073,Shai Gilgeous-Alexander,OKC,ra,UNDER,10.5,110,0.47619047619047616,0.5780192521579297,0.9390485487698104,0.10182877596745354,0.2138404295316524,bovada,Bovada,2026-05-08T01:40:00Z,Oklahoma City Thunder,Los Angeles Lakers,,,False
2026-05-07,2026-05-06T13:18:31.605474+00:00,4066457,Austin Reaves,LAL,ra,UNDER,9.5,-105,0.5121951219512195,0.6096838070462792,0.9553255087469453,0.0974886850950597,0.1903350518522594,bovada,Bovada,2026-05-08T01:40:00Z,Oklahoma City Thunder,Los Angeles Lakers,,,False
2026-05-07,2026-05-06T13:18:31.605474+00:00,4432166,Cade Cunningham,DET,ra,UNDER,14.5,100,0.5,0.593486292196553,0.9249376918025138,0.09348629219655302,0.18697258439310604,betmgm,BetMGM,2026-05-07T23:10:00Z,Detroit Pistons,Cleveland Cavaliers,,,False
2026-05-07,2026-05-06T13:18:31.605474+00:00,4432166,Cade Cunningham,DET,ra,UNDER,14.5,100,0.5,0.593486292196553,0.9249376918025138,0.09348629219655302,0.18697258439310604,bovada,Bovada,2026-05-07T23:10:00Z,Detroit Pistons,Cleveland Cavaliers,,,False
2026-05-07,2026-05-06T13:18:31.605474+00:00,4066457,Austin Reaves,LAL,ra,UNDER,9.5,-107,0.5169082125603864,0.6133600177214293,0.9553255087469453,0.0964518051610429,0.18659367914332592,draftkings,DraftKings,2026-05-08T01:40:00Z,Oklahoma City Thunder,Los Angeles Lakers,,,False
2026-05-07,2026-05-06T13:18:31.605474+00:00,4432166,Cade Cunningham,DET,ra,UNDER,14.5,-101,0.5024875621890548,0.5954265907040157,0.9249376918025138,0.09293902851496094,0.18495786862878372,draftkings,DraftKings,2026-05-07T23:10:00Z,Detroit Pistons,Cleveland Cavaliers,,,False
2026-05-07,2026-05-06T13:18:31.605474+00:00,4278073,Shai Gilgeous-Alexander,OKC,ra,UNDER,11.5,-114,0.5327102803738317,0.6297154381547388,0.9736428157415913,0.09700515778090713,0.1820974014483694,fanduel,FanDuel,2026-05-08T01:40:00Z,Oklahoma City Thunder,Los Angeles Lakers,,,False
2026-05-07,2026-05-06T13:18:31.605474+00:00,4222252,Isaiah Hartenstein,OKC,ra,UNDER,11.5,-115,0.5348837209302325,0.6304803626976638,0.9694139107821929,0.09559664176743132,0.17872415634780625,betmgm,BetMGM,2026-05-08T01:40:00Z,Oklahoma City Thunder,Los Angeles Lakers,,,False
2026-05-07,2026-05-06T13:18:31.605474+00:00,4433255,Chet Holmgren,OKC,ra,UNDER,8.5,190,0.3448275862068966,0.4056376717886411,0.6212370661239172,0.0608100855817445,0.1763492481870591,bovada,Bovada,2026-05-08T01:40:00Z,Oklahoma City Thunder,Los Angeles Lakers,,,False
2026-05-07,2026-05-06T13:18:31.605474+00:00,4066457,Austin Reaves,LAL,ra,UNDER,9.5,-114,0.5327102803738317,0.6256856306159168,0.9553255087469453,0.09297535024208503,0.17453267501584369,fanduel,FanDuel,2026-05-08T01:40:00Z,Oklahoma City Thunder,Los Angeles Lakers,,,False
2026-05-07,2026-05-06T13:18:31.605474+00:00,4222252,Isaiah Hartenstein,OKC,ra,UNDER,11.5,-118,0.5412844036697247,0.6354728952344677,0.9694139107821929,0.09418849156474296,0.1740092471280844,fanduel,FanDuel,2026-05-08T01:40:00Z,Oklahoma City Thunder,Los Angeles Lakers,,,False
2026-05-07,2026-05-06T13:18:31.605474+00:00,3157465,Duncan Robinson,DET,ra,OVER,4.5,120,0.45454545454545453,0.5330952263691404,0.8115898719258449,0.07854977182368589,0.17280949801210888,bovada,Bovada,2026-05-07T23:10:00Z,Detroit Pistons,Cleveland Cavaliers,,,False
2026-05-07,2026-05-06T13:18:31.605474+00:00,3157465,Duncan Robinson,DET,ra,OVER,4.5,119,0.45662100456621,0.5347141553853296,0.8115898719258449,0.0780931508191196,0.17102400029387188,draftkings,DraftKings,2026-05-07T23:10:00Z,Detroit Pistons,Cleveland Cavaliers,,,False
2026-05-07,2026-05-06T13:18:31.605474+00:00,4222252,Isaiah Hartenstein,OKC,ra,UNDER,11.5,-125,0.5555555555555556,0.6466043937054158,0.9694139107821929,0.0910488381498602,0.16388790866974845,bovada,Bovada,2026-05-08T01:40:00Z,Oklahoma City Thunder,Los Angeles Lakers,,,False
2026-05-07,2026-05-06T13:18:31.605474+00:00,3157465,Duncan Robinson,DET,ra,OVER,4.5,115,0.46511627906976744,0.5413404694981044,0.8115898719258449,0.076224190428337,0.16388200942092446,betmgm,BetMGM,2026-05-07T23:10:00Z,Detroit Pistons,Cleveland Cavaliers,,,False
2026-05-07,2026-05-06T13:18:31.605474+00:00,1966,LeBron James,LAL,ra,UNDER,14.5,-124,0.5535714285714286,0.6439382866259005,0.9643298742735734,0.09036685805447187,0.1632433564854976,draftkings,DraftKings,2026-05-08T01:40:00Z,Oklahoma City Thunder,Los Angeles Lakers,,,False
2026-05-07,2026-05-06T13:18:31.605474+00:00,1966,LeBron James,LAL,ra,UNDER,14.5,-125,0.5555555555555556,0.6454859056735195,0.9643298742735734,0.08993035011796391,0.16187463021233506,bovada,Bovada,2026-05-08T01:40:00Z,Oklahoma City Thunder,Los Angeles Lakers,,,False
2026-05-07,2026-05-06T13:18:31.605474+00:00,4900671,Ajay Mitchell,OKC,ra,UNDER,7.5,-125,0.5555555555555556,0.6450991820028306,0.9625720394068054,0.08954362644727498,0.161178527605095,betmgm,BetMGM,2026-05-08T01:40:00Z,Oklahoma City Thunder,Los Angeles Lakers,,,False
2026-05-07,2026-05-06T13:18:31.605474+00:00,4222252,Isaiah Hartenstein,OKC,ra,UNDER,11.5,-128,0.5614035087719298,0.6511657972141877,0.9694139107821929,0.08976228844225786,0.15988907628777171,draftkings,DraftKings,2026-05-08T01:40:00Z,Oklahoma City Thunder,Los Angeles Lakers,,,False
2026-05-07,2026-05-06T13:18:31.605474+00:00,1966,LeBron James,LAL,ra,UNDER,14.5,-130,0.5652173913043478,0.6530221375575774,0.9643298742735734,0.08780474625322965,0.15534685875571397,betmgm,BetMGM,2026-05-08T01:40:00Z,Oklahoma City Thunder,Los Angeles Lakers,,,False
2026-05-07,2026-05-06T13:18:31.605474+00:00,1966,LeBron James,LAL,ra,UNDER,14.5,-130,0.5652173913043478,0.6530221375575774,0.9643298742735734,0.08780474625322965,0.15534685875571397,fanduel,FanDuel,2026-05-08T01:40:00Z,Oklahoma City Thunder,Los Angeles Lakers,,,False
2026-05-07,2026-05-06T13:18:31.605474+00:00,4900671,Ajay Mitchell,OKC,ra,UNDER,7.5,-130,0.5652173913043478,0.6526354138868884,0.9625720394068054,0.08741802258254061,0.154662655338341,bovada,Bovada,2026-05-08T01:40:00Z,Oklahoma City Thunder,Los Angeles Lakers,,,False
2026-05-07,2026-05-06T13:18:31.605474+00:00,4432166,Cade Cunningham,DET,ra,UNDER,15.5,-130,0.5652173913043478,0.6522399431099363,0.9607744449661136,0.08702255180558849,0.15396297627142574,fanduel,FanDuel,2026-05-07T23:10:00Z,Detroit Pistons,Cleveland Cavaliers,,,False
2026-05-07,2026-05-06T13:18:31.605474+00:00,4278073,Shai Gilgeous-Alexander,OKC,ra,UNDER,11.5,-135,0.574468085106383,0.6622865258461288,0.9736428157415913,0.08781844073974576,0.15286913758400195,betmgm,BetMGM,2026-05-08T01:40:00Z,Oklahoma City Thunder,Los Angeles Lakers,,,False
2026-05-07,2026-05-06T13:18:31.605474+00:00,4278073,Shai Gilgeous-Alexander,OKC,ra,UNDER,11.5,-135,0.574468085106383,0.6622865258461288,0.9736428157415913,0.08781844073974576,0.15286913758400195,bovada,Bovada,2026-05-08T01:40:00Z,Oklahoma City Thunder,Los Angeles Lakers,,,False
2026-05-07,2026-05-06T13:18:31.605474+00:00,3992,James Harden,CLE,ra,UNDER,10.5,135,0.425531914893617,0.49056897402379523,0.7211549109398816,0.06503705913017821,0.15283708895591885,bovada,Bovada,2026-05-07T23:10:00Z,Detroit Pistons,Cleveland Cavaliers,,,False
2026-05-07,2026-05-06T13:18:31.605474+00:00,4900671,Ajay Mitchell,OKC,ra,UNDER,7.5,-132,0.5689655172413793,0.655558952117773,0.9625720394068054,0.0865934348763937,0.1521945219039647,draftkings,DraftKings,2026-05-08T01:40:00Z,Oklahoma City Thunder,Los Angeles Lakers,,,False
2026-05-07,2026-05-06T13:18:31.605474+00:00,3157465,Duncan Robinson,DET,ra,OVER,4.5,108,0.4807692307692308,0.5535497718236859,0.8115898719258449,0.07278054105445514,0.15138352539326672,fanduel,FanDuel,2026-05-07T23:10:00Z,Detroit Pistons,Cleveland Cavaliers,,,False
2026-05-07,2026-05-06T13:18:31.605474+00:00,4433255,Chet Holmgren,OKC,ra,UNDER,9.5,125,0.4444444444444444,0.5111339018649993,0.7475783418106028,0.06668945742055488,0.1500512791962484,bovada,Bovada,2026-05-08T01:40:00Z,Oklahoma City Thunder,Los Angeles Lakers,,,False
2026-05-07,2026-05-06T13:18:31.605474+00:00,4278073,Shai Gilgeous-Alexander,OKC,ra,UNDER,11.5,-138,0.5798319327731093,0.6664703270261754,0.9736428157415913,0.08663839425306608,0.14941983936398362,draftkings,DraftKings,2026-05-08T01:40:00Z,Oklahoma City Thunder,Los Angeles Lakers,,,False
2026-05-07,2026-05-06T13:18:31.605474+00:00,4066457,Austin Reaves,LAL,ra,UNDER,9.5,-135,0.574468085106383,0.6582567183073067,0.9553255087469453,0.08378863320092367,0.14585428742383016,betmgm,BetMGM,2026-05-08T01:40:00Z,Oklahoma City Thunder,Los Angeles Lakers,,,False
2026-05-07,2026-05-06T13:18:31.605474+00:00,3992,James Harden,CLE,ra,UNDER,11.5,-102,0.504950495049505,0.5751426166158419,0.8240055930783091,0.07019212156633692,0.13900792702352993,fanduel,FanDuel,2026-05-07T23:10:00Z,Detroit Pistons,Cleveland Cavaliers,,,False
2026-05-07,2026-05-06T13:18:31.605474+00:00,4900671,Ajay Mitchell,OKC,ra,UNDER,7.5,-144,0.5901639344262295,0.6720937175219562,0.9625720394068054,0.08192978309572674,0.1388254658010925,fanduel,FanDuel,2026-05-08T01:40:00Z,Oklahoma City Thunder,Los Angeles Lakers,,,False
2026-05-07,2026-05-06T13:18:31.605474+00:00,4432166,Cade Cunningham,DET,ra,UNDER,15.5,-145,0.5918367346938775,0.6730030309537695,0.9607744449661136,0.08116629625989191,0.13714305230119672,bovada,Bovada,2026-05-07T23:10:00Z,Detroit Pistons,Cleveland Cavaliers,,,False
2026-05-07,2026-05-06T13:18:31.605474+00:00,3992,James Harden,CLE,ra,UNDER,11.5,-105,0.5121951219512195,0.5807934255991792,0.8240055930783091,0.06859830364795971,0.13393002140792132,betmgm,BetMGM,2026-05-07T23:10:00Z,Detroit Pistons,Cleveland Cavaliers,,,False
2026-05-07,2026-05-06T13:18:31.605474+00:00,4066457,Austin Reaves,LAL,ra,UNDER,10.5,-160,0.6153846153846154,0.6963235845787492,0.983289020812496,0.08093896919413379,0.1315258249404675,bovada,Bovada,2026-05-08T01:40:00Z,Oklahoma City Thunder,Los Angeles Lakers,,,False
2026-05-07,2026-05-06T13:18:31.605474+00:00,3992,James Harden,CLE,ra,UNDER,11.5,-110,0.5238095238095238,0.5898526590486566,0.8240055930783091,0.06604313523913274,0.12608234909288984,bovada,Bovada,2026-05-07T23:10:00Z,Detroit Pistons,Cleveland Cavaliers,,,False
2026-05-07,2026-05-06T13:18:31.605474+00:00,3992,James Harden,CLE,ra,UNDER,11.5,-111,0.5260663507109005,0.5916129840317303,0.8240055930783091,0.06554663332082988,0.12459765433058656,draftkings,DraftKings,2026-05-07T23:10:00Z,Detroit Pistons,Cleveland Cavaliers,,,False
2026-05-07,2026-05-06T13:18:31.605474+00:00,4432158,Evan Mobley,CLE,ra,UNDER,10.5,145,0.40816326530612246,0.4580907202848325,0.6351062424820773,0.04992745497871004,0.12232226469783969,bovada,Bovada,2026-05-07T23:10:00Z,Detroit Pistons,Cleveland Cavaliers,,,False
2026-05-07,2026-05-06T13:18:31.605474+00:00,4433255,Chet Holmgren,OKC,ra,UNDER,10.5,-125,0.5555555555555556,0.619745747492081,0.8473291552670348,0.06419019193652542,0.11554234548574582,draftkings,DraftKings,2026-05-08T01:40:00Z,Oklahoma City Thunder,Los Angeles Lakers,,,False
2026-05-07,2026-05-06T13:18:31.605474+00:00,4433255,Chet Holmgren,OKC,ra,UNDER,10.5,-125,0.5555555555555556,0.619745747492081,0.8473291552670348,0.06419019193652542,0.11554234548574582,bovada,Bovada,2026-05-08T01:40:00Z,Oklahoma City Thunder,Los Angeles Lakers,,,False
2026-05-07,2026-05-06T13:18:31.605474+00:00,4433255,Chet Holmgren,OKC,ra,UNDER,10.5,-128,0.5614035087719298,0.6243071510008529,0.8473291552670348,0.06290364222892308,0.11204711272026918,fanduel,FanDuel,2026-05-08T01:40:00Z,Oklahoma City Thunder,Los Angeles Lakers,,,False
2026-05-07,2026-05-06T13:18:31.605474+00:00,4432158,Evan Mobley,CLE,ra,UNDER,11.5,-102,0.504950495049505,0.5587655840410467,0.749564535920149,0.05381508899154175,0.10657498015971989,fanduel,FanDuel,2026-05-07T23:10:00Z,Detroit Pistons,Cleveland Cavaliers,,,False
2026-05-07,2026-05-06T13:18:31.605474+00:00,4432158,Evan Mobley,CLE,ra,UNDER,11.5,-103,0.5073891625615764,0.5606677447004624,0.749564535920149,0.05327858213888603,0.10500536091450363,draftkings,DraftKings,2026-05-07T23:10:00Z,Detroit Pistons,Cleveland Cavaliers,,,False
2026-05-07,2026-05-06T13:18:31.605474+00:00,4433255,Chet Holmgren,OKC,ra,UNDER,11.5,-165,0.6226415094339622,0.6873340768294754,0.9166986339590224,0.06469256739551321,0.10390018399885453,betmgm,BetMGM,2026-05-08T01:40:00Z,Oklahoma City Thunder,Los Angeles Lakers,,,False
2026-05-07,2026-05-06T13:18:31.605474+00:00,4432158,Evan Mobley,CLE,ra,UNDER,11.5,-105,0.5121951219512195,0.5644163930243841,0.749564535920149,0.052221271073164544,0.10195581495236883,betmgm,BetMGM,2026-05-07T23:10:00Z,Detroit Pistons,Cleveland Cavaliers,,,False
2026-05-07,2026-05-06T13:18:31.605474+00:00,4432158,Evan Mobley,CLE,ra,UNDER,11.5,-105,0.5121951219512195,0.5644163930243841,0.749564535920149,0.052221271073164544,0.10195581495236883,bovada,Bovada,2026-05-07T23:10:00Z,Detroit Pistons,Cleveland Cavaliers,,,False
2026-05-07,2026-05-06T13:18:31.605474+00:00,4900671,Ajay Mitchell,OKC,ra,UNDER,8.5,-215,0.6825396825396826,0.7499457360649427,0.9889308349272288,0.06740605352526019,0.0987577063277068,bovada,Bovada,2026-05-08T01:40:00Z,Oklahoma City Thunder,Los Angeles Lakers,,,False
2026-05-07,2026-05-06T13:18:31.605474+00:00,3992,James Harden,CLE,ra,UNDER,12.5,-165,0.6226415094339622,0.6834142006502572,0.8988810149625754,0.060772691216294916,0.09760462528677666,bovada,Bovada,2026-05-07T23:10:00Z,Detroit Pistons,Cleveland Cavaliers,,,False
2026-05-07,2026-05-06T13:18:31.605474+00:00,3157465,Duncan Robinson,DET,ra,OVER,3.5,-165,0.6226415094339622,0.6833589624850464,0.8986299323934355,0.060717453051084114,0.0975159094456805,bovada,Bovada,2026-05-07T23:10:00Z,Detroit Pistons,Cleveland Cavaliers,,,False
2026-05-07,2026-05-06T13:18:31.605474+00:00,4432158,Evan Mobley,CLE,ra,UNDER,12.5,-160,0.6153846153846154,0.6651401011185648,0.8415459141752947,0.04975548573394939,0.0808526643176678,bovada,Bovada,2026-05-07T23:10:00Z,Detroit Pistons,Cleveland Cavaliers,,,False
2026-05-07,2026-05-06T13:18:31.605474+00:00,4066328,Jarrett Allen,CLE,ra,UNDER,6.5,205,0.32786885245901637,0.35342312895870326,0.4440246547303204,0.02555427649968689,0.07794054332404499,bovada,Bovada,2026-05-07T23:10:00Z,Detroit Pistons,Cleveland Cavaliers,,,False
2026-05-07,2026-05-06T13:18:31.605474+00:00,4066328,Jarrett Allen,CLE,ra,UNDER,7.5,125,0.4444444444444444,0.4778587127328747,0.5963274821191276,0.033414268288430304,0.07518210364896816,bovada,Bovada,2026-05-07T23:10:00Z,Detroit Pistons,Cleveland Cavaliers,,,False
2026-05-07,2026-05-06T13:18:31.605474+00:00,4433621,Jalen Duren,DET,ra,UNDER,13.5,-114,0.5327102803738317,0.5685004349317049,0.6953928010914371,0.035790154557873155,0.06718502697706003,fanduel,FanDuel,2026-05-07T23:10:00Z,Detroit Pistons,Cleveland Cavaliers,,,False
2026-05-07,2026-05-06T13:18:31.605474+00:00,4066328,Jarrett Allen,CLE,ra,UNDER,8.5,-130,0.5652173913043478,0.6026035822938639,0.7351546230748756,0.03738619098951612,0.06614479944299001,draftkings,DraftKings,2026-05-07T23:10:00Z,Detroit Pistons,Cleveland Cavaliers,,,False
2026-05-07,2026-05-06T13:18:31.605474+00:00,4066328,Jarrett Allen,CLE,ra,UNDER,8.5,-130,0.5652173913043478,0.6026035822938639,0.7351546230748756,0.03738619098951612,0.06614479944299001,bovada,Bovada,2026-05-07T23:10:00Z,Detroit Pistons,Cleveland Cavaliers,,,False
2026-05-07,2026-05-06T13:18:31.605474+00:00,4433621,Jalen Duren,DET,ra,UNDER,13.5,-115,0.5348837209302325,0.5701957185656975,0.6953928010914371,0.035311997635465,0.06601808253586922,betmgm,BetMGM,2026-05-07T23:10:00Z,Detroit Pistons,Cleveland Cavaliers,,,False
2026-05-07,2026-05-06T13:18:31.605474+00:00,4433621,Jalen Duren,DET,ra,UNDER,11.5,180,0.35714285714285715,0.38029093705374495,0.4623614021923472,0.023148079910887798,0.06481462375048586,bovada,Bovada,2026-05-07T23:10:00Z,Detroit Pistons,Cleveland Cavaliers,,,False
2026-05-07,2026-05-06T13:18:31.605474+00:00,4433621,Jalen Duren,DET,ra,UNDER,13.5,-118,0.5412844036697247,0.5751882511025015,0.6953928010914371,0.033903847432776746,0.06263592152835018,draftkings,DraftKings,2026-05-07T23:10:00Z,Detroit Pistons,Cleveland Cavaliers,,,False
2026-05-07,2026-05-06T13:18:31.605474+00:00,4433621,Jalen Duren,DET,ra,UNDER,12.5,120,0.45454545454545453,0.4827007031675376,0.5825238573731049,0.028155248622083073,0.061941546968582784,bovada,Bovada,2026-05-07T23:10:00Z,Detroit Pistons,Cleveland Cavaliers,,,False
2026-05-07,2026-05-06T13:18:31.605474+00:00,4066328,Jarrett Allen,CLE,ra,UNDER,8.5,-135,0.574468085106383,0.6098191234594514,0.7351546230748756,0.03535103835306841,0.061536992688674685,betmgm,BetMGM,2026-05-07T23:10:00Z,Detroit Pistons,Cleveland Cavaliers,,,False
2026-05-07,2026-05-06T13:18:31.605474+00:00,4433621,Jalen Duren,DET,ra,UNDER,13.5,-120,0.5454545454545454,0.5784409616946615,0.6953928010914371,0.03298641624011611,0.06047509644021282,bovada,Bovada,2026-05-07T23:10:00Z,Detroit Pistons,Cleveland Cavaliers,,,False
2026-05-07,2026-05-06T13:18:31.605474+00:00,3913174,Luke Kennard,LAL,ra,OVER,4.5,-146,0.5934959349593496,0.6288448640433218,0.7541728853410414,0.03534892908397225,0.0595605243469669,fanduel,FanDuel,2026-05-08T01:40:00Z,Oklahoma City Thunder,Los Angeles Lakers,,,False
2026-05-07,2026-05-06T13:18:31.605474+00:00,6440,Tobias Harris,DET,ra,OVER,9.5,145,0.40816326530612246,0.4272058287039016,0.494720371659664,0.019042563397779155,0.04665428032455887,bovada,Bovada,2026-05-07T23:10:00Z,Detroit Pistons,Cleveland Cavaliers,,,False
2026-05-07,2026-05-06T13:18:31.605474+00:00,6440,Tobias Harris,DET,ra,OVER,8.5,-108,0.5192307692307693,0.5424154557444999,0.6246157079295449,0.023184686513730624,0.044651988841259094,draftkings,DraftKings,2026-05-07T23:10:00Z,Detroit Pistons,Cleveland Cavaliers,,,False
2026-05-07,2026-05-06T13:18:31.605474+00:00,6440,Tobias Harris,DET,ra,OVER,8.5,-110,0.5238095238095238,0.5459868843159285,0.6246157079295449,0.02217736050640462,0.042338597330408845,bovada,Bovada,2026-05-07T23:10:00Z,Detroit Pistons,Cleveland Cavaliers,,,False
2026-05-07,2026-05-06T13:18:31.605474+00:00,4684742,Ausar Thompson,DET,ra,OVER,10.5,-115,0.5348837209302325,0.5558507071185714,0.6301882036045001,0.02096698618833892,0.0391991480912422,betmgm,BetMGM,2026-05-07T23:10:00Z,Detroit Pistons,Cleveland Cavaliers,,,False
2026-05-07,2026-05-06T13:18:31.605474+00:00,3908809,Donovan Mitchell,CLE,ra,UNDER,7.5,112,0.4716981132075472,0.489584309533878,0.5529990055999601,0.017886196326330817,0.0379187362118214,fanduel,FanDuel,2026-05-07T23:10:00Z,Detroit Pistons,Cleveland Cavaliers,,,False
2026-05-07,2026-05-06T13:18:31.605474+00:00,4066648,Rui Hachimura,LAL,ra,OVER,5.5,135,0.425531914893617,0.44146884311478424,0.4979724977171043,0.015936928221167213,0.037451781319742916,bovada,Bovada,2026-05-08T01:40:00Z,Oklahoma City Thunder,Los Angeles Lakers,,,False
2026-05-07,2026-05-06T13:18:31.605474+00:00,6440,Tobias Harris,DET,ra,OVER,8.5,-115,0.5348837209302325,0.5546247580700813,0.6246157079295449,0.01974103713984876,0.03690715639189107,betmgm,BetMGM,2026-05-07T23:10:00Z,Detroit Pistons,Cleveland Cavaliers,,,False
2026-05-07,2026-05-06T13:18:31.605474+00:00,4684742,Ausar Thompson,DET,ra,OVER,11.5,125,0.4444444444444444,0.4606886635646189,0.5182818040816011,0.016244219120174486,0.036549493020392565,bovada,Bovada,2026-05-07T23:10:00Z,Detroit Pistons,Cleveland Cavaliers,,,False
2026-05-07,2026-05-06T13:18:31.605474+00:00,4684742,Ausar Thompson,DET,ra,OVER,10.5,-118,0.5412844036697247,0.5608432396553753,0.6301882036045001,0.019558835985650558,0.03613412071925265,draftkings,DraftKings,2026-05-07T23:10:00Z,Detroit Pistons,Cleveland Cavaliers,,,False
2026-05-07,2026-05-06T13:18:31.605474+00:00,4066648,Rui Hachimura,LAL,ra,OVER,4.5,-134,0.5726495726495726,0.5923475857189269,0.6621859956920921,0.01969801306935426,0.03439802282260368,draftkings,DraftKings,2026-05-08T01:40:00Z,Oklahoma City Thunder,Los Angeles Lakers,,,False
2026-05-07,2026-05-06T13:18:31.605474+00:00,4684742,Ausar Thompson,DET,ra,OVER,10.5,-120,0.5454545454545454,0.5640959502475354,0.6301882036045001,0.018641404792990035,0.034175908787148324,bovada,Bovada,2026-05-07T23:10:00Z,Detroit Pistons,Cleveland Cavaliers,,,False
2026-05-07,2026-05-06T13:18:31.605474+00:00,6440,Tobias Harris,DET,ra,OVER,7.5,-180,0.6428571428571429,0.6645948486322517,0.7416648963803649,0.021737705775108807,0.03381420898350268,bovada,Bovada,2026-05-07T23:10:00Z,Detroit Pistons,Cleveland Cavaliers,,,False
2026-05-07,2026-05-06T13:18:31.605474+00:00,4066648,Rui Hachimura,LAL,ra,OVER,4.5,-135,0.574468085106383,0.593766025435239,0.6621859956920921,0.01929794032885601,0.03359271094282351,bovada,Bovada,2026-05-08T01:40:00Z,Oklahoma City Thunder,Los Angeles Lakers,,,False
2026-05-07,2026-05-06T13:18:31.605474+00:00,3908809,Donovan Mitchell,CLE,ra,UNDER,8.5,-160,0.6153846153846154,0.6330307125492787,0.6955941479512666,0.017646097164663255,0.028674907892577872,bovada,Bovada,2026-05-07T23:10:00Z,Detroit Pistons,Cleveland Cavaliers,,,False
2026-05-07,2026-05-06T13:18:31.605474+00:00,3912848,Dean Wade,CLE,ra,OVER,4.5,-125,0.5555555555555556,0.5714761192150543,0.6279217540078222,0.015920563659498677,0.028657014587097684,betmgm,BetMGM,2026-05-07T23:10:00Z,Detroit Pistons,Cleveland Cavaliers,,,False
2026-05-07,2026-05-06T13:18:31.605474+00:00,4684742,Ausar Thompson,DET,ra,OVER,9.5,-185,0.6491228070175439,0.6673550011051309,0.731996416506576,0.018232194087587028,0.02808743413493142,bovada,Bovada,2026-05-07T23:10:00Z,Detroit Pistons,Cleveland Cavaliers,,,False
2026-05-07,2026-05-06T13:18:31.605474+00:00,4684742,Ausar Thompson,DET,ra,OVER,10.5,-128,0.5614035087719298,0.5765361416350953,0.6301882036045001,0.015132632863165463,0.026955002287513408,fanduel,FanDuel,2026-05-07T23:10:00Z,Detroit Pistons,Cleveland Cavaliers,,,False
2026-05-07,2026-05-06T13:18:31.605474+00:00,3908809,Donovan Mitchell,CLE,ra,UNDER,7.5,100,0.5,0.5116597812319912,0.5529990055999601,0.011659781231991184,0.02331956246398237,bovada,Bovada,2026-05-07T23:10:00Z,Detroit Pistons,Cleveland Cavaliers,,,False
2026-05-07,2026-05-06T13:18:31.605474+00:00,4278129,Deandre Ayton,LAL,ra,UNDER,9.5,-117,0.5391705069124424,0.5513117941718902,0.594358176273569,0.012141287259447853,0.02251845585726653,draftkings,DraftKings,2026-05-08T01:40:00Z,Oklahoma City Thunder,Los Angeles Lakers,,,False
2026-05-07,2026-05-06T13:18:31.605474+00:00,4222252,Isaiah Hartenstein,OKC,reb,UNDER,7.5,130,0.43478260869565216,0.5044079280676946,0.8989514045092689,0.06962531937204247,0.16013823455569764,bovada,Bovada,2026-05-08T01:40:00Z,Oklahoma City Thunder,Los Angeles Lakers,,,False
2026-05-07,2026-05-06T13:18:31.605474+00:00,3157465,Duncan Robinson,DET,reb,OVER,2.5,140,0.4166666666666667,0.47247104449137545,0.788695852164725,0.05580437782470876,0.13393050677930107,betmgm,BetMGM,2026-05-07T23:10:00Z,Detroit Pistons,Cleveland Cavaliers,,,False
2026-05-07,2026-05-06T13:18:31.605474+00:00,3157465,Duncan Robinson,DET,reb,OVER,2.5,136,0.423728813559322,0.4784738693501325,0.788695852164725,0.05474505579081046,0.12919833166631267,betonlineag,BetOnline.ag,2026-05-07T23:10:00Z,Detroit Pistons,Cleveland Cavaliers,,,False
2026-05-07,2026-05-06T13:18:31.605474+00:00,4433255,Chet Holmgren,OKC,reb,UNDER,7.5,165,0.37735849056603776,0.42453982958938347,0.6919007507216759,0.0471813390233457,0.12503054841186612,bovada,Bovada,2026-05-08T01:40:00Z,Oklahoma City Thunder,Los Angeles Lakers,,,False
2026-05-07,2026-05-06T13:18:31.605474+00:00,3157465,Duncan Robinson,DET,reb,OVER,2.5,130,0.43478260869565216,0.4878695952160131,0.788695852164725,0.053086986520360924,0.12210006899683001,bovada,Bovada,2026-05-07T23:10:00Z,Detroit Pistons,Cleveland Cavaliers,,,False
2026-05-07,2026-05-06T13:18:31.605474+00:00,4900671,Ajay Mitchell,OKC,reb,UNDER,2.5,180,0.35714285714285715,0.4002339655238084,0.6444169130158657,0.04309110838095126,0.12065510346666353,bovada,Bovada,2026-05-08T01:40:00Z,Oklahoma City Thunder,Los Angeles Lakers,,,False
2026-05-07,2026-05-06T13:18:31.605474+00:00,3157465,Duncan Robinson,DET,reb,OVER,2.5,127,0.44052863436123346,0.4927537170317572,0.788695852164725,0.052225082670523726,0.1185509376620888,draftkings,DraftKings,2026-05-07T23:10:00Z,Detroit Pistons,Cleveland Cavaliers,,,False
2026-05-07,2026-05-06T13:18:31.605474+00:00,4433621,Jalen Duren,DET,reb,UNDER,9.5,185,0.3508771929824561,0.39209892970590277,0.6256887711387671,0.041221736723446645,0.1174819496618229,bovada,Bovada,2026-05-07T23:10:00Z,Detroit Pistons,Cleveland Cavaliers,,,False
2026-05-07,2026-05-06T13:18:31.605474+00:00,4222252,Isaiah Hartenstein,OKC,reb,UNDER,8.5,-130,0.5652173913043478,0.6241956184731937,0.9584055724299871,0.05897822716884593,0.1043460942218043,bovada,Bovada,2026-05-08T01:40:00Z,Oklahoma City Thunder,Los Angeles Lakers,,,False
2026-05-07,2026-05-06T13:18:31.605474+00:00,4222252,Isaiah Hartenstein,OKC,reb,UNDER,8.5,-131,0.5670995670995671,0.6257954678991301,0.9584055724299871,0.058695900799562994,0.1035019319442676,draftkings,DraftKings,2026-05-08T01:40:00Z,Oklahoma City Thunder,Los Angeles Lakers,,,False
2026-05-07,2026-05-06T13:18:31.605474+00:00,4222252,Isaiah Hartenstein,OKC,reb,UNDER,8.5,-137,0.5780590717299579,0.6351110468349622,0.9584055724299871,0.05705197510500437,0.09869575255391277,betrivers,BetRivers,2026-05-08T01:40:00Z,Oklahoma City Thunder,Los Angeles Lakers,,,False
2026-05-07,2026-05-06T13:18:31.605474+00:00,4433621,Jalen Duren,DET,reb,UNDER,10.5,120,0.45454545454545453,0.4988479602559167,0.7498954926152025,0.04430250571046218,0.09746551256301672,bovada,Bovada,2026-05-07T23:10:00Z,Detroit Pistons,Cleveland Cavaliers,,,False
2026-05-07,2026-05-06T13:18:31.605474+00:00,4222252,Isaiah Hartenstein,OKC,reb,UNDER,8.5,-139,0.5815899581589958,0.6381123002996445,0.9584055724299871,0.05652234214064866,0.09718589763751823,betonlineag,BetOnline.ag,2026-05-08T01:40:00Z,Oklahoma City Thunder,Los Angeles Lakers,,,False
2026-05-07,2026-05-06T13:18:31.605474+00:00,4222252,Isaiah Hartenstein,OKC,reb,UNDER,8.5,-141,0.5850622406639004,0.6410637404288134,0.9584055724299871,0.056001499764912976,0.09571887548470948,williamhill_us,Caesars,2026-05-08T01:40:00Z,Oklahoma City Thunder,Los Angeles Lakers,,,False
2026-05-07,2026-05-06T13:18:31.605474+00:00,4433255,Chet Holmgren,OKC,reb,UNDER,8.5,101,0.4975124378109453,0.5450145910894681,0.8141934596677646,0.04750215327852286,0.09547932808983095,draftkings,DraftKings,2026-05-08T01:40:00Z,Oklahoma City Thunder,Los Angeles Lakers,,,False
2026-05-07,2026-05-06T13:18:31.605474+00:00,4433255,Chet Holmgren,OKC,reb,UNDER,8.5,100,0.5,0.5471290189501646,0.8141934596677646,0.047129018950164636,0.09425803790032927,bovada,Bovada,2026-05-08T01:40:00Z,Oklahoma City Thunder,Los Angeles Lakers,,,False
2026-05-07,2026-05-06T13:18:31.605474+00:00,4222252,Isaiah Hartenstein,OKC,reb,UNDER,8.5,-144,0.5901639344262295,0.6454001801267931,0.9584055724299871,0.055236245700563624,0.09359474965928832,fanduel,FanDuel,2026-05-08T01:40:00Z,Oklahoma City Thunder,Los Angeles Lakers,,,False
2026-05-07,2026-05-06T13:18:31.605474+00:00,4432158,Evan Mobley,CLE,reb,UNDER,7.5,150,0.4,0.436732096087396,0.6448806405826399,0.03673209608739597,0.09183024021848996,bovada,Bovada,2026-05-07T23:10:00Z,Detroit Pistons,Cleveland Cavaliers,,,False
2026-05-07,2026-05-06T13:18:31.605474+00:00,4222252,Isaiah Hartenstein,OKC,reb,UNDER,8.5,-150,0.6,0.6537608358644981,0.9584055724299871,0.05376083586449809,0.08960139310749676,betmgm,BetMGM,2026-05-08T01:40:00Z,Oklahoma City Thunder,Los Angeles Lakers,,,False
2026-05-07,2026-05-06T13:18:31.605474+00:00,4433255,Chet Holmgren,OKC,reb,UNDER,8.5,-105,0.5121951219512195,0.5574948726087012,0.8141934596677646,0.04529975065748171,0.08844237033127378,betrivers,BetRivers,2026-05-08T01:40:00Z,Oklahoma City Thunder,Los Angeles Lakers,,,False
2026-05-07,2026-05-06T13:18:31.605474+00:00,4900671,Ajay Mitchell,OKC,reb,UNDER,3.5,-122,0.5495495495495496,0.5965544898094011,0.8629158179485598,0.04700494025985147,0.08553357981710685,betrivers,BetRivers,2026-05-08T01:40:00Z,Oklahoma City Thunder,Los Angeles Lakers,,,False
2026-05-07,2026-05-06T13:18:31.605474+00:00,4433255,Chet Holmgren,OKC,reb,UNDER,8.5,-108,0.5192307692307693,0.5634751727963185,0.8141934596677646,0.04424440356554926,0.08521144390402091,fanduel,FanDuel,2026-05-08T01:40:00Z,Oklahoma City Thunder,Los Angeles Lakers,,,False
2026-05-07,2026-05-06T13:18:31.605474+00:00,4433255,Chet Holmgren,OKC,reb,UNDER,8.5,-109,0.5215311004784688,0.5654304543568632,0.8141934596677646,0.04389935387839439,0.08417399046407725,betonlineag,BetOnline.ag,2026-05-08T01:40:00Z,Oklahoma City Thunder,Los Angeles Lakers,,,False
2026-05-07,2026-05-06T13:18:31.605474+00:00,4900671,Ajay Mitchell,OKC,reb,UNDER,3.5,-124,0.5535714285714286,0.5999730869779982,0.8629158179485598,0.046401658406569624,0.08382235066993227,williamhill_us,Caesars,2026-05-08T01:40:00Z,Oklahoma City Thunder,Los Angeles Lakers,,,False
2026-05-07,2026-05-06T13:18:31.605474+00:00,4433255,Chet Holmgren,OKC,reb,UNDER,8.5,-110,0.5238095238095238,0.5673671141882599,0.8141934596677646,0.04355759037873608,0.0831553998139507,williamhill_us,Caesars,2026-05-08T01:40:00Z,Oklahoma City Thunder,Los Angeles Lakers,,,False
2026-05-07,2026-05-06T13:18:31.605474+00:00,4900671,Ajay Mitchell,OKC,reb,UNDER,3.5,-125,0.5555555555555556,0.6016595949145062,0.8629158179485598,0.04610403935895058,0.08298727084611113,draftkings,DraftKings,2026-05-08T01:40:00Z,Oklahoma City Thunder,Los Angeles Lakers,,,False
2026-05-07,2026-05-06T13:18:31.605474+00:00,4900671,Ajay Mitchell,OKC,reb,UNDER,3.5,-125,0.5555555555555556,0.6016595949145062,0.8629158179485598,0.04610403935895058,0.08298727084611113,bovada,Bovada,2026-05-08T01:40:00Z,Oklahoma City Thunder,Los Angeles Lakers,,,False
2026-05-07,2026-05-06T13:18:31.605474+00:00,4066328,Jarrett Allen,CLE,reb,UNDER,5.5,215,0.31746031746031744,0.34313135170196796,0.4886005457379874,0.025671034241650514,0.08086375786119904,bovada,Bovada,2026-05-07T23:10:00Z,Detroit Pistons,Cleveland Cavaliers,,,False
2026-05-07,2026-05-06T13:18:31.605474+00:00,4900671,Ajay Mitchell,OKC,reb,UNDER,3.5,-128,0.5614035087719298,0.6066303551484243,0.8629158179485598,0.045226846376494545,0.08056032010813086,fanduel,FanDuel,2026-05-08T01:40:00Z,Oklahoma City Thunder,Los Angeles Lakers,,,False
2026-05-07,2026-05-06T13:18:31.605474+00:00,4900671,Ajay Mitchell,OKC,reb,UNDER,3.5,-128,0.5614035087719298,0.6066303551484243,0.8629158179485598,0.045226846376494545,0.08056032010813086,betonlineag,BetOnline.ag,2026-05-08T01:40:00Z,Oklahoma City Thunder,Los Angeles Lakers,,,False
2026-05-07,2026-05-06T13:18:31.605474+00:00,5107199,Daniss Jenkins,DET,reb,OVER,2.5,106,0.4854368932038835,0.5240964687057112,0.7431673965494019,0.03865957550182775,0.07963872553376516,betonlineag,BetOnline.ag,2026-05-07T23:10:00Z,Detroit Pistons,Cleveland Cavaliers,,,False
2026-05-07,2026-05-06T13:18:31.605474+00:00,4433621,Jalen Duren,DET,reb,UNDER,11.5,-125,0.5555555555555556,0.59942123504406,0.8479934188122513,0.043865679488504394,0.078958223079308,betmgm,BetMGM,2026-05-07T23:10:00Z,Detroit Pistons,Cleveland Cavaliers,,,False
2026-05-07,2026-05-06T13:18:31.605474+00:00,3913174,Luke Kennard,LAL,reb,OVER,3.5,145,0.40816326530612246,0.4392073221967773,0.6151236445771546,0.031044056890654814,0.07605793938210426,bovada,Bovada,2026-05-08T01:40:00Z,Oklahoma City Thunder,Los Angeles Lakers,,,False
2026-05-07,2026-05-06T13:18:31.605474+00:00,4900671,Ajay Mitchell,OKC,reb,UNDER,3.5,-135,0.574468085106383,0.6177352450327095,0.8629158179485598,0.04326715992632646,0.07531690801990171,betmgm,BetMGM,2026-05-08T01:40:00Z,Oklahoma City Thunder,Los Angeles Lakers,,,False
2026-05-07,2026-05-06T13:18:31.605474+00:00,4433621,Jalen Duren,DET,reb,UNDER,11.5,-130,0.5652173913043478,0.6076337954305333,0.8479934188122513,0.042416404126185525,0.07504440730017437,bovada,Bovada,2026-05-07T23:10:00Z,Detroit Pistons,Cleveland Cavaliers,,,False
2026-05-07,2026-05-06T13:18:31.605474+00:00,4433621,Jalen Duren,DET,reb,UNDER,11.5,-133,0.5708154506437768,0.612392145869048,0.8479934188122513,0.04157669522527119,0.07283736832697879,draftkings,DraftKings,2026-05-07T23:10:00Z,Detroit Pistons,Cleveland Cavaliers,,,False
2026-05-07,2026-05-06T13:18:31.605474+00:00,4433621,Jalen Duren,DET,reb,UNDER,11.5,-133,0.5708154506437768,0.612392145869048,0.8479934188122513,0.04157669522527119,0.07283736832697879,betonlineag,BetOnline.ag,2026-05-07T23:10:00Z,Detroit Pistons,Cleveland Cavaliers,,,False
2026-05-07,2026-05-06T13:18:31.605474+00:00,4433621,Jalen Duren,DET,reb,UNDER,11.5,-134,0.5726495726495726,0.6139511495739745,0.8479934188122513,0.04130157692440184,0.07212364925604497,betrivers,BetRivers,2026-05-07T23:10:00Z,Detroit Pistons,Cleveland Cavaliers,,,False
2026-05-07,2026-05-06T13:18:31.605474+00:00,4433621,Jalen Duren,DET,reb,UNDER,11.5,-136,0.576271186440678,0.617029521296414,0.8479934188122513,0.04075833485573599,0.07072769872024781,fanduel,FanDuel,2026-05-07T23:10:00Z,Detroit Pistons,Cleveland Cavaliers,,,False
2026-05-07,2026-05-06T13:18:31.605474+00:00,4433621,Jalen Duren,DET,reb,UNDER,11.5,-136,0.576271186440678,0.617029521296414,0.8479934188122513,0.04075833485573599,0.07072769872024781,williamhill_us,Caesars,2026-05-07T23:10:00Z,Detroit Pistons,Cleveland Cavaliers,,,False
2026-05-07,2026-05-06T13:18:31.605474+00:00,4433255,Chet Holmgren,OKC,reb,UNDER,8.5,-125,0.5555555555555556,0.5943512411723869,0.8141934596677646,0.03879568561683133,0.06983223411029649,betmgm,BetMGM,2026-05-08T01:40:00Z,Oklahoma City Thunder,Los Angeles Lakers,,,False
2026-05-07,2026-05-06T13:18:31.605474+00:00,4432158,Evan Mobley,CLE,reb,UNDER,8.5,-114,0.5327102803738317,0.5694511715909225,0.7776495551544367,0.03674089121709079,0.06896974316190713,draftkings,DraftKings,2026-05-07T23:10:00Z,Detroit Pistons,Cleveland Cavaliers,,,False
2026-05-07,2026-05-06T13:18:31.605474+00:00,4432158,Evan Mobley,CLE,reb,UNDER,8.5,-115,0.5348837209302325,0.5712985960638631,0.7776495551544367,0.03641487513363062,0.0680799839454832,bovada,Bovada,2026-05-07T23:10:00Z,Detroit Pistons,Cleveland Cavaliers,,,False
2026-05-07,2026-05-06T13:18:31.605474+00:00,4433255,Chet Holmgren,OKC,reb,UNDER,9.5,-165,0.6226415094339622,0.6643533232476603,0.9007202681919494,0.04171181381369804,0.06699170097351498,bovada,Bovada,2026-05-08T01:40:00Z,Oklahoma City Thunder,Los Angeles Lakers,,,False
2026-05-07,2026-05-06T13:18:31.605474+00:00,4066457,Austin Reaves,LAL,reb,UNDER,3.5,170,0.37037037037037035,0.3951630653251111,0.5356550034019754,0.024792694954740735,0.06694027637779987,bovada,Bovada,2026-05-08T01:40:00Z,Oklahoma City Thunder,Los Angeles Lakers,,,False
2026-05-07,2026-05-06T13:18:31.605474+00:00,4066328,Jarrett Allen,CLE,reb,UNDER,6.5,120,0.45454545454545453,0.48492096047453875,0.657048827406016,0.030375505929084223,0.06682611304398534,bovada,Bovada,2026-05-07T23:10:00Z,Detroit Pistons,Cleveland Cavaliers,,,False
2026-05-07,2026-05-06T13:18:31.605474+00:00,4222252,Isaiah Hartenstein,OKC,reb,UNDER,9.5,-215,0.6825396825396826,0.7280158881170777,0.9857143863889835,0.04547620557739518,0.06662792910176507,bovada,Bovada,2026-05-08T01:40:00Z,Oklahoma City Thunder,Los Angeles Lakers,,,False
2026-05-07,2026-05-06T13:18:31.605474+00:00,4432158,Evan Mobley,CLE,reb,UNDER,8.5,-121,0.5475113122171946,0.5820320486577809,0.7776495551544367,0.034520736440586286,0.06305027068900482,williamhill_us,Caesars,2026-05-07T23:10:00Z,Detroit Pistons,Cleveland Cavaliers,,,False
2026-05-07,2026-05-06T13:18:31.605474+00:00,4432158,Evan Mobley,CLE,reb,UNDER,8.5,-123,0.5515695067264574,0.5854815139906543,0.7776495551544367,0.03391200726419685,0.0614827448773651,betonlineag,BetOnline.ag,2026-05-07T23:10:00Z,Detroit Pistons,Cleveland Cavaliers,,,False
2026-05-07,2026-05-06T13:18:31.605474+00:00,4432158,Evan Mobley,CLE,reb,UNDER,8.5,-124,0.5535714285714286,0.5871831475588798,0.7776495551544367,0.03361171898745119,0.06071794397733121,betrivers,BetRivers,2026-05-07T23:10:00Z,Detroit Pistons,Cleveland Cavaliers,,,False
2026-05-07,2026-05-06T13:18:31.605474+00:00,3912848,Dean Wade,CLE,reb,OVER,3.5,121,0.45248868778280543,0.4793571236699332,0.6316115936969908,0.026868435887127784,0.05937924331055244,draftkings,DraftKings,2026-05-07T23:10:00Z,Detroit Pistons,Cleveland Cavaliers,,,False
2026-05-07,2026-05-06T13:18:31.605474+00:00,2990992,Marcus Smart,LAL,reb,OVER,3.5,135,0.425531914893617,0.450573949879296,0.5924788147981437,0.025042034985678974,0.058848782216345596,bovada,Bovada,2026-05-08T01:40:00Z,Oklahoma City Thunder,Los Angeles Lakers,,,False
2026-05-07,2026-05-06T13:18:31.605474+00:00,4066328,Jarrett Allen,CLE,reb,UNDER,7.5,-135,0.574468085106383,0.6081212247948821,0.7988223496963769,0.033653139688499034,0.05858139130960949,betmgm,BetMGM,2026-05-07T23:10:00Z,Detroit Pistons,Cleveland Cavaliers,,,False
2026-05-07,2026-05-06T13:18:31.605474+00:00,3912848,Dean Wade,CLE,reb,OVER,3.5,120,0.45454545454545453,0.481105375418185,0.6316115936969908,0.026559920872730458,0.05843182592000695,bovada,Bovada,2026-05-07T23:10:00Z,Detroit Pistons,Cleveland Cavaliers,,,False
2026-05-07,2026-05-06T13:18:31.605474+00:00,4432158,Evan Mobley,CLE,reb,UNDER,8.5,-128,0.5614035087719298,0.5938404157293058,0.7776495551544367,0.032436906957376,0.05777824051782593,fanduel,FanDuel,2026-05-07T23:10:00Z,Detroit Pistons,Cleveland Cavaliers,,,False
2026-05-07,2026-05-06T13:18:31.605474+00:00,3908809,Donovan Mitchell,CLE,reb,OVER,4.5,150,0.4,0.42306834350426586,0.5537889566951057,0.023068343504265842,0.05767085876066469,bovada,Bovada,2026-05-07T23:10:00Z,Detroit Pistons,Cleveland Cavaliers,,,False
2026-05-07,2026-05-06T13:18:31.605474+00:00,3912848,Dean Wade,CLE,reb,OVER,3.5,118,0.45871559633027525,0.4846499959352826,0.6316115936969908,0.02593439960500732,0.05653699113891597,betonlineag,BetOnline.ag,2026-05-07T23:10:00Z,Detroit Pistons,Cleveland Cavaliers,,,False
2026-05-07,2026-05-06T13:18:31.605474+00:00,4433621,Jalen Duren,DET,reb,UNDER,12.5,-200,0.6666666666666666,0.704133882098819,0.9164481028810154,0.03746721543215237,0.056200823148228496,bovada,Bovada,2026-05-07T23:10:00Z,Detroit Pistons,Cleveland Cavaliers,,,False
2026-05-07,2026-05-06T13:18:31.605474+00:00,4397077,Jaxson Hayes,LAL,reb,UNDER,3.5,120,0.45454545454545453,0.4799851018352075,0.6241431031438074,0.025439647289752954,0.055967224037456464,draftkings,DraftKings,2026-05-08T01:40:00Z,Oklahoma City Thunder,Los Angeles Lakers,,,False
2026-05-07,2026-05-06T13:18:31.605474+00:00,4397077,Jaxson Hayes,LAL,reb,UNDER,3.5,120,0.45454545454545453,0.4799851018352075,0.6241431031438074,0.025439647289752954,0.055967224037456464,bovada,Bovada,2026-05-08T01:40:00Z,Oklahoma City Thunder,Los Angeles Lakers,,,False
2026-05-07,2026-05-06T13:18:31.605474+00:00,3912848,Dean Wade,CLE,reb,OVER,3.5,117,0.4608294930875576,0.48644680817897257,0.6316115936969908,0.02561731509141496,0.05558957374837048,williamhill_us,Caesars,2026-05-07T23:10:00Z,Detroit Pistons,Cleveland Cavaliers,,,False
2026-05-07,2026-05-06T13:18:31.605474+00:00,3912848,Dean Wade,CLE,reb,OVER,3.5,116,0.46296296296296297,0.4882602575730671,0.6316115936969908,0.02529729461010416,0.05464215635782499,fanduel,FanDuel,2026-05-07T23:10:00Z,Detroit Pistons,Cleveland Cavaliers,,,False
2026-05-07,2026-05-06T13:18:31.605474+00:00,4066457,Austin Reaves,LAL,reb,UNDER,4.5,-120,0.5454545454545454,0.5749024937668422,0.7417742008698571,0.0294479483122968,0.053987905239210765,bovada,Bovada,2026-05-08T01:40:00Z,Oklahoma City Thunder,Los Angeles Lakers,,,False
2026-05-07,2026-05-06T13:18:31.605474+00:00,4066328,Jarrett Allen,CLE,reb,UNDER,7.5,-143,0.588477366255144,0.620029113771329,0.7988223496963769,0.03155174751618495,0.053615906618412146,draftkings,DraftKings,2026-05-07T23:10:00Z,Detroit Pistons,Cleveland Cavaliers,,,False
2026-05-07,2026-05-06T13:18:31.605474+00:00,4066328,Jarrett Allen,CLE,reb,UNDER,7.5,-143,0.588477366255144,0.620029113771329,0.7988223496963769,0.03155174751618495,0.053615906618412146,betonlineag,BetOnline.ag,2026-05-07T23:10:00Z,Detroit Pistons,Cleveland Cavaliers,,,False
2026-05-07,2026-05-06T13:18:31.605474+00:00,4432158,Evan Mobley,CLE,reb,UNDER,8.5,-135,0.574468085106383,0.6049453056135911,0.7776495551544367,0.030477220507208025,0.05305293940143624,betmgm,BetMGM,2026-05-07T23:10:00Z,Detroit Pistons,Cleveland Cavaliers,,,False
2026-05-07,2026-05-06T13:18:31.605474+00:00,1966,LeBron James,LAL,reb,UNDER,6.5,105,0.4878048780487805,0.5135867238111523,0.6596838497979265,0.025781845762371858,0.05285278381286229,betmgm,BetMGM,2026-05-08T01:40:00Z,Oklahoma City Thunder,Los Angeles Lakers,,,False
2026-05-07,2026-05-06T13:18:31.605474+00:00,4432158,Evan Mobley,CLE,reb,UNDER,9.5,-185,0.6491228070175439,0.6832096563779494,0.876368469420247,0.03408684936040551,0.052512173339003154,bovada,Bovada,2026-05-07T23:10:00Z,Detroit Pistons,Cleveland Cavaliers,,,False
2026-05-07,2026-05-06T13:18:31.605474+00:00,4066457,Austin Reaves,LAL,reb,UNDER,4.5,-122,0.5495495495495496,0.5783832472475957,0.7417742008698571,0.028833697698046112,0.052467876139067615,draftkings,DraftKings,2026-05-08T01:40:00Z,Oklahoma City Thunder,Los Angeles Lakers,,,False
2026-05-07,2026-05-06T13:18:31.605474+00:00,4066328,Jarrett Allen,CLE,reb,UNDER,7.5,-145,0.5918367346938775,0.6228845769442525,0.7988223496963769,0.031047842250374935,0.052460147250633526,bovada,Bovada,2026-05-07T23:10:00Z,Detroit Pistons,Cleveland Cavaliers,,,False
2026-05-07,2026-05-06T13:18:31.605474+00:00,4397077,Jaxson Hayes,LAL,reb,UNDER,3.5,116,0.46296296296296297,0.4871399839900896,0.6241431031438074,0.024177021027126655,0.052222365418593486,betonlineag,BetOnline.ag,2026-05-08T01:40:00Z,Oklahoma City Thunder,Los Angeles Lakers,,,False
2026-05-07,2026-05-06T13:18:31.605474+00:00,6440,Tobias Harris,DET,reb,OVER,7.5,165,0.37735849056603776,0.3970302873909196,0.5085038027319168,0.01967179682488185,0.05213026158593692,bovada,Bovada,2026-05-07T23:10:00Z,Detroit Pistons,Cleveland Cavaliers,,,False
2026-05-07,2026-05-06T13:18:31.605474+00:00,3912848,Dean Wade,CLE,reb,OVER,3.5,112,0.4716981132075472,0.4956851352809637,0.6316115936969908,0.02398702207341652,0.05085248679564314,betrivers,BetRivers,2026-05-07T23:10:00Z,Detroit Pistons,Cleveland Cavaliers,,,False
2026-05-07,2026-05-06T13:18:31.605474+00:00,4066328,Jarrett Allen,CLE,reb,UNDER,7.5,-148,0.5967741935483871,0.6270814169705856,0.7988223496963769,0.030307223422198493,0.050785077085846175,williamhill_us,Caesars,2026-05-07T23:10:00Z,Detroit Pistons,Cleveland Cavaliers,,,False
2026-05-07,2026-05-06T13:18:31.605474+00:00,4397077,Jaxson Hayes,LAL,reb,UNDER,3.5,114,0.4672897196261682,0.4908177271538141,0.6241431031438074,0.02352800752764589,0.05034993610916216,fanduel,FanDuel,2026-05-08T01:40:00Z,Oklahoma City Thunder,Los Angeles Lakers,,,False
2026-05-07,2026-05-06T13:18:31.605474+00:00,4432158,Evan Mobley,CLE,reb,UNDER,8.5,-140,0.5833333333333334,0.6124807666064989,0.7776495551544367,0.02914743327316549,0.04996702846828377,fanatics,Fanatics,2026-05-07T23:10:00Z,Detroit Pistons,Cleveland Cavaliers,,,False
2026-05-07,2026-05-06T13:18:31.605474+00:00,1966,LeBron James,LAL,reb,UNDER,5.5,165,0.37735849056603776,0.39585284565867324,0.5006541911836075,0.018494355092635473,0.049010040995484005,bovada,Bovada,2026-05-08T01:40:00Z,Oklahoma City Thunder,Los Angeles Lakers,,,False
2026-05-07,2026-05-06T13:18:31.605474+00:00,3157465,Duncan Robinson,DET,reb,OVER,1.5,-215,0.6825396825396826,0.7159781668054837,0.9054629109783562,0.033438484265801094,0.048991267645243475,bovada,Bovada,2026-05-07T23:10:00Z,Detroit Pistons,Cleveland Cavaliers,,,False
2026-05-07,2026-05-06T13:18:31.605474+00:00,4066328,Jarrett Allen,CLE,reb,UNDER,7.5,-152,0.6031746031746031,0.6325217651528692,0.7988223496963769,0.029347161978266034,0.048654505385019975,fanduel,FanDuel,2026-05-07T23:10:00Z,Detroit Pistons,Cleveland Cavaliers,,,False
2026-05-07,2026-05-06T13:18:31.605474+00:00,4900671,Ajay Mitchell,OKC,reb,UNDER,4.5,-275,0.7333333333333333,0.7681390284433536,0.9653713007334686,0.034805695110020296,0.04746231151366398,bovada,Bovada,2026-05-08T01:40:00Z,Oklahoma City Thunder,Los Angeles Lakers,,,False
2026-05-07,2026-05-06T13:18:31.605474+00:00,4066328,Jarrett Allen,CLE,reb,UNDER,7.5,-155,0.6078431372549019,0.6364900191211231,0.7988223496963769,0.02864688186622122,0.04712874113475096,betrivers,BetRivers,2026-05-07T23:10:00Z,Detroit Pistons,Cleveland Cavaliers,,,False
2026-05-07,2026-05-06T13:18:31.605474+00:00,4397077,Jaxson Hayes,LAL,reb,UNDER,3.5,110,0.47619047619047616,0.49838337023347584,0.6241431031438074,0.022192894042999678,0.04660507749029941,williamhill_us,Caesars,2026-05-08T01:40:00Z,Oklahoma City Thunder,Los Angeles Lakers,,,False
2026-05-07,2026-05-06T13:18:31.605474+00:00,4278129,Deandre Ayton,LAL,reb,UNDER,7.5,160,0.38461538461538464,0.4021903627511757,0.5017819055206583,0.017574978135791064,0.04569494315305689,bovada,Bovada,2026-05-08T01:40:00Z,Oklahoma City Thunder,Los Angeles Lakers,,,False
2026-05-07,2026-05-06T13:18:31.605474+00:00,4066457,Austin Reaves,LAL,reb,UNDER,4.5,-132,0.5689655172413793,0.594886819785651,0.7417742008698571,0.025921302544271718,0.04555865295659883,betonlineag,BetOnline.ag,2026-05-08T01:40:00Z,Oklahoma City Thunder,Los Angeles Lakers,,,False
2026-05-07,2026-05-06T13:18:31.605474+00:00,4433255,Chet Holmgren,OKC,reb,UNDER,10.5,-275,0.7333333333333333,0.766330503641268,0.9533144687195644,0.0329971703079347,0.044996141329001815,bovada,Bovada,2026-05-08T01:40:00Z,Oklahoma City Thunder,Los Angeles Lakers,,,False
2026-05-07,2026-05-06T13:18:31.605474+00:00,4066457,Austin Reaves,LAL,reb,UNDER,4.5,-134,0.5726495726495726,0.5980182668826153,0.7417742008698571,0.025368694233042666,0.04430055560098489,williamhill_us,Caesars,2026-05-08T01:40:00Z,Oklahoma City Thunder,Los Angeles Lakers,,,False
2026-05-07,2026-05-06T13:18:31.605474+00:00,3912848,Dean Wade,CLE,reb,OVER,3.5,105,0.4878048780487805,0.509375885396012,0.6316115936969908,0.021571007347231497,0.04422056506182459,betmgm,BetMGM,2026-05-07T23:10:00Z,Detroit Pistons,Cleveland Cavaliers,,,False
2026-05-07,2026-05-06T13:18:31.605474+00:00,3913174,Luke Kennard,LAL,reb,OVER,2.5,-150,0.6,0.6264679102829606,0.776452735219737,0.026467910282960583,0.04411318380493423,betrivers,BetRivers,2026-05-08T01:40:00Z,Oklahoma City Thunder,Los Angeles Lakers,,,False
2026-05-07,2026-05-06T13:18:31.605474+00:00,4397077,Jaxson Hayes,LAL,reb,UNDER,3.5,107,0.4830917874396135,0.5042494847952426,0.6241431031438074,0.021157697355629057,0.043796433526152145,betrivers,BetRivers,2026-05-08T01:40:00Z,Oklahoma City Thunder,Los Angeles Lakers,,,False
2026-05-07,2026-05-06T13:18:31.605474+00:00,6440,Tobias Harris,DET,reb,OVER,6.5,-102,0.504950495049505,0.5269044033143969,0.6513098834821178,0.021953908264891964,0.04347734774027623,fanduel,FanDuel,2026-05-07T23:10:00Z,Detroit Pistons,Cleveland Cavaliers,,,False
2026-05-07,2026-05-06T13:18:31.605474+00:00,3908809,Donovan Mitchell,CLE,stl,UNDER,1.5,-200,0.6666666666666666,0.8338747064399232,0.8338747064399232,0.1672080397732566,0.25081205965988485,fanduel,FanDuel,2026-05-07T23:10:00Z,Detroit Pistons,Cleveland Cavaliers,,,False
2026-05-07,2026-05-06T13:18:31.605474+00:00,6440,Tobias Harris,DET,stl,OVER,1.5,162,0.3816793893129771,0.47123578932747634,0.47123578932747634,0.08955640001449922,0.23463776803798808,fanduel,FanDuel,2026-05-07T23:10:00Z,Detroit Pistons,Cleveland Cavaliers,,,False
2026-05-07,2026-05-06T13:18:31.605474+00:00,4432166,Cade Cunningham,DET,stl,UNDER,1.5,-186,0.6503496503496503,0.7339699956604556,0.7339699956604556,0.08362034531080531,0.12857752020908764,fanduel,FanDuel,2026-05-07T23:10:00Z,Detroit Pistons,Cleveland Cavaliers,,,False
2026-05-07,2026-05-06T13:18:31.605474+00:00,4066457,Austin Reaves,LAL,threes,UNDER,1.5,140,0.4166666666666667,0.8480961501571931,0.8480961501571931,0.4314294834905264,1.0354307603772632,betmgm,BetMGM,2026-05-08T01:40:00Z,Oklahoma City Thunder,Los Angeles Lakers,,,False
2026-05-07,2026-05-06T13:18:31.605474+00:00,4066457,Austin Reaves,LAL,threes,UNDER,1.5,125,0.4444444444444444,0.8480961501571931,0.8480961501571931,0.40365170571274867,0.9082163378536845,betonlineag,BetOnline.ag,2026-05-08T01:40:00Z,Oklahoma City Thunder,Los Angeles Lakers,,,False
2026-05-07,2026-05-06T13:18:31.605474+00:00,4066457,Austin Reaves,LAL,threes,UNDER,1.5,125,0.4444444444444444,0.8480961501571931,0.8480961501571931,0.40365170571274867,0.9082163378536845,bovada,Bovada,2026-05-08T01:40:00Z,Oklahoma City Thunder,Los Angeles Lakers,,,False
2026-05-07,2026-05-06T13:18:31.605474+00:00,4066457,Austin Reaves,LAL,threes,UNDER,1.5,123,0.4484304932735426,0.8480961501571931,0.8480961501571931,0.39966565688365047,0.8912544148505406,draftkings,DraftKings,2026-05-08T01:40:00Z,Oklahoma City Thunder,Los Angeles Lakers,,,False
2026-05-07,2026-05-06T13:18:31.605474+00:00,4066457,Austin Reaves,LAL,threes,UNDER,1.5,121,0.45248868778280543,0.8480961501571931,0.8480961501571931,0.39560746237438765,0.8742924918473967,williamhill_us,Caesars,2026-05-08T01:40:00Z,Oklahoma City Thunder,Los Angeles Lakers,,,False
2026-05-07,2026-05-06T13:18:31.605474+00:00,4066457,Austin Reaves,LAL,threes,UNDER,1.5,120,0.45454545454545453,0.8480961501571931,0.8480961501571931,0.39355069561173855,0.8658115303458247,fanduel,FanDuel,2026-05-08T01:40:00Z,Oklahoma City Thunder,Los Angeles Lakers,,,False
2026-05-07,2026-05-06T13:18:31.605474+00:00,4066457,Austin Reaves,LAL,threes,UNDER,1.5,116,0.46296296296296297,0.8480961501571931,0.8480961501571931,0.3851331871942301,0.831887684339537,betrivers,BetRivers,2026-05-08T01:40:00Z,Oklahoma City Thunder,Los Angeles Lakers,,,False
2026-05-07,2026-05-06T13:18:31.605474+00:00,4432158,Evan Mobley,CLE,threes,OVER,1.5,210,0.3225806451612903,0.5607998635955399,0.5607998635955399,0.2382192184342496,0.7384795771461737,bovada,Bovada,2026-05-07T23:10:00Z,Detroit Pistons,Cleveland Cavaliers,,,False
2026-05-07,2026-05-06T13:18:31.605474+00:00,4066457,Austin Reaves,LAL,threes,UNDER,2.5,-250,0.7142857142857143,0.987669432145508,0.987669432145508,0.27338371785979365,0.38273720500371117,bovada,Bovada,2026-05-08T01:40:00Z,Oklahoma City Thunder,Los Angeles Lakers,,,False
2026-05-07,2026-05-06T13:18:31.605474+00:00,6440,Tobias Harris,DET,threes,OVER,1.5,125,0.4444444444444444,0.6120607366545641,0.6120607366545641,0.16761629221011964,0.37713665747276914,bovada,Bovada,2026-05-07T23:10:00Z,Detroit Pistons,Cleveland Cavaliers,,,False
2026-05-07,2026-05-06T13:18:31.605474+00:00,4900671,Ajay Mitchell,OKC,threes,UNDER,1.5,-125,0.5555555555555556,0.7645664727599106,0.7645664727599106,0.20901091720435505,0.37621965096783916,betmgm,BetMGM,2026-05-08T01:40:00Z,Oklahoma City Thunder,Los Angeles Lakers,,,False
2026-05-07,2026-05-06T13:18:31.605474+00:00,6440,Tobias Harris,DET,threes,OVER,1.5,123,0.4484304932735426,0.6120607366545641,0.6120607366545641,0.16363024338102145,0.3648954427396779,draftkings,DraftKings,2026-05-07T23:10:00Z,Detroit Pistons,Cleveland Cavaliers,,,False
2026-05-07,2026-05-06T13:18:31.605474+00:00,6440,Tobias Harris,DET,threes,OVER,1.5,120,0.45454545454545453,0.6120607366545641,0.6120607366545641,0.15751528210910953,0.3465336206400409,betonlineag,BetOnline.ag,2026-05-07T23:10:00Z,Detroit Pistons,Cleveland Cavaliers,,,False
2026-05-07,2026-05-06T13:18:31.605474+00:00,6440,Tobias Harris,DET,threes,OVER,1.5,119,0.45662100456621,0.6120607366545641,0.6120607366545641,0.15543973208835404,0.34041301327349527,williamhill_us,Caesars,2026-05-07T23:10:00Z,Detroit Pistons,Cleveland Cavaliers,,,False
2026-05-07,2026-05-06T13:18:31.605474+00:00,6440,Tobias Harris,DET,threes,OVER,1.5,118,0.45871559633027525,0.6120607366545641,0.6120607366545641,0.1533451403242888,0.33429240590694964,betrivers,BetRivers,2026-05-07T23:10:00Z,Detroit Pistons,Cleveland Cavaliers,,,False
2026-05-07,2026-05-06T13:18:31.605474+00:00,4900671,Ajay Mitchell,OKC,threes,UNDER,1.5,-135,0.574468085106383,0.7645664727599106,0.7645664727599106,0.1900983876535276,0.3309120081376222,bovada,Bovada,2026-05-08T01:40:00Z,Oklahoma City Thunder,Los Angeles Lakers,,,False
2026-05-07,2026-05-06T13:18:31.605474+00:00,4900671,Ajay Mitchell,OKC,threes,UNDER,1.5,-137,0.5780590717299579,0.7645664727599106,0.7645664727599106,0.18650740102995278,0.3226441901029111,draftkings,DraftKings,2026-05-08T01:40:00Z,Oklahoma City Thunder,Los Angeles Lakers,,,False
2026-05-07,2026-05-06T13:18:31.605474+00:00,6440,Tobias Harris,DET,threes,OVER,1.5,116,0.46296296296296297,0.6120607366545641,0.6120607366545641,0.1490977736916011,0.3220511911738583,fanduel,FanDuel,2026-05-07T23:10:00Z,Detroit Pistons,Cleveland Cavaliers,,,False
2026-05-07,2026-05-06T13:18:31.605474+00:00,4900671,Ajay Mitchell,OKC,threes,UNDER,1.5,-139,0.5815899581589958,0.7645664727599106,0.7645664727599106,0.1829765146009148,0.31461429488934267,williamhill_us,Caesars,2026-05-08T01:40:00Z,Oklahoma City Thunder,Los Angeles Lakers,,,False
2026-05-07,2026-05-06T13:18:31.605474+00:00,4900671,Ajay Mitchell,OKC,threes,UNDER,1.5,-141,0.5850622406639004,0.7645664727599106,0.7645664727599106,0.17950423209601019,0.30681219812154936,betonlineag,BetOnline.ag,2026-05-08T01:40:00Z,Oklahoma City Thunder,Los Angeles Lakers,,,False
2026-05-07,2026-05-06T13:18:31.605474+00:00,4900671,Ajay Mitchell,OKC,threes,UNDER,1.5,-152,0.6031746031746031,0.7645664727599106,0.7645664727599106,0.1613918695853075,0.26757073115458874,betrivers,BetRivers,2026-05-08T01:40:00Z,Oklahoma City Thunder,Los Angeles Lakers,,,False
2026-05-07,2026-05-06T13:18:31.605474+00:00,4900671,Ajay Mitchell,OKC,threes,UNDER,1.5,-154,0.6062992125984252,0.7645664727599106,0.7645664727599106,0.1582672601614854,0.26103820831829416,fanduel,FanDuel,2026-05-08T01:40:00Z,Oklahoma City Thunder,Los Angeles Lakers,,,False
2026-05-07,2026-05-06T13:18:31.605474+00:00,4432166,Cade Cunningham,DET,threes,OVER,2.5,130,0.43478260869565216,0.543268296072972,0.543268296072972,0.10848568737731984,0.24951708096783565,draftkings,DraftKings,2026-05-07T23:10:00Z,Detroit Pistons,Cleveland Cavaliers,,,False
2026-05-07,2026-05-06T13:18:31.605474+00:00,4432166,Cade Cunningham,DET,threes,OVER,2.5,130,0.43478260869565216,0.543268296072972,0.543268296072972,0.10848568737731984,0.24951708096783565,bovada,Bovada,2026-05-07T23:10:00Z,Detroit Pistons,Cleveland Cavaliers,,,False
2026-05-07,2026-05-06T13:18:31.605474+00:00,4432158,Evan Mobley,CLE,threes,OVER,0.5,-200,0.6666666666666666,0.8227021425206187,0.8227021425206187,0.15603547585395205,0.23405321378092803,betmgm,BetMGM,2026-05-07T23:10:00Z,Detroit Pistons,Cleveland Cavaliers,,,False
2026-05-07,2026-05-06T13:18:31.605474+00:00,4432166,Cade Cunningham,DET,threes,OVER,2.5,126,0.4424778761061947,0.543268296072972,0.543268296072972,0.10079041996677729,0.2277863491249167,betonlineag,BetOnline.ag,2026-05-07T23:10:00Z,Detroit Pistons,Cleveland Cavaliers,,,False
2026-05-07,2026-05-06T13:18:31.605474+00:00,4432158,Evan Mobley,CLE,threes,OVER,0.5,-204,0.6710526315789473,0.8227021425206187,0.8227021425206187,0.15164951094167134,0.2259875065013141,betonlineag,BetOnline.ag,2026-05-07T23:10:00Z,Detroit Pistons,Cleveland Cavaliers,,,False
2026-05-07,2026-05-06T13:18:31.605474+00:00,6440,Tobias Harris,DET,threes,OVER,1.5,100,0.5,0.6120607366545641,0.6120607366545641,0.11206073665456406,0.22412147330912813,betmgm,BetMGM,2026-05-07T23:10:00Z,Detroit Pistons,Cleveland Cavaliers,,,False
2026-05-07,2026-05-06T13:18:31.605474+00:00,4432166,Cade Cunningham,DET,threes,OVER,2.5,123,0.4484304932735426,0.543268296072972,0.543268296072972,0.09483780279942938,0.21148830024272758,williamhill_us,Caesars,2026-05-07T23:10:00Z,Detroit Pistons,Cleveland Cavaliers,,,False
2026-05-07,2026-05-06T13:18:31.605474+00:00,4432166,Cade Cunningham,DET,threes,OVER,2.5,122,0.45045045045045046,0.543268296072972,0.543268296072972,0.09281784562252154,0.20605561728199784,fanduel,FanDuel,2026-05-07T23:10:00Z,Detroit Pistons,Cleveland Cavaliers,,,False
2026-05-07,2026-05-06T13:18:31.605474+00:00,4433255,Chet Holmgren,OKC,threes,OVER,1.5,126,0.4424778761061947,0.5317573630961144,0.5317573630961144,0.08927948698991972,0.20177164059721864,betonlineag,BetOnline.ag,2026-05-08T01:40:00Z,Oklahoma City Thunder,Los Angeles Lakers,,,False
2026-05-07,2026-05-06T13:18:31.605474+00:00,4395702,Isaiah Joe,OKC,threes,UNDER,1.5,-111,0.5260663507109005,0.630000668570364,0.630000668570364,0.1039343178594635,0.19756883845357476,betonlineag,BetOnline.ag,2026-05-08T01:40:00Z,Oklahoma City Thunder,Los Angeles Lakers,,,False
2026-05-07,2026-05-06T13:18:31.605474+00:00,4432823,Jaylin Williams,OKC,threes,UNDER,1.5,-250,0.7142857142857143,0.8552167856791768,0.8552167856791768,0.1409310713934625,0.19730349995084756,betonlineag,BetOnline.ag,2026-05-08T01:40:00Z,Oklahoma City Thunder,Los Angeles Lakers,,,False
2026-05-07,2026-05-06T13:18:31.605474+00:00,4432158,Evan Mobley,CLE,threes,OVER,0.5,-220,0.6875,0.8227021425206187,0.8227021425206187,0.13520214252061868,0.19665766184817263,bovada,Bovada,2026-05-07T23:10:00Z,Detroit Pistons,Cleveland Cavaliers,,,False
2026-05-07,2026-05-06T13:18:31.605474+00:00,4433255,Chet Holmgren,OKC,threes,OVER,1.5,125,0.4444444444444444,0.5317573630961144,0.5317573630961144,0.08731291865167001,0.19645406696625745,bovada,Bovada,2026-05-08T01:40:00Z,Oklahoma City Thunder,Los Angeles Lakers,,,False
2026-05-07,2026-05-06T13:18:31.605474+00:00,4432166,Cade Cunningham,DET,threes,OVER,2.5,120,0.45454545454545453,0.543268296072972,0.543268296072972,0.08872284152751747,0.19519025136053836,betrivers,BetRivers,2026-05-07T23:10:00Z,Detroit Pistons,Cleveland Cavaliers,,,False
2026-05-07,2026-05-06T13:18:31.605474+00:00,4432158,Evan Mobley,CLE,threes,OVER,0.5,-222,0.6894409937888198,0.8227021425206187,0.8227021425206187,0.13326114873179884,0.19328869320558206,draftkings,DraftKings,2026-05-07T23:10:00Z,Detroit Pistons,Cleveland Cavaliers,,,False
2026-05-07,2026-05-06T13:18:31.605474+00:00,4395702,Isaiah Joe,OKC,threes,UNDER,1.5,-112,0.5283018867924528,0.630000668570364,0.630000668570364,0.10169878177791114,0.1925012655081889,betrivers,BetRivers,2026-05-08T01:40:00Z,Oklahoma City Thunder,Los Angeles Lakers,,,False
2026-05-07,2026-05-06T13:18:31.605474+00:00,4395702,Isaiah Joe,OKC,threes,UNDER,1.5,-112,0.5283018867924528,0.630000668570364,0.630000668570364,0.10169878177791114,0.1925012655081889,williamhill_us,Caesars,2026-05-08T01:40:00Z,Oklahoma City Thunder,Los Angeles Lakers,,,False
2026-05-07,2026-05-06T13:18:31.605474+00:00,4433255,Chet Holmgren,OKC,threes,OVER,1.5,124,0.44642857142857145,0.5317573630961144,0.5317573630961144,0.08532879166754298,0.19113649333529636,draftkings,DraftKings,2026-05-08T01:40:00Z,Oklahoma City Thunder,Los Angeles Lakers,,,False
2026-05-07,2026-05-06T13:18:31.605474+00:00,4433255,Chet Holmgren,OKC,threes,OVER,1.5,124,0.44642857142857145,0.5317573630961144,0.5317573630961144,0.08532879166754298,0.19113649333529636,fanduel,FanDuel,2026-05-08T01:40:00Z,Oklahoma City Thunder,Los Angeles Lakers,,,False
2026-05-07,2026-05-06T13:18:31.605474+00:00,4432158,Evan Mobley,CLE,threes,OVER,0.5,-225,0.6923076923076923,0.8227021425206187,0.8227021425206187,0.1303944502129264,0.1883475391964492,fanduel,FanDuel,2026-05-07T23:10:00Z,Detroit Pistons,Cleveland Cavaliers,,,False
2026-05-07,2026-05-06T13:18:31.605474+00:00,1966,LeBron James,LAL,threes,OVER,1.5,140,0.4166666666666667,0.49147829372690555,0.49147829372690555,0.07481162706023886,0.1795479049445733,betmgm,BetMGM,2026-05-08T01:40:00Z,Oklahoma City Thunder,Los Angeles Lakers,,,False
2026-05-07,2026-05-06T13:18:31.605474+00:00,4433255,Chet Holmgren,OKC,threes,OVER,1.5,120,0.45454545454545453,0.5317573630961144,0.5317573630961144,0.0772119085506599,0.1698661988114517,betrivers,BetRivers,2026-05-08T01:40:00Z,Oklahoma City Thunder,Los Angeles Lakers,,,False
2026-05-07,2026-05-06T13:18:31.605474+00:00,4433255,Chet Holmgren,OKC,threes,OVER,1.5,120,0.45454545454545453,0.5317573630961144,0.5317573630961144,0.0772119085506599,0.1698661988114517,williamhill_us,Caesars,2026-05-08T01:40:00Z,Oklahoma City Thunder,Los Angeles Lakers,,,False
2026-05-07,2026-05-06T13:18:31.605474+00:00,4065778,Max Strus,CLE,threes,UNDER,1.5,175,0.36363636363636365,0.4200764657345535,0.4200764657345535,0.05644010209818984,0.15521028077002208,bovada,Bovada,2026-05-07T23:10:00Z,Detroit Pistons,Cleveland Cavaliers,,,False
2026-05-07,2026-05-06T13:18:31.605474+00:00,2991350,Alex Caruso,OKC,threes,UNDER,1.5,-210,0.6774193548387096,0.7747000122621849,0.7747000122621849,0.09728065742347525,0.1436047800060824,fanduel,FanDuel,2026-05-08T01:40:00Z,Oklahoma City Thunder,Los Angeles Lakers,,,False
2026-05-07,2026-05-06T13:18:31.605474+00:00,4433255,Chet Holmgren,OKC,threes,OVER,1.5,115,0.46511627906976744,0.5317573630961144,0.5317573630961144,0.066641084026347,0.14327833065664597,betmgm,BetMGM,2026-05-08T01:40:00Z,Oklahoma City Thunder,Los Angeles Lakers,,,False
2026-05-07,2026-05-06T13:18:31.605474+00:00,4065778,Max Strus,CLE,threes,UNDER,2.5,-167,0.6254681647940075,0.7110876487184494,0.7110876487184494,0.08561948392444196,0.13688863597500595,draftkings,DraftKings,2026-05-07T23:10:00Z,Detroit Pistons,Cleveland Cavaliers,,,False
2026-05-07,2026-05-06T13:18:31.605474+00:00,2991350,Alex Caruso,OKC,threes,UNDER,1.5,-215,0.6825396825396826,0.7747000122621849,0.7747000122621849,0.09216032972250232,0.1350255993608755,betrivers,BetRivers,2026-05-08T01:40:00Z,Oklahoma City Thunder,Los Angeles Lakers,,,False
2026-05-07,2026-05-06T13:18:31.605474+00:00,2991350,Alex Caruso,OKC,threes,UNDER,1.5,-217,0.6845425867507886,0.7747000122621849,0.7747000122621849,0.09015742551139627,0.1317046262078922,betonlineag,BetOnline.ag,2026-05-08T01:40:00Z,Oklahoma City Thunder,Los Angeles Lakers,,,False
2026-05-07,2026-05-06T13:18:31.605474+00:00,4065778,Max Strus,CLE,threes,UNDER,2.5,-170,0.6296296296296297,0.7110876487184494,0.7110876487184494,0.08145801908881978,0.12937450090577263,bovada,Bovada,2026-05-07T23:10:00Z,Detroit Pistons,Cleveland Cavaliers,,,False
2026-05-07,2026-05-06T13:18:31.605474+00:00,4065778,Max Strus,CLE,threes,UNDER,2.5,-173,0.6336996336996337,0.7110876487184494,0.7110876487184494,0.07738801501881576,0.12212097167709074,williamhill_us,Caesars,2026-05-07T23:10:00Z,Detroit Pistons,Cleveland Cavaliers,,,False
2026-05-07,2026-05-06T13:18:31.605474+00:00,5107199,Daniss Jenkins,DET,threes,OVER,1.5,178,0.3597122302158273,0.40325635273636884,0.40325635273636884,0.04354412252054152,0.1210526606071054,fanduel,FanDuel,2026-05-07T23:10:00Z,Detroit Pistons,Cleveland Cavaliers,,,False
2026-05-07,2026-05-06T13:18:31.605474+00:00,5107199,Daniss Jenkins,DET,threes,OVER,1.5,178,0.3597122302158273,0.40325635273636884,0.40325635273636884,0.04354412252054152,0.1210526606071054,betonlineag,BetOnline.ag,2026-05-07T23:10:00Z,Detroit Pistons,Cleveland Cavaliers,,,False
2026-05-07,2026-05-06T13:18:31.605474+00:00,4065778,Max Strus,CLE,threes,UNDER,2.5,-174,0.635036496350365,0.7110876487184494,0.7110876487184494,0.07605115236808446,0.11975871120031689,fanduel,FanDuel,2026-05-07T23:10:00Z,Detroit Pistons,Cleveland Cavaliers,,,False
2026-05-07,2026-05-06T13:18:31.605474+00:00,3908809,Donovan Mitchell,CLE,threes,UNDER,2.5,-105,0.5121951219512195,0.5730352710685553,0.5730352710685553,0.06084014911733582,0.11878314827670322,betmgm,BetMGM,2026-05-07T23:10:00Z,Detroit Pistons,Cleveland Cavaliers,,,False
2026-05-07,2026-05-06T13:18:31.605474+00:00,4065778,Max Strus,CLE,threes,UNDER,2.5,-175,0.6363636363636364,0.7110876487184494,0.7110876487184494,0.07472401235481307,0.1174234479861348,betonlineag,BetOnline.ag,2026-05-07T23:10:00Z,Detroit Pistons,Cleveland Cavaliers,,,False
2026-05-07,2026-05-06T13:18:31.605474+00:00,3992,James Harden,CLE,threes,UNDER,2.5,-125,0.5555555555555556,0.6195293845760129,0.6195293845760129,0.06397382902045734,0.11515289223682329,betmgm,BetMGM,2026-05-07T23:10:00Z,Detroit Pistons,Cleveland Cavaliers,,,False
2026-05-07,2026-05-06T13:18:31.605474+00:00,4397020,Luguentz Dort,OKC,threes,UNDER,1.5,120,0.45454545454545453,0.506825092071207,0.506825092071207,0.05227963752575243,0.11501520255665532,bovada,Bovada,2026-05-08T01:40:00Z,Oklahoma City Thunder,Los Angeles Lakers,,,False
2026-05-07,2026-05-06T13:18:31.605474+00:00,4278073,Shai Gilgeous-Alexander,OKC,threes,UNDER,1.5,-109,0.5215311004784688,0.5812045429085538,0.5812045429085538,0.05967344243008499,0.11441971988887845,draftkings,DraftKings,2026-05-08T01:40:00Z,Oklahoma City Thunder,Los Angeles Lakers,,,False
2026-05-07,2026-05-06T13:18:31.605474+00:00,4432166,Cade Cunningham,DET,threes,OVER,2.5,105,0.4878048780487805,0.543268296072972,0.543268296072972,0.055463418024191524,0.11370000694959259,betmgm,BetMGM,2026-05-07T23:10:00Z,Detroit Pistons,Cleveland Cavaliers,,,False
2026-05-07,2026-05-06T13:18:31.605474+00:00,4065778,Max Strus,CLE,threes,UNDER,2.5,-177,0.6389891696750902,0.7110876487184494,0.7110876487184494,0.0720984790433592,0.11283208302265813,betrivers,BetRivers,2026-05-07T23:10:00Z,Detroit Pistons,Cleveland Cavaliers,,,False
2026-05-07,2026-05-06T13:18:31.605474+00:00,1966,LeBron James,LAL,threes,OVER,1.5,126,0.4424778761061947,0.49147829372690555,0.49147829372690555,0.049000417620710834,0.11074094382280653,betonlineag,BetOnline.ag,2026-05-08T01:40:00Z,Oklahoma City Thunder,Los Angeles Lakers,,,False
2026-05-07,2026-05-06T13:18:31.605474+00:00,4397020,Luguentz Dort,OKC,threes,UNDER,1.5,119,0.45662100456621,0.506825092071207,0.506825092071207,0.05020408750499694,0.10994695163594326,draftkings,DraftKings,2026-05-08T01:40:00Z,Oklahoma City Thunder,Los Angeles Lakers,,,False
2026-05-07,2026-05-06T13:18:31.605474+00:00,4278073,Shai Gilgeous-Alexander,OKC,threes,UNDER,1.5,-110,0.5238095238095238,0.5812045429085538,0.5812045429085538,0.05739501909903,0.10957230918905725,bovada,Bovada,2026-05-08T01:40:00Z,Oklahoma City Thunder,Los Angeles Lakers,,,False
2026-05-07,2026-05-06T13:18:31.605474+00:00,5107199,Daniss Jenkins,DET,threes,OVER,1.5,175,0.36363636363636365,0.40325635273636884,0.40325635273636884,0.03961998910000519,0.10895497002501431,draftkings,DraftKings,2026-05-07T23:10:00Z,Detroit Pistons,Cleveland Cavaliers,,,False
2026-05-07,2026-05-06T13:18:31.605474+00:00,5107199,Daniss Jenkins,DET,threes,OVER,1.5,175,0.36363636363636365,0.40325635273636884,0.40325635273636884,0.03961998910000519,0.10895497002501431,betrivers,BetRivers,2026-05-07T23:10:00Z,Detroit Pistons,Cleveland Cavaliers,,,False
2026-05-07,2026-05-06T13:18:31.605474+00:00,5107199,Daniss Jenkins,DET,threes,OVER,1.5,175,0.36363636363636365,0.40325635273636884,0.40325635273636884,0.03961998910000519,0.10895497002501431,bovada,Bovada,2026-05-07T23:10:00Z,Detroit Pistons,Cleveland Cavaliers,,,False
2026-05-07,2026-05-06T13:18:31.605474+00:00,5107199,Daniss Jenkins,DET,threes,OVER,1.5,174,0.36496350364963503,0.40325635273636884,0.40325635273636884,0.038292849086733804,0.10492240649765061,williamhill_us,Caesars,2026-05-07T23:10:00Z,Detroit Pistons,Cleveland Cavaliers,,,False
2026-05-07,2026-05-06T13:18:31.605474+00:00,1966,LeBron James,LAL,threes,OVER,1.5,124,0.44642857142857145,0.49147829372690555,0.49147829372690555,0.045049722298334094,0.10091137794826843,draftkings,DraftKings,2026-05-08T01:40:00Z,Oklahoma City Thunder,Los Angeles Lakers,,,False
2026-05-07,2026-05-06T13:18:31.605474+00:00,3992,James Harden,CLE,threes,UNDER,2.5,-130,0.5652173913043478,0.6195293845760129,0.6195293845760129,0.05431199327166514,0.09609044963448443,bovada,Bovada,2026-05-07T23:10:00Z,Detroit Pistons,Cleveland Cavaliers,,,False
2026-05-07,2026-05-06T13:18:31.605474+00:00,4066648,Rui Hachimura,LAL,threes,OVER,1.5,-150,0.6,0.6550245155623919,0.6550245155623919,0.05502451556239196,0.0917075259373199,betmgm,BetMGM,2026-05-08T01:40:00Z,Oklahoma City Thunder,Los Angeles Lakers,,,False
2026-05-07,2026-05-06T13:18:31.605474+00:00,1966,LeBron James,LAL,threes,OVER,1.5,122,0.45045045045045046,0.49147829372690555,0.49147829372690555,0.04102784327645509,0.09108181207373034,williamhill_us,Caesars,2026-05-08T01:40:00Z,Oklahoma City Thunder,Los Angeles Lakers,,,False
2026-05-07,2026-05-06T13:18:31.605474+00:00,4397020,Luguentz Dort,OKC,threes,UNDER,2.5,-260,0.7222222222222222,0.7866291376223893,0.7866291376223893,0.06440691540016708,0.08917880593869287,bovada,Bovada,2026-05-08T01:40:00Z,Oklahoma City Thunder,Los Angeles Lakers,,,False
2026-05-07,2026-05-06T13:18:31.605474+00:00,4432166,Cade Cunningham,DET,threes,OVER,1.5,-240,0.7058823529411765,0.7682869355476868,0.7682869355476868,0.06240458260651027,0.08840649202588963,bovada,Bovada,2026-05-07T23:10:00Z,Detroit Pistons,Cleveland Cavaliers,,,False
2026-05-07,2026-05-06T13:18:31.605474+00:00,3992,James Harden,CLE,threes,UNDER,2.5,-133,0.5708154506437768,0.6195293845760129,0.6195293845760129,0.04871393393223611,0.08534095192639857,draftkings,DraftKings,2026-05-07T23:10:00Z,Detroit Pistons,Cleveland Cavaliers,,,False
2026-05-07,2026-05-06T13:18:31.605474+00:00,1966,LeBron James,LAL,threes,OVER,1.5,120,0.45454545454545453,0.49147829372690555,0.49147829372690555,0.036932839181451016,0.08125224619919214,fanatics,Fanatics,2026-05-08T01:40:00Z,Oklahoma City Thunder,Los Angeles Lakers,,,False
2026-05-07,2026-05-06T13:18:31.605474+00:00,1966,LeBron James,LAL,threes,OVER,1.5,120,0.45454545454545453,0.49147829372690555,0.49147829372690555,0.036932839181451016,0.08125224619919214,betrivers,BetRivers,2026-05-08T01:40:00Z,Oklahoma City Thunder,Los Angeles Lakers,,,False
2026-05-07,2026-05-06T13:18:31.605474+00:00,3913174,Luke Kennard,LAL,threes,OVER,1.5,149,0.40160642570281124,0.43420642351657357,0.43420642351657357,0.03259999781376233,0.08117399455626817,betonlineag,BetOnline.ag,2026-05-08T01:40:00Z,Oklahoma City Thunder,Los Angeles Lakers,,,False
2026-05-07,2026-05-06T13:18:31.605474+00:00,3992,James Harden,CLE,threes,UNDER,2.5,-135,0.574468085106383,0.6195293845760129,0.6195293845760129,0.04506129946962989,0.07844003981750397,betonlineag,BetOnline.ag,2026-05-07T23:10:00Z,Detroit Pistons,Cleveland Cavaliers,,,False
2026-05-07,2026-05-06T13:18:31.605474+00:00,4397020,Luguentz Dort,OKC,threes,UNDER,1.5,112,0.4716981132075472,0.506825092071207,0.506825092071207,0.035126978863659786,0.07446919519095885,williamhill_us,Caesars,2026-05-08T01:40:00Z,Oklahoma City Thunder,Los Angeles Lakers,,,False
2026-05-07,2026-05-06T13:18:31.605474+00:00,4397020,Luguentz Dort,OKC,threes,UNDER,1.5,112,0.4716981132075472,0.506825092071207,0.506825092071207,0.035126978863659786,0.07446919519095885,betonlineag,BetOnline.ag,2026-05-08T01:40:00Z,Oklahoma City Thunder,Los Angeles Lakers,,,False
2026-05-07,2026-05-06T13:18:31.605474+00:00,3992,James Harden,CLE,threes,UNDER,2.5,-137,0.5780590717299579,0.6195293845760129,0.6195293845760129,0.04147031284605507,0.07174061419354061,williamhill_us,Caesars,2026-05-07T23:10:00Z,Detroit Pistons,Cleveland Cavaliers,,,False
2026-05-07,2026-05-06T13:18:31.605474+00:00,1966,LeBron James,LAL,threes,OVER,1.5,118,0.45871559633027525,0.49147829372690555,0.49147829372690555,0.03276269739663029,0.07142268032465404,fanduel,FanDuel,2026-05-08T01:40:00Z,Oklahoma City Thunder,Los Angeles Lakers,,,False
2026-05-07,2026-05-06T13:18:31.605474+00:00,3908809,Donovan Mitchell,CLE,threes,UNDER,2.5,-115,0.5348837209302325,0.5730352710685553,0.5730352710685553,0.03815155013832283,0.07132681112816869,bovada,Bovada,2026-05-07T23:10:00Z,Detroit Pistons,Cleveland Cavaliers,,,False
2026-05-07,2026-05-06T13:18:31.605474+00:00,3908809,Donovan Mitchell,CLE,threes,UNDER,2.5,-116,0.5370370370370371,0.5730352710685553,0.5730352710685553,0.03599823403151825,0.06703119440351679,draftkings,DraftKings,2026-05-07T23:10:00Z,Detroit Pistons,Cleveland Cavaliers,,,False
2026-05-07,2026-05-06T13:18:31.605474+00:00,3908809,Donovan Mitchell,CLE,threes,UNDER,2.5,-116,0.5370370370370371,0.5730352710685553,0.5730352710685553,0.03599823403151825,0.06703119440351679,betonlineag,BetOnline.ag,2026-05-07T23:10:00Z,Detroit Pistons,Cleveland Cavaliers,,,False
2026-05-07,2026-05-06T13:18:31.605474+00:00,4278073,Shai Gilgeous-Alexander,OKC,threes,UNDER,1.5,-120,0.5454545454545454,0.5812045429085538,0.5812045429085538,0.03574999745400842,0.0655416619990154,williamhill_us,Caesars,2026-05-08T01:40:00Z,Oklahoma City Thunder,Los Angeles Lakers,,,False
2026-05-07,2026-05-06T13:18:31.605474+00:00,4278073,Shai Gilgeous-Alexander,OKC,threes,UNDER,1.5,-120,0.5454545454545454,0.5812045429085538,0.5812045429085538,0.03574999745400842,0.0655416619990154,betonlineag,BetOnline.ag,2026-05-08T01:40:00Z,Oklahoma City Thunder,Los Angeles Lakers,,,False
