date,snapshot_ts,player_id,player_name,team,stat,side,line,price,implied_prob,model_prob,model_prob_raw,edge,ev,bookmaker,bookmaker_title,commence_time,home_team,away_team,sentiment_strength,sentiment_w,sentiment_applied
2026-05-17,2026-05-17T23:02:03.848180+00:00,4432166,Cade Cunningham,DET,ast,UNDER,6.5,210,0.3225806451612903,0.3931826860796024,0.7932609179500373,0.07060204091831207,0.21886632684676743,bovada,Bovada,2026-05-18T00:10:00Z,Detroit Pistons,Cleveland Cavaliers,,,False
2026-05-17,2026-05-17T23:02:03.848180+00:00,4432166,Cade Cunningham,DET,ast,UNDER,7.5,120,0.45454545454545453,0.5212492828143388,0.8992376430046832,0.06670382826888427,0.14674842219154538,bovada,Bovada,2026-05-18T00:10:00Z,Detroit Pistons,Cleveland Cavaliers,,,False
2026-05-17,2026-05-17T23:02:03.848180+00:00,3992,James Harden,CLE,ast,UNDER,5.5,150,0.4,0.4571822429338235,0.7812149528921566,0.05718224293382346,0.1429556073345587,bovada,Bovada,2026-05-18T00:10:00Z,Detroit Pistons,Cleveland Cavaliers,,,False
2026-05-17,2026-05-17T23:02:03.848180+00:00,3157465,Duncan Robinson,DET,ast,OVER,1.5,147,0.4048582995951417,0.45239661339094517,0.721780391567165,0.04753831379580348,0.11741963507563458,draftkings,DraftKings,2026-05-18T00:10:00Z,Detroit Pistons,Cleveland Cavaliers,,,False
2026-05-17,2026-05-17T23:02:03.848180+00:00,3157465,Duncan Robinson,DET,ast,OVER,1.5,145,0.40816326530612246,0.45520583424527883,0.721780391567165,0.04704256893915637,0.11525429390093311,bovada,Bovada,2026-05-18T00:10:00Z,Detroit Pistons,Cleveland Cavaliers,,,False
2026-05-17,2026-05-17T23:02:03.848180+00:00,4432166,Cade Cunningham,DET,ast,UNDER,8.5,-125,0.5555555555555556,0.6160385660320287,0.9587756253987099,0.06048301047647309,0.10886941885765161,betmgm,BetMGM,2026-05-18T00:10:00Z,Detroit Pistons,Cleveland Cavaliers,,,False
2026-05-17,2026-05-17T23:02:03.848180+00:00,4432166,Cade Cunningham,DET,ast,UNDER,8.5,-128,0.5614035087719298,0.6210093262659468,0.9587756253987099,0.059605817494017055,0.10617286241121782,draftkings,DraftKings,2026-05-18T00:10:00Z,Detroit Pistons,Cleveland Cavaliers,,,False
2026-05-17,2026-05-17T23:02:03.848180+00:00,4432166,Cade Cunningham,DET,ast,UNDER,8.5,-128,0.5614035087719298,0.6210093262659468,0.9587756253987099,0.059605817494017055,0.10617286241121782,fanduel,FanDuel,2026-05-18T00:10:00Z,Detroit Pistons,Cleveland Cavaliers,,,False
2026-05-17,2026-05-17T23:02:03.848180+00:00,4432166,Cade Cunningham,DET,ast,UNDER,8.5,-128,0.5614035087719298,0.6210093262659468,0.9587756253987099,0.059605817494017055,0.10617286241121782,betonlineag,BetOnline.ag,2026-05-18T00:10:00Z,Detroit Pistons,Cleveland Cavaliers,,,False
2026-05-17,2026-05-17T23:02:03.848180+00:00,4432166,Cade Cunningham,DET,ast,UNDER,8.5,-130,0.5652173913043478,0.6242511264185021,0.9587756253987099,0.05903373511415433,0.10444430058658066,williamhill_us,Caesars,2026-05-18T00:10:00Z,Detroit Pistons,Cleveland Cavaliers,,,False
2026-05-17,2026-05-17T23:02:03.848180+00:00,4066328,Jarrett Allen,CLE,ast,OVER,1.5,180,0.35714285714285715,0.39251628186263277,0.592965688608028,0.035373424719775615,0.09904558921537177,betmgm,BetMGM,2026-05-18T00:10:00Z,Detroit Pistons,Cleveland Cavaliers,,,False
2026-05-17,2026-05-17T23:02:03.848180+00:00,4432166,Cade Cunningham,DET,ast,UNDER,8.5,-145,0.5918367346938775,0.6468775682996024,0.9587756253987099,0.05504083360572487,0.09300002919587996,bovada,Bovada,2026-05-18T00:10:00Z,Detroit Pistons,Cleveland Cavaliers,,,False
2026-05-17,2026-05-17T23:02:03.848180+00:00,3992,James Harden,CLE,ast,UNDER,6.5,-125,0.5555555555555556,0.606869249627374,0.8976468493676784,0.051313694071818405,0.09236464932927319,bovada,Bovada,2026-05-18T00:10:00Z,Detroit Pistons,Cleveland Cavaliers,,,False
2026-05-17,2026-05-17T23:02:03.848180+00:00,3992,James Harden,CLE,ast,UNDER,6.5,-130,0.5652173913043478,0.6150818100138473,0.8976468493676784,0.049864418709499536,0.088221663870653,draftkings,DraftKings,2026-05-18T00:10:00Z,Detroit Pistons,Cleveland Cavaliers,,,False
2026-05-17,2026-05-17T23:02:03.848180+00:00,3992,James Harden,CLE,ast,UNDER,6.5,-130,0.5652173913043478,0.6150818100138473,0.8976468493676784,0.049864418709499536,0.088221663870653,fanduel,FanDuel,2026-05-18T00:10:00Z,Detroit Pistons,Cleveland Cavaliers,,,False
2026-05-17,2026-05-17T23:02:03.848180+00:00,3157465,Duncan Robinson,DET,ast,OVER,1.5,120,0.45454545454545453,0.4946306950987111,0.721780391567165,0.040085240553256574,0.08818752921716444,fanduel,FanDuel,2026-05-18T00:10:00Z,Detroit Pistons,Cleveland Cavaliers,,,False
2026-05-17,2026-05-17T23:02:03.848180+00:00,3992,James Harden,CLE,ast,UNDER,6.5,-132,0.5689655172413793,0.6182677170603242,0.8976468493676784,0.0493021998189449,0.08665235119693349,betonlineag,BetOnline.ag,2026-05-18T00:10:00Z,Detroit Pistons,Cleveland Cavaliers,,,False
2026-05-17,2026-05-17T23:02:03.848180+00:00,3992,James Harden,CLE,ast,UNDER,6.5,-132,0.5689655172413793,0.6182677170603242,0.8976468493676784,0.0493021998189449,0.08665235119693349,williamhill_us,Caesars,2026-05-18T00:10:00Z,Detroit Pistons,Cleveland Cavaliers,,,False
2026-05-17,2026-05-17T23:02:03.848180+00:00,4066328,Jarrett Allen,CLE,ast,OVER,1.5,160,0.38461538461538464,0.41586793021428115,0.592965688608028,0.03125254559889651,0.08125661855713107,bovada,Bovada,2026-05-18T00:10:00Z,Detroit Pistons,Cleveland Cavaliers,,,False
2026-05-17,2026-05-17T23:02:03.848180+00:00,4433621,Jalen Duren,DET,ast,OVER,2.5,205,0.32786885245901637,0.35429385599668706,0.5040355427101542,0.026425003537670688,0.08059626078989546,bovada,Bovada,2026-05-18T00:10:00Z,Detroit Pistons,Cleveland Cavaliers,,,False
2026-05-17,2026-05-17T23:02:03.848180+00:00,3992,James Harden,CLE,ast,UNDER,6.5,-150,0.6,0.6446470274051518,0.8976468493676784,0.04464702740515181,0.07441171234191962,betmgm,BetMGM,2026-05-18T00:10:00Z,Detroit Pistons,Cleveland Cavaliers,,,False
2026-05-17,2026-05-17T23:02:03.848180+00:00,4066328,Jarrett Allen,CLE,ast,OVER,1.5,150,0.4,0.42894485329120424,0.592965688608028,0.02894485329120422,0.07236213322801055,fanduel,FanDuel,2026-05-18T00:10:00Z,Detroit Pistons,Cleveland Cavaliers,,,False
2026-05-17,2026-05-17T23:02:03.848180+00:00,4066328,Jarrett Allen,CLE,ast,OVER,1.5,150,0.4,0.42894485329120424,0.592965688608028,0.02894485329120422,0.07236213322801055,betonlineag,BetOnline.ag,2026-05-18T00:10:00Z,Detroit Pistons,Cleveland Cavaliers,,,False
2026-05-17,2026-05-17T23:02:03.848180+00:00,4066328,Jarrett Allen,CLE,ast,OVER,1.5,149,0.40160642570281124,0.43031031513859375,0.592965688608028,0.028703889435782504,0.07147268469509838,draftkings,DraftKings,2026-05-18T00:10:00Z,Detroit Pistons,Cleveland Cavaliers,,,False
2026-05-17,2026-05-17T23:02:03.848180+00:00,3908809,Donovan Mitchell,CLE,ast,UNDER,3.5,-120,0.5454545454545454,0.5834027348414472,0.7984424747005574,0.03794818938690181,0.06957168054265328,betmgm,BetMGM,2026-05-18T00:10:00Z,Detroit Pistons,Cleveland Cavaliers,,,False
2026-05-17,2026-05-17T23:02:03.848180+00:00,3908809,Donovan Mitchell,CLE,ast,UNDER,2.5,160,0.38461538461538464,0.4107777081265165,0.5590308746895969,0.026162323511131846,0.06802204112894294,bovada,Bovada,2026-05-18T00:10:00Z,Detroit Pistons,Cleveland Cavaliers,,,False
2026-05-17,2026-05-17T23:02:03.848180+00:00,3908809,Donovan Mitchell,CLE,ast,UNDER,3.5,-137,0.5780590717299579,0.6111165821755478,0.7984424747005574,0.03305751044558991,0.05718708011390378,betonlineag,BetOnline.ag,2026-05-18T00:10:00Z,Detroit Pistons,Cleveland Cavaliers,,,False
2026-05-17,2026-05-17T23:02:03.848180+00:00,3992,James Harden,CLE,ast,UNDER,7.5,-230,0.696969696969697,0.7365463329106234,0.9608139365758734,0.03957663594092642,0.05678386895872056,bovada,Bovada,2026-05-18T00:10:00Z,Detroit Pistons,Cleveland Cavaliers,,,False
2026-05-17,2026-05-17T23:02:03.848180+00:00,5107199,Daniss Jenkins,DET,ast,OVER,3.5,150,0.4,0.4217685148477117,0.5451234323180779,0.021768514847711695,0.054421287119279294,williamhill_us,Caesars,2026-05-18T00:10:00Z,Detroit Pistons,Cleveland Cavaliers,,,False
2026-05-17,2026-05-17T23:02:03.848180+00:00,3908809,Donovan Mitchell,CLE,ast,UNDER,3.5,-142,0.5867768595041323,0.618526701783596,0.7984424747005574,0.03174984227946376,0.05410888613824111,fanduel,FanDuel,2026-05-18T00:10:00Z,Detroit Pistons,Cleveland Cavaliers,,,False
2026-05-17,2026-05-17T23:02:03.848180+00:00,3908809,Donovan Mitchell,CLE,ast,UNDER,3.5,-143,0.588477366255144,0.619972132521956,0.7984424747005574,0.031494766266812024,0.05351907834150571,williamhill_us,Caesars,2026-05-18T00:10:00Z,Detroit Pistons,Cleveland Cavaliers,,,False
2026-05-17,2026-05-17T23:02:03.848180+00:00,4433621,Jalen Duren,DET,ast,OVER,1.5,-130,0.5652173913043478,0.5913863782869799,0.7396773045218951,0.026168986982632148,0.04629897696927221,betonlineag,BetOnline.ag,2026-05-18T00:10:00Z,Detroit Pistons,Cleveland Cavaliers,,,False
2026-05-17,2026-05-17T23:02:03.848180+00:00,3908809,Donovan Mitchell,CLE,ast,UNDER,3.5,-160,0.6153846153846154,0.6428432942820067,0.7984424747005574,0.027458678897391287,0.04462035320826091,draftkings,DraftKings,2026-05-18T00:10:00Z,Detroit Pistons,Cleveland Cavaliers,,,False
2026-05-17,2026-05-17T23:02:03.848180+00:00,3908809,Donovan Mitchell,CLE,ast,UNDER,3.5,-160,0.6153846153846154,0.6428432942820067,0.7984424747005574,0.027458678897391287,0.04462035320826091,bovada,Bovada,2026-05-18T00:10:00Z,Detroit Pistons,Cleveland Cavaliers,,,False
2026-05-17,2026-05-17T23:02:03.848180+00:00,4433621,Jalen Duren,DET,ast,OVER,1.5,-136,0.576271186440678,0.6007821041528606,0.7396773045218951,0.02451091771218261,0.042533651324081656,fanduel,FanDuel,2026-05-18T00:10:00Z,Detroit Pistons,Cleveland Cavaliers,,,False
2026-05-17,2026-05-17T23:02:03.848180+00:00,4684742,Ausar Thompson,DET,ast,OVER,3.5,136,0.423728813559322,0.4408844441432639,0.5380996841189344,0.017155630583941872,0.040487288178102765,fanduel,FanDuel,2026-05-18T00:10:00Z,Detroit Pistons,Cleveland Cavaliers,,,False
2026-05-17,2026-05-17T23:02:03.848180+00:00,4433621,Jalen Duren,DET,ast,OVER,1.5,-140,0.5833333333333334,0.6067849290116176,0.7396773045218951,0.023451595678284254,0.04020273544848735,fanatics,Fanatics,2026-05-18T00:10:00Z,Detroit Pistons,Cleveland Cavaliers,,,False
2026-05-17,2026-05-17T23:02:03.848180+00:00,4433621,Jalen Duren,DET,ast,OVER,1.5,-140,0.5833333333333334,0.6067849290116176,0.7396773045218951,0.023451595678284254,0.04020273544848735,betmgm,BetMGM,2026-05-18T00:10:00Z,Detroit Pistons,Cleveland Cavaliers,,,False
2026-05-17,2026-05-17T23:02:03.848180+00:00,5107199,Daniss Jenkins,DET,ast,OVER,3.5,130,0.43478260869565216,0.451333732239016,0.5451234323180779,0.016551123543363855,0.03806758414973688,draftkings,DraftKings,2026-05-18T00:10:00Z,Detroit Pistons,Cleveland Cavaliers,,,False
2026-05-17,2026-05-17T23:02:03.848180+00:00,5107199,Daniss Jenkins,DET,ast,OVER,3.5,130,0.43478260869565216,0.451333732239016,0.5451234323180779,0.016551123543363855,0.03806758414973688,bovada,Bovada,2026-05-18T00:10:00Z,Detroit Pistons,Cleveland Cavaliers,,,False
2026-05-17,2026-05-17T23:02:03.848180+00:00,4433621,Jalen Duren,DET,ast,OVER,1.5,-144,0.5901639344262295,0.6125909399405793,0.7396773045218951,0.02242700551434984,0.038001314899314964,draftkings,DraftKings,2026-05-18T00:10:00Z,Detroit Pistons,Cleveland Cavaliers,,,False
2026-05-17,2026-05-17T23:02:03.848180+00:00,4433621,Jalen Duren,DET,ast,OVER,1.5,-145,0.5918367346938775,0.6140128201680801,0.7396773045218951,0.022176085474202578,0.037469937525376806,bovada,Bovada,2026-05-18T00:10:00Z,Detroit Pistons,Cleveland Cavaliers,,,False
2026-05-17,2026-05-17T23:02:03.848180+00:00,3912848,Dean Wade,CLE,ast,OVER,0.5,104,0.49019607843137253,0.507668191460429,0.6066768319584156,0.017472113029056435,0.03564311057927505,betonlineag,BetOnline.ag,2026-05-18T00:10:00Z,Detroit Pistons,Cleveland Cavaliers,,,False
2026-05-17,2026-05-17T23:02:03.848180+00:00,6440,Tobias Harris,DET,ast,OVER,2.5,180,0.35714285714285715,0.3696665096009379,0.440633873530062,0.012523652458080736,0.03506622688262617,bovada,Bovada,2026-05-18T00:10:00Z,Detroit Pistons,Cleveland Cavaliers,,,False
2026-05-17,2026-05-17T23:02:03.848180+00:00,2991043,Caris LeVert,DET,ast,OVER,1.5,-130,0.5652173913043478,0.5834827984112759,0.686986772017202,0.018265407106928144,0.032315720266103576,draftkings,DraftKings,2026-05-18T00:10:00Z,Detroit Pistons,Cleveland Cavaliers,,,False
2026-05-17,2026-05-17T23:02:03.848180+00:00,2991043,Caris LeVert,DET,ast,OVER,1.5,-130,0.5652173913043478,0.5834827984112759,0.686986772017202,0.018265407106928144,0.032315720266103576,bovada,Bovada,2026-05-18T00:10:00Z,Detroit Pistons,Cleveland Cavaliers,,,False
2026-05-17,2026-05-17T23:02:03.848180+00:00,4684742,Ausar Thompson,DET,ast,OVER,3.5,125,0.4444444444444444,0.4584927303956179,0.5380996841189344,0.014048285951173467,0.031608643390140245,williamhill_us,Caesars,2026-05-18T00:10:00Z,Detroit Pistons,Cleveland Cavaliers,,,False
2026-05-17,2026-05-17T23:02:03.848180+00:00,5107199,Daniss Jenkins,DET,ast,OVER,3.5,120,0.45454545454545453,0.46813215121134805,0.5451234323180779,0.013586696665893516,0.02989073266496578,betmgm,BetMGM,2026-05-18T00:10:00Z,Detroit Pistons,Cleveland Cavaliers,,,False
2026-05-17,2026-05-17T23:02:03.848180+00:00,4684742,Ausar Thompson,DET,ast,OVER,3.5,118,0.45871559633027525,0.4706232094985741,0.5380996841189344,0.011907613168298858,0.02595859670689149,betonlineag,BetOnline.ag,2026-05-18T00:10:00Z,Detroit Pistons,Cleveland Cavaliers,,,False
2026-05-17,2026-05-17T23:02:03.848180+00:00,5107199,Daniss Jenkins,DET,ast,OVER,2.5,-166,0.6240601503759399,0.6398362561943216,0.7292341891651511,0.015776105818381736,0.025279784022226248,fanduel,FanDuel,2026-05-18T00:10:00Z,Detroit Pistons,Cleveland Cavaliers,,,False
2026-05-17,2026-05-17T23:02:03.848180+00:00,6440,Tobias Harris,DET,ast,OVER,1.5,-154,0.6062992125984252,0.6212746553421737,0.7061354975567486,0.014975442743748513,0.02469975621371512,fanduel,FanDuel,2026-05-18T00:10:00Z,Detroit Pistons,Cleveland Cavaliers,,,False
2026-05-17,2026-05-17T23:02:03.848180+00:00,4065778,Max Strus,CLE,ast,OVER,1.5,-130,0.5652173913043478,0.5780132807006132,0.6505233206127836,0.012795889396265414,0.022638881239546438,betonlineag,BetOnline.ag,2026-05-18T00:10:00Z,Detroit Pistons,Cleveland Cavaliers,,,False
2026-05-17,2026-05-17T23:02:03.848180+00:00,6440,Tobias Harris,DET,ast,OVER,1.5,-162,0.6183206106870229,0.6314928437174818,0.7061354975567486,0.01317223303045889,0.02130324107395204,draftkings,DraftKings,2026-05-18T00:10:00Z,Detroit Pistons,Cleveland Cavaliers,,,False
2026-05-17,2026-05-17T23:02:03.848180+00:00,6440,Tobias Harris,DET,ast,OVER,1.5,-165,0.6226415094339622,0.6351656076523802,0.7061354975567486,0.012524098218417934,0.020114460775034815,bovada,Bovada,2026-05-18T00:10:00Z,Detroit Pistons,Cleveland Cavaliers,,,False
2026-05-17,2026-05-17T23:02:03.848180+00:00,4684742,Ausar Thompson,DET,ast,OVER,2.5,-185,0.6491228070175439,0.661955990800391,0.734677365569858,0.012833183782847146,0.019770039881683465,betmgm,BetMGM,2026-05-18T00:10:00Z,Detroit Pistons,Cleveland Cavaliers,,,False
2026-05-17,2026-05-17T23:02:03.848180+00:00,5107199,Daniss Jenkins,DET,ast,OVER,2.5,-182,0.6453900709219859,0.6579666886584606,0.7292341891651511,0.012576617736474782,0.019486847262010498,betonlineag,BetOnline.ag,2026-05-18T00:10:00Z,Detroit Pistons,Cleveland Cavaliers,,,False
2026-05-17,2026-05-17T23:02:03.848180+00:00,4065778,Max Strus,CLE,ast,OVER,1.5,-136,0.576271186440678,0.5874090065664939,0.6505233206127836,0.011137820125815878,0.019327393747739396,fanduel,FanDuel,2026-05-18T00:10:00Z,Detroit Pistons,Cleveland Cavaliers,,,False
2026-05-17,2026-05-17T23:02:03.848180+00:00,5107199,Daniss Jenkins,DET,ast,OVER,2.5,-185,0.6491228070175439,0.661139514339685,0.7292341891651511,0.012016707322141107,0.018512224793568788,bovada,Bovada,2026-05-18T00:10:00Z,Detroit Pistons,Cleveland Cavaliers,,,False
2026-05-17,2026-05-17T23:02:03.848180+00:00,4278562,Paul Reed Jr,DET,ast,UNDER,1.5,-180,0.6428571428571429,0.6529981670437569,0.7104639707679032,0.010141024186614,0.01577492651251078,bovada,Bovada,2026-05-18T00:10:00Z,Detroit Pistons,Cleveland Cavaliers,,,False
2026-05-17,2026-05-17T23:02:03.848180+00:00,4684742,Ausar Thompson,DET,ast,OVER,3.5,105,0.4878048780487805,0.49534909895930357,0.5380996841189344,0.007544220910523092,0.01546565286657231,bovada,Bovada,2026-05-18T00:10:00Z,Detroit Pistons,Cleveland Cavaliers,,,False
2026-05-17,2026-05-17T23:02:03.848180+00:00,4432158,Evan Mobley,CLE,ast,UNDER,3.5,100,0.5,0.5077300311591356,0.5515335410609044,0.00773003115913562,0.01546006231827124,fanduel,FanDuel,2026-05-18T00:10:00Z,Detroit Pistons,Cleveland Cavaliers,,,False
2026-05-17,2026-05-17T23:02:03.848180+00:00,4432158,Evan Mobley,CLE,ast,UNDER,4.5,-220,0.6875,0.6979717219743503,0.7573114798290018,0.010471721974350312,0.015231595599055014,bovada,Bovada,2026-05-18T00:10:00Z,Detroit Pistons,Cleveland Cavaliers,,,False
2026-05-17,2026-05-17T23:02:03.848180+00:00,4432158,Evan Mobley,CLE,ast,UNDER,3.5,-101,0.5024875621890548,0.5098444590198322,0.5515335410609044,0.0073568968307774485,0.014640953098874032,betonlineag,BetOnline.ag,2026-05-18T00:10:00Z,Detroit Pistons,Cleveland Cavaliers,,,False
2026-05-17,2026-05-17T23:02:03.848180+00:00,4432158,Evan Mobley,CLE,ast,UNDER,3.5,-103,0.5073891625615764,0.5140108193364756,0.5515335410609044,0.006621656774899232,0.013050449760238392,williamhill_us,Caesars,2026-05-18T00:10:00Z,Detroit Pistons,Cleveland Cavaliers,,,False
2026-05-17,2026-05-17T23:02:03.848180+00:00,4684742,Ausar Thompson,DET,ast,OVER,3.5,102,0.49504950495049505,0.501507031825761,0.5380996841189344,0.0064575268752659065,0.013044204288037098,draftkings,DraftKings,2026-05-18T00:10:00Z,Detroit Pistons,Cleveland Cavaliers,,,False
2026-05-17,2026-05-17T23:02:03.848180+00:00,6440,Tobias Harris,DET,ast,OVER,2.5,146,0.4065040650406504,0.4116235363140621,0.440633873530062,0.005119471273411724,0.012593899332592806,betonlineag,BetOnline.ag,2026-05-18T00:10:00Z,Detroit Pistons,Cleveland Cavaliers,,,False
2026-05-17,2026-05-17T23:02:03.848180+00:00,6440,Tobias Harris,DET,ast,OVER,2.5,145,0.40816326530612246,0.41303385653971336,0.440633873530062,0.004870591233590904,0.01193294852229776,betmgm,BetMGM,2026-05-18T00:10:00Z,Detroit Pistons,Cleveland Cavaliers,,,False
2026-05-17,2026-05-17T23:02:03.848180+00:00,4432158,Evan Mobley,CLE,ast,UNDER,3.5,-105,0.5121951219512195,0.5180958848176722,0.5515335410609044,0.005900762866452691,0.011520537024979072,betmgm,BetMGM,2026-05-18T00:10:00Z,Detroit Pistons,Cleveland Cavaliers,,,False
2026-05-17,2026-05-17T23:02:03.848180+00:00,4432158,Evan Mobley,CLE,ast,UNDER,3.5,-108,0.5192307692307693,0.5240761850052895,0.5515335410609044,0.004845415774520245,0.009331911862039077,draftkings,DraftKings,2026-05-18T00:10:00Z,Detroit Pistons,Cleveland Cavaliers,,,False
2026-05-17,2026-05-17T23:02:03.848180+00:00,4432158,Evan Mobley,CLE,ast,UNDER,3.5,-110,0.5238095238095238,0.5279681263972309,0.5515335410609044,0.004158602587707061,0.00793915039471349,bovada,Bovada,2026-05-18T00:10:00Z,Detroit Pistons,Cleveland Cavaliers,,,False
2026-05-17,2026-05-17T23:02:03.848180+00:00,4684742,Ausar Thompson,DET,ast,OVER,2.5,-240,0.7058823529411765,0.7102016048354788,0.734677365569858,0.004319251894302267,0.006118940183594934,bovada,Bovada,2026-05-18T00:10:00Z,Detroit Pistons,Cleveland Cavaliers,,,False
2026-05-17,2026-05-17T23:02:03.848180+00:00,4066757,Sam Merrill,CLE,ast,OVER,1.5,185,0.3508771929824561,0.3516926679502526,0.35631369276776603,0.0008154749677964923,0.0023241036582198893,bovada,Bovada,2026-05-18T00:10:00Z,Detroit Pistons,Cleveland Cavaliers,,,False
2026-05-17,2026-05-17T23:02:03.848180+00:00,4066757,Sam Merrill,CLE,ast,OVER,0.5,-243,0.7084548104956269,0.7088782790582956,0.7112779342467515,0.00042346856266872734,0.0005977354608863727,draftkings,DraftKings,2026-05-18T00:10:00Z,Detroit Pistons,Cleveland Cavaliers,,,False
2026-05-17,2026-05-17T23:02:03.848180+00:00,4066757,Sam Merrill,CLE,ast,OVER,0.5,-245,0.7101449275362319,0.7103148785428098,0.7112779342467515,0.0001699510065779064,0.00023931876436489308,bovada,Bovada,2026-05-18T00:10:00Z,Detroit Pistons,Cleveland Cavaliers,,,False
2026-05-17,2026-05-17T23:02:03.848180+00:00,4432158,Evan Mobley,CLE,blk,UNDER,1.5,175,0.36363636363636365,0.8321963501803316,0.8321963501803316,0.4685599865439679,1.2885399629959118,bovada,Bovada,2026-05-18T00:10:00Z,Detroit Pistons,Cleveland Cavaliers,,,False
2026-05-17,2026-05-17T23:02:03.848180+00:00,4432158,Evan Mobley,CLE,blk,UNDER,2.5,-150,0.6,0.9866758804604299,0.9866758804604299,0.3866758804604299,0.6444598007673831,draftkings,DraftKings,2026-05-18T00:10:00Z,Detroit Pistons,Cleveland Cavaliers,,,False
2026-05-17,2026-05-17T23:02:03.848180+00:00,4432158,Evan Mobley,CLE,blk,UNDER,2.5,-160,0.6153846153846154,0.9866758804604299,0.9866758804604299,0.37129126507581445,0.6033483057481985,betmgm,BetMGM,2026-05-18T00:10:00Z,Detroit Pistons,Cleveland Cavaliers,,,False
2026-05-17,2026-05-17T23:02:03.848180+00:00,4432158,Evan Mobley,CLE,blk,UNDER,2.5,-160,0.6153846153846154,0.9866758804604299,0.9866758804604299,0.37129126507581445,0.6033483057481985,bovada,Bovada,2026-05-18T00:10:00Z,Detroit Pistons,Cleveland Cavaliers,,,False
2026-05-17,2026-05-17T23:02:03.848180+00:00,4432158,Evan Mobley,CLE,blk,UNDER,2.5,-162,0.6183206106870229,0.9866758804604299,0.9866758804604299,0.36835526977340693,0.5957350659298309,fanduel,FanDuel,2026-05-18T00:10:00Z,Detroit Pistons,Cleveland Cavaliers,,,False
2026-05-17,2026-05-17T23:02:03.848180+00:00,4066328,Jarrett Allen,CLE,blk,UNDER,1.5,-145,0.5918367346938775,0.8696695079432238,0.8696695079432238,0.2778327732493463,0.46944158238682654,bovada,Bovada,2026-05-18T00:10:00Z,Detroit Pistons,Cleveland Cavaliers,,,False
2026-05-17,2026-05-17T23:02:03.848180+00:00,4066328,Jarrett Allen,CLE,blk,UNDER,1.5,-148,0.5967741935483871,0.8696695079432238,0.8696695079432238,0.2728953143948367,0.457284040337294,draftkings,DraftKings,2026-05-18T00:10:00Z,Detroit Pistons,Cleveland Cavaliers,,,False
2026-05-17,2026-05-17T23:02:03.848180+00:00,4684742,Ausar Thompson,DET,blk,UNDER,1.5,-168,0.6268656716417911,0.9045693819898094,0.9045693819898094,0.27770371034801833,0.44300353793612457,fanduel,FanDuel,2026-05-18T00:10:00Z,Detroit Pistons,Cleveland Cavaliers,,,False
2026-05-17,2026-05-17T23:02:03.848180+00:00,4684742,Ausar Thompson,DET,blk,UNDER,1.5,-170,0.6296296296296297,0.9045693819898094,0.9045693819898094,0.27493975236017976,0.4366690184544032,bovada,Bovada,2026-05-18T00:10:00Z,Detroit Pistons,Cleveland Cavaliers,,,False
2026-05-17,2026-05-17T23:02:03.848180+00:00,4066328,Jarrett Allen,CLE,blk,UNDER,1.5,-155,0.6078431372549019,0.8696695079432238,0.8696695079432238,0.26182637068832193,0.4307466098420779,betmgm,BetMGM,2026-05-18T00:10:00Z,Detroit Pistons,Cleveland Cavaliers,,,False
2026-05-17,2026-05-17T23:02:03.848180+00:00,4684742,Ausar Thompson,DET,blk,UNDER,1.5,-173,0.6336996336996337,0.9045693819898094,0.9045693819898094,0.27086974829017574,0.42744185712842764,draftkings,DraftKings,2026-05-18T00:10:00Z,Detroit Pistons,Cleveland Cavaliers,,,False
2026-05-17,2026-05-17T23:02:03.848180+00:00,4066328,Jarrett Allen,CLE,blk,UNDER,1.5,-168,0.6268656716417911,0.8696695079432238,0.8696695079432238,0.24280383630143276,0.3873299293379999,fanduel,FanDuel,2026-05-18T00:10:00Z,Detroit Pistons,Cleveland Cavaliers,,,False
2026-05-17,2026-05-17T23:02:03.848180+00:00,4684742,Ausar Thompson,DET,blk,UNDER,1.5,-210,0.6774193548387096,0.9045693819898094,0.9045693819898094,0.22715002715109978,0.3353167067468615,betmgm,BetMGM,2026-05-18T00:10:00Z,Detroit Pistons,Cleveland Cavaliers,,,False
2026-05-17,2026-05-17T23:02:03.848180+00:00,4433621,Jalen Duren,DET,blk,UNDER,0.5,120,0.45454545454545453,0.5660007568321566,0.5660007568321566,0.11145530228670203,0.24520166503074436,bovada,Bovada,2026-05-18T00:10:00Z,Detroit Pistons,Cleveland Cavaliers,,,False
2026-05-17,2026-05-17T23:02:03.848180+00:00,4433621,Jalen Duren,DET,blk,UNDER,0.5,117,0.4608294930875576,0.5660007568321566,0.5660007568321566,0.10517126374459895,0.22822164232577968,draftkings,DraftKings,2026-05-18T00:10:00Z,Detroit Pistons,Cleveland Cavaliers,,,False
2026-05-17,2026-05-17T23:02:03.848180+00:00,4433621,Jalen Duren,DET,blk,UNDER,0.5,115,0.46511627906976744,0.5660007568321566,0.5660007568321566,0.10088447776238912,0.21690162718913653,betmgm,BetMGM,2026-05-18T00:10:00Z,Detroit Pistons,Cleveland Cavaliers,,,False
2026-05-17,2026-05-17T23:02:03.848180+00:00,4432166,Cade Cunningham,DET,blk,UNDER,0.5,-133,0.5708154506437768,0.691344322475296,0.691344322475296,0.12052887183151917,0.211152083734917,draftkings,DraftKings,2026-05-18T00:10:00Z,Detroit Pistons,Cleveland Cavaliers,,,False
2026-05-17,2026-05-17T23:02:03.848180+00:00,4432166,Cade Cunningham,DET,blk,UNDER,0.5,-135,0.574468085106383,0.691344322475296,0.691344322475296,0.11687623736891295,0.20345122801255222,betmgm,BetMGM,2026-05-18T00:10:00Z,Detroit Pistons,Cleveland Cavaliers,,,False
2026-05-17,2026-05-17T23:02:03.848180+00:00,4432166,Cade Cunningham,DET,blk,UNDER,0.5,-135,0.574468085106383,0.691344322475296,0.691344322475296,0.11687623736891295,0.20345122801255222,bovada,Bovada,2026-05-18T00:10:00Z,Detroit Pistons,Cleveland Cavaliers,,,False
2026-05-17,2026-05-17T23:02:03.848180+00:00,6440,Tobias Harris,DET,blk,UNDER,0.5,-135,0.574468085106383,0.6766576746798472,0.6766576746798472,0.10218958957346413,0.17788558185010428,bovada,Bovada,2026-05-18T00:10:00Z,Detroit Pistons,Cleveland Cavaliers,,,False
2026-05-17,2026-05-17T23:02:03.848180+00:00,6440,Tobias Harris,DET,blk,UNDER,0.5,-138,0.5798319327731093,0.6766576746798472,0.6766576746798472,0.09682574190673787,0.166989322998577,draftkings,DraftKings,2026-05-18T00:10:00Z,Detroit Pistons,Cleveland Cavaliers,,,False
2026-05-17,2026-05-17T23:02:03.848180+00:00,6440,Tobias Harris,DET,blk,UNDER,0.5,-150,0.6,0.6766576746798472,0.6766576746798472,0.07665767467984719,0.1277627911330786,betmgm,BetMGM,2026-05-18T00:10:00Z,Detroit Pistons,Cleveland Cavaliers,,,False
2026-05-17,2026-05-17T23:02:03.848180+00:00,3912848,Dean Wade,CLE,blk,UNDER,0.5,-525,0.84,0.941179892444949,0.941179892444949,0.10117989244494907,0.12045225291065362,betmgm,BetMGM,2026-05-18T00:10:00Z,Detroit Pistons,Cleveland Cavaliers,,,False
2026-05-17,2026-05-17T23:02:03.848180+00:00,5107199,Daniss Jenkins,DET,blk,UNDER,0.5,-317,0.7601918465227818,0.8119980439468987,0.8119980439468987,0.05180619742411685,0.06814884645380676,draftkings,DraftKings,2026-05-18T00:10:00Z,Detroit Pistons,Cleveland Cavaliers,,,False
2026-05-17,2026-05-17T23:02:03.848180+00:00,5107199,Daniss Jenkins,DET,blk,UNDER,0.5,-320,0.7619047619047619,0.8119980439468987,0.8119980439468987,0.05009328204213681,0.06574743268030453,bovada,Bovada,2026-05-18T00:10:00Z,Detroit Pistons,Cleveland Cavaliers,,,False
2026-05-17,2026-05-17T23:02:03.848180+00:00,5107199,Daniss Jenkins,DET,blk,UNDER,0.5,-325,0.7647058823529411,0.8119980439468987,0.8119980439468987,0.04729216159395755,0.061843595930559825,betmgm,BetMGM,2026-05-18T00:10:00Z,Detroit Pistons,Cleveland Cavaliers,,,False
2026-05-17,2026-05-17T23:02:03.848180+00:00,4065778,Max Strus,CLE,blk,OVER,0.5,220,0.3125,0.32401467386002314,0.32401467386002314,0.011514673860023139,0.036846956352074134,betmgm,BetMGM,2026-05-18T00:10:00Z,Detroit Pistons,Cleveland Cavaliers,,,False
2026-05-17,2026-05-17T23:02:03.848180+00:00,3908809,Donovan Mitchell,CLE,blk,UNDER,0.5,-271,0.7304582210242587,0.7450164407903902,0.7450164407903902,0.014558219766131475,0.019930256580202088,draftkings,DraftKings,2026-05-18T00:10:00Z,Detroit Pistons,Cleveland Cavaliers,,,False
2026-05-17,2026-05-17T23:02:03.848180+00:00,3992,James Harden,CLE,blk,UNDER,0.5,-110,0.5238095238095238,0.5321838398299478,0.5321838398299478,0.008374316020423933,0.015987330584445736,draftkings,DraftKings,2026-05-18T00:10:00Z,Detroit Pistons,Cleveland Cavaliers,,,False
2026-05-17,2026-05-17T23:02:03.848180+00:00,3992,James Harden,CLE,blk,UNDER,0.5,-110,0.5238095238095238,0.5321838398299478,0.5321838398299478,0.008374316020423933,0.015987330584445736,bovada,Bovada,2026-05-18T00:10:00Z,Detroit Pistons,Cleveland Cavaliers,,,False
2026-05-17,2026-05-17T23:02:03.848180+00:00,3908809,Donovan Mitchell,CLE,blk,UNDER,0.5,-275,0.7333333333333333,0.7450164407903902,0.7450164407903902,0.011683107457056918,0.015931510168713914,bovada,Bovada,2026-05-18T00:10:00Z,Detroit Pistons,Cleveland Cavaliers,,,False
2026-05-17,2026-05-17T23:02:03.848180+00:00,5107199,Daniss Jenkins,DET,dd,YES,,4900,0.02,0.031661165203891874,0.031661165203891874,0.011661165203891873,0.5830582601945937,draftkings,DraftKings,2026-05-18T00:10:00Z,Detroit Pistons,Cleveland Cavaliers,,,False
2026-05-17,2026-05-17T23:02:03.848180+00:00,3157465,Duncan Robinson,DET,dd,YES,,8600,0.011494252873563218,0.01671964223841657,0.01671964223841657,0.005225389364853353,0.45460887474224165,draftkings,DraftKings,2026-05-18T00:10:00Z,Detroit Pistons,Cleveland Cavaliers,,,False
2026-05-17,2026-05-17T23:02:03.848180+00:00,3908809,Donovan Mitchell,CLE,dd,YES,,2000,0.047619047619047616,0.06479155487934254,0.06479155487934254,0.017172507260294928,0.3606226524661933,fanduel,FanDuel,2026-05-18T00:10:00Z,Detroit Pistons,Cleveland Cavaliers,,,False
2026-05-17,2026-05-17T23:02:03.848180+00:00,3908809,Donovan Mitchell,CLE,dd,YES,,1800,0.05263157894736842,0.06479155487934254,0.06479155487934254,0.012159975931974126,0.23103954270750826,fanatics,Fanatics,2026-05-18T00:10:00Z,Detroit Pistons,Cleveland Cavaliers,,,False
2026-05-17,2026-05-17T23:02:03.848180+00:00,6440,Tobias Harris,DET,dd,YES,,650,0.13333333333333333,0.16106473101835525,0.16106473101835525,0.02773139768502192,0.20798548263766437,fanduel,FanDuel,2026-05-18T00:10:00Z,Detroit Pistons,Cleveland Cavaliers,,,False
2026-05-17,2026-05-17T23:02:03.848180+00:00,3908809,Donovan Mitchell,CLE,dd,YES,,1760,0.053763440860215055,0.06479155487934254,0.06479155487934254,0.01102811401912749,0.20512292075577143,draftkings,DraftKings,2026-05-18T00:10:00Z,Detroit Pistons,Cleveland Cavaliers,,,False
2026-05-17,2026-05-17T23:02:03.848180+00:00,6440,Tobias Harris,DET,dd,YES,,600,0.14285714285714285,0.16106473101835525,0.16106473101835525,0.0182075881612124,0.12745311712848673,fanatics,Fanatics,2026-05-18T00:10:00Z,Detroit Pistons,Cleveland Cavaliers,,,False
2026-05-17,2026-05-17T23:02:03.848180+00:00,6440,Tobias Harris,DET,dd,YES,,600,0.14285714285714285,0.16106473101835525,0.16106473101835525,0.0182075881612124,0.12745311712848673,betmgm,BetMGM,2026-05-18T00:10:00Z,Detroit Pistons,Cleveland Cavaliers,,,False
2026-05-17,2026-05-17T23:02:03.848180+00:00,4065778,Max Strus,CLE,dd,YES,,2000,0.047619047619047616,0.05334290641601942,0.05334290641601942,0.005723858796971806,0.12020103473640786,fanduel,FanDuel,2026-05-18T00:10:00Z,Detroit Pistons,Cleveland Cavaliers,,,False
2026-05-17,2026-05-17T23:02:03.848180+00:00,6440,Tobias Harris,DET,dd,YES,,568,0.1497005988023952,0.16106473101835525,0.16106473101835525,0.011364132215960054,0.07591240320261305,draftkings,DraftKings,2026-05-18T00:10:00Z,Detroit Pistons,Cleveland Cavaliers,,,False
2026-05-17,2026-05-17T23:02:03.848180+00:00,6440,Tobias Harris,DET,dd,YES,,550,0.15384615384615385,0.16106473101835525,0.16106473101835525,0.007218577172201396,0.0469207516193092,williamhill_us,Caesars,2026-05-18T00:10:00Z,Detroit Pistons,Cleveland Cavaliers,,,False
2026-05-17,2026-05-17T23:02:03.848180+00:00,3908809,Donovan Mitchell,CLE,dd,YES,,1500,0.0625,0.06479155487934254,0.06479155487934254,0.0022915548793425444,0.03666487806948071,bovada,Bovada,2026-05-18T00:10:00Z,Detroit Pistons,Cleveland Cavaliers,,,False
2026-05-17,2026-05-17T23:02:03.848180+00:00,3908809,Donovan Mitchell,CLE,dd,YES,,1500,0.0625,0.06479155487934254,0.06479155487934254,0.0022915548793425444,0.03666487806948071,williamhill_us,Caesars,2026-05-18T00:10:00Z,Detroit Pistons,Cleveland Cavaliers,,,False
2026-05-17,2026-05-17T23:02:03.848180+00:00,4065778,Max Strus,CLE,dd,YES,,1800,0.05263157894736842,0.05334290641601942,0.05334290641601942,0.0007113274686510046,0.013515221904369046,fanatics,Fanatics,2026-05-18T00:10:00Z,Detroit Pistons,Cleveland Cavaliers,,,False
2026-05-17,2026-05-17T23:02:03.848180+00:00,4065778,Max Strus,CLE,dd,YES,,1800,0.05263157894736842,0.05334290641601942,0.05334290641601942,0.0007113274686510046,0.013515221904369046,betmgm,BetMGM,2026-05-18T00:10:00Z,Detroit Pistons,Cleveland Cavaliers,,,False
2026-05-17,2026-05-17T23:02:03.848180+00:00,3908809,Donovan Mitchell,CLE,dd,YES,,1450,0.06451612903225806,0.06479155487934254,0.06479155487934254,0.0002754258470844817,0.0042691006298094525,betmgm,BetMGM,2026-05-18T00:10:00Z,Detroit Pistons,Cleveland Cavaliers,,,False
2026-05-17,2026-05-17T23:02:03.848180+00:00,3157465,Duncan Robinson,DET,pa,OVER,10.5,120,0.45454545454545453,0.55463275654186,0.9094877363472975,0.10008730199640542,0.22019206439209182,bovada,Bovada,2026-05-18T00:10:00Z,Detroit Pistons,Cleveland Cavaliers,,,False
2026-05-17,2026-05-17T23:02:03.848180+00:00,3908809,Donovan Mitchell,CLE,pa,UNDER,27.5,110,0.47619047619047616,0.5726668014428887,0.9147192273378061,0.09647632525241256,0.20260028303006639,bovada,Bovada,2026-05-18T00:10:00Z,Detroit Pistons,Cleveland Cavaliers,,,False
2026-05-17,2026-05-17T23:02:03.848180+00:00,4432166,Cade Cunningham,DET,pa,UNDER,34.5,105,0.4878048780487805,0.5801986092919077,0.9077763836993586,0.09239373124312722,0.18940714904841083,bovada,Bovada,2026-05-18T00:10:00Z,Detroit Pistons,Cleveland Cavaliers,,,False
2026-05-17,2026-05-17T23:02:03.848180+00:00,3908809,Donovan Mitchell,CLE,pa,UNDER,28.5,-106,0.5145631067961165,0.6074585044326053,0.936814914234702,0.0928953976364888,0.18053256521808203,fanduel,FanDuel,2026-05-18T00:10:00Z,Detroit Pistons,Cleveland Cavaliers,,,False
2026-05-17,2026-05-17T23:02:03.848180+00:00,3908809,Donovan Mitchell,CLE,pa,UNDER,28.5,-110,0.5238095238095238,0.614670709703063,0.936814914234702,0.0908611858935392,0.1734622639785749,draftkings,DraftKings,2026-05-18T00:10:00Z,Detroit Pistons,Cleveland Cavaliers,,,False
2026-05-17,2026-05-17T23:02:03.848180+00:00,3908809,Donovan Mitchell,CLE,pa,UNDER,28.5,-110,0.5238095238095238,0.614670709703063,0.936814914234702,0.0908611858935392,0.1734622639785749,bovada,Bovada,2026-05-18T00:10:00Z,Detroit Pistons,Cleveland Cavaliers,,,False
2026-05-17,2026-05-17T23:02:03.848180+00:00,4432166,Cade Cunningham,DET,pa,UNDER,35.5,-113,0.5305164319248826,0.6183469101801482,0.9297458785397259,0.08783047825526558,0.16555656520682804,draftkings,DraftKings,2026-05-18T00:10:00Z,Detroit Pistons,Cleveland Cavaliers,,,False
2026-05-17,2026-05-17T23:02:03.848180+00:00,3157465,Duncan Robinson,DET,pa,OVER,9.5,-115,0.5348837209302325,0.6226199943444826,0.9336849637222779,0.08773627341425005,0.16402868507881518,bovada,Bovada,2026-05-18T00:10:00Z,Detroit Pistons,Cleveland Cavaliers,,,False
2026-05-17,2026-05-17T23:02:03.848180+00:00,4432166,Cade Cunningham,DET,pa,UNDER,35.5,-115,0.5348837209302325,0.6217533956043211,0.9297458785397259,0.08686967467408857,0.16240852221677415,bovada,Bovada,2026-05-18T00:10:00Z,Detroit Pistons,Cleveland Cavaliers,,,False
2026-05-17,2026-05-17T23:02:03.848180+00:00,3157465,Duncan Robinson,DET,pa,OVER,9.5,-118,0.5412844036697247,0.6276125268812864,0.9336849637222779,0.08632812321156169,0.1594875496620376,draftkings,DraftKings,2026-05-18T00:10:00Z,Detroit Pistons,Cleveland Cavaliers,,,False
2026-05-17,2026-05-17T23:02:03.848180+00:00,4432166,Cade Cunningham,DET,pa,UNDER,35.5,-118,0.5412844036697247,0.626745928141125,0.9297458785397259,0.08546152447140021,0.15788654520987488,fanduel,FanDuel,2026-05-18T00:10:00Z,Detroit Pistons,Cleveland Cavaliers,,,False
2026-05-17,2026-05-17T23:02:03.848180+00:00,4432166,Cade Cunningham,DET,pa,UNDER,35.5,-118,0.5412844036697247,0.626745928141125,0.9297458785397259,0.08546152447140021,0.15788654520987488,betmgm,BetMGM,2026-05-18T00:10:00Z,Detroit Pistons,Cleveland Cavaliers,,,False
2026-05-17,2026-05-17T23:02:03.848180+00:00,3992,James Harden,CLE,pa,UNDER,23.5,120,0.45454545454545453,0.5259940911394861,0.7793119845183254,0.07144863659403161,0.1571870005068695,bovada,Bovada,2026-05-18T00:10:00Z,Detroit Pistons,Cleveland Cavaliers,,,False
2026-05-17,2026-05-17T23:02:03.848180+00:00,3908809,Donovan Mitchell,CLE,pa,UNDER,29.5,-130,0.5652173913043478,0.6507878147927861,0.9541738617063404,0.08557042348843835,0.15139382617185237,betmgm,BetMGM,2026-05-18T00:10:00Z,Detroit Pistons,Cleveland Cavaliers,,,False
2026-05-17,2026-05-17T23:02:03.848180+00:00,3908809,Donovan Mitchell,CLE,pa,UNDER,29.5,-130,0.5652173913043478,0.6507878147927861,0.9541738617063404,0.08557042348843835,0.15139382617185237,bovada,Bovada,2026-05-18T00:10:00Z,Detroit Pistons,Cleveland Cavaliers,,,False
2026-05-17,2026-05-17T23:02:03.848180+00:00,4432166,Cade Cunningham,DET,pa,UNDER,36.5,-135,0.574468085106383,0.6565241103275103,0.947450017929689,0.08205602522112732,0.14283826612566614,bovada,Bovada,2026-05-18T00:10:00Z,Detroit Pistons,Cleveland Cavaliers,,,False
2026-05-17,2026-05-17T23:02:03.848180+00:00,3992,James Harden,CLE,pa,UNDER,24.5,100,0.5,0.5708595419473115,0.8220888270332339,0.07085954194731148,0.14171908389462295,bovada,Bovada,2026-05-18T00:10:00Z,Detroit Pistons,Cleveland Cavaliers,,,False
2026-05-17,2026-05-17T23:02:03.848180+00:00,3992,James Harden,CLE,pa,UNDER,25.5,-110,0.5238095238095238,0.5976006346551909,0.8592236640171014,0.07379111084566703,0.14087393888718258,betmgm,BetMGM,2026-05-18T00:10:00Z,Detroit Pistons,Cleveland Cavaliers,,,False
2026-05-17,2026-05-17T23:02:03.848180+00:00,3992,James Harden,CLE,pa,UNDER,25.5,-118,0.5412844036697247,0.6112310409461477,0.8592236640171014,0.06994663727642292,0.12922344852762868,draftkings,DraftKings,2026-05-18T00:10:00Z,Detroit Pistons,Cleveland Cavaliers,,,False
2026-05-17,2026-05-17T23:02:03.848180+00:00,3912848,Dean Wade,CLE,pa,OVER,4.5,100,0.5,0.5640049977263228,0.7909318078469221,0.06400499772632284,0.1280099954526457,betmgm,BetMGM,2026-05-18T00:10:00Z,Detroit Pistons,Cleveland Cavaliers,,,False
2026-05-17,2026-05-17T23:02:03.848180+00:00,3992,James Harden,CLE,pa,UNDER,25.5,-122,0.5495495495495496,0.617677854732411,0.8592236640171014,0.06812830518286139,0.12397117828356752,fanduel,FanDuel,2026-05-18T00:10:00Z,Detroit Pistons,Cleveland Cavaliers,,,False
2026-05-17,2026-05-17T23:02:03.848180+00:00,2991043,Caris LeVert,DET,pa,OVER,9.5,115,0.46511627906976744,0.5216212845552705,0.721957213094781,0.056505005485503024,0.12148576179383141,bovada,Bovada,2026-05-18T00:10:00Z,Detroit Pistons,Cleveland Cavaliers,,,False
2026-05-17,2026-05-17T23:02:03.848180+00:00,3157465,Duncan Robinson,DET,pa,OVER,8.5,-160,0.6153846153846154,0.6895591869885986,0.9525417590390843,0.07417457160398322,0.12053367885647281,bovada,Bovada,2026-05-18T00:10:00Z,Detroit Pistons,Cleveland Cavaliers,,,False
2026-05-17,2026-05-17T23:02:03.848180+00:00,3992,James Harden,CLE,pa,UNDER,25.5,-125,0.5555555555555556,0.6223625394170956,0.8592236640171014,0.06680698386154005,0.12025257095077213,bovada,Bovada,2026-05-18T00:10:00Z,Detroit Pistons,Cleveland Cavaliers,,,False
2026-05-17,2026-05-17T23:02:03.848180+00:00,2991043,Caris LeVert,DET,pa,OVER,8.5,-120,0.5454545454545454,0.5974681152113637,0.781879862530992,0.052013569756818256,0.09535821122083343,bovada,Bovada,2026-05-18T00:10:00Z,Detroit Pistons,Cleveland Cavaliers,,,False
2026-05-17,2026-05-17T23:02:03.848180+00:00,2991043,Caris LeVert,DET,pa,OVER,8.5,-121,0.5475113122171946,0.5990723932862301,0.781879862530992,0.05156108106903545,0.09417354476245332,draftkings,DraftKings,2026-05-18T00:10:00Z,Detroit Pistons,Cleveland Cavaliers,,,False
2026-05-17,2026-05-17T23:02:03.848180+00:00,2991043,Caris LeVert,DET,pa,OVER,7.5,-170,0.6296296296296297,0.6745009369625711,0.8335901175066359,0.044871307332941424,0.07126619399937761,bovada,Bovada,2026-05-18T00:10:00Z,Detroit Pistons,Cleveland Cavaliers,,,False
2026-05-17,2026-05-17T23:02:03.848180+00:00,4065778,Max Strus,CLE,pa,OVER,11.5,-104,0.5098039215686274,0.539952107723659,0.6468411313642256,0.030148186155031564,0.05913682668871567,fanduel,FanDuel,2026-05-18T00:10:00Z,Detroit Pistons,Cleveland Cavaliers,,,False
2026-05-17,2026-05-17T23:02:03.848180+00:00,5107199,Daniss Jenkins,DET,pa,OVER,15.5,110,0.47619047619047616,0.5038339713478115,0.6018427269056366,0.02764349515733533,0.058051339830404225,bovada,Bovada,2026-05-18T00:10:00Z,Detroit Pistons,Cleveland Cavaliers,,,False
2026-05-17,2026-05-17T23:02:03.848180+00:00,5107199,Daniss Jenkins,DET,pa,OVER,14.5,-114,0.5327102803738317,0.5618154968065638,0.6650067187044324,0.029105216432732117,0.05463610804039176,fanduel,FanDuel,2026-05-18T00:10:00Z,Detroit Pistons,Cleveland Cavaliers,,,False
2026-05-17,2026-05-17T23:02:03.848180+00:00,4433621,Jalen Duren,DET,pa,UNDER,12.5,130,0.43478260869565216,0.45817319167374915,0.5411034404142747,0.023390582978096985,0.053798340849623094,bovada,Bovada,2026-05-18T00:10:00Z,Detroit Pistons,Cleveland Cavaliers,,,False
2026-05-17,2026-05-17T23:02:03.848180+00:00,4433621,Jalen Duren,DET,pa,UNDER,13.5,100,0.5,0.5266795189640353,0.6212705407456148,0.02667951896403531,0.05335903792807062,bovada,Bovada,2026-05-18T00:10:00Z,Detroit Pistons,Cleveland Cavaliers,,,False
2026-05-17,2026-05-17T23:02:03.848180+00:00,4433621,Jalen Duren,DET,pa,UNDER,14.5,-130,0.5652173913043478,0.5941045245305668,0.6965225423326162,0.028887133226219053,0.05110800493869522,bovada,Bovada,2026-05-18T00:10:00Z,Detroit Pistons,Cleveland Cavaliers,,,False
2026-05-17,2026-05-17T23:02:03.848180+00:00,3032979,Dennis Schroder,CLE,pa,OVER,8.5,110,0.47619047619047616,0.500476051202231,0.5865794535166349,0.02428557501175488,0.05099970752468519,bovada,Bovada,2026-05-18T00:10:00Z,Detroit Pistons,Cleveland Cavaliers,,,False
2026-05-17,2026-05-17T23:02:03.848180+00:00,4432158,Evan Mobley,CLE,pa,UNDER,17.5,135,0.425531914893617,0.44687001242541735,0.5225232673108913,0.021338097531800326,0.05014452919973078,bovada,Bovada,2026-05-18T00:10:00Z,Detroit Pistons,Cleveland Cavaliers,,,False
2026-05-17,2026-05-17T23:02:03.848180+00:00,4432158,Evan Mobley,CLE,pa,UNDER,19.5,-114,0.5327102803738317,0.5589545514369662,0.6520024215698972,0.026244271063134428,0.049265561469392594,fanduel,FanDuel,2026-05-18T00:10:00Z,Detroit Pistons,Cleveland Cavaliers,,,False
2026-05-17,2026-05-17T23:02:03.848180+00:00,5107199,Daniss Jenkins,DET,pa,OVER,14.5,-120,0.5454545454545454,0.5717560235695206,0.6650067187044324,0.026301478114975185,0.04821937654412112,bovada,Bovada,2026-05-18T00:10:00Z,Detroit Pistons,Cleveland Cavaliers,,,False
2026-05-17,2026-05-17T23:02:03.848180+00:00,4433621,Jalen Duren,DET,pa,UNDER,13.5,-106,0.5145631067961165,0.5380387422650061,0.6212705407456148,0.023475635468889644,0.04562246138293646,draftkings,DraftKings,2026-05-18T00:10:00Z,Detroit Pistons,Cleveland Cavaliers,,,False
2026-05-17,2026-05-17T23:02:03.848180+00:00,4432158,Evan Mobley,CLE,pa,UNDER,18.5,105,0.4878048780487805,0.509951098694521,0.5884695173476013,0.022146220645740566,0.04539975232376814,bovada,Bovada,2026-05-18T00:10:00Z,Detroit Pistons,Cleveland Cavaliers,,,False
2026-05-17,2026-05-17T23:02:03.848180+00:00,4432158,Evan Mobley,CLE,pa,UNDER,19.5,-120,0.5454545454545454,0.5688950781999228,0.6520024215698972,0.023440532745377385,0.0429743100331918,bovada,Bovada,2026-05-18T00:10:00Z,Detroit Pistons,Cleveland Cavaliers,,,False
2026-05-17,2026-05-17T23:02:03.848180+00:00,4065778,Max Strus,CLE,pa,OVER,11.5,-118,0.5412844036697247,0.5645068837625149,0.6468411313642256,0.023222480092790154,0.042902547968036,betmgm,BetMGM,2026-05-18T00:10:00Z,Detroit Pistons,Cleveland Cavaliers,,,False
2026-05-17,2026-05-17T23:02:03.848180+00:00,4433621,Jalen Duren,DET,pa,UNDER,13.5,-110,0.5238095238095238,0.5452509475354639,0.6212705407456148,0.021441423725940045,0.04093362711315829,betmgm,BetMGM,2026-05-18T00:10:00Z,Detroit Pistons,Cleveland Cavaliers,,,False
2026-05-17,2026-05-17T23:02:03.848180+00:00,5107199,Daniss Jenkins,DET,pa,OVER,14.5,-129,0.5633187772925764,0.5856901244031847,0.6650067187044324,0.022371347110608286,0.039713476653715496,draftkings,DraftKings,2026-05-18T00:10:00Z,Detroit Pistons,Cleveland Cavaliers,,,False
2026-05-17,2026-05-17T23:02:03.848180+00:00,4432158,Evan Mobley,CLE,pa,UNDER,19.5,-124,0.5535714285714286,0.5752262470310917,0.6520024215698972,0.021654818459663105,0.039118381733585006,draftkings,DraftKings,2026-05-18T00:10:00Z,Detroit Pistons,Cleveland Cavaliers,,,False
2026-05-17,2026-05-17T23:02:03.848180+00:00,4066328,Jarrett Allen,CLE,pa,UNDER,13.5,-130,0.5652173913043478,0.5872971190510462,0.6655797901529772,0.02207972774669842,0.03906413370569717,betmgm,BetMGM,2026-05-18T00:10:00Z,Detroit Pistons,Cleveland Cavaliers,,,False
2026-05-17,2026-05-17T23:02:03.848180+00:00,5107199,Daniss Jenkins,DET,pa,OVER,13.5,-160,0.6153846153846154,0.6392393506621362,0.7238152302824374,0.0238547352775208,0.03876394482597134,bovada,Bovada,2026-05-18T00:10:00Z,Detroit Pistons,Cleveland Cavaliers,,,False
2026-05-17,2026-05-17T23:02:03.848180+00:00,5107199,Daniss Jenkins,DET,pa,OVER,15.5,-105,0.5121951219512195,0.5319175950411913,0.6018427269056366,0.01972247308997177,0.03850578079470679,betmgm,BetMGM,2026-05-18T00:10:00Z,Detroit Pistons,Cleveland Cavaliers,,,False
2026-05-17,2026-05-17T23:02:03.848180+00:00,4066328,Jarrett Allen,CLE,pa,UNDER,12.5,100,0.5,0.5192143239357704,0.5873378360716834,0.019214323935770383,0.038428647871540766,draftkings,DraftKings,2026-05-18T00:10:00Z,Detroit Pistons,Cleveland Cavaliers,,,False
2026-05-17,2026-05-17T23:02:03.848180+00:00,3032979,Dennis Schroder,CLE,pa,OVER,8.5,100,0.5,0.5190474797736597,0.5865794535166349,0.019047479773659726,0.03809495954731945,bovada,Bovada,2026-05-18T00:10:00Z,Detroit Pistons,Cleveland Cavaliers,,,False
2026-05-17,2026-05-17T23:02:03.848180+00:00,4433621,Jalen Duren,DET,pa,UNDER,13.5,-114,0.5327102803738317,0.552193537655624,0.6212705407456148,0.019483257281792232,0.036573833844767756,fanduel,FanDuel,2026-05-18T00:10:00Z,Detroit Pistons,Cleveland Cavaliers,,,False
2026-05-17,2026-05-17T23:02:03.848180+00:00,4066757,Sam Merrill,CLE,pa,OVER,8.5,110,0.47619047619047616,0.49334588722112777,0.5541696172388926,0.0171554110306516,0.03602636316436836,bovada,Bovada,2026-05-18T00:10:00Z,Detroit Pistons,Cleveland Cavaliers,,,False
2026-05-17,2026-05-17T23:02:03.848180+00:00,4066328,Jarrett Allen,CLE,pa,UNDER,11.5,130,0.43478260869565216,0.45032969580236915,0.5054511864534567,0.015547087106716984,0.03575830034544902,bovada,Bovada,2026-05-18T00:10:00Z,Detroit Pistons,Cleveland Cavaliers,,,False
2026-05-17,2026-05-17T23:02:03.848180+00:00,3032979,Dennis Schroder,CLE,pa,OVER,8.5,-102,0.504950495049505,0.5229088659122736,0.5865794535166349,0.017958370862768636,0.035564616806659455,draftkings,DraftKings,2026-05-18T00:10:00Z,Detroit Pistons,Cleveland Cavaliers,,,False
2026-05-17,2026-05-17T23:02:03.848180+00:00,4066328,Jarrett Allen,CLE,pa,UNDER,13.5,-135,0.574468085106383,0.5945126602166337,0.6655797901529772,0.020044575110250706,0.03489240852525127,bovada,Bovada,2026-05-18T00:10:00Z,Detroit Pistons,Cleveland Cavaliers,,,False
2026-05-17,2026-05-17T23:02:03.848180+00:00,3032979,Dennis Schroder,CLE,pa,OVER,6.5,-190,0.6551724137931034,0.6770574400474961,0.7546498058585247,0.021885026254392703,0.033403461125125655,bovada,Bovada,2026-05-18T00:10:00Z,Detroit Pistons,Cleveland Cavaliers,,,False
2026-05-17,2026-05-17T23:02:03.848180+00:00,4066328,Jarrett Allen,CLE,pa,UNDER,12.5,-105,0.5121951219512195,0.5287265190577216,0.5873378360716834,0.016531397106502088,0.03227558482698023,bovada,Bovada,2026-05-18T00:10:00Z,Detroit Pistons,Cleveland Cavaliers,,,False
2026-05-17,2026-05-17T23:02:03.848180+00:00,4066757,Sam Merrill,CLE,pa,OVER,7.5,-125,0.5555555555555556,0.5730315000757731,0.6349916670110898,0.0174759445202175,0.03145670013639157,draftkings,DraftKings,2026-05-18T00:10:00Z,Detroit Pistons,Cleveland Cavaliers,,,False
2026-05-17,2026-05-17T23:02:03.848180+00:00,4065778,Max Strus,CLE,pa,OVER,11.5,-132,0.5689655172413793,0.5860981523484056,0.6468411313642256,0.01713263510702623,0.0301119041275007,draftkings,DraftKings,2026-05-18T00:10:00Z,Detroit Pistons,Cleveland Cavaliers,,,False
2026-05-17,2026-05-17T23:02:03.848180+00:00,4066757,Sam Merrill,CLE,pa,OVER,7.5,-130,0.5652173913043478,0.580567731959831,0.6349916670110898,0.015350340655483241,0.027158295005854927,bovada,Bovada,2026-05-18T00:10:00Z,Detroit Pistons,Cleveland Cavaliers,,,False
2026-05-17,2026-05-17T23:02:03.848180+00:00,4432158,Evan Mobley,CLE,pa,UNDER,19.5,-145,0.5918367346938775,0.6050731858066019,0.6520024215698972,0.013236451112724312,0.022365038087016953,betmgm,BetMGM,2026-05-18T00:10:00Z,Detroit Pistons,Cleveland Cavaliers,,,False
2026-05-17,2026-05-17T23:02:03.848180+00:00,4066757,Sam Merrill,CLE,pa,OVER,6.5,-190,0.6551724137931034,0.6672810948770522,0.7102118732655982,0.012108681083948802,0.018481671128132315,bovada,Bovada,2026-05-18T00:10:00Z,Detroit Pistons,Cleveland Cavaliers,,,False
2026-05-17,2026-05-17T23:02:03.848180+00:00,6440,Tobias Harris,DET,pa,UNDER,19.5,-128,0.5614035087719298,0.5647324113010452,0.5765348839042728,0.0033289025291154406,0.005929607629986844,draftkings,DraftKings,2026-05-18T00:10:00Z,Detroit Pistons,Cleveland Cavaliers,,,False
2026-05-17,2026-05-17T23:02:03.848180+00:00,4684742,Ausar Thompson,DET,pa,OVER,11.5,-118,0.5412844036697247,0.5443596350036174,0.5552627279146913,0.0030752313338926474,0.005681359582954126,fanduel,FanDuel,2026-05-18T00:10:00Z,Detroit Pistons,Cleveland Cavaliers,,,False
2026-05-17,2026-05-17T23:02:03.848180+00:00,6440,Tobias Harris,DET,pa,UNDER,19.5,-130,0.5652173913043478,0.5677072396763313,0.5765348839042728,0.0024898483719835163,0.0044051163504323365,bovada,Bovada,2026-05-18T00:10:00Z,Detroit Pistons,Cleveland Cavaliers,,,False
2026-05-17,2026-05-17T23:02:03.848180+00:00,4684742,Ausar Thompson,DET,pa,OVER,11.5,-120,0.5454545454545454,0.5476123455957775,0.5552627279146913,0.0021578001412321246,0.003955966925592191,betmgm,BetMGM,2026-05-18T00:10:00Z,Detroit Pistons,Cleveland Cavaliers,,,False
2026-05-17,2026-05-17T23:02:03.848180+00:00,3157465,Duncan Robinson,DET,pr,OVER,11.5,115,0.46511627906976744,0.5643631516546943,0.9162384271830715,0.09924687258492687,0.21338077605759276,bovada,Bovada,2026-05-18T00:10:00Z,Detroit Pistons,Cleveland Cavaliers,,,False
2026-05-17,2026-05-17T23:02:03.848180+00:00,3908809,Donovan Mitchell,CLE,pr,UNDER,29.5,105,0.4878048780487805,0.5699437703984216,0.8611634796380585,0.08213889234964111,0.1683847293167643,bovada,Bovada,2026-05-18T00:10:00Z,Detroit Pistons,Cleveland Cavaliers,,,False
2026-05-17,2026-05-17T23:02:03.848180+00:00,3157465,Duncan Robinson,DET,pr,OVER,10.5,-115,0.5348837209302325,0.6237103771310486,0.9386412491157601,0.08882665620081609,0.16606722681022124,draftkings,DraftKings,2026-05-18T00:10:00Z,Detroit Pistons,Cleveland Cavaliers,,,False
2026-05-17,2026-05-17T23:02:03.848180+00:00,3157465,Duncan Robinson,DET,pr,OVER,10.5,-115,0.5348837209302325,0.6237103771310486,0.9386412491157601,0.08882665620081609,0.16606722681022124,bovada,Bovada,2026-05-18T00:10:00Z,Detroit Pistons,Cleveland Cavaliers,,,False
2026-05-17,2026-05-17T23:02:03.848180+00:00,3908809,Donovan Mitchell,CLE,pr,UNDER,29.5,-105,0.5121951219512195,0.588968160642324,0.8611634796380585,0.07677303869110452,0.1498902183969183,bovada,Bovada,2026-05-18T00:10:00Z,Detroit Pistons,Cleveland Cavaliers,,,False
2026-05-17,2026-05-17T23:02:03.848180+00:00,2991043,Caris LeVert,DET,pr,OVER,9.5,105,0.4878048780487805,0.5591183010448749,0.8119568007583008,0.07131342299609444,0.14619251714199366,bovada,Bovada,2026-05-18T00:10:00Z,Detroit Pistons,Cleveland Cavaliers,,,False
2026-05-17,2026-05-17T23:02:03.848180+00:00,2991043,Caris LeVert,DET,pr,OVER,9.5,104,0.49019607843137253,0.5609834373432967,0.8119568007583008,0.07078735891192417,0.14440621218032523,fanduel,FanDuel,2026-05-18T00:10:00Z,Detroit Pistons,Cleveland Cavaliers,,,False
2026-05-17,2026-05-17T23:02:03.848180+00:00,3908809,Donovan Mitchell,CLE,pr,UNDER,30.5,-120,0.5454545454545454,0.6216731954279962,0.8919029544247763,0.07621864997345074,0.13973419161799294,betmgm,BetMGM,2026-05-18T00:10:00Z,Detroit Pistons,Cleveland Cavaliers,,,False
2026-05-17,2026-05-17T23:02:03.848180+00:00,3908809,Donovan Mitchell,CLE,pr,UNDER,30.5,-125,0.5555555555555556,0.6295519833067842,0.8919029544247763,0.07399642775122861,0.13319356995221154,draftkings,DraftKings,2026-05-18T00:10:00Z,Detroit Pistons,Cleveland Cavaliers,,,False
2026-05-17,2026-05-17T23:02:03.848180+00:00,3908809,Donovan Mitchell,CLE,pr,UNDER,30.5,-125,0.5555555555555556,0.6295519833067842,0.8919029544247763,0.07399642775122861,0.13319356995221154,fanduel,FanDuel,2026-05-18T00:10:00Z,Detroit Pistons,Cleveland Cavaliers,,,False
2026-05-17,2026-05-17T23:02:03.848180+00:00,3908809,Donovan Mitchell,CLE,pr,UNDER,31.5,-135,0.574468085106383,0.6499154133496845,0.9174104862122986,0.07544732824330147,0.13133423805315447,bovada,Bovada,2026-05-18T00:10:00Z,Detroit Pistons,Cleveland Cavaliers,,,False
2026-05-17,2026-05-17T23:02:03.848180+00:00,3157465,Duncan Robinson,DET,pr,OVER,9.5,-160,0.6153846153846154,0.6903340073884767,0.9560636699476215,0.0749493920038613,0.12179276200627465,bovada,Bovada,2026-05-18T00:10:00Z,Detroit Pistons,Cleveland Cavaliers,,,False
2026-05-17,2026-05-17T23:02:03.848180+00:00,4432166,Cade Cunningham,DET,pr,UNDER,31.5,105,0.4878048780487805,0.5466793163710705,0.7554159613319169,0.05887443832229,0.12069259856069448,bovada,Bovada,2026-05-18T00:10:00Z,Detroit Pistons,Cleveland Cavaliers,,,False
2026-05-17,2026-05-17T23:02:03.848180+00:00,2991043,Caris LeVert,DET,pr,OVER,8.5,-133,0.5708154506437768,0.6339238325738886,0.8576717321442852,0.06310838193011181,0.11055829315575977,draftkings,DraftKings,2026-05-18T00:10:00Z,Detroit Pistons,Cleveland Cavaliers,,,False
2026-05-17,2026-05-17T23:02:03.848180+00:00,4432166,Cade Cunningham,DET,pr,UNDER,32.5,-115,0.5348837209302325,0.5929124652646935,0.7986507406323282,0.058028744334461035,0.10848852201660097,draftkings,DraftKings,2026-05-18T00:10:00Z,Detroit Pistons,Cleveland Cavaliers,,,False
2026-05-17,2026-05-17T23:02:03.848180+00:00,4432166,Cade Cunningham,DET,pr,UNDER,32.5,-115,0.5348837209302325,0.5929124652646935,0.7986507406323282,0.058028744334461035,0.10848852201660097,bovada,Bovada,2026-05-18T00:10:00Z,Detroit Pistons,Cleveland Cavaliers,,,False
2026-05-17,2026-05-17T23:02:03.848180+00:00,2991043,Caris LeVert,DET,pr,OVER,8.5,-135,0.574468085106383,0.6367728874547215,0.8576717321442852,0.06230480234833846,0.10845650779155219,bovada,Bovada,2026-05-18T00:10:00Z,Detroit Pistons,Cleveland Cavaliers,,,False
2026-05-17,2026-05-17T23:02:03.848180+00:00,4433621,Jalen Duren,DET,pr,UNDER,19.5,125,0.4444444444444444,0.4915820255648422,0.658706176809889,0.04713758112039779,0.10605955752089491,bovada,Bovada,2026-05-18T00:10:00Z,Detroit Pistons,Cleveland Cavaliers,,,False
2026-05-17,2026-05-17T23:02:03.848180+00:00,4432166,Cade Cunningham,DET,pr,UNDER,32.5,-120,0.5454545454545454,0.6011577083936577,0.7986507406323282,0.05570316293911226,0.10212246538837244,betmgm,BetMGM,2026-05-18T00:10:00Z,Detroit Pistons,Cleveland Cavaliers,,,False
2026-05-17,2026-05-17T23:02:03.848180+00:00,4432166,Cade Cunningham,DET,pr,UNDER,33.5,-135,0.574468085106383,0.6322136053559013,0.8369477226041935,0.05774552024951829,0.10051997969360599,bovada,Bovada,2026-05-18T00:10:00Z,Detroit Pistons,Cleveland Cavaliers,,,False
2026-05-17,2026-05-17T23:02:03.848180+00:00,4433621,Jalen Duren,DET,pr,UNDER,20.5,100,0.5,0.5493459419331194,0.7242997360596335,0.049345941933119364,0.09869188386623873,bovada,Bovada,2026-05-18T00:10:00Z,Detroit Pistons,Cleveland Cavaliers,,,False
2026-05-17,2026-05-17T23:02:03.848180+00:00,4432166,Cade Cunningham,DET,pr,UNDER,32.5,-125,0.5555555555555556,0.6090364962724456,0.7986507406323282,0.053480940716890024,0.09626569329040213,fanduel,FanDuel,2026-05-18T00:10:00Z,Detroit Pistons,Cleveland Cavaliers,,,False
2026-05-17,2026-05-17T23:02:03.848180+00:00,4433621,Jalen Duren,DET,pr,UNDER,21.5,-120,0.5454545454545454,0.5977162058780378,0.7830075473795104,0.05226166042349234,0.0958130441097359,bovada,Bovada,2026-05-18T00:10:00Z,Detroit Pistons,Cleveland Cavaliers,,,False
2026-05-17,2026-05-17T23:02:03.848180+00:00,3912848,Dean Wade,CLE,pr,OVER,7.5,-130,0.5652173913043478,0.6192685499891106,0.8109044762350881,0.054051158684762846,0.09562897305765727,betmgm,BetMGM,2026-05-18T00:10:00Z,Detroit Pistons,Cleveland Cavaliers,,,False
2026-05-17,2026-05-17T23:02:03.848180+00:00,4433621,Jalen Duren,DET,pr,UNDER,21.5,-122,0.5495495495495496,0.6009103090721409,0.7830075473795104,0.05136075952259134,0.09345974273783025,draftkings,DraftKings,2026-05-18T00:10:00Z,Detroit Pistons,Cleveland Cavaliers,,,False
2026-05-17,2026-05-17T23:02:03.848180+00:00,4433621,Jalen Duren,DET,pr,UNDER,20.5,-106,0.5145631067961165,0.5607051652340902,0.7242997360596335,0.0461420584379737,0.08967230224738287,fanduel,FanDuel,2026-05-18T00:10:00Z,Detroit Pistons,Cleveland Cavaliers,,,False
2026-05-17,2026-05-17T23:02:03.848180+00:00,5107199,Daniss Jenkins,DET,pr,OVER,14.5,-106,0.5145631067961165,0.5606579980031855,0.7240853395555209,0.046094891207069,0.08958063762883217,fanduel,FanDuel,2026-05-18T00:10:00Z,Detroit Pistons,Cleveland Cavaliers,,,False
2026-05-17,2026-05-17T23:02:03.848180+00:00,5107199,Daniss Jenkins,DET,pr,OVER,15.5,110,0.47619047619047616,0.5179865838883948,0.6661727839082883,0.04179610769791864,0.08777182616562917,bovada,Bovada,2026-05-18T00:10:00Z,Detroit Pistons,Cleveland Cavaliers,,,False
2026-05-17,2026-05-17T23:02:03.848180+00:00,3032979,Dennis Schroder,CLE,pr,OVER,7.5,105,0.4878048780487805,0.5298715086377613,0.6790168352714209,0.04206663058898086,0.0862365927074108,bovada,Bovada,2026-05-18T00:10:00Z,Detroit Pistons,Cleveland Cavaliers,,,False
2026-05-17,2026-05-17T23:02:03.848180+00:00,4433621,Jalen Duren,DET,pr,UNDER,20.5,-110,0.5238095238095238,0.5679173705045479,0.7242997360596335,0.0441078466950241,0.08420588914504601,betmgm,BetMGM,2026-05-18T00:10:00Z,Detroit Pistons,Cleveland Cavaliers,,,False
2026-05-17,2026-05-17T23:02:03.848180+00:00,3032979,Dennis Schroder,CLE,pr,OVER,7.5,102,0.49504950495049505,0.5355223176210987,0.6790168352714209,0.04047281267060365,0.08175508159461942,draftkings,DraftKings,2026-05-18T00:10:00Z,Detroit Pistons,Cleveland Cavaliers,,,False
2026-05-17,2026-05-17T23:02:03.848180+00:00,4065778,Max Strus,CLE,pr,OVER,14.5,-105,0.5121951219512195,0.5526895825624268,0.696260852002162,0.04049446061120732,0.07906061357426186,betmgm,BetMGM,2026-05-18T00:10:00Z,Detroit Pistons,Cleveland Cavaliers,,,False
2026-05-17,2026-05-17T23:02:03.848180+00:00,2991043,Caris LeVert,DET,pr,OVER,7.5,-200,0.6666666666666666,0.7169455305817575,0.8952069571898069,0.05027886391509084,0.07541829587263621,bovada,Bovada,2026-05-18T00:10:00Z,Detroit Pistons,Cleveland Cavaliers,,,False
2026-05-17,2026-05-17T23:02:03.848180+00:00,3992,James Harden,CLE,pr,UNDER,24.5,-125,0.5555555555555556,0.5962789238652907,0.7406617751452608,0.04072336830973511,0.07330206295752328,betmgm,BetMGM,2026-05-18T00:10:00Z,Detroit Pistons,Cleveland Cavaliers,,,False
2026-05-17,2026-05-17T23:02:03.848180+00:00,3992,James Harden,CLE,pr,UNDER,22.5,110,0.47619047619047616,0.5110192840315786,0.6345032391045782,0.03482880784110243,0.07314049646631504,bovada,Bovada,2026-05-18T00:10:00Z,Detroit Pistons,Cleveland Cavaliers,,,False
2026-05-17,2026-05-17T23:02:03.848180+00:00,5107199,Daniss Jenkins,DET,pr,OVER,14.5,-120,0.5454545454545454,0.5847533201567601,0.7240853395555209,0.039298774702214656,0.0720477536207268,draftkings,DraftKings,2026-05-18T00:10:00Z,Detroit Pistons,Cleveland Cavaliers,,,False
2026-05-17,2026-05-17T23:02:03.848180+00:00,5107199,Daniss Jenkins,DET,pr,OVER,14.5,-120,0.5454545454545454,0.5847533201567601,0.7240853395555209,0.039298774702214656,0.0720477536207268,bovada,Bovada,2026-05-18T00:10:00Z,Detroit Pistons,Cleveland Cavaliers,,,False
2026-05-17,2026-05-17T23:02:03.848180+00:00,4432158,Evan Mobley,CLE,pr,UNDER,23.5,105,0.4878048780487805,0.5220495255072499,0.643462366496369,0.034244647458469446,0.0702015272898624,betmgm,BetMGM,2026-05-18T00:10:00Z,Detroit Pistons,Cleveland Cavaliers,,,False
2026-05-17,2026-05-17T23:02:03.848180+00:00,4066328,Jarrett Allen,CLE,pr,UNDER,19.5,-110,0.5238095238095238,0.5602110891613415,0.6892711844996045,0.03640156535181771,0.06949389748983381,betmgm,BetMGM,2026-05-18T00:10:00Z,Detroit Pistons,Cleveland Cavaliers,,,False
2026-05-17,2026-05-17T23:02:03.848180+00:00,4065778,Max Strus,CLE,pr,OVER,13.5,-135,0.574468085106383,0.6135924134958756,0.7523059414222584,0.039124328389492535,0.0681053123817093,bovada,Bovada,2026-05-18T00:10:00Z,Detroit Pistons,Cleveland Cavaliers,,,False
2026-05-17,2026-05-17T23:02:03.848180+00:00,3992,James Harden,CLE,pr,UNDER,23.5,-112,0.5283018867924528,0.5637780569832477,0.6895572058415205,0.03547617019079485,0.0671513221468617,draftkings,DraftKings,2026-05-18T00:10:00Z,Detroit Pistons,Cleveland Cavaliers,,,False
2026-05-17,2026-05-17T23:02:03.848180+00:00,4066328,Jarrett Allen,CLE,pr,UNDER,18.5,110,0.47619047619047616,0.5079581845637285,0.6205891506143508,0.03176770837325238,0.06671218758383002,bovada,Bovada,2026-05-18T00:10:00Z,Detroit Pistons,Cleveland Cavaliers,,,False
2026-05-17,2026-05-17T23:02:03.848180+00:00,4065778,Max Strus,CLE,pr,OVER,14.5,-115,0.5348837209302325,0.570386689766057,0.696260852002162,0.03550296883582449,0.06637511564958481,fanduel,FanDuel,2026-05-18T00:10:00Z,Detroit Pistons,Cleveland Cavaliers,,,False
2026-05-17,2026-05-17T23:02:03.848180+00:00,5107199,Daniss Jenkins,DET,pr,OVER,15.5,-105,0.5121951219512195,0.5460702075817746,0.6661727839082883,0.03387508563055508,0.06613707194536944,betmgm,BetMGM,2026-05-18T00:10:00Z,Detroit Pistons,Cleveland Cavaliers,,,False
2026-05-17,2026-05-17T23:02:03.848180+00:00,4066328,Jarrett Allen,CLE,pr,UNDER,19.5,-113,0.5305164319248826,0.5654424774913214,0.6892711844996045,0.034926045566438746,0.0658340504924908,draftkings,DraftKings,2026-05-18T00:10:00Z,Detroit Pistons,Cleveland Cavaliers,,,False
2026-05-17,2026-05-17T23:02:03.848180+00:00,3992,James Harden,CLE,pr,UNDER,24.5,-135,0.574468085106383,0.6110306969149362,0.7406617751452608,0.036562611808553136,0.06364602796303703,bovada,Bovada,2026-05-18T00:10:00Z,Detroit Pistons,Cleveland Cavaliers,,,False
2026-05-17,2026-05-17T23:02:03.848180+00:00,3992,James Harden,CLE,pr,UNDER,23.5,-115,0.5348837209302325,0.5689118876107159,0.6895572058415205,0.03402816668048336,0.06361787683742531,bovada,Bovada,2026-05-18T00:10:00Z,Detroit Pistons,Cleveland Cavaliers,,,False
2026-05-17,2026-05-17T23:02:03.848180+00:00,4066328,Jarrett Allen,CLE,pr,UNDER,19.5,-115,0.5348837209302325,0.5688489629154944,0.6892711844996045,0.03396524198526185,0.06350023501592422,fanduel,FanDuel,2026-05-18T00:10:00Z,Detroit Pistons,Cleveland Cavaliers,,,False
2026-05-17,2026-05-17T23:02:03.848180+00:00,4066328,Jarrett Allen,CLE,pr,UNDER,19.5,-115,0.5348837209302325,0.5688489629154944,0.6892711844996045,0.03396524198526185,0.06350023501592422,bovada,Bovada,2026-05-18T00:10:00Z,Detroit Pistons,Cleveland Cavaliers,,,False
2026-05-17,2026-05-17T23:02:03.848180+00:00,4432158,Evan Mobley,CLE,pr,UNDER,24.5,-120,0.5454545454545454,0.5796576157344544,0.7009230467268592,0.03420307027990899,0.06270562884649977,fanduel,FanDuel,2026-05-18T00:10:00Z,Detroit Pistons,Cleveland Cavaliers,,,False
2026-05-17,2026-05-17T23:02:03.848180+00:00,3992,James Harden,CLE,pr,UNDER,23.5,-118,0.5412844036697247,0.5739044201475199,0.6895572058415205,0.03262001647779511,0.060264098238638375,fanduel,FanDuel,2026-05-18T00:10:00Z,Detroit Pistons,Cleveland Cavaliers,,,False
2026-05-17,2026-05-17T23:02:03.848180+00:00,4066328,Jarrett Allen,CLE,pr,UNDER,20.5,-145,0.5918367346938775,0.6270549445181707,0.7519195066224829,0.035218209824293134,0.059506630392771154,bovada,Bovada,2026-05-18T00:10:00Z,Detroit Pistons,Cleveland Cavaliers,,,False
2026-05-17,2026-05-17T23:02:03.848180+00:00,5107199,Daniss Jenkins,DET,pr,OVER,13.5,-160,0.6153846153846154,0.6508462278301943,0.7765737628645193,0.03546161244557888,0.05762512022406574,bovada,Bovada,2026-05-18T00:10:00Z,Detroit Pistons,Cleveland Cavaliers,,,False
2026-05-17,2026-05-17T23:02:03.848180+00:00,4065778,Max Strus,CLE,pr,OVER,14.5,-124,0.5535714285714286,0.5849631017261899,0.696260852002162,0.031391673154761324,0.0567075386021495,draftkings,DraftKings,2026-05-18T00:10:00Z,Detroit Pistons,Cleveland Cavaliers,,,False
2026-05-17,2026-05-17T23:02:03.848180+00:00,4432158,Evan Mobley,CLE,pr,UNDER,23.5,-108,0.5192307692307693,0.5465617206292012,0.643462366496369,0.02733095139843189,0.052637387878461506,draftkings,DraftKings,2026-05-18T00:10:00Z,Detroit Pistons,Cleveland Cavaliers,,,False
2026-05-17,2026-05-17T23:02:03.848180+00:00,4065778,Max Strus,CLE,pr,OVER,12.5,-185,0.6491228070175439,0.682820969239523,0.8022962716629033,0.03369816222197908,0.051913385044670524,bovada,Bovada,2026-05-18T00:10:00Z,Detroit Pistons,Cleveland Cavaliers,,,False
2026-05-17,2026-05-17T23:02:03.848180+00:00,4432158,Evan Mobley,CLE,pr,UNDER,23.5,-110,0.5238095238095238,0.5501331492006297,0.643462366496369,0.026323625391105887,0.050254193928474855,bovada,Bovada,2026-05-18T00:10:00Z,Detroit Pistons,Cleveland Cavaliers,,,False
2026-05-17,2026-05-17T23:02:03.848180+00:00,4432158,Evan Mobley,CLE,pr,UNDER,22.5,110,0.47619047619047616,0.4995878255983104,0.5825420644079045,0.023397349407834223,0.04913443375645188,bovada,Bovada,2026-05-18T00:10:00Z,Detroit Pistons,Cleveland Cavaliers,,,False
2026-05-17,2026-05-17T23:02:03.848180+00:00,4432158,Evan Mobley,CLE,pr,UNDER,24.5,-135,0.574468085106383,0.6022881766628878,0.7009230467268592,0.027820091556504778,0.04842756678354543,bovada,Bovada,2026-05-18T00:10:00Z,Detroit Pistons,Cleveland Cavaliers,,,False
2026-05-17,2026-05-17T23:02:03.848180+00:00,4278562,Paul Reed Jr,DET,pr,UNDER,13.5,-120,0.5454545454545454,0.5686762250848449,0.6510076346831795,0.02322167963029953,0.04257307932221577,bovada,Bovada,2026-05-18T00:10:00Z,Detroit Pistons,Cleveland Cavaliers,,,False
2026-05-17,2026-05-17T23:02:03.848180+00:00,4278562,Paul Reed Jr,DET,pr,UNDER,12.5,110,0.47619047619047616,0.496281002113407,0.5675110485674345,0.020090525922930813,0.04219010443815474,bovada,Bovada,2026-05-18T00:10:00Z,Detroit Pistons,Cleveland Cavaliers,,,False
2026-05-17,2026-05-17T23:02:03.848180+00:00,4278562,Paul Reed Jr,DET,pr,UNDER,11.5,145,0.40816326530612246,0.42415960655130736,0.48087390732969015,0.015996341245184897,0.039191036050702954,bovada,Bovada,2026-05-18T00:10:00Z,Detroit Pistons,Cleveland Cavaliers,,,False
2026-05-17,2026-05-17T23:02:03.848180+00:00,4278562,Paul Reed Jr,DET,pr,UNDER,13.5,-128,0.5614035087719298,0.5811164164724048,0.6510076346831795,0.019712907700474958,0.03511361684147096,draftkings,DraftKings,2026-05-18T00:10:00Z,Detroit Pistons,Cleveland Cavaliers,,,False
2026-05-17,2026-05-17T23:02:03.848180+00:00,4278562,Paul Reed Jr,DET,pr,UNDER,12.5,-104,0.5098039215686274,0.522499489508365,0.5675110485674345,0.012695567939737584,0.024902844804869817,fanduel,FanDuel,2026-05-18T00:10:00Z,Detroit Pistons,Cleveland Cavaliers,,,False
2026-05-17,2026-05-17T23:02:03.848180+00:00,4066757,Sam Merrill,CLE,pr,OVER,8.5,-108,0.5192307692307693,0.5307587917896767,0.5716308717712573,0.011528022558907391,0.022202117520858766,draftkings,DraftKings,2026-05-18T00:10:00Z,Detroit Pistons,Cleveland Cavaliers,,,False
2026-05-17,2026-05-17T23:02:03.848180+00:00,4066757,Sam Merrill,CLE,pr,OVER,8.5,-110,0.5238095238095238,0.5343302203611052,0.5716308717712573,0.010520696551581388,0.02008496614392813,bovada,Bovada,2026-05-18T00:10:00Z,Detroit Pistons,Cleveland Cavaliers,,,False
2026-05-17,2026-05-17T23:02:03.848180+00:00,6440,Tobias Harris,DET,pr,OVER,22.5,-111,0.5260663507109005,0.5343478027442295,0.5637093144987598,0.008281452033329084,0.01574221963092287,fanduel,FanDuel,2026-05-18T00:10:00Z,Detroit Pistons,Cleveland Cavaliers,,,False
2026-05-17,2026-05-17T23:02:03.848180+00:00,4066757,Sam Merrill,CLE,pr,OVER,7.5,-160,0.6153846153846154,0.6232987661773626,0.6513580280789207,0.007914150792747154,0.012860495038214181,bovada,Bovada,2026-05-18T00:10:00Z,Detroit Pistons,Cleveland Cavaliers,,,False
2026-05-17,2026-05-17T23:02:03.848180+00:00,6440,Tobias Harris,DET,pr,OVER,22.5,-120,0.5454545454545454,0.5494705946442726,0.5637093144987598,0.0040160491897272,0.007362756847833163,betmgm,BetMGM,2026-05-18T00:10:00Z,Detroit Pistons,Cleveland Cavaliers,,,False
2026-05-17,2026-05-17T23:02:03.848180+00:00,4066757,Sam Merrill,CLE,pr,OVER,6.5,-240,0.7058823529411765,0.7100655531329877,0.724896899267591,0.004183200191811176,0.0059262002717325735,bovada,Bovada,2026-05-18T00:10:00Z,Detroit Pistons,Cleveland Cavaliers,,,False
2026-05-17,2026-05-17T23:02:03.848180+00:00,6440,Tobias Harris,DET,pr,OVER,21.5,-165,0.6226415094339622,0.6227486556664389,0.6231285377634014,0.00010714623247665145,0.0001720833430685076,bovada,Bovada,2026-05-18T00:10:00Z,Detroit Pistons,Cleveland Cavaliers,,,False
2026-05-17,2026-05-17T23:02:03.848180+00:00,3157465,Duncan Robinson,DET,pra,OVER,13.5,150,0.4,0.504569823941036,0.8975418510916342,0.10456982394103598,0.26142455985259005,bovada,Bovada,2026-05-18T00:10:00Z,Detroit Pistons,Cleveland Cavaliers,,,False
2026-05-17,2026-05-17T23:02:03.848180+00:00,3157465,Duncan Robinson,DET,pra,OVER,12.5,115,0.46511627906976744,0.550965145451509,0.9207975088923439,0.08584886638174155,0.1845750627207443,bovada,Bovada,2026-05-18T00:10:00Z,Detroit Pistons,Cleveland Cavaliers,,,False
2026-05-17,2026-05-17T23:02:03.848180+00:00,3908809,Donovan Mitchell,CLE,pra,UNDER,31.5,130,0.43478260869565216,0.5116420536152946,0.8087620455035466,0.07685944491964242,0.17677672331517758,bovada,Bovada,2026-05-18T00:10:00Z,Detroit Pistons,Cleveland Cavaliers,,,False
2026-05-17,2026-05-17T23:02:03.848180+00:00,4432166,Cade Cunningham,DET,pra,UNDER,38.5,130,0.43478260869565216,0.5093241163519975,0.7955166897132775,0.07454150765634532,0.17144546760959423,bovada,Bovada,2026-05-18T00:10:00Z,Detroit Pistons,Cleveland Cavaliers,,,False
2026-05-17,2026-05-17T23:02:03.848180+00:00,2991043,Caris LeVert,DET,pra,OVER,12.5,140,0.4166666666666667,0.4861220027186255,0.7302209679159551,0.0694553360519588,0.1666928065247011,bovada,Bovada,2026-05-18T00:10:00Z,Detroit Pistons,Cleveland Cavaliers,,,False
2026-05-17,2026-05-17T23:02:03.848180+00:00,4432166,Cade Cunningham,DET,pra,UNDER,39.5,115,0.46511627906976744,0.5345756261265308,0.8271431127496108,0.06945934705676332,0.14933759617204112,bovada,Bovada,2026-05-18T00:10:00Z,Detroit Pistons,Cleveland Cavaliers,,,False
2026-05-17,2026-05-17T23:02:03.848180+00:00,3992,James Harden,CLE,pra,UNDER,28.5,135,0.425531914893617,0.48819991557660913,0.7091666908329032,0.06266800068299211,0.14726980160503156,bovada,Bovada,2026-05-18T00:10:00Z,Detroit Pistons,Cleveland Cavaliers,,,False
2026-05-17,2026-05-17T23:02:03.848180+00:00,3908809,Donovan Mitchell,CLE,pra,UNDER,32.5,110,0.47619047619047616,0.5442570915996057,0.841333040433121,0.0680666154091295,0.14293989235917193,bovada,Bovada,2026-05-18T00:10:00Z,Detroit Pistons,Cleveland Cavaliers,,,False
2026-05-17,2026-05-17T23:02:03.848180+00:00,3157465,Duncan Robinson,DET,pra,OVER,11.5,-110,0.5238095238095238,0.5924442657269978,0.9398175728617562,0.06863474191747398,0.13102996184245042,betonlineag,BetOnline.ag,2026-05-18T00:10:00Z,Detroit Pistons,Cleveland Cavaliers,,,False
2026-05-17,2026-05-17T23:02:03.848180+00:00,3157465,Duncan Robinson,DET,pra,OVER,11.5,-115,0.5348837209302325,0.5996424938554584,0.9398175728617562,0.06475877292522592,0.12107074938194395,bovada,Bovada,2026-05-18T00:10:00Z,Detroit Pistons,Cleveland Cavaliers,,,False
2026-05-17,2026-05-17T23:02:03.848180+00:00,3992,James Harden,CLE,pra,UNDER,29.5,115,0.46511627906976744,0.5212358781773646,0.750915981611519,0.05611959910759717,0.12065713808133383,bovada,Bovada,2026-05-18T00:10:00Z,Detroit Pistons,Cleveland Cavaliers,,,False
2026-05-17,2026-05-17T23:02:03.848180+00:00,4433621,Jalen Duren,DET,pra,UNDER,20.5,155,0.39215686274509803,0.43697796520146315,0.5404343109551397,0.044821102456365114,0.11429381126373106,bovada,Bovada,2026-05-18T00:10:00Z,Detroit Pistons,Cleveland Cavaliers,,,False
2026-05-17,2026-05-17T23:02:03.848180+00:00,4432166,Cade Cunningham,DET,pra,UNDER,40.5,-105,0.5121951219512195,0.5701329644723621,0.8554636297375395,0.057937842521142535,0.11311674016032591,bovada,Bovada,2026-05-18T00:10:00Z,Detroit Pistons,Cleveland Cavaliers,,,False
2026-05-17,2026-05-17T23:02:03.848180+00:00,2991043,Caris LeVert,DET,pra,OVER,11.5,105,0.4878048780487805,0.5407403304611155,0.7780980555966179,0.05293545241233499,0.10851767744528673,bovada,Bovada,2026-05-18T00:10:00Z,Detroit Pistons,Cleveland Cavaliers,,,False
2026-05-17,2026-05-17T23:02:03.848180+00:00,3157465,Duncan Robinson,DET,pra,OVER,11.5,-122,0.5495495495495496,0.6091752824580146,0.9398175728617562,0.05962573290846496,0.10849928447278062,fanduel,FanDuel,2026-05-18T00:10:00Z,Detroit Pistons,Cleveland Cavaliers,,,False
2026-05-17,2026-05-17T23:02:03.848180+00:00,3908809,Donovan Mitchell,CLE,pra,UNDER,33.5,-110,0.5238095238095238,0.5802324351097515,0.8700356836203489,0.056422911300227696,0.10771646702770743,betmgm,BetMGM,2026-05-18T00:10:00Z,Detroit Pistons,Cleveland Cavaliers,,,False
2026-05-17,2026-05-17T23:02:03.848180+00:00,3908809,Donovan Mitchell,CLE,pra,UNDER,33.5,-110,0.5238095238095238,0.5802324351097515,0.8700356836203489,0.056422911300227696,0.10771646702770743,bovada,Bovada,2026-05-18T00:10:00Z,Detroit Pistons,Cleveland Cavaliers,,,False
2026-05-17,2026-05-17T23:02:03.848180+00:00,4432166,Cade Cunningham,DET,pra,UNDER,40.5,-108,0.5192307692307693,0.5747061352040694,0.8554636297375395,0.05547536597330016,0.10684144557820785,fanduel,FanDuel,2026-05-18T00:10:00Z,Detroit Pistons,Cleveland Cavaliers,,,False
2026-05-17,2026-05-17T23:02:03.848180+00:00,3908809,Donovan Mitchell,CLE,pra,UNDER,33.5,-112,0.5283018867924528,0.5831524710486554,0.8700356836203489,0.054850584256202595,0.1038243201992406,betonlineag,BetOnline.ag,2026-05-18T00:10:00Z,Detroit Pistons,Cleveland Cavaliers,,,False
2026-05-17,2026-05-17T23:02:03.848180+00:00,3157465,Duncan Robinson,DET,pra,OVER,11.5,-125,0.5555555555555556,0.6130791863619185,0.9398175728617562,0.05752363080636291,0.10354253545145331,draftkings,DraftKings,2026-05-18T00:10:00Z,Detroit Pistons,Cleveland Cavaliers,,,False
2026-05-17,2026-05-17T23:02:03.848180+00:00,4432166,Cade Cunningham,DET,pra,UNDER,40.5,-110,0.5238095238095238,0.5776823256802599,0.8554636297375395,0.053872801870736065,0.10284807629867798,betmgm,BetMGM,2026-05-18T00:10:00Z,Detroit Pistons,Cleveland Cavaliers,,,False
2026-05-17,2026-05-17T23:02:03.848180+00:00,3908809,Donovan Mitchell,CLE,pra,UNDER,33.5,-113,0.5305164319248826,0.5845919253847347,0.8700356836203489,0.054075493459852075,0.10192991245087168,fanduel,FanDuel,2026-05-18T00:10:00Z,Detroit Pistons,Cleveland Cavaliers,,,False
2026-05-17,2026-05-17T23:02:03.848180+00:00,4432166,Cade Cunningham,DET,pra,UNDER,40.5,-111,0.5260663507109005,0.5791492631661547,0.8554636297375395,0.053082912455254205,0.10090535610863638,betonlineag,BetOnline.ag,2026-05-18T00:10:00Z,Detroit Pistons,Cleveland Cavaliers,,,False
2026-05-17,2026-05-17T23:02:03.848180+00:00,4278562,Paul Reed Jr,DET,pra,UNDER,11.5,180,0.35714285714285715,0.3924000719680236,0.4157555132866655,0.03525721482516647,0.09872020151046612,bovada,Bovada,2026-05-18T00:10:00Z,Detroit Pistons,Cleveland Cavaliers,,,False
2026-05-17,2026-05-17T23:02:03.848180+00:00,3908809,Donovan Mitchell,CLE,pra,UNDER,33.5,-116,0.5370370370370371,0.5888303187076351,0.8700356836203489,0.051793281670598046,0.09644266242111366,draftkings,DraftKings,2026-05-18T00:10:00Z,Detroit Pistons,Cleveland Cavaliers,,,False
2026-05-17,2026-05-17T23:02:03.848180+00:00,4432166,Cade Cunningham,DET,pra,UNDER,40.5,-115,0.5348837209302325,0.5848805538087205,0.8554636297375395,0.049996832878487996,0.09347233972934699,fanatics,Fanatics,2026-05-18T00:10:00Z,Detroit Pistons,Cleveland Cavaliers,,,False
2026-05-17,2026-05-17T23:02:03.848180+00:00,4432166,Cade Cunningham,DET,pra,UNDER,41.5,-120,0.5454545454545454,0.5961291233428994,0.8804781074139705,0.050674577888353944,0.09290339279531551,bovada,Bovada,2026-05-18T00:10:00Z,Detroit Pistons,Cleveland Cavaliers,,,False
2026-05-17,2026-05-17T23:02:03.848180+00:00,5107199,Daniss Jenkins,DET,pra,OVER,19.5,125,0.4444444444444444,0.48499920738464847,0.6206303914043405,0.04055476294020405,0.09124821661545912,bovada,Bovada,2026-05-18T00:10:00Z,Detroit Pistons,Cleveland Cavaliers,,,False
2026-05-17,2026-05-17T23:02:03.848180+00:00,2991043,Caris LeVert,DET,pra,OVER,10.5,-110,0.5238095238095238,0.5716011511676907,0.8207140610942871,0.04779162735816689,0.09123856132013686,betmgm,BetMGM,2026-05-18T00:10:00Z,Detroit Pistons,Cleveland Cavaliers,,,False
2026-05-17,2026-05-17T23:02:03.848180+00:00,4432166,Cade Cunningham,DET,pra,UNDER,41.5,-122,0.5495495495495496,0.5987908760046521,0.8804781074139705,0.049241326455102485,0.08960306945108826,draftkings,DraftKings,2026-05-18T00:10:00Z,Detroit Pistons,Cleveland Cavaliers,,,False
2026-05-17,2026-05-17T23:02:03.848180+00:00,3032979,Dennis Schroder,CLE,pra,OVER,11.5,145,0.40816326530612246,0.44370947567428715,0.5194477327160432,0.03554621036816469,0.08708821540200351,bovada,Bovada,2026-05-18T00:10:00Z,Detroit Pistons,Cleveland Cavaliers,,,False
2026-05-17,2026-05-17T23:02:03.848180+00:00,4432810,Isaiah Stewart II,DET,pra,OVER,3.5,100,0.5,0.5426471014094361,0.7436977223396348,0.04264710140943606,0.08529420281887212,betmgm,BetMGM,2026-05-18T00:10:00Z,Detroit Pistons,Cleveland Cavaliers,,,False
2026-05-17,2026-05-17T23:02:03.848180+00:00,3992,James Harden,CLE,pra,UNDER,29.5,-102,0.504950495049505,0.5471281185641941,0.750915981611519,0.04217762351468912,0.08352823480360005,fanduel,FanDuel,2026-05-18T00:10:00Z,Detroit Pistons,Cleveland Cavaliers,,,False
2026-05-17,2026-05-17T23:02:03.848180+00:00,4066328,Jarrett Allen,CLE,pra,UNDER,18.5,150,0.4,0.4332491879290599,0.48999535959462803,0.0332491879290599,0.08312296982264977,bovada,Bovada,2026-05-18T00:10:00Z,Detroit Pistons,Cleveland Cavaliers,,,False
2026-05-17,2026-05-17T23:02:03.848180+00:00,4433621,Jalen Duren,DET,pra,UNDER,21.5,125,0.4444444444444444,0.4813087964995605,0.5995423292038381,0.03686435205511607,0.08294479212401107,bovada,Bovada,2026-05-18T00:10:00Z,Detroit Pistons,Cleveland Cavaliers,,,False
2026-05-17,2026-05-17T23:02:03.848180+00:00,3908809,Donovan Mitchell,CLE,pra,UNDER,34.5,-130,0.5652173913043478,0.6115036555562867,0.894927721191204,0.046286264251938936,0.08189108290727654,bovada,Bovada,2026-05-18T00:10:00Z,Detroit Pistons,Cleveland Cavaliers,,,False
2026-05-17,2026-05-17T23:02:03.848180+00:00,3992,James Harden,CLE,pra,UNDER,30.5,-111,0.5260663507109005,0.5675606887516972,0.7892432045120675,0.04149433804079672,0.07887662456403699,betonlineag,BetOnline.ag,2026-05-18T00:10:00Z,Detroit Pistons,Cleveland Cavaliers,,,False
2026-05-17,2026-05-17T23:02:03.848180+00:00,4432166,Cade Cunningham,DET,pra,UNDER,42.5,-135,0.574468085106383,0.6188017326910195,0.9022712992678312,0.044333647584636426,0.07717338653621902,bovada,Bovada,2026-05-18T00:10:00Z,Detroit Pistons,Cleveland Cavaliers,,,False
2026-05-17,2026-05-17T23:02:03.848180+00:00,3157465,Duncan Robinson,DET,pra,OVER,11.5,-145,0.5918367346938775,0.6366619528018277,0.9398175728617562,0.04482521810795015,0.0757391616306744,betmgm,BetMGM,2026-05-18T00:10:00Z,Detroit Pistons,Cleveland Cavaliers,,,False
2026-05-17,2026-05-17T23:02:03.848180+00:00,4432158,Evan Mobley,CLE,pra,UNDER,25.5,130,0.43478260869565216,0.4671232969020695,0.5543691499994033,0.032340688206417334,0.07438358287475988,bovada,Bovada,2026-05-18T00:10:00Z,Detroit Pistons,Cleveland Cavaliers,,,False
2026-05-17,2026-05-17T23:02:03.848180+00:00,3992,James Harden,CLE,pra,UNDER,30.5,-115,0.5348837209302325,0.573291979394263,0.7892432045120675,0.03840825846403051,0.07180674408492649,bovada,Bovada,2026-05-18T00:10:00Z,Detroit Pistons,Cleveland Cavaliers,,,False
2026-05-17,2026-05-17T23:02:03.848180+00:00,2991043,Caris LeVert,DET,pra,OVER,10.5,-123,0.5515695067264574,0.5896451400636976,0.8207140610942871,0.03807563333724018,0.06903143279841112,betonlineag,BetOnline.ag,2026-05-18T00:10:00Z,Detroit Pistons,Cleveland Cavaliers,,,False
2026-05-17,2026-05-17T23:02:03.848180+00:00,3992,James Harden,CLE,pra,UNDER,31.5,-125,0.5555555555555556,0.5927886595865839,0.8238717055741303,0.03723310403102831,0.067019587255851,bovada,Bovada,2026-05-18T00:10:00Z,Detroit Pistons,Cleveland Cavaliers,,,False
2026-05-17,2026-05-17T23:02:03.848180+00:00,3992,James Harden,CLE,pra,UNDER,30.5,-118,0.5412844036697247,0.577452423174933,0.7892432045120675,0.036168019505208204,0.06681888349267273,betmgm,BetMGM,2026-05-18T00:10:00Z,Detroit Pistons,Cleveland Cavaliers,,,False
2026-05-17,2026-05-17T23:02:03.848180+00:00,2991043,Caris LeVert,DET,pra,OVER,10.5,-125,0.5555555555555556,0.5922360718026114,0.8207140610942871,0.03668051624705582,0.06602492924470055,bovada,Bovada,2026-05-18T00:10:00Z,Detroit Pistons,Cleveland Cavaliers,,,False
2026-05-17,2026-05-17T23:02:03.848180+00:00,2991043,Caris LeVert,DET,pra,OVER,10.5,-126,0.5575221238938053,0.5935143412224737,0.8207140610942871,0.03599221732866842,0.06455746917681787,draftkings,DraftKings,2026-05-18T00:10:00Z,Detroit Pistons,Cleveland Cavaliers,,,False
2026-05-17,2026-05-17T23:02:03.848180+00:00,4066757,Sam Merrill,CLE,pra,OVER,11.5,155,0.39215686274509803,0.41731678866596017,0.4280847307522654,0.025159925920862136,0.0641578110981984,bovada,Bovada,2026-05-18T00:10:00Z,Detroit Pistons,Cleveland Cavaliers,,,False
2026-05-17,2026-05-17T23:02:03.848180+00:00,3157465,Duncan Robinson,DET,pra,OVER,10.5,-160,0.6153846153846154,0.654635510069546,0.9550600575402629,0.03925089468493059,0.06378270386301227,bovada,Bovada,2026-05-18T00:10:00Z,Detroit Pistons,Cleveland Cavaliers,,,False
2026-05-17,2026-05-17T23:02:03.848180+00:00,3908809,Donovan Mitchell,CLE,pra,UNDER,35.5,-150,0.6,0.6378301401030368,0.9161722291602108,0.03783014010303687,0.06305023350506139,bovada,Bovada,2026-05-18T00:10:00Z,Detroit Pistons,Cleveland Cavaliers,,,False
2026-05-17,2026-05-17T23:02:03.848180+00:00,3912848,Dean Wade,CLE,pra,OVER,8.5,-115,0.5348837209302325,0.5676588706887709,0.7570540119092557,0.03277514975853835,0.06127527998335419,betmgm,BetMGM,2026-05-18T00:10:00Z,Detroit Pistons,Cleveland Cavaliers,,,False
2026-05-17,2026-05-17T23:02:03.848180+00:00,3992,James Harden,CLE,pra,UNDER,30.5,-122,0.5495495495495496,0.582824767996819,0.7892432045120675,0.03327521844726944,0.06054998766634284,draftkings,DraftKings,2026-05-18T00:10:00Z,Detroit Pistons,Cleveland Cavaliers,,,False
2026-05-17,2026-05-17T23:02:03.848180+00:00,5107199,Daniss Jenkins,DET,pra,OVER,17.5,-108,0.5192307692307693,0.5503539981501068,0.7163085608577529,0.031123228919337498,0.059941033474279704,fanduel,FanDuel,2026-05-18T00:10:00Z,Detroit Pistons,Cleveland Cavaliers,,,False
2026-05-17,2026-05-17T23:02:03.848180+00:00,5107199,Daniss Jenkins,DET,pra,OVER,18.5,100,0.5,0.5297253019692629,0.669858868395788,0.02972530196926293,0.05945060393852586,bovada,Bovada,2026-05-18T00:10:00Z,Detroit Pistons,Cleveland Cavaliers,,,False
2026-05-17,2026-05-17T23:02:03.848180+00:00,4065778,Max Strus,CLE,pra,OVER,16.5,100,0.5,0.52917757440784,0.6667289966162282,0.029177574407839968,0.058355148815679936,betmgm,BetMGM,2026-05-18T00:10:00Z,Detroit Pistons,Cleveland Cavaliers,,,False
2026-05-17,2026-05-17T23:02:03.848180+00:00,4278562,Paul Reed Jr,DET,pra,UNDER,12.5,135,0.425531914893617,0.44930896795808895,0.4869327044413593,0.02377705306447192,0.055876074701509015,bovada,Bovada,2026-05-18T00:10:00Z,Detroit Pistons,Cleveland Cavaliers,,,False
2026-05-17,2026-05-17T23:02:03.848180+00:00,4432107,Marcus Sasser,DET,pra,OVER,4.5,-105,0.5121951219512195,0.540688701666076,0.6872106994159046,0.028493579714856443,0.055630322300433965,betmgm,BetMGM,2026-05-18T00:10:00Z,Detroit Pistons,Cleveland Cavaliers,,,False
2026-05-17,2026-05-17T23:02:03.848180+00:00,4433621,Jalen Duren,DET,pra,UNDER,22.5,100,0.5,0.5273789983255414,0.6564514190030936,0.02737899832554136,0.05475799665108272,bovada,Bovada,2026-05-18T00:10:00Z,Detroit Pistons,Cleveland Cavaliers,,,False
2026-05-17,2026-05-17T23:02:03.848180+00:00,4066328,Jarrett Allen,CLE,pra,UNDER,19.5,120,0.45454545454545453,0.47935607347372183,0.5508658743952937,0.024810618928267303,0.05458336164218802,bovada,Bovada,2026-05-18T00:10:00Z,Detroit Pistons,Cleveland Cavaliers,,,False
2026-05-17,2026-05-17T23:02:03.848180+00:00,3032979,Dennis Schroder,CLE,pra,OVER,10.5,110,0.47619047619047616,0.5010700703696458,0.5945500619762074,0.02487959417916963,0.052247147776256164,bovada,Bovada,2026-05-18T00:10:00Z,Detroit Pistons,Cleveland Cavaliers,,,False
2026-05-17,2026-05-17T23:02:03.848180+00:00,5107199,Daniss Jenkins,DET,pra,OVER,17.5,-114,0.5327102803738317,0.5591156803930973,0.7163085608577529,0.026405400019265612,0.04956803161511253,betonlineag,BetOnline.ag,2026-05-18T00:10:00Z,Detroit Pistons,Cleveland Cavaliers,,,False
2026-05-17,2026-05-17T23:02:03.848180+00:00,3032979,Dennis Schroder,CLE,pra,OVER,9.5,-105,0.5121951219512195,0.5370321411976341,0.6663160681676652,0.02483701924641457,0.04849132329061889,betmgm,BetMGM,2026-05-18T00:10:00Z,Detroit Pistons,Cleveland Cavaliers,,,False
2026-05-17,2026-05-17T23:02:03.848180+00:00,4432158,Evan Mobley,CLE,pra,UNDER,26.5,105,0.4878048780487805,0.5106067796188876,0.6059063364981732,0.022801901570107086,0.04674389821871949,bovada,Bovada,2026-05-18T00:10:00Z,Detroit Pistons,Cleveland Cavaliers,,,False
2026-05-17,2026-05-17T23:02:03.848180+00:00,3992,James Harden,CLE,pra,UNDER,32.5,-150,0.6,0.6270660265531716,0.854663008875266,0.027066026553171585,0.04511004425528592,bovada,Bovada,2026-05-18T00:10:00Z,Detroit Pistons,Cleveland Cavaliers,,,False
2026-05-17,2026-05-17T23:02:03.848180+00:00,5107199,Daniss Jenkins,DET,pra,OVER,18.5,-110,0.5238095238095238,0.5452014924454534,0.669858868395788,0.021391968635929515,0.04083921285041092,betmgm,BetMGM,2026-05-18T00:10:00Z,Detroit Pistons,Cleveland Cavaliers,,,False
2026-05-17,2026-05-17T23:02:03.848180+00:00,3032979,Dennis Schroder,CLE,pra,OVER,9.5,-110,0.5238095238095238,0.5445815024055319,0.6663160681676652,0.0207719785960081,0.03965559550147002,betonlineag,BetOnline.ag,2026-05-18T00:10:00Z,Detroit Pistons,Cleveland Cavaliers,,,False
2026-05-17,2026-05-17T23:02:03.848180+00:00,4065778,Max Strus,CLE,pra,OVER,16.5,-111,0.5260663507109005,0.5461207023699253,0.6667289966162282,0.020054351659024805,0.03812133513562371,fanduel,FanDuel,2026-05-18T00:10:00Z,Detroit Pistons,Cleveland Cavaliers,,,False
2026-05-17,2026-05-17T23:02:03.848180+00:00,4433621,Jalen Duren,DET,pra,UNDER,22.5,-110,0.5238095238095238,0.5428551888017319,0.6564514190030936,0.019045664992208056,0.036359905894215394,betmgm,BetMGM,2026-05-18T00:10:00Z,Detroit Pistons,Cleveland Cavaliers,,,False
2026-05-17,2026-05-17T23:02:03.848180+00:00,4066757,Sam Merrill,CLE,pra,UNDER,7.5,175,0.36363636363636365,0.37655388020150027,0.3010871076449364,0.012917516565136622,0.03552317055412568,bovada,Bovada,2026-05-18T00:10:00Z,Detroit Pistons,Cleveland Cavaliers,,,False
2026-05-17,2026-05-17T23:02:03.848180+00:00,4433621,Jalen Duren,DET,pra,UNDER,22.5,-111,0.5260663507109005,0.5443221262876267,0.6564514190030936,0.018255775576726196,0.034702420240443455,fanduel,FanDuel,2026-05-18T00:10:00Z,Detroit Pistons,Cleveland Cavaliers,,,False
2026-05-17,2026-05-17T23:02:03.848180+00:00,5107199,Daniss Jenkins,DET,pra,OVER,17.5,-125,0.5555555555555556,0.5739651092612179,0.7163085608577529,0.01840955370566233,0.03313719667019227,bovada,Bovada,2026-05-18T00:10:00Z,Detroit Pistons,Cleveland Cavaliers,,,False
2026-05-17,2026-05-17T23:02:03.848180+00:00,4432158,Evan Mobley,CLE,pra,UNDER,28.5,-122,0.5495495495495496,0.5677038329845209,0.7028378615846496,0.018154283434971275,0.03303484362757081,fanduel,FanDuel,2026-05-18T00:10:00Z,Detroit Pistons,Cleveland Cavaliers,,,False
2026-05-17,2026-05-17T23:02:03.848180+00:00,4432158,Evan Mobley,CLE,pra,UNDER,27.5,-112,0.5283018867924528,0.5456351553361167,0.655651022405842,0.017333268543663904,0.03280940117193526,draftkings,DraftKings,2026-05-18T00:10:00Z,Detroit Pistons,Cleveland Cavaliers,,,False
2026-05-17,2026-05-17T23:02:03.848180+00:00,4433621,Jalen Duren,DET,pra,UNDER,23.5,-124,0.5535714285714286,0.5715742863714974,0.7100163302861073,0.018002857800068828,0.032521291509801764,draftkings,DraftKings,2026-05-18T00:10:00Z,Detroit Pistons,Cleveland Cavaliers,,,False
2026-05-17,2026-05-17T23:02:03.848180+00:00,4066328,Jarrett Allen,CLE,pra,UNDER,20.5,-104,0.5098039215686274,0.5257205517693382,0.610560015712745,0.01591663020071077,0.03122108231677878,fanduel,FanDuel,2026-05-18T00:10:00Z,Detroit Pistons,Cleveland Cavaliers,,,False
2026-05-17,2026-05-17T23:02:03.848180+00:00,4433621,Jalen Duren,DET,pra,UNDER,23.5,-125,0.5555555555555556,0.5728639689111799,0.7100163302861073,0.017308413355624275,0.03115514404012376,bovada,Bovada,2026-05-18T00:10:00Z,Detroit Pistons,Cleveland Cavaliers,,,False
2026-05-17,2026-05-17T23:02:03.848180+00:00,4065778,Max Strus,CLE,pra,OVER,17.5,-105,0.5121951219512195,0.5280439335401087,0.6149548815532342,0.015848811588889178,0.030942917864021702,draftkings,DraftKings,2026-05-18T00:10:00Z,Detroit Pistons,Cleveland Cavaliers,,,False
2026-05-17,2026-05-17T23:02:03.848180+00:00,4065778,Max Strus,CLE,pra,OVER,15.5,-127,0.5594713656387665,0.5763698190546805,0.7155053222256134,0.016898453415914005,0.03020432224734243,betonlineag,BetOnline.ag,2026-05-18T00:10:00Z,Detroit Pistons,Cleveland Cavaliers,,,False
2026-05-17,2026-05-17T23:02:03.848180+00:00,4433621,Jalen Duren,DET,pra,UNDER,22.5,-114,0.5327102803738317,0.548640680568532,0.6564514190030936,0.015930400194700267,0.029904435453209144,betonlineag,BetOnline.ag,2026-05-18T00:10:00Z,Detroit Pistons,Cleveland Cavaliers,,,False
2026-05-17,2026-05-17T23:02:03.848180+00:00,4278562,Paul Reed Jr,DET,pra,UNDER,13.5,105,0.4878048780487805,0.5023158890465086,0.5585298189417215,0.014511010997728113,0.02974757254534266,betmgm,BetMGM,2026-05-18T00:10:00Z,Detroit Pistons,Cleveland Cavaliers,,,False
2026-05-17,2026-05-17T23:02:03.848180+00:00,4278562,Paul Reed Jr,DET,pra,UNDER,13.5,105,0.4878048780487805,0.5023158890465086,0.5585298189417215,0.014511010997728113,0.02974757254534266,bovada,Bovada,2026-05-18T00:10:00Z,Detroit Pistons,Cleveland Cavaliers,,,False
2026-05-17,2026-05-17T23:02:03.848180+00:00,4066328,Jarrett Allen,CLE,pra,UNDER,20.5,-105,0.5121951219512195,0.527274832018023,0.610560015712745,0.015079710066803531,0.029441338701854503,draftkings,DraftKings,2026-05-18T00:10:00Z,Detroit Pistons,Cleveland Cavaliers,,,False
2026-05-17,2026-05-17T23:02:03.848180+00:00,4066328,Jarrett Allen,CLE,pra,UNDER,20.5,-105,0.5121951219512195,0.527274832018023,0.610560015712745,0.015079710066803531,0.029441338701854503,betonlineag,BetOnline.ag,2026-05-18T00:10:00Z,Detroit Pistons,Cleveland Cavaliers,,,False
2026-05-17,2026-05-17T23:02:03.848180+00:00,4066328,Jarrett Allen,CLE,pra,UNDER,20.5,-105,0.5121951219512195,0.527274832018023,0.610560015712745,0.015079710066803531,0.029441338701854503,betmgm,BetMGM,2026-05-18T00:10:00Z,Detroit Pistons,Cleveland Cavaliers,,,False
2026-05-17,2026-05-17T23:02:03.848180+00:00,4066328,Jarrett Allen,CLE,pra,UNDER,20.5,-105,0.5121951219512195,0.527274832018023,0.610560015712745,0.015079710066803531,0.029441338701854503,bovada,Bovada,2026-05-18T00:10:00Z,Detroit Pistons,Cleveland Cavaliers,,,False
2026-05-17,2026-05-17T23:02:03.848180+00:00,4684742,Ausar Thompson,DET,pra,UNDER,16.5,165,0.37735849056603776,0.38839855668172235,0.31780307322170176,0.011040066115684588,0.029256175206564095,bovada,Bovada,2026-05-18T00:10:00Z,Detroit Pistons,Cleveland Cavaliers,,,False
2026-05-17,2026-05-17T23:02:03.848180+00:00,4432158,Evan Mobley,CLE,pra,UNDER,27.5,-115,0.5348837209302325,0.5499133475256734,0.655651022405842,0.015029626595440937,0.028098867113215575,bovada,Bovada,2026-05-18T00:10:00Z,Detroit Pistons,Cleveland Cavaliers,,,False
2026-05-17,2026-05-17T23:02:03.848180+00:00,5107199,Daniss Jenkins,DET,pra,OVER,17.5,-129,0.5633187772925764,0.5790112033902814,0.7163085608577529,0.015692426097705048,0.02785709749127485,draftkings,DraftKings,2026-05-18T00:10:00Z,Detroit Pistons,Cleveland Cavaliers,,,False
2026-05-17,2026-05-17T23:02:03.848180+00:00,2991043,Caris LeVert,DET,pra,OVER,9.5,-170,0.6296296296296297,0.646870581983425,0.8577789869952324,0.017240952353795302,0.027382689032498464,bovada,Bovada,2026-05-18T00:10:00Z,Detroit Pistons,Cleveland Cavaliers,,,False
2026-05-17,2026-05-17T23:02:03.848180+00:00,3032979,Dennis Schroder,CLE,pra,OVER,9.5,-118,0.5412844036697247,0.5559401743146625,0.6663160681676652,0.014655770644937727,0.02707591525929165,draftkings,DraftKings,2026-05-18T00:10:00Z,Detroit Pistons,Cleveland Cavaliers,,,False
2026-05-17,2026-05-17T23:02:03.848180+00:00,3157465,Duncan Robinson,DET,pra,OVER,9.5,-215,0.6825396825396826,0.7003808890803359,0.9670291167402412,0.017841206540653354,0.02613944214095726,bovada,Bovada,2026-05-18T00:10:00Z,Detroit Pistons,Cleveland Cavaliers,,,False
2026-05-17,2026-05-17T23:02:03.848180+00:00,4066757,Sam Merrill,CLE,pra,OVER,10.5,115,0.46511627906976744,0.47693320798990047,0.49775786625458074,0.01181692892013303,0.025406397178285967,bovada,Bovada,2026-05-18T00:10:00Z,Detroit Pistons,Cleveland Cavaliers,,,False
2026-05-17,2026-05-17T23:02:03.848180+00:00,4432158,Evan Mobley,CLE,pra,UNDER,27.5,-120,0.5454545454545454,0.5567843834664769,0.655651022405842,0.011329838011931437,0.02077136968854093,betmgm,BetMGM,2026-05-18T00:10:00Z,Detroit Pistons,Cleveland Cavaliers,,,False
2026-05-17,2026-05-17T23:02:03.848180+00:00,4066757,Sam Merrill,CLE,pra,OVER,9.5,-102,0.504950495049505,0.5150302574717952,0.5674996325120969,0.01007976242229025,0.01996188244414343,fanduel,FanDuel,2026-05-18T00:10:00Z,Detroit Pistons,Cleveland Cavaliers,,,False
2026-05-17,2026-05-17T23:02:03.848180+00:00,3032979,Dennis Schroder,CLE,pra,OVER,9.5,-125,0.5555555555555556,0.5652164230404525,0.6663160681676652,0.009660867484896918,0.017389561472814508,bovada,Bovada,2026-05-18T00:10:00Z,Detroit Pistons,Cleveland Cavaliers,,,False
2026-05-17,2026-05-17T23:02:03.848180+00:00,4433621,Jalen Duren,DET,pra,UNDER,24.5,-150,0.6,0.61037829588387,0.7593045479078292,0.01037829588387007,0.01729715980645008,bovada,Bovada,2026-05-18T00:10:00Z,Detroit Pistons,Cleveland Cavaliers,,,False
2026-05-17,2026-05-17T23:02:03.848180+00:00,4432158,Evan Mobley,CLE,pra,UNDER,28.5,-135,0.574468085106383,0.5839008810964627,0.7028378615846496,0.009432795990079623,0.01642005227902754,bovada,Bovada,2026-05-18T00:10:00Z,Detroit Pistons,Cleveland Cavaliers,,,False
2026-05-17,2026-05-17T23:02:03.848180+00:00,4066757,Sam Merrill,CLE,pra,OVER,8.5,-120,0.5454545454545454,0.5532045659719306,0.635194922437006,0.007750020517385159,0.014208370948539384,betmgm,BetMGM,2026-05-18T00:10:00Z,Detroit Pistons,Cleveland Cavaliers,,,False
2026-05-17,2026-05-17T23:02:03.848180+00:00,4432158,Evan Mobley,CLE,pra,UNDER,27.5,-125,0.5555555555555556,0.5633500400321335,0.655651022405842,0.007794484476577934,0.014030072057840348,betonlineag,BetOnline.ag,2026-05-18T00:10:00Z,Detroit Pistons,Cleveland Cavaliers,,,False
2026-05-17,2026-05-17T23:02:03.848180+00:00,4066328,Jarrett Allen,CLE,pra,UNDER,21.5,-130,0.5652173913043478,0.5717475568607632,0.6677500143596404,0.00653016555641539,0.011553369830581028,bovada,Bovada,2026-05-18T00:10:00Z,Detroit Pistons,Cleveland Cavaliers,,,False
2026-05-17,2026-05-17T23:02:03.848180+00:00,6440,Tobias Harris,DET,pra,OVER,24.5,-108,0.5192307692307693,0.52455348854347,0.5688770773912568,0.0053227193127006744,0.010251163120756912,fanduel,FanDuel,2026-05-18T00:10:00Z,Detroit Pistons,Cleveland Cavaliers,,,False
2026-05-17,2026-05-17T23:02:03.848180+00:00,6440,Tobias Harris,DET,pra,OVER,27.5,125,0.4444444444444444,0.44879756287878425,0.4137638513708308,0.004353118434339831,0.009794516477264592,bovada,Bovada,2026-05-18T00:10:00Z,Detroit Pistons,Cleveland Cavaliers,,,False
2026-05-17,2026-05-17T23:02:03.848180+00:00,5107199,Daniss Jenkins,DET,pra,OVER,16.5,-160,0.6153846153846154,0.6203907962380564,0.7593759785031788,0.005006180853440956,0.008135043886841609,bovada,Bovada,2026-05-18T00:10:00Z,Detroit Pistons,Cleveland Cavaliers,,,False
2026-05-17,2026-05-17T23:02:03.848180+00:00,4278562,Paul Reed Jr,DET,pra,UNDER,14.5,-124,0.5535714285714286,0.5572667836090907,0.6282591716437833,0.0036953550376620514,0.0066754800680347,draftkings,DraftKings,2026-05-18T00:10:00Z,Detroit Pistons,Cleveland Cavaliers,,,False
2026-05-17,2026-05-17T23:02:03.848180+00:00,4278562,Paul Reed Jr,DET,pra,UNDER,14.5,-125,0.5555555555555556,0.5585564661487732,0.6282591716437833,0.0030009105932176094,0.005401639067791786,betonlineag,BetOnline.ag,2026-05-18T00:10:00Z,Detroit Pistons,Cleveland Cavaliers,,,False
2026-05-17,2026-05-17T23:02:03.848180+00:00,4278562,Paul Reed Jr,DET,pra,UNDER,14.5,-125,0.5555555555555556,0.5585564661487732,0.6282591716437833,0.0030009105932176094,0.005401639067791786,bovada,Bovada,2026-05-18T00:10:00Z,Detroit Pistons,Cleveland Cavaliers,,,False
2026-05-17,2026-05-17T23:02:03.848180+00:00,4066757,Sam Merrill,CLE,pra,OVER,9.5,-111,0.5260663507109005,0.5287555636517023,0.5674996325120969,0.0026892129408018217,0.0051119273018845335,draftkings,DraftKings,2026-05-18T00:10:00Z,Detroit Pistons,Cleveland Cavaliers,,,False
2026-05-17,2026-05-17T23:02:03.848180+00:00,6440,Tobias Harris,DET,pra,UNDER,23.5,130,0.43478260869565216,0.4367087744826162,0.3805718790310989,0.0019261657869640292,0.004430181310017156,bovada,Bovada,2026-05-18T00:10:00Z,Detroit Pistons,Cleveland Cavaliers,,,False
2026-05-17,2026-05-17T23:02:03.848180+00:00,3032979,Dennis Schroder,CLE,pra,UNDER,7.5,185,0.3508771929824561,0.3521017828542988,0.20875204237544165,0.0012245898718426518,0.003490081134751466,bovada,Bovada,2026-05-18T00:10:00Z,Detroit Pistons,Cleveland Cavaliers,,,False
2026-05-17,2026-05-17T23:02:03.848180+00:00,4684742,Ausar Thompson,DET,pra,UNDER,17.5,130,0.43478260869565216,0.43600013380981617,0.3765225037579558,0.0012175251141640087,0.0028003077625772255,bovada,Bovada,2026-05-18T00:10:00Z,Detroit Pistons,Cleveland Cavaliers,,,False
2026-05-17,2026-05-17T23:02:03.848180+00:00,4684742,Ausar Thompson,DET,pra,OVER,20.5,115,0.46511627906976744,0.46599281066399983,0.4352413101065771,0.0008765315942323992,0.0018845429275996528,bovada,Bovada,2026-05-18T00:10:00Z,Detroit Pistons,Cleveland Cavaliers,,,False
2026-05-17,2026-05-17T23:02:03.848180+00:00,4432158,Evan Mobley,CLE,pra,UNDER,29.5,-165,0.6226415094339622,0.6229116743713324,0.7468268185100398,0.00027016493737019864,0.0004339012630490968,bovada,Bovada,2026-05-18T00:10:00Z,Detroit Pistons,Cleveland Cavaliers,,,False
2026-05-17,2026-05-17T23:02:03.848180+00:00,3908809,Donovan Mitchell,CLE,pts,UNDER,21.5,200,0.3333333333333333,0.6186350986862572,0.7636335526361271,0.2853017653529239,0.8559052960587716,bovada,Bovada,2026-05-18T00:10:00Z,Detroit Pistons,Cleveland Cavaliers,,,False
2026-05-17,2026-05-17T23:02:03.848180+00:00,3157465,Duncan Robinson,DET,pts,OVER,10.5,185,0.3508771929824561,0.6378636678110341,0.8063637062467425,0.286986474828578,0.8179114532614473,bovada,Bovada,2026-05-18T00:10:00Z,Detroit Pistons,Cleveland Cavaliers,,,False
2026-05-17,2026-05-17T23:02:03.848180+00:00,3908809,Donovan Mitchell,CLE,pts,UNDER,22.5,160,0.38461538461538464,0.6376884458352561,0.8059743240783468,0.25307306121987144,0.6579899591716658,bovada,Bovada,2026-05-18T00:10:00Z,Detroit Pistons,Cleveland Cavaliers,,,False
2026-05-17,2026-05-17T23:02:03.848180+00:00,4432166,Cade Cunningham,DET,pts,UNDER,22.5,200,0.3333333333333333,0.543394076040024,0.5964312800889421,0.21006074270669067,0.630182228120072,bovada,Bovada,2026-05-18T00:10:00Z,Detroit Pistons,Cleveland Cavaliers,,,False
2026-05-17,2026-05-17T23:02:03.848180+00:00,3992,James Harden,CLE,pts,UNDER,15.5,200,0.3333333333333333,0.5242148531928406,0.553810784872979,0.19088151985950724,0.5726445595785217,bovada,Bovada,2026-05-18T00:10:00Z,Detroit Pistons,Cleveland Cavaliers,,,False
2026-05-17,2026-05-17T23:02:03.848180+00:00,3157465,Duncan Robinson,DET,pts,OVER,9.5,135,0.425531914893617,0.6555799041298618,0.8457331202885818,0.23004798923624475,0.5406127747051752,bovada,Bovada,2026-05-18T00:10:00Z,Detroit Pistons,Cleveland Cavaliers,,,False
2026-05-17,2026-05-17T23:02:03.848180+00:00,3908809,Donovan Mitchell,CLE,pts,UNDER,23.5,130,0.43478260869565216,0.6545023085810803,0.8433384635135117,0.2197196998854281,0.5053553097364847,bovada,Bovada,2026-05-18T00:10:00Z,Detroit Pistons,Cleveland Cavaliers,,,False
2026-05-17,2026-05-17T23:02:03.848180+00:00,4432166,Cade Cunningham,DET,pts,UNDER,23.5,160,0.38461538461538464,0.5670053147672542,0.6489006994827873,0.1823899301518696,0.4742138183948611,bovada,Bovada,2026-05-18T00:10:00Z,Detroit Pistons,Cleveland Cavaliers,,,False
2026-05-17,2026-05-17T23:02:03.848180+00:00,2991043,Caris LeVert,DET,pts,OVER,8.5,155,0.39215686274509803,0.5581201983293423,0.6291559962874274,0.1659633355842443,0.423206505739823,bovada,Bovada,2026-05-18T00:10:00Z,Detroit Pistons,Cleveland Cavaliers,,,False
2026-05-17,2026-05-17T23:02:03.848180+00:00,3908809,Donovan Mitchell,CLE,pts,UNDER,25.5,104,0.49019607843137253,0.6813246109319362,0.902943579848747,0.19112853250056366,0.3899022063011498,betonlineag,BetOnline.ag,2026-05-18T00:10:00Z,Detroit Pistons,Cleveland Cavaliers,,,False
2026-05-17,2026-05-17T23:02:03.848180+00:00,4433621,Jalen Duren,DET,pts,UNDER,9.5,175,0.36363636363636365,0.5006273085221619,0.5013940189381374,0.13699094488579822,0.37672509843594515,bovada,Bovada,2026-05-18T00:10:00Z,Detroit Pistons,Cleveland Cavaliers,,,False
2026-05-17,2026-05-17T23:02:03.848180+00:00,3992,James Harden,CLE,pts,UNDER,16.5,150,0.4,0.5495369748069817,0.6100821662377371,0.1495369748069817,0.37384243701745434,bovada,Bovada,2026-05-18T00:10:00Z,Detroit Pistons,Cleveland Cavaliers,,,False
2026-05-17,2026-05-17T23:02:03.848180+00:00,3908809,Donovan Mitchell,CLE,pts,UNDER,24.5,105,0.4878048780487805,0.6690312498408245,0.8756249996462767,0.18122637179204404,0.3715140621736903,bovada,Bovada,2026-05-18T00:10:00Z,Detroit Pistons,Cleveland Cavaliers,,,False
2026-05-17,2026-05-17T23:02:03.848180+00:00,4065778,Max Strus,CLE,pts,OVER,12.5,190,0.3448275862068966,0.4724847321236113,0.43885496027469184,0.12765714591671473,0.3702057231584728,bovada,Bovada,2026-05-18T00:10:00Z,Detroit Pistons,Cleveland Cavaliers,,,False
2026-05-17,2026-05-17T23:02:03.848180+00:00,4066328,Jarrett Allen,CLE,pts,UNDER,9.5,175,0.36363636363636365,0.4956562471237535,0.4903472158305633,0.13201988348738986,0.3630546795903222,bovada,Bovada,2026-05-18T00:10:00Z,Detroit Pistons,Cleveland Cavaliers,,,False
2026-05-17,2026-05-17T23:02:03.848180+00:00,4432166,Cade Cunningham,DET,pts,UNDER,24.5,130,0.43478260869565216,0.5894028889091558,0.6986730864647908,0.15462028021350366,0.3556266444910584,bovada,Bovada,2026-05-18T00:10:00Z,Detroit Pistons,Cleveland Cavaliers,,,False
2026-05-17,2026-05-17T23:02:03.848180+00:00,3157465,Duncan Robinson,DET,pts,OVER,8.5,100,0.5,0.6707336304152378,0.8794080675894173,0.1707336304152378,0.3414672608304756,bovada,Bovada,2026-05-18T00:10:00Z,Detroit Pistons,Cleveland Cavaliers,,,False
2026-05-17,2026-05-17T23:02:03.848180+00:00,4432158,Evan Mobley,CLE,pts,UNDER,12.5,190,0.3448275862068966,0.46134478294779346,0.41409951766176323,0.11651719674089689,0.33789987054860104,bovada,Bovada,2026-05-18T00:10:00Z,Detroit Pistons,Cleveland Cavaliers,,,False
2026-05-17,2026-05-17T23:02:03.848180+00:00,5107199,Daniss Jenkins,DET,pts,OVER,14.5,185,0.3508771929824561,0.4660883076407438,0.4246406836460974,0.1152111146582877,0.32835167677612,bovada,Bovada,2026-05-18T00:10:00Z,Detroit Pistons,Cleveland Cavaliers,,,False
2026-05-17,2026-05-17T23:02:03.848180+00:00,3157465,Duncan Robinson,DET,pts,OVER,8.5,-102,0.504950495049505,0.6707336304152378,0.8794080675894173,0.16578313536573286,0.32831562101841216,williamhill_us,Caesars,2026-05-18T00:10:00Z,Detroit Pistons,Cleveland Cavaliers,,,False
2026-05-17,2026-05-17T23:02:03.848180+00:00,3157465,Duncan Robinson,DET,pts,OVER,8.5,-103,0.5073891625615764,0.6707336304152378,0.8794080675894173,0.1633444678536614,0.3219313298475075,draftkings,DraftKings,2026-05-18T00:10:00Z,Detroit Pistons,Cleveland Cavaliers,,,False
2026-05-17,2026-05-17T23:02:03.848180+00:00,4278562,Paul Reed Jr,DET,pts,UNDER,5.5,215,0.31746031746031744,0.41958003599122323,0.32128896886938496,0.10211971853090579,0.32167711337235305,bovada,Bovada,2026-05-18T00:10:00Z,Detroit Pistons,Cleveland Cavaliers,,,False
2026-05-17,2026-05-17T23:02:03.848180+00:00,3032979,Dennis Schroder,CLE,pts,OVER,7.5,170,0.37037037037037035,0.48688696496698364,0.4708599221488525,0.11651659459661329,0.3145948054108557,bovada,Bovada,2026-05-18T00:10:00Z,Detroit Pistons,Cleveland Cavaliers,,,False
2026-05-17,2026-05-17T23:02:03.848180+00:00,4066757,Sam Merrill,CLE,pts,OVER,8.5,170,0.37037037037037035,0.48455187402226263,0.4656708311605836,0.11418150365189228,0.30829005986010904,bovada,Bovada,2026-05-18T00:10:00Z,Detroit Pistons,Cleveland Cavaliers,,,False
2026-05-17,2026-05-17T23:02:03.848180+00:00,3157465,Duncan Robinson,DET,pts,OVER,8.5,-106,0.5145631067961165,0.6707336304152378,0.8794080675894173,0.15617052361912132,0.3035012062786697,fanduel,FanDuel,2026-05-18T00:10:00Z,Detroit Pistons,Cleveland Cavaliers,,,False
2026-05-17,2026-05-17T23:02:03.848180+00:00,3908809,Donovan Mitchell,CLE,pts,UNDER,25.5,-110,0.5238095238095238,0.6813246109319362,0.902943579848747,0.15751508712241236,0.30071062087005995,betmgm,BetMGM,2026-05-18T00:10:00Z,Detroit Pistons,Cleveland Cavaliers,,,False
2026-05-17,2026-05-17T23:02:03.848180+00:00,3908809,Donovan Mitchell,CLE,pts,UNDER,25.5,-110,0.5238095238095238,0.6813246109319362,0.902943579848747,0.15751508712241236,0.30071062087005995,williamhill_us,Caesars,2026-05-18T00:10:00Z,Detroit Pistons,Cleveland Cavaliers,,,False
2026-05-17,2026-05-17T23:02:03.848180+00:00,3157465,Duncan Robinson,DET,pts,OVER,8.5,-108,0.5192307692307693,0.6707336304152378,0.8794080675894173,0.15150286118446854,0.29178328820712474,betonlineag,BetOnline.ag,2026-05-18T00:10:00Z,Detroit Pistons,Cleveland Cavaliers,,,False
2026-05-17,2026-05-17T23:02:03.848180+00:00,4432166,Cade Cunningham,DET,pts,UNDER,25.5,110,0.47619047619047616,0.6102476769356973,0.7449948376348827,0.1340572007452211,0.2815201215649643,bovada,Bovada,2026-05-18T00:10:00Z,Detroit Pistons,Cleveland Cavaliers,,,False
2026-05-17,2026-05-17T23:02:03.848180+00:00,3157465,Duncan Robinson,DET,pts,OVER,8.5,-110,0.5238095238095238,0.6707336304152378,0.8794080675894173,0.14692410660571398,0.2804914762472722,betmgm,BetMGM,2026-05-18T00:10:00Z,Detroit Pistons,Cleveland Cavaliers,,,False
2026-05-17,2026-05-17T23:02:03.848180+00:00,3908809,Donovan Mitchell,CLE,pts,UNDER,25.5,-115,0.5348837209302325,0.6813246109319362,0.902943579848747,0.14644089000170368,0.2737807943510111,fanduel,FanDuel,2026-05-18T00:10:00Z,Detroit Pistons,Cleveland Cavaliers,,,False
2026-05-17,2026-05-17T23:02:03.848180+00:00,3908809,Donovan Mitchell,CLE,pts,UNDER,25.5,-115,0.5348837209302325,0.6813246109319362,0.902943579848747,0.14644089000170368,0.2737807943510111,bovada,Bovada,2026-05-18T00:10:00Z,Detroit Pistons,Cleveland Cavaliers,,,False
2026-05-17,2026-05-17T23:02:03.848180+00:00,2991043,Caris LeVert,DET,pts,OVER,7.5,115,0.46511627906976744,0.5872087953475266,0.6937973229945036,0.12209251627775913,0.26249890999718206,bovada,Bovada,2026-05-18T00:10:00Z,Detroit Pistons,Cleveland Cavaliers,,,False
2026-05-17,2026-05-17T23:02:03.848180+00:00,3992,James Harden,CLE,pts,UNDER,17.5,120,0.45454545454545453,0.5738601564812074,0.6641336810693498,0.11931470193575283,0.2624923442586562,bovada,Bovada,2026-05-18T00:10:00Z,Detroit Pistons,Cleveland Cavaliers,,,False
2026-05-17,2026-05-17T23:02:03.848180+00:00,3908809,Donovan Mitchell,CLE,pts,UNDER,25.5,-119,0.54337899543379,0.6813246109319362,0.902943579848747,0.1379456154981462,0.25386630079070616,draftkings,DraftKings,2026-05-18T00:10:00Z,Detroit Pistons,Cleveland Cavaliers,,,False
2026-05-17,2026-05-17T23:02:03.848180+00:00,4432166,Cade Cunningham,DET,pts,UNDER,25.5,105,0.4878048780487805,0.6102476769356973,0.7449948376348827,0.12244279888691678,0.2510077377181794,betmgm,BetMGM,2026-05-18T00:10:00Z,Detroit Pistons,Cleveland Cavaliers,,,False
2026-05-17,2026-05-17T23:02:03.848180+00:00,4432166,Cade Cunningham,DET,pts,UNDER,26.5,-103,0.5073891625615764,0.6292807338844787,0.787290519743286,0.12189157132290229,0.24023290270436093,draftkings,DraftKings,2026-05-18T00:10:00Z,Detroit Pistons,Cleveland Cavaliers,,,False
2026-05-17,2026-05-17T23:02:03.848180+00:00,4433621,Jalen Duren,DET,pts,UNDER,10.5,130,0.43478260869565216,0.5352484328022356,0.5783298506716344,0.10046582410658339,0.23107139544514177,bovada,Bovada,2026-05-18T00:10:00Z,Detroit Pistons,Cleveland Cavaliers,,,False
2026-05-17,2026-05-17T23:02:03.848180+00:00,4065778,Max Strus,CLE,pts,OVER,11.5,145,0.40816326530612246,0.5018887815278528,0.5041972922841171,0.09372551622173031,0.22962751474323928,bovada,Bovada,2026-05-18T00:10:00Z,Detroit Pistons,Cleveland Cavaliers,,,False
2026-05-17,2026-05-17T23:02:03.848180+00:00,4432158,Evan Mobley,CLE,pts,UNDER,13.5,150,0.4,0.4890758270573365,0.4757240601274144,0.08907582705733647,0.22268956764334125,bovada,Bovada,2026-05-18T00:10:00Z,Detroit Pistons,Cleveland Cavaliers,,,False
2026-05-17,2026-05-17T23:02:03.848180+00:00,4066328,Jarrett Allen,CLE,pts,UNDER,10.5,130,0.43478260869565216,0.52999243046671,0.5666498454815777,0.0952098217710578,0.2189825900734329,bovada,Bovada,2026-05-18T00:10:00Z,Detroit Pistons,Cleveland Cavaliers,,,False
2026-05-17,2026-05-17T23:02:03.848180+00:00,6440,Tobias Harris,DET,pts,UNDER,14.5,165,0.37735849056603776,0.45866110735041443,0.40813579411203205,0.08130261678437667,0.21545193447859823,bovada,Bovada,2026-05-18T00:10:00Z,Detroit Pistons,Cleveland Cavaliers,,,False
2026-05-17,2026-05-17T23:02:03.848180+00:00,5107199,Daniss Jenkins,DET,pts,OVER,13.5,145,0.40816326530612246,0.4945056597979037,0.48779035510645263,0.08634239449178122,0.21153886650486398,bovada,Bovada,2026-05-18T00:10:00Z,Detroit Pistons,Cleveland Cavaliers,,,False
2026-05-17,2026-05-17T23:02:03.848180+00:00,3992,James Harden,CLE,pts,UNDER,18.5,102,0.49504950495049505,0.596743552246031,0.7149856716578467,0.101694047295536,0.20542197553698271,williamhill_us,Caesars,2026-05-18T00:10:00Z,Detroit Pistons,Cleveland Cavaliers,,,False
2026-05-17,2026-05-17T23:02:03.848180+00:00,3908809,Donovan Mitchell,CLE,pts,UNDER,26.5,-135,0.574468085106383,0.6915099968499834,0.925577770777741,0.11704191174360035,0.20373962414626734,bovada,Bovada,2026-05-18T00:10:00Z,Detroit Pistons,Cleveland Cavaliers,,,False
2026-05-17,2026-05-17T23:02:03.848180+00:00,4432166,Cade Cunningham,DET,pts,UNDER,26.5,-111,0.5260663507109005,0.6292807338844787,0.787290519743286,0.10321438317357823,0.19620031396058568,williamhill_us,Caesars,2026-05-18T00:10:00Z,Detroit Pistons,Cleveland Cavaliers,,,False
2026-05-17,2026-05-17T23:02:03.848180+00:00,3032979,Dennis Schroder,CLE,pts,OVER,5.5,110,0.47619047619047616,0.5653870248285369,0.6453044996189707,0.0891965486380607,0.18731275213992749,fanduel,FanDuel,2026-05-18T00:10:00Z,Detroit Pistons,Cleveland Cavaliers,,,False
2026-05-17,2026-05-17T23:02:03.848180+00:00,4278562,Paul Reed Jr,DET,pts,OVER,10.5,200,0.3333333333333333,0.3955471043870967,0.2678824541935483,0.06221377105376341,0.18664131316129018,bovada,Bovada,2026-05-18T00:10:00Z,Detroit Pistons,Cleveland Cavaliers,,,False
2026-05-17,2026-05-17T23:02:03.848180+00:00,4432166,Cade Cunningham,DET,pts,UNDER,26.5,-113,0.5305164319248826,0.6292807338844787,0.787290519743286,0.09876430195959607,0.186166339091982,fanduel,FanDuel,2026-05-18T00:10:00Z,Detroit Pistons,Cleveland Cavaliers,,,False
2026-05-17,2026-05-17T23:02:03.848180+00:00,4432166,Cade Cunningham,DET,pts,UNDER,26.5,-115,0.5348837209302325,0.6292807338844787,0.787290519743286,0.09439701295424618,0.1764813720448949,bovada,Bovada,2026-05-18T00:10:00Z,Detroit Pistons,Cleveland Cavaliers,,,False
2026-05-17,2026-05-17T23:02:03.848180+00:00,4065778,Max Strus,CLE,pts,OVER,9.5,110,0.47619047619047616,0.5597652753466653,0.6328117229925896,0.08357479915618915,0.17550707822799716,betonlineag,BetOnline.ag,2026-05-18T00:10:00Z,Detroit Pistons,Cleveland Cavaliers,,,False
2026-05-17,2026-05-17T23:02:03.848180+00:00,4066757,Sam Merrill,CLE,pts,OVER,7.5,125,0.4444444444444444,0.5188695177817207,0.5419322617371571,0.07442507333727633,0.16745641500887165,bovada,Bovada,2026-05-18T00:10:00Z,Detroit Pistons,Cleveland Cavaliers,,,False
2026-05-17,2026-05-17T23:02:03.848180+00:00,3992,James Harden,CLE,pts,UNDER,18.5,-105,0.5121951219512195,0.596743552246031,0.7149856716578467,0.08454843029481152,0.1650707448612987,betmgm,BetMGM,2026-05-18T00:10:00Z,Detroit Pistons,Cleveland Cavaliers,,,False
2026-05-17,2026-05-17T23:02:03.848180+00:00,3992,James Harden,CLE,pts,UNDER,18.5,-105,0.5121951219512195,0.596743552246031,0.7149856716578467,0.08454843029481152,0.1650707448612987,bovada,Bovada,2026-05-18T00:10:00Z,Detroit Pistons,Cleveland Cavaliers,,,False
2026-05-17,2026-05-17T23:02:03.848180+00:00,4066757,Sam Merrill,CLE,pts,UNDER,4.5,200,0.3333333333333333,0.3867588292440126,0.24835295387558365,0.0534254959106793,0.16027648773203784,bovada,Bovada,2026-05-18T00:10:00Z,Detroit Pistons,Cleveland Cavaliers,,,False
2026-05-17,2026-05-17T23:02:03.848180+00:00,4684742,Ausar Thompson,DET,pts,UNDER,6.5,170,0.37037037037037035,0.42967590223233115,0.34372422718295814,0.0593055318619608,0.16012493602729405,bovada,Bovada,2026-05-18T00:10:00Z,Detroit Pistons,Cleveland Cavaliers,,,False
2026-05-17,2026-05-17T23:02:03.848180+00:00,3032979,Dennis Schroder,CLE,pts,OVER,6.5,120,0.45454545454545453,0.5267894229273351,0.5595320509496335,0.07224396838188057,0.15893673044013723,bovada,Bovada,2026-05-18T00:10:00Z,Detroit Pistons,Cleveland Cavaliers,,,False
2026-05-17,2026-05-17T23:02:03.848180+00:00,4684742,Ausar Thompson,DET,pts,OVER,10.5,170,0.37037037037037035,0.42873784837398304,0.34163966305329563,0.058367478003612694,0.15759219060975416,bovada,Bovada,2026-05-18T00:10:00Z,Detroit Pistons,Cleveland Cavaliers,,,False
2026-05-17,2026-05-17T23:02:03.848180+00:00,3157465,Duncan Robinson,DET,pts,OVER,7.5,-145,0.5918367346938775,0.6833933472753184,0.9075407717229297,0.09155661258144088,0.15469910401691733,bovada,Bovada,2026-05-18T00:10:00Z,Detroit Pistons,Cleveland Cavaliers,,,False
2026-05-17,2026-05-17T23:02:03.848180+00:00,3992,James Harden,CLE,pts,UNDER,19.5,-116,0.5370370370370371,0.6178298736396703,0.761844163643712,0.08079283660263326,0.15044183367386887,betonlineag,BetOnline.ag,2026-05-18T00:10:00Z,Detroit Pistons,Cleveland Cavaliers,,,False
2026-05-17,2026-05-17T23:02:03.848180+00:00,3992,James Harden,CLE,pts,UNDER,18.5,-108,0.5192307692307693,0.596743552246031,0.7149856716578467,0.07751278301526177,0.14928387839976354,draftkings,DraftKings,2026-05-18T00:10:00Z,Detroit Pistons,Cleveland Cavaliers,,,False
2026-05-17,2026-05-17T23:02:03.848180+00:00,4066757,Sam Merrill,CLE,pts,OVER,6.5,108,0.4807692307692308,0.5525042290574125,0.6166760645720276,0.0717349982881817,0.14920879643941798,fanduel,FanDuel,2026-05-18T00:10:00Z,Detroit Pistons,Cleveland Cavaliers,,,False
2026-05-17,2026-05-17T23:02:03.848180+00:00,4432166,Cade Cunningham,DET,pts,UNDER,27.5,-130,0.5652173913043478,0.6463311190863326,0.8251802646362946,0.08111372778198478,0.14350890299889607,betonlineag,BetOnline.ag,2026-05-18T00:10:00Z,Detroit Pistons,Cleveland Cavaliers,,,False
2026-05-17,2026-05-17T23:02:03.848180+00:00,3992,James Harden,CLE,pts,UNDER,18.5,-111,0.5260663507109005,0.596743552246031,0.7149856716578467,0.07067720153513057,0.1343503560712842,fanduel,FanDuel,2026-05-18T00:10:00Z,Detroit Pistons,Cleveland Cavaliers,,,False
2026-05-17,2026-05-17T23:02:03.848180+00:00,4066757,Sam Merrill,CLE,pts,OVER,6.5,105,0.4878048780487805,0.5525042290574125,0.6166760645720276,0.064699351008632,0.13263366956769562,williamhill_us,Caesars,2026-05-18T00:10:00Z,Detroit Pistons,Cleveland Cavaliers,,,False
2026-05-17,2026-05-17T23:02:03.848180+00:00,4066328,Jarrett Allen,CLE,pts,UNDER,11.5,100,0.5,0.5632426936558709,0.6405393192352685,0.06324269365587087,0.12648538731174175,betmgm,BetMGM,2026-05-18T00:10:00Z,Detroit Pistons,Cleveland Cavaliers,,,False
2026-05-17,2026-05-17T23:02:03.848180+00:00,4433621,Jalen Duren,DET,pts,UNDER,11.5,-102,0.504950495049505,0.5685705222664292,0.6523789383698426,0.06362002721692428,0.1259926029197912,draftkings,DraftKings,2026-05-18T00:10:00Z,Detroit Pistons,Cleveland Cavaliers,,,False
2026-05-17,2026-05-17T23:02:03.848180+00:00,2991043,Caris LeVert,DET,pts,OVER,6.5,-120,0.5454545454545454,0.6138082749980348,0.7529072777734106,0.0683537295434894,0.12531517082973054,betmgm,BetMGM,2026-05-18T00:10:00Z,Detroit Pistons,Cleveland Cavaliers,,,False
2026-05-17,2026-05-17T23:02:03.848180+00:00,4432166,Cade Cunningham,DET,pts,UNDER,27.5,-135,0.574468085106383,0.6463311190863326,0.8251802646362946,0.07186303397994953,0.12509491100213443,bovada,Bovada,2026-05-18T00:10:00Z,Detroit Pistons,Cleveland Cavaliers,,,False
2026-05-17,2026-05-17T23:02:03.848180+00:00,6440,Tobias Harris,DET,pts,OVER,20.5,190,0.3448275862068966,0.3877289207711299,0.2505087128247332,0.04290133456423334,0.1244138702362767,bovada,Bovada,2026-05-18T00:10:00Z,Detroit Pistons,Cleveland Cavaliers,,,False
2026-05-17,2026-05-17T23:02:03.848180+00:00,4433621,Jalen Duren,DET,pts,UNDER,11.5,-103,0.5073891625615764,0.5685705222664292,0.6523789383698426,0.061181359704852833,0.12058073805907898,betonlineag,BetOnline.ag,2026-05-18T00:10:00Z,Detroit Pistons,Cleveland Cavaliers,,,False
2026-05-17,2026-05-17T23:02:03.848180+00:00,3032979,Dennis Schroder,CLE,pts,OVER,5.5,-102,0.504950495049505,0.5653870248285369,0.6453044996189707,0.06043652977903191,0.11968802956239655,williamhill_us,Caesars,2026-05-18T00:10:00Z,Detroit Pistons,Cleveland Cavaliers,,,False
2026-05-17,2026-05-17T23:02:03.848180+00:00,4278562,Paul Reed Jr,DET,pts,UNDER,6.5,145,0.40816326530612246,0.4560291485346196,0.40228699674359913,0.047865883228497164,0.1172714139098181,bovada,Bovada,2026-05-18T00:10:00Z,Detroit Pistons,Cleveland Cavaliers,,,False
2026-05-17,2026-05-17T23:02:03.848180+00:00,6440,Tobias Harris,DET,pts,UNDER,15.5,130,0.43478260869565216,0.4853901546591607,0.4675336770203571,0.05060754596350853,0.11639735571606957,bovada,Bovada,2026-05-18T00:10:00Z,Detroit Pistons,Cleveland Cavaliers,,,False
2026-05-17,2026-05-17T23:02:03.848180+00:00,4065778,Max Strus,CLE,pts,OVER,10.5,110,0.47619047619047616,0.5312421206304085,0.5694269347342413,0.05505164443993238,0.11560845332385794,bovada,Bovada,2026-05-18T00:10:00Z,Detroit Pistons,Cleveland Cavaliers,,,False
2026-05-17,2026-05-17T23:02:03.848180+00:00,4432158,Evan Mobley,CLE,pts,UNDER,14.5,115,0.46511627906976744,0.5170712603268678,0.5379361340597061,0.05195498125710035,0.1117032097027657,bovada,Bovada,2026-05-18T00:10:00Z,Detroit Pistons,Cleveland Cavaliers,,,False
2026-05-17,2026-05-17T23:02:03.848180+00:00,3908809,Donovan Mitchell,CLE,pts,UNDER,27.5,-170,0.6296296296296297,0.6997733158396092,0.9439407018657983,0.07014368620997957,0.11140467809820287,bovada,Bovada,2026-05-18T00:10:00Z,Detroit Pistons,Cleveland Cavaliers,,,False
2026-05-17,2026-05-17T23:02:03.848180+00:00,4066328,Jarrett Allen,CLE,pts,UNDER,11.5,-103,0.5073891625615764,0.5632426936558709,0.6405393192352685,0.05585353109429447,0.1100802603120562,betonlineag,BetOnline.ag,2026-05-18T00:10:00Z,Detroit Pistons,Cleveland Cavaliers,,,False
2026-05-17,2026-05-17T23:02:03.848180+00:00,4433621,Jalen Duren,DET,pts,UNDER,11.5,-105,0.5121951219512195,0.5685705222664292,0.6523789383698426,0.05637540031520971,0.11006625775826662,bovada,Bovada,2026-05-18T00:10:00Z,Detroit Pistons,Cleveland Cavaliers,,,False
2026-05-17,2026-05-17T23:02:03.848180+00:00,4433621,Jalen Duren,DET,pts,UNDER,11.5,-105,0.5121951219512195,0.5685705222664292,0.6523789383698426,0.05637540031520971,0.11006625775826662,williamhill_us,Caesars,2026-05-18T00:10:00Z,Detroit Pistons,Cleveland Cavaliers,,,False
2026-05-17,2026-05-17T23:02:03.848180+00:00,4065778,Max Strus,CLE,pts,UNDER,7.5,185,0.3508771929824561,0.3884159916362875,0.25203553696952774,0.03753879865383136,0.10698557616341942,bovada,Bovada,2026-05-18T00:10:00Z,Detroit Pistons,Cleveland Cavaliers,,,False
2026-05-17,2026-05-17T23:02:03.848180+00:00,2991043,Caris LeVert,DET,pts,OVER,6.5,-125,0.5555555555555556,0.6138082749980348,0.7529072777734106,0.05825271944247923,0.10485489499646267,fanduel,FanDuel,2026-05-18T00:10:00Z,Detroit Pistons,Cleveland Cavaliers,,,False
2026-05-17,2026-05-17T23:02:03.848180+00:00,2991043,Caris LeVert,DET,pts,OVER,6.5,-125,0.5555555555555556,0.6138082749980348,0.7529072777734106,0.05825271944247923,0.10485489499646267,betonlineag,BetOnline.ag,2026-05-18T00:10:00Z,Detroit Pistons,Cleveland Cavaliers,,,False
2026-05-17,2026-05-17T23:02:03.848180+00:00,2991043,Caris LeVert,DET,pts,OVER,6.5,-125,0.5555555555555556,0.6138082749980348,0.7529072777734106,0.05825271944247923,0.10485489499646267,bovada,Bovada,2026-05-18T00:10:00Z,Detroit Pistons,Cleveland Cavaliers,,,False
2026-05-17,2026-05-17T23:02:03.848180+00:00,4066328,Jarrett Allen,CLE,pts,UNDER,11.5,-104,0.5098039215686274,0.5632426936558709,0.6405393192352685,0.05343877208724346,0.10482220678651599,draftkings,DraftKings,2026-05-18T00:10:00Z,Detroit Pistons,Cleveland Cavaliers,,,False
2026-05-17,2026-05-17T23:02:03.848180+00:00,2991043,Caris LeVert,DET,pts,OVER,6.5,-126,0.5575221238938053,0.6138082749980348,0.7529072777734106,0.05628615110422952,0.10095769959964973,draftkings,DraftKings,2026-05-18T00:10:00Z,Detroit Pistons,Cleveland Cavaliers,,,False
2026-05-17,2026-05-17T23:02:03.848180+00:00,4066328,Jarrett Allen,CLE,pts,UNDER,11.5,-105,0.5121951219512195,0.5632426936558709,0.6405393192352685,0.05104757170465135,0.0996643066614622,bovada,Bovada,2026-05-18T00:10:00Z,Detroit Pistons,Cleveland Cavaliers,,,False
2026-05-17,2026-05-17T23:02:03.848180+00:00,4066757,Sam Merrill,CLE,pts,OVER,6.5,-101,0.5024875621890548,0.5525042290574125,0.6166760645720276,0.050016666868357706,0.09953811921326639,betonlineag,BetOnline.ag,2026-05-18T00:10:00Z,Detroit Pistons,Cleveland Cavaliers,,,False
2026-05-17,2026-05-17T23:02:03.848180+00:00,5107199,Daniss Jenkins,DET,pts,OVER,12.5,110,0.47619047619047616,0.5230617724894504,0.5512483833098898,0.04687129629897424,0.09842972222784585,bovada,Bovada,2026-05-18T00:10:00Z,Detroit Pistons,Cleveland Cavaliers,,,False
2026-05-17,2026-05-17T23:02:03.848180+00:00,4065778,Max Strus,CLE,pts,OVER,9.5,-104,0.5098039215686274,0.5597652753466653,0.6328117229925896,0.0499613537780379,0.09800111702615122,fanduel,FanDuel,2026-05-18T00:10:00Z,Detroit Pistons,Cleveland Cavaliers,,,False
2026-05-17,2026-05-17T23:02:03.848180+00:00,4066328,Jarrett Allen,CLE,pts,UNDER,11.5,-106,0.5145631067961165,0.5632426936558709,0.6405393192352685,0.048679586859754376,0.09460372540669248,fanduel,FanDuel,2026-05-18T00:10:00Z,Detroit Pistons,Cleveland Cavaliers,,,False
2026-05-17,2026-05-17T23:02:03.848180+00:00,4066328,Jarrett Allen,CLE,pts,UNDER,11.5,-106,0.5145631067961165,0.5632426936558709,0.6405393192352685,0.048679586859754376,0.09460372540669248,williamhill_us,Caesars,2026-05-18T00:10:00Z,Detroit Pistons,Cleveland Cavaliers,,,False
2026-05-17,2026-05-17T23:02:03.848180+00:00,3992,James Harden,CLE,pts,UNDER,19.5,-130,0.5652173913043478,0.6178298736396703,0.761844163643712,0.05261248233532256,0.09308362259326297,bovada,Bovada,2026-05-18T00:10:00Z,Detroit Pistons,Cleveland Cavaliers,,,False
2026-05-17,2026-05-17T23:02:03.848180+00:00,4433621,Jalen Duren,DET,pts,UNDER,11.5,-110,0.5238095238095238,0.5685705222664292,0.6523789383698426,0.0447609984569054,0.0854528152359103,betmgm,BetMGM,2026-05-18T00:10:00Z,Detroit Pistons,Cleveland Cavaliers,,,False
2026-05-17,2026-05-17T23:02:03.848180+00:00,4433621,Jalen Duren,DET,pts,UNDER,11.5,-111,0.5260663507109005,0.5685705222664292,0.6523789383698426,0.04250417155552877,0.08079621800195103,fanduel,FanDuel,2026-05-18T00:10:00Z,Detroit Pistons,Cleveland Cavaliers,,,False
2026-05-17,2026-05-17T23:02:03.848180+00:00,2991043,Caris LeVert,DET,pts,OVER,6.5,-132,0.5689655172413793,0.6138082749980348,0.7529072777734106,0.04484275775665547,0.07881454393593995,williamhill_us,Caesars,2026-05-18T00:10:00Z,Detroit Pistons,Cleveland Cavaliers,,,False
2026-05-17,2026-05-17T23:02:03.848180+00:00,4066757,Sam Merrill,CLE,pts,OVER,6.5,-105,0.5121951219512195,0.5525042290574125,0.6166760645720276,0.040309107106192954,0.07869873292161478,betmgm,BetMGM,2026-05-18T00:10:00Z,Detroit Pistons,Cleveland Cavaliers,,,False
2026-05-17,2026-05-17T23:02:03.848180+00:00,4432158,Evan Mobley,CLE,pts,UNDER,15.5,-103,0.5073891625615764,0.5446543016398756,0.5992317814219459,0.0372651390782992,0.07344488575625974,betonlineag,BetOnline.ag,2026-05-18T00:10:00Z,Detroit Pistons,Cleveland Cavaliers,,,False
2026-05-17,2026-05-17T23:02:03.848180+00:00,4066757,Sam Merrill,CLE,pts,OVER,6.5,-108,0.5192307692307693,0.5525042290574125,0.6166760645720276,0.033273459826643204,0.06408221892538701,draftkings,DraftKings,2026-05-18T00:10:00Z,Detroit Pistons,Cleveland Cavaliers,,,False
2026-05-17,2026-05-17T23:02:03.848180+00:00,4432158,Evan Mobley,CLE,pts,UNDER,15.5,-105,0.5121951219512195,0.5446543016398756,0.5992317814219459,0.03245917968865608,0.06337268415404285,betmgm,BetMGM,2026-05-18T00:10:00Z,Detroit Pistons,Cleveland Cavaliers,,,False
2026-05-17,2026-05-17T23:02:03.848180+00:00,4432158,Evan Mobley,CLE,pts,UNDER,15.5,-105,0.5121951219512195,0.5446543016398756,0.5992317814219459,0.03245917968865608,0.06337268415404285,williamhill_us,Caesars,2026-05-18T00:10:00Z,Detroit Pistons,Cleveland Cavaliers,,,False
2026-05-17,2026-05-17T23:02:03.848180+00:00,4432166,Cade Cunningham,DET,pts,UNDER,28.5,-165,0.6226415094339622,0.6613167268560123,0.858481615235583,0.038675217422050046,0.062114743132383354,bovada,Bovada,2026-05-18T00:10:00Z,Detroit Pistons,Cleveland Cavaliers,,,False
2026-05-17,2026-05-17T23:02:03.848180+00:00,3032979,Dennis Schroder,CLE,pts,OVER,5.5,-114,0.5327102803738317,0.5653870248285369,0.6453044996189707,0.03267674445470514,0.061340555379884976,betonlineag,BetOnline.ag,2026-05-18T00:10:00Z,Detroit Pistons,Cleveland Cavaliers,,,False
2026-05-17,2026-05-17T23:02:03.848180+00:00,5107199,Daniss Jenkins,DET,pts,OVER,11.5,-108,0.5192307692307693,0.5510386048329455,0.6134191218509901,0.03180783560217626,0.061259535233820994,fanduel,FanDuel,2026-05-18T00:10:00Z,Detroit Pistons,Cleveland Cavaliers,,,False
2026-05-17,2026-05-17T23:02:03.848180+00:00,4432158,Evan Mobley,CLE,pts,UNDER,15.5,-106,0.5145631067961165,0.5446543016398756,0.5992317814219459,0.030091194843759106,0.05847911450768284,fanduel,FanDuel,2026-05-18T00:10:00Z,Detroit Pistons,Cleveland Cavaliers,,,False
2026-05-17,2026-05-17T23:02:03.848180+00:00,3032979,Dennis Schroder,CLE,pts,OVER,5.5,-115,0.5348837209302325,0.5653870248285369,0.6453044996189707,0.030503303898304357,0.057027915983786315,betmgm,BetMGM,2026-05-18T00:10:00Z,Detroit Pistons,Cleveland Cavaliers,,,False
2026-05-17,2026-05-17T23:02:03.848180+00:00,5107199,Daniss Jenkins,DET,pts,UNDER,9.5,165,0.37735849056603776,0.3973525369692503,0.27189452659833413,0.019994046403212562,0.05298422296851335,bovada,Bovada,2026-05-18T00:10:00Z,Detroit Pistons,Cleveland Cavaliers,,,False
2026-05-17,2026-05-17T23:02:03.848180+00:00,4278562,Paul Reed Jr,DET,pts,OVER,9.5,145,0.40816326530612246,0.42963545457394403,0.3436343434976534,0.021472189267821573,0.052606863706162854,bovada,Bovada,2026-05-18T00:10:00Z,Detroit Pistons,Cleveland Cavaliers,,,False
2026-05-17,2026-05-17T23:02:03.848180+00:00,3032979,Dennis Schroder,CLE,pts,OVER,5.5,-117,0.5391705069124424,0.5653870248285369,0.6453044996189707,0.026216517916094473,0.04862379818626067,draftkings,DraftKings,2026-05-18T00:10:00Z,Detroit Pistons,Cleveland Cavaliers,,,False
2026-05-17,2026-05-17T23:02:03.848180+00:00,4432158,Evan Mobley,CLE,pts,OVER,18.5,175,0.36363636363636365,0.38113046914013604,0.23584548697808017,0.017494105503772395,0.04810879013537406,bovada,Bovada,2026-05-18T00:10:00Z,Detroit Pistons,Cleveland Cavaliers,,,False
2026-05-17,2026-05-17T23:02:03.848180+00:00,4433621,Jalen Duren,DET,pts,UNDER,12.5,-135,0.574468085106383,0.5994597966115908,0.7210217702479794,0.024991711505207737,0.043504090397954276,bovada,Bovada,2026-05-18T00:10:00Z,Detroit Pistons,Cleveland Cavaliers,,,False
2026-05-17,2026-05-17T23:02:03.848180+00:00,3908809,Donovan Mitchell,CLE,pts,UNDER,28.5,-210,0.6774193548387096,0.7063378170317299,0.9585284822927331,0.0289184621930203,0.04268915847541083,bovada,Bovada,2026-05-18T00:10:00Z,Detroit Pistons,Cleveland Cavaliers,,,False
2026-05-17,2026-05-17T23:02:03.848180+00:00,4684742,Ausar Thompson,DET,pts,OVER,9.5,125,0.4444444444444444,0.4633809277936667,0.418624283985926,0.018936483349222266,0.04260708753575004,bovada,Bovada,2026-05-18T00:10:00Z,Detroit Pistons,Cleveland Cavaliers,,,False
2026-05-17,2026-05-17T23:02:03.848180+00:00,4065778,Max Strus,CLE,pts,OVER,9.5,-116,0.5370370370370371,0.5597652753466653,0.6328117229925896,0.022728238309628224,0.04232154719723885,draftkings,DraftKings,2026-05-18T00:10:00Z,Detroit Pistons,Cleveland Cavaliers,,,False
2026-05-17,2026-05-17T23:02:03.848180+00:00,4278562,Paul Reed Jr,DET,pts,UNDER,7.5,110,0.47619047619047616,0.4944775317097624,0.48772784824391646,0.01828705551928622,0.03840281659050104,betonlineag,BetOnline.ag,2026-05-18T00:10:00Z,Detroit Pistons,Cleveland Cavaliers,,,False
2026-05-17,2026-05-17T23:02:03.848180+00:00,4278562,Paul Reed Jr,DET,pts,UNDER,7.5,110,0.47619047619047616,0.4944775317097624,0.48772784824391646,0.01828705551928622,0.03840281659050104,betmgm,BetMGM,2026-05-18T00:10:00Z,Detroit Pistons,Cleveland Cavaliers,,,False
2026-05-17,2026-05-17T23:02:03.848180+00:00,3032979,Dennis Schroder,CLE,pts,OVER,5.5,-120,0.5454545454545454,0.5653870248285369,0.6453044996189707,0.019932479373991452,0.036542878852317606,bovada,Bovada,2026-05-18T00:10:00Z,Detroit Pistons,Cleveland Cavaliers,,,False
2026-05-17,2026-05-17T23:02:03.848180+00:00,4066328,Jarrett Allen,CLE,pts,UNDER,12.5,-135,0.574468085106383,0.5942789595048389,0.709508798899642,0.019810874398455858,0.034485596175089894,bovada,Bovada,2026-05-18T00:10:00Z,Detroit Pistons,Cleveland Cavaliers,,,False
2026-05-17,2026-05-17T23:02:03.848180+00:00,4066757,Sam Merrill,CLE,pts,OVER,6.5,-115,0.5348837209302325,0.5525042290574125,0.6166760645720276,0.017620508127179968,0.03294268910733633,bovada,Bovada,2026-05-18T00:10:00Z,Detroit Pistons,Cleveland Cavaliers,,,False
2026-05-17,2026-05-17T23:02:03.848180+00:00,5107199,Daniss Jenkins,DET,pts,OVER,11.5,-115,0.5348837209302325,0.5510386048329455,0.6134191218509901,0.016154883902713024,0.030202609035506867,betmgm,BetMGM,2026-05-18T00:10:00Z,Detroit Pistons,Cleveland Cavaliers,,,False
2026-05-17,2026-05-17T23:02:03.848180+00:00,5107199,Daniss Jenkins,DET,pts,OVER,11.5,-116,0.5370370370370371,0.5510386048329455,0.6134191218509901,0.014001567795908443,0.026071884861346817,betonlineag,BetOnline.ag,2026-05-18T00:10:00Z,Detroit Pistons,Cleveland Cavaliers,,,False
2026-05-17,2026-05-17T23:02:03.848180+00:00,6440,Tobias Harris,DET,pts,OVER,19.5,150,0.4,0.4103730608432927,0.30082902409620604,0.010373060843292703,0.025932652108231813,bovada,Bovada,2026-05-18T00:10:00Z,Detroit Pistons,Cleveland Cavaliers,,,False
2026-05-17,2026-05-17T23:02:03.848180+00:00,6440,Tobias Harris,DET,pts,UNDER,16.5,100,0.5,0.5124492027871596,0.5276648950825769,0.012449202787159552,0.024898405574319105,bovada,Bovada,2026-05-18T00:10:00Z,Detroit Pistons,Cleveland Cavaliers,,,False
2026-05-17,2026-05-17T23:02:03.848180+00:00,3157465,Duncan Robinson,DET,pts,OVER,6.5,-210,0.6774193548387096,0.69372298533997,0.9304955229777112,0.01630363050126038,0.02406726407328902,bovada,Bovada,2026-05-18T00:10:00Z,Detroit Pistons,Cleveland Cavaliers,,,False
2026-05-17,2026-05-17T23:02:03.848180+00:00,3992,James Harden,CLE,pts,UNDER,20.5,-165,0.6226415094339622,0.6368608744866768,0.8041352766370595,0.014219365052714594,0.02283716205435976,bovada,Bovada,2026-05-18T00:10:00Z,Detroit Pistons,Cleveland Cavaliers,,,False
2026-05-17,2026-05-17T23:02:03.848180+00:00,4065778,Max Strus,CLE,pts,OVER,9.5,-122,0.5495495495495496,0.5597652753466653,0.6328117229925896,0.010215725797115716,0.01858927153245654,williamhill_us,Caesars,2026-05-18T00:10:00Z,Detroit Pistons,Cleveland Cavaliers,,,False
2026-05-17,2026-05-17T23:02:03.848180+00:00,4432158,Evan Mobley,CLE,pts,UNDER,15.5,-115,0.5348837209302325,0.5446543016398756,0.5992317814219459,0.009770580709643095,0.018266737848463055,bovada,Bovada,2026-05-18T00:10:00Z,Detroit Pistons,Cleveland Cavaliers,,,False
2026-05-17,2026-05-17T23:02:03.848180+00:00,5107199,Daniss Jenkins,DET,pts,OVER,11.5,-118,0.5412844036697247,0.5510386048329455,0.6134191218509901,0.009754201163220788,0.01802047333544171,draftkings,DraftKings,2026-05-18T00:10:00Z,Detroit Pistons,Cleveland Cavaliers,,,False
2026-05-17,2026-05-17T23:02:03.848180+00:00,5107199,Daniss Jenkins,DET,pts,OVER,11.5,-118,0.5412844036697247,0.5510386048329455,0.6134191218509901,0.009754201163220788,0.01802047333544171,williamhill_us,Caesars,2026-05-18T00:10:00Z,Detroit Pistons,Cleveland Cavaliers,,,False
2026-05-17,2026-05-17T23:02:03.848180+00:00,4278562,Paul Reed Jr,DET,pts,UNDER,7.5,105,0.4878048780487805,0.4944775317097624,0.48772784824391646,0.006672653660981909,0.013678940005012907,williamhill_us,Caesars,2026-05-18T00:10:00Z,Detroit Pistons,Cleveland Cavaliers,,,False
2026-05-17,2026-05-17T23:02:03.848180+00:00,4432166,Cade Cunningham,DET,pts,UNDER,29.5,-200,0.6666666666666666,0.6742387045390603,0.8871971211979119,0.007572037872393689,0.011358056808590478,bovada,Bovada,2026-05-18T00:10:00Z,Detroit Pistons,Cleveland Cavaliers,,,False
2026-05-17,2026-05-17T23:02:03.848180+00:00,5107199,Daniss Jenkins,DET,pts,OVER,11.5,-120,0.5454545454545454,0.5510386048329455,0.6134191218509901,0.005584059378400119,0.010237442193733515,bovada,Bovada,2026-05-18T00:10:00Z,Detroit Pistons,Cleveland Cavaliers,,,False
2026-05-17,2026-05-17T23:02:03.848180+00:00,4065778,Max Strus,CLE,pts,OVER,9.5,-125,0.5555555555555556,0.5597652753466653,0.6328117229925896,0.004209719791109734,0.0075774956239975655,bovada,Bovada,2026-05-18T00:10:00Z,Detroit Pistons,Cleveland Cavaliers,,,False
2026-05-17,2026-05-17T23:02:03.848180+00:00,4432158,Evan Mobley,CLE,pts,UNDER,15.5,-118,0.5412844036697247,0.5446543016398756,0.5992317814219459,0.003369897970150859,0.006225743707566789,draftkings,DraftKings,2026-05-18T00:10:00Z,Detroit Pistons,Cleveland Cavaliers,,,False
2026-05-17,2026-05-17T23:02:03.848180+00:00,3157465,Duncan Robinson,DET,ra,OVER,3.5,107,0.4830917874396135,0.5670276636174867,0.8646184973390372,0.08393587617787318,0.17374726368819748,draftkings,DraftKings,2026-05-18T00:10:00Z,Detroit Pistons,Cleveland Cavaliers,,,False
2026-05-17,2026-05-17T23:02:03.848180+00:00,4432166,Cade Cunningham,DET,ra,UNDER,12.5,140,0.4166666666666667,0.48091894656092715,0.7087224843678506,0.06425227989426047,0.15420547174622512,bovada,Bovada,2026-05-18T00:10:00Z,Detroit Pistons,Cleveland Cavaliers,,,False
2026-05-17,2026-05-17T23:02:03.848180+00:00,5107199,Daniss Jenkins,DET,ra,OVER,6.5,115,0.46511627906976744,0.5272037123810132,0.7473318850299755,0.06208743331124572,0.1334879816191782,bovada,Bovada,2026-05-18T00:10:00Z,Detroit Pistons,Cleveland Cavaliers,,,False
2026-05-17,2026-05-17T23:02:03.848180+00:00,5107199,Daniss Jenkins,DET,ra,OVER,6.5,113,0.4694835680751174,0.5306101978051861,0.7473318850299755,0.06112662973006877,0.13019972132504642,draftkings,DraftKings,2026-05-18T00:10:00Z,Detroit Pistons,Cleveland Cavaliers,,,False
2026-05-17,2026-05-17T23:02:03.848180+00:00,4432166,Cade Cunningham,DET,ra,UNDER,13.5,-104,0.5098039215686274,0.5746974303528438,0.8047744160423383,0.0648935087842164,0.12729111338442445,fanduel,FanDuel,2026-05-18T00:10:00Z,Detroit Pistons,Cleveland Cavaliers,,,False
2026-05-17,2026-05-17T23:02:03.848180+00:00,4432166,Cade Cunningham,DET,ra,UNDER,13.5,-105,0.5121951219512195,0.5765625666512657,0.8047744160423383,0.06436744470004618,0.1256697729858044,bovada,Bovada,2026-05-18T00:10:00Z,Detroit Pistons,Cleveland Cavaliers,,,False
2026-05-17,2026-05-17T23:02:03.848180+00:00,4432166,Cade Cunningham,DET,ra,UNDER,13.5,-107,0.5169082125603864,0.5802387773264158,0.8047744160423383,0.06333056476602938,0.12251800847259886,draftkings,DraftKings,2026-05-18T00:10:00Z,Detroit Pistons,Cleveland Cavaliers,,,False
2026-05-17,2026-05-17T23:02:03.848180+00:00,4432166,Cade Cunningham,DET,ra,UNDER,13.5,-110,0.5238095238095238,0.585621800100743,0.8047744160423383,0.061812276291219215,0.11800525473778212,betmgm,BetMGM,2026-05-18T00:10:00Z,Detroit Pistons,Cleveland Cavaliers,,,False
2026-05-17,2026-05-17T23:02:03.848180+00:00,5107199,Daniss Jenkins,DET,ra,OVER,6.5,105,0.4878048780487805,0.5449008195846434,0.7473318850299755,0.05709594153586295,0.11704668014851904,betmgm,BetMGM,2026-05-18T00:10:00Z,Detroit Pistons,Cleveland Cavaliers,,,False
2026-05-17,2026-05-17T23:02:03.848180+00:00,4065778,Max Strus,CLE,ra,OVER,6.5,115,0.46511627906976744,0.518598096161404,0.7082154476681154,0.05348181709163652,0.11498590674701847,betmgm,BetMGM,2026-05-18T00:10:00Z,Detroit Pistons,Cleveland Cavaliers,,,False
2026-05-17,2026-05-17T23:02:03.848180+00:00,4432166,Cade Cunningham,DET,ra,UNDER,14.5,-150,0.6,0.6612887038044649,0.8785850172930223,0.06128870380446494,0.10214783967410818,bovada,Bovada,2026-05-18T00:10:00Z,Detroit Pistons,Cleveland Cavaliers,,,False
2026-05-17,2026-05-17T23:02:03.848180+00:00,2991043,Caris LeVert,DET,ra,OVER,3.5,-144,0.5901639344262295,0.6493107013676718,0.859012875069149,0.059146766941442275,0.10022091065077715,draftkings,DraftKings,2026-05-18T00:10:00Z,Detroit Pistons,Cleveland Cavaliers,,,False
2026-05-17,2026-05-17T23:02:03.848180+00:00,5107199,Daniss Jenkins,DET,ra,OVER,5.5,-138,0.5798319327731093,0.6372149103127647,0.8406636488624519,0.05738297753965538,0.09896484532201444,fanduel,FanDuel,2026-05-18T00:10:00Z,Detroit Pistons,Cleveland Cavaliers,,,False
2026-05-17,2026-05-17T23:02:03.848180+00:00,6440,Tobias Harris,DET,ra,OVER,8.5,115,0.46511627906976744,0.5082941647849899,0.6613793959571425,0.043177885715222464,0.09283245428772824,betmgm,BetMGM,2026-05-18T00:10:00Z,Detroit Pistons,Cleveland Cavaliers,,,False
2026-05-17,2026-05-17T23:02:03.848180+00:00,4278562,Paul Reed Jr,DET,ra,UNDER,5.5,135,0.425531914893617,0.45984284616237053,0.5814906933879511,0.03431093126875351,0.08063068848157073,bovada,Bovada,2026-05-18T00:10:00Z,Detroit Pistons,Cleveland Cavaliers,,,False
2026-05-17,2026-05-17T23:02:03.848180+00:00,3992,James Harden,CLE,ra,UNDER,9.5,175,0.36363636363636365,0.39139289592954274,0.48980241951445036,0.027756532293179093,0.07633046380624253,bovada,Bovada,2026-05-18T00:10:00Z,Detroit Pistons,Cleveland Cavaliers,,,False
2026-05-17,2026-05-17T23:02:03.848180+00:00,3992,James Harden,CLE,ra,UNDER,10.5,115,0.46511627906976744,0.4982263969719909,0.615616814988965,0.03311011790222346,0.07118675348978043,bovada,Bovada,2026-05-18T00:10:00Z,Detroit Pistons,Cleveland Cavaliers,,,False
2026-05-17,2026-05-17T23:02:03.848180+00:00,6440,Tobias Harris,DET,ra,OVER,8.5,100,0.5,0.5355034671105714,0.6613793959571425,0.035503467110571396,0.07100693422114279,draftkings,DraftKings,2026-05-18T00:10:00Z,Detroit Pistons,Cleveland Cavaliers,,,False
2026-05-17,2026-05-17T23:02:03.848180+00:00,6440,Tobias Harris,DET,ra,OVER,8.5,100,0.5,0.5355034671105714,0.6613793959571425,0.035503467110571396,0.07100693422114279,bovada,Bovada,2026-05-18T00:10:00Z,Detroit Pistons,Cleveland Cavaliers,,,False
2026-05-17,2026-05-17T23:02:03.848180+00:00,3992,James Harden,CLE,ra,UNDER,10.5,114,0.4672897196261682,0.4999216806059835,0.615616814988965,0.0326319609798153,0.06983239649680473,fanduel,FanDuel,2026-05-18T00:10:00Z,Detroit Pistons,Cleveland Cavaliers,,,False
2026-05-17,2026-05-17T23:02:03.848180+00:00,4278562,Paul Reed Jr,DET,ra,UNDER,6.5,-130,0.5652173913043478,0.6043493604679717,0.7430899784117295,0.039131969163623936,0.06923348390487305,draftkings,DraftKings,2026-05-18T00:10:00Z,Detroit Pistons,Cleveland Cavaliers,,,False
2026-05-17,2026-05-17T23:02:03.848180+00:00,4278562,Paul Reed Jr,DET,ra,UNDER,6.5,-130,0.5652173913043478,0.6043493604679717,0.7430899784117295,0.039131969163623936,0.06923348390487305,bovada,Bovada,2026-05-18T00:10:00Z,Detroit Pistons,Cleveland Cavaliers,,,False
2026-05-17,2026-05-17T23:02:03.848180+00:00,4432158,Evan Mobley,CLE,ra,UNDER,10.5,165,0.37735849056603776,0.4022635194944603,0.490563167513413,0.024905028928422557,0.0659983266603199,bovada,Bovada,2026-05-18T00:10:00Z,Detroit Pistons,Cleveland Cavaliers,,,False
2026-05-17,2026-05-17T23:02:03.848180+00:00,3992,James Harden,CLE,ra,UNDER,11.5,-130,0.5652173913043478,0.6015226000173763,0.7302410672726592,0.03630520871302856,0.06423229233843508,bovada,Bovada,2026-05-18T00:10:00Z,Detroit Pistons,Cleveland Cavaliers,,,False
2026-05-17,2026-05-17T23:02:03.848180+00:00,3992,James Harden,CLE,ra,UNDER,11.5,-133,0.5708154506437768,0.6058890863021309,0.7302410672726592,0.035073635658354085,0.06144479028869548,draftkings,DraftKings,2026-05-18T00:10:00Z,Detroit Pistons,Cleveland Cavaliers,,,False
2026-05-17,2026-05-17T23:02:03.848180+00:00,4432158,Evan Mobley,CLE,ra,UNDER,12.5,-135,0.574468085106383,0.6088960528747612,0.7309588476899205,0.0344279677683782,0.05993016611532509,bovada,Bovada,2026-05-18T00:10:00Z,Detroit Pistons,Cleveland Cavaliers,,,False
2026-05-17,2026-05-17T23:02:03.848180+00:00,4432158,Evan Mobley,CLE,ra,UNDER,12.5,-137,0.5780590717299579,0.6116970224411497,0.7309588476899205,0.0336379507111918,0.058191199405492444,draftkings,DraftKings,2026-05-18T00:10:00Z,Detroit Pistons,Cleveland Cavaliers,,,False
2026-05-17,2026-05-17T23:02:03.848180+00:00,4432158,Evan Mobley,CLE,ra,UNDER,12.5,-138,0.5798319327731093,0.6130798540548078,0.7309588476899205,0.03324792128169851,0.057340617862639554,fanduel,FanDuel,2026-05-18T00:10:00Z,Detroit Pistons,Cleveland Cavaliers,,,False
2026-05-17,2026-05-17T23:02:03.848180+00:00,4278562,Paul Reed Jr,DET,ra,UNDER,7.5,-220,0.6875,0.7264079466739568,0.86435430306344,0.038907946673956806,0.056593376980300814,bovada,Bovada,2026-05-18T00:10:00Z,Detroit Pistons,Cleveland Cavaliers,,,False
2026-05-17,2026-05-17T23:02:03.848180+00:00,4065778,Max Strus,CLE,ra,OVER,6.5,-130,0.5652173913043478,0.5966769637043766,0.7082154476681154,0.031459572400028835,0.05565924347697404,fanduel,FanDuel,2026-05-18T00:10:00Z,Detroit Pistons,Cleveland Cavaliers,,,False
2026-05-17,2026-05-17T23:02:03.848180+00:00,6440,Tobias Harris,DET,ra,OVER,7.5,-165,0.6226415094339622,0.6550632676846513,0.7700131378461852,0.03242175825068905,0.052071308705652075,bovada,Bovada,2026-05-18T00:10:00Z,Detroit Pistons,Cleveland Cavaliers,,,False
2026-05-17,2026-05-17T23:02:03.848180+00:00,3992,James Harden,CLE,ra,UNDER,10.5,100,0.5,0.5254356992975723,0.615616814988965,0.02543569929757228,0.05087139859514456,betmgm,BetMGM,2026-05-18T00:10:00Z,Detroit Pistons,Cleveland Cavaliers,,,False
2026-05-17,2026-05-17T23:02:03.848180+00:00,5107199,Daniss Jenkins,DET,ra,OVER,4.5,-290,0.7435897435897436,0.7797499008593194,0.907954094815088,0.03616015726957578,0.048629177017705416,bovada,Bovada,2026-05-18T00:10:00Z,Detroit Pistons,Cleveland Cavaliers,,,False
2026-05-17,2026-05-17T23:02:03.848180+00:00,3032979,Dennis Schroder,CLE,ra,OVER,3.5,-133,0.5708154506437768,0.5984405936075403,0.6963842822972475,0.027625142963763505,0.04839592714704427,draftkings,DraftKings,2026-05-18T00:10:00Z,Detroit Pistons,Cleveland Cavaliers,,,False
2026-05-17,2026-05-17T23:02:03.848180+00:00,4432158,Evan Mobley,CLE,ra,UNDER,11.5,-105,0.5121951219512195,0.5351193472575684,0.6163961460709872,0.022924225306348855,0.044756820836204914,betmgm,BetMGM,2026-05-18T00:10:00Z,Detroit Pistons,Cleveland Cavaliers,,,False
2026-05-17,2026-05-17T23:02:03.848180+00:00,4065778,Max Strus,CLE,ra,OVER,7.5,106,0.4854368932038835,0.5054874091414886,0.5765756020111793,0.020050515937605096,0.04130406283146659,draftkings,DraftKings,2026-05-18T00:10:00Z,Detroit Pistons,Cleveland Cavaliers,,,False
2026-05-17,2026-05-17T23:02:03.848180+00:00,4684742,Ausar Thompson,DET,ra,OVER,10.5,108,0.4807692307692308,0.49827970230876006,0.5603622832216365,0.017510471539529282,0.036421780802220916,fanduel,FanDuel,2026-05-18T00:10:00Z,Detroit Pistons,Cleveland Cavaliers,,,False
2026-05-17,2026-05-17T23:02:03.848180+00:00,4684742,Ausar Thompson,DET,ra,OVER,9.5,-140,0.5833333333333334,0.6041402418526098,0.6779101902391355,0.020806908519276468,0.03566898603304547,betmgm,BetMGM,2026-05-18T00:10:00Z,Detroit Pistons,Cleveland Cavaliers,,,False
2026-05-17,2026-05-17T23:02:03.848180+00:00,6440,Tobias Harris,DET,ra,OVER,6.5,-280,0.7368421052631579,0.7630084127394322,0.8557798665189502,0.026166307476274353,0.03551141728922941,bovada,Bovada,2026-05-18T00:10:00Z,Detroit Pistons,Cleveland Cavaliers,,,False
2026-05-17,2026-05-17T23:02:03.848180+00:00,4433621,Jalen Duren,DET,ra,UNDER,11.5,-135,0.574468085106383,0.5894266022005098,0.642461344625141,0.014958517094126766,0.026038900126813314,bovada,Bovada,2026-05-18T00:10:00Z,Detroit Pistons,Cleveland Cavaliers,,,False
2026-05-17,2026-05-17T23:02:03.848180+00:00,4433621,Jalen Duren,DET,ra,UNDER,11.5,-137,0.5780590717299579,0.5922275717668981,0.642461344625141,0.014168500036940257,0.02451047086682373,draftkings,DraftKings,2026-05-18T00:10:00Z,Detroit Pistons,Cleveland Cavaliers,,,False
2026-05-17,2026-05-17T23:02:03.848180+00:00,4433621,Jalen Duren,DET,ra,UNDER,10.5,110,0.47619047619047616,0.48575044439204923,0.5196448771067175,0.009559968201573066,0.020075933223303477,bovada,Bovada,2026-05-18T00:10:00Z,Detroit Pistons,Cleveland Cavaliers,,,False
2026-05-17,2026-05-17T23:02:03.848180+00:00,4684742,Ausar Thompson,DET,ra,OVER,9.5,-170,0.6296296296296297,0.6402513529637209,0.6779101902391355,0.010621723334091282,0.016869795883556804,bovada,Bovada,2026-05-18T00:10:00Z,Detroit Pistons,Cleveland Cavaliers,,,False
2026-05-17,2026-05-17T23:02:03.848180+00:00,4684742,Ausar Thompson,DET,ra,OVER,10.5,-110,0.5238095238095238,0.5318511308801886,0.5603622832216365,0.008041607070664814,0.015352158953087391,bovada,Bovada,2026-05-18T00:10:00Z,Detroit Pistons,Cleveland Cavaliers,,,False
2026-05-17,2026-05-17T23:02:03.848180+00:00,4433621,Jalen Duren,DET,ra,UNDER,9.5,170,0.37037037037037035,0.3757710512657205,0.3949189198946894,0.005400680895350174,0.014581838417445425,bovada,Bovada,2026-05-18T00:10:00Z,Detroit Pistons,Cleveland Cavaliers,,,False
2026-05-17,2026-05-17T23:02:03.848180+00:00,4684742,Ausar Thompson,DET,ra,OVER,8.5,-275,0.7333333333333333,0.7435768576034617,0.7798948072884626,0.010243524270128423,0.013968442186538699,bovada,Bovada,2026-05-18T00:10:00Z,Detroit Pistons,Cleveland Cavaliers,,,False
2026-05-17,2026-05-17T23:02:03.848180+00:00,3912848,Dean Wade,CLE,ra,OVER,4.5,-135,0.574468085106383,0.5817486405432837,0.607561518910477,0.007280555436900649,0.01267355946423454,betmgm,BetMGM,2026-05-18T00:10:00Z,Detroit Pistons,Cleveland Cavaliers,,,False
2026-05-17,2026-05-17T23:02:03.848180+00:00,4066757,Sam Merrill,CLE,ra,UNDER,2.5,102,0.49504950495049505,0.500751670418459,0.520968438895786,0.005702165467963982,0.011518374245287233,fanduel,FanDuel,2026-05-18T00:10:00Z,Detroit Pistons,Cleveland Cavaliers,,,False
2026-05-17,2026-05-17T23:02:03.848180+00:00,4433621,Jalen Duren,DET,ra,UNDER,10.5,100,0.5,0.5043218729634779,0.5196448771067175,0.004321872963477857,0.008643745926955715,betmgm,BetMGM,2026-05-18T00:10:00Z,Detroit Pistons,Cleveland Cavaliers,,,False
2026-05-17,2026-05-17T23:02:03.848180+00:00,4433621,Jalen Duren,DET,ra,UNDER,10.5,-102,0.504950495049505,0.5081832591020917,0.5196448771067175,0.0032327640525867674,0.006402140574730653,fanduel,FanDuel,2026-05-18T00:10:00Z,Detroit Pistons,Cleveland Cavaliers,,,False
2026-05-17,2026-05-17T23:02:03.848180+00:00,4066757,Sam Merrill,CLE,ra,UNDER,2.5,-103,0.5073891625615764,0.5103766033551025,0.520968438895786,0.002987440793526086,0.005887868748405856,draftkings,DraftKings,2026-05-18T00:10:00Z,Detroit Pistons,Cleveland Cavaliers,,,False
2026-05-17,2026-05-17T23:02:03.848180+00:00,3908809,Donovan Mitchell,CLE,ra,OVER,7.5,-130,0.5652173913043478,0.5677974227908544,0.5769448071521055,0.002580031486506651,0.004564671091511707,bovada,Bovada,2026-05-18T00:10:00Z,Detroit Pistons,Cleveland Cavaliers,,,False
2026-05-17,2026-05-17T23:02:03.848180+00:00,3908809,Donovan Mitchell,CLE,ra,OVER,6.5,-230,0.696969696969697,0.6993519194445826,0.7077979809464496,0.0023822224748856202,0.0034179713770098874,bovada,Bovada,2026-05-18T00:10:00Z,Detroit Pistons,Cleveland Cavaliers,,,False
2026-05-17,2026-05-17T23:02:03.848180+00:00,4066328,Jarrett Allen,CLE,ra,OVER,8.5,-130,0.5652173913043478,0.5667249493920323,0.5720699280665503,0.0015075580876845462,0.0026672181551341545,betmgm,BetMGM,2026-05-18T00:10:00Z,Detroit Pistons,Cleveland Cavaliers,,,False
2026-05-17,2026-05-17T23:02:03.848180+00:00,3157465,Duncan Robinson,DET,reb,OVER,2.5,160,0.38461538461538464,0.43985680903040136,0.7528915473821629,0.05524142441501673,0.14362770347904363,bovada,Bovada,2026-05-18T00:10:00Z,Detroit Pistons,Cleveland Cavaliers,,,False
2026-05-17,2026-05-17T23:02:03.848180+00:00,2991043,Caris LeVert,DET,reb,OVER,2.5,148,0.4032258064516129,0.45774946801226035,0.766716883522596,0.054523661560647474,0.13521868067040566,fanduel,FanDuel,2026-05-18T00:10:00Z,Detroit Pistons,Cleveland Cavaliers,,,False
2026-05-17,2026-05-17T23:02:03.848180+00:00,2991043,Caris LeVert,DET,reb,OVER,2.5,141,0.4149377593360996,0.4677046279640741,0.766716883522596,0.05276686862797447,0.12716815339341847,betonlineag,BetOnline.ag,2026-05-18T00:10:00Z,Detroit Pistons,Cleveland Cavaliers,,,False
2026-05-17,2026-05-17T23:02:03.848180+00:00,2991043,Caris LeVert,DET,reb,OVER,2.5,140,0.4166666666666667,0.4691741991950561,0.766716883522596,0.05250753252838941,0.1260180780681346,bovada,Bovada,2026-05-18T00:10:00Z,Detroit Pistons,Cleveland Cavaliers,,,False
2026-05-17,2026-05-17T23:02:03.848180+00:00,2991043,Caris LeVert,DET,reb,OVER,2.5,137,0.4219409282700422,0.4736573215579253,0.766716883522596,0.05171639328788308,0.12256785209228294,draftkings,DraftKings,2026-05-18T00:10:00Z,Detroit Pistons,Cleveland Cavaliers,,,False
2026-05-17,2026-05-17T23:02:03.848180+00:00,5107199,Daniss Jenkins,DET,reb,OVER,3.5,145,0.40816326530612246,0.4542793983962899,0.7156041525739052,0.04611613309016743,0.11298452607091014,bovada,Bovada,2026-05-18T00:10:00Z,Detroit Pistons,Cleveland Cavaliers,,,False
2026-05-17,2026-05-17T23:02:03.848180+00:00,3032979,Dennis Schroder,CLE,reb,OVER,1.5,126,0.4424778761061947,0.481449955643003,0.7022917396849169,0.03897207953680831,0.08807689975318678,draftkings,DraftKings,2026-05-18T00:10:00Z,Detroit Pistons,Cleveland Cavaliers,,,False
2026-05-17,2026-05-17T23:02:03.848180+00:00,3032979,Dennis Schroder,CLE,reb,OVER,1.5,125,0.4444444444444444,0.4831215387305153,0.7022917396849169,0.03867709428607086,0.0870234621436593,bovada,Bovada,2026-05-18T00:10:00Z,Detroit Pistons,Cleveland Cavaliers,,,False
2026-05-17,2026-05-17T23:02:03.848180+00:00,3032979,Dennis Schroder,CLE,reb,OVER,1.5,110,0.47619047619047616,0.5101056657146422,0.7022917396849169,0.033915189524166056,0.07122189800074874,betonlineag,BetOnline.ag,2026-05-18T00:10:00Z,Detroit Pistons,Cleveland Cavaliers,,,False
2026-05-17,2026-05-17T23:02:03.848180+00:00,3908809,Donovan Mitchell,CLE,reb,OVER,5.5,165,0.37735849056603776,0.40228649978038084,0.5435452186616582,0.024928009214343072,0.06605922441800915,bovada,Bovada,2026-05-18T00:10:00Z,Detroit Pistons,Cleveland Cavaliers,,,False
2026-05-17,2026-05-17T23:02:03.848180+00:00,6440,Tobias Harris,DET,reb,OVER,6.5,122,0.45045045045045046,0.47936133195080305,0.6431896604528011,0.028910881500352592,0.06418215693078266,fanduel,FanDuel,2026-05-18T00:10:00Z,Detroit Pistons,Cleveland Cavaliers,,,False
2026-05-17,2026-05-17T23:02:03.848180+00:00,5107199,Daniss Jenkins,DET,reb,OVER,2.5,-146,0.5934959349593496,0.631164455346006,0.8446194042037252,0.03766852038665636,0.06346887681587304,fanduel,FanDuel,2026-05-18T00:10:00Z,Detroit Pistons,Cleveland Cavaliers,,,False
2026-05-17,2026-05-17T23:02:03.848180+00:00,6440,Tobias Harris,DET,reb,OVER,7.5,180,0.35714285714285715,0.378702410949846,0.5008732158561164,0.021559553806988874,0.06036675065956887,bovada,Bovada,2026-05-18T00:10:00Z,Detroit Pistons,Cleveland Cavaliers,,,False
2026-05-17,2026-05-17T23:02:03.848180+00:00,3157465,Duncan Robinson,DET,reb,OVER,1.5,-172,0.6323529411764706,0.6701699800158604,0.884466533439069,0.037817038839389805,0.059803689327407095,betonlineag,BetOnline.ag,2026-05-18T00:10:00Z,Detroit Pistons,Cleveland Cavaliers,,,False
2026-05-17,2026-05-17T23:02:03.848180+00:00,3908809,Donovan Mitchell,CLE,reb,OVER,4.5,100,0.5,0.5297980374650272,0.6986535831001809,0.029798037465027183,0.059596074930054366,betmgm,BetMGM,2026-05-18T00:10:00Z,Detroit Pistons,Cleveland Cavaliers,,,False
2026-05-17,2026-05-17T23:02:03.848180+00:00,5107199,Daniss Jenkins,DET,reb,OVER,2.5,-154,0.6062992125984252,0.6420472413392202,0.8446194042037252,0.03574802874079497,0.058961034416635916,draftkings,DraftKings,2026-05-18T00:10:00Z,Detroit Pistons,Cleveland Cavaliers,,,False
2026-05-17,2026-05-17T23:02:03.848180+00:00,5107199,Daniss Jenkins,DET,reb,OVER,2.5,-154,0.6062992125984252,0.6420472413392202,0.8446194042037252,0.03574802874079497,0.058961034416635916,betonlineag,BetOnline.ag,2026-05-18T00:10:00Z,Detroit Pistons,Cleveland Cavaliers,,,False
2026-05-17,2026-05-17T23:02:03.848180+00:00,4065778,Max Strus,CLE,reb,OVER,5.5,140,0.4166666666666667,0.44120943565173126,0.5802851265670972,0.024542768985064578,0.05890264556415503,bovada,Bovada,2026-05-18T00:10:00Z,Detroit Pistons,Cleveland Cavaliers,,,False
2026-05-17,2026-05-17T23:02:03.848180+00:00,3157465,Duncan Robinson,DET,reb,OVER,1.5,-176,0.6376811594202898,0.6746989655231067,0.884466533439069,0.03701780610281691,0.058050650479417376,draftkings,DraftKings,2026-05-18T00:10:00Z,Detroit Pistons,Cleveland Cavaliers,,,False
2026-05-17,2026-05-17T23:02:03.848180+00:00,3157465,Duncan Robinson,DET,reb,OVER,1.5,-180,0.6428571428571429,0.6790985514444319,0.884466533439069,0.03624140858728897,0.056375524469116256,bovada,Bovada,2026-05-18T00:10:00Z,Detroit Pistons,Cleveland Cavaliers,,,False
2026-05-17,2026-05-17T23:02:03.848180+00:00,5107199,Daniss Jenkins,DET,reb,OVER,2.5,-160,0.6153846153846154,0.6497698337074819,0.8446194042037252,0.03438521832286645,0.055875979774658024,bovada,Bovada,2026-05-18T00:10:00Z,Detroit Pistons,Cleveland Cavaliers,,,False
2026-05-17,2026-05-17T23:02:03.848180+00:00,4433621,Jalen Duren,DET,reb,UNDER,7.5,200,0.3333333333333333,0.35119580975605696,0.4524165094848245,0.01786247642272365,0.05358742926817095,bovada,Bovada,2026-05-18T00:10:00Z,Detroit Pistons,Cleveland Cavaliers,,,False
2026-05-17,2026-05-17T23:02:03.848180+00:00,5107199,Daniss Jenkins,DET,reb,OVER,2.5,-165,0.6226415094339622,0.6559381936494266,0.8446194042037252,0.03329668421546439,0.05347649283089734,betmgm,BetMGM,2026-05-18T00:10:00Z,Detroit Pistons,Cleveland Cavaliers,,,False
2026-05-17,2026-05-17T23:02:03.848180+00:00,6440,Tobias Harris,DET,reb,OVER,6.5,109,0.4784688995215311,0.5031770136612216,0.6431896604528011,0.024708114139690485,0.051639958551953136,betonlineag,BetOnline.ag,2026-05-18T00:10:00Z,Detroit Pistons,Cleveland Cavaliers,,,False
2026-05-17,2026-05-17T23:02:03.848180+00:00,3908809,Donovan Mitchell,CLE,reb,OVER,4.5,-109,0.5215311004784688,0.5480994728717257,0.6986535831001809,0.026568372393256823,0.05094302596505196,betonlineag,BetOnline.ag,2026-05-18T00:10:00Z,Detroit Pistons,Cleveland Cavaliers,,,False
2026-05-17,2026-05-17T23:02:03.848180+00:00,2991043,Caris LeVert,DET,reb,OVER,1.5,-200,0.6666666666666666,0.7004861639603047,0.892129981957587,0.03381949729363809,0.05072924594045708,bovada,Bovada,2026-05-18T00:10:00Z,Detroit Pistons,Cleveland Cavaliers,,,False
2026-05-17,2026-05-17T23:02:03.848180+00:00,6440,Tobias Harris,DET,reb,OVER,6.5,108,0.4807692307692308,0.5051322952217663,0.6431896604528011,0.0243630644525355,0.050675174061273864,williamhill_us,Caesars,2026-05-18T00:10:00Z,Detroit Pistons,Cleveland Cavaliers,,,False
2026-05-17,2026-05-17T23:02:03.848180+00:00,3992,James Harden,CLE,reb,OVER,4.5,-108,0.5192307692307693,0.5443607916651397,0.6867642521265725,0.025130022434370458,0.048398561725454314,fanduel,FanDuel,2026-05-18T00:10:00Z,Detroit Pistons,Cleveland Cavaliers,,,False
2026-05-17,2026-05-17T23:02:03.848180+00:00,3908809,Donovan Mitchell,CLE,reb,OVER,4.5,-112,0.5283018867924528,0.553854641238612,0.6986535831001809,0.02555275444615923,0.04836771377308713,williamhill_us,Caesars,2026-05-18T00:10:00Z,Detroit Pistons,Cleveland Cavaliers,,,False
2026-05-17,2026-05-17T23:02:03.848180+00:00,6440,Tobias Harris,DET,reb,OVER,6.5,105,0.4878048780487805,0.5111125954093836,0.6431896604528011,0.02330771736060311,0.047780820589236384,betmgm,BetMGM,2026-05-18T00:10:00Z,Detroit Pistons,Cleveland Cavaliers,,,False
2026-05-17,2026-05-17T23:02:03.848180+00:00,6440,Tobias Harris,DET,reb,OVER,6.5,105,0.4878048780487805,0.5111125954093836,0.6431896604528011,0.02330771736060311,0.047780820589236384,bovada,Bovada,2026-05-18T00:10:00Z,Detroit Pistons,Cleveland Cavaliers,,,False
2026-05-17,2026-05-17T23:02:03.848180+00:00,3908809,Donovan Mitchell,CLE,reb,OVER,4.5,-113,0.5305164319248826,0.5557370046011774,0.6986535831001809,0.02522057267629474,0.04753966354027239,fanduel,FanDuel,2026-05-18T00:10:00Z,Detroit Pistons,Cleveland Cavaliers,,,False
2026-05-17,2026-05-17T23:02:03.848180+00:00,4433621,Jalen Duren,DET,reb,UNDER,8.5,120,0.45454545454545453,0.47587642304197303,0.5967519111889112,0.0213309684965185,0.046928130692340586,bovada,Bovada,2026-05-18T00:10:00Z,Detroit Pistons,Cleveland Cavaliers,,,False
2026-05-17,2026-05-17T23:02:03.848180+00:00,4278562,Paul Reed Jr,DET,reb,UNDER,4.5,125,0.4444444444444444,0.465219756756085,0.5829465265220483,0.020775312311640592,0.04674445270119121,bovada,Bovada,2026-05-18T00:10:00Z,Detroit Pistons,Cleveland Cavaliers,,,False
2026-05-17,2026-05-17T23:02:03.848180+00:00,4278562,Paul Reed Jr,DET,reb,UNDER,5.5,-138,0.5798319327731093,0.6068306295438962,0.7598232445783553,0.026998696770786923,0.046562969793096376,draftkings,DraftKings,2026-05-18T00:10:00Z,Detroit Pistons,Cleveland Cavaliers,,,False
2026-05-17,2026-05-17T23:02:03.848180+00:00,3908809,Donovan Mitchell,CLE,reb,OVER,4.5,-115,0.5348837209302325,0.5594492002557248,0.6986535831001809,0.024565479325492245,0.04592676569548537,bovada,Bovada,2026-05-18T00:10:00Z,Detroit Pistons,Cleveland Cavaliers,,,False
2026-05-17,2026-05-17T23:02:03.848180+00:00,6440,Tobias Harris,DET,reb,OVER,6.5,103,0.49261083743842365,0.5151976608905803,0.6431896604528011,0.022586823452156624,0.04585125160787795,draftkings,DraftKings,2026-05-18T00:10:00Z,Detroit Pistons,Cleveland Cavaliers,,,False
2026-05-17,2026-05-17T23:02:03.848180+00:00,4065778,Max Strus,CLE,reb,OVER,4.5,-130,0.5652173913043478,0.5900163488636292,0.7305437750328907,0.02479895755928141,0.04387507875872859,bovada,Bovada,2026-05-18T00:10:00Z,Detroit Pistons,Cleveland Cavaliers,,,False
2026-05-17,2026-05-17T23:02:03.848180+00:00,3992,James Harden,CLE,reb,OVER,5.5,145,0.40816326530612246,0.4259097035690352,0.5264728537255408,0.017746438262912723,0.04347877374413611,bovada,Bovada,2026-05-18T00:10:00Z,Detroit Pistons,Cleveland Cavaliers,,,False
2026-05-17,2026-05-17T23:02:03.848180+00:00,4433621,Jalen Duren,DET,reb,UNDER,9.5,-130,0.5652173913043478,0.589768105351746,0.7288888182870021,0.02455071404739817,0.04343587869924287,bovada,Bovada,2026-05-18T00:10:00Z,Detroit Pistons,Cleveland Cavaliers,,,False
2026-05-17,2026-05-17T23:02:03.848180+00:00,3908809,Donovan Mitchell,CLE,reb,OVER,4.5,-119,0.54337899543379,0.5666701835837487,0.6986535831001809,0.023291188149958675,0.042863615166730706,draftkings,DraftKings,2026-05-18T00:10:00Z,Detroit Pistons,Cleveland Cavaliers,,,False
2026-05-17,2026-05-17T23:02:03.848180+00:00,4278562,Paul Reed Jr,DET,reb,UNDER,5.5,-145,0.5918367346938775,0.6170347111765492,0.7598232445783553,0.025197976482671636,0.042575891298307245,williamhill_us,Caesars,2026-05-18T00:10:00Z,Detroit Pistons,Cleveland Cavaliers,,,False
2026-05-17,2026-05-17T23:02:03.848180+00:00,4278562,Paul Reed Jr,DET,reb,UNDER,5.5,-149,0.5983935742971888,0.6226080248393637,0.7598232445783553,0.02421445054217497,0.040465759630883,betonlineag,BetOnline.ag,2026-05-18T00:10:00Z,Detroit Pistons,Cleveland Cavaliers,,,False
2026-05-17,2026-05-17T23:02:03.848180+00:00,4065778,Max Strus,CLE,reb,OVER,4.5,-136,0.576271186440678,0.5994120747295099,0.7305437750328907,0.023140888288831873,0.040156247324737715,draftkings,DraftKings,2026-05-18T00:10:00Z,Detroit Pistons,Cleveland Cavaliers,,,False
2026-05-17,2026-05-17T23:02:03.848180+00:00,4065778,Max Strus,CLE,reb,OVER,5.5,118,0.45871559633027525,0.4769510258657985,0.5802851265670972,0.018235429535523262,0.03975323638744077,betonlineag,BetOnline.ag,2026-05-18T00:10:00Z,Detroit Pistons,Cleveland Cavaliers,,,False
2026-05-17,2026-05-17T23:02:03.848180+00:00,4432166,Cade Cunningham,DET,reb,OVER,5.5,116,0.46296296296296297,0.480980961597183,0.5830829538577631,0.018017998634220045,0.03891887704991526,fanduel,FanDuel,2026-05-18T00:10:00Z,Detroit Pistons,Cleveland Cavaliers,,,False
2026-05-17,2026-05-17T23:02:03.848180+00:00,4432166,Cade Cunningham,DET,reb,OVER,5.5,115,0.46511627906976744,0.48281128028796677,0.5830829538577631,0.017695001218199335,0.03804425261912847,fanatics,Fanatics,2026-05-18T00:10:00Z,Detroit Pistons,Cleveland Cavaliers,,,False
2026-05-17,2026-05-17T23:02:03.848180+00:00,4433621,Jalen Duren,DET,reb,UNDER,9.5,-139,0.5815899581589958,0.6036847871781967,0.7288888182870021,0.0220948290192009,0.037990389464669205,draftkings,DraftKings,2026-05-18T00:10:00Z,Detroit Pistons,Cleveland Cavaliers,,,False
2026-05-17,2026-05-17T23:02:03.848180+00:00,4278562,Paul Reed Jr,DET,reb,UNDER,5.5,-155,0.6078431372549019,0.6306401533534199,0.7598232445783553,0.02279701609851803,0.0375047684201425,betmgm,BetMGM,2026-05-18T00:10:00Z,Detroit Pistons,Cleveland Cavaliers,,,False
2026-05-17,2026-05-17T23:02:03.848180+00:00,3992,James Harden,CLE,reb,OVER,4.5,-122,0.5495495495495496,0.570131754936103,0.6867642521265725,0.02058220538655342,0.03745286553946614,williamhill_us,Caesars,2026-05-18T00:10:00Z,Detroit Pistons,Cleveland Cavaliers,,,False
2026-05-17,2026-05-17T23:02:03.848180+00:00,3992,James Harden,CLE,reb,OVER,4.5,-125,0.5555555555555556,0.5752368600412081,0.6867642521265725,0.01968130448565253,0.03542634807417461,betmgm,BetMGM,2026-05-18T00:10:00Z,Detroit Pistons,Cleveland Cavaliers,,,False
2026-05-17,2026-05-17T23:02:03.848180+00:00,4278562,Paul Reed Jr,DET,reb,UNDER,5.5,-160,0.6153846153846154,0.6370504097636764,0.7598232445783553,0.02166579437906102,0.03520691586597424,bovada,Bovada,2026-05-18T00:10:00Z,Detroit Pistons,Cleveland Cavaliers,,,False
2026-05-17,2026-05-17T23:02:03.848180+00:00,3992,James Harden,CLE,reb,OVER,4.5,-127,0.5594713656387665,0.5785652986119374,0.6867642521265725,0.019093932973170857,0.034128525865431414,draftkings,DraftKings,2026-05-18T00:10:00Z,Detroit Pistons,Cleveland Cavaliers,,,False
2026-05-17,2026-05-17T23:02:03.848180+00:00,4432158,Evan Mobley,CLE,reb,UNDER,8.5,-125,0.5555555555555556,0.5739851914709018,0.678419794991197,0.018429635915346188,0.033173344647623226,betmgm,BetMGM,2026-05-18T00:10:00Z,Detroit Pistons,Cleveland Cavaliers,,,False
2026-05-17,2026-05-17T23:02:03.848180+00:00,6440,Tobias Harris,DET,reb,OVER,5.5,-170,0.6296296296296297,0.6503636945399303,0.7678567290316338,0.02073406491030061,0.03293057368106572,bovada,Bovada,2026-05-18T00:10:00Z,Detroit Pistons,Cleveland Cavaliers,,,False
2026-05-17,2026-05-17T23:02:03.848180+00:00,4432166,Cade Cunningham,DET,reb,OVER,5.5,109,0.4784688995215311,0.4941610076719659,0.5830829538577631,0.015692108150434814,0.03279650603440876,betonlineag,BetOnline.ag,2026-05-18T00:10:00Z,Detroit Pistons,Cleveland Cavaliers,,,False
2026-05-17,2026-05-17T23:02:03.848180+00:00,3992,James Harden,CLE,reb,OVER,4.5,-130,0.5652173913043478,0.5834494204276814,0.6867642521265725,0.01823202912333366,0.03225666691051332,bovada,Bovada,2026-05-18T00:10:00Z,Detroit Pistons,Cleveland Cavaliers,,,False
2026-05-17,2026-05-17T23:02:03.848180+00:00,4433621,Jalen Duren,DET,reb,UNDER,10.5,-220,0.6875,0.7096193711474589,0.8349624743163926,0.022119371147458877,0.032173630759940175,bovada,Bovada,2026-05-18T00:10:00Z,Detroit Pistons,Cleveland Cavaliers,,,False
2026-05-17,2026-05-17T23:02:03.848180+00:00,4432158,Evan Mobley,CLE,reb,UNDER,8.5,-129,0.5633187772925764,0.5805839299473695,0.678419794991197,0.017265152654793114,0.030648991922074598,draftkings,DraftKings,2026-05-18T00:10:00Z,Detroit Pistons,Cleveland Cavaliers,,,False
2026-05-17,2026-05-17T23:02:03.848180+00:00,3992,James Harden,CLE,reb,OVER,4.5,-133,0.5708154506437768,0.5882077708661961,0.6867642521265725,0.017392320222419322,0.0304692527204789,betonlineag,BetOnline.ag,2026-05-18T00:10:00Z,Detroit Pistons,Cleveland Cavaliers,,,False
2026-05-17,2026-05-17T23:02:03.848180+00:00,4278562,Paul Reed Jr,DET,reb,UNDER,6.5,-280,0.7368421052631579,0.7591144201901685,0.8853242047765624,0.02227231492701065,0.030226713115228676,bovada,Bovada,2026-05-18T00:10:00Z,Detroit Pistons,Cleveland Cavaliers,,,False
2026-05-17,2026-05-17T23:02:03.848180+00:00,4065778,Max Strus,CLE,reb,OVER,4.5,-156,0.609375,0.6275503162549336,0.7305437750328907,0.018175316254933627,0.029826160008096236,fanduel,FanDuel,2026-05-18T00:10:00Z,Detroit Pistons,Cleveland Cavaliers,,,False
2026-05-17,2026-05-17T23:02:03.848180+00:00,4432166,Cade Cunningham,DET,reb,OVER,5.5,105,0.4878048780487805,0.5020965894201279,0.5830829538577631,0.014291711371347438,0.02929800831126228,betmgm,BetMGM,2026-05-18T00:10:00Z,Detroit Pistons,Cleveland Cavaliers,,,False
2026-05-17,2026-05-17T23:02:03.848180+00:00,4432166,Cade Cunningham,DET,reb,OVER,5.5,105,0.4878048780487805,0.5020965894201279,0.5830829538577631,0.014291711371347438,0.02929800831126228,bovada,Bovada,2026-05-18T00:10:00Z,Detroit Pistons,Cleveland Cavaliers,,,False
2026-05-17,2026-05-17T23:02:03.848180+00:00,4432166,Cade Cunningham,DET,reb,OVER,5.5,105,0.4878048780487805,0.5020965894201279,0.5830829538577631,0.014291711371347438,0.02929800831126228,williamhill_us,Caesars,2026-05-18T00:10:00Z,Detroit Pistons,Cleveland Cavaliers,,,False
2026-05-17,2026-05-17T23:02:03.848180+00:00,4433621,Jalen Duren,DET,reb,UNDER,8.5,100,0.5,0.5145127866783367,0.5967519111889112,0.014512786678336664,0.02902557335667333,fanduel,FanDuel,2026-05-18T00:10:00Z,Detroit Pistons,Cleveland Cavaliers,,,False
2026-05-17,2026-05-17T23:02:03.848180+00:00,4433621,Jalen Duren,DET,reb,UNDER,8.5,100,0.5,0.5145127866783367,0.5967519111889112,0.014512786678336664,0.02902557335667333,betmgm,BetMGM,2026-05-18T00:10:00Z,Detroit Pistons,Cleveland Cavaliers,,,False
2026-05-17,2026-05-17T23:02:03.848180+00:00,4432158,Evan Mobley,CLE,reb,UNDER,8.5,-132,0.5689655172413793,0.585383658903852,0.678419794991197,0.016418141662472685,0.02885612777040658,betonlineag,BetOnline.ag,2026-05-18T00:10:00Z,Detroit Pistons,Cleveland Cavaliers,,,False
2026-05-17,2026-05-17T23:02:03.848180+00:00,4432166,Cade Cunningham,DET,reb,OVER,5.5,104,0.49019607843137253,0.5041291097453311,0.5830829538577631,0.013933031313958566,0.028423383880475495,draftkings,DraftKings,2026-05-18T00:10:00Z,Detroit Pistons,Cleveland Cavaliers,,,False
2026-05-17,2026-05-17T23:02:03.848180+00:00,4433621,Jalen Duren,DET,reb,UNDER,8.5,-101,0.5024875621890548,0.5166272145390333,0.5967519111889112,0.014139652349978493,0.028139308142036468,betonlineag,BetOnline.ag,2026-05-18T00:10:00Z,Detroit Pistons,Cleveland Cavaliers,,,False
2026-05-17,2026-05-17T23:02:03.848180+00:00,4433621,Jalen Duren,DET,reb,UNDER,8.5,-102,0.504950495049505,0.5187207074704159,0.5967519111889112,0.013770212420910921,0.02727042067670593,williamhill_us,Caesars,2026-05-18T00:10:00Z,Detroit Pistons,Cleveland Cavaliers,,,False
2026-05-17,2026-05-17T23:02:03.848180+00:00,4432158,Evan Mobley,CLE,reb,UNDER,8.5,-135,0.574468085106383,0.5900608415891051,0.678419794991197,0.01559275648272207,0.027142946469923657,bovada,Bovada,2026-05-18T00:10:00Z,Detroit Pistons,Cleveland Cavaliers,,,False
2026-05-17,2026-05-17T23:02:03.848180+00:00,4432158,Evan Mobley,CLE,reb,UNDER,8.5,-136,0.576271186440678,0.5915934777232559,0.678419794991197,0.015322291282577893,0.0265886819315323,williamhill_us,Caesars,2026-05-18T00:10:00Z,Detroit Pistons,Cleveland Cavaliers,,,False
2026-05-17,2026-05-17T23:02:03.848180+00:00,3908809,Donovan Mitchell,CLE,reb,OVER,3.5,-240,0.7058823529411765,0.7236379205736271,0.8242528038241804,0.017755567632450564,0.02515372081263839,bovada,Bovada,2026-05-18T00:10:00Z,Detroit Pistons,Cleveland Cavaliers,,,False
2026-05-17,2026-05-17T23:02:03.848180+00:00,4432158,Evan Mobley,CLE,reb,UNDER,8.5,-140,0.5833333333333334,0.5975963025820129,0.678419794991197,0.014262969248679536,0.02445080442630787,fanduel,FanDuel,2026-05-18T00:10:00Z,Detroit Pistons,Cleveland Cavaliers,,,False
2026-05-17,2026-05-17T23:02:03.848180+00:00,4432166,Cade Cunningham,DET,reb,OVER,6.5,175,0.36363636363636365,0.37172633719047216,0.41756952066375375,0.00808997355410851,0.02224742727379847,bovada,Bovada,2026-05-18T00:10:00Z,Detroit Pistons,Cleveland Cavaliers,,,False
2026-05-17,2026-05-17T23:02:03.848180+00:00,4065778,Max Strus,CLE,reb,OVER,4.5,-175,0.6363636363636364,0.6504906571640245,0.7305437750328907,0.01412702080038819,0.022199604114895688,williamhill_us,Caesars,2026-05-18T00:10:00Z,Detroit Pistons,Cleveland Cavaliers,,,False
2026-05-17,2026-05-17T23:02:03.848180+00:00,4432158,Evan Mobley,CLE,reb,UNDER,7.5,115,0.46511627906976744,0.47492639472427073,0.5305170500997896,0.009810115654503293,0.021091748657182108,bovada,Bovada,2026-05-18T00:10:00Z,Detroit Pistons,Cleveland Cavaliers,,,False
2026-05-17,2026-05-17T23:02:03.848180+00:00,4432158,Evan Mobley,CLE,reb,UNDER,6.5,200,0.3333333333333333,0.3400671146301827,0.37822520864566245,0.006733781296849373,0.020201343890548062,bovada,Bovada,2026-05-18T00:10:00Z,Detroit Pistons,Cleveland Cavaliers,,,False
2026-05-17,2026-05-17T23:02:03.848180+00:00,4065778,Max Strus,CLE,reb,OVER,3.5,-300,0.75,0.7646435108913519,0.8476234059423454,0.014643510891351852,0.019524681188469117,bovada,Bovada,2026-05-18T00:10:00Z,Detroit Pistons,Cleveland Cavaliers,,,False
2026-05-17,2026-05-17T23:02:03.848180+00:00,4432158,Evan Mobley,CLE,reb,UNDER,9.5,-245,0.7101449275362319,0.7239737846916116,0.8023373085720962,0.013828857155379626,0.019473288647371356,bovada,Bovada,2026-05-18T00:10:00Z,Detroit Pistons,Cleveland Cavaliers,,,False
2026-05-17,2026-05-17T23:02:03.848180+00:00,4432166,Cade Cunningham,DET,reb,OVER,4.5,-190,0.6551724137931034,0.6671309705286284,0.73489612536327,0.011958556735524928,0.01825253396474852,bovada,Bovada,2026-05-18T00:10:00Z,Detroit Pistons,Cleveland Cavaliers,,,False
2026-05-17,2026-05-17T23:02:03.848180+00:00,3992,James Harden,CLE,reb,OVER,3.5,-280,0.7368421052631579,0.7489849640412863,0.8177944971173479,0.012142858778128485,0.016479594056031444,bovada,Bovada,2026-05-18T00:10:00Z,Detroit Pistons,Cleveland Cavaliers,,,False
2026-05-17,2026-05-17T23:02:03.848180+00:00,4066757,Sam Merrill,CLE,reb,UNDER,1.5,-113,0.5305164319248826,0.5356885443320102,0.5649971813057331,0.00517211240712756,0.009749203032904163,draftkings,DraftKings,2026-05-18T00:10:00Z,Detroit Pistons,Cleveland Cavaliers,,,False
2026-05-17,2026-05-17T23:02:03.848180+00:00,4684742,Ausar Thompson,DET,reb,OVER,6.5,-142,0.5867768595041323,0.591968433170612,0.6213873506139969,0.00519157366647971,0.008847611459775306,fanduel,FanDuel,2026-05-18T00:10:00Z,Detroit Pistons,Cleveland Cavaliers,,,False
2026-05-17,2026-05-17T23:02:03.848180+00:00,4066328,Jarrett Allen,CLE,reb,UNDER,7.5,-105,0.5121951219512195,0.5164374800922371,0.5404775095580038,0.004242358141017588,0.008282699227700974,draftkings,DraftKings,2026-05-18T00:10:00Z,Detroit Pistons,Cleveland Cavaliers,,,False
2026-05-17,2026-05-17T23:02:03.848180+00:00,4066328,Jarrett Allen,CLE,reb,UNDER,7.5,-105,0.5121951219512195,0.5164374800922371,0.5404775095580038,0.004242358141017588,0.008282699227700974,bovada,Bovada,2026-05-18T00:10:00Z,Detroit Pistons,Cleveland Cavaliers,,,False
2026-05-17,2026-05-17T23:02:03.848180+00:00,4066328,Jarrett Allen,CLE,reb,UNDER,8.5,-185,0.6491228070175439,0.654309306913422,0.683699472990065,0.0051864998958781605,0.00799001335310967,bovada,Bovada,2026-05-18T00:10:00Z,Detroit Pistons,Cleveland Cavaliers,,,False
2026-05-17,2026-05-17T23:02:03.848180+00:00,4066757,Sam Merrill,CLE,reb,UNDER,1.5,-120,0.5454545454545454,0.5483859408322236,0.5649971813057331,0.00293139537767817,0.005374224859076571,bovada,Bovada,2026-05-18T00:10:00Z,Detroit Pistons,Cleveland Cavaliers,,,False
2026-05-17,2026-05-17T23:02:03.848180+00:00,4066328,Jarrett Allen,CLE,reb,UNDER,7.5,-110,0.5238095238095238,0.5263097216717958,0.5404775095580038,0.002500197862271958,0.004773105009791945,betonlineag,BetOnline.ag,2026-05-18T00:10:00Z,Detroit Pistons,Cleveland Cavaliers,,,False
2026-05-17,2026-05-17T23:02:03.848180+00:00,4066328,Jarrett Allen,CLE,reb,UNDER,7.5,-110,0.5238095238095238,0.5263097216717958,0.5404775095580038,0.002500197862271958,0.004773105009791945,betmgm,BetMGM,2026-05-18T00:10:00Z,Detroit Pistons,Cleveland Cavaliers,,,False
2026-05-17,2026-05-17T23:02:03.848180+00:00,4066328,Jarrett Allen,CLE,reb,UNDER,7.5,-115,0.5348837209302325,0.5357227892243982,0.5404775095580038,0.0008390682941656902,0.0015686928977879377,fanduel,FanDuel,2026-05-18T00:10:00Z,Detroit Pistons,Cleveland Cavaliers,,,False
2026-05-17,2026-05-17T23:02:03.848180+00:00,4684742,Ausar Thompson,DET,stl,UNDER,2.5,-180,0.6428571428571429,0.9079499996996,0.9079499996996,0.2650928568424571,0.4123666661993778,draftkings,DraftKings,2026-05-18T00:10:00Z,Detroit Pistons,Cleveland Cavaliers,,,False
2026-05-17,2026-05-17T23:02:03.848180+00:00,4684742,Ausar Thompson,DET,stl,UNDER,2.5,-190,0.6551724137931034,0.9079499996996,0.9079499996996,0.25277758590649657,0.3858184205941263,bovada,Bovada,2026-05-18T00:10:00Z,Detroit Pistons,Cleveland Cavaliers,,,False
2026-05-17,2026-05-17T23:02:03.848180+00:00,4432166,Cade Cunningham,DET,stl,UNDER,1.5,-145,0.5918367346938775,0.818482188539683,0.818482188539683,0.22664545384580548,0.38295266339463685,bovada,Bovada,2026-05-18T00:10:00Z,Detroit Pistons,Cleveland Cavaliers,,,False
2026-05-17,2026-05-17T23:02:03.848180+00:00,4432166,Cade Cunningham,DET,stl,UNDER,1.5,-147,0.5951417004048583,0.818482188539683,0.818482188539683,0.22334048813482477,0.37527279298844696,draftkings,DraftKings,2026-05-18T00:10:00Z,Detroit Pistons,Cleveland Cavaliers,,,False
2026-05-17,2026-05-17T23:02:03.848180+00:00,3908809,Donovan Mitchell,CLE,stl,UNDER,1.5,-170,0.6296296296296297,0.8562503953766392,0.8562503953766392,0.2266207657470095,0.3599270985393681,bovada,Bovada,2026-05-18T00:10:00Z,Detroit Pistons,Cleveland Cavaliers,,,False
2026-05-17,2026-05-17T23:02:03.848180+00:00,3908809,Donovan Mitchell,CLE,stl,UNDER,1.5,-174,0.635036496350365,0.8562503953766392,0.8562503953766392,0.2212138990262742,0.348348323754018,draftkings,DraftKings,2026-05-18T00:10:00Z,Detroit Pistons,Cleveland Cavaliers,,,False
2026-05-17,2026-05-17T23:02:03.848180+00:00,4432166,Cade Cunningham,DET,stl,UNDER,1.5,-158,0.6124031007751938,0.818482188539683,0.818482188539683,0.20607908776448924,0.3365088901470774,fanduel,FanDuel,2026-05-18T00:10:00Z,Detroit Pistons,Cleveland Cavaliers,,,False
2026-05-17,2026-05-17T23:02:03.848180+00:00,3908809,Donovan Mitchell,CLE,stl,UNDER,1.5,-180,0.6428571428571429,0.8562503953766392,0.8562503953766392,0.21339325251949626,0.33194505947477204,fanduel,FanDuel,2026-05-18T00:10:00Z,Detroit Pistons,Cleveland Cavaliers,,,False
2026-05-17,2026-05-17T23:02:03.848180+00:00,6440,Tobias Harris,DET,stl,UNDER,1.5,-200,0.6666666666666666,0.7504100870366031,0.7504100870366031,0.08374342036993643,0.12561513055490459,fanduel,FanDuel,2026-05-18T00:10:00Z,Detroit Pistons,Cleveland Cavaliers,,,False
2026-05-17,2026-05-17T23:02:03.848180+00:00,4432158,Evan Mobley,CLE,stl,UNDER,1.5,-235,0.7014925373134329,0.7880399467982286,0.7880399467982286,0.08654740948479578,0.12337609437194297,draftkings,DraftKings,2026-05-18T00:10:00Z,Detroit Pistons,Cleveland Cavaliers,,,False
2026-05-17,2026-05-17T23:02:03.848180+00:00,4432158,Evan Mobley,CLE,stl,UNDER,1.5,-240,0.7058823529411765,0.7880399467982286,0.7880399467982286,0.08215759385705212,0.11638992463082393,bovada,Bovada,2026-05-18T00:10:00Z,Detroit Pistons,Cleveland Cavaliers,,,False
2026-05-17,2026-05-17T23:02:03.848180+00:00,6440,Tobias Harris,DET,stl,UNDER,1.5,-216,0.6835443037974683,0.7504100870366031,0.7504100870366031,0.06686578323913472,0.09782216436836372,draftkings,DraftKings,2026-05-18T00:10:00Z,Detroit Pistons,Cleveland Cavaliers,,,False
2026-05-17,2026-05-17T23:02:03.848180+00:00,4066328,Jarrett Allen,CLE,stl,UNDER,0.5,165,0.37735849056603776,0.4134598860054737,0.4134598860054737,0.03610139543943591,0.09566869791450516,bovada,Bovada,2026-05-18T00:10:00Z,Detroit Pistons,Cleveland Cavaliers,,,False
2026-05-17,2026-05-17T23:02:03.848180+00:00,4066328,Jarrett Allen,CLE,stl,UNDER,0.5,164,0.3787878787878788,0.4134598860054737,0.4134598860054737,0.03467200721759489,0.09153409905445042,draftkings,DraftKings,2026-05-18T00:10:00Z,Detroit Pistons,Cleveland Cavaliers,,,False
2026-05-17,2026-05-17T23:02:03.848180+00:00,6440,Tobias Harris,DET,stl,UNDER,1.5,-220,0.6875,0.7504100870366031,0.7504100870366031,0.06291008703660306,0.09150558114414992,bovada,Bovada,2026-05-18T00:10:00Z,Detroit Pistons,Cleveland Cavaliers,,,False
2026-05-17,2026-05-17T23:02:03.848180+00:00,3992,James Harden,CLE,stl,UNDER,1.5,-164,0.6212121212121212,0.6755417238533189,0.6755417238533189,0.05432960264119768,0.08745740912973288,draftkings,DraftKings,2026-05-18T00:10:00Z,Detroit Pistons,Cleveland Cavaliers,,,False
2026-05-17,2026-05-17T23:02:03.848180+00:00,3992,James Harden,CLE,stl,UNDER,1.5,-165,0.6226415094339622,0.6755417238533189,0.6755417238533189,0.05290021441935666,0.08496095043108792,bovada,Bovada,2026-05-18T00:10:00Z,Detroit Pistons,Cleveland Cavaliers,,,False
2026-05-17,2026-05-17T23:02:03.848180+00:00,3992,James Harden,CLE,stl,UNDER,1.5,-168,0.6268656716417911,0.6755417238533189,0.6755417238533189,0.04867605221152782,0.07764989281362777,fanduel,FanDuel,2026-05-18T00:10:00Z,Detroit Pistons,Cleveland Cavaliers,,,False
2026-05-17,2026-05-17T23:02:03.848180+00:00,4278562,Paul Reed Jr,DET,threes,OVER,0.5,364,0.21551724137931033,0.5362115284351365,0.5362115284351365,0.3206942870558262,1.4880214919390335,draftkings,DraftKings,2026-05-18T00:10:00Z,Detroit Pistons,Cleveland Cavaliers,,,False
2026-05-17,2026-05-17T23:02:03.848180+00:00,4278562,Paul Reed Jr,DET,threes,OVER,0.5,350,0.2222222222222222,0.5362115284351365,0.5362115284351365,0.3139893062129143,1.4129518779581145,bovada,Bovada,2026-05-18T00:10:00Z,Detroit Pistons,Cleveland Cavaliers,,,False
2026-05-17,2026-05-17T23:02:03.848180+00:00,4432158,Evan Mobley,CLE,threes,OVER,1.5,182,0.3546099290780142,0.5862040848154397,0.5862040848154397,0.23159415573742553,0.65309551917954,fanduel,FanDuel,2026-05-18T00:10:00Z,Detroit Pistons,Cleveland Cavaliers,,,False
2026-05-17,2026-05-17T23:02:03.848180+00:00,4432158,Evan Mobley,CLE,threes,OVER,1.5,177,0.36101083032490977,0.5862040848154397,0.5862040848154397,0.22519325449052996,0.623785314938768,draftkings,DraftKings,2026-05-18T00:10:00Z,Detroit Pistons,Cleveland Cavaliers,,,False
2026-05-17,2026-05-17T23:02:03.848180+00:00,4432158,Evan Mobley,CLE,threes,OVER,1.5,171,0.36900369003690037,0.5862040848154397,0.5862040848154397,0.21720039477853936,0.5886130698498417,betonlineag,BetOnline.ag,2026-05-18T00:10:00Z,Detroit Pistons,Cleveland Cavaliers,,,False
2026-05-17,2026-05-17T23:02:03.848180+00:00,4432158,Evan Mobley,CLE,threes,OVER,1.5,171,0.36900369003690037,0.5862040848154397,0.5862040848154397,0.21720039477853936,0.5886130698498417,williamhill_us,Caesars,2026-05-18T00:10:00Z,Detroit Pistons,Cleveland Cavaliers,,,False
2026-05-17,2026-05-17T23:02:03.848180+00:00,4432158,Evan Mobley,CLE,threes,OVER,1.5,170,0.37037037037037035,0.5862040848154397,0.5862040848154397,0.21583371444506938,0.5827510290016873,bovada,Bovada,2026-05-18T00:10:00Z,Detroit Pistons,Cleveland Cavaliers,,,False
2026-05-17,2026-05-17T23:02:03.848180+00:00,3032979,Dennis Schroder,CLE,threes,OVER,0.5,130,0.43478260869565216,0.6821963119215618,0.6821963119215618,0.24741370322590966,0.5690515174195923,betmgm,BetMGM,2026-05-18T00:10:00Z,Detroit Pistons,Cleveland Cavaliers,,,False
2026-05-17,2026-05-17T23:02:03.848180+00:00,3032979,Dennis Schroder,CLE,threes,OVER,0.5,107,0.4830917874396135,0.6821963119215618,0.6821963119215618,0.19910452448194832,0.4121463656776331,betonlineag,BetOnline.ag,2026-05-18T00:10:00Z,Detroit Pistons,Cleveland Cavaliers,,,False
2026-05-17,2026-05-17T23:02:03.848180+00:00,3032979,Dennis Schroder,CLE,threes,OVER,0.5,105,0.4878048780487805,0.6821963119215618,0.6821963119215618,0.19439143387278135,0.3985024394392018,bovada,Bovada,2026-05-18T00:10:00Z,Detroit Pistons,Cleveland Cavaliers,,,False
2026-05-17,2026-05-17T23:02:03.848180+00:00,4432166,Cade Cunningham,DET,threes,OVER,2.5,130,0.43478260869565216,0.6047056834879763,0.6047056834879763,0.1699230747923241,0.39082307202234545,fanduel,FanDuel,2026-05-18T00:10:00Z,Detroit Pistons,Cleveland Cavaliers,,,False
2026-05-17,2026-05-17T23:02:03.848180+00:00,3032979,Dennis Schroder,CLE,threes,OVER,0.5,102,0.49504950495049505,0.6821963119215618,0.6821963119215618,0.18714680697106678,0.3780365500815549,draftkings,DraftKings,2026-05-18T00:10:00Z,Detroit Pistons,Cleveland Cavaliers,,,False
2026-05-17,2026-05-17T23:02:03.848180+00:00,3157465,Duncan Robinson,DET,threes,OVER,2.5,145,0.40816326530612246,0.5566843820346907,0.5566843820346907,0.14852111672856827,0.36387673598499226,draftkings,DraftKings,2026-05-18T00:10:00Z,Detroit Pistons,Cleveland Cavaliers,,,False
2026-05-17,2026-05-17T23:02:03.848180+00:00,3157465,Duncan Robinson,DET,threes,OVER,2.5,140,0.4166666666666667,0.5566843820346907,0.5566843820346907,0.14001771536802404,0.3360425168832577,betmgm,BetMGM,2026-05-18T00:10:00Z,Detroit Pistons,Cleveland Cavaliers,,,False
2026-05-17,2026-05-17T23:02:03.848180+00:00,4432166,Cade Cunningham,DET,threes,OVER,2.5,120,0.45454545454545453,0.6047056834879763,0.6047056834879763,0.15016022894252173,0.33035250367354774,fanatics,Fanatics,2026-05-18T00:10:00Z,Detroit Pistons,Cleveland Cavaliers,,,False
2026-05-17,2026-05-17T23:02:03.848180+00:00,4432166,Cade Cunningham,DET,threes,OVER,2.5,117,0.4608294930875576,0.6047056834879763,0.6047056834879763,0.14387619040041866,0.3122113331689085,betonlineag,BetOnline.ag,2026-05-18T00:10:00Z,Detroit Pistons,Cleveland Cavaliers,,,False
2026-05-17,2026-05-17T23:02:03.848180+00:00,4432166,Cade Cunningham,DET,threes,OVER,2.5,116,0.46296296296296297,0.6047056834879763,0.6047056834879763,0.1417427205250133,0.30616427633402865,williamhill_us,Caesars,2026-05-18T00:10:00Z,Detroit Pistons,Cleveland Cavaliers,,,False
2026-05-17,2026-05-17T23:02:03.848180+00:00,4065778,Max Strus,CLE,threes,UNDER,2.5,-125,0.5555555555555556,0.7213811767689793,0.7213811767689793,0.1658256212134237,0.2984861181841627,bovada,Bovada,2026-05-18T00:10:00Z,Detroit Pistons,Cleveland Cavaliers,,,False
2026-05-17,2026-05-17T23:02:03.848180+00:00,6440,Tobias Harris,DET,threes,OVER,1.5,138,0.42016806722689076,0.5390141577836762,0.5390141577836762,0.11884609055678547,0.2828536955251494,fanduel,FanDuel,2026-05-18T00:10:00Z,Detroit Pistons,Cleveland Cavaliers,,,False
2026-05-17,2026-05-17T23:02:03.848180+00:00,4065778,Max Strus,CLE,threes,UNDER,2.5,-129,0.5633187772925764,0.7213811767689793,0.7213811767689793,0.15806239947640288,0.2805913913185757,draftkings,DraftKings,2026-05-18T00:10:00Z,Detroit Pistons,Cleveland Cavaliers,,,False
2026-05-17,2026-05-17T23:02:03.848180+00:00,3157465,Duncan Robinson,DET,threes,OVER,2.5,130,0.43478260869565216,0.5566843820346907,0.5566843820346907,0.12190177333903857,0.2803740786797887,williamhill_us,Caesars,2026-05-18T00:10:00Z,Detroit Pistons,Cleveland Cavaliers,,,False
2026-05-17,2026-05-17T23:02:03.848180+00:00,4432166,Cade Cunningham,DET,threes,OVER,2.5,111,0.47393364928909953,0.6047056834879763,0.6047056834879763,0.13077203419887673,0.27592899215962996,draftkings,DraftKings,2026-05-18T00:10:00Z,Detroit Pistons,Cleveland Cavaliers,,,False
2026-05-17,2026-05-17T23:02:03.848180+00:00,4432166,Cade Cunningham,DET,threes,OVER,2.5,110,0.47619047619047616,0.6047056834879763,0.6047056834879763,0.1285152072975001,0.26988193532475024,betmgm,BetMGM,2026-05-18T00:10:00Z,Detroit Pistons,Cleveland Cavaliers,,,False
2026-05-17,2026-05-17T23:02:03.848180+00:00,4432166,Cade Cunningham,DET,threes,OVER,2.5,110,0.47619047619047616,0.6047056834879763,0.6047056834879763,0.1285152072975001,0.26988193532475024,bovada,Bovada,2026-05-18T00:10:00Z,Detroit Pistons,Cleveland Cavaliers,,,False
2026-05-17,2026-05-17T23:02:03.848180+00:00,3908809,Donovan Mitchell,CLE,threes,UNDER,2.5,100,0.5,0.6241773572824529,0.6241773572824529,0.12417735728245294,0.24835471456490588,fanduel,FanDuel,2026-05-18T00:10:00Z,Detroit Pistons,Cleveland Cavaliers,,,False
2026-05-17,2026-05-17T23:02:03.848180+00:00,6440,Tobias Harris,DET,threes,OVER,1.5,131,0.4329004329004329,0.5390141577836762,0.5390141577836762,0.10611372488324333,0.24512270448029216,williamhill_us,Caesars,2026-05-18T00:10:00Z,Detroit Pistons,Cleveland Cavaliers,,,False
2026-05-17,2026-05-17T23:02:03.848180+00:00,3908809,Donovan Mitchell,CLE,threes,UNDER,2.5,-101,0.5024875621890548,0.6241773572824529,0.6241773572824529,0.12168979509339817,0.2421747407304261,betonlineag,BetOnline.ag,2026-05-18T00:10:00Z,Detroit Pistons,Cleveland Cavaliers,,,False
2026-05-17,2026-05-17T23:02:03.848180+00:00,6440,Tobias Harris,DET,threes,OVER,1.5,130,0.43478260869565216,0.5390141577836762,0.5390141577836762,0.10423154908802407,0.23973256290245537,betonlineag,BetOnline.ag,2026-05-18T00:10:00Z,Detroit Pistons,Cleveland Cavaliers,,,False
2026-05-17,2026-05-17T23:02:03.848180+00:00,6440,Tobias Harris,DET,threes,OVER,1.5,130,0.43478260869565216,0.5390141577836762,0.5390141577836762,0.10423154908802407,0.23973256290245537,bovada,Bovada,2026-05-18T00:10:00Z,Detroit Pistons,Cleveland Cavaliers,,,False
2026-05-17,2026-05-17T23:02:03.848180+00:00,4065778,Max Strus,CLE,threes,UNDER,2.5,-140,0.5833333333333334,0.7213811767689793,0.7213811767689793,0.1380478434356459,0.23665344588967874,williamhill_us,Caesars,2026-05-18T00:10:00Z,Detroit Pistons,Cleveland Cavaliers,,,False
2026-05-17,2026-05-17T23:02:03.848180+00:00,6440,Tobias Harris,DET,threes,OVER,1.5,125,0.4444444444444444,0.5390141577836762,0.5390141577836762,0.09456971333923181,0.21278185501327151,draftkings,DraftKings,2026-05-18T00:10:00Z,Detroit Pistons,Cleveland Cavaliers,,,False
2026-05-17,2026-05-17T23:02:03.848180+00:00,3157465,Duncan Robinson,DET,threes,OVER,1.5,-185,0.6491228070175439,0.7837049295104435,0.7837049295104435,0.13458212249289958,0.20732921573230484,betonlineag,BetOnline.ag,2026-05-18T00:10:00Z,Detroit Pistons,Cleveland Cavaliers,,,False
2026-05-17,2026-05-17T23:02:03.848180+00:00,3157465,Duncan Robinson,DET,threes,OVER,1.5,-188,0.6527777777777778,0.7837049295104435,0.7837049295104435,0.13092715173266567,0.20056925371812612,fanduel,FanDuel,2026-05-18T00:10:00Z,Detroit Pistons,Cleveland Cavaliers,,,False
2026-05-17,2026-05-17T23:02:03.848180+00:00,3908809,Donovan Mitchell,CLE,threes,UNDER,2.5,-109,0.5215311004784688,0.6241773572824529,0.6241773572824529,0.10264625680398409,0.1968171346058043,williamhill_us,Caesars,2026-05-18T00:10:00Z,Detroit Pistons,Cleveland Cavaliers,,,False
2026-05-17,2026-05-17T23:02:03.848180+00:00,3157465,Duncan Robinson,DET,threes,OVER,1.5,-190,0.6551724137931034,0.7837049295104435,0.7837049295104435,0.12853251571734003,0.1961812082001505,bovada,Bovada,2026-05-18T00:10:00Z,Detroit Pistons,Cleveland Cavaliers,,,False
2026-05-17,2026-05-17T23:02:03.848180+00:00,4432158,Evan Mobley,CLE,threes,OVER,0.5,-225,0.6923076923076923,0.8261228487102292,0.8261228487102292,0.13381515640253694,0.1932885592481089,betmgm,BetMGM,2026-05-18T00:10:00Z,Detroit Pistons,Cleveland Cavaliers,,,False
2026-05-17,2026-05-17T23:02:03.848180+00:00,3908809,Donovan Mitchell,CLE,threes,UNDER,2.5,-110,0.5238095238095238,0.6241773572824529,0.6241773572824529,0.1003678334729291,0.19161131844831925,betmgm,BetMGM,2026-05-18T00:10:00Z,Detroit Pistons,Cleveland Cavaliers,,,False
2026-05-17,2026-05-17T23:02:03.848180+00:00,3908809,Donovan Mitchell,CLE,threes,UNDER,2.5,-110,0.5238095238095238,0.6241773572824529,0.6241773572824529,0.1003678334729291,0.19161131844831925,bovada,Bovada,2026-05-18T00:10:00Z,Detroit Pistons,Cleveland Cavaliers,,,False
2026-05-17,2026-05-17T23:02:03.848180+00:00,3908809,Donovan Mitchell,CLE,threes,UNDER,2.5,-111,0.5260663507109005,0.6241773572824529,0.6241773572824529,0.09811100657155247,0.1864993007801583,draftkings,DraftKings,2026-05-18T00:10:00Z,Detroit Pistons,Cleveland Cavaliers,,,False
2026-05-17,2026-05-17T23:02:03.848180+00:00,4065778,Max Strus,CLE,threes,UNDER,2.5,-156,0.609375,0.7213811767689793,0.7213811767689793,0.11200617676897928,0.18380500803114552,betonlineag,BetOnline.ag,2026-05-18T00:10:00Z,Detroit Pistons,Cleveland Cavaliers,,,False
2026-05-17,2026-05-17T23:02:03.848180+00:00,6440,Tobias Harris,DET,threes,OVER,1.5,115,0.46511627906976744,0.5390141577836762,0.5390141577836762,0.0738978787139088,0.1588804392349038,betmgm,BetMGM,2026-05-18T00:10:00Z,Detroit Pistons,Cleveland Cavaliers,,,False
2026-05-17,2026-05-17T23:02:03.848180+00:00,3157465,Duncan Robinson,DET,threes,OVER,1.5,-210,0.6774193548387096,0.7837049295104435,0.7837049295104435,0.10628557467173383,0.15689775308684506,bovada,Bovada,2026-05-18T00:10:00Z,Detroit Pistons,Cleveland Cavaliers,,,False
2026-05-17,2026-05-17T23:02:03.848180+00:00,3908809,Donovan Mitchell,CLE,threes,UNDER,3.5,-290,0.7435897435897436,0.8529205377763797,0.8529205377763797,0.10933079418663605,0.14703106804409682,bovada,Bovada,2026-05-18T00:10:00Z,Detroit Pistons,Cleveland Cavaliers,,,False
2026-05-17,2026-05-17T23:02:03.848180+00:00,4065778,Max Strus,CLE,threes,UNDER,2.5,-174,0.635036496350365,0.7213811767689793,0.7213811767689793,0.08634468041861432,0.1359680599695421,fanduel,FanDuel,2026-05-18T00:10:00Z,Detroit Pistons,Cleveland Cavaliers,,,False
2026-05-17,2026-05-17T23:02:03.848180+00:00,4432158,Evan Mobley,CLE,threes,OVER,0.5,-275,0.7333333333333333,0.8261228487102292,0.8261228487102292,0.09278951537689595,0.12653115733213077,bovada,Bovada,2026-05-18T00:10:00Z,Detroit Pistons,Cleveland Cavaliers,,,False
2026-05-17,2026-05-17T23:02:03.848180+00:00,2991043,Caris LeVert,DET,threes,OVER,0.5,-184,0.647887323943662,0.7266552579832897,0.7266552579832897,0.07876793403962767,0.12157659384377317,fanduel,FanDuel,2026-05-18T00:10:00Z,Detroit Pistons,Cleveland Cavaliers,,,False
2026-05-17,2026-05-17T23:02:03.848180+00:00,4432166,Cade Cunningham,DET,threes,OVER,1.5,-275,0.7333333333333333,0.8153537999891961,0.8153537999891961,0.08202046665586282,0.11184609089435832,bovada,Bovada,2026-05-18T00:10:00Z,Detroit Pistons,Cleveland Cavaliers,,,False
2026-05-17,2026-05-17T23:02:03.848180+00:00,2991043,Caris LeVert,DET,threes,OVER,0.5,-192,0.6575342465753424,0.7266552579832897,0.7266552579832897,0.06912101140794724,0.10512153818291975,betonlineag,BetOnline.ag,2026-05-18T00:10:00Z,Detroit Pistons,Cleveland Cavaliers,,,False
2026-05-17,2026-05-17T23:02:03.848180+00:00,4066757,Sam Merrill,CLE,threes,UNDER,1.5,-105,0.5121951219512195,0.5512471167686829,0.5512471167686829,0.039051994817463354,0.07624437083409508,bovada,Bovada,2026-05-18T00:10:00Z,Detroit Pistons,Cleveland Cavaliers,,,False
2026-05-17,2026-05-17T23:02:03.848180+00:00,2991043,Caris LeVert,DET,threes,OVER,0.5,-210,0.6774193548387096,0.7266552579832897,0.7266552579832897,0.04923590314458004,0.0726815713086657,betmgm,BetMGM,2026-05-18T00:10:00Z,Detroit Pistons,Cleveland Cavaliers,,,False
2026-05-17,2026-05-17T23:02:03.848180+00:00,2991043,Caris LeVert,DET,threes,OVER,0.5,-210,0.6774193548387096,0.7266552579832897,0.7266552579832897,0.04923590314458004,0.0726815713086657,bovada,Bovada,2026-05-18T00:10:00Z,Detroit Pistons,Cleveland Cavaliers,,,False
2026-05-17,2026-05-17T23:02:03.848180+00:00,2991043,Caris LeVert,DET,threes,OVER,0.5,-217,0.6845425867507886,0.7266552579832897,0.7266552579832897,0.042112671232501064,0.06151943216913747,draftkings,DraftKings,2026-05-18T00:10:00Z,Detroit Pistons,Cleveland Cavaliers,,,False
2026-05-17,2026-05-17T23:02:03.848180+00:00,4066757,Sam Merrill,CLE,threes,UNDER,1.5,-109,0.5215311004784688,0.5512471167686829,0.5512471167686829,0.02971601629021403,0.056978416556465405,draftkings,DraftKings,2026-05-18T00:10:00Z,Detroit Pistons,Cleveland Cavaliers,,,False
2026-05-17,2026-05-17T23:02:03.848180+00:00,3992,James Harden,CLE,threes,UNDER,1.5,205,0.32786885245901637,0.34082241896281995,0.34082241896281995,0.012953566503803582,0.03950837783660077,bovada,Bovada,2026-05-18T00:10:00Z,Detroit Pistons,Cleveland Cavaliers,,,False
2026-05-17,2026-05-17T23:02:03.848180+00:00,4066757,Sam Merrill,CLE,threes,UNDER,1.5,-118,0.5412844036697247,0.5512471167686829,0.5512471167686829,0.009962713098958131,0.01840569030146494,betonlineag,BetOnline.ag,2026-05-18T00:10:00Z,Detroit Pistons,Cleveland Cavaliers,,,False
2026-05-17,2026-05-17T23:02:03.848180+00:00,4066757,Sam Merrill,CLE,threes,UNDER,1.5,-118,0.5412844036697247,0.5512471167686829,0.5512471167686829,0.009962713098958131,0.01840569030146494,betmgm,BetMGM,2026-05-18T00:10:00Z,Detroit Pistons,Cleveland Cavaliers,,,False
