date,snapshot_ts,player_id,player_name,team,stat,side,line,price,implied_prob,model_prob,model_prob_raw,edge,ev,bookmaker,bookmaker_title,commence_time,home_team,away_team,sentiment_strength,sentiment_w,sentiment_applied
2026-05-12,2026-05-11T13:38:48.772667+00:00,4594268,Anthony Edwards,MIN,ast,UNDER,3.5,155,0.39215686274509803,0.46078000635483407,0.8496444868100048,0.06862314360973604,0.17498901620482687,bovada,Bovada,2026-05-13T00:10:00Z,San Antonio Spurs,Minnesota Timberwolves,,,False
2026-05-12,2026-05-11T13:38:48.772667+00:00,4845367,Stephon Castle,SAS,ast,UNDER,5.5,205,0.32786885245901637,0.37074739089347647,0.613725775355417,0.0428785384344601,0.13077954222510313,bovada,Bovada,2026-05-13T00:10:00Z,San Antonio Spurs,Minnesota Timberwolves,,,False
2026-05-12,2026-05-11T13:38:48.772667+00:00,4594268,Anthony Edwards,MIN,ast,UNDER,4.5,-130,0.5652173913043478,0.6240683445250854,0.9575570794425985,0.058850953220737634,0.10412091723668959,fanduel,FanDuel,2026-05-13T00:10:00Z,San Antonio Spurs,Minnesota Timberwolves,,,False
2026-05-12,2026-05-11T13:38:48.772667+00:00,4397002,Ayo Dosunmu,MIN,ast,UNDER,3.5,-110,0.5238095238095238,0.5763646245051166,0.8741768617801422,0.05255510069559277,0.10033246496431347,bovada,Bovada,2026-05-13T00:10:00Z,San Antonio Spurs,Minnesota Timberwolves,,,False
2026-05-12,2026-05-11T13:38:48.772667+00:00,4594268,Anthony Edwards,MIN,ast,UNDER,4.5,-135,0.574468085106383,0.6319314342568153,0.9575570794425985,0.057463349150432275,0.10002879296556738,bovada,Bovada,2026-05-13T00:10:00Z,San Antonio Spurs,Minnesota Timberwolves,,,False
2026-05-12,2026-05-11T13:38:48.772667+00:00,4592479,Julian Champagnie,SAS,ast,OVER,1.5,140,0.4166666666666667,0.4582062153701064,0.6935969913562647,0.04153954870343973,0.09969491688825538,betmgm,BetMGM,2026-05-13T00:10:00Z,San Antonio Spurs,Minnesota Timberwolves,,,False
2026-05-12,2026-05-11T13:38:48.772667+00:00,4845367,Stephon Castle,SAS,ast,UNDER,6.5,115,0.46511627906976744,0.5114564242009494,0.774050579944314,0.04634014513118195,0.09963131203204112,betmgm,BetMGM,2026-05-13T00:10:00Z,San Antonio Spurs,Minnesota Timberwolves,,,False
2026-05-12,2026-05-11T13:38:48.772667+00:00,4397002,Ayo Dosunmu,MIN,ast,UNDER,3.5,-111,0.5260663507109005,0.5782829273712867,0.8741768617801422,0.05221657666038626,0.09925853761568915,draftkings,DraftKings,2026-05-13T00:10:00Z,San Antonio Spurs,Minnesota Timberwolves,,,False
2026-05-12,2026-05-11T13:38:48.772667+00:00,4594268,Anthony Edwards,MIN,ast,UNDER,4.5,-136,0.576271186440678,0.6334640703909661,0.9575570794425985,0.0571928839502881,0.0992464750902059,draftkings,DraftKings,2026-05-13T00:10:00Z,San Antonio Spurs,Minnesota Timberwolves,,,False
2026-05-12,2026-05-11T13:38:48.772667+00:00,4594268,Anthony Edwards,MIN,ast,UNDER,4.5,-137,0.5780590717299579,0.6349837728868539,0.9575570794425985,0.056924701156896074,0.09847557791375461,williamhill_us,Caesars,2026-05-13T00:10:00Z,San Antonio Spurs,Minnesota Timberwolves,,,False
2026-05-12,2026-05-11T13:38:48.772667+00:00,3064514,Julius Randle,MIN,ast,UNDER,3.5,115,0.46511627906976744,0.5097662977767661,0.762783070449758,0.04465001870699864,0.09599754022004703,betmgm,BetMGM,2026-05-13T00:10:00Z,San Antonio Spurs,Minnesota Timberwolves,,,False
2026-05-12,2026-05-11T13:38:48.772667+00:00,4845367,Stephon Castle,SAS,ast,UNDER,6.5,111,0.47393364928909953,0.5189511888873817,0.774050579944314,0.04501753959828214,0.09498700855237541,draftkings,DraftKings,2026-05-13T00:10:00Z,San Antonio Spurs,Minnesota Timberwolves,,,False
2026-05-12,2026-05-11T13:38:48.772667+00:00,4845367,Stephon Castle,SAS,ast,UNDER,6.5,110,0.47619047619047616,0.5208694917535518,0.774050579944314,0.04467901556307563,0.09382593268245887,fanatics,Fanatics,2026-05-13T00:10:00Z,San Antonio Spurs,Minnesota Timberwolves,,,False
2026-05-12,2026-05-11T13:38:48.772667+00:00,4845367,Stephon Castle,SAS,ast,UNDER,6.5,110,0.47619047619047616,0.5208694917535518,0.774050579944314,0.04467901556307563,0.09382593268245887,bovada,Bovada,2026-05-13T00:10:00Z,San Antonio Spurs,Minnesota Timberwolves,,,False
2026-05-12,2026-05-11T13:38:48.772667+00:00,4397002,Ayo Dosunmu,MIN,ast,UNDER,3.5,-117,0.5391705069124424,0.5894214601425973,0.8741768617801422,0.05025095323015494,0.09320048590550101,williamhill_us,Caesars,2026-05-13T00:10:00Z,San Antonio Spurs,Minnesota Timberwolves,,,False
2026-05-12,2026-05-11T13:38:48.772667+00:00,4397002,Ayo Dosunmu,MIN,ast,UNDER,3.5,-120,0.5454545454545454,0.5947628929033849,0.8741768617801422,0.049308347448839496,0.09039863698953904,betmgm,BetMGM,2026-05-13T00:10:00Z,San Antonio Spurs,Minnesota Timberwolves,,,False
2026-05-12,2026-05-11T13:38:48.772667+00:00,4845367,Stephon Castle,SAS,ast,UNDER,6.5,107,0.4830917874396135,0.5267356063153186,0.774050579944314,0.043643818875705065,0.09034270507270947,williamhill_us,Caesars,2026-05-13T00:10:00Z,San Antonio Spurs,Minnesota Timberwolves,,,False
2026-05-12,2026-05-11T13:38:48.772667+00:00,4594268,Anthony Edwards,MIN,ast,UNDER,4.5,-150,0.6,0.6536335619163898,0.9575570794425985,0.053633561916389794,0.0893892698606496,betmgm,BetMGM,2026-05-13T00:10:00Z,San Antonio Spurs,Minnesota Timberwolves,,,False
2026-05-12,2026-05-11T13:38:48.772667+00:00,4592479,Julian Champagnie,SAS,ast,OVER,1.5,130,0.43478260869565216,0.47360476609474406,0.6935969913562647,0.038822157399091894,0.08929096201791131,bovada,Bovada,2026-05-13T00:10:00Z,San Antonio Spurs,Minnesota Timberwolves,,,False
2026-05-12,2026-05-11T13:38:48.772667+00:00,4592479,Julian Champagnie,SAS,ast,OVER,1.5,128,0.43859649122807015,0.4768465662472993,0.6935969913562647,0.03825007501922917,0.08721017104384254,draftkings,DraftKings,2026-05-13T00:10:00Z,San Antonio Spurs,Minnesota Timberwolves,,,False
2026-05-12,2026-05-11T13:38:48.772667+00:00,3064514,Julius Randle,MIN,ast,UNDER,3.5,107,0.4830917874396135,0.5250454798911351,0.762783070449758,0.04195369245152164,0.08684414337464974,williamhill_us,Caesars,2026-05-13T00:10:00Z,San Antonio Spurs,Minnesota Timberwolves,,,False
2026-05-12,2026-05-11T13:38:48.772667+00:00,3064514,Julius Randle,MIN,ast,UNDER,3.5,106,0.4854368932038835,0.5270388197907647,0.762783070449758,0.04160192658688122,0.08569996876897534,draftkings,DraftKings,2026-05-13T00:10:00Z,San Antonio Spurs,Minnesota Timberwolves,,,False
2026-05-12,2026-05-11T13:38:48.772667+00:00,4592479,Julian Champagnie,SAS,ast,OVER,1.5,126,0.4424778761061947,0.4801457433937052,0.6935969913562647,0.03766786728751048,0.08512938006977377,fanduel,FanDuel,2026-05-13T00:10:00Z,San Antonio Spurs,Minnesota Timberwolves,,,False
2026-05-12,2026-05-11T13:38:48.772667+00:00,3064514,Julius Randle,MIN,ast,UNDER,3.5,105,0.4878048780487805,0.529051606908927,0.762783070449758,0.041246728860146575,0.0845557941633005,bovada,Bovada,2026-05-13T00:10:00Z,San Antonio Spurs,Minnesota Timberwolves,,,False
2026-05-12,2026-05-11T13:38:48.772667+00:00,4397002,Ayo Dosunmu,MIN,ast,UNDER,3.5,-128,0.5614035087719298,0.6083195117231617,0.8741768617801422,0.04691600295123188,0.08356913025688173,fanduel,FanDuel,2026-05-13T00:10:00Z,San Antonio Spurs,Minnesota Timberwolves,,,False
2026-05-12,2026-05-11T13:38:48.772667+00:00,3064514,Julius Randle,MIN,ast,UNDER,3.5,104,0.49019607843137253,0.5310841272341303,0.762783070449758,0.040888048802757815,0.08341161955762588,fanduel,FanDuel,2026-05-13T00:10:00Z,San Antonio Spurs,Minnesota Timberwolves,,,False
2026-05-12,2026-05-11T13:38:48.772667+00:00,4845367,Stephon Castle,SAS,ast,UNDER,6.5,-102,0.504950495049505,0.5453155077837263,0.774050579944314,0.04036501273422133,0.07993855463051669,fanduel,FanDuel,2026-05-13T00:10:00Z,San Antonio Spurs,Minnesota Timberwolves,,,False
2026-05-12,2026-05-11T13:38:48.772667+00:00,4845367,Stephon Castle,SAS,ast,UNDER,7.5,-165,0.6226415094339622,0.6624310697911442,0.8879052451485087,0.03978956035718195,0.06390444542214069,bovada,Bovada,2026-05-13T00:10:00Z,San Antonio Spurs,Minnesota Timberwolves,,,False
2026-05-12,2026-05-11T13:38:48.772667+00:00,4066259,De'Aaron Fox,SAS,ast,UNDER,4.5,165,0.37735849056603776,0.39843332874805576,0.5178574117794912,0.021074838182017996,0.05584832118234773,bovada,Bovada,2026-05-13T00:10:00Z,San Antonio Spurs,Minnesota Timberwolves,,,False
2026-05-12,2026-05-11T13:38:48.772667+00:00,4066259,De'Aaron Fox,SAS,ast,UNDER,5.5,-105,0.5121951219512195,0.5407344218739886,0.7024571214363468,0.028539299922769046,0.05571958556350143,betmgm,BetMGM,2026-05-13T00:10:00Z,San Antonio Spurs,Minnesota Timberwolves,,,False
2026-05-12,2026-05-11T13:38:48.772667+00:00,4397002,Ayo Dosunmu,MIN,ast,UNDER,4.5,-245,0.7101449275362319,0.7492045024995571,0.9705420939583993,0.03905957496332513,0.05500225862182523,bovada,Bovada,2026-05-13T00:10:00Z,San Antonio Spurs,Minnesota Timberwolves,,,False
2026-05-12,2026-05-11T13:38:48.772667+00:00,3064514,Julius Randle,MIN,ast,UNDER,4.5,-210,0.6774193548387096,0.7129281024516873,0.9141443389252271,0.03550874761297762,0.05241767504772876,bovada,Bovada,2026-05-13T00:10:00Z,San Antonio Spurs,Minnesota Timberwolves,,,False
2026-05-12,2026-05-11T13:38:48.772667+00:00,4066259,De'Aaron Fox,SAS,ast,UNDER,5.5,-110,0.5238095238095238,0.5506066634535473,0.7024571214363468,0.026797139644023416,0.05115817568404468,fanduel,FanDuel,2026-05-13T00:10:00Z,San Antonio Spurs,Minnesota Timberwolves,,,False
2026-05-12,2026-05-11T13:38:48.772667+00:00,4594268,Anthony Edwards,MIN,ast,UNDER,5.5,-290,0.7435897435897436,0.7805512820512821,0.9920481882997849,0.03696153846153849,0.04970689655172422,bovada,Bovada,2026-05-13T00:10:00Z,San Antonio Spurs,Minnesota Timberwolves,,,False
2026-05-12,2026-05-11T13:38:48.772667+00:00,4066259,De'Aaron Fox,SAS,ast,UNDER,5.5,-112,0.5283018867924528,0.554425171989037,0.7024571214363468,0.026123285196584134,0.04944764697924853,williamhill_us,Caesars,2026-05-13T00:10:00Z,San Antonio Spurs,Minnesota Timberwolves,,,False
2026-05-12,2026-05-11T13:38:48.772667+00:00,4431671,Jaden McDaniels,MIN,ast,UNDER,2.5,100,0.5,0.523955946671005,0.659706311140033,0.02395594667100498,0.04791189334200996,bovada,Bovada,2026-05-13T00:10:00Z,San Antonio Spurs,Minnesota Timberwolves,,,False
2026-05-12,2026-05-11T13:38:48.772667+00:00,4431671,Jaden McDaniels,MIN,ast,UNDER,2.5,-101,0.5024875621890548,0.5260703745317015,0.659706311140033,0.023582812342646697,0.04693213149378217,draftkings,DraftKings,2026-05-13T00:10:00Z,San Antonio Spurs,Minnesota Timberwolves,,,False
2026-05-12,2026-05-11T13:38:48.772667+00:00,4395630,Devin Vassell,SAS,ast,OVER,2.5,-108,0.5192307692307693,0.5432234738687701,0.6791821334841079,0.02399270463800085,0.046208171895409156,draftkings,DraftKings,2026-05-13T00:10:00Z,San Antonio Spurs,Minnesota Timberwolves,,,False
2026-05-12,2026-05-11T13:38:48.772667+00:00,4395630,Devin Vassell,SAS,ast,OVER,2.5,-108,0.5192307692307693,0.5432234738687701,0.6791821334841079,0.02399270463800085,0.046208171895409156,fanduel,FanDuel,2026-05-13T00:10:00Z,San Antonio Spurs,Minnesota Timberwolves,,,False
2026-05-12,2026-05-11T13:38:48.772667+00:00,4066259,De'Aaron Fox,SAS,ast,UNDER,5.5,-118,0.5412844036697247,0.5654603113347181,0.7024571214363468,0.024175907664993335,0.04466396500820796,draftkings,DraftKings,2026-05-13T00:10:00Z,San Antonio Spurs,Minnesota Timberwolves,,,False
2026-05-12,2026-05-11T13:38:48.772667+00:00,4395630,Devin Vassell,SAS,ast,OVER,2.5,-110,0.5238095238095238,0.5471154152607115,0.6791821334841079,0.023305891451187666,0.04449306549772192,bovada,Bovada,2026-05-13T00:10:00Z,San Antonio Spurs,Minnesota Timberwolves,,,False
2026-05-12,2026-05-11T13:38:48.772667+00:00,4431671,Jaden McDaniels,MIN,ast,UNDER,2.5,-104,0.5098039215686274,0.5322892800043383,0.659706311140033,0.022485358435710867,0.04410589539312515,fanduel,FanDuel,2026-05-13T00:10:00Z,San Antonio Spurs,Minnesota Timberwolves,,,False
2026-05-12,2026-05-11T13:38:48.772667+00:00,4431671,Jaden McDaniels,MIN,ast,UNDER,2.5,-105,0.5121951219512195,0.5343218003295416,0.659706311140033,0.02212667837832205,0.043199705405295385,betmgm,BetMGM,2026-05-13T00:10:00Z,San Antonio Spurs,Minnesota Timberwolves,,,False
2026-05-12,2026-05-11T13:38:48.772667+00:00,4066259,De'Aaron Fox,SAS,ast,UNDER,5.5,-120,0.5454545454545454,0.5690049318518157,0.7024571214363468,0.02355038639727025,0.043175708394995405,bovada,Bovada,2026-05-13T00:10:00Z,San Antonio Spurs,Minnesota Timberwolves,,,False
2026-05-12,2026-05-11T13:38:48.772667+00:00,3032976,Rudy Gobert,MIN,ast,OVER,2.5,155,0.39215686274509803,0.40817625089765364,0.4989527837621355,0.016019388152555603,0.040849439789016784,bovada,Bovada,2026-05-13T00:10:00Z,San Antonio Spurs,Minnesota Timberwolves,,,False
2026-05-12,2026-05-11T13:38:48.772667+00:00,4395630,Devin Vassell,SAS,ast,OVER,2.5,-115,0.5348837209302325,0.5565284828133138,0.6791821334841079,0.021644761883081287,0.040466293955325805,betmgm,BetMGM,2026-05-13T00:10:00Z,San Antonio Spurs,Minnesota Timberwolves,,,False
2026-05-12,2026-05-11T13:38:48.772667+00:00,3032976,Rudy Gobert,MIN,ast,OVER,1.5,-150,0.6,0.6214985734346511,0.743323822897674,0.021498573434651114,0.03583095572441847,betmgm,BetMGM,2026-05-13T00:10:00Z,San Antonio Spurs,Minnesota Timberwolves,,,False
2026-05-12,2026-05-11T13:38:48.772667+00:00,4431671,Jaden McDaniels,MIN,ast,UNDER,3.5,-250,0.7142857142857143,0.7385278837187502,0.8759001771726204,0.02424216943303592,0.0339390372062503,bovada,Bovada,2026-05-13T00:10:00Z,San Antonio Spurs,Minnesota Timberwolves,,,False
2026-05-12,2026-05-11T13:38:48.772667+00:00,4066259,De'Aaron Fox,SAS,ast,UNDER,6.5,-230,0.696969696969697,0.7192799657633094,0.8457048222604465,0.02231026879361242,0.03201038566040049,bovada,Bovada,2026-05-13T00:10:00Z,San Antonio Spurs,Minnesota Timberwolves,,,False
2026-05-12,2026-05-11T13:38:48.772667+00:00,3032976,Rudy Gobert,MIN,ast,OVER,1.5,-185,0.6491228070175439,0.6632529593995634,0.743323822897674,0.014130152382019534,0.02176807258851665,bovada,Bovada,2026-05-13T00:10:00Z,San Antonio Spurs,Minnesota Timberwolves,,,False
2026-05-12,2026-05-11T13:38:48.772667+00:00,3032976,Rudy Gobert,MIN,ast,OVER,1.5,-186,0.6503496503496503,0.6642957762318539,0.743323822897674,0.013946125882203564,0.021444043023173154,draftkings,DraftKings,2026-05-13T00:10:00Z,San Antonio Spurs,Minnesota Timberwolves,,,False
2026-05-12,2026-05-11T13:38:48.772667+00:00,3032976,Rudy Gobert,MIN,ast,OVER,1.5,-188,0.6527777777777778,0.6663596845457622,0.743323822897674,0.01358190676798443,0.020806325261593206,fanduel,FanDuel,2026-05-13T00:10:00Z,San Antonio Spurs,Minnesota Timberwolves,,,False
2026-05-12,2026-05-11T13:38:48.772667+00:00,5104157,Victor Wembanyama,SAS,ast,UNDER,3.5,-155,0.6078431372549019,0.6181773158082298,0.6767376609437546,0.010334178553327855,0.017001390523216697,draftkings,DraftKings,2026-05-13T00:10:00Z,San Antonio Spurs,Minnesota Timberwolves,,,False
2026-05-12,2026-05-11T13:38:48.772667+00:00,5104157,Victor Wembanyama,SAS,ast,UNDER,3.5,-157,0.6108949416342413,0.6207713495306683,0.6767376609437546,0.009876407896426964,0.016167113562941038,williamhill_us,Caesars,2026-05-13T00:10:00Z,San Antonio Spurs,Minnesota Timberwolves,,,False
2026-05-12,2026-05-11T13:38:48.772667+00:00,5104157,Victor Wembanyama,SAS,ast,UNDER,3.5,-160,0.6153846153846154,0.6245875722184863,0.6767376609437546,0.009202956833870846,0.014954804855040194,betmgm,BetMGM,2026-05-13T00:10:00Z,San Antonio Spurs,Minnesota Timberwolves,,,False
2026-05-12,2026-05-11T13:38:48.772667+00:00,5104157,Victor Wembanyama,SAS,ast,UNDER,3.5,-160,0.6153846153846154,0.6245875722184863,0.6767376609437546,0.009202956833870846,0.014954804855040194,bovada,Bovada,2026-05-13T00:10:00Z,San Antonio Spurs,Minnesota Timberwolves,,,False
2026-05-12,2026-05-11T13:38:48.772667+00:00,5104157,Victor Wembanyama,SAS,ast,UNDER,3.5,-162,0.6183206106870229,0.6270831682255327,0.6767376609437546,0.008762557538509741,0.01417154367339235,fanduel,FanDuel,2026-05-13T00:10:00Z,San Antonio Spurs,Minnesota Timberwolves,,,False
2026-05-12,2026-05-11T13:38:48.772667+00:00,5104157,Victor Wembanyama,SAS,ast,UNDER,2.5,150,0.4,0.4047965355796201,0.4319769038641337,0.004796535579620065,0.011991338949050245,bovada,Bovada,2026-05-13T00:10:00Z,San Antonio Spurs,Minnesota Timberwolves,,,False
2026-05-12,2026-05-11T13:38:48.772667+00:00,5037871,Dylan Harper,SAS,ast,UNDER,2.5,131,0.4329004329004329,0.43719849479516004,0.4615541788652806,0.004298061894727145,0.009928522976819676,draftkings,DraftKings,2026-05-13T00:10:00Z,San Antonio Spurs,Minnesota Timberwolves,,,False
2026-05-12,2026-05-11T13:38:48.772667+00:00,5037871,Dylan Harper,SAS,ast,UNDER,2.5,130,0.43478260869565216,0.4387983442210964,0.4615541788652806,0.004015735525444264,0.009236191708521746,bovada,Bovada,2026-05-13T00:10:00Z,San Antonio Spurs,Minnesota Timberwolves,,,False
2026-05-12,2026-05-11T13:38:48.772667+00:00,5037871,Dylan Harper,SAS,ast,UNDER,3.5,-185,0.6491228070175439,0.6550510366504662,0.6886443379036927,0.005928229632922277,0.009132678083150603,bovada,Bovada,2026-05-13T00:10:00Z,San Antonio Spurs,Minnesota Timberwolves,,,False
2026-05-12,2026-05-11T13:38:48.772667+00:00,5104157,Victor Wembanyama,SAS,blk,UNDER,3.5,106,0.4854368932038835,0.99,0.9958482849346181,0.5045631067961165,1.0394,draftkings,DraftKings,2026-05-13T00:10:00Z,San Antonio Spurs,Minnesota Timberwolves,,,False
2026-05-12,2026-05-11T13:38:48.772667+00:00,5104157,Victor Wembanyama,SAS,blk,UNDER,3.5,100,0.5,0.99,0.9958482849346181,0.49,0.98,fanduel,FanDuel,2026-05-13T00:10:00Z,San Antonio Spurs,Minnesota Timberwolves,,,False
2026-05-12,2026-05-11T13:38:48.772667+00:00,3032976,Rudy Gobert,MIN,blk,UNDER,1.5,-177,0.6389891696750902,0.8243787645209127,0.8243787645209127,0.18538959484582251,0.2901294789395075,draftkings,DraftKings,2026-05-13T00:10:00Z,San Antonio Spurs,Minnesota Timberwolves,,,False
2026-05-12,2026-05-11T13:38:48.772667+00:00,3032976,Rudy Gobert,MIN,blk,UNDER,1.5,-186,0.6503496503496503,0.8243787645209127,0.8243787645209127,0.17402911417126243,0.26759315404828515,fanduel,FanDuel,2026-05-13T00:10:00Z,San Antonio Spurs,Minnesota Timberwolves,,,False
2026-05-12,2026-05-11T13:38:48.772667+00:00,4592479,Julian Champagnie,SAS,dd,YES,,2200,0.043478260869565216,0.0854475605069173,0.0854475605069173,0.04196929963735209,0.965293891659098,fanduel,FanDuel,2026-05-13T00:10:00Z,San Antonio Spurs,Minnesota Timberwolves,,,False
2026-05-12,2026-05-11T13:38:48.772667+00:00,4592479,Julian Champagnie,SAS,dd,YES,,2100,0.045454545454545456,0.0854475605069173,0.0854475605069173,0.03999301505237185,0.8798463311521806,williamhill_us,Caesars,2026-05-13T00:10:00Z,San Antonio Spurs,Minnesota Timberwolves,,,False
2026-05-12,2026-05-11T13:38:48.772667+00:00,4592479,Julian Champagnie,SAS,dd,YES,,2000,0.047619047619047616,0.0854475605069173,0.0854475605069173,0.03782851288786969,0.7943987706452634,draftkings,DraftKings,2026-05-13T00:10:00Z,San Antonio Spurs,Minnesota Timberwolves,,,False
2026-05-12,2026-05-11T13:38:48.772667+00:00,4592479,Julian Champagnie,SAS,dd,YES,,2000,0.047619047619047616,0.0854475605069173,0.0854475605069173,0.03782851288786969,0.7943987706452634,bovada,Bovada,2026-05-13T00:10:00Z,San Antonio Spurs,Minnesota Timberwolves,,,False
2026-05-12,2026-05-11T13:38:48.772667+00:00,4594268,Anthony Edwards,MIN,pa,UNDER,31.5,105,0.4878048780487805,0.5982878048780488,0.9950947377297327,0.1104829268292683,0.22648999999999997,bovada,Bovada,2026-05-13T00:10:00Z,San Antonio Spurs,Minnesota Timberwolves,,,False
2026-05-12,2026-05-11T13:38:48.772667+00:00,5104157,Victor Wembanyama,SAS,pa,UNDER,29.5,105,0.4878048780487805,0.5975836271158953,0.9867991919902113,0.10977874906711482,0.22504643558758541,bovada,Bovada,2026-05-13T00:10:00Z,San Antonio Spurs,Minnesota Timberwolves,,,False
2026-05-12,2026-05-11T13:38:48.772667+00:00,3064514,Julius Randle,MIN,pa,UNDER,20.5,110,0.47619047619047616,0.5721291650976182,0.9122754257683946,0.09593868890714208,0.20147124670499839,bovada,Bovada,2026-05-13T00:10:00Z,San Antonio Spurs,Minnesota Timberwolves,,,False
2026-05-12,2026-05-11T13:38:48.772667+00:00,4594268,Anthony Edwards,MIN,pa,UNDER,31.5,-112,0.5283018867924528,0.6298754716981132,0.9950947377297327,0.10157358490566037,0.19226428571428578,fanduel,FanDuel,2026-05-13T00:10:00Z,San Antonio Spurs,Minnesota Timberwolves,,,False
2026-05-12,2026-05-11T13:38:48.772667+00:00,4594268,Anthony Edwards,MIN,pa,UNDER,32.5,-114,0.5327102803738317,0.6333140186915888,0.9970160679336609,0.10060373831775704,0.18885263157894727,draftkings,DraftKings,2026-05-13T00:10:00Z,San Antonio Spurs,Minnesota Timberwolves,,,False
2026-05-12,2026-05-11T13:38:48.772667+00:00,4594268,Anthony Edwards,MIN,pa,UNDER,32.5,-115,0.5348837209302325,0.6350093023255814,0.9970160679336609,0.10012558139534888,0.18719130434782605,bovada,Bovada,2026-05-13T00:10:00Z,San Antonio Spurs,Minnesota Timberwolves,,,False
2026-05-12,2026-05-11T13:38:48.772667+00:00,5104157,Victor Wembanyama,SAS,pa,UNDER,30.5,-115,0.5348837209302325,0.6350093023255814,0.9917713945919429,0.10012558139534888,0.18719130434782605,bovada,Bovada,2026-05-13T00:10:00Z,San Antonio Spurs,Minnesota Timberwolves,,,False
2026-05-12,2026-05-11T13:38:48.772667+00:00,5104157,Victor Wembanyama,SAS,pa,UNDER,30.5,-116,0.5370370370370371,0.636688888888889,0.9917713945919429,0.09965185185185188,0.18555862068965534,draftkings,DraftKings,2026-05-13T00:10:00Z,San Antonio Spurs,Minnesota Timberwolves,,,False
2026-05-12,2026-05-11T13:38:48.772667+00:00,3064514,Julius Randle,MIN,pa,UNDER,20.5,-104,0.5098039215686274,0.5983476524925762,0.9122754257683946,0.08854373092394874,0.17368193373543783,fanduel,FanDuel,2026-05-13T00:10:00Z,San Antonio Spurs,Minnesota Timberwolves,,,False
2026-05-12,2026-05-11T13:38:48.772667+00:00,4592479,Julian Champagnie,SAS,pa,OVER,9.5,-109,0.5215311004784688,0.6118544517587987,0.9320917881163318,0.09032335128032987,0.17318881117054064,draftkings,DraftKings,2026-05-13T00:10:00Z,San Antonio Spurs,Minnesota Timberwolves,,,False
2026-05-12,2026-05-11T13:38:48.772667+00:00,5104157,Victor Wembanyama,SAS,pa,UNDER,30.5,-125,0.5555555555555556,0.6511333333333333,0.9917713945919429,0.09557777777777776,0.17204000000000008,fanduel,FanDuel,2026-05-13T00:10:00Z,San Antonio Spurs,Minnesota Timberwolves,,,False
2026-05-12,2026-05-11T13:38:48.772667+00:00,4592479,Julian Champagnie,SAS,pa,OVER,9.5,-110,0.5238095238095238,0.6136316219570216,0.9320917881163318,0.08982209814749775,0.17147855100885934,bovada,Bovada,2026-05-13T00:10:00Z,San Antonio Spurs,Minnesota Timberwolves,,,False
2026-05-12,2026-05-11T13:38:48.772667+00:00,3064514,Julius Randle,MIN,pa,UNDER,21.5,-113,0.5305164319248826,0.620337171863989,0.938792522557184,0.08982073993910633,0.1693081204161916,draftkings,DraftKings,2026-05-13T00:10:00Z,San Antonio Spurs,Minnesota Timberwolves,,,False
2026-05-12,2026-05-11T13:38:48.772667+00:00,4592479,Julian Champagnie,SAS,pa,OVER,9.5,-112,0.5283018867924528,0.6171356650837062,0.9320917881163318,0.08883377829125338,0.16814965176558683,fanduel,FanDuel,2026-05-13T00:10:00Z,San Antonio Spurs,Minnesota Timberwolves,,,False
2026-05-12,2026-05-11T13:38:48.772667+00:00,3064514,Julius Randle,MIN,pa,UNDER,21.5,-115,0.5348837209302325,0.6237436572881618,0.938792522557184,0.08885993635792933,0.16612944623438952,bovada,Bovada,2026-05-13T00:10:00Z,San Antonio Spurs,Minnesota Timberwolves,,,False
2026-05-12,2026-05-11T13:38:48.772667+00:00,4594268,Anthony Edwards,MIN,pa,UNDER,33.5,-135,0.574468085106383,0.6658851063829787,0.9982309180144966,0.09141702127659568,0.1591333333333333,bovada,Bovada,2026-05-13T00:10:00Z,San Antonio Spurs,Minnesota Timberwolves,,,False
2026-05-12,2026-05-11T13:38:48.772667+00:00,5104157,Victor Wembanyama,SAS,pa,UNDER,31.5,-135,0.574468085106383,0.6658851063829787,0.9950165727159439,0.09141702127659568,0.1591333333333333,bovada,Bovada,2026-05-13T00:10:00Z,San Antonio Spurs,Minnesota Timberwolves,,,False
2026-05-12,2026-05-11T13:38:48.772667+00:00,4431671,Jaden McDaniels,MIN,pa,UNDER,17.5,110,0.47619047619047616,0.5500599600629843,0.8119608574291493,0.07386948387250813,0.15512591613226712,bovada,Bovada,2026-05-13T00:10:00Z,San Antonio Spurs,Minnesota Timberwolves,,,False
2026-05-12,2026-05-11T13:38:48.772667+00:00,3064514,Julius Randle,MIN,pa,UNDER,22.5,-145,0.5918367346938775,0.6725220286808273,0.958588070998195,0.08068529398694979,0.13633032432277725,bovada,Bovada,2026-05-13T00:10:00Z,San Antonio Spurs,Minnesota Timberwolves,,,False
2026-05-12,2026-05-11T13:38:48.772667+00:00,4431671,Jaden McDaniels,MIN,pa,UNDER,17.5,-102,0.504950495049505,0.5724927747730267,0.8119608574291493,0.06754227972352178,0.1337602010210921,fanduel,FanDuel,2026-05-13T00:10:00Z,San Antonio Spurs,Minnesota Timberwolves,,,False
2026-05-12,2026-05-11T13:38:48.772667+00:00,4431671,Jaden McDaniels,MIN,pa,UNDER,18.5,-115,0.5348837209302325,0.6060531401289444,0.8583810809243773,0.07116941919871189,0.13305587067585256,bovada,Bovada,2026-05-13T00:10:00Z,San Antonio Spurs,Minnesota Timberwolves,,,False
2026-05-12,2026-05-11T13:38:48.772667+00:00,4431671,Jaden McDaniels,MIN,pa,UNDER,18.5,-116,0.5370370370370371,0.6077327266922519,0.8583810809243773,0.07069568965521478,0.13164024970281374,draftkings,DraftKings,2026-05-13T00:10:00Z,San Antonio Spurs,Minnesota Timberwolves,,,False
2026-05-12,2026-05-11T13:38:48.772667+00:00,4592479,Julian Champagnie,SAS,pa,OVER,8.5,-150,0.6,0.6771885565882061,0.9508570754009369,0.07718855658820611,0.12864759431367678,bovada,Bovada,2026-05-13T00:10:00Z,San Antonio Spurs,Minnesota Timberwolves,,,False
2026-05-12,2026-05-11T13:38:48.772667+00:00,4431671,Jaden McDaniels,MIN,pa,UNDER,19.5,-145,0.5918367346938775,0.6588288030920139,0.8963461365035881,0.06699206839813632,0.11319349487960967,bovada,Bovada,2026-05-13T00:10:00Z,San Antonio Spurs,Minnesota Timberwolves,,,False
2026-05-12,2026-05-11T13:38:48.772667+00:00,4397002,Ayo Dosunmu,MIN,pa,UNDER,15.5,130,0.43478260869565216,0.48381597999211706,0.657661569134129,0.0490333712964649,0.11277675398186937,bovada,Bovada,2026-05-13T00:10:00Z,San Antonio Spurs,Minnesota Timberwolves,,,False
2026-05-12,2026-05-11T13:38:48.772667+00:00,4397002,Ayo Dosunmu,MIN,pa,UNDER,16.5,105,0.4878048780487805,0.5398345537321194,0.7243034038821393,0.05202967568333894,0.10666083515084479,bovada,Bovada,2026-05-13T00:10:00Z,San Antonio Spurs,Minnesota Timberwolves,,,False
2026-05-12,2026-05-11T13:38:48.772667+00:00,5037871,Dylan Harper,SAS,pa,OVER,14.5,105,0.4878048780487805,0.5361814071499145,0.7076981921448443,0.04837652910113399,0.09917188465732474,bovada,Bovada,2026-05-13T00:10:00Z,San Antonio Spurs,Minnesota Timberwolves,,,False
2026-05-12,2026-05-11T13:38:48.772667+00:00,4397002,Ayo Dosunmu,MIN,pa,UNDER,17.5,-125,0.5555555555555556,0.6057800757110081,0.7838488289894306,0.050224520155452534,0.09040413627981464,bovada,Bovada,2026-05-13T00:10:00Z,San Antonio Spurs,Minnesota Timberwolves,,,False
2026-05-12,2026-05-11T13:38:48.772667+00:00,5037871,Dylan Harper,SAS,pa,OVER,13.5,-118,0.5412844036697247,0.589923658930234,0.7623719275811307,0.04863925526050927,0.08985896310839842,fanduel,FanDuel,2026-05-13T00:10:00Z,San Antonio Spurs,Minnesota Timberwolves,,,False
2026-05-12,2026-05-11T13:38:48.772667+00:00,4397002,Ayo Dosunmu,MIN,pa,UNDER,17.5,-127,0.5594713656387665,0.6088344075759127,0.7838488289894306,0.049363041937146135,0.08823157889552896,draftkings,DraftKings,2026-05-13T00:10:00Z,San Antonio Spurs,Minnesota Timberwolves,,,False
2026-05-12,2026-05-11T13:38:48.772667+00:00,4592479,Julian Champagnie,SAS,pa,OVER,7.5,-230,0.696969696969697,0.7559868680069665,0.9652295653209217,0.059017171037269445,0.08467681061869098,bovada,Bovada,2026-05-13T00:10:00Z,San Antonio Spurs,Minnesota Timberwolves,,,False
2026-05-12,2026-05-11T13:38:48.772667+00:00,5037871,Dylan Harper,SAS,pa,OVER,13.5,-125,0.5555555555555556,0.6010551574011821,0.7623719275811307,0.045499601845626514,0.08189928332212781,bovada,Bovada,2026-05-13T00:10:00Z,San Antonio Spurs,Minnesota Timberwolves,,,False
2026-05-12,2026-05-11T13:38:48.772667+00:00,5037871,Dylan Harper,SAS,pa,OVER,13.5,-128,0.5614035087719298,0.605616560909954,0.7623719275811307,0.04421305213802418,0.07875449912085553,draftkings,DraftKings,2026-05-13T00:10:00Z,San Antonio Spurs,Minnesota Timberwolves,,,False
2026-05-12,2026-05-11T13:38:48.772667+00:00,4395630,Devin Vassell,SAS,pa,OVER,15.5,100,0.5,0.5371920050609348,0.6690545684587943,0.037192005060934785,0.07438401012186957,bovada,Bovada,2026-05-13T00:10:00Z,San Antonio Spurs,Minnesota Timberwolves,,,False
2026-05-12,2026-05-11T13:38:48.772667+00:00,4397002,Ayo Dosunmu,MIN,pa,UNDER,16.5,-125,0.5555555555555556,0.592680082187404,0.7243034038821393,0.0371245266318484,0.06682414793732716,fanduel,FanDuel,2026-05-13T00:10:00Z,San Antonio Spurs,Minnesota Timberwolves,,,False
2026-05-12,2026-05-11T13:38:48.772667+00:00,5037871,Dylan Harper,SAS,pa,OVER,12.5,-165,0.6226415094339622,0.6640593232798129,0.810904299642374,0.04141781384585064,0.06651951920697219,bovada,Bovada,2026-05-13T00:10:00Z,San Antonio Spurs,Minnesota Timberwolves,,,False
2026-05-12,2026-05-11T13:38:48.772667+00:00,4395630,Devin Vassell,SAS,pa,OVER,14.5,-130,0.5652173913043478,0.6006406610850793,0.7262322539440365,0.035423269780731514,0.06267193884283262,draftkings,DraftKings,2026-05-13T00:10:00Z,San Antonio Spurs,Minnesota Timberwolves,,,False
2026-05-12,2026-05-11T13:38:48.772667+00:00,4395630,Devin Vassell,SAS,pa,OVER,14.5,-130,0.5652173913043478,0.6006406610850793,0.7262322539440365,0.035423269780731514,0.06267193884283262,bovada,Bovada,2026-05-13T00:10:00Z,San Antonio Spurs,Minnesota Timberwolves,,,False
2026-05-12,2026-05-11T13:38:48.772667+00:00,4395630,Devin Vassell,SAS,pa,OVER,15.5,-114,0.5327102803738317,0.5627060237525235,0.6690545684587943,0.02999574337869182,0.05630779897403537,fanduel,FanDuel,2026-05-13T00:10:00Z,San Antonio Spurs,Minnesota Timberwolves,,,False
2026-05-12,2026-05-11T13:38:48.772667+00:00,4395630,Devin Vassell,SAS,pa,OVER,13.5,-170,0.6296296296296297,0.6622812104207652,0.7780459059529727,0.032651580791135504,0.051858393021215254,bovada,Bovada,2026-05-13T00:10:00Z,San Antonio Spurs,Minnesota Timberwolves,,,False
2026-05-12,2026-05-11T13:38:48.772667+00:00,4066259,De'Aaron Fox,SAS,pa,UNDER,22.5,100,0.5,0.5197610628235467,0.589823012834303,0.019761062823546727,0.03952212564709345,bovada,Bovada,2026-05-13T00:10:00Z,San Antonio Spurs,Minnesota Timberwolves,,,False
2026-05-12,2026-05-11T13:38:48.772667+00:00,4066259,De'Aaron Fox,SAS,pa,UNDER,23.5,-125,0.5555555555555556,0.5766382762442613,0.6513861041405818,0.02108272068870576,0.03794889723967043,bovada,Bovada,2026-05-13T00:10:00Z,San Antonio Spurs,Minnesota Timberwolves,,,False
2026-05-12,2026-05-11T13:38:48.772667+00:00,4066259,De'Aaron Fox,SAS,pa,UNDER,23.5,-127,0.5594713656387665,0.5796926081091659,0.6513861041405818,0.02022124247039936,0.036143480636068204,draftkings,DraftKings,2026-05-13T00:10:00Z,San Antonio Spurs,Minnesota Timberwolves,,,False
2026-05-12,2026-05-11T13:38:48.772667+00:00,4066259,De'Aaron Fox,SAS,pa,UNDER,21.5,120,0.45454545454545453,0.47025632396141726,0.5259584973452851,0.015710869415962725,0.03456391271511794,bovada,Bovada,2026-05-13T00:10:00Z,San Antonio Spurs,Minnesota Timberwolves,,,False
2026-05-12,2026-05-11T13:38:48.772667+00:00,4066259,De'Aaron Fox,SAS,pa,UNDER,22.5,-106,0.5145631067961165,0.5311202861245176,0.589823012834303,0.01655717932840106,0.03217715982689262,fanduel,FanDuel,2026-05-13T00:10:00Z,San Antonio Spurs,Minnesota Timberwolves,,,False
2026-05-12,2026-05-11T13:38:48.772667+00:00,4845367,Stephon Castle,SAS,pa,UNDER,23.5,100,0.5,0.5114688275522358,0.5521310343283445,0.011468827552235772,0.022937655104471544,bovada,Bovada,2026-05-13T00:10:00Z,San Antonio Spurs,Minnesota Timberwolves,,,False
2026-05-12,2026-05-11T13:38:48.772667+00:00,4845367,Stephon Castle,SAS,pa,UNDER,24.5,-123,0.5515695067264574,0.564144850156251,0.6087301586800645,0.012575343429793606,0.022799199876780363,draftkings,DraftKings,2026-05-13T00:10:00Z,San Antonio Spurs,Minnesota Timberwolves,,,False
2026-05-12,2026-05-11T13:38:48.772667+00:00,4845367,Stephon Castle,SAS,pa,UNDER,24.5,-125,0.5555555555555556,0.5672539682429476,0.6087301586800645,0.011698412687392024,0.021057142837305698,bovada,Bovada,2026-05-13T00:10:00Z,San Antonio Spurs,Minnesota Timberwolves,,,False
2026-05-12,2026-05-11T13:38:48.772667+00:00,4845367,Stephon Castle,SAS,pa,UNDER,22.5,120,0.45454545454545453,0.4633240757261262,0.4944482780939623,0.008778621180671686,0.01931296659747761,bovada,Bovada,2026-05-13T00:10:00Z,San Antonio Spurs,Minnesota Timberwolves,,,False
2026-05-12,2026-05-11T13:38:48.772667+00:00,4845367,Stephon Castle,SAS,pa,UNDER,23.5,-104,0.5098039215686274,0.5191158863757652,0.5521310343283445,0.009311964807137807,0.01826577712169336,fanduel,FanDuel,2026-05-13T00:10:00Z,San Antonio Spurs,Minnesota Timberwolves,,,False
2026-05-12,2026-05-11T13:38:48.772667+00:00,3032976,Rudy Gobert,MIN,pa,UNDER,10.5,-125,0.5555555555555556,0.5632362785266062,0.5904679326966946,0.007680722971050602,0.013825301347891172,bovada,Bovada,2026-05-13T00:10:00Z,San Antonio Spurs,Minnesota Timberwolves,,,False
2026-05-12,2026-05-11T13:38:48.772667+00:00,3032976,Rudy Gobert,MIN,pa,UNDER,10.5,-128,0.5614035087719298,0.5677976820353781,0.5904679326966946,0.006394173263448266,0.011389621125517169,draftkings,DraftKings,2026-05-13T00:10:00Z,San Antonio Spurs,Minnesota Timberwolves,,,False
2026-05-12,2026-05-11T13:38:48.772667+00:00,3032976,Rudy Gobert,MIN,pa,UNDER,9.5,110,0.47619047619047616,0.48097695159770876,0.4979471825869879,0.004786475407232593,0.01005159835518843,bovada,Bovada,2026-05-13T00:10:00Z,San Antonio Spurs,Minnesota Timberwolves,,,False
2026-05-12,2026-05-11T13:38:48.772667+00:00,3032976,Rudy Gobert,MIN,pa,UNDER,8.5,155,0.39215686274509803,0.39510053844659154,0.4055372068427959,0.002943675701493509,0.0075063730388084116,bovada,Bovada,2026-05-13T00:10:00Z,San Antonio Spurs,Minnesota Timberwolves,,,False
2026-05-12,2026-05-11T13:38:48.772667+00:00,4594268,Anthony Edwards,MIN,pr,UNDER,32.5,120,0.45454545454545453,0.5704102523511275,0.9812036263894228,0.11586479780567299,0.2549025551724805,bovada,Bovada,2026-05-13T00:10:00Z,San Antonio Spurs,Minnesota Timberwolves,,,False
2026-05-12,2026-05-11T13:38:48.772667+00:00,5104157,Victor Wembanyama,SAS,pr,UNDER,38.5,110,0.47619047619047616,0.5892285714285714,0.9916526196390012,0.11303809523809527,0.23738000000000004,bovada,Bovada,2026-05-13T00:10:00Z,San Antonio Spurs,Minnesota Timberwolves,,,False
2026-05-12,2026-05-11T13:38:48.772667+00:00,4594268,Anthony Edwards,MIN,pr,UNDER,33.5,100,0.5,0.6072243998727832,0.9873836357853782,0.1072243998727832,0.2144487997455664,bovada,Bovada,2026-05-13T00:10:00Z,San Antonio Spurs,Minnesota Timberwolves,,,False
2026-05-12,2026-05-11T13:38:48.772667+00:00,5104157,Victor Wembanyama,SAS,pr,UNDER,39.5,-105,0.5121951219512195,0.6173121951219512,0.9946672956274184,0.10511707317073171,0.20522857142857143,bovada,Bovada,2026-05-13T00:10:00Z,San Antonio Spurs,Minnesota Timberwolves,,,False
2026-05-12,2026-05-11T13:38:48.772667+00:00,5104157,Victor Wembanyama,SAS,pr,UNDER,39.5,-106,0.5145631067961165,0.6191592233009708,0.9946672956274184,0.10459611650485434,0.20327169811320744,fanduel,FanDuel,2026-05-13T00:10:00Z,San Antonio Spurs,Minnesota Timberwolves,,,False
2026-05-12,2026-05-11T13:38:48.772667+00:00,3064514,Julius Randle,MIN,pr,UNDER,22.5,125,0.4444444444444444,0.5316515704461678,0.8408404717250053,0.08720712600172342,0.19621603350387762,bovada,Bovada,2026-05-13T00:10:00Z,San Antonio Spurs,Minnesota Timberwolves,,,False
2026-05-12,2026-05-11T13:38:48.772667+00:00,4594268,Anthony Edwards,MIN,pr,UNDER,34.5,-117,0.5391705069124424,0.6383529953917051,0.991720914161389,0.0991824884792627,0.18395384615384613,draftkings,DraftKings,2026-05-13T00:10:00Z,San Antonio Spurs,Minnesota Timberwolves,,,False
2026-05-12,2026-05-11T13:38:48.772667+00:00,4592479,Julian Champagnie,SAS,pr,OVER,13.5,-102,0.504950495049505,0.596957783093336,0.9231654407032823,0.09200728804383107,0.1822105116162145,fanduel,FanDuel,2026-05-13T00:10:00Z,San Antonio Spurs,Minnesota Timberwolves,,,False
2026-05-12,2026-05-11T13:38:48.772667+00:00,4594268,Anthony Edwards,MIN,pr,UNDER,33.5,-118,0.5412844036697247,0.6394262347351685,0.9873836357853782,0.09814183106544372,0.18131287434124344,fanduel,FanDuel,2026-05-13T00:10:00Z,San Antonio Spurs,Minnesota Timberwolves,,,False
2026-05-12,2026-05-11T13:38:48.772667+00:00,4594268,Anthony Edwards,MIN,pr,UNDER,34.5,-120,0.5454545454545454,0.6432545454545454,0.991720914161389,0.0978,0.1792999999999999,bovada,Bovada,2026-05-13T00:10:00Z,San Antonio Spurs,Minnesota Timberwolves,,,False
2026-05-12,2026-05-11T13:38:48.772667+00:00,4592479,Julian Champagnie,SAS,pr,OVER,13.5,-104,0.5098039215686274,0.6007434557782515,0.9231654407032823,0.09093953420962408,0.17838139402657027,draftkings,DraftKings,2026-05-13T00:10:00Z,San Antonio Spurs,Minnesota Timberwolves,,,False
2026-05-12,2026-05-11T13:38:48.772667+00:00,3064514,Julius Randle,MIN,pr,UNDER,23.5,105,0.4878048780487805,0.5741740605740822,0.880392071345606,0.08636918252530168,0.1770568241768684,bovada,Bovada,2026-05-13T00:10:00Z,San Antonio Spurs,Minnesota Timberwolves,,,False
2026-05-12,2026-05-11T13:38:48.772667+00:00,4592479,Julian Champagnie,SAS,pr,OVER,13.5,-105,0.5121951219512195,0.6026085920766734,0.9231654407032823,0.09041347012545387,0.17652153691160044,bovada,Bovada,2026-05-13T00:10:00Z,San Antonio Spurs,Minnesota Timberwolves,,,False
2026-05-12,2026-05-11T13:38:48.772667+00:00,5104157,Victor Wembanyama,SAS,pr,UNDER,40.5,-125,0.5555555555555556,0.6511333333333333,0.9966720457013067,0.09557777777777776,0.17204000000000008,draftkings,DraftKings,2026-05-13T00:10:00Z,San Antonio Spurs,Minnesota Timberwolves,,,False
2026-05-12,2026-05-11T13:38:48.772667+00:00,5104157,Victor Wembanyama,SAS,pr,UNDER,40.5,-125,0.5555555555555556,0.6511333333333333,0.9966720457013067,0.09557777777777776,0.17204000000000008,bovada,Bovada,2026-05-13T00:10:00Z,San Antonio Spurs,Minnesota Timberwolves,,,False
2026-05-12,2026-05-11T13:38:48.772667+00:00,5037871,Dylan Harper,SAS,pr,OVER,15.5,110,0.47619047619047616,0.5476339035011745,0.800933327602741,0.0714434273106983,0.1500311973524664,bovada,Bovada,2026-05-13T00:10:00Z,San Antonio Spurs,Minnesota Timberwolves,,,False
2026-05-12,2026-05-11T13:38:48.772667+00:00,3064514,Julius Randle,MIN,pr,UNDER,24.5,-120,0.5454545454545454,0.6261929340638569,0.9124472209514158,0.08073838860931148,0.148020379117071,bovada,Bovada,2026-05-13T00:10:00Z,San Antonio Spurs,Minnesota Timberwolves,,,False
2026-05-12,2026-05-11T13:38:48.772667+00:00,3064514,Julius Randle,MIN,pr,UNDER,24.5,-122,0.5495495495495496,0.6293870372579602,0.9124472209514158,0.07983748770841059,0.1452780514038292,draftkings,DraftKings,2026-05-13T00:10:00Z,San Antonio Spurs,Minnesota Timberwolves,,,False
2026-05-12,2026-05-11T13:38:48.772667+00:00,3032976,Rudy Gobert,MIN,pr,UNDER,17.5,120,0.45454545454545453,0.5189169840747685,0.747143316042336,0.06437152952931396,0.14161736496449062,bovada,Bovada,2026-05-13T00:10:00Z,San Antonio Spurs,Minnesota Timberwolves,,,False
2026-05-12,2026-05-11T13:38:48.772667+00:00,4592479,Julian Champagnie,SAS,pr,OVER,12.5,-135,0.574468085106383,0.6555743815685399,0.9431330690252779,0.08110629646215683,0.14118503458227305,bovada,Bovada,2026-05-13T00:10:00Z,San Antonio Spurs,Minnesota Timberwolves,,,False
2026-05-12,2026-05-11T13:38:48.772667+00:00,5037871,Dylan Harper,SAS,pr,OVER,14.5,-106,0.5145631067961165,0.586742565169246,0.8426515539467052,0.07217945837312956,0.14027328702702535,fanduel,FanDuel,2026-05-13T00:10:00Z,San Antonio Spurs,Minnesota Timberwolves,,,False
2026-05-12,2026-05-11T13:38:48.772667+00:00,3064514,Julius Randle,MIN,pr,UNDER,23.5,-118,0.5412844036697247,0.6158880905584186,0.880392071345606,0.0746036868886939,0.13782715035368864,fanduel,FanDuel,2026-05-13T00:10:00Z,San Antonio Spurs,Minnesota Timberwolves,,,False
2026-05-12,2026-05-11T13:38:48.772667+00:00,5037871,Dylan Harper,SAS,pr,OVER,14.5,-113,0.5305164319248826,0.5991861587696836,0.8426515539467052,0.068669726844801,0.1294393966189612,draftkings,DraftKings,2026-05-13T00:10:00Z,San Antonio Spurs,Minnesota Timberwolves,,,False
2026-05-12,2026-05-11T13:38:48.772667+00:00,3032976,Rudy Gobert,MIN,pr,UNDER,18.5,-105,0.5121951219512195,0.5773797342680509,0.8084888143004529,0.06518461231683137,0.12726519547571835,draftkings,DraftKings,2026-05-13T00:10:00Z,San Antonio Spurs,Minnesota Timberwolves,,,False
2026-05-12,2026-05-11T13:38:48.772667+00:00,3032976,Rudy Gobert,MIN,pr,UNDER,18.5,-105,0.5121951219512195,0.5773797342680509,0.8084888143004529,0.06518461231683137,0.12726519547571835,bovada,Bovada,2026-05-13T00:10:00Z,San Antonio Spurs,Minnesota Timberwolves,,,False
2026-05-12,2026-05-11T13:38:48.772667+00:00,5037871,Dylan Harper,SAS,pr,OVER,14.5,-115,0.5348837209302325,0.6025926441938565,0.8426515539467052,0.06770892326362399,0.12658624784068817,bovada,Bovada,2026-05-13T00:10:00Z,San Antonio Spurs,Minnesota Timberwolves,,,False
2026-05-12,2026-05-11T13:38:48.772667+00:00,4431671,Jaden McDaniels,MIN,pr,UNDER,19.5,110,0.47619047619047616,0.5309726215356527,0.7252002277594605,0.05478214534517656,0.1150425052248708,bovada,Bovada,2026-05-13T00:10:00Z,San Antonio Spurs,Minnesota Timberwolves,,,False
2026-05-12,2026-05-11T13:38:48.772667+00:00,3032976,Rudy Gobert,MIN,pr,UNDER,19.5,-130,0.5652173913043478,0.6300125087908302,0.8597406526065405,0.06479511748648237,0.11463751555300722,bovada,Bovada,2026-05-13T00:10:00Z,San Antonio Spurs,Minnesota Timberwolves,,,False
2026-05-12,2026-05-11T13:38:48.772667+00:00,3032976,Rudy Gobert,MIN,pr,UNDER,18.5,-118,0.5412844036697247,0.6000693740084849,0.8084888143004529,0.05878497033876018,0.10860274181228569,fanduel,FanDuel,2026-05-13T00:10:00Z,San Antonio Spurs,Minnesota Timberwolves,,,False
2026-05-12,2026-05-11T13:38:48.772667+00:00,4395630,Devin Vassell,SAS,pr,OVER,17.5,110,0.47619047619047616,0.5271793736905696,0.7079581920999918,0.05098889750009339,0.10707668475019616,bovada,Bovada,2026-05-13T00:10:00Z,San Antonio Spurs,Minnesota Timberwolves,,,False
2026-05-12,2026-05-11T13:38:48.772667+00:00,4592479,Julian Champagnie,SAS,pr,OVER,11.5,-185,0.6491228070175439,0.717244872294634,0.9587685582770443,0.06812206527709008,0.1049448032647064,bovada,Bovada,2026-05-13T00:10:00Z,San Antonio Spurs,Minnesota Timberwolves,,,False
2026-05-12,2026-05-11T13:38:48.772667+00:00,4431671,Jaden McDaniels,MIN,pr,UNDER,20.5,-113,0.5305164319248826,0.5855836282443576,0.7808218697406782,0.05506719631947499,0.1037992284606033,draftkings,DraftKings,2026-05-13T00:10:00Z,San Antonio Spurs,Minnesota Timberwolves,,,False
2026-05-12,2026-05-11T13:38:48.772667+00:00,5037871,Dylan Harper,SAS,pr,OVER,13.5,-150,0.6,0.6611966748687952,0.8781667039490693,0.06119667486879521,0.10199445811465863,bovada,Bovada,2026-05-13T00:10:00Z,San Antonio Spurs,Minnesota Timberwolves,,,False
2026-05-12,2026-05-11T13:38:48.772667+00:00,4431671,Jaden McDaniels,MIN,pr,UNDER,20.5,-115,0.5348837209302325,0.5889901136685306,0.7808218697406782,0.05410639273829809,0.10115542990203541,bovada,Bovada,2026-05-13T00:10:00Z,San Antonio Spurs,Minnesota Timberwolves,,,False
2026-05-12,2026-05-11T13:38:48.772667+00:00,4395630,Devin Vassell,SAS,pr,OVER,16.5,-115,0.5348837209302325,0.5844020728067331,0.7599671385506895,0.049518351876500555,0.09257778829084873,draftkings,DraftKings,2026-05-13T00:10:00Z,San Antonio Spurs,Minnesota Timberwolves,,,False
2026-05-12,2026-05-11T13:38:48.772667+00:00,4395630,Devin Vassell,SAS,pr,OVER,16.5,-115,0.5348837209302325,0.5844020728067331,0.7599671385506895,0.049518351876500555,0.09257778829084873,bovada,Bovada,2026-05-13T00:10:00Z,San Antonio Spurs,Minnesota Timberwolves,,,False
2026-05-12,2026-05-11T13:38:48.772667+00:00,4395630,Devin Vassell,SAS,pr,OVER,17.5,100,0.5,0.5457508022619982,0.7079581920999918,0.045750802261998236,0.09150160452399647,fanduel,FanDuel,2026-05-13T00:10:00Z,San Antonio Spurs,Minnesota Timberwolves,,,False
2026-05-12,2026-05-11T13:38:48.772667+00:00,4431671,Jaden McDaniels,MIN,pr,UNDER,21.5,-145,0.5918367346938775,0.6440887450931585,0.8293458728724272,0.05225201039928096,0.08828787964016438,bovada,Bovada,2026-05-13T00:10:00Z,San Antonio Spurs,Minnesota Timberwolves,,,False
2026-05-12,2026-05-11T13:38:48.772667+00:00,4431671,Jaden McDaniels,MIN,pr,UNDER,20.5,-128,0.5614035087719298,0.6096755481850544,0.7808218697406782,0.048272039413124634,0.08598457020462819,fanduel,FanDuel,2026-05-13T00:10:00Z,San Antonio Spurs,Minnesota Timberwolves,,,False
2026-05-12,2026-05-11T13:38:48.772667+00:00,4395630,Devin Vassell,SAS,pr,OVER,15.5,-150,0.6,0.6454235645176846,0.8064707478076574,0.04542356451768459,0.07570594086280757,bovada,Bovada,2026-05-13T00:10:00Z,San Antonio Spurs,Minnesota Timberwolves,,,False
2026-05-12,2026-05-11T13:38:48.772667+00:00,4397002,Ayo Dosunmu,MIN,pr,UNDER,16.5,105,0.4878048780487805,0.5223092578166245,0.6446429679026169,0.03450437976784404,0.07073397852408025,bovada,Bovada,2026-05-13T00:10:00Z,San Antonio Spurs,Minnesota Timberwolves,,,False
2026-05-12,2026-05-11T13:38:48.772667+00:00,4397002,Ayo Dosunmu,MIN,pr,UNDER,15.5,130,0.43478260869565216,0.46537767923208884,0.5738511111340006,0.030595070536436675,0.07036866223380434,bovada,Bovada,2026-05-13T00:10:00Z,San Antonio Spurs,Minnesota Timberwolves,,,False
2026-05-12,2026-05-11T13:38:48.772667+00:00,4397002,Ayo Dosunmu,MIN,pr,UNDER,17.5,-125,0.5555555555555556,0.5897005906661681,0.7107602606037945,0.03414503511061251,0.061461063199102606,bovada,Bovada,2026-05-13T00:10:00Z,San Antonio Spurs,Minnesota Timberwolves,,,False
2026-05-12,2026-05-11T13:38:48.772667+00:00,4397002,Ayo Dosunmu,MIN,pr,UNDER,17.5,-128,0.5614035087719298,0.5942619941749401,0.7107602606037945,0.032858485403010285,0.058529177124111986,draftkings,DraftKings,2026-05-13T00:10:00Z,San Antonio Spurs,Minnesota Timberwolves,,,False
2026-05-12,2026-05-11T13:38:48.772667+00:00,4395723,Keldon Johnson,SAS,pr,OVER,11.5,-114,0.5327102803738317,0.56112405726385,0.6618638116920965,0.028413776890018227,0.05333814258301656,fanduel,FanDuel,2026-05-13T00:10:00Z,San Antonio Spurs,Minnesota Timberwolves,,,False
2026-05-12,2026-05-11T13:38:48.772667+00:00,4397002,Ayo Dosunmu,MIN,pr,UNDER,16.5,-114,0.5327102803738317,0.5573354716301645,0.6446429679026169,0.02462519125633278,0.04622623621802807,fanduel,FanDuel,2026-05-13T00:10:00Z,San Antonio Spurs,Minnesota Timberwolves,,,False
2026-05-12,2026-05-11T13:38:48.772667+00:00,4395723,Keldon Johnson,SAS,pr,OVER,12.5,105,0.4878048780487805,0.5095646397679279,0.5867128858630868,0.021759761719147397,0.04460751152425213,bovada,Bovada,2026-05-13T00:10:00Z,San Antonio Spurs,Minnesota Timberwolves,,,False
2026-05-12,2026-05-11T13:38:48.772667+00:00,4395723,Keldon Johnson,SAS,pr,OVER,11.5,-125,0.5555555555555556,0.5789433719055946,0.6618638116920965,0.02338781635003906,0.042098069430070384,draftkings,DraftKings,2026-05-13T00:10:00Z,San Antonio Spurs,Minnesota Timberwolves,,,False
2026-05-12,2026-05-11T13:38:48.772667+00:00,4395723,Keldon Johnson,SAS,pr,OVER,11.5,-125,0.5555555555555556,0.5789433719055946,0.6618638116920965,0.02338781635003906,0.042098069430070384,bovada,Bovada,2026-05-13T00:10:00Z,San Antonio Spurs,Minnesota Timberwolves,,,False
2026-05-12,2026-05-11T13:38:48.772667+00:00,4395723,Keldon Johnson,SAS,pr,OVER,10.5,-170,0.6296296296296297,0.6519436561884805,0.7310570230789517,0.02231402655885084,0.035439924534645506,bovada,Bovada,2026-05-13T00:10:00Z,San Antonio Spurs,Minnesota Timberwolves,,,False
2026-05-12,2026-05-11T13:38:48.772667+00:00,4845367,Stephon Castle,SAS,pr,OVER,22.5,-109,0.5215311004784688,0.5298938466078738,0.559543582884855,0.008362746129404908,0.016034990284822193,draftkings,DraftKings,2026-05-13T00:10:00Z,San Antonio Spurs,Minnesota Timberwolves,,,False
2026-05-12,2026-05-11T13:38:48.772667+00:00,4845367,Stephon Castle,SAS,pr,OVER,21.5,-135,0.574468085106383,0.5834177084701888,0.6151481913055005,0.008949623363805781,0.015578974003661983,bovada,Bovada,2026-05-13T00:10:00Z,San Antonio Spurs,Minnesota Timberwolves,,,False
2026-05-12,2026-05-11T13:38:48.772667+00:00,4845367,Stephon Castle,SAS,pr,OVER,22.5,-110,0.5238095238095238,0.5316710168060966,0.559543582884855,0.007861492996572794,0.015008304811639006,bovada,Bovada,2026-05-13T00:10:00Z,San Antonio Spurs,Minnesota Timberwolves,,,False
2026-05-12,2026-05-11T13:38:48.772667+00:00,4845367,Stephon Castle,SAS,pr,OVER,20.5,-170,0.6296296296296297,0.6381761784841751,0.6684775789684723,0.008546548854545422,0.013573930533689826,bovada,Bovada,2026-05-13T00:10:00Z,San Antonio Spurs,Minnesota Timberwolves,,,False
2026-05-12,2026-05-11T13:38:48.772667+00:00,4845367,Stephon Castle,SAS,pr,OVER,22.5,-112,0.5283018867924528,0.5351750599327812,0.559543582884855,0.006873173140328426,0.013009934872764528,fanduel,FanDuel,2026-05-13T00:10:00Z,San Antonio Spurs,Minnesota Timberwolves,,,False
2026-05-12,2026-05-11T13:38:48.772667+00:00,4396971,Naz Reid,MIN,pr,UNDER,19.5,-145,0.5918367346938775,0.599360546638878,0.6260358798984249,0.007523811945000403,0.012712647769138608,bovada,Bovada,2026-05-13T00:10:00Z,San Antonio Spurs,Minnesota Timberwolves,,,False
2026-05-12,2026-05-11T13:38:48.772667+00:00,4066259,De'Aaron Fox,SAS,pr,OVER,20.5,-112,0.5283018867924528,0.5343520653088899,0.5558026982308033,0.006050178516437077,0.011452123620398769,fanduel,FanDuel,2026-05-13T00:10:00Z,San Antonio Spurs,Minnesota Timberwolves,,,False
2026-05-12,2026-05-11T13:38:48.772667+00:00,4396971,Naz Reid,MIN,pr,UNDER,18.5,-114,0.5327102803738317,0.5387143860298856,0.5600016697195314,0.006004105656053915,0.011270865003469521,draftkings,DraftKings,2026-05-13T00:10:00Z,San Antonio Spurs,Minnesota Timberwolves,,,False
2026-05-12,2026-05-11T13:38:48.772667+00:00,4396971,Naz Reid,MIN,pr,UNDER,18.5,-115,0.5348837209302325,0.5404096696638783,0.5600016697195314,0.005525948733645758,0.010331121545511524,bovada,Bovada,2026-05-13T00:10:00Z,San Antonio Spurs,Minnesota Timberwolves,,,False
2026-05-12,2026-05-11T13:38:48.772667+00:00,4396971,Naz Reid,MIN,pr,UNDER,17.5,110,0.47619047619047616,0.4797237522676878,0.4922508219959836,0.0035332760772116556,0.007419879762144421,bovada,Bovada,2026-05-13T00:10:00Z,San Antonio Spurs,Minnesota Timberwolves,,,False
2026-05-12,2026-05-11T13:38:48.772667+00:00,4066259,De'Aaron Fox,SAS,pr,OVER,19.5,-150,0.6,0.6041093738939128,0.6186789722450585,0.00410937389391286,0.0068489564898547295,bovada,Bovada,2026-05-13T00:10:00Z,San Antonio Spurs,Minnesota Timberwolves,,,False
2026-05-12,2026-05-11T13:38:48.772667+00:00,4396971,Naz Reid,MIN,pr,UNDER,18.5,-120,0.5454545454545454,0.5486549127928423,0.5600016697195314,0.0032003673382968723,0.0058673401202108955,fanduel,FanDuel,2026-05-13T00:10:00Z,San Antonio Spurs,Minnesota Timberwolves,,,False
2026-05-12,2026-05-11T13:38:48.772667+00:00,4066259,De'Aaron Fox,SAS,pr,OVER,20.5,-120,0.5454545454545454,0.5477311390653221,0.5558026982308033,0.0022765936107767004,0.00417375495309058,bovada,Bovada,2026-05-13T00:10:00Z,San Antonio Spurs,Minnesota Timberwolves,,,False
2026-05-12,2026-05-11T13:38:48.772667+00:00,4066259,De'Aaron Fox,SAS,pr,OVER,20.5,-121,0.5475113122171946,0.5493354171401885,0.5558026982308033,0.0018241049229938966,0.0033316296527410305,draftkings,DraftKings,2026-05-13T00:10:00Z,San Antonio Spurs,Minnesota Timberwolves,,,False
2026-05-12,2026-05-11T13:38:48.772667+00:00,4066259,De'Aaron Fox,SAS,pr,OVER,21.5,105,0.4878048780487805,0.48861486466795584,0.49148663540866844,0.0008099866191753624,0.0016604725693094569,bovada,Bovada,2026-05-13T00:10:00Z,San Antonio Spurs,Minnesota Timberwolves,,,False
2026-05-12,2026-05-11T13:38:48.772667+00:00,4594268,Anthony Edwards,MIN,pra,UNDER,36.5,125,0.4444444444444444,0.5476941547018146,0.9788872332167186,0.10324971025737018,0.2323118480790829,bovada,Bovada,2026-05-13T00:10:00Z,San Antonio Spurs,Minnesota Timberwolves,,,False
2026-05-12,2026-05-11T13:38:48.772667+00:00,4592479,Julian Champagnie,SAS,pra,OVER,16.5,140,0.4166666666666667,0.5096182741505874,0.8644853760985942,0.09295160748392067,0.22308385796140962,bovada,Bovada,2026-05-13T00:10:00Z,San Antonio Spurs,Minnesota Timberwolves,,,False
2026-05-12,2026-05-11T13:38:48.772667+00:00,5104157,Victor Wembanyama,SAS,pra,UNDER,41.5,120,0.45454545454545453,0.5537774192999,0.9761307076877404,0.09923196475444546,0.21831032245978,bovada,Bovada,2026-05-13T00:10:00Z,San Antonio Spurs,Minnesota Timberwolves,,,False
2026-05-12,2026-05-11T13:38:48.772667+00:00,3064514,Julius Randle,MIN,pra,UNDER,25.5,140,0.4166666666666667,0.5011371659128466,0.8160219004543613,0.08447049924617994,0.2027291981908319,bovada,Bovada,2026-05-13T00:10:00Z,San Antonio Spurs,Minnesota Timberwolves,,,False
2026-05-12,2026-05-11T13:38:48.772667+00:00,4594268,Anthony Edwards,MIN,pra,UNDER,37.5,105,0.4878048780487805,0.5769186200885176,0.9848311391817728,0.0891137420397371,0.18268317118146105,bovada,Bovada,2026-05-13T00:10:00Z,San Antonio Spurs,Minnesota Timberwolves,,,False
2026-05-12,2026-05-11T13:38:48.772667+00:00,5104157,Victor Wembanyama,SAS,pra,UNDER,42.5,105,0.4878048780487805,0.5765240949169006,0.9825767096296759,0.08871921686812012,0.18187439457964627,bovada,Bovada,2026-05-13T00:10:00Z,San Antonio Spurs,Minnesota Timberwolves,,,False
2026-05-12,2026-05-11T13:38:48.772667+00:00,4592479,Julian Champagnie,SAS,pra,OVER,15.5,110,0.47619047619047616,0.5529110352969806,0.8907841472752636,0.07672055910650444,0.16111317412365933,bovada,Bovada,2026-05-13T00:10:00Z,San Antonio Spurs,Minnesota Timberwolves,,,False
2026-05-12,2026-05-11T13:38:48.772667+00:00,3064514,Julius Randle,MIN,pra,UNDER,26.5,115,0.46511627906976744,0.5389711841845447,0.8522605873668336,0.07385490511477727,0.1587880459967711,bovada,Bovada,2026-05-13T00:10:00Z,San Antonio Spurs,Minnesota Timberwolves,,,False
2026-05-12,2026-05-11T13:38:48.772667+00:00,4594268,Anthony Edwards,MIN,pra,UNDER,38.5,-108,0.5192307692307693,0.5981233564109487,0.9892763223482779,0.07889258718017944,0.15194127901367904,draftkings,DraftKings,2026-05-13T00:10:00Z,San Antonio Spurs,Minnesota Timberwolves,,,False
2026-05-12,2026-05-11T13:38:48.772667+00:00,4594268,Anthony Edwards,MIN,pra,UNDER,38.5,-110,0.5238095238095238,0.6010995468871392,0.9892763223482779,0.07729002307761534,0.147553680420902,bovada,Bovada,2026-05-13T00:10:00Z,San Antonio Spurs,Minnesota Timberwolves,,,False
2026-05-12,2026-05-11T13:38:48.772667+00:00,4431671,Jaden McDaniels,MIN,pra,UNDER,21.5,135,0.425531914893617,0.48507017315718326,0.6912824484361838,0.059538258263566235,0.1399149069193807,bovada,Bovada,2026-05-13T00:10:00Z,San Antonio Spurs,Minnesota Timberwolves,,,False
2026-05-12,2026-05-11T13:38:48.772667+00:00,3032976,Rudy Gobert,MIN,pra,UNDER,18.5,150,0.4,0.4552944410894527,0.6159682347968725,0.055294441089452695,0.13823610272363174,bovada,Bovada,2026-05-13T00:10:00Z,San Antonio Spurs,Minnesota Timberwolves,,,False
2026-05-12,2026-05-11T13:38:48.772667+00:00,5104157,Victor Wembanyama,SAS,pra,UNDER,43.5,-115,0.5348837209302325,0.6079822856693738,0.9874735260841297,0.07309856473914134,0.13666253407752504,bovada,Bovada,2026-05-13T00:10:00Z,San Antonio Spurs,Minnesota Timberwolves,,,False
2026-05-12,2026-05-11T13:38:48.772667+00:00,5104157,Victor Wembanyama,SAS,pra,UNDER,43.5,-116,0.5370370370370371,0.6093819411387968,0.9874735260841297,0.07234490410175975,0.1347112007412079,draftkings,DraftKings,2026-05-13T00:10:00Z,San Antonio Spurs,Minnesota Timberwolves,,,False
2026-05-12,2026-05-11T13:38:48.772667+00:00,5037871,Dylan Harper,SAS,pra,OVER,19.5,130,0.43478260869565216,0.4925693346328059,0.6997750798893256,0.05778672593715373,0.13290946965545358,bovada,Bovada,2026-05-13T00:10:00Z,San Antonio Spurs,Minnesota Timberwolves,,,False
2026-05-12,2026-05-11T13:38:48.772667+00:00,4397002,Ayo Dosunmu,MIN,pra,UNDER,18.5,145,0.40816326530612246,0.46222289643680564,0.6252387085018631,0.05405963113068318,0.13244609627017379,bovada,Bovada,2026-05-13T00:10:00Z,San Antonio Spurs,Minnesota Timberwolves,,,False
2026-05-12,2026-05-11T13:38:48.772667+00:00,5104157,Victor Wembanyama,SAS,pra,UNDER,43.5,-120,0.5454545454545454,0.6148533216101773,0.9874735260841297,0.06939877615563184,0.12723108961865837,fanduel,FanDuel,2026-05-13T00:10:00Z,San Antonio Spurs,Minnesota Timberwolves,,,False
2026-05-12,2026-05-11T13:38:48.772667+00:00,3064514,Julius Randle,MIN,pra,UNDER,27.5,-105,0.5121951219512195,0.5750181120931204,0.8833787589990153,0.06282299014190085,0.12265440932466354,bovada,Bovada,2026-05-13T00:10:00Z,San Antonio Spurs,Minnesota Timberwolves,,,False
2026-05-12,2026-05-11T13:38:48.772667+00:00,4592479,Julian Champagnie,SAS,pra,OVER,14.5,-114,0.5327102803738317,0.5935715648947681,0.9131993294387286,0.06086128452093642,0.11424837620596828,draftkings,DraftKings,2026-05-13T00:10:00Z,San Antonio Spurs,Minnesota Timberwolves,,,False
2026-05-12,2026-05-11T13:38:48.772667+00:00,4592479,Julian Champagnie,SAS,pra,OVER,14.5,-114,0.5327102803738317,0.5935715648947681,0.9131993294387286,0.06086128452093642,0.11424837620596828,fanduel,FanDuel,2026-05-13T00:10:00Z,San Antonio Spurs,Minnesota Timberwolves,,,False
2026-05-12,2026-05-11T13:38:48.772667+00:00,4594268,Anthony Edwards,MIN,pra,UNDER,38.5,-128,0.5614035087719298,0.625535637112703,0.9892763223482779,0.0641321283407732,0.11423535360700221,fanduel,FanDuel,2026-05-13T00:10:00Z,San Antonio Spurs,Minnesota Timberwolves,,,False
2026-05-12,2026-05-11T13:38:48.772667+00:00,4592479,Julian Champagnie,SAS,pra,OVER,14.5,-115,0.5348837209302325,0.5949843012564286,0.9131993294387286,0.06010058032619614,0.11236195452288833,bovada,Bovada,2026-05-13T00:10:00Z,San Antonio Spurs,Minnesota Timberwolves,,,False
2026-05-12,2026-05-11T13:38:48.772667+00:00,4594268,Anthony Edwards,MIN,pra,UNDER,39.5,-130,0.5652173913043478,0.6285860298685537,0.9925412886898726,0.06336863856420594,0.11211374515205663,bovada,Bovada,2026-05-13T00:10:00Z,San Antonio Spurs,Minnesota Timberwolves,,,False
2026-05-12,2026-05-11T13:38:48.772667+00:00,5104157,Victor Wembanyama,SAS,pra,UNDER,44.5,-130,0.5652173913043478,0.6283391941283555,0.9911307987458822,0.0631218028240077,0.11167703576555205,bovada,Bovada,2026-05-13T00:10:00Z,San Antonio Spurs,Minnesota Timberwolves,,,False
2026-05-12,2026-05-11T13:38:48.772667+00:00,4395630,Devin Vassell,SAS,pra,OVER,20.5,120,0.45454545454545453,0.5033117025036494,0.6877551831377369,0.0487662479581949,0.10728574550802872,bovada,Bovada,2026-05-13T00:10:00Z,San Antonio Spurs,Minnesota Timberwolves,,,False
2026-05-12,2026-05-11T13:38:48.772667+00:00,4431671,Jaden McDaniels,MIN,pra,UNDER,22.5,110,0.47619047619047616,0.5265952570747278,0.7404082717195329,0.0504047808842516,0.10585003985692831,bovada,Bovada,2026-05-13T00:10:00Z,San Antonio Spurs,Minnesota Timberwolves,,,False
2026-05-12,2026-05-11T13:38:48.772667+00:00,3064514,Julius Randle,MIN,pra,UNDER,27.5,-114,0.5327102803738317,0.5883529650678183,0.8833787589990153,0.05564268469398659,0.10445205723257123,fanduel,FanDuel,2026-05-13T00:10:00Z,San Antonio Spurs,Minnesota Timberwolves,,,False
2026-05-12,2026-05-11T13:38:48.772667+00:00,3032976,Rudy Gobert,MIN,pra,UNDER,19.5,120,0.45454545454545453,0.5018587366050624,0.6794525208600968,0.047313282059607886,0.10408922053113734,bovada,Bovada,2026-05-13T00:10:00Z,San Antonio Spurs,Minnesota Timberwolves,,,False
2026-05-12,2026-05-11T13:38:48.772667+00:00,5037871,Dylan Harper,SAS,pra,OVER,18.5,105,0.4878048780487805,0.5348462119021611,0.7444173781168789,0.04704133385338061,0.09643473439943029,bovada,Bovada,2026-05-13T00:10:00Z,San Antonio Spurs,Minnesota Timberwolves,,,False
2026-05-12,2026-05-11T13:38:48.772667+00:00,3064514,Julius Randle,MIN,pra,UNDER,28.5,-124,0.5535714285714286,0.6064906414075751,0.9095383590636943,0.052919212836146534,0.09559599738142605,draftkings,DraftKings,2026-05-13T00:10:00Z,San Antonio Spurs,Minnesota Timberwolves,,,False
2026-05-12,2026-05-11T13:38:48.772667+00:00,4397002,Ayo Dosunmu,MIN,pra,UNDER,19.5,115,0.46511627906976744,0.50927287622172,0.6825559704364068,0.04415659715195258,0.09493668387669796,bovada,Bovada,2026-05-13T00:10:00Z,San Antonio Spurs,Minnesota Timberwolves,,,False
2026-05-12,2026-05-11T13:38:48.772667+00:00,3064514,Julius Randle,MIN,pra,UNDER,28.5,-125,0.5555555555555556,0.6077803239472577,0.9095383590636943,0.05222476839170209,0.09400458310506382,bovada,Bovada,2026-05-13T00:10:00Z,San Antonio Spurs,Minnesota Timberwolves,,,False
2026-05-12,2026-05-11T13:38:48.772667+00:00,5037871,Dylan Harper,SAS,pra,OVER,17.5,-106,0.5145631067961165,0.5593974120400295,0.7853222435574498,0.044834305243912964,0.08713081962496294,fanduel,FanDuel,2026-05-13T00:10:00Z,San Antonio Spurs,Minnesota Timberwolves,,,False
2026-05-12,2026-05-11T13:38:48.772667+00:00,4594268,Anthony Edwards,MIN,pra,UNDER,40.5,-150,0.6,0.6516068962184571,0.9948965498197553,0.051606896218457154,0.08601149369742855,bovada,Bovada,2026-05-13T00:10:00Z,San Antonio Spurs,Minnesota Timberwolves,,,False
2026-05-12,2026-05-11T13:38:48.772667+00:00,5104157,Victor Wembanyama,SAS,pra,UNDER,45.5,-150,0.6,0.6514178477472248,0.9938162728412843,0.0514178477472248,0.08569641291204128,bovada,Bovada,2026-05-13T00:10:00Z,San Antonio Spurs,Minnesota Timberwolves,,,False
2026-05-12,2026-05-11T13:38:48.772667+00:00,4431671,Jaden McDaniels,MIN,pra,UNDER,22.5,-102,0.504950495049505,0.5452892693330965,0.7404082717195329,0.04033877428359156,0.07988659220868133,fanduel,FanDuel,2026-05-13T00:10:00Z,San Antonio Spurs,Minnesota Timberwolves,,,False
2026-05-12,2026-05-11T13:38:48.772667+00:00,3032976,Rudy Gobert,MIN,pra,UNDER,20.5,-103,0.5073891625615764,0.5464664180507056,0.7380769279181769,0.039077255489129215,0.07701633848828393,draftkings,DraftKings,2026-05-13T00:10:00Z,San Antonio Spurs,Minnesota Timberwolves,,,False
2026-05-12,2026-05-11T13:38:48.772667+00:00,3032976,Rudy Gobert,MIN,pra,UNDER,20.5,-105,0.5121951219512195,0.5495902916539737,0.7380769279181769,0.03739516970275414,0.07300961703871045,bovada,Bovada,2026-05-13T00:10:00Z,San Antonio Spurs,Minnesota Timberwolves,,,False
2026-05-12,2026-05-11T13:38:48.772667+00:00,4395630,Devin Vassell,SAS,pra,OVER,19.5,-104,0.5098039215686274,0.5469441372439641,0.7318376469963213,0.03714021567533665,0.07285196151700646,draftkings,DraftKings,2026-05-13T00:10:00Z,San Antonio Spurs,Minnesota Timberwolves,,,False
2026-05-12,2026-05-11T13:38:48.772667+00:00,4395630,Devin Vassell,SAS,pra,OVER,19.5,-105,0.5121951219512195,0.5484984174926489,0.7318376469963213,0.036303295541429415,0.07087786272374319,bovada,Bovada,2026-05-13T00:10:00Z,San Antonio Spurs,Minnesota Timberwolves,,,False
2026-05-12,2026-05-11T13:38:48.772667+00:00,4431671,Jaden McDaniels,MIN,pra,UNDER,23.5,-115,0.5348837209302325,0.5725764489227588,0.7851544589606154,0.03769272799252632,0.07046901320341864,draftkings,DraftKings,2026-05-13T00:10:00Z,San Antonio Spurs,Minnesota Timberwolves,,,False
2026-05-12,2026-05-11T13:38:48.772667+00:00,4431671,Jaden McDaniels,MIN,pra,UNDER,23.5,-115,0.5348837209302325,0.5725764489227588,0.7851544589606154,0.03769272799252632,0.07046901320341864,bovada,Bovada,2026-05-13T00:10:00Z,San Antonio Spurs,Minnesota Timberwolves,,,False
2026-05-12,2026-05-11T13:38:48.772667+00:00,4592479,Julian Champagnie,SAS,pra,OVER,13.5,-150,0.6,0.6405973111361453,0.9319846350636873,0.040597311136145287,0.06766218522690876,bovada,Bovada,2026-05-13T00:10:00Z,San Antonio Spurs,Minnesota Timberwolves,,,False
2026-05-12,2026-05-11T13:38:48.772667+00:00,3064514,Julius Randle,MIN,pra,UNDER,29.5,-150,0.6,0.6404367849374638,0.9310673424997931,0.04043678493746383,0.06739464156243968,bovada,Bovada,2026-05-13T00:10:00Z,San Antonio Spurs,Minnesota Timberwolves,,,False
2026-05-12,2026-05-11T13:38:48.772667+00:00,4397002,Ayo Dosunmu,MIN,pra,UNDER,20.5,-109,0.5215311004784688,0.5552600460098116,0.7357990325646104,0.03372894553134276,0.06467293225734516,draftkings,DraftKings,2026-05-13T00:10:00Z,San Antonio Spurs,Minnesota Timberwolves,,,False
2026-05-12,2026-05-11T13:38:48.772667+00:00,5037871,Dylan Harper,SAS,pra,OVER,17.5,-119,0.54337899543379,0.5781277396545172,0.7853222435574498,0.03474874422072727,0.06394936961629644,draftkings,DraftKings,2026-05-13T00:10:00Z,San Antonio Spurs,Minnesota Timberwolves,,,False
2026-05-12,2026-05-11T13:38:48.772667+00:00,4397002,Ayo Dosunmu,MIN,pra,UNDER,20.5,-110,0.5238095238095238,0.5567410211749974,0.7357990325646104,0.03293149736547352,0.0628692222431767,bovada,Bovada,2026-05-13T00:10:00Z,San Antonio Spurs,Minnesota Timberwolves,,,False
2026-05-12,2026-05-11T13:38:48.772667+00:00,5037871,Dylan Harper,SAS,pra,OVER,17.5,-120,0.5454545454545454,0.5794768471680083,0.7853222435574498,0.03402230171346288,0.06237421980801522,bovada,Bovada,2026-05-13T00:10:00Z,San Antonio Spurs,Minnesota Timberwolves,,,False
2026-05-12,2026-05-11T13:38:48.772667+00:00,3032976,Rudy Gobert,MIN,pra,UNDER,20.5,-112,0.5283018867924528,0.5600596888007753,0.7380769279181769,0.031757802008322455,0.060112982372896084,fanduel,FanDuel,2026-05-13T00:10:00Z,San Antonio Spurs,Minnesota Timberwolves,,,False
2026-05-12,2026-05-11T13:38:48.772667+00:00,4396971,Naz Reid,MIN,pra,UNDER,17.5,165,0.37735849056603776,0.3991370633490272,0.37916596846344364,0.021778572782989447,0.05771321787492212,bovada,Bovada,2026-05-13T00:10:00Z,San Antonio Spurs,Minnesota Timberwolves,,,False
2026-05-12,2026-05-11T13:38:48.772667+00:00,4431671,Jaden McDaniels,MIN,pra,UNDER,24.5,-135,0.574468085106383,0.605290391351391,0.8250636344699546,0.030822306245007924,0.0536536442042731,bovada,Bovada,2026-05-13T00:10:00Z,San Antonio Spurs,Minnesota Timberwolves,,,False
2026-05-12,2026-05-11T13:38:48.772667+00:00,3032976,Rudy Gobert,MIN,pra,UNDER,21.5,-130,0.5652173913043478,0.5932554926413703,0.790652504534539,0.02803810133702256,0.04960587159627061,bovada,Bovada,2026-05-13T00:10:00Z,San Antonio Spurs,Minnesota Timberwolves,,,False
2026-05-12,2026-05-11T13:38:48.772667+00:00,4395630,Devin Vassell,SAS,pra,OVER,18.5,-130,0.5652173913043478,0.5900871397397836,0.7725476308111856,0.024869748435435768,0.04400032415500171,bovada,Bovada,2026-05-13T00:10:00Z,San Antonio Spurs,Minnesota Timberwolves,,,False
2026-05-12,2026-05-11T13:38:48.772667+00:00,4395630,Devin Vassell,SAS,pra,OVER,19.5,-122,0.5495495495495496,0.5727787954315635,0.7318376469963213,0.023229245882013916,0.04226961135907459,fanduel,FanDuel,2026-05-13T00:10:00Z,San Antonio Spurs,Minnesota Timberwolves,,,False
2026-05-12,2026-05-11T13:38:48.772667+00:00,4397002,Ayo Dosunmu,MIN,pra,UNDER,21.5,-135,0.574468085106383,0.5981177201733747,0.7840769420241471,0.023649635066991692,0.041167883264763394,bovada,Bovada,2026-05-13T00:10:00Z,San Antonio Spurs,Minnesota Timberwolves,,,False
2026-05-12,2026-05-11T13:38:48.772667+00:00,4397002,Ayo Dosunmu,MIN,pra,UNDER,20.5,-125,0.5555555555555556,0.5773759418099179,0.7357990325646104,0.021820386254362334,0.03927669525785227,fanduel,FanDuel,2026-05-13T00:10:00Z,San Antonio Spurs,Minnesota Timberwolves,,,False
2026-05-12,2026-05-11T13:38:48.772667+00:00,4845367,Stephon Castle,SAS,pra,UNDER,26.5,145,0.40816326530612246,0.42385111610028253,0.4059713922931597,0.015687850794160074,0.03843523444569208,bovada,Bovada,2026-05-13T00:10:00Z,San Antonio Spurs,Minnesota Timberwolves,,,False
2026-05-12,2026-05-11T13:38:48.772667+00:00,5037871,Dylan Harper,SAS,pra,OVER,16.5,-150,0.6,0.6213751536247134,0.8221437349983628,0.021375153624713428,0.03562525604118899,bovada,Bovada,2026-05-13T00:10:00Z,San Antonio Spurs,Minnesota Timberwolves,,,False
2026-05-12,2026-05-11T13:38:48.772667+00:00,4066259,De'Aaron Fox,SAS,pra,UNDER,23.5,150,0.4,0.41353181195350985,0.37732463973434194,0.013531811953509831,0.033829529883774634,bovada,Bovada,2026-05-13T00:10:00Z,San Antonio Spurs,Minnesota Timberwolves,,,False
2026-05-12,2026-05-11T13:38:48.772667+00:00,4431671,Jaden McDaniels,MIN,pra,UNDER,25.5,-165,0.6226415094339622,0.6427026697173475,0.859918220487269,0.020061160283385226,0.032219439243012626,bovada,Bovada,2026-05-13T00:10:00Z,San Antonio Spurs,Minnesota Timberwolves,,,False
2026-05-12,2026-05-11T13:38:48.772667+00:00,3032976,Rudy Gobert,MIN,pra,UNDER,22.5,-160,0.6153846153846154,0.6338776681737744,0.8364438181358536,0.018493052789159026,0.030051210782383486,bovada,Bovada,2026-05-13T00:10:00Z,San Antonio Spurs,Minnesota Timberwolves,,,False
2026-05-12,2026-05-11T13:38:48.772667+00:00,4592479,Julian Champagnie,SAS,pra,OVER,12.5,-200,0.6666666666666666,0.6866395975712436,0.9474643670737728,0.01997293090457697,0.029959396356865398,bovada,Bovada,2026-05-13T00:10:00Z,San Antonio Spurs,Minnesota Timberwolves,,,False
2026-05-12,2026-05-11T13:38:48.772667+00:00,4396971,Naz Reid,MIN,pra,UNDER,18.5,130,0.43478260869565216,0.44591216899112596,0.43316270479401187,0.011129560295473795,0.025597988679589734,bovada,Bovada,2026-05-13T00:10:00Z,San Antonio Spurs,Minnesota Timberwolves,,,False
2026-05-12,2026-05-11T13:38:48.772667+00:00,4397002,Ayo Dosunmu,MIN,pra,UNDER,22.5,-165,0.6226415094339622,0.6369083497479698,0.8268078206622539,0.0142668403140076,0.0229134102012849,bovada,Bovada,2026-05-13T00:10:00Z,San Antonio Spurs,Minnesota Timberwolves,,,False
2026-05-12,2026-05-11T13:38:48.772667+00:00,4395630,Devin Vassell,SAS,pra,OVER,17.5,-165,0.6226415094339622,0.6338837979999643,0.8095246678165078,0.011242288566002068,0.018055796787821488,bovada,Bovada,2026-05-13T00:10:00Z,San Antonio Spurs,Minnesota Timberwolves,,,False
2026-05-12,2026-05-11T13:38:48.772667+00:00,4845367,Stephon Castle,SAS,pra,UNDER,27.5,120,0.45454545454545453,0.46249473155498183,0.45451534914535063,0.0079492770095273,0.017488409420960083,bovada,Bovada,2026-05-13T00:10:00Z,San Antonio Spurs,Minnesota Timberwolves,,,False
2026-05-12,2026-05-11T13:38:48.772667+00:00,4066259,De'Aaron Fox,SAS,pra,UNDER,24.5,120,0.45454545454545453,0.45828484778964845,0.43045887048630305,0.0037393932441939226,0.008226665137226474,bovada,Bovada,2026-05-13T00:10:00Z,San Antonio Spurs,Minnesota Timberwolves,,,False
2026-05-12,2026-05-11T13:38:48.772667+00:00,5037871,Dylan Harper,SAS,pra,OVER,15.5,-200,0.6666666666666666,0.6704070289910348,0.8547068323297226,0.0037403623243681405,0.005610543486552155,bovada,Bovada,2026-05-13T00:10:00Z,San Antonio Spurs,Minnesota Timberwolves,,,False
2026-05-12,2026-05-11T13:38:48.772667+00:00,4396971,Naz Reid,MIN,pra,UNDER,19.5,105,0.4878048780487805,0.490049961690662,0.48843880547974106,0.002245083641881529,0.004602421465857098,bovada,Bovada,2026-05-13T00:10:00Z,San Antonio Spurs,Minnesota Timberwolves,,,False
2026-05-12,2026-05-11T13:38:48.772667+00:00,4845367,Stephon Castle,SAS,pra,UNDER,28.5,100,0.5,0.5006561192309504,0.5037492527482881,0.000656119230950436,0.001312238461900872,bovada,Bovada,2026-05-13T00:10:00Z,San Antonio Spurs,Minnesota Timberwolves,,,False
2026-05-12,2026-05-11T13:38:48.772667+00:00,4594268,Anthony Edwards,MIN,pts,UNDER,23.5,215,0.31746031746031744,0.6921281671268846,0.9269514825041879,0.3746678496665672,1.1802037264496865,bovada,Bovada,2026-05-13T00:10:00Z,San Antonio Spurs,Minnesota Timberwolves,,,False
2026-05-12,2026-05-11T13:38:48.772667+00:00,4594268,Anthony Edwards,MIN,pts,UNDER,24.5,175,0.36363636363636365,0.700700671358947,0.9460014919087711,0.33706430772258333,0.9269268462371043,bovada,Bovada,2026-05-13T00:10:00Z,San Antonio Spurs,Minnesota Timberwolves,,,False
2026-05-12,2026-05-11T13:38:48.772667+00:00,5104157,Victor Wembanyama,SAS,pts,UNDER,23.5,175,0.36363636363636365,0.696699264297918,0.9371094762175953,0.3330629006615543,0.9159229768192745,bovada,Bovada,2026-05-13T00:10:00Z,San Antonio Spurs,Minnesota Timberwolves,,,False
2026-05-12,2026-05-11T13:38:48.772667+00:00,4592479,Julian Champagnie,SAS,pts,OVER,10.5,185,0.3508771929824561,0.6407145222305114,0.8126989382900254,0.2898373292480553,0.8260363883569576,bovada,Bovada,2026-05-13T00:10:00Z,San Antonio Spurs,Minnesota Timberwolves,,,False
2026-05-12,2026-05-11T13:38:48.772667+00:00,4594268,Anthony Edwards,MIN,pts,UNDER,25.5,145,0.40816326530612246,0.7073988895004366,0.9608864211120814,0.29923562419431415,0.7331272792760697,bovada,Bovada,2026-05-13T00:10:00Z,San Antonio Spurs,Minnesota Timberwolves,,,False
2026-05-12,2026-05-11T13:38:48.772667+00:00,5104157,Victor Wembanyama,SAS,pts,UNDER,24.5,145,0.40816326530612246,0.7048182433491378,0.9551516518869729,0.2966549780430153,0.7268046962053875,bovada,Bovada,2026-05-13T00:10:00Z,San Antonio Spurs,Minnesota Timberwolves,,,False
2026-05-12,2026-05-11T13:38:48.772667+00:00,3064514,Julius Randle,MIN,pts,UNDER,14.5,185,0.3508771929824561,0.6056260684746009,0.7347245966102243,0.25474887549214476,0.7260342951526126,bovada,Bovada,2026-05-13T00:10:00Z,San Antonio Spurs,Minnesota Timberwolves,,,False
2026-05-12,2026-05-11T13:38:48.772667+00:00,4431671,Jaden McDaniels,MIN,pts,UNDER,12.5,190,0.3448275862068966,0.5508597366267055,0.6130216369482345,0.20603215041980893,0.597493236217446,bovada,Bovada,2026-05-13T00:10:00Z,San Antonio Spurs,Minnesota Timberwolves,,,False
2026-05-12,2026-05-11T13:38:48.772667+00:00,5104157,Victor Wembanyama,SAS,pts,UNDER,25.5,120,0.45454545454545453,0.7109474706098073,0.9687721569106831,0.2564020160643528,0.5640844353415762,bovada,Bovada,2026-05-13T00:10:00Z,San Antonio Spurs,Minnesota Timberwolves,,,False
2026-05-12,2026-05-11T13:38:48.772667+00:00,4592479,Julian Champagnie,SAS,pts,OVER,9.5,135,0.425531914893617,0.6575238084935302,0.8500529077634006,0.23199189359991318,0.545180949959796,bovada,Bovada,2026-05-13T00:10:00Z,San Antonio Spurs,Minnesota Timberwolves,,,False
2026-05-12,2026-05-11T13:38:48.772667+00:00,3064514,Julius Randle,MIN,pts,UNDER,15.5,145,0.40816326530612246,0.6302286509635229,0.789397002141162,0.22206538565740042,0.5440601948606311,bovada,Bovada,2026-05-13T00:10:00Z,San Antonio Spurs,Minnesota Timberwolves,,,False
2026-05-12,2026-05-11T13:38:48.772667+00:00,4594268,Anthony Edwards,MIN,pts,UNDER,26.5,115,0.46511627906976744,0.7125104955943893,0.9722455457653094,0.24739421652462185,0.5318975655279369,bovada,Bovada,2026-05-13T00:10:00Z,San Antonio Spurs,Minnesota Timberwolves,,,False
2026-05-12,2026-05-11T13:38:48.772667+00:00,5037871,Dylan Harper,SAS,pts,OVER,13.5,180,0.35714285714285715,0.544396212456499,0.5986582499033312,0.1872533553136419,0.5243093948781974,bovada,Bovada,2026-05-13T00:10:00Z,San Antonio Spurs,Minnesota Timberwolves,,,False
2026-05-12,2026-05-11T13:38:48.772667+00:00,4431671,Jaden McDaniels,MIN,pts,UNDER,13.5,150,0.4,0.5798614230317156,0.6774698289593679,0.1798614230317156,0.44965355757928904,bovada,Bovada,2026-05-13T00:10:00Z,San Antonio Spurs,Minnesota Timberwolves,,,False
2026-05-12,2026-05-11T13:38:48.772667+00:00,4395630,Devin Vassell,SAS,pts,OVER,15.5,200,0.3333333333333333,0.4811146399325252,0.4580325331833893,0.14778130659919186,0.4433439197975756,bovada,Bovada,2026-05-13T00:10:00Z,San Antonio Spurs,Minnesota Timberwolves,,,False
2026-05-12,2026-05-11T13:38:48.772667+00:00,4397002,Ayo Dosunmu,MIN,pts,UNDER,10.5,200,0.3333333333333333,0.47176731245953235,0.4372606943545163,0.13843397912619904,0.415301937378597,bovada,Bovada,2026-05-13T00:10:00Z,San Antonio Spurs,Minnesota Timberwolves,,,False
2026-05-12,2026-05-11T13:38:48.772667+00:00,4594268,Anthony Edwards,MIN,pts,UNDER,26.5,-102,0.504950495049505,0.7125104955943893,0.9722455457653094,0.20756000054488433,0.411050197157516,fanduel,FanDuel,2026-05-13T00:10:00Z,San Antonio Spurs,Minnesota Timberwolves,,,False
2026-05-12,2026-05-11T13:38:48.772667+00:00,3064514,Julius Randle,MIN,pts,UNDER,16.5,115,0.46511627906976744,0.6515716577715042,0.8368259061588982,0.18645537870173673,0.40087906420873387,bovada,Bovada,2026-05-13T00:10:00Z,San Antonio Spurs,Minnesota Timberwolves,,,False
2026-05-12,2026-05-11T13:38:48.772667+00:00,4594268,Anthony Edwards,MIN,pts,UNDER,27.5,-105,0.5121951219512195,0.7163202938703331,0.9807117641562959,0.2041251719191136,0.3985300975563647,bovada,Bovada,2026-05-13T00:10:00Z,San Antonio Spurs,Minnesota Timberwolves,,,False
2026-05-12,2026-05-11T13:38:48.772667+00:00,5104157,Victor Wembanyama,SAS,pts,UNDER,26.5,-105,0.5121951219512195,0.7154490323234841,0.9787756273855202,0.2032539103722646,0.3968290631077547,bovada,Bovada,2026-05-13T00:10:00Z,San Antonio Spurs,Minnesota Timberwolves,,,False
2026-05-12,2026-05-11T13:38:48.772667+00:00,5104157,Victor Wembanyama,SAS,pts,UNDER,26.5,-106,0.5145631067961165,0.7154490323234841,0.9787756273855202,0.20088592552736761,0.3904009496097899,fanduel,FanDuel,2026-05-13T00:10:00Z,San Antonio Spurs,Minnesota Timberwolves,,,False
2026-05-12,2026-05-11T13:38:48.772667+00:00,5104157,Victor Wembanyama,SAS,pts,UNDER,27.5,-110,0.5238095238095238,0.7186654604948262,0.9859232455440581,0.19485593668530232,0.37199769730830445,betmgm,BetMGM,2026-05-13T00:10:00Z,San Antonio Spurs,Minnesota Timberwolves,,,False
2026-05-12,2026-05-11T13:38:48.772667+00:00,5037871,Dylan Harper,SAS,pts,OVER,12.5,140,0.4166666666666667,0.5708764707345713,0.6575032682990471,0.15420980406790458,0.370103529762971,bovada,Bovada,2026-05-13T00:10:00Z,San Antonio Spurs,Minnesota Timberwolves,,,False
2026-05-12,2026-05-11T13:38:48.772667+00:00,4592479,Julian Champagnie,SAS,pts,OVER,8.5,100,0.5,0.6719347427622072,0.8820772061382383,0.17193474276220722,0.34386948552441443,draftkings,DraftKings,2026-05-13T00:10:00Z,San Antonio Spurs,Minnesota Timberwolves,,,False
2026-05-12,2026-05-11T13:38:48.772667+00:00,4592479,Julian Champagnie,SAS,pts,OVER,8.5,100,0.5,0.6719347427622072,0.8820772061382383,0.17193474276220722,0.34386948552441443,bovada,Bovada,2026-05-13T00:10:00Z,San Antonio Spurs,Minnesota Timberwolves,,,False
2026-05-12,2026-05-11T13:38:48.772667+00:00,3032976,Rudy Gobert,MIN,pts,UNDER,5.5,205,0.32786885245901637,0.43993472742965073,0.366521616510335,0.11206587497063436,0.3418009186604347,bovada,Bovada,2026-05-13T00:10:00Z,San Antonio Spurs,Minnesota Timberwolves,,,False
2026-05-12,2026-05-11T13:38:48.772667+00:00,4594268,Anthony Edwards,MIN,pts,UNDER,27.5,-115,0.5348837209302325,0.7163202938703331,0.9807117641562959,0.18143657294010063,0.3392075059314924,williamhill_us,Caesars,2026-05-13T00:10:00Z,San Antonio Spurs,Minnesota Timberwolves,,,False
2026-05-12,2026-05-11T13:38:48.772667+00:00,4594268,Anthony Edwards,MIN,pts,UNDER,27.5,-115,0.5348837209302325,0.7163202938703331,0.9807117641562959,0.18143657294010063,0.3392075059314924,betmgm,BetMGM,2026-05-13T00:10:00Z,San Antonio Spurs,Minnesota Timberwolves,,,False
2026-05-12,2026-05-11T13:38:48.772667+00:00,4594268,Anthony Edwards,MIN,pts,UNDER,28.5,-122,0.5495495495495496,0.7190935698049048,0.986874599566455,0.1695440202553552,0.3085145286613842,draftkings,DraftKings,2026-05-13T00:10:00Z,San Antonio Spurs,Minnesota Timberwolves,,,False
2026-05-12,2026-05-11T13:38:48.772667+00:00,4592479,Julian Champagnie,SAS,pts,OVER,8.5,-106,0.5145631067961165,0.6719347427622072,0.8820772061382383,0.15737163596609072,0.3058354434812707,williamhill_us,Caesars,2026-05-13T00:10:00Z,San Antonio Spurs,Minnesota Timberwolves,,,False
2026-05-12,2026-05-11T13:38:48.772667+00:00,4431671,Jaden McDaniels,MIN,pts,UNDER,14.5,115,0.46511627906976744,0.6066416742788939,0.736981498397542,0.1415253952091265,0.3042795996996219,bovada,Bovada,2026-05-13T00:10:00Z,San Antonio Spurs,Minnesota Timberwolves,,,False
2026-05-12,2026-05-11T13:38:48.772667+00:00,5104157,Victor Wembanyama,SAS,pts,UNDER,27.5,-124,0.5535714285714286,0.7186654604948262,0.9859232455440581,0.16509403192339756,0.2982343802487182,draftkings,DraftKings,2026-05-13T00:10:00Z,San Antonio Spurs,Minnesota Timberwolves,,,False
2026-05-12,2026-05-11T13:38:48.772667+00:00,5104157,Victor Wembanyama,SAS,pts,UNDER,27.5,-124,0.5535714285714286,0.7186654604948262,0.9859232455440581,0.16509403192339756,0.2982343802487182,williamhill_us,Caesars,2026-05-13T00:10:00Z,San Antonio Spurs,Minnesota Timberwolves,,,False
2026-05-12,2026-05-11T13:38:48.772667+00:00,4395630,Devin Vassell,SAS,pts,OVER,14.5,155,0.39215686274509803,0.5086569803593232,0.5192377341318293,0.11650011761422513,0.2970752999162741,bovada,Bovada,2026-05-13T00:10:00Z,San Antonio Spurs,Minnesota Timberwolves,,,False
2026-05-12,2026-05-11T13:38:48.772667+00:00,4594268,Anthony Edwards,MIN,pts,UNDER,28.5,-125,0.5555555555555556,0.7190935698049048,0.986874599566455,0.16353801424934922,0.2943684256488287,bovada,Bovada,2026-05-13T00:10:00Z,San Antonio Spurs,Minnesota Timberwolves,,,False
2026-05-12,2026-05-11T13:38:48.772667+00:00,5104157,Victor Wembanyama,SAS,pts,UNDER,27.5,-125,0.5555555555555556,0.7186654604948262,0.9859232455440581,0.16310990493927058,0.2935978288906871,bovada,Bovada,2026-05-13T00:10:00Z,San Antonio Spurs,Minnesota Timberwolves,,,False
2026-05-12,2026-05-11T13:38:48.772667+00:00,3064514,Julius Randle,MIN,pts,UNDER,16.5,-102,0.504950495049505,0.6515716577715042,0.8368259061588982,0.1466211627219992,0.29036740068474354,fanduel,FanDuel,2026-05-13T00:10:00Z,San Antonio Spurs,Minnesota Timberwolves,,,False
2026-05-12,2026-05-11T13:38:48.772667+00:00,3064514,Julius Randle,MIN,pts,UNDER,16.5,-105,0.5121951219512195,0.6515716577715042,0.8368259061588982,0.13937653582028464,0.2721160937443652,betmgm,BetMGM,2026-05-13T00:10:00Z,San Antonio Spurs,Minnesota Timberwolves,,,False
2026-05-12,2026-05-11T13:38:48.772667+00:00,4845367,Stephon Castle,SAS,pts,OVER,20.5,190,0.3448275862068966,0.43357964219053224,0.3523992048678495,0.08875205598363567,0.2573809623525435,bovada,Bovada,2026-05-13T00:10:00Z,San Antonio Spurs,Minnesota Timberwolves,,,False
2026-05-12,2026-05-11T13:38:48.772667+00:00,3064514,Julius Randle,MIN,pts,UNDER,17.5,-114,0.5327102803738317,0.6695162961026497,0.8767028802281106,0.136806015728818,0.25681129268392144,draftkings,DraftKings,2026-05-13T00:10:00Z,San Antonio Spurs,Minnesota Timberwolves,,,False
2026-05-12,2026-05-11T13:38:48.772667+00:00,4592479,Julian Champagnie,SAS,pts,OVER,8.5,-115,0.5348837209302325,0.6719347427622072,0.8820772061382383,0.1370510218319747,0.2562258234249961,betmgm,BetMGM,2026-05-13T00:10:00Z,San Antonio Spurs,Minnesota Timberwolves,,,False
2026-05-12,2026-05-11T13:38:48.772667+00:00,3064514,Julius Randle,MIN,pts,UNDER,17.5,-115,0.5348837209302325,0.6695162961026497,0.8767028802281106,0.13463257517241722,0.25170437967017123,bovada,Bovada,2026-05-13T00:10:00Z,San Antonio Spurs,Minnesota Timberwolves,,,False
2026-05-12,2026-05-11T13:38:48.772667+00:00,4395723,Keldon Johnson,SAS,pts,OVER,10.5,185,0.3508771929824561,0.43891770640714517,0.364261569793656,0.08804051342468905,0.25091546326036385,bovada,Bovada,2026-05-13T00:10:00Z,San Antonio Spurs,Minnesota Timberwolves,,,False
2026-05-12,2026-05-11T13:38:48.772667+00:00,4845367,Stephon Castle,SAS,pts,UNDER,13.5,210,0.3225806451612903,0.40217675050488266,0.2826150011219615,0.07959610534359235,0.24674792656513633,bovada,Bovada,2026-05-13T00:10:00Z,San Antonio Spurs,Minnesota Timberwolves,,,False
2026-05-12,2026-05-11T13:38:48.772667+00:00,4397002,Ayo Dosunmu,MIN,pts,UNDER,11.5,145,0.40816326530612246,0.5030800211389064,0.506844491419792,0.09491675583278392,0.23254605179032062,bovada,Bovada,2026-05-13T00:10:00Z,San Antonio Spurs,Minnesota Timberwolves,,,False
2026-05-12,2026-05-11T13:38:48.772667+00:00,5037871,Dylan Harper,SAS,pts,OVER,11.5,105,0.4878048780487805,0.5957382670163328,0.7127517044807397,0.10793338896755234,0.22126344738348225,bovada,Bovada,2026-05-13T00:10:00Z,San Antonio Spurs,Minnesota Timberwolves,,,False
2026-05-12,2026-05-11T13:38:48.772667+00:00,4066259,De'Aaron Fox,SAS,pts,UNDER,14.5,175,0.36363636363636365,0.44081877860095237,0.3684861746687831,0.07718241496458872,0.21225164115261896,bovada,Bovada,2026-05-13T00:10:00Z,San Antonio Spurs,Minnesota Timberwolves,,,False
2026-05-12,2026-05-11T13:38:48.772667+00:00,3064514,Julius Randle,MIN,pts,UNDER,17.5,-124,0.5535714285714286,0.6695162961026497,0.8767028802281106,0.11594486753122113,0.20944879295962526,williamhill_us,Caesars,2026-05-13T00:10:00Z,San Antonio Spurs,Minnesota Timberwolves,,,False
2026-05-12,2026-05-11T13:38:48.772667+00:00,4594268,Anthony Edwards,MIN,pts,UNDER,29.5,-150,0.6,0.7210652236568881,0.9912560525708624,0.1210652236568881,0.2017753727614801,bovada,Bovada,2026-05-13T00:10:00Z,San Antonio Spurs,Minnesota Timberwolves,,,False
2026-05-12,2026-05-11T13:38:48.772667+00:00,5104157,Victor Wembanyama,SAS,pts,UNDER,28.5,-150,0.6,0.7209012846727244,0.9908917437171654,0.12090128467272443,0.20150214112120735,bovada,Bovada,2026-05-13T00:10:00Z,San Antonio Spurs,Minnesota Timberwolves,,,False
2026-05-12,2026-05-11T13:38:48.772667+00:00,5037871,Dylan Harper,SAS,pts,OVER,11.5,100,0.5,0.5957382670163328,0.7127517044807397,0.09573826701633281,0.19147653403266562,betmgm,BetMGM,2026-05-13T00:10:00Z,San Antonio Spurs,Minnesota Timberwolves,,,False
2026-05-12,2026-05-11T13:38:48.772667+00:00,4592479,Julian Champagnie,SAS,pts,OVER,7.5,-136,0.576271186440678,0.6840195593659874,0.9089323541466385,0.10774837292530937,0.18697511772333097,fanduel,FanDuel,2026-05-13T00:10:00Z,San Antonio Spurs,Minnesota Timberwolves,,,False
2026-05-12,2026-05-11T13:38:48.772667+00:00,4431671,Jaden McDaniels,MIN,pts,UNDER,15.5,-114,0.5327102803738317,0.6306397152006332,0.7903104782236294,0.0979294348268015,0.18383244783276764,draftkings,DraftKings,2026-05-13T00:10:00Z,San Antonio Spurs,Minnesota Timberwolves,,,False
2026-05-12,2026-05-11T13:38:48.772667+00:00,4396971,Naz Reid,MIN,pts,OVER,14.5,185,0.3508771929824561,0.41487081662123826,0.31082403693608507,0.06399362363878214,0.1823818273705291,bovada,Bovada,2026-05-13T00:10:00Z,San Antonio Spurs,Minnesota Timberwolves,,,False
2026-05-12,2026-05-11T13:38:48.772667+00:00,4395630,Devin Vassell,SAS,pts,OVER,13.5,120,0.45454545454545453,0.5359962955782916,0.5799917679517592,0.08145084103283712,0.1791918502722416,bovada,Bovada,2026-05-13T00:10:00Z,San Antonio Spurs,Minnesota Timberwolves,,,False
2026-05-12,2026-05-11T13:38:48.772667+00:00,4431671,Jaden McDaniels,MIN,pts,UNDER,15.5,-115,0.5348837209302325,0.6306397152006332,0.7903104782236294,0.09575599427040071,0.17902207624466204,bovada,Bovada,2026-05-13T00:10:00Z,San Antonio Spurs,Minnesota Timberwolves,,,False
2026-05-12,2026-05-11T13:38:48.772667+00:00,4396971,Naz Reid,MIN,pts,UNDER,9.5,165,0.37735849056603776,0.44047726991037167,0.36772726646749265,0.06311877934433391,0.1672647652624848,bovada,Bovada,2026-05-13T00:10:00Z,San Antonio Spurs,Minnesota Timberwolves,,,False
2026-05-12,2026-05-11T13:38:48.772667+00:00,4845367,Stephon Castle,SAS,pts,OVER,19.5,155,0.39215686274509803,0.4568755230705388,0.40416782904564175,0.06471866032544077,0.16503258382987396,bovada,Bovada,2026-05-13T00:10:00Z,San Antonio Spurs,Minnesota Timberwolves,,,False
2026-05-12,2026-05-11T13:38:48.772667+00:00,5037871,Dylan Harper,SAS,pts,OVER,10.5,-114,0.5327102803738317,0.6185219729791708,0.763382162175935,0.08581169260533905,0.16108510717142577,fanduel,FanDuel,2026-05-13T00:10:00Z,San Antonio Spurs,Minnesota Timberwolves,,,False
2026-05-12,2026-05-11T13:38:48.772667+00:00,4431671,Jaden McDaniels,MIN,pts,UNDER,15.5,-120,0.5454545454545454,0.6306397152006332,0.7903104782236294,0.08518516974608781,0.1561728112011609,betmgm,BetMGM,2026-05-13T00:10:00Z,San Antonio Spurs,Minnesota Timberwolves,,,False
2026-05-12,2026-05-11T13:38:48.772667+00:00,3064514,Julius Randle,MIN,pts,UNDER,18.5,-145,0.5918367346938775,0.6841386705440771,0.9091970456535047,0.09230193585019952,0.15595844333309578,bovada,Bovada,2026-05-13T00:10:00Z,San Antonio Spurs,Minnesota Timberwolves,,,False
2026-05-12,2026-05-11T13:38:48.772667+00:00,4592479,Julian Champagnie,SAS,pts,OVER,7.5,-145,0.5918367346938775,0.6840195593659874,0.9089323541466385,0.09218282467210981,0.1557571865149442,bovada,Bovada,2026-05-13T00:10:00Z,San Antonio Spurs,Minnesota Timberwolves,,,False
2026-05-12,2026-05-11T13:38:48.772667+00:00,4431671,Jaden McDaniels,MIN,pts,UNDER,15.5,-121,0.5475113122171946,0.6306397152006332,0.7903104782236294,0.0831284029834386,0.1518295624738838,williamhill_us,Caesars,2026-05-13T00:10:00Z,San Antonio Spurs,Minnesota Timberwolves,,,False
2026-05-12,2026-05-11T13:38:48.772667+00:00,3032976,Rudy Gobert,MIN,pts,UNDER,6.5,140,0.4166666666666667,0.47894230251314485,0.4532051166958775,0.06227563584647816,0.1494615260315476,bovada,Bovada,2026-05-13T00:10:00Z,San Antonio Spurs,Minnesota Timberwolves,,,False
2026-05-12,2026-05-11T13:38:48.772667+00:00,3032976,Rudy Gobert,MIN,pts,OVER,10.5,205,0.32786885245901637,0.3734294092851035,0.21873202063356323,0.04556055682608712,0.13895969831956556,bovada,Bovada,2026-05-13T00:10:00Z,San Antonio Spurs,Minnesota Timberwolves,,,False
2026-05-12,2026-05-11T13:38:48.772667+00:00,5037871,Dylan Harper,SAS,pts,OVER,10.5,-120,0.5454545454545454,0.6185219729791708,0.763382162175935,0.07306742752462536,0.1339569504618131,williamhill_us,Caesars,2026-05-13T00:10:00Z,San Antonio Spurs,Minnesota Timberwolves,,,False
2026-05-12,2026-05-11T13:38:48.772667+00:00,4594268,Anthony Edwards,MIN,pts,UNDER,30.5,-180,0.6428571428571429,0.7224342592182286,0.9942983538182857,0.07957711636108566,0.12378662545057778,bovada,Bovada,2026-05-13T00:10:00Z,San Antonio Spurs,Minnesota Timberwolves,,,False
2026-05-12,2026-05-11T13:38:48.772667+00:00,4395630,Devin Vassell,SAS,pts,UNDER,9.5,205,0.32786885245901637,0.36821100070896084,0.20713555713102405,0.040342148249944476,0.12304355216233054,bovada,Bovada,2026-05-13T00:10:00Z,San Antonio Spurs,Minnesota Timberwolves,,,False
2026-05-12,2026-05-11T13:38:48.772667+00:00,4397002,Ayo Dosunmu,MIN,pts,UNDER,12.5,110,0.47619047619047616,0.5342990305446323,0.5762200678769607,0.05810855435415618,0.12202796414372796,bovada,Bovada,2026-05-13T00:10:00Z,San Antonio Spurs,Minnesota Timberwolves,,,False
2026-05-12,2026-05-11T13:38:48.772667+00:00,5037871,Dylan Harper,SAS,pts,OVER,10.5,-123,0.5515695067264574,0.6185219729791708,0.763382162175935,0.06695246625271334,0.12138536564516322,draftkings,DraftKings,2026-05-13T00:10:00Z,San Antonio Spurs,Minnesota Timberwolves,,,False
2026-05-12,2026-05-11T13:38:48.772667+00:00,4431671,Jaden McDaniels,MIN,pts,UNDER,15.5,-130,0.5652173913043478,0.6306397152006332,0.7903104782236294,0.06542232389628544,0.11574718843188958,fanduel,FanDuel,2026-05-13T00:10:00Z,San Antonio Spurs,Minnesota Timberwolves,,,False
2026-05-12,2026-05-11T13:38:48.772667+00:00,5037871,Dylan Harper,SAS,pts,OVER,10.5,-125,0.5555555555555556,0.6185219729791708,0.763382162175935,0.0629664174236152,0.1133395513625074,bovada,Bovada,2026-05-13T00:10:00Z,San Antonio Spurs,Minnesota Timberwolves,,,False
2026-05-12,2026-05-11T13:38:48.772667+00:00,4395723,Keldon Johnson,SAS,pts,OVER,9.5,135,0.425531914893617,0.4735957867608576,0.44132397057968364,0.04806387186724059,0.11295009888801544,bovada,Bovada,2026-05-13T00:10:00Z,San Antonio Spurs,Minnesota Timberwolves,,,False
2026-05-12,2026-05-11T13:38:48.772667+00:00,5104157,Victor Wembanyama,SAS,pts,UNDER,29.5,-185,0.6491228070175439,0.7224132942886214,0.9942517650858254,0.07329048727107756,0.11290696687706547,bovada,Bovada,2026-05-13T00:10:00Z,San Antonio Spurs,Minnesota Timberwolves,,,False
2026-05-12,2026-05-11T13:38:48.772667+00:00,4066259,De'Aaron Fox,SAS,pts,OVER,20.5,175,0.36363636363636365,0.4007770537855867,0.2795045639679705,0.037140690149223055,0.1021368979103634,bovada,Bovada,2026-05-13T00:10:00Z,San Antonio Spurs,Minnesota Timberwolves,,,False
2026-05-12,2026-05-11T13:38:48.772667+00:00,4845367,Stephon Castle,SAS,pts,UNDER,14.5,160,0.38461538461538464,0.42367929824985,0.3303984405552223,0.039063913634465375,0.10156617544961011,bovada,Bovada,2026-05-13T00:10:00Z,San Antonio Spurs,Minnesota Timberwolves,,,False
2026-05-12,2026-05-11T13:38:48.772667+00:00,4431671,Jaden McDaniels,MIN,pts,UNDER,16.5,-145,0.5918367346938775,0.6515089638552456,0.8366865863449902,0.05967222916136805,0.10082549065196672,bovada,Bovada,2026-05-13T00:10:00Z,San Antonio Spurs,Minnesota Timberwolves,,,False
2026-05-12,2026-05-11T13:38:48.772667+00:00,4066259,De'Aaron Fox,SAS,pts,UNDER,15.5,135,0.425531914893617,0.4674174409429566,0.42759431320657026,0.041885526049339594,0.09843098621594804,bovada,Bovada,2026-05-13T00:10:00Z,San Antonio Spurs,Minnesota Timberwolves,,,False
2026-05-12,2026-05-11T13:38:48.772667+00:00,4395630,Devin Vassell,SAS,pts,OVER,12.5,-105,0.5121951219512195,0.5625023661962435,0.6388941471027634,0.050307244245023974,0.09821890543076106,betmgm,BetMGM,2026-05-13T00:10:00Z,San Antonio Spurs,Minnesota Timberwolves,,,False
2026-05-12,2026-05-11T13:38:48.772667+00:00,4395630,Devin Vassell,SAS,pts,OVER,12.5,-106,0.5145631067961165,0.5625023661962435,0.6388941471027634,0.047939259400127,0.09316497581534111,draftkings,DraftKings,2026-05-13T00:10:00Z,San Antonio Spurs,Minnesota Timberwolves,,,False
2026-05-12,2026-05-11T13:38:48.772667+00:00,4396971,Naz Reid,MIN,pts,OVER,13.5,145,0.40816326530612246,0.44228495537648493,0.3717443452810776,0.034121690070362476,0.08359814067238802,bovada,Bovada,2026-05-13T00:10:00Z,San Antonio Spurs,Minnesota Timberwolves,,,False
2026-05-12,2026-05-11T13:38:48.772667+00:00,3064514,Julius Randle,MIN,pts,UNDER,19.5,-180,0.6428571428571429,0.6956866267082044,0.9348591704626764,0.052829483851061454,0.08217919710165122,bovada,Bovada,2026-05-13T00:10:00Z,San Antonio Spurs,Minnesota Timberwolves,,,False
2026-05-12,2026-05-11T13:38:48.772667+00:00,4845367,Stephon Castle,SAS,pts,OVER,18.5,125,0.4444444444444444,0.4809531134300804,0.45767358540017866,0.036508668985635984,0.08214450521768091,bovada,Bovada,2026-05-13T00:10:00Z,San Antonio Spurs,Minnesota Timberwolves,,,False
2026-05-12,2026-05-11T13:38:48.772667+00:00,4395723,Keldon Johnson,SAS,pts,UNDER,6.5,155,0.39215686274509803,0.42172698811635884,0.3260599735919085,0.029570125371260803,0.07540381969671495,bovada,Bovada,2026-05-13T00:10:00Z,San Antonio Spurs,Minnesota Timberwolves,,,False
2026-05-12,2026-05-11T13:38:48.772667+00:00,4395630,Devin Vassell,SAS,pts,OVER,12.5,-110,0.5238095238095238,0.5625023661962435,0.6388941471027634,0.03869284238671966,0.07386815364737398,bovada,Bovada,2026-05-13T00:10:00Z,San Antonio Spurs,Minnesota Timberwolves,,,False
2026-05-12,2026-05-11T13:38:48.772667+00:00,4396971,Naz Reid,MIN,pts,UNDER,10.5,125,0.4444444444444444,0.4693442284806116,0.43187606329024797,0.02489978403616716,0.05602451408137599,bovada,Bovada,2026-05-13T00:10:00Z,San Antonio Spurs,Minnesota Timberwolves,,,False
2026-05-12,2026-05-11T13:38:48.772667+00:00,5104157,Victor Wembanyama,SAS,pts,UNDER,30.5,-220,0.6875,0.7234080685502922,0.9964623745562047,0.03590806855029216,0.05222991789133402,bovada,Bovada,2026-05-13T00:10:00Z,San Antonio Spurs,Minnesota Timberwolves,,,False
2026-05-12,2026-05-11T13:38:48.772667+00:00,4594268,Anthony Edwards,MIN,pts,UNDER,31.5,-220,0.6875,0.7233626808198632,0.9963615129330294,0.03586268081986321,0.052163899374346456,bovada,Bovada,2026-05-13T00:10:00Z,San Antonio Spurs,Minnesota Timberwolves,,,False
2026-05-12,2026-05-11T13:38:48.772667+00:00,4397002,Ayo Dosunmu,MIN,pts,UNDER,13.5,-117,0.5391705069124424,0.5644874518871585,0.6433054486381302,0.02531694497471615,0.04695535948302054,draftkings,DraftKings,2026-05-13T00:10:00Z,San Antonio Spurs,Minnesota Timberwolves,,,False
2026-05-12,2026-05-11T13:38:48.772667+00:00,4066259,De'Aaron Fox,SAS,pts,OVER,19.5,145,0.40816326530612246,0.4249634534799384,0.3332521188443076,0.016800188173815955,0.04116046102584914,bovada,Bovada,2026-05-13T00:10:00Z,San Antonio Spurs,Minnesota Timberwolves,,,False
2026-05-12,2026-05-11T13:38:48.772667+00:00,4397002,Ayo Dosunmu,MIN,pts,OVER,16.5,190,0.3448275862068966,0.35872396268700624,0.18605325041556942,0.013896376480109662,0.040299491792318065,bovada,Bovada,2026-05-13T00:10:00Z,San Antonio Spurs,Minnesota Timberwolves,,,False
2026-05-12,2026-05-11T13:38:48.772667+00:00,4397002,Ayo Dosunmu,MIN,pts,UNDER,13.5,-120,0.5454545454545454,0.5644874518871585,0.6433054486381302,0.019032906432613128,0.03489366179312403,bovada,Bovada,2026-05-13T00:10:00Z,San Antonio Spurs,Minnesota Timberwolves,,,False
2026-05-12,2026-05-11T13:38:48.772667+00:00,4395630,Devin Vassell,SAS,pts,OVER,12.5,-120,0.5454545454545454,0.5625023661962435,0.6388941471027634,0.017047820741698083,0.03125433802644645,williamhill_us,Caesars,2026-05-13T00:10:00Z,San Antonio Spurs,Minnesota Timberwolves,,,False
2026-05-12,2026-05-11T13:38:48.772667+00:00,4431671,Jaden McDaniels,MIN,pts,UNDER,17.5,-185,0.6491228070175439,0.669120919972672,0.8758242666059377,0.0199981129551281,0.030807903741683906,bovada,Bovada,2026-05-13T00:10:00Z,San Antonio Spurs,Minnesota Timberwolves,,,False
2026-05-12,2026-05-11T13:38:48.772667+00:00,4397002,Ayo Dosunmu,MIN,pts,UNDER,12.5,-108,0.5192307692307693,0.5342990305446323,0.5762200678769607,0.015068261313863074,0.02902035512299561,williamhill_us,Caesars,2026-05-13T00:10:00Z,San Antonio Spurs,Minnesota Timberwolves,,,False
2026-05-12,2026-05-11T13:38:48.772667+00:00,3032976,Rudy Gobert,MIN,pts,UNDER,7.5,-102,0.504950495049505,0.5189841555225099,0.5421870122722441,0.014033660473004916,0.027792151132813636,fanduel,FanDuel,2026-05-13T00:10:00Z,San Antonio Spurs,Minnesota Timberwolves,,,False
2026-05-12,2026-05-11T13:38:48.772667+00:00,4592479,Julian Champagnie,SAS,pts,OVER,6.5,-210,0.6774193548387096,0.6939322838835627,0.9309606308523615,0.01651292904485302,0.024376228590021032,bovada,Bovada,2026-05-13T00:10:00Z,San Antonio Spurs,Minnesota Timberwolves,,,False
2026-05-12,2026-05-11T13:38:48.772667+00:00,4397002,Ayo Dosunmu,MIN,pts,UNDER,12.5,-110,0.5238095238095238,0.5342990305446323,0.5762200678769607,0.010489506735108511,0.020025421948843547,betmgm,BetMGM,2026-05-13T00:10:00Z,San Antonio Spurs,Minnesota Timberwolves,,,False
2026-05-12,2026-05-11T13:38:48.772667+00:00,4395723,Keldon Johnson,SAS,pts,OVER,8.5,100,0.5,0.5093067047542764,0.5206815661206143,0.009306704754276418,0.018613409508552836,draftkings,DraftKings,2026-05-13T00:10:00Z,San Antonio Spurs,Minnesota Timberwolves,,,False
2026-05-12,2026-05-11T13:38:48.772667+00:00,4395723,Keldon Johnson,SAS,pts,OVER,8.5,100,0.5,0.5093067047542764,0.5206815661206143,0.009306704754276418,0.018613409508552836,bovada,Bovada,2026-05-13T00:10:00Z,San Antonio Spurs,Minnesota Timberwolves,,,False
2026-05-12,2026-05-11T13:38:48.772667+00:00,5037871,Dylan Harper,SAS,pts,OVER,9.5,-170,0.6296296296296297,0.6389016866171954,0.8086704147048787,0.009272056987565724,0.014726208156722098,bovada,Bovada,2026-05-13T00:10:00Z,San Antonio Spurs,Minnesota Timberwolves,,,False
2026-05-12,2026-05-11T13:38:48.772667+00:00,4066259,De'Aaron Fox,SAS,pts,UNDER,16.5,105,0.4878048780487805,0.4947695734351618,0.48837682985591513,0.0069646953863813366,0.014277625542081784,bovada,Bovada,2026-05-13T00:10:00Z,San Antonio Spurs,Minnesota Timberwolves,,,False
2026-05-12,2026-05-11T13:38:48.772667+00:00,3032976,Rudy Gobert,MIN,pts,OVER,9.5,150,0.4,0.40556386478122,0.29014192173604436,0.0055638647812199515,0.01390966195304999,bovada,Bovada,2026-05-13T00:10:00Z,San Antonio Spurs,Minnesota Timberwolves,,,False
2026-05-12,2026-05-11T13:38:48.772667+00:00,3032976,Rudy Gobert,MIN,pts,UNDER,7.5,-105,0.5121951219512195,0.5189841555225099,0.5421870122722441,0.006789033571290348,0.013254779829662111,bovada,Bovada,2026-05-13T00:10:00Z,San Antonio Spurs,Minnesota Timberwolves,,,False
2026-05-12,2026-05-11T13:38:48.772667+00:00,4397002,Ayo Dosunmu,MIN,pts,UNDER,12.5,-112,0.5283018867924528,0.5342990305446323,0.5762200678769607,0.0059971437521795234,0.01135173638805409,fanduel,FanDuel,2026-05-13T00:10:00Z,San Antonio Spurs,Minnesota Timberwolves,,,False
2026-05-12,2026-05-11T13:38:48.772667+00:00,3064514,Julius Randle,MIN,pts,UNDER,20.5,-230,0.696969696969697,0.7045254891101218,0.9545010869113819,0.0075557921404247885,0.010840919158000839,bovada,Bovada,2026-05-13T00:10:00Z,San Antonio Spurs,Minnesota Timberwolves,,,False
2026-05-12,2026-05-11T13:38:48.772667+00:00,4845367,Stephon Castle,SAS,pts,OVER,17.5,100,0.5,0.5053815225291958,0.5119589389537683,0.00538152252919577,0.01076304505839154,bovada,Bovada,2026-05-13T00:10:00Z,San Antonio Spurs,Minnesota Timberwolves,,,False
2026-05-12,2026-05-11T13:38:48.772667+00:00,4845367,Stephon Castle,SAS,pts,OVER,17.5,-101,0.5024875621890548,0.5053815225291958,0.5119589389537683,0.0028939603401409997,0.005759267607607366,draftkings,DraftKings,2026-05-13T00:10:00Z,San Antonio Spurs,Minnesota Timberwolves,,,False
2026-05-12,2026-05-11T13:38:48.772667+00:00,4845367,Stephon Castle,SAS,pts,UNDER,15.5,125,0.4444444444444444,0.44650482696625193,0.3811218377027821,0.0020603825218075134,0.0046358606740668495,bovada,Bovada,2026-05-13T00:10:00Z,San Antonio Spurs,Minnesota Timberwolves,,,False
2026-05-12,2026-05-11T13:38:48.772667+00:00,3032976,Rudy Gobert,MIN,pts,UNDER,7.5,-107,0.5169082125603864,0.5189841555225099,0.5421870122722441,0.0020759429621234338,0.004016076571584537,williamhill_us,Caesars,2026-05-13T00:10:00Z,San Antonio Spurs,Minnesota Timberwolves,,,False
2026-05-12,2026-05-11T13:38:48.772667+00:00,4594268,Anthony Edwards,MIN,pts,UNDER,32.5,-260,0.7222222222222222,0.7239776058523925,0.9977280130053165,0.0017553836301702486,0.0024305311802357288,bovada,Bovada,2026-05-13T00:10:00Z,San Antonio Spurs,Minnesota Timberwolves,,,False
2026-05-12,2026-05-11T13:38:48.772667+00:00,4395630,Devin Vassell,SAS,pts,OVER,12.5,-128,0.5614035087719298,0.5625023661962435,0.6388941471027634,0.001098857424313704,0.001957339787058754,fanduel,FanDuel,2026-05-13T00:10:00Z,San Antonio Spurs,Minnesota Timberwolves,,,False
2026-05-12,2026-05-11T13:38:48.772667+00:00,4396971,Naz Reid,MIN,pts,OVER,11.5,100,0.5,0.5009552283791472,0.5021227297314381,0.0009552283791471883,0.0019104567582943766,fanatics,Fanatics,2026-05-13T00:10:00Z,San Antonio Spurs,Minnesota Timberwolves,,,False
2026-05-12,2026-05-11T13:38:48.772667+00:00,5104157,Victor Wembanyama,SAS,ra,UNDER,14.5,145,0.40816326530612246,0.4845507124726407,0.7553789342448418,0.07638744716651824,0.18714924555796975,bovada,Bovada,2026-05-13T00:10:00Z,San Antonio Spurs,Minnesota Timberwolves,,,False
2026-05-12,2026-05-11T13:38:48.772667+00:00,4594268,Anthony Edwards,MIN,ra,UNDER,9.5,135,0.425531914893617,0.5025530271284855,0.7756278795975644,0.07702111223486846,0.18099961375194096,bovada,Bovada,2026-05-13T00:10:00Z,San Antonio Spurs,Minnesota Timberwolves,,,False
2026-05-12,2026-05-11T13:38:48.772667+00:00,4397002,Ayo Dosunmu,MIN,ra,UNDER,5.5,210,0.3225806451612903,0.3791120311656539,0.5795414906356702,0.05653138600436358,0.17524729661352711,bovada,Bovada,2026-05-13T00:10:00Z,San Antonio Spurs,Minnesota Timberwolves,,,False
2026-05-12,2026-05-11T13:38:48.772667+00:00,5104157,Victor Wembanyama,SAS,ra,UNDER,15.5,105,0.4878048780487805,0.5641310960418617,0.8347422325627862,0.07632621799308126,0.15646874688581658,bovada,Bovada,2026-05-13T00:10:00Z,San Antonio Spurs,Minnesota Timberwolves,,,False
2026-05-12,2026-05-11T13:38:48.772667+00:00,3032976,Rudy Gobert,MIN,ra,UNDER,11.5,140,0.4166666666666667,0.48169482721186385,0.7122492145993811,0.06502816054519717,0.1560675853084732,bovada,Bovada,2026-05-13T00:10:00Z,San Antonio Spurs,Minnesota Timberwolves,,,False
2026-05-12,2026-05-11T13:38:48.772667+00:00,4395630,Devin Vassell,SAS,ra,OVER,7.5,130,0.43478260869565216,0.5026163224043734,0.7431176710080213,0.06783371370872121,0.15601754153005876,bovada,Bovada,2026-05-13T00:10:00Z,San Antonio Spurs,Minnesota Timberwolves,,,False
2026-05-12,2026-05-11T13:38:48.772667+00:00,4594268,Anthony Edwards,MIN,ra,UNDER,10.5,-112,0.5283018867924528,0.6025591076067521,0.8658347086756315,0.07425722081429931,0.1405583108270666,fanduel,FanDuel,2026-05-13T00:10:00Z,San Antonio Spurs,Minnesota Timberwolves,,,False
2026-05-12,2026-05-11T13:38:48.772667+00:00,4397002,Ayo Dosunmu,MIN,ra,UNDER,6.5,120,0.45454545454545453,0.5173091521274549,0.7398349890090923,0.06276369758200034,0.1380801346804007,bovada,Bovada,2026-05-13T00:10:00Z,San Antonio Spurs,Minnesota Timberwolves,,,False
2026-05-12,2026-05-11T13:38:48.772667+00:00,4594268,Anthony Edwards,MIN,ra,UNDER,10.5,-115,0.5348837209302325,0.6076929382342203,0.8658347086756315,0.07280921730398782,0.13612158017702058,draftkings,DraftKings,2026-05-13T00:10:00Z,San Antonio Spurs,Minnesota Timberwolves,,,False
2026-05-12,2026-05-11T13:38:48.772667+00:00,4594268,Anthony Edwards,MIN,ra,UNDER,10.5,-115,0.5348837209302325,0.6076929382342203,0.8658347086756315,0.07280921730398782,0.13612158017702058,bovada,Bovada,2026-05-13T00:10:00Z,San Antonio Spurs,Minnesota Timberwolves,,,False
2026-05-12,2026-05-11T13:38:48.772667+00:00,4592479,Julian Champagnie,SAS,ra,OVER,7.5,150,0.4,0.45255480969297696,0.6388854986044405,0.052554809692976934,0.13138702423244242,bovada,Bovada,2026-05-13T00:10:00Z,San Antonio Spurs,Minnesota Timberwolves,,,False
2026-05-12,2026-05-11T13:38:48.772667+00:00,5104157,Victor Wembanyama,SAS,ra,UNDER,16.5,-130,0.5652173913043478,0.6378124162146651,0.8951947772603355,0.07259502491031733,0.12843735176440751,fanduel,FanDuel,2026-05-13T00:10:00Z,San Antonio Spurs,Minnesota Timberwolves,,,False
2026-05-12,2026-05-11T13:38:48.772667+00:00,3032976,Rudy Gobert,MIN,ra,UNDER,12.5,-105,0.5121951219512195,0.5778564396865123,0.8106556571116412,0.06566131773529282,0.12819590605461928,bovada,Bovada,2026-05-13T00:10:00Z,San Antonio Spurs,Minnesota Timberwolves,,,False
2026-05-12,2026-05-11T13:38:48.772667+00:00,3032976,Rudy Gobert,MIN,ra,UNDER,12.5,-106,0.5145631067961165,0.579703467865532,0.8106556571116412,0.06514036106941545,0.12659353188961875,draftkings,DraftKings,2026-05-13T00:10:00Z,San Antonio Spurs,Minnesota Timberwolves,,,False
2026-05-12,2026-05-11T13:38:48.772667+00:00,5104157,Victor Wembanyama,SAS,ra,UNDER,16.5,-135,0.574468085106383,0.6450279573802525,0.8951947772603355,0.0705598722738695,0.12282644432858775,draftkings,DraftKings,2026-05-13T00:10:00Z,San Antonio Spurs,Minnesota Timberwolves,,,False
2026-05-12,2026-05-11T13:38:48.772667+00:00,5104157,Victor Wembanyama,SAS,ra,UNDER,16.5,-135,0.574468085106383,0.6450279573802525,0.8951947772603355,0.0705598722738695,0.12282644432858775,bovada,Bovada,2026-05-13T00:10:00Z,San Antonio Spurs,Minnesota Timberwolves,,,False
2026-05-12,2026-05-11T13:38:48.772667+00:00,3064514,Julius Randle,MIN,ra,UNDER,8.5,200,0.3333333333333333,0.37405491188522166,0.5184314176600986,0.04072157855188835,0.12216473565566499,bovada,Bovada,2026-05-13T00:10:00Z,San Antonio Spurs,Minnesota Timberwolves,,,False
2026-05-12,2026-05-11T13:38:48.772667+00:00,3032976,Rudy Gobert,MIN,ra,UNDER,12.5,-110,0.5238095238095238,0.5869156731359897,0.8106556571116412,0.06310614932646585,0.1204753759868894,fanduel,FanDuel,2026-05-13T00:10:00Z,San Antonio Spurs,Minnesota Timberwolves,,,False
2026-05-12,2026-05-11T13:38:48.772667+00:00,4397002,Ayo Dosunmu,MIN,ra,UNDER,7.5,-132,0.5689655172413793,0.6332194165925007,0.8610286961101127,0.06425389935112136,0.11293109582924366,fanduel,FanDuel,2026-05-13T00:10:00Z,San Antonio Spurs,Minnesota Timberwolves,,,False
2026-05-12,2026-05-11T13:38:48.772667+00:00,4395630,Devin Vassell,SAS,ra,OVER,6.5,-124,0.5535714285714286,0.6159208757103019,0.836978006475398,0.06234944713887325,0.11263125934764201,draftkings,DraftKings,2026-05-13T00:10:00Z,San Antonio Spurs,Minnesota Timberwolves,,,False
2026-05-12,2026-05-11T13:38:48.772667+00:00,4592479,Julian Champagnie,SAS,ra,OVER,6.5,-102,0.504950495049505,0.5614281321735303,0.7616670274314383,0.056477637124025315,0.11184786959855997,fanduel,FanDuel,2026-05-13T00:10:00Z,San Antonio Spurs,Minnesota Timberwolves,,,False
2026-05-12,2026-05-11T13:38:48.772667+00:00,4395630,Devin Vassell,SAS,ra,OVER,6.5,-125,0.5555555555555556,0.6174684947579209,0.836978006475398,0.06191293920236529,0.11144329056425761,bovada,Bovada,2026-05-13T00:10:00Z,San Antonio Spurs,Minnesota Timberwolves,,,False
2026-05-12,2026-05-11T13:38:48.772667+00:00,3064514,Julius Randle,MIN,ra,UNDER,9.5,130,0.43478260869565216,0.48302698293460544,0.6540752188727126,0.04824437423895328,0.11096206074959258,bovada,Bovada,2026-05-13T00:10:00Z,San Antonio Spurs,Minnesota Timberwolves,,,False
2026-05-12,2026-05-11T13:38:48.772667+00:00,4397002,Ayo Dosunmu,MIN,ra,UNDER,7.5,-134,0.5726495726495726,0.6360929798108914,0.8610286961101127,0.0634434071613188,0.11078923340110891,draftkings,DraftKings,2026-05-13T00:10:00Z,San Antonio Spurs,Minnesota Timberwolves,,,False
2026-05-12,2026-05-11T13:38:48.772667+00:00,4592479,Julian Champagnie,SAS,ra,OVER,6.5,-103,0.5073891625615764,0.563330292832946,0.7616670274314383,0.0559411302713696,0.1102529072338645,draftkings,DraftKings,2026-05-13T00:10:00Z,San Antonio Spurs,Minnesota Timberwolves,,,False
2026-05-12,2026-05-11T13:38:48.772667+00:00,4397002,Ayo Dosunmu,MIN,ra,UNDER,7.5,-135,0.574468085106383,0.6375114195272036,0.8610286961101127,0.06304333442082055,0.10974210065846546,bovada,Bovada,2026-05-13T00:10:00Z,San Antonio Spurs,Minnesota Timberwolves,,,False
2026-05-12,2026-05-11T13:38:48.772667+00:00,4592479,Julian Champagnie,SAS,ra,OVER,6.5,-105,0.5121951219512195,0.5670789411568676,0.7616670274314383,0.05488381920564811,0.10715412321102724,bovada,Bovada,2026-05-13T00:10:00Z,San Antonio Spurs,Minnesota Timberwolves,,,False
2026-05-12,2026-05-11T13:38:48.772667+00:00,4395630,Devin Vassell,SAS,ra,OVER,6.5,-130,0.5652173913043478,0.6250047266419788,0.836978006475398,0.05978733533763103,0.10577759328965486,fanduel,FanDuel,2026-05-13T00:10:00Z,San Antonio Spurs,Minnesota Timberwolves,,,False
2026-05-12,2026-05-11T13:38:48.772667+00:00,3032976,Rudy Gobert,MIN,ra,UNDER,13.5,-150,0.6,0.6627129638995561,0.8850589268161644,0.06271296389955616,0.10452160649926023,bovada,Bovada,2026-05-13T00:10:00Z,San Antonio Spurs,Minnesota Timberwolves,,,False
2026-05-12,2026-05-11T13:38:48.772667+00:00,4594268,Anthony Edwards,MIN,ra,UNDER,11.5,-170,0.6296296296296297,0.6951276612941736,0.9273479553775565,0.06549803166454393,0.10402628558486393,bovada,Bovada,2026-05-13T00:10:00Z,San Antonio Spurs,Minnesota Timberwolves,,,False
2026-05-12,2026-05-11T13:38:48.772667+00:00,5037871,Dylan Harper,SAS,ra,OVER,7.5,140,0.4166666666666667,0.4590215201865071,0.6091887281204867,0.04235485351984042,0.10165164844761698,bovada,Bovada,2026-05-13T00:10:00Z,San Antonio Spurs,Minnesota Timberwolves,,,False
2026-05-12,2026-05-11T13:38:48.772667+00:00,5037871,Dylan Harper,SAS,ra,OVER,6.5,-102,0.504950495049505,0.5544607963499638,0.7299973191424998,0.04951030130045886,0.09804981237934007,fanduel,FanDuel,2026-05-13T00:10:00Z,San Antonio Spurs,Minnesota Timberwolves,,,False
2026-05-12,2026-05-11T13:38:48.772667+00:00,3064514,Julius Randle,MIN,ra,UNDER,10.5,-120,0.5454545454545454,0.5953627254973347,0.7723099092854058,0.049908180042789296,0.09149833007844699,bovada,Bovada,2026-05-13T00:10:00Z,San Antonio Spurs,Minnesota Timberwolves,,,False
2026-05-12,2026-05-11T13:38:48.772667+00:00,3064514,Julius Randle,MIN,ra,UNDER,10.5,-121,0.5475113122171946,0.5969670035722011,0.7723099092854058,0.04945569135500649,0.09032816354922685,draftkings,DraftKings,2026-05-13T00:10:00Z,San Antonio Spurs,Minnesota Timberwolves,,,False
2026-05-12,2026-05-11T13:38:48.772667+00:00,5037871,Dylan Harper,SAS,ra,OVER,6.5,-120,0.5454545454545454,0.5860539556658954,0.7299973191424998,0.04059941021134994,0.0744322520541415,draftkings,DraftKings,2026-05-13T00:10:00Z,San Antonio Spurs,Minnesota Timberwolves,,,False
2026-05-12,2026-05-11T13:38:48.772667+00:00,5037871,Dylan Harper,SAS,ra,OVER,6.5,-120,0.5454545454545454,0.5860539556658954,0.7299973191424998,0.04059941021134994,0.0744322520541415,bovada,Bovada,2026-05-13T00:10:00Z,San Antonio Spurs,Minnesota Timberwolves,,,False
2026-05-12,2026-05-11T13:38:48.772667+00:00,3064514,Julius Randle,MIN,ra,UNDER,10.5,-138,0.5798319327731093,0.6221770876058145,0.7723099092854058,0.04234515483270518,0.07303004963901338,fanduel,FanDuel,2026-05-13T00:10:00Z,San Antonio Spurs,Minnesota Timberwolves,,,False
2026-05-12,2026-05-11T13:38:48.772667+00:00,4395630,Devin Vassell,SAS,ra,OVER,5.5,-220,0.6875,0.7353745591812968,0.905111632642258,0.047874559181296794,0.06963572244552257,bovada,Bovada,2026-05-13T00:10:00Z,San Antonio Spurs,Minnesota Timberwolves,,,False
2026-05-12,2026-05-11T13:38:48.772667+00:00,4592479,Julian Champagnie,SAS,ra,OVER,5.5,-190,0.6551724137931034,0.6996207181472359,0.8572101608573419,0.044448304354132495,0.06784214875104427,bovada,Bovada,2026-05-13T00:10:00Z,San Antonio Spurs,Minnesota Timberwolves,,,False
2026-05-12,2026-05-11T13:38:48.772667+00:00,4845367,Stephon Castle,SAS,ra,UNDER,10.5,165,0.37735849056603776,0.398862177385325,0.47510252156279786,0.021503686819287215,0.056984770071111135,bovada,Bovada,2026-05-13T00:10:00Z,San Antonio Spurs,Minnesota Timberwolves,,,False
2026-05-12,2026-05-11T13:38:48.772667+00:00,4845367,Stephon Castle,SAS,ra,UNDER,11.5,110,0.47619047619047616,0.5026054272248691,0.596258435437717,0.026414951034392953,0.055471397172225156,bovada,Bovada,2026-05-13T00:10:00Z,San Antonio Spurs,Minnesota Timberwolves,,,False
2026-05-12,2026-05-11T13:38:48.772667+00:00,4845367,Stephon Castle,SAS,ra,UNDER,12.5,-135,0.574468085106383,0.6040147204321815,0.7087709729509216,0.029546635325798487,0.05143303186342707,bovada,Bovada,2026-05-13T00:10:00Z,San Antonio Spurs,Minnesota Timberwolves,,,False
2026-05-12,2026-05-11T13:38:48.772667+00:00,5037871,Dylan Harper,SAS,ra,OVER,5.5,-210,0.6774193548387096,0.7106654965163932,0.8285381806463622,0.03324614167768358,0.04907763771467566,bovada,Bovada,2026-05-13T00:10:00Z,San Antonio Spurs,Minnesota Timberwolves,,,False
2026-05-12,2026-05-11T13:38:48.772667+00:00,4845367,Stephon Castle,SAS,ra,UNDER,12.5,-138,0.5798319327731093,0.608198521612228,0.7087709729509216,0.02836658883911869,0.04892208799790043,draftkings,DraftKings,2026-05-13T00:10:00Z,San Antonio Spurs,Minnesota Timberwolves,,,False
2026-05-12,2026-05-11T13:38:48.772667+00:00,4845367,Stephon Castle,SAS,ra,UNDER,12.5,-140,0.5833333333333334,0.6109296140492028,0.7087709729509216,0.027596280715869392,0.04730790979863331,fanduel,FanDuel,2026-05-13T00:10:00Z,San Antonio Spurs,Minnesota Timberwolves,,,False
2026-05-12,2026-05-11T13:38:48.772667+00:00,4431671,Jaden McDaniels,MIN,ra,UNDER,8.5,-160,0.6153846153846154,0.6300787189859344,0.6821759953906106,0.014694103601318953,0.023877918352143368,bovada,Bovada,2026-05-13T00:10:00Z,San Antonio Spurs,Minnesota Timberwolves,,,False
2026-05-12,2026-05-11T13:38:48.772667+00:00,4431671,Jaden McDaniels,MIN,ra,UNDER,7.5,100,0.5,0.5092308777101806,0.5419585350462756,0.009230877710180607,0.018461755420361214,draftkings,DraftKings,2026-05-13T00:10:00Z,San Antonio Spurs,Minnesota Timberwolves,,,False
2026-05-12,2026-05-11T13:38:48.772667+00:00,4431671,Jaden McDaniels,MIN,ra,UNDER,7.5,100,0.5,0.5092308777101806,0.5419585350462756,0.009230877710180607,0.018461755420361214,bovada,Bovada,2026-05-13T00:10:00Z,San Antonio Spurs,Minnesota Timberwolves,,,False
2026-05-12,2026-05-11T13:38:48.772667+00:00,4431671,Jaden McDaniels,MIN,ra,UNDER,6.5,170,0.37037037037037035,0.37606486246174925,0.3962544253311835,0.0056944920913789,0.015375128646722969,bovada,Bovada,2026-05-13T00:10:00Z,San Antonio Spurs,Minnesota Timberwolves,,,False
2026-05-12,2026-05-11T13:38:48.772667+00:00,4396971,Naz Reid,MIN,ra,UNDER,8.5,-106,0.5145631067961165,0.5215180876325859,0.5461766560527954,0.006954980836469393,0.013516283512383931,fanduel,FanDuel,2026-05-13T00:10:00Z,San Antonio Spurs,Minnesota Timberwolves,,,False
2026-05-12,2026-05-11T13:38:48.772667+00:00,4431671,Jaden McDaniels,MIN,ra,UNDER,7.5,-106,0.5145631067961165,0.5205901010111514,0.5419585350462756,0.006026994215034942,0.011712837814124522,fanduel,FanDuel,2026-05-13T00:10:00Z,San Antonio Spurs,Minnesota Timberwolves,,,False
2026-05-12,2026-05-11T13:38:48.772667+00:00,4066259,De'Aaron Fox,SAS,ra,OVER,7.5,-230,0.696969696969697,0.6989255505723568,0.7058599406181505,0.0019558536026598183,0.002806224734251128,bovada,Bovada,2026-05-13T00:10:00Z,San Antonio Spurs,Minnesota Timberwolves,,,False
2026-05-12,2026-05-11T13:38:48.772667+00:00,4066259,De'Aaron Fox,SAS,ra,OVER,8.5,-135,0.574468085106383,0.5755232897247361,0.5792644697352607,0.0010552046183530672,0.001836837668985014,bovada,Bovada,2026-05-13T00:10:00Z,San Antonio Spurs,Minnesota Timberwolves,,,False
2026-05-12,2026-05-11T13:38:48.772667+00:00,5104157,Victor Wembanyama,SAS,reb,UNDER,10.5,215,0.31746031746031744,0.3674076243995344,0.6504423637217638,0.04994730693921695,0.1573340168585332,bovada,Bovada,2026-05-13T00:10:00Z,San Antonio Spurs,Minnesota Timberwolves,,,False
2026-05-12,2026-05-11T13:38:48.772667+00:00,3032976,Rudy Gobert,MIN,reb,UNDER,9.5,145,0.40816326530612246,0.4661788848769076,0.7949340624446903,0.05801561957078516,0.14213826794842366,bovada,Bovada,2026-05-13T00:10:00Z,San Antonio Spurs,Minnesota Timberwolves,,,False
2026-05-12,2026-05-11T13:38:48.772667+00:00,5037871,Dylan Harper,SAS,reb,OVER,4.5,180,0.35714285714285715,0.4059469449972576,0.6825034428388599,0.048804087854400435,0.13665144599232126,bovada,Bovada,2026-05-13T00:10:00Z,San Antonio Spurs,Minnesota Timberwolves,,,False
2026-05-12,2026-05-11T13:38:48.772667+00:00,5104157,Victor Wembanyama,SAS,reb,UNDER,11.5,140,0.4166666666666667,0.46793142280029676,0.758431707557534,0.051264756133630074,0.12303541472071222,bovada,Bovada,2026-05-13T00:10:00Z,San Antonio Spurs,Minnesota Timberwolves,,,False
2026-05-12,2026-05-11T13:38:48.772667+00:00,5104157,Victor Wembanyama,SAS,reb,UNDER,12.5,104,0.49019607843137253,0.543445115180195,0.8451896567568555,0.053249036748822476,0.10862803496759788,fanduel,FanDuel,2026-05-13T00:10:00Z,San Antonio Spurs,Minnesota Timberwolves,,,False
2026-05-12,2026-05-11T13:38:48.772667+00:00,4395630,Devin Vassell,SAS,reb,OVER,4.5,128,0.43859649122807015,0.4852327667582953,0.7495049947629044,0.046636275530225146,0.10633070820891333,fanduel,FanDuel,2026-05-13T00:10:00Z,San Antonio Spurs,Minnesota Timberwolves,,,False
2026-05-12,2026-05-11T13:38:48.772667+00:00,3032976,Rudy Gobert,MIN,reb,UNDER,10.5,-110,0.5238095238095238,0.5777055993942354,0.8831166943742677,0.053896075584711545,0.10289250793444937,draftkings,DraftKings,2026-05-13T00:10:00Z,San Antonio Spurs,Minnesota Timberwolves,,,False
2026-05-12,2026-05-11T13:38:48.772667+00:00,3032976,Rudy Gobert,MIN,reb,UNDER,10.5,-110,0.5238095238095238,0.5777055993942354,0.8831166943742677,0.053896075584711545,0.10289250793444937,betmgm,BetMGM,2026-05-13T00:10:00Z,San Antonio Spurs,Minnesota Timberwolves,,,False
2026-05-12,2026-05-11T13:38:48.772667+00:00,3032976,Rudy Gobert,MIN,reb,UNDER,10.5,-110,0.5238095238095238,0.5777055993942354,0.8831166943742677,0.053896075584711545,0.10289250793444937,bovada,Bovada,2026-05-13T00:10:00Z,San Antonio Spurs,Minnesota Timberwolves,,,False
2026-05-12,2026-05-11T13:38:48.772667+00:00,3032976,Rudy Gobert,MIN,reb,UNDER,10.5,-112,0.5283018867924528,0.5815241079297251,0.8831166943742677,0.05322222113727226,0.10074206143840825,fanduel,FanDuel,2026-05-13T00:10:00Z,San Antonio Spurs,Minnesota Timberwolves,,,False
2026-05-12,2026-05-11T13:38:48.772667+00:00,4395630,Devin Vassell,SAS,reb,OVER,4.5,122,0.45045045045045046,0.49530863209731857,0.7495049947629044,0.04485818164686811,0.09958516325604716,williamhill_us,Caesars,2026-05-13T00:10:00Z,San Antonio Spurs,Minnesota Timberwolves,,,False
2026-05-12,2026-05-11T13:38:48.772667+00:00,4395630,Devin Vassell,SAS,reb,OVER,4.5,121,0.45248868778280543,0.4970411338298203,0.7495049947629044,0.04455244604701486,0.09846090576390287,draftkings,DraftKings,2026-05-13T00:10:00Z,San Antonio Spurs,Minnesota Timberwolves,,,False
2026-05-12,2026-05-11T13:38:48.772667+00:00,3032976,Rudy Gobert,MIN,reb,UNDER,10.5,-115,0.5348837209302325,0.5871186669468378,0.8831166943742677,0.05223494601660528,0.09765663820495762,williamhill_us,Caesars,2026-05-13T00:10:00Z,San Antonio Spurs,Minnesota Timberwolves,,,False
2026-05-12,2026-05-11T13:38:48.772667+00:00,5104157,Victor Wembanyama,SAS,reb,UNDER,12.5,-105,0.5121951219512195,0.5621443021720649,0.8451896567568555,0.04994918022084538,0.09751982805022197,betmgm,BetMGM,2026-05-13T00:10:00Z,San Antonio Spurs,Minnesota Timberwolves,,,False
2026-05-12,2026-05-11T13:38:48.772667+00:00,4395630,Devin Vassell,SAS,reb,OVER,4.5,120,0.45454545454545453,0.498789385578072,0.7495049947629044,0.04424393103261748,0.09733664827175847,bovada,Bovada,2026-05-13T00:10:00Z,San Antonio Spurs,Minnesota Timberwolves,,,False
2026-05-12,2026-05-11T13:38:48.772667+00:00,5104157,Victor Wembanyama,SAS,reb,UNDER,12.5,-108,0.5192307692307693,0.5681246023596822,0.8451896567568555,0.048893833128912934,0.0941659008408694,draftkings,DraftKings,2026-05-13T00:10:00Z,San Antonio Spurs,Minnesota Timberwolves,,,False
2026-05-12,2026-05-11T13:38:48.772667+00:00,5104157,Victor Wembanyama,SAS,reb,UNDER,12.5,-109,0.5215311004784688,0.5700798839202268,0.8451896567568555,0.04854878344175795,0.09308895173694864,williamhill_us,Caesars,2026-05-13T00:10:00Z,San Antonio Spurs,Minnesota Timberwolves,,,False
2026-05-12,2026-05-11T13:38:48.772667+00:00,5104157,Victor Wembanyama,SAS,reb,UNDER,12.5,-110,0.5238095238095238,0.5720165437516236,0.8451896567568555,0.04820701994209975,0.09203158352582685,bovada,Bovada,2026-05-13T00:10:00Z,San Antonio Spurs,Minnesota Timberwolves,,,False
2026-05-12,2026-05-11T13:38:48.772667+00:00,5037871,Dylan Harper,SAS,reb,OVER,3.5,-104,0.5098039215686274,0.5550503288944196,0.8114466370739088,0.045246407325792215,0.08875256821597699,fanduel,FanDuel,2026-05-13T00:10:00Z,San Antonio Spurs,Minnesota Timberwolves,,,False
2026-05-12,2026-05-11T13:38:48.772667+00:00,5104157,Victor Wembanyama,SAS,reb,UNDER,12.5,-115,0.5348837209302325,0.581429611304226,0.8451896567568555,0.04654589037399348,0.0870205776557268,fanatics,Fanatics,2026-05-13T00:10:00Z,San Antonio Spurs,Minnesota Timberwolves,,,False
2026-05-12,2026-05-11T13:38:48.772667+00:00,4395723,Keldon Johnson,SAS,reb,OVER,4.5,180,0.35714285714285715,0.38743392672973703,0.5590833210553896,0.030291069586879882,0.08481499484326371,bovada,Bovada,2026-05-13T00:10:00Z,San Antonio Spurs,Minnesota Timberwolves,,,False
2026-05-12,2026-05-11T13:38:48.772667+00:00,5037871,Dylan Harper,SAS,reb,OVER,3.5,-108,0.5192307692307693,0.5630631494072402,0.8114466370739088,0.04383238017647095,0.08441791737690707,williamhill_us,Caesars,2026-05-13T00:10:00Z,San Antonio Spurs,Minnesota Timberwolves,,,False
2026-05-12,2026-05-11T13:38:48.772667+00:00,5037871,Dylan Harper,SAS,reb,OVER,3.5,-109,0.5215311004784688,0.5650184309677848,0.8114466370739088,0.04348733048931597,0.08338396396575254,draftkings,DraftKings,2026-05-13T00:10:00Z,San Antonio Spurs,Minnesota Timberwolves,,,False
2026-05-12,2026-05-11T13:38:48.772667+00:00,5037871,Dylan Harper,SAS,reb,OVER,3.5,-110,0.5238095238095238,0.5669550907991816,0.8114466370739088,0.04314556698965777,0.08236880970752847,bovada,Bovada,2026-05-13T00:10:00Z,San Antonio Spurs,Minnesota Timberwolves,,,False
2026-05-12,2026-05-11T13:38:48.772667+00:00,4066259,De'Aaron Fox,SAS,reb,OVER,3.5,116,0.46296296296296297,0.500562467661896,0.713626327622517,0.037599504698933084,0.08121493014969539,fanduel,FanDuel,2026-05-13T00:10:00Z,San Antonio Spurs,Minnesota Timberwolves,,,False
2026-05-12,2026-05-11T13:38:48.772667+00:00,4395630,Devin Vassell,SAS,reb,OVER,4.5,105,0.4878048780487805,0.527059895555899,0.7495049947629044,0.03925501750711857,0.08047278588959306,betmgm,BetMGM,2026-05-13T00:10:00Z,San Antonio Spurs,Minnesota Timberwolves,,,False
2026-05-12,2026-05-11T13:38:48.772667+00:00,5037871,Dylan Harper,SAS,reb,OVER,3.5,-115,0.5348837209302325,0.576368158351784,0.8114466370739088,0.0414844374215515,0.07755786126637876,betmgm,BetMGM,2026-05-13T00:10:00Z,San Antonio Spurs,Minnesota Timberwolves,,,False
2026-05-12,2026-05-11T13:38:48.772667+00:00,4066259,De'Aaron Fox,SAS,reb,OVER,3.5,111,0.47393364928909953,0.5098875510391121,0.713626327622517,0.03595390175001256,0.07586273269252652,draftkings,DraftKings,2026-05-13T00:10:00Z,San Antonio Spurs,Minnesota Timberwolves,,,False
2026-05-12,2026-05-11T13:38:48.772667+00:00,4066259,De'Aaron Fox,SAS,reb,OVER,3.5,111,0.47393364928909953,0.5098875510391121,0.713626327622517,0.03595390175001256,0.07586273269252652,williamhill_us,Caesars,2026-05-13T00:10:00Z,San Antonio Spurs,Minnesota Timberwolves,,,False
2026-05-12,2026-05-11T13:38:48.772667+00:00,4066259,De'Aaron Fox,SAS,reb,OVER,3.5,110,0.47619047619047616,0.5118058539052823,0.713626327622517,0.03561537771480616,0.07479229320109293,bovada,Bovada,2026-05-13T00:10:00Z,San Antonio Spurs,Minnesota Timberwolves,,,False
2026-05-12,2026-05-11T13:38:48.772667+00:00,3032976,Rudy Gobert,MIN,reb,UNDER,11.5,-170,0.6296296296296297,0.6762384734772768,0.9403552552806107,0.046608843847647186,0.07402581081685145,bovada,Bovada,2026-05-13T00:10:00Z,San Antonio Spurs,Minnesota Timberwolves,,,False
2026-05-12,2026-05-11T13:38:48.772667+00:00,5104157,Victor Wembanyama,SAS,reb,UNDER,13.5,-165,0.6226415094339622,0.665500428324631,0.908367635371754,0.04285891889066873,0.06883402124864973,bovada,Bovada,2026-05-13T00:10:00Z,San Antonio Spurs,Minnesota Timberwolves,,,False
2026-05-12,2026-05-11T13:38:48.772667+00:00,4395723,Keldon Johnson,SAS,reb,OVER,3.5,-106,0.5145631067961165,0.5452732015880053,0.7192970720753755,0.030710094791888798,0.05968188233140648,williamhill_us,Caesars,2026-05-13T00:10:00Z,San Antonio Spurs,Minnesota Timberwolves,,,False
2026-05-12,2026-05-11T13:38:48.772667+00:00,4066259,De'Aaron Fox,SAS,reb,OVER,3.5,-105,0.5121951219512195,0.5424098028019142,0.713626327622517,0.030214680850694675,0.05899056737516584,betmgm,BetMGM,2026-05-13T00:10:00Z,San Antonio Spurs,Minnesota Timberwolves,,,False
2026-05-12,2026-05-11T13:38:48.772667+00:00,4395723,Keldon Johnson,SAS,reb,OVER,3.5,-109,0.5215311004784688,0.5511959962180049,0.7192970720753755,0.029664895739536012,0.05688039641800935,draftkings,DraftKings,2026-05-13T00:10:00Z,San Antonio Spurs,Minnesota Timberwolves,,,False
2026-05-12,2026-05-11T13:38:48.772667+00:00,4395723,Keldon Johnson,SAS,reb,OVER,3.5,-110,0.5238095238095238,0.5531326560494015,0.7192970720753755,0.029323132239877703,0.05598052518522112,bovada,Bovada,2026-05-13T00:10:00Z,San Antonio Spurs,Minnesota Timberwolves,,,False
2026-05-12,2026-05-11T13:38:48.772667+00:00,4592479,Julian Champagnie,SAS,reb,OVER,5.5,120,0.45454545454545453,0.47971509879450175,0.6223430828724359,0.02516964424904722,0.0553732173479039,bovada,Bovada,2026-05-13T00:10:00Z,San Antonio Spurs,Minnesota Timberwolves,,,False
2026-05-12,2026-05-11T13:38:48.772667+00:00,4395630,Devin Vassell,SAS,reb,OVER,3.5,-170,0.6296296296296297,0.6643332316767004,0.8609869766101018,0.03470360204707079,0.05511748560417129,bovada,Bovada,2026-05-13T00:10:00Z,San Antonio Spurs,Minnesota Timberwolves,,,False
2026-05-12,2026-05-11T13:38:48.772667+00:00,3032976,Rudy Gobert,MIN,reb,UNDER,12.5,-260,0.7222222222222222,0.7598199361909624,0.9728736486804908,0.03759771396874023,0.05205837318748646,bovada,Bovada,2026-05-13T00:10:00Z,San Antonio Spurs,Minnesota Timberwolves,,,False
2026-05-12,2026-05-11T13:38:48.772667+00:00,5104157,Victor Wembanyama,SAS,reb,UNDER,14.5,-250,0.7142857142857143,0.7496531852898685,0.9500688543134087,0.03536747100415416,0.049514459405815836,bovada,Bovada,2026-05-13T00:10:00Z,San Antonio Spurs,Minnesota Timberwolves,,,False
2026-05-12,2026-05-11T13:38:48.772667+00:00,4395723,Keldon Johnson,SAS,reb,OVER,3.5,-120,0.5454545454545454,0.57153092444767,0.7192970720753755,0.026076378993124538,0.047806694820728246,betmgm,BetMGM,2026-05-13T00:10:00Z,San Antonio Spurs,Minnesota Timberwolves,,,False
2026-05-12,2026-05-11T13:38:48.772667+00:00,4592479,Julian Champagnie,SAS,reb,OVER,5.5,110,0.47619047619047616,0.4981133671927701,0.6223430828724359,0.021922891002293943,0.04603807110481728,betmgm,BetMGM,2026-05-13T00:10:00Z,San Antonio Spurs,Minnesota Timberwolves,,,False
2026-05-12,2026-05-11T13:38:48.772667+00:00,4592479,Julian Champagnie,SAS,reb,OVER,4.5,-152,0.6031746031746031,0.6279212903655866,0.7681525177811598,0.024746687190983496,0.04102740244820946,williamhill_us,Caesars,2026-05-13T00:10:00Z,San Antonio Spurs,Minnesota Timberwolves,,,False
2026-05-12,2026-05-11T13:38:48.772667+00:00,4592479,Julian Champagnie,SAS,reb,OVER,4.5,-157,0.6108949416342413,0.6344835780562791,0.7681525177811598,0.02358863642203779,0.038613245608049185,draftkings,DraftKings,2026-05-13T00:10:00Z,San Antonio Spurs,Minnesota Timberwolves,,,False
2026-05-12,2026-05-11T13:38:48.772667+00:00,4066259,De'Aaron Fox,SAS,reb,OVER,2.5,-210,0.6774193548387096,0.7035282380015414,0.8514785759242549,0.026108883162831775,0.03854168466894203,bovada,Bovada,2026-05-13T00:10:00Z,San Antonio Spurs,Minnesota Timberwolves,,,False
2026-05-12,2026-05-11T13:38:48.772667+00:00,4592479,Julian Champagnie,SAS,reb,OVER,4.5,-160,0.6153846153846154,0.6382998007440971,0.7681525177811598,0.02291518535948167,0.037237176209157785,bovada,Bovada,2026-05-13T00:10:00Z,San Antonio Spurs,Minnesota Timberwolves,,,False
2026-05-12,2026-05-11T13:38:48.772667+00:00,4592479,Julian Champagnie,SAS,reb,OVER,4.5,-162,0.6183206106870229,0.6407953967511435,0.7681525177811598,0.022474786064120567,0.03634811079505923,fanduel,FanDuel,2026-05-13T00:10:00Z,San Antonio Spurs,Minnesota Timberwolves,,,False
2026-05-12,2026-05-11T13:38:48.772667+00:00,5037871,Dylan Harper,SAS,reb,OVER,2.5,-275,0.7333333333333333,0.7586005418913853,0.9017813903870131,0.02526720855805198,0.03445528439734352,bovada,Bovada,2026-05-13T00:10:00Z,San Antonio Spurs,Minnesota Timberwolves,,,False
2026-05-12,2026-05-11T13:38:48.772667+00:00,4845367,Stephon Castle,SAS,reb,OVER,5.5,120,0.45454545454545453,0.46934595232861875,0.5532154397665494,0.014800497783164224,0.03256109512296124,bovada,Bovada,2026-05-13T00:10:00Z,San Antonio Spurs,Minnesota Timberwolves,,,False
2026-05-12,2026-05-11T13:38:48.772667+00:00,4845367,Stephon Castle,SAS,reb,OVER,5.5,114,0.4672897196261682,0.4801785776472254,0.5532154397665494,0.012888858021057159,0.02758215616506221,williamhill_us,Caesars,2026-05-13T00:10:00Z,San Antonio Spurs,Minnesota Timberwolves,,,False
2026-05-12,2026-05-11T13:38:48.772667+00:00,4845367,Stephon Castle,SAS,reb,OVER,5.5,110,0.47619047619047616,0.48774422072688717,0.5532154397665494,0.011553744536411004,0.02426286352646312,fanduel,FanDuel,2026-05-13T00:10:00Z,San Antonio Spurs,Minnesota Timberwolves,,,False
2026-05-12,2026-05-11T13:38:48.772667+00:00,4845367,Stephon Castle,SAS,reb,OVER,5.5,110,0.47619047619047616,0.48774422072688717,0.5532154397665494,0.011553744536411004,0.02426286352646312,betmgm,BetMGM,2026-05-13T00:10:00Z,San Antonio Spurs,Minnesota Timberwolves,,,False
2026-05-12,2026-05-11T13:38:48.772667+00:00,4594268,Anthony Edwards,MIN,reb,UNDER,5.5,120,0.45454545454545453,0.4653410970743245,0.5265164047379209,0.010795642528869942,0.023750413563513817,bovada,Bovada,2026-05-13T00:10:00Z,San Antonio Spurs,Minnesota Timberwolves,,,False
2026-05-12,2026-05-11T13:38:48.772667+00:00,4395723,Keldon Johnson,SAS,reb,OVER,2.5,-275,0.7333333333333333,0.7499989318939121,0.844437323737192,0.01666559856057881,0.022725816218971018,bovada,Bovada,2026-05-13T00:10:00Z,San Antonio Spurs,Minnesota Timberwolves,,,False
2026-05-12,2026-05-11T13:38:48.772667+00:00,4845367,Stephon Castle,SAS,reb,OVER,4.5,-159,0.6138996138996139,0.6277119465339003,0.7059818314615232,0.013812332634286384,0.02249933429107026,draftkings,DraftKings,2026-05-13T00:10:00Z,San Antonio Spurs,Minnesota Timberwolves,,,False
2026-05-12,2026-05-11T13:38:48.772667+00:00,4845367,Stephon Castle,SAS,reb,OVER,4.5,-160,0.6153846153846154,0.6289741977961516,0.7059818314615232,0.013589582411536183,0.022083071418746325,bovada,Bovada,2026-05-13T00:10:00Z,San Antonio Spurs,Minnesota Timberwolves,,,False
2026-05-12,2026-05-11T13:38:48.772667+00:00,4397002,Ayo Dosunmu,MIN,reb,UNDER,3.5,-106,0.5145631067961165,0.525767100975971,0.58925640132848,0.011203994179854515,0.02177380000990592,fanduel,FanDuel,2026-05-13T00:10:00Z,San Antonio Spurs,Minnesota Timberwolves,,,False
2026-05-12,2026-05-11T13:38:48.772667+00:00,4594268,Anthony Edwards,MIN,reb,UNDER,6.5,-148,0.5967741935483871,0.6094938645139995,0.6815719999858029,0.012719670965612329,0.02131404323967473,draftkings,DraftKings,2026-05-13T00:10:00Z,San Antonio Spurs,Minnesota Timberwolves,,,False
2026-05-12,2026-05-11T13:38:48.772667+00:00,4396971,Naz Reid,MIN,reb,UNDER,6.5,100,0.5,0.5105087441867859,0.5700582945785727,0.010508744186785934,0.02101748837357187,fanduel,FanDuel,2026-05-13T00:10:00Z,San Antonio Spurs,Minnesota Timberwolves,,,False
2026-05-12,2026-05-11T13:38:48.772667+00:00,4594268,Anthony Edwards,MIN,reb,UNDER,6.5,-150,0.6,0.6122357999978704,0.6815719999858029,0.012235799997870389,0.02039299999645061,bovada,Bovada,2026-05-13T00:10:00Z,San Antonio Spurs,Minnesota Timberwolves,,,False
2026-05-12,2026-05-11T13:38:48.772667+00:00,4397002,Ayo Dosunmu,MIN,reb,UNDER,2.5,200,0.3333333333333333,0.33923946389770754,0.37270753709582816,0.0059061305643742235,0.017718391693122615,bovada,Bovada,2026-05-13T00:10:00Z,San Antonio Spurs,Minnesota Timberwolves,,,False
2026-05-12,2026-05-11T13:38:48.772667+00:00,4594268,Anthony Edwards,MIN,reb,UNDER,6.5,-158,0.6124031007751938,0.6227784356567851,0.6815719999858029,0.01037533488159137,0.016942002528168187,fanduel,FanDuel,2026-05-13T00:10:00Z,San Antonio Spurs,Minnesota Timberwolves,,,False
2026-05-12,2026-05-11T13:38:48.772667+00:00,4396971,Naz Reid,MIN,reb,UNDER,7.5,-190,0.6551724137931034,0.6656998595179793,0.7253553852922761,0.01052744572487585,0.016068206632705195,bovada,Bovada,2026-05-13T00:10:00Z,San Antonio Spurs,Minnesota Timberwolves,,,False
2026-05-12,2026-05-11T13:38:48.772667+00:00,4594268,Anthony Edwards,MIN,reb,UNDER,5.5,110,0.47619047619047616,0.4837393654725929,0.5265164047379209,0.007548889282116722,0.01585266749244507,betmgm,BetMGM,2026-05-13T00:10:00Z,San Antonio Spurs,Minnesota Timberwolves,,,False
2026-05-12,2026-05-11T13:38:48.772667+00:00,4594268,Anthony Edwards,MIN,reb,UNDER,7.5,-275,0.7333333333333333,0.7448246323975304,0.809941993761314,0.011491299064197102,0.015669953269359604,bovada,Bovada,2026-05-13T00:10:00Z,San Antonio Spurs,Minnesota Timberwolves,,,False
2026-05-12,2026-05-11T13:38:48.772667+00:00,4594268,Anthony Edwards,MIN,reb,UNDER,5.5,109,0.4784688995215311,0.48567602530398957,0.5265164047379209,0.007207125782458468,0.015062892885338242,williamhill_us,Caesars,2026-05-13T00:10:00Z,San Antonio Spurs,Minnesota Timberwolves,,,False
2026-05-12,2026-05-11T13:38:48.772667+00:00,4397002,Ayo Dosunmu,MIN,reb,UNDER,4.5,-245,0.7101449275362319,0.7207900718272493,0.7811125561430147,0.010645144291017372,0.014990101144493895,bovada,Bovada,2026-05-13T00:10:00Z,San Antonio Spurs,Minnesota Timberwolves,,,False
2026-05-12,2026-05-11T13:38:48.772667+00:00,4396971,Naz Reid,MIN,reb,UNDER,6.5,-109,0.5215311004784688,0.5288101795934844,0.5700582945785727,0.007279079115015574,0.013957133348974748,williamhill_us,Caesars,2026-05-13T00:10:00Z,San Antonio Spurs,Minnesota Timberwolves,,,False
2026-05-12,2026-05-11T13:38:48.772667+00:00,4397002,Ayo Dosunmu,MIN,reb,UNDER,3.5,-117,0.5391705069124424,0.5466833910748481,0.58925640132848,0.0075128841624056975,0.013934152677282319,williamhill_us,Caesars,2026-05-13T00:10:00Z,San Antonio Spurs,Minnesota Timberwolves,,,False
2026-05-12,2026-05-11T13:38:48.772667+00:00,4397002,Ayo Dosunmu,MIN,reb,UNDER,3.5,-118,0.5412844036697247,0.5484802033185381,0.58925640132848,0.007195799648813339,0.013293934944417773,draftkings,DraftKings,2026-05-13T00:10:00Z,San Antonio Spurs,Minnesota Timberwolves,,,False
2026-05-12,2026-05-11T13:38:48.772667+00:00,4396971,Naz Reid,MIN,reb,UNDER,6.5,-110,0.5238095238095238,0.5307468394248812,0.5700582945785727,0.006937315615357376,0.013243966174773192,draftkings,DraftKings,2026-05-13T00:10:00Z,San Antonio Spurs,Minnesota Timberwolves,,,False
2026-05-12,2026-05-11T13:38:48.772667+00:00,4396971,Naz Reid,MIN,reb,UNDER,6.5,-110,0.5238095238095238,0.5307468394248812,0.5700582945785727,0.006937315615357376,0.013243966174773192,bovada,Bovada,2026-05-13T00:10:00Z,San Antonio Spurs,Minnesota Timberwolves,,,False
2026-05-12,2026-05-11T13:38:48.772667+00:00,4397002,Ayo Dosunmu,MIN,reb,UNDER,3.5,-120,0.5454545454545454,0.5520248238356356,0.58925640132848,0.006570278381090144,0.012045510365331857,betmgm,BetMGM,2026-05-13T00:10:00Z,San Antonio Spurs,Minnesota Timberwolves,,,False
2026-05-12,2026-05-11T13:38:48.772667+00:00,4397002,Ayo Dosunmu,MIN,reb,UNDER,3.5,-120,0.5454545454545454,0.5520248238356356,0.58925640132848,0.006570278381090144,0.012045510365331857,bovada,Bovada,2026-05-13T00:10:00Z,San Antonio Spurs,Minnesota Timberwolves,,,False
2026-05-12,2026-05-11T13:38:48.772667+00:00,4431671,Jaden McDaniels,MIN,reb,OVER,4.5,-140,0.5833333333333334,0.5899910989651492,0.627718437545439,0.0066577656318158596,0.011413312511684426,betmgm,BetMGM,2026-05-13T00:10:00Z,San Antonio Spurs,Minnesota Timberwolves,,,False
2026-05-12,2026-05-11T13:38:48.772667+00:00,3064514,Julius Randle,MIN,reb,UNDER,7.5,-220,0.6875,0.6950613647137458,0.7379090980916385,0.0075613647137457995,0.01099834867453936,bovada,Bovada,2026-05-13T00:10:00Z,San Antonio Spurs,Minnesota Timberwolves,,,False
2026-05-12,2026-05-11T13:38:48.772667+00:00,4396971,Naz Reid,MIN,reb,UNDER,5.5,165,0.37735849056603776,0.3811936444297135,0.4029261829905426,0.003835153863675722,0.010163157738740658,bovada,Bovada,2026-05-13T00:10:00Z,San Antonio Spurs,Minnesota Timberwolves,,,False
2026-05-12,2026-05-11T13:38:48.772667+00:00,4396971,Naz Reid,MIN,reb,UNDER,6.5,-115,0.5348837209302325,0.5401599069774835,0.5700582945785727,0.005276186047250997,0.009864173914425678,betmgm,BetMGM,2026-05-13T00:10:00Z,San Antonio Spurs,Minnesota Timberwolves,,,False
2026-05-12,2026-05-11T13:38:48.772667+00:00,3064514,Julius Randle,MIN,reb,UNDER,6.5,-125,0.5555555555555556,0.5603820557841434,0.5877322237461404,0.004826500228587771,0.008687700411458055,draftkings,DraftKings,2026-05-13T00:10:00Z,San Antonio Spurs,Minnesota Timberwolves,,,False
2026-05-12,2026-05-11T13:38:48.772667+00:00,3064514,Julius Randle,MIN,reb,UNDER,6.5,-125,0.5555555555555556,0.5603820557841434,0.5877322237461404,0.004826500228587771,0.008687700411458055,bovada,Bovada,2026-05-13T00:10:00Z,San Antonio Spurs,Minnesota Timberwolves,,,False
2026-05-12,2026-05-11T13:38:48.772667+00:00,4431671,Jaden McDaniels,MIN,reb,OVER,4.5,-146,0.5934959349593496,0.598629310347263,0.627718437545439,0.005133375387913364,0.008649385927580022,fanduel,FanDuel,2026-05-13T00:10:00Z,San Antonio Spurs,Minnesota Timberwolves,,,False
2026-05-12,2026-05-11T13:38:48.772667+00:00,4431671,Jaden McDaniels,MIN,reb,OVER,4.5,-148,0.5967741935483871,0.6014158301479449,0.627718437545439,0.004641636599557741,0.00777787754520487,williamhill_us,Caesars,2026-05-13T00:10:00Z,San Antonio Spurs,Minnesota Timberwolves,,,False
2026-05-12,2026-05-11T13:38:48.772667+00:00,4431671,Jaden McDaniels,MIN,reb,OVER,4.5,-149,0.5983935742971888,0.6027923037844263,0.627718437545439,0.004398729487237518,0.00735089692833657,draftkings,DraftKings,2026-05-13T00:10:00Z,San Antonio Spurs,Minnesota Timberwolves,,,False
2026-05-12,2026-05-11T13:38:48.772667+00:00,4431671,Jaden McDaniels,MIN,reb,OVER,4.5,-150,0.6,0.6041577656318158,0.627718437545439,0.004157765631815802,0.006929609386359614,bovada,Bovada,2026-05-13T00:10:00Z,San Antonio Spurs,Minnesota Timberwolves,,,False
2026-05-12,2026-05-11T13:38:48.772667+00:00,3064514,Julius Randle,MIN,reb,UNDER,6.5,-130,0.5652173913043478,0.5685946161706167,0.5877322237461404,0.003377224866268902,0.005975090148014173,williamhill_us,Caesars,2026-05-13T00:10:00Z,San Antonio Spurs,Minnesota Timberwolves,,,False
2026-05-12,2026-05-11T13:38:48.772667+00:00,3064514,Julius Randle,MIN,reb,UNDER,5.5,145,0.40816326530612246,0.4104323963870796,0.4232908058458369,0.002269131080957165,0.005559371148345038,bovada,Bovada,2026-05-13T00:10:00Z,San Antonio Spurs,Minnesota Timberwolves,,,False
2026-05-12,2026-05-11T13:38:48.772667+00:00,4431671,Jaden McDaniels,MIN,reb,OVER,5.5,125,0.4444444444444444,0.44689745868134384,0.4607978726904407,0.00245301423689942,0.005519282033023654,bovada,Bovada,2026-05-13T00:10:00Z,San Antonio Spurs,Minnesota Timberwolves,,,False
2026-05-12,2026-05-11T13:38:48.772667+00:00,3064514,Julius Randle,MIN,reb,UNDER,6.5,-135,0.574468085106383,0.5764577059023467,0.5877322237461404,0.0019896207959636536,0.0034634139781590245,betmgm,BetMGM,2026-05-13T00:10:00Z,San Antonio Spurs,Minnesota Timberwolves,,,False
2026-05-12,2026-05-11T13:38:48.772667+00:00,3064514,Julius Randle,MIN,reb,UNDER,6.5,-136,0.576271186440678,0.5779903420364974,0.5877322237461404,0.001719155595819366,0.0029832405927454064,fanduel,FanDuel,2026-05-13T00:10:00Z,San Antonio Spurs,Minnesota Timberwolves,,,False
2026-05-12,2026-05-11T13:38:48.772667+00:00,4594268,Anthony Edwards,MIN,stl,UNDER,1.5,-245,0.7101449275362319,0.9893773624526543,0.9893773624526543,0.27923243491642236,0.3932048573312887,fanduel,FanDuel,2026-05-13T00:10:00Z,San Antonio Spurs,Minnesota Timberwolves,,,False
2026-05-12,2026-05-11T13:38:48.772667+00:00,5104157,Victor Wembanyama,SAS,stl,UNDER,1.5,-209,0.6763754045307443,0.8683423422337638,0.8683423422337638,0.19196693770301954,0.28381714713030154,draftkings,DraftKings,2026-05-13T00:10:00Z,San Antonio Spurs,Minnesota Timberwolves,,,False
2026-05-12,2026-05-11T13:38:48.772667+00:00,4066259,De'Aaron Fox,SAS,stl,UNDER,1.5,-160,0.6153846153846154,0.7868501476804066,0.7868501476804066,0.1714655322957912,0.2786314899806608,draftkings,DraftKings,2026-05-13T00:10:00Z,San Antonio Spurs,Minnesota Timberwolves,,,False
2026-05-12,2026-05-11T13:38:48.772667+00:00,4845367,Stephon Castle,SAS,stl,UNDER,1.5,-200,0.6666666666666666,0.8511109248206862,0.8511109248206862,0.18444425815401955,0.27666638723102926,fanduel,FanDuel,2026-05-13T00:10:00Z,San Antonio Spurs,Minnesota Timberwolves,,,False
2026-05-12,2026-05-11T13:38:48.772667+00:00,5104157,Victor Wembanyama,SAS,stl,UNDER,1.5,-220,0.6875,0.8683423422337638,0.8683423422337638,0.18084234223376383,0.2630434068854747,fanduel,FanDuel,2026-05-13T00:10:00Z,San Antonio Spurs,Minnesota Timberwolves,,,False
2026-05-12,2026-05-11T13:38:48.772667+00:00,4066259,De'Aaron Fox,SAS,stl,UNDER,1.5,-168,0.6268656716417911,0.7868501476804066,0.7868501476804066,0.15998447603861554,0.2552133308235058,fanduel,FanDuel,2026-05-13T00:10:00Z,San Antonio Spurs,Minnesota Timberwolves,,,False
2026-05-12,2026-05-11T13:38:48.772667+00:00,4594268,Anthony Edwards,MIN,threes,UNDER,2.5,155,0.39215686274509803,0.749032146161877,0.749032146161877,0.35687528341677893,0.9100319727127864,bovada,Bovada,2026-05-13T00:10:00Z,San Antonio Spurs,Minnesota Timberwolves,,,False
2026-05-12,2026-05-11T13:38:48.772667+00:00,4594268,Anthony Edwards,MIN,threes,UNDER,2.5,138,0.42016806722689076,0.749032146161877,0.749032146161877,0.3288640789349862,0.782696507865267,fanduel,FanDuel,2026-05-13T00:10:00Z,San Antonio Spurs,Minnesota Timberwolves,,,False
2026-05-12,2026-05-11T13:38:48.772667+00:00,4845367,Stephon Castle,SAS,threes,OVER,1.5,140,0.4166666666666667,0.695136999829018,0.695136999829018,0.2784703331623513,0.6683287995896431,draftkings,DraftKings,2026-05-13T00:10:00Z,San Antonio Spurs,Minnesota Timberwolves,,,False
2026-05-12,2026-05-11T13:38:48.772667+00:00,4845367,Stephon Castle,SAS,threes,OVER,1.5,140,0.4166666666666667,0.695136999829018,0.695136999829018,0.2784703331623513,0.6683287995896431,betmgm,BetMGM,2026-05-13T00:10:00Z,San Antonio Spurs,Minnesota Timberwolves,,,False
2026-05-12,2026-05-11T13:38:48.772667+00:00,4845367,Stephon Castle,SAS,threes,OVER,1.5,140,0.4166666666666667,0.695136999829018,0.695136999829018,0.2784703331623513,0.6683287995896431,bovada,Bovada,2026-05-13T00:10:00Z,San Antonio Spurs,Minnesota Timberwolves,,,False
2026-05-12,2026-05-11T13:38:48.772667+00:00,4845367,Stephon Castle,SAS,threes,OVER,1.5,137,0.4219409282700422,0.695136999829018,0.695136999829018,0.2731960715589758,0.6474746895947727,williamhill_us,Caesars,2026-05-13T00:10:00Z,San Antonio Spurs,Minnesota Timberwolves,,,False
2026-05-12,2026-05-11T13:38:48.772667+00:00,4594268,Anthony Edwards,MIN,threes,UNDER,3.5,-157,0.6108949416342413,0.9272826674223145,0.9272826674223145,0.31638772578807317,0.5179085702390752,draftkings,DraftKings,2026-05-13T00:10:00Z,San Antonio Spurs,Minnesota Timberwolves,,,False
2026-05-12,2026-05-11T13:38:48.772667+00:00,4594268,Anthony Edwards,MIN,threes,UNDER,3.5,-160,0.6153846153846154,0.9272826674223145,0.9272826674223145,0.31189805203769905,0.506834334561261,bovada,Bovada,2026-05-13T00:10:00Z,San Antonio Spurs,Minnesota Timberwolves,,,False
2026-05-12,2026-05-11T13:38:48.772667+00:00,5104157,Victor Wembanyama,SAS,threes,UNDER,1.5,175,0.36363636363636365,0.5464234212088503,0.5464234212088503,0.1827870575724867,0.5026644083243385,bovada,Bovada,2026-05-13T00:10:00Z,San Antonio Spurs,Minnesota Timberwolves,,,False
2026-05-12,2026-05-11T13:38:48.772667+00:00,4594268,Anthony Edwards,MIN,threes,UNDER,3.5,-164,0.6212121212121212,0.9272826674223145,0.9272826674223145,0.30607054621019325,0.49269892804567694,williamhill_us,Caesars,2026-05-13T00:10:00Z,San Antonio Spurs,Minnesota Timberwolves,,,False
2026-05-12,2026-05-11T13:38:48.772667+00:00,4594268,Anthony Edwards,MIN,threes,UNDER,3.5,-175,0.6363636363636364,0.9272826674223145,0.9272826674223145,0.2909190310586781,0.4571584773779227,betmgm,BetMGM,2026-05-13T00:10:00Z,San Antonio Spurs,Minnesota Timberwolves,,,False
2026-05-12,2026-05-11T13:38:48.772667+00:00,4431671,Jaden McDaniels,MIN,threes,UNDER,1.5,-165,0.6226415094339622,0.8612782091227984,0.8612782091227984,0.23863669968883616,0.38326500253055507,draftkings,DraftKings,2026-05-13T00:10:00Z,San Antonio Spurs,Minnesota Timberwolves,,,False
2026-05-12,2026-05-11T13:38:48.772667+00:00,4431671,Jaden McDaniels,MIN,threes,UNDER,1.5,-165,0.6226415094339622,0.8612782091227984,0.8612782091227984,0.23863669968883616,0.38326500253055507,betmgm,BetMGM,2026-05-13T00:10:00Z,San Antonio Spurs,Minnesota Timberwolves,,,False
2026-05-12,2026-05-11T13:38:48.772667+00:00,4431671,Jaden McDaniels,MIN,threes,UNDER,1.5,-165,0.6226415094339622,0.8612782091227984,0.8612782091227984,0.23863669968883616,0.38326500253055507,bovada,Bovada,2026-05-13T00:10:00Z,San Antonio Spurs,Minnesota Timberwolves,,,False
2026-05-12,2026-05-11T13:38:48.772667+00:00,4431671,Jaden McDaniels,MIN,threes,UNDER,1.5,-170,0.6296296296296297,0.8612782091227984,0.8612782091227984,0.23164857949316875,0.3679124497832681,williamhill_us,Caesars,2026-05-13T00:10:00Z,San Antonio Spurs,Minnesota Timberwolves,,,False
2026-05-12,2026-05-11T13:38:48.772667+00:00,5104157,Victor Wembanyama,SAS,threes,UNDER,2.5,-160,0.6153846153846154,0.83817961963924,0.83817961963924,0.22279500425462462,0.3620418819137651,fanduel,FanDuel,2026-05-13T00:10:00Z,San Antonio Spurs,Minnesota Timberwolves,,,False
2026-05-12,2026-05-11T13:38:48.772667+00:00,4431671,Jaden McDaniels,MIN,threes,UNDER,1.5,-182,0.6453900709219859,0.8612782091227984,0.8612782091227984,0.21588813820081254,0.33450799435510525,fanduel,FanDuel,2026-05-13T00:10:00Z,San Antonio Spurs,Minnesota Timberwolves,,,False
2026-05-12,2026-05-11T13:38:48.772667+00:00,5104157,Victor Wembanyama,SAS,threes,UNDER,2.5,-170,0.6296296296296297,0.83817961963924,0.83817961963924,0.2085499900096104,0.331226454721146,draftkings,DraftKings,2026-05-13T00:10:00Z,San Antonio Spurs,Minnesota Timberwolves,,,False
2026-05-12,2026-05-11T13:38:48.772667+00:00,5104157,Victor Wembanyama,SAS,threes,UNDER,2.5,-170,0.6296296296296297,0.83817961963924,0.83817961963924,0.2085499900096104,0.331226454721146,bovada,Bovada,2026-05-13T00:10:00Z,San Antonio Spurs,Minnesota Timberwolves,,,False
2026-05-12,2026-05-11T13:38:48.772667+00:00,5037871,Dylan Harper,SAS,threes,OVER,0.5,-150,0.6,0.7974319105569634,0.7974319105569634,0.1974319105569634,0.32905318426160557,betmgm,BetMGM,2026-05-13T00:10:00Z,San Antonio Spurs,Minnesota Timberwolves,,,False
2026-05-12,2026-05-11T13:38:48.772667+00:00,5104157,Victor Wembanyama,SAS,threes,UNDER,2.5,-176,0.6376811594202898,0.83817961963924,0.83817961963924,0.20049846021895024,0.3144180398888083,williamhill_us,Caesars,2026-05-13T00:10:00Z,San Antonio Spurs,Minnesota Timberwolves,,,False
2026-05-12,2026-05-11T13:38:48.772667+00:00,4592479,Julian Champagnie,SAS,threes,OVER,1.5,-150,0.6,0.756040480140797,0.756040480140797,0.15604048014079708,0.2600674669013284,fanatics,Fanatics,2026-05-13T00:10:00Z,San Antonio Spurs,Minnesota Timberwolves,,,False
2026-05-12,2026-05-11T13:38:48.772667+00:00,5104157,Victor Wembanyama,SAS,threes,UNDER,2.5,-200,0.6666666666666666,0.83817961963924,0.83817961963924,0.1715129529725734,0.25726942945886005,betmgm,BetMGM,2026-05-13T00:10:00Z,San Antonio Spurs,Minnesota Timberwolves,,,False
2026-05-12,2026-05-11T13:38:48.772667+00:00,4592479,Julian Champagnie,SAS,threes,OVER,1.5,-160,0.6153846153846154,0.756040480140797,0.756040480140797,0.14065586475618164,0.2285657802287952,betmgm,BetMGM,2026-05-13T00:10:00Z,San Antonio Spurs,Minnesota Timberwolves,,,False
2026-05-12,2026-05-11T13:38:48.772667+00:00,4396971,Naz Reid,MIN,threes,UNDER,1.5,120,0.45454545454545453,0.5367573342653308,0.5367573342653308,0.08221187971987626,0.18086613538372776,bovada,Bovada,2026-05-13T00:10:00Z,San Antonio Spurs,Minnesota Timberwolves,,,False
2026-05-12,2026-05-11T13:38:48.772667+00:00,4396971,Naz Reid,MIN,threes,UNDER,1.5,118,0.45871559633027525,0.5367573342653308,0.5367573342653308,0.07804173793505553,0.17013098869842114,draftkings,DraftKings,2026-05-13T00:10:00Z,San Antonio Spurs,Minnesota Timberwolves,,,False
2026-05-12,2026-05-11T13:38:48.772667+00:00,4396971,Naz Reid,MIN,threes,UNDER,2.5,-260,0.7222222222222222,0.8201890765545792,0.8201890765545792,0.09796685433235697,0.1356464136909558,bovada,Bovada,2026-05-13T00:10:00Z,San Antonio Spurs,Minnesota Timberwolves,,,False
2026-05-12,2026-05-11T13:38:48.772667+00:00,4395630,Devin Vassell,SAS,threes,UNDER,2.5,-175,0.6363636363636364,0.7213798290802715,0.7213798290802715,0.08501619271663519,0.13359687426899813,betmgm,BetMGM,2026-05-13T00:10:00Z,San Antonio Spurs,Minnesota Timberwolves,,,False
2026-05-12,2026-05-11T13:38:48.772667+00:00,4066259,De'Aaron Fox,SAS,threes,OVER,1.5,-108,0.5192307692307693,0.5832645113654926,0.5832645113654926,0.06403374213472335,0.12332424411131915,fanduel,FanDuel,2026-05-13T00:10:00Z,San Antonio Spurs,Minnesota Timberwolves,,,False
2026-05-12,2026-05-11T13:38:48.772667+00:00,4066259,De'Aaron Fox,SAS,threes,OVER,1.5,-109,0.5215311004784688,0.5832645113654926,0.5832645113654926,0.061733410887023776,0.11836956766410978,draftkings,DraftKings,2026-05-13T00:10:00Z,San Antonio Spurs,Minnesota Timberwolves,,,False
2026-05-12,2026-05-11T13:38:48.772667+00:00,4066259,De'Aaron Fox,SAS,threes,OVER,1.5,-109,0.5215311004784688,0.5832645113654926,0.5832645113654926,0.061733410887023776,0.11836956766410978,williamhill_us,Caesars,2026-05-13T00:10:00Z,San Antonio Spurs,Minnesota Timberwolves,,,False
2026-05-12,2026-05-11T13:38:48.772667+00:00,4396971,Naz Reid,MIN,threes,UNDER,1.5,108,0.4807692307692308,0.5367573342653308,0.5367573342653308,0.055988103496100006,0.11645525527188805,williamhill_us,Caesars,2026-05-13T00:10:00Z,San Antonio Spurs,Minnesota Timberwolves,,,False
2026-05-12,2026-05-11T13:38:48.772667+00:00,4066259,De'Aaron Fox,SAS,threes,OVER,1.5,-110,0.5238095238095238,0.5832645113654926,0.5832645113654926,0.059454987555968786,0.11350497624321321,bovada,Bovada,2026-05-13T00:10:00Z,San Antonio Spurs,Minnesota Timberwolves,,,False
2026-05-12,2026-05-11T13:38:48.772667+00:00,4396971,Naz Reid,MIN,threes,UNDER,1.5,106,0.4854368932038835,0.5367573342653308,0.5367573342653308,0.051320441061447286,0.10572010858658143,fanduel,FanDuel,2026-05-13T00:10:00Z,San Antonio Spurs,Minnesota Timberwolves,,,False
2026-05-12,2026-05-11T13:38:48.772667+00:00,4066259,De'Aaron Fox,SAS,threes,OVER,1.5,-115,0.5348837209302325,0.5832645113654926,0.5832645113654926,0.04838079043526011,0.09045104298766016,betmgm,BetMGM,2026-05-13T00:10:00Z,San Antonio Spurs,Minnesota Timberwolves,,,False
2026-05-12,2026-05-11T13:38:48.772667+00:00,4395630,Devin Vassell,SAS,threes,UNDER,1.5,152,0.3968253968253968,0.42806302630489657,0.42806302630489657,0.031237629479499762,0.07871882628833937,fanduel,FanDuel,2026-05-13T00:10:00Z,San Antonio Spurs,Minnesota Timberwolves,,,False
2026-05-12,2026-05-11T13:38:48.772667+00:00,4396971,Naz Reid,MIN,threes,UNDER,1.5,-105,0.5121951219512195,0.5367573342653308,0.5367573342653308,0.024562212314111265,0.04795479547040771,betmgm,BetMGM,2026-05-13T00:10:00Z,San Antonio Spurs,Minnesota Timberwolves,,,False
2026-05-12,2026-05-11T13:38:48.772667+00:00,4395630,Devin Vassell,SAS,threes,UNDER,2.5,-230,0.696969696969697,0.7213798290802715,0.7213798290802715,0.024410132110574523,0.035023233028215695,bovada,Bovada,2026-05-13T00:10:00Z,San Antonio Spurs,Minnesota Timberwolves,,,False
2026-05-12,2026-05-11T13:38:48.772667+00:00,4395630,Devin Vassell,SAS,threes,UNDER,1.5,140,0.4166666666666667,0.42806302630489657,0.42806302630489657,0.01139635963822988,0.027351263131751735,williamhill_us,Caesars,2026-05-13T00:10:00Z,San Antonio Spurs,Minnesota Timberwolves,,,False
2026-05-12,2026-05-11T13:38:48.772667+00:00,4395630,Devin Vassell,SAS,threes,UNDER,1.5,135,0.425531914893617,0.42806302630489657,0.42806302630489657,0.0025311114112795408,0.005948111816507007,bovada,Bovada,2026-05-13T00:10:00Z,San Antonio Spurs,Minnesota Timberwolves,,,False
2026-05-12,2026-05-11T13:38:48.772667+00:00,4395630,Devin Vassell,SAS,threes,UNDER,1.5,134,0.42735042735042733,0.42806302630489657,0.42806302630489657,0.0007125989544692346,0.0016674815534579723,draftkings,DraftKings,2026-05-13T00:10:00Z,San Antonio Spurs,Minnesota Timberwolves,,,False
