player_id,player_name,team,asof_date,is_home,days_rest,games_last7,games_last14,season_game_number,lag1_pts,lag1_reb,lag1_ast,lag1_threes,lag1_fg3a,lag1_stl,lag1_blk,lag1_tov,lag1_fgm,lag1_fga,lag1_fg_pct,lag1_ftm,lag1_fta,lag1_ft_pct,lag1_oreb,lag1_dreb,lag1_pf,lag1_plus_minus,lag1_min,lag1_pts_per_min,lag1_reb_per_min,lag1_ast_per_min,lag1_fg3m_per_min,lag1_fg3a_per_min,lag1_fga_per_min,lag1_fta_per_min,lag1_tov_per_min,lag1_usage_per_min,b2b,roll3_min,roll3_min_std,roll3_pts,roll3_reb,roll3_ast,roll3_threes,roll3_fg3a,roll3_stl,roll3_blk,roll3_tov,roll3_fgm,roll3_fga,roll3_fg_pct,roll3_ftm,roll3_fta,roll3_ft_pct,roll3_oreb,roll3_dreb,roll3_pf,roll3_plus_minus,roll3_pts_per_min,roll3_pts_per_min_std,roll3_reb_per_min,roll3_reb_per_min_std,roll3_ast_per_min,roll3_ast_per_min_std,roll3_fg3m_per_min,roll3_fg3m_per_min_std,roll3_fg3a_per_min,roll3_fg3a_per_min_std,roll3_fga_per_min,roll3_fga_per_min_std,roll3_fta_per_min,roll3_fta_per_min_std,roll3_tov_per_min,roll3_tov_per_min_std,roll3_usage_per_min,roll3_usage_per_min_std,roll5_min,roll5_min_std,roll5_pts,roll5_reb,roll5_ast,roll5_threes,roll5_fg3a,roll5_stl,roll5_blk,roll5_tov,roll5_fgm,roll5_fga,roll5_fg_pct,roll5_ftm,roll5_fta,roll5_ft_pct,roll5_oreb,roll5_dreb,roll5_pf,roll5_plus_minus,roll5_pts_per_min,roll5_pts_per_min_std,roll5_reb_per_min,roll5_reb_per_min_std,roll5_ast_per_min,roll5_ast_per_min_std,roll5_fg3m_per_min,roll5_fg3m_per_min_std,roll5_fg3a_per_min,roll5_fg3a_per_min_std,roll5_fga_per_min,roll5_fga_per_min_std,roll5_fta_per_min,roll5_fta_per_min_std,roll5_tov_per_min,roll5_tov_per_min_std,roll5_usage_per_min,roll5_usage_per_min_std,roll10_min,roll10_min_std,roll10_pts,roll10_reb,roll10_ast,roll10_threes,roll10_fg3a,roll10_stl,roll10_blk,roll10_tov,roll10_fgm,roll10_fga,roll10_fg_pct,roll10_ftm,roll10_fta,roll10_ft_pct,roll10_oreb,roll10_dreb,roll10_pf,roll10_plus_minus,roll10_pts_per_min,roll10_pts_per_min_std,roll10_reb_per_min,roll10_reb_per_min_std,roll10_ast_per_min,roll10_ast_per_min_std,roll10_fg3m_per_min,roll10_fg3m_per_min_std,roll10_fg3a_per_min,roll10_fg3a_per_min_std,roll10_fga_per_min,roll10_fga_per_min_std,roll10_fta_per_min,roll10_fta_per_min_std,roll10_tov_per_min,roll10_tov_per_min_std,roll10_usage_per_min,roll10_usage_per_min_std,injury_status,team_on_slate,playing_today,opponent,home,pred_min,pred_pts,pred_reb,pred_ast,pred_threes,pred_stl,pred_blk,pred_tov,pred_pra,pred_pr,pred_pa,pred_ra,pred_stocks,mean_pts,mean_reb,mean_ast,mean_threes,mean_pra,mean_stl,mean_blk,mean_tov,sd_pts,sd_reb,sd_ast,sd_threes,sd_pra,sd_stl,sd_blk,sd_tov
3195,Mike Conley,MIN,2026-05-06,0.0,2.0,2.0,5.0,14.0,12,2,6,4,7,0,0,0,4,8,,0,0,,0,2,1,13,24.0,0.5,0.0833333333333333,0.25,0.1666666666666666,0.2916666666666667,0.3333333333333333,0.0,0.0,0.3333333333333333,0.0,22.33333333333333,4.725815626252616,7.666666666666667,3.0,4.333333333333333,1.6666666666666667,3.6666666666666665,0.3333333333333333,0.0,0.6666666666666666,3.0,6.333333333333333,,0.0,0.0,,0.3333333333333333,2.6666666666666665,2.0,1.6666666666666667,0.334841628959276,0.1440343352253122,0.1243086978381096,0.0930084212641639,0.2002262443438914,0.0738420086894462,0.0683760683760683,0.0872674267378723,0.1485042735042735,0.1459066923595397,0.2792860734037204,0.0497870847670642,0.0,0.0,0.0324283559577677,0.0298722508602388,0.3117144293614882,0.0199148339068248,17.8,9.984988733093292,5.6,2.0,3.4,1.2,2.8,0.6,0.0,0.6,2.2,4.8,,0.0,0.0,,0.2,1.8,2.0,2.4,0.2485240249946132,0.1772829068931294,0.0841090282266752,0.0873999720776421,0.1582309847015729,0.1028018577251142,0.0505494505494505,0.0684624105997126,0.3081501831501831,0.4009444167851768,0.4056668821374704,0.3363081633092079,0.0,0.0,0.0289808230984701,0.0274209350319521,0.4346477052359406,0.3179571754595383,14.9,10.093452222989802,4.8,1.4,2.8,1.2,2.2,0.8,0.0,0.6,1.8,3.4,,0.0,0.0,,0.3,1.1,1.7,4.5,0.2523666420725244,0.1663833881684921,0.0720398882163588,0.0691825690478177,0.1980552127610951,0.1349393831370474,0.0626549376549376,0.0603672387313185,0.2163484663484663,0.3075546882687121,0.2811064208123032,0.289304242239753,0.0,0.0,0.0319734731499437,0.0479772180926854,0.3130798939622469,0.2903385851480436,,,,SAS,False,17.8815,6.0060375,2.0067875,3.7464125,1.4261374999999998,0.6877499999999999,0.0,0.5158124999999999,11.7592375,8.012825,9.75245,5.7532,0.6877499999999999,7.05,1.968,2.236,1.09,11.254,0.508,0.028,0.37,4.191360161093294,1.398204563002138,1.5007678034925989,1.0362914647916386,4.795986238512367,0.6884300981218063,0.25,0.6042350536008316
2968436,Joe Ingles,MIN,2026-05-06,0.0,2.0,2.0,5.0,14.0,0,0,0,0,0,0,0,0,0,0,,0,0,,0,0,0,0,0.0,,,,,,,,,,0.0,1.0,1.7320508075688772,0.0,0.0,0.0,0.0,0.0,0.0,0.0,0.0,0.0,0.0,,0.0,0.0,,0.0,0.0,0.0,2.0,0.0,,0.0,,0.0,,0.0,,0.0,,0.0,,0.0,,0.0,,0.0,,0.8,1.3038404810405406,0.0,0.0,0.0,0.0,0.0,0.0,0.0,0.0,0.0,0.0,,0.0,0.0,,0.0,0.0,0.0,1.2,0.0,0.0,0.0,0.0,0.0,0.0,0.0,0.0,0.0,0.0,0.0,0.0,0.0,0.0,0.0,0.0,0.0,0.0,5.4,10.885260166339108,2.2,1.0,1.4,0.4,0.8,0.2,0.1,0.5,0.9,1.4,,0.0,0.0,,0.0,1.0,0.3,-0.2,0.2144097222222222,0.2497165155849012,0.1024305555555555,0.1191230333222808,0.1336805555555555,0.1586999289170338,0.0373263888888888,0.045834648550153,0.0746527777777777,0.0916692971003061,0.1336805555555555,0.1586999289170338,0.0,0.0,0.0512152777777777,0.0595615166611404,0.1848958333333333,0.2155646050684882,,,,SAS,False,5.9,0.44,0.2,0.2799999999999999,0.08,0.1298,0.1062,0.354,0.9200000000000002,0.6400000000000001,0.72,0.48,0.236,0.558,0.232,0.284,0.088,1.074,0.09,0.054,0.152,1.130767880689932,0.4839173483147716,0.5131705369562831,0.2832948993540123,1.3177723627394833,0.2930870177950569,0.25,0.4060738849027354
2993874,Kyle Anderson,MIN,2026-05-06,0.0,2.0,1.0,4.0,13.0,0,0,0,0,0,0,0,0,0,0,,0,0,,0,0,0,0,0.0,,,,,,,,,,0.0,6.0,7.937253933193772,1.3333333333333333,1.0,2.0,0.0,0.0,0.0,0.0,1.3333333333333333,0.6666666666666666,1.6666666666666667,,0.0,0.0,,0.3333333333333333,0.6666666666666666,0.3333333333333333,2.6666666666666665,0.1333333333333333,0.1885618083164126,0.1,0.1414213562373095,0.2,0.282842712474619,0.0,0.0,0.0,0.0,0.3,0.0471404520791031,0.0,0.0,0.1333333333333333,0.1885618083164126,0.4333333333333332,0.1414213562373094,5.6,5.639148871948676,0.8,0.8,1.6,0.0,0.0,0.2,0.0,0.8,0.4,1.4,,0.0,0.0,,0.2,0.6,0.6,2.8,0.0666666666666666,0.1333333333333333,0.1,0.1154700538379251,0.2,0.2309401076758502,0.0,0.0,0.0,0.0,0.25,0.0638284738504225,0.0,0.0,0.0666666666666666,0.1333333333333333,0.3166666666666666,0.1575271875417536,12.5,10.437645541234115,3.7,2.1,2.6,0.0,0.1,0.8,0.3,0.6,1.6,3.2,,0.5,0.7,,0.7,1.4,1.1,-0.7,0.1786442859972271,0.1983825559240968,0.1244231530996236,0.1103481218979842,0.1758367993662111,0.1645825241875761,0.0,0.0,0.0046296296296296,0.0138888888888888,0.2289933650227767,0.1088076700253112,0.026094276094276,0.0545127099619265,0.0501322751322751,0.0939655391606978,0.2906071216365333,0.1284658615575956,,,,SAS,False,7.65,1.0925714285714283,0.9245714285714286,1.721142857142857,0.0,0.4371428571428572,0.0,1.0928571428571427,3.738285714285714,2.017142857142857,2.8137142857142856,2.645714285714286,0.4371428571428572,0.824,1.004,1.142,0.032,2.97,0.24,0.006,0.5,1.3715042836243714,1.0019900199103782,1.077884966033018,0.25,2.0864083972223653,0.4963869458396343,0.25,0.705691150575094
3032976,Rudy Gobert,MIN,2026-05-06,0.0,2.0,2.0,5.0,12.0,7,10,3,0,0,4,1,1,3,7,,1,5,,3,7,1,2,30.0,0.2333333333333333,0.3333333333333333,0.1,0.0,0.0,0.2333333333333333,0.1666666666666666,0.0333333333333333,0.3399999999999999,0.0,33.666666666666664,7.234178138070234,6.666666666666667,10.0,4.333333333333333,0.0,0.0,2.333333333333333,1.0,0.6666666666666666,2.6666666666666665,5.0,,1.3333333333333333,3.333333333333333,,3.6666666666666665,6.333333333333333,2.6666666666666665,-4.0,0.1916256157635467,0.0764009253106002,0.2947454844006568,0.0477250956628361,0.1198139025725232,0.0631320360740832,0.0,0.0,0.0,0.0,0.1483853311439518,0.082323237248121,0.0987958401751505,0.0661637328780253,0.0226053639846743,0.0195852535159111,0.2144608648056923,0.1136385539020527,34.6,5.272570530585625,6.8,11.4,3.6,0.0,0.2,1.8,1.6,0.8,2.6,6.0,,1.6,3.0,,3.8,7.6,2.8,1.4,0.1927531472359058,0.079957217653692,0.3268472906403941,0.0627625215856927,0.0996661193212917,0.0533891590151831,0.0,0.0,0.0055555555555555,0.0124225998749988,0.1723645320197044,0.0675509970521426,0.0870552818828681,0.0697032031952496,0.0246743295019157,0.024199580701144,0.2353431855500821,0.0856517517971511,33.1,4.701063709417264,7.5,11.2,2.7,0.0,0.2,1.4,1.1,1.5,3.2,6.5,,1.1,2.6,,3.8,7.4,2.5,-1.2,0.2206491673279332,0.1257885603364895,0.3396088182839544,0.0919268531095533,0.077873497746456,0.0451774656150364,0.0,0.0,0.0062260536398467,0.013220472932799,0.1968899128699491,0.0704768667537536,0.0769736383801719,0.0548175616075908,0.0468836406585952,0.0326644844738161,0.27764195441582,0.092231685181517,,,,SAS,False,33.6145,7.24455690376569,10.53670209205021,3.1921451882845187,0.0,1.687757322175732,1.1251715481171547,1.265817991631799,20.973404184100417,17.7812589958159,10.436702092050208,13.728847280334728,2.812928870292887,7.386,6.756,2.596,0.564,16.738,0.988,0.576,0.952,4.071977897778916,2.7152281672080525,1.5260353862214335,0.7628263236150152,5.207432764808394,0.995919675475889,0.7349993197275763,1.04579921591097
3064514,Julius Randle,MIN,2026-05-06,0.0,2.0,2.0,5.0,12.0,21,10,2,2,6,1,0,5,8,20,,3,6,,5,5,5,-3,41.0,0.5121951219512195,0.2439024390243902,0.048780487804878,0.048780487804878,0.1463414634146341,0.4878048780487805,0.1463414634146341,0.1219512195121951,0.6741463414634147,0.0,36.66666666666666,4.509249752822896,22.0,7.666666666666667,4.333333333333333,2.0,5.0,1.0,0.0,4.666666666666667,7.333333333333333,17.333333333333332,,5.333333333333333,7.666666666666667,,3.333333333333333,4.333333333333333,4.0,-1.3333333333333333,0.6141438694792353,0.1992597923914993,0.2110868490441661,0.0911162767637513,0.123805207646671,0.0700503476692552,0.0551115139529773,0.0069206155648467,0.1354921995165897,0.0106752113046494,0.4720047791694133,0.0144502899393813,0.2174178751922654,0.1096924242873808,0.1287697758734344,0.0247846721154668,0.6964384201274445,0.071327827922187,35.0,3.937003937005906,19.2,7.6,3.8,1.2,3.8,0.6,0.2,3.8,6.8,16.6,,4.4,6.6,,2.6,5.0,3.6,3.4,0.5531454125966321,0.1638718267038549,0.219265745790136,0.0742452063366845,0.1110255488304268,0.0564857428952818,0.0330669083717864,0.0305799141750751,0.105727137891772,0.0465086431169422,0.4741119584107389,0.0192612379052275,0.1918143614789956,0.0874579300909007,0.1083224715846667,0.0470319303072862,0.6668327490461637,0.0764509188864601,33.9,3.784471194529326,20.2,7.1,3.8,1.3,4.0,0.5,0.1,3.1,7.1,15.7,,4.7,6.6,,2.1,5.0,3.2,0.4,0.6007161758046888,0.1423016751718969,0.2082752941181344,0.0711289137590458,0.1135248763789283,0.0472162367981058,0.0386309981584371,0.0342492835979081,0.1196825048172412,0.0604162976429378,0.4645268832891768,0.0409348897124465,0.195906359065289,0.0839349024776857,0.0901720594039634,0.0531203241713749,0.6408977406818674,0.0855839634213786,,,,SAS,False,35.617,20.213699173553717,7.920557024793387,3.860278512396694,1.3384528925619836,0.4415330578512396,0.1471776859504132,3.0907314049586776,31.9945347107438,28.134256198347103,24.073977685950407,11.780835537190082,0.5887107438016529,12.774,5.664,2.81,1.238,21.248,0.43,0.2,1.486,5.363107681186348,2.372151765802517,1.5433405327405874,1.105149763606725,6.164940875628898,0.690724257573165,0.4560701700396552,1.23685245684358
3934673,Donte DiVincenzo,MIN,2026-05-06,0.0,11.0,0.0,2.0,12.0,0,0,1,0,1,0,0,0,0,1,,0,0,,0,0,0,5,1.0,0.0,0.0,1.0,0.0,1.0,1.0,0.0,0.0,1.0,0.0,21.666666666666668,17.925772879665004,10.333333333333334,3.6666666666666665,4.666666666666667,2.333333333333333,5.333333333333333,1.6666666666666667,0.0,1.0,4.0,7.666666666666667,,0.0,0.6666666666666666,,0.0,3.6666666666666665,2.333333333333333,15.0,0.3235581622678397,0.2818963418325564,0.1156728576083414,0.11300509271027,0.4685565330726621,0.4603372202659246,0.0733137829912023,0.0662912290642657,0.4894102313457152,0.44226176822521,0.5614206581948518,0.3833379583252756,0.021505376344086,0.0372484044638468,0.0316063864450961,0.0322778062955266,0.6024894102313457,0.3448646001946516,20.8,15.106290080625357,9.2,3.2,3.8,2.4,5.6,1.4,0.0,0.8,3.4,7.4,,0.0,0.4,,0.0,3.2,2.2,9.2,0.3465542521994135,0.20184797013542,0.1202101661779081,0.0801605190810583,0.3690371456500488,0.369561105683879,0.0947947214076246,0.0553577321126581,0.4638074291300098,0.3448858376021127,0.5199169110459433,0.3011725733713533,0.0129032258064516,0.0288524900322553,0.0254154447702834,0.0268861633225319,0.5510097751710654,0.27543967770635,24.1,10.959014554237989,10.4,2.7,3.1,2.7,7.0,1.1,0.2,0.9,3.6,8.8,,0.5,1.1,,0.2,2.5,2.4,1.8,0.388126076432528,0.178887603638782,0.096956728950611,0.0828699605041854,0.2284015468526035,0.2885946123056891,0.1042194616860912,0.0484282192687167,0.3857454316992693,0.2446655112989452,0.4446451444365794,0.2171691117846118,0.0374860956618465,0.069616398227708,0.0315511168681357,0.0261420118145496,0.4926901433959276,0.1978746154200281,,,,SAS,False,20.5875,8.892890625,3.034078125,3.45875,2.2473906249999995,1.501171875,0.0,0.8578124999999999,15.38571875,11.92696875,12.351640625,6.492828125,1.501171875,9.976,2.738,2.036,1.584,14.75,0.772,0.032,0.582,4.892793067359379,1.6472267603460065,1.4236235457451525,1.2660742474278512,5.365398400864562,0.8763652206700127,0.25,0.7715413145127097
4396971,Naz Reid,MIN,2026-05-06,0.0,2.0,2.0,5.0,13.0,12,9,1,2,3,0,1,2,5,8,,0,0,,1,8,4,15,30.0,0.4,0.3,0.0333333333333333,0.0666666666666666,0.1,0.2666666666666666,0.0,0.0666666666666666,0.3333333333333333,0.0,29.33333333333333,5.033222956847167,13.0,8.0,2.0,1.6666666666666667,3.6666666666666665,0.3333333333333333,0.3333333333333333,2.333333333333333,5.666666666666667,10.666666666666666,,0.0,0.3333333333333333,,1.0,7.0,3.333333333333333,9.666666666666666,0.4470588235294117,0.0502588455606913,0.2797385620915033,0.0660971444188051,0.0642156862745098,0.0464601419548542,0.0598039215686274,0.0276080938045661,0.1321895424836601,0.066204303031175,0.3691176470588235,0.0965163589012932,0.0098039215686274,0.016980890270283,0.0834967320261437,0.0361561839784302,0.4569281045751634,0.1250236937687748,26.8,6.099180272790763,12.2,7.8,2.0,1.4,4.0,0.4,0.4,2.2,5.2,10.4,,0.4,0.6,,1.4,6.4,3.2,9.4,0.445219421101774,0.1217763897235937,0.2987955182072829,0.053694235029554,0.0750373482726423,0.038674133221613,0.0541363211951447,0.0221481623755321,0.1594724556489262,0.0618494048147095,0.3921055088702147,0.0797440736685701,0.0201680672268907,0.031358164969824,0.0866059757236227,0.0294720067622214,0.4875854341736694,0.1007037345082912,25.1,5.10881590977792,11.5,6.5,1.7,1.3,3.9,0.8,0.5,1.7,4.8,10.2,,0.6,1.0,,1.4,5.1,3.0,4.7,0.4500955493308434,0.1588173943615266,0.2575448179271709,0.0853964359388205,0.0694870837223778,0.0355032902640795,0.0533208839091191,0.0339571052566881,0.1602787114845938,0.0518096167857114,0.4081802054154996,0.0823397159183284,0.0373988484282601,0.0573035076312151,0.0715676937441643,0.0392703026222261,0.4962033924680984,0.0852316950033029,,,,SAS,False,26.905,11.89120786516854,7.7372415730337085,1.894983146067416,1.4362191011235956,0.4534550561797752,0.3023033707865168,1.96497191011236,21.523432584269663,19.62844943820225,13.786191011235957,9.632224719101124,0.755758426966292,10.03,5.21,1.626,1.136,16.866,0.448,0.252,1.098,4.970020120683618,2.3600635584661696,1.2969672316600755,1.0418752324534837,5.772005197502859,0.6627940856706553,0.5296187307865914,1.0451774968874905
4397002,Ayo Dosunmu,MIN,2026-05-06,0.0,6.0,1.0,4.0,13.0,0,0,0,0,0,0,0,0,0,0,,0,0,,0,0,0,0,0.0,,,,,,,,,,0.0,26.666666666666668,23.180451534284945,20.33333333333333,2.333333333333333,1.6666666666666667,2.6666666666666665,3.333333333333333,0.3333333333333333,0.3333333333333333,1.0,6.666666666666667,10.333333333333334,,4.333333333333333,4.333333333333333,,1.0,1.3333333333333333,2.333333333333333,-2.333333333333333,0.7487468671679198,0.3889973395249302,0.0870927318295739,0.0115192834027883,0.0645363408521303,0.0575964170139417,0.0989974937343358,0.0283551591453251,0.12531328320802,0.0088609872329142,0.3865914786967419,0.025696862975451,0.1560150375939849,0.1834224357213224,0.0382205513784461,0.0203802706357025,0.4934586466165413,0.0860224640571304,26.8,16.769019053003667,19.0,2.8,3.8,1.8,3.0,0.2,0.2,1.2,6.8,10.8,,3.6,3.8,,1.2,1.6,2.4,0.2,0.6719586608566872,0.2852810539010025,0.1124384113693324,0.0468341403245625,0.159398852244247,0.1165757329076381,0.0608623832308042,0.0505114492429278,0.1088214143312827,0.019752463417367,0.4013923302574618,0.0485146983544243,0.1248825187969924,0.1355222611879969,0.0460989120528594,0.0164205507335536,0.502439550580998,0.0977499575658957,25.5,14.600228308717186,16.0,2.3,2.7,1.4,3.1,0.5,0.1,1.4,5.9,10.0,,2.8,2.9,,0.8,1.5,2.0,-0.9,0.6056214530116426,0.2243671043280655,0.0898644819770013,0.0647440743293902,0.1145353010315278,0.0976711903365204,0.0524196198538303,0.0453017838534683,0.1215684268968905,0.0599309477295791,0.3908981200365682,0.0756342885662806,0.1025904484447441,0.0945523182213633,0.0549372985760369,0.0409549948410816,0.4909752159282925,0.1223084856544119,,,,SAS,False,25.952,16.85691851851852,2.2016592592592588,2.8703703703703702,1.837422222222222,0.320395061728395,0.1601975308641975,1.1213827160493826,21.928948148148148,19.058577777777774,19.72728888888889,5.072029629629629,0.4805925925925925,13.932,2.788,2.258,1.668,18.978,0.364,0.158,0.85,5.3523243548947965,1.7108641091565395,1.5018109068721,1.2576867654547377,5.772132708107117,0.586092142926349,0.3962776804211915,0.935681569766125
4431671,Jaden McDaniels,MIN,2026-05-06,0.0,2.0,2.0,5.0,10.0,16,5,2,0,2,1,1,1,7,14,,2,2,,1,4,5,-2,36.0,0.4444444444444444,0.1388888888888889,0.0555555555555555,0.0,0.0555555555555555,0.3888888888888889,0.0555555555555555,0.0277777777777777,0.4411111111111111,0.0,36.0,8.999999999999998,20.33333333333333,6.0,2.0,0.3333333333333333,3.0,1.0,1.0,1.6666666666666667,8.333333333333334,16.666666666666668,,3.333333333333333,4.333333333333333,,2.0,4.0,4.666666666666667,-3.6666666666666665,0.5456790123456791,0.1444602713709638,0.1574074074074074,0.0578240555407258,0.0530864197530864,0.0149683403123236,0.0074074074074074,0.0128300059819916,0.0851851851851851,0.0279623497602619,0.4506172839506173,0.0913496826354858,0.1246913580246913,0.0652454827739447,0.0586419753086419,0.0787490791492165,0.5641234567901234,0.1071408271194888,36.4,6.985699678629192,18.6,7.2,2.4,0.4,2.6,0.8,1.0,1.4,7.6,14.8,,3.0,3.6,,2.8,4.4,4.2,2.2,0.4976956557444362,0.1291457208207588,0.1917097807341709,0.0622760617127745,0.0646678163751334,0.0200710782276099,0.0093224932249322,0.0127883419416841,0.0718058635131805,0.0309239097750279,0.4004516711833785,0.0944671116863796,0.1039352878377268,0.0640942516528243,0.0473063973063973,0.0616504200910852,0.4934895951383756,0.1299164782269566,34.0,7.582875444051551,17.444444444444443,6.111111111111111,2.4444444444444446,0.3333333333333333,3.111111111111111,0.5555555555555556,1.0,1.4444444444444444,7.444444444444445,15.333333333333334,,2.2222222222222223,2.7777777777777777,,2.2222222222222223,3.888888888888889,3.7777777777777777,-1.5555555555555556,0.5284684911271703,0.1858909458729216,0.1733655953382098,0.0720654661205736,0.0730816965448259,0.0213215232256649,0.0110271161191144,0.0185890379372745,0.1011327444789148,0.0665400361443981,0.4685409546199733,0.1619793733673233,0.0859087494802799,0.0617711142672511,0.0503532506456483,0.0526144852081236,0.5566940550369447,0.1885545970667697,,,,SAS,False,35.831,17.89291984126984,6.441236507936507,2.427169841269841,0.2932904761904761,0.5687460317460317,0.7109325396825396,1.564051587301587,26.761326190476183,24.334156349206346,20.32008968253968,8.86840634920635,1.2796785714285712,11.38,5.174,2.196,0.634,18.75,0.456,0.438,0.988,5.073815132619634,2.221648937163565,1.4661459681764295,0.8025235199045571,5.775075757078863,0.6812224306348111,0.6466498279594606,0.9611742818032534
4432247,Jaylen Clark,MIN,2026-05-06,0.0,2.0,2.0,4.0,14.0,2,1,0,0,0,0,0,0,1,1,,0,0,,1,0,0,-1,7.0,0.2857142857142857,0.1428571428571428,0.0,0.0,0.0,0.1428571428571428,0.0,0.0,0.1428571428571428,0.0,10.0,2.6457513110645934,1.6666666666666667,1.3333333333333333,0.6666666666666666,0.3333333333333333,1.0,0.0,0.3333333333333333,0.0,0.6666666666666666,1.6666666666666667,,0.0,0.0,,0.6666666666666666,0.6666666666666666,1.6666666666666667,3.0,0.1785714285714285,0.1556749622693097,0.1334776334776334,0.0387399531274424,0.058080808080808,0.0504418796854499,0.0277777777777777,0.0481125224324688,0.0833333333333333,0.1443375672974064,0.1612554112554112,0.0811255295753686,0.0,0.0,0.0,0.0,0.1612554112554112,0.0811255295753686,6.0,5.78791845139511,1.0,0.8,0.4,0.2,0.6,0.0,0.2,0.0,0.4,1.0,,0.0,0.0,,0.4,0.4,1.0,1.8,0.1785714285714285,0.1556749622693097,0.1334776334776334,0.0387399531274424,0.058080808080808,0.0504418796854499,0.0277777777777777,0.0481125224324688,0.0833333333333333,0.1443375672974064,0.1612554112554112,0.0811255295753686,0.0,0.0,0.0,0.0,0.1612554112554112,0.0811255295753686,12.3,11.823235127869566,2.9,1.1,0.9,0.5,1.7,0.7,0.2,0.2,1.2,3.0,,0.0,0.0,,0.4,0.7,1.3,0.5,0.2387239744382601,0.1940012212514369,0.0999896928468356,0.0411679323087881,0.0636363636363636,0.0464454286124697,0.0336940836940836,0.0352291152212538,0.1101731601731601,0.1113909960403581,0.221273964131107,0.1463100311799549,0.0,0.0,0.0166666666666666,0.0319142369252112,0.2379406307977736,0.1395284676524739,,,,SAS,False,9.0965,1.60165,1.14772,0.57186,0.28993,0.0,0.3032166666666666,0.0,3.32123,2.74937,2.1735100000000003,1.71958,0.3032166666666666,1.886,0.956,0.568,0.22,3.41,0.028,0.186,0.046,2.072921609709349,0.9602416362562082,0.74119902860163,0.46,2.50237886819722,0.25,0.442045246552884,0.25
4432847,Terrence Shannon Jr.,MIN,2026-05-06,0.0,2.0,2.0,4.0,14.0,16,5,1,0,1,0,0,0,5,13,,6,8,,0,5,3,-10,35.0,0.4571428571428571,0.1428571428571428,0.0285714285714285,0.0,0.0285714285714285,0.3714285714285714,0.2285714285714285,0.0,0.472,0.0,28.0,12.124355652982146,18.33333333333333,4.0,0.6666666666666666,1.0,4.0,0.6666666666666666,0.0,0.3333333333333333,6.666666666666667,14.333333333333334,,4.0,4.666666666666667,,0.6666666666666666,3.333333333333333,2.0,-2.333333333333333,0.7380952380952381,0.3104747297657721,0.1285714285714285,0.0515078753637712,0.019047619047619,0.0164957219768464,0.0571428571428571,0.0755928946018454,0.1714285714285714,0.1309307341415954,0.5523809523809525,0.1722203935240488,0.1476190476190476,0.0786795792469443,0.0238095238095238,0.0412393049421161,0.641142857142857,0.1726735743109122,18.2,16.11521020650987,11.6,2.4,0.4,0.8,2.6,0.4,0.0,0.2,4.2,8.8,,2.4,2.8,,0.4,2.0,1.4,-0.4,0.6607142857142858,0.2970088983755971,0.0964285714285714,0.0768203133566746,0.0142857142857142,0.0164957219768464,0.0785714285714285,0.0751415897050452,0.1642857142857142,0.107854777646725,0.45,0.2483962162999043,0.1107142857142857,0.0978510599430215,0.0178571428571428,0.0357142857142857,0.5165714285714286,0.2862684150271854,18.8,15.41860348194133,14.2,1.9,1.3,1.4,3.4,0.3,0.0,0.7,4.7,9.1,,3.4,4.0,,0.3,1.6,1.3,0.4,0.7422907066052228,0.2411499378567184,0.1122311827956989,0.1085396034082325,0.0496255760368663,0.0650596564841556,0.0817684331797235,0.0811051900788622,0.16661866359447,0.1029919996775726,0.4871063748079877,0.1794319437241307,0.1527649769585253,0.1682306288751769,0.069374039938556,0.1128971480527322,0.6236970046082949,0.2649205104112699,,,,SAS,False,23.4195,14.87602857142857,3.1209714285714285,0.6088285714285715,0.9616571428571428,0.5147142857142858,0.0,0.2573571428571429,18.60582857142857,17.997,15.48485714285714,3.7298,0.5147142857142858,9.602,2.91,0.95,0.946,13.462,0.416,0.056,0.324,4.62250970794005,1.6498181717995473,0.9484197383015602,0.9772839914784238,4.9198125980569625,0.6379216252800967,0.25,0.578812577610404
4592492,Bones Hyland,MIN,2026-05-06,0.0,2.0,2.0,5.0,14.0,0,1,2,0,4,1,1,0,0,6,,0,0,,0,1,0,-2,12.0,0.0,0.0833333333333333,0.1666666666666666,0.0,0.3333333333333333,0.5,0.0,0.0,0.5,0.0,14.666666666666666,7.371114795831997,5.333333333333333,1.3333333333333333,1.3333333333333333,1.0,4.666666666666667,0.6666666666666666,0.3333333333333333,1.0,1.6666666666666667,6.0,,1.0,1.3333333333333333,,0.6666666666666666,0.6666666666666666,0.6666666666666666,-0.3333333333333333,0.2544283413848631,0.3489091208088652,0.1163446054750402,0.0938331444443828,0.1070853462157809,0.0616927947004525,0.0434782608695652,0.0753065568508207,0.323671497584541,0.0167347904112935,0.4082125603864734,0.0846100477687778,0.1030595813204509,0.1119828576535504,0.0434782608695652,0.0753065568508207,0.497037037037037,0.0644955097808599,15.8,5.718391382198319,6.0,1.8,2.2,1.0,4.6,0.6,0.2,1.0,2.0,6.4,,1.0,1.2,,0.4,1.4,1.0,1.4,0.3126570048309179,0.2592800023707884,0.1331400966183575,0.1039196854973257,0.1342512077294685,0.1363789592223272,0.0527536231884058,0.0722431423984898,0.2975362318840579,0.0381506427153268,0.4015942028985507,0.0732321579656262,0.0818357487922705,0.091458602411682,0.0527536231884058,0.0722431423984898,0.4903555555555556,0.0475071404639528,13.8,7.955431408094026,7.1,1.5,2.0,1.5,4.2,0.6,0.2,1.1,2.2,5.7,,1.2,1.4,,0.2,1.3,1.4,1.3,0.4621501418602867,0.4326004083171657,0.1221838816041714,0.0972368633575922,0.1338432635534084,0.1389238794636437,0.0982976765585461,0.1067260060816822,0.3028180354267311,0.0579986850226068,0.4315965033356337,0.0908418239174216,0.0994325588528487,0.1115769364291676,0.064573268921095,0.0825550013366847,0.5399200981519822,0.0772127814057818,,,,SAS,False,14.1185,5.923077659574468,1.4931808510638298,1.9195351063829784,1.100944680851064,0.6007872340425532,0.1501968085106383,0.9011808510638296,9.335793617021276,7.416258510638298,7.842612765957447,3.4127159574468084,0.7509840425531915,5.586,1.678,1.426,0.732,8.69,0.416,0.114,0.612,3.811902936854505,1.2893083417088405,1.2265903961795883,0.8222992156143649,4.247575779194528,0.6595028430567983,0.3240432069956104,0.7806766295976844
4592699,Enrique Freeman,MIN,2026-05-06,0.0,24.0,0.0,0.0,6.0,13,7,2,2,4,2,2,2,4,8,,3,4,,2,5,5,25,26.0,0.5,0.2692307692307692,0.0769230769230769,0.0769230769230769,0.1538461538461538,0.3076923076923077,0.1538461538461538,0.0769230769230769,0.4523076923076923,0.0,8.666666666666666,15.011106998930272,4.333333333333333,2.333333333333333,0.6666666666666666,0.6666666666666666,1.3333333333333333,0.6666666666666666,0.6666666666666666,0.6666666666666666,1.3333333333333333,2.6666666666666665,,1.0,1.3333333333333333,,0.6666666666666666,1.6666666666666667,1.6666666666666667,8.333333333333334,0.5,,0.2692307692307692,,0.0769230769230769,,0.0769230769230769,,0.1538461538461538,,0.3076923076923077,,0.1538461538461538,,0.0769230769230769,,0.4523076923076923,,5.8,11.366617790706258,2.6,1.4,0.4,0.4,0.8,0.4,0.4,0.4,0.8,1.6,,0.6,0.8,,0.4,1.0,1.0,4.0,0.25,0.3535533905932738,0.1346153846153846,0.1903749026271474,0.0384615384615384,0.0543928293220421,0.0384615384615384,0.0543928293220421,0.0769230769230769,0.1087856586440842,0.1538461538461538,0.2175713172881684,0.0769230769230769,0.1087856586440842,0.0384615384615384,0.0543928293220421,0.2261538461538461,0.3198298364136076,5.8,11.366617790706258,2.6,1.4,0.4,0.4,0.8,0.4,0.4,0.4,0.8,1.6,,0.6,0.8,,0.4,1.0,1.0,4.0,0.25,0.3535533905932738,0.1346153846153846,0.1903749026271474,0.0384615384615384,0.0543928293220421,0.0384615384615384,0.0543928293220421,0.0769230769230769,0.1087856586440842,0.1538461538461538,0.2175713172881684,0.0769230769230769,0.1087856586440842,0.0384615384615384,0.0543928293220421,0.2261538461538461,0.3198298364136076,,,,SAS,False,9.69,4.68,2.52,0.72,0.72,0.2131799999999999,0.17442,0.5813999999999999,7.919999999999999,7.199999999999999,5.4,3.2399999999999998,0.3875999999999999,3.79,1.776,0.608,0.476,6.174,0.166,0.124,0.422,2.9356259979772625,1.3644867166814048,0.7709319036075755,0.6522453526089703,3.304500567408031,0.3980502480843342,0.3473096601017598,0.6386830199715662
4592979,Zyon Pullin,MIN,2026-05-06,0.0,9.0,0.0,1.0,7.0,0,0,0,0,0,0,0,0,0,0,,0,0,,0,0,0,0,0.0,,,,,,,,,,0.0,10.333333333333334,17.897858344878397,6.333333333333333,1.0,1.6666666666666667,0.3333333333333333,1.0,0.0,0.0,0.0,2.6666666666666665,4.0,,0.6666666666666666,0.6666666666666666,,0.3333333333333333,0.6666666666666666,1.3333333333333333,4.333333333333333,0.6129032258064516,,0.0967741935483871,,0.1612903225806451,,0.032258064516129,,0.0967741935483871,,0.3870967741935484,,0.064516129032258,,0.0,,0.415483870967742,,6.8,13.590437814875576,3.8,0.6,1.0,0.2,0.6,0.0,0.0,0.0,1.6,2.4,,0.4,0.4,,0.2,0.4,0.8,1.6,0.3064516129032258,0.4333880271788516,0.0483870967741935,0.0684296885019239,0.0806451612903225,0.11404948083654,0.0161290322580645,0.0228098961673079,0.0483870967741935,0.0684296885019239,0.1935483870967742,0.2737187540076958,0.032258064516129,0.0456197923346159,0.0,0.0,0.207741935483871,0.2937914626349268,6.0,12.312595177297109,3.1666666666666665,0.5,1.0,0.1666666666666666,0.5,0.0,0.0,0.1666666666666666,1.3333333333333333,2.0,,0.3333333333333333,0.3333333333333333,,0.1666666666666666,0.3333333333333333,0.6666666666666666,1.6666666666666667,0.2043010752688172,0.3538598424065448,0.032258064516129,0.0558726066957702,0.2204301075268817,0.2551923502431358,0.010752688172043,0.0186242022319234,0.032258064516129,0.0558726066957702,0.1290322580645161,0.2234904267830809,0.021505376344086,0.0372484044638468,0.1666666666666666,0.2886751345948129,0.3051612903225806,0.267634646206645,,,,SAS,False,8.0,3.863333333333333,0.61,1.05,0.2033333333333333,0.176,0.144,0.48,5.5233333333333325,4.473333333333333,4.913333333333333,1.66,0.3199999999999999,2.82,0.672,0.808,0.258,4.3,0.176,0.12,0.3,2.679477561018192,0.8027552553549556,0.8804180825039886,0.5132601679460428,2.9410882339705484,0.4111252850409471,0.3310589071449369,0.5567764362830022
4594268,Anthony Edwards,MIN,2026-05-06,0.0,2.0,1.0,3.0,8.0,18,3,3,2,3,0,1,1,8,13,,0,0,,1,2,3,-2,25.0,0.72,0.12,0.12,0.08,0.12,0.52,0.0,0.04,0.56,0.0,22.33333333333333,3.785938897200183,13.333333333333334,3.6666666666666665,2.0,1.6666666666666667,4.666666666666667,0.0,0.3333333333333333,1.0,5.0,12.0,,1.6666666666666667,1.6666666666666667,,0.3333333333333333,3.333333333333333,2.6666666666666665,2.0,0.5687037037037037,0.2520167624577198,0.165,0.0441902452785428,0.0816666666666666,0.0707695791518738,0.0729629629629629,0.0151671075773653,0.2066666666666666,0.1121506922750714,0.5298148148148147,0.0906770373516947,0.0787037037037037,0.0685122619766145,0.0411111111111111,0.0416777762966912,0.6055555555555556,0.1406466547113065,29.0,9.539392014169458,18.4,6.0,3.0,2.0,6.8,0.2,1.2,1.6,6.4,16.0,,3.6,4.2,,0.4,5.6,2.8,0.6,0.6070116959064328,0.1953590703703796,0.1963684210526315,0.0533196831562283,0.0958421052631578,0.0716414201059152,0.0693040935672514,0.0142360490843861,0.2263684210526315,0.0848450963006498,0.542888888888889,0.0799048430986337,0.1290643274853801,0.0855002834375691,0.0504561403508771,0.0337195081870894,0.6501333333333335,0.1234552550521847,28.285714285714285,7.889112449325034,17.428571428571427,4.857142857142857,3.0,1.8571428571428568,6.857142857142857,0.4285714285714285,1.0,2.0,6.0,15.571428571428571,,3.571428571428572,4.285714285714286,,0.4285714285714285,4.428571428571429,3.0,-2.4285714285714284,0.5939379431484694,0.2176535614283283,0.1618341794657584,0.0733107030507804,0.1008151789730737,0.0591212092593558,0.065375939849624,0.0347695550106171,0.2371903048218837,0.0717564833495183,0.5442694342694343,0.0674265469118932,0.1404183535762483,0.0787446552548956,0.0681931324036587,0.0458076446293494,0.6742466422466423,0.1102496881084901,,,,SAS,False,27.217142857142857,17.011570443349754,5.227251231527093,2.7693399014778324,1.8747980295566504,0.1877044334975369,1.1262266009852218,1.5016354679802957,25.00816157635468,22.23882167487685,19.780910344827586,7.996591133004926,1.3139310344827586,12.158,4.49,2.062,1.35,18.71,0.248,0.508,0.962,5.279113183101874,2.166541021997968,1.3777358237339987,1.171110584018435,6.044989660867916,0.4716948165922538,0.7334412041874931,0.9739383964091364
5105553,Julian Phillips,MIN,2026-05-06,0.0,2.0,2.0,5.0,15.0,0,0,0,0,0,0,0,0,0,0,,0,0,,0,0,0,0,0.0,,,,,,,,,,0.0,1.0,1.7320508075688772,0.0,0.0,0.0,0.0,0.0,0.0,0.0,0.0,0.0,0.0,,0.0,0.0,,0.0,0.0,0.0,2.0,0.0,,0.0,,0.0,,0.0,,0.0,,0.0,,0.0,,0.0,,0.0,,0.8,1.3038404810405295,0.0,0.2,0.0,0.0,0.0,0.2,0.0,0.0,0.0,0.0,,0.0,0.0,,0.0,0.2,0.0,1.8,0.0,0.0,0.5,0.7071067811865476,0.0,0.0,0.0,0.0,0.0,0.0,0.0,0.0,0.0,0.0,0.0,0.0,0.0,0.0,5.4,10.38374798530002,2.2,0.4,0.1,0.3,1.1,0.2,0.0,0.2,0.8,2.1,,0.3,0.6,,0.1,0.3,0.7,0.6,0.2163461538461538,0.2909613901740093,0.2804487179487179,0.4809080996021848,0.0096153846153846,0.0192307692307692,0.0304487179487179,0.0396452464001698,0.110576923076923,0.1298373660290326,0.2091346153846154,0.2440584643557126,0.0576923076923076,0.1153846153846154,0.0200320512820512,0.0231680004724374,0.2545512820512821,0.3034656548635913,,,,SAS,False,5.9,0.44,0.15,0.02,0.06,0.1298,0.1062,0.354,0.6100000000000001,0.5900000000000001,0.4600000000000001,0.17,0.236,0.456,0.188,0.02,0.042,0.664,0.088,0.05,0.15,0.9960240960940654,0.4389259618660076,0.25,0.25,1.0913771117262812,0.2970791140420342,0.25,0.3840572873934304
5157587,Rocco Zikarsky,MIN,2026-05-06,0.0,24.0,0.0,0.0,4.0,8,9,2,0,0,0,2,1,2,3,,4,4,,0,9,2,7,20.0,0.4,0.45,0.1,0.0,0.0,0.15,0.2,0.05,0.288,0.0,6.666666666666667,11.547005383792516,2.6666666666666665,3.0,0.6666666666666666,0.0,0.0,0.0,0.6666666666666666,0.3333333333333333,0.6666666666666666,1.0,,1.3333333333333333,1.3333333333333333,,0.0,3.0,0.6666666666666666,2.333333333333333,0.4,,0.45,,0.1,,0.0,,0.0,,0.15,,0.2,,0.05,,0.288,,6.666666666666667,11.547005383792516,2.6666666666666665,3.0,0.6666666666666666,0.0,0.0,0.0,0.6666666666666666,0.3333333333333333,0.6666666666666666,1.0,,1.3333333333333333,1.3333333333333333,,0.0,3.0,0.6666666666666666,2.333333333333333,0.4,,0.45,,0.1,,0.0,,0.0,,0.15,,0.2,,0.05,,0.288,,6.666666666666667,11.547005383792516,2.6666666666666665,3.0,0.6666666666666666,0.0,0.0,0.0,0.6666666666666666,0.3333333333333333,0.6666666666666666,1.0,,1.3333333333333333,1.3333333333333333,,0.0,3.0,0.6666666666666666,2.333333333333333,0.4,,0.45,,0.1,,0.0,,0.0,,0.15,,0.2,,0.05,,0.288,,,,,SAS,False,8.666666666666668,3.4666666666666663,3.9,0.8666666666666666,0.0,0.1906666666666666,0.156,0.52,8.233333333333333,7.366666666666666,4.333333333333333,4.766666666666667,0.3466666666666667,2.11,2.328,0.756,0.092,5.194,0.172,0.114,0.314,2.07120737735264,1.6001299947191792,0.8151466125796021,0.2958648340036376,2.764844299413621,0.4499066569856463,0.3535590474022692,0.5580358411428428
5279133,Joan Beringer,MIN,2026-05-06,0.0,2.0,2.0,5.0,15.0,0,0,0,0,0,0,0,0,0,0,,0,0,,0,0,0,0,0.0,,,,,,,,,,0.0,1.0,1.7320508075688772,0.6666666666666666,0.3333333333333333,0.0,0.0,0.0,0.3333333333333333,0.0,0.3333333333333333,0.0,0.0,,0.6666666666666666,0.6666666666666666,,0.0,0.3333333333333333,0.0,2.0,0.6666666666666666,,0.3333333333333333,,0.0,,0.0,,0.0,,0.0,,0.6666666666666666,,0.3333333333333333,,0.6266666666666666,,0.8,1.3038404810405295,0.4,0.6,0.0,0.0,0.0,0.2,0.0,0.2,0.0,0.2,,0.4,0.4,,0.4,0.2,0.0,1.2,0.3333333333333333,0.4714045207910317,1.1666666666666667,1.1785113019775793,0.0,0.0,0.0,0.0,0.0,0.0,0.4999999999999999,0.7071067811865476,0.3333333333333333,0.4714045207910317,0.1666666666666666,0.2357022603955158,0.8133333333333334,0.2639865316429777,8.4,12.78193169195399,4.9,2.8,0.4,0.0,0.0,0.3,1.0,0.2,1.8,2.8,,1.3,1.6,,1.4,1.4,1.0,-0.3,0.4741252202682776,0.3012085628623461,0.6508720825691372,0.7605012949268465,0.0292911856726723,0.0284697744275508,0.0,0.0,0.0,0.0,0.4028374150393786,0.3756568125157305,0.2308627324055094,0.2682362006840789,0.0753623188405797,0.1454338980208939,0.5797793361383824,0.2702072004355804,,,,SAS,False,5.9,1.32,0.8699999999999999,0.08,0.0,0.1298,0.1062,0.354,2.27,2.19,1.4,0.95,0.236,0.804,0.804,0.158,0.02,1.766,0.084,0.068,0.178,1.3120914602267637,0.9238960980543212,0.4012929104781195,0.25,1.670701649008583,0.2845065904333325,0.2517459036409529,0.422274792048969
2528426,Jordan Clarkson,NYK,2026-05-06,1.0,2.0,2.0,5.0,14.0,2,2,0,0,1,1,0,4,1,2,,0,0,,0,2,3,11,14.0,0.1428571428571428,0.1428571428571428,0.0,0.0,0.0714285714285714,0.1428571428571428,0.0,0.2857142857142857,0.4285714285714285,0.0,13.666666666666666,2.516611478423585,6.0,0.6666666666666666,0.6666666666666666,0.0,1.0,0.6666666666666666,0.0,1.6666666666666667,2.0,4.333333333333333,,2.0,2.333333333333333,,0.0,0.6666666666666666,2.0,15.666666666666666,0.4472402597402597,0.2661780805716838,0.0476190476190476,0.0824786098842322,0.0511363636363636,0.0465076862038208,0.0,0.0,0.0749458874458874,0.0145274824227909,0.3146645021645022,0.1533045522101055,0.1837121212121212,0.1818477722133355,0.1160714285714285,0.1502018200112564,0.5115692640692641,0.0776705378150678,15.8,3.70135110466435,6.6,0.8,0.6,0.0,1.2,0.4,0.0,1.2,2.4,5.6,,1.8,2.2,,0.4,0.4,1.6,12.0,0.4291284695696459,0.1959472328738444,0.0521008403361344,0.0718966374326299,0.0424465240641711,0.0406890138634583,0.0,0.0,0.0780207537560478,0.0271337782519625,0.3563057040998217,0.2026347357927704,0.1505634071810542,0.1395612123107643,0.08140756302521,0.118176937349429,0.5039611662846957,0.17814870028138,14.9,3.348299734359382,6.8,1.6,1.0,0.0,1.0,0.4,0.0,0.7,2.8,6.0,,1.2,1.5,,1.1,0.5,1.9,7.0,0.476126283846872,0.2087148487065755,0.1211351965028435,0.1376492190131309,0.0668221076309311,0.0738123159435716,0.0,0.0,0.0670496986673457,0.0312404834180261,0.4129382055852644,0.161266149462231,0.1045746328834564,0.1189308938750935,0.0462593370681605,0.0886229640210648,0.5052103811221459,0.1422463212801226,,,,PHI,True,14.6115,6.474447524752475,1.3948108910891088,0.5912039603960396,0.0,0.2893366336633663,0.0,0.8680099009900989,8.460462376237624,7.869258415841584,7.065651485148514,1.9860148514851488,0.2893366336633663,6.018,2.202,1.046,0.546,9.266,0.214,0.038,0.594,4.033568643273596,1.4536835969357291,1.0118715333479835,0.8172417023133365,4.499693767357952,0.4606560539057313,0.25,0.7804895899369831
3062679,Josh Hart,NYK,2026-05-06,1.0,2.0,2.0,5.0,13.0,8,8,6,1,2,3,1,1,3,7,,1,2,,1,7,1,24,26.0,0.3076923076923077,0.3076923076923077,0.2307692307692307,0.0384615384615384,0.0769230769230769,0.2692307692307692,0.0769230769230769,0.0384615384615384,0.3415384615384615,0.0,27.666666666666668,2.081665999466126,10.333333333333334,6.0,4.0,1.3333333333333333,3.333333333333333,1.0,0.3333333333333333,1.3333333333333333,4.0,8.333333333333334,,1.0,1.6666666666666667,,0.6666666666666666,5.333333333333333,1.3333333333333333,24.666666666666668,0.375403608736942,0.1240008102826342,0.2198480531813865,0.0766367644800118,0.1460588793922127,0.0791188831746405,0.0486229819563152,0.0221899344174159,0.1194681861348528,0.0375823685107893,0.3020892687559354,0.0591470648785753,0.0602089268755935,0.0207123356204604,0.0486229819563152,0.0221899344174159,0.3772041785375119,0.0726017162825807,30.8,5.540758070878027,8.6,7.2,4.2,1.0,3.8,1.4,0.2,1.6,3.4,8.8,,0.8,1.4,,0.8,6.4,2.0,18.6,0.2997582942744233,0.1664475202284285,0.2349733480378641,0.0624414049223686,0.136990166345005,0.0603177010883032,0.0356254020770149,0.026325395830133,0.1239389761970407,0.0348318474787531,0.2907696902858193,0.0563886915704426,0.0490285819318077,0.0311314471006728,0.0520770149802407,0.0171728198100718,0.3644192813160555,0.0735455290833802,32.2,4.442221666388715,10.0,7.3,4.0,1.1,3.5,1.4,0.1,1.8,3.7,8.3,,1.5,2.3,,0.7,6.6,2.1,11.9,0.3132033469130243,0.2153006001138216,0.2247868774481677,0.111606818922818,0.1240669684218071,0.0508420098689425,0.0349555581813646,0.0448745554560566,0.1087428513234964,0.0575609511069101,0.2576362670717509,0.1128900456757597,0.0715155779671908,0.0546393227820366,0.0559907638939897,0.0185050305725087,0.3450938852713046,0.1176579447283549,,,,PHI,True,30.423,9.297062831858408,7.880448672566371,4.332608849557522,0.9326141592920354,1.480765486725664,0.1346150442477876,1.480765486725664,21.510120353982305,17.17751150442478,13.62967168141593,12.213057522123894,1.6153805309734517,9.77,7.868,3.708,1.1,21.346,0.724,0.224,1.058,4.65027956148875,2.798316636837225,1.8586920132178968,1.0516653460107928,5.669063767501649,0.8853383533994221,0.4835535130675818,0.9973143937595608
3136195,Karl-Anthony Towns,NYK,2026-05-06,1.0,2.0,2.0,5.0,13.0,17,6,6,3,5,0,2,3,7,11,,0,0,,2,4,4,11,20.0,0.85,0.3,0.3,0.15,0.25,0.55,0.0,0.15,0.7,0.0,27.33333333333333,7.023769168568495,15.0,10.333333333333334,7.333333333333333,1.3333333333333333,3.0,1.6666666666666667,1.6666666666666667,3.0,4.333333333333333,7.333333333333333,,5.0,5.333333333333333,,2.333333333333333,8.0,3.0,19.0,0.5830532212885154,0.2321352838543113,0.3682072829131653,0.0598209751398744,0.2778711484593838,0.0923465307465942,0.0598039215686274,0.079484353171409,0.1246498599439775,0.1116875431280266,0.2995798319327731,0.2191477577061827,0.1778711484593838,0.1785755478186943,0.115126050420168,0.0316467732061353,0.49296918767507,0.1801644286078498,29.0,5.744562646538031,17.2,11.6,7.2,1.2,2.8,1.8,1.4,2.8,5.2,8.8,,5.6,6.2,,2.8,8.8,3.2,19.0,0.6112923790205738,0.170548409148457,0.3898898869892784,0.0753696756510388,0.2592176180817154,0.1066195525684492,0.0486612576064908,0.058265715667738,0.1062300782381918,0.0831843426013066,0.3193016516951608,0.1573225356547258,0.2040857722399304,0.1395471759729065,0.1005157925239061,0.0307800500633784,0.5096151840046363,0.1298974670115017,30.4,4.273952113286568,18.8,10.8,5.7,1.5,3.4,1.4,1.3,2.7,6.3,10.5,,4.7,5.0,,2.4,8.4,3.3,12.1,0.6266366084051175,0.1354370056760532,0.3535501128351027,0.0807500225536819,0.1963623741032463,0.1025899905456978,0.0522205575019976,0.0421669180950646,0.1157754669265825,0.0575273396764049,0.3518388828885787,0.1111775206088439,0.1621375830896622,0.1307433515508494,0.0902746074918995,0.0402289476647309,0.5134540269399295,0.1066850731974859,,,,PHI,True,28.4295,17.111449528301883,10.04210283018868,6.083355660377358,1.5130693396226411,1.3410141509433962,1.6092169811320751,2.9502311320754715,33.23690801886792,27.15355235849056,23.19480518867924,16.125458490566036,2.9502311320754715,14.228,8.338,4.012,1.698,26.578,0.568,0.67,1.51,6.102459831903853,2.9195472251703687,2.0049578549186515,1.3277032801044064,6.952115936892882,0.730325954625741,0.7981854421122951,1.2719669807035088
3147657,Mikal Bridges,NYK,2026-05-06,1.0,2.0,2.0,5.0,14.0,17,2,5,3,5,1,0,0,7,10,,0,0,,1,1,2,19,27.0,0.6296296296296297,0.074074074074074,0.1851851851851851,0.1111111111111111,0.1851851851851851,0.3703703703703703,0.0,0.0,0.3703703703703703,0.0,27.0,0.0,16.0,2.6666666666666665,3.0,2.0,3.333333333333333,0.6666666666666666,0.3333333333333333,0.3333333333333333,6.666666666666667,9.333333333333334,,0.6666666666666666,0.6666666666666666,,0.6666666666666666,2.0,2.6666666666666665,23.33333333333333,0.5925925925925926,0.3164445831599084,0.0987654320987654,0.0770987407209678,0.1111111111111111,0.074074074074074,0.074074074074074,0.037037037037037,0.1234567901234567,0.0565750085797017,0.345679012345679,0.1131500171594035,0.0246913580246913,0.0427666866066389,0.0123456790123456,0.0213833433033195,0.3688888888888889,0.1088964472055529,24.2,3.8987177379235822,11.2,2.2,2.4,1.2,2.4,0.4,0.2,1.0,4.6,7.0,,0.8,0.8,,0.4,1.8,2.2,8.8,0.439766081871345,0.3406195001561537,0.0898357003620161,0.0594724814156372,0.0962406015037593,0.0581809353116344,0.0444444444444444,0.0482903881866862,0.0931216931216931,0.0667799491046432,0.2780840991367307,0.1246629991586906,0.0358674463937621,0.0503362004571677,0.0455026455026455,0.0826142655842617,0.3393684210526316,0.0910745046285754,25.4,10.4371132662884,10.0,1.7,2.4,1.3,3.0,0.7,0.1,0.7,4.0,6.8,,0.7,0.7,,0.2,1.5,1.9,7.8,0.3921523020808533,0.2493650329700029,0.0703916320191551,0.0495260632098073,0.0945516155087462,0.0602236706822036,0.0480720517682883,0.0356018238139109,0.1110116598467853,0.0606485226979678,0.2637781474498603,0.1019996044229473,0.029299368480655,0.0398141594235673,0.0321184730906953,0.0615054779808796,0.3087883426720438,0.0947574934935523,,,,PHI,True,26.205,11.679952631578946,2.042536842105263,2.4292894736842103,1.436773684210526,0.5516842105263158,0.1379210526315789,0.8275263157894737,16.15177894736842,13.72248947368421,14.109242105263156,4.471826315789473,0.6896052631578947,12.566,3.228,2.482,1.548,18.276,0.346,0.162,0.702,5.82457243065961,1.8242850654434464,1.580403745882678,1.2131347822892558,6.296969429813043,0.5747034017647712,0.3946593467789658,0.846874252767198
3914044,Landry Shamet,NYK,2026-05-06,1.0,2.0,2.0,5.0,13.0,3,0,2,1,3,1,0,1,1,4,,0,0,,0,0,2,8,12.0,0.25,0.0,0.1666666666666666,0.0833333333333333,0.25,0.3333333333333333,0.0,0.0833333333333333,0.4166666666666667,0.0,10.333333333333334,5.686240703077327,2.6666666666666665,0.3333333333333333,1.0,0.6666666666666666,2.333333333333333,0.3333333333333333,0.0,0.3333333333333333,1.0,3.333333333333333,,0.0,0.0,,0.0,0.3333333333333333,1.3333333333333333,2.0,0.1944444444444444,0.1734721666221776,0.0222222222222222,0.038490017945975,0.1388888888888888,0.1272937693043289,0.0499999999999999,0.0440958551844098,0.2333333333333333,0.0288675134594812,0.3055555555555555,0.0481125224324687,0.0,0.0,0.0277777777777777,0.0481125224324688,0.3333333333333333,0.0833333333333333,7.6,5.504543577809153,2.2,0.2,0.6,0.6,1.6,0.2,0.0,0.4,0.8,2.2,,0.0,0.0,,0.0,0.2,0.8,-0.2,0.2666666666666666,0.3084459253886957,0.0133333333333333,0.0298142396999971,0.0833333333333333,0.1178511301977579,0.08,0.1023338762200583,0.19,0.108397416943394,0.2333333333333333,0.1369306393762915,0.0,0.0,0.0666666666666666,0.1086533734200441,0.3,0.1918477405536889,13.4,8.329332372872251,2.6,0.5,0.7,0.7,2.3,0.2,0.0,0.5,0.9,3.1,,0.1,0.2,,0.2,0.3,1.0,-0.5,0.1991228070175438,0.2300292109042858,0.0258187134502923,0.0282409701556043,0.0608187134502924,0.0834587093358787,0.0579615705931495,0.0754630122087402,0.1711862990810359,0.0946919453439328,0.2155764411027569,0.1152258353420692,0.0095238095238095,0.0301169300968417,0.0585964912280701,0.0930227210623085,0.2783634085213032,0.1390570235251178,,,,PHI,True,9.956,2.283127272727272,0.2890181818181818,0.7420363636363636,0.6420363636363635,0.1508484848484848,0.0,0.6033939393939393,3.314181818181818,2.572145454545454,3.025163636363636,1.0310545454545454,0.1508484848484848,3.28,0.7,0.828,0.504,4.808,0.106,0.014,0.396,3.0274741947702872,0.8473488065725944,0.9436185670068178,0.7224846019120407,3.269118535630056,0.3142674020639112,0.25,0.6381097084357831
3934672,Jalen Brunson,NYK,2026-05-06,1.0,2.0,2.0,5.0,12.0,35,1,3,3,6,2,0,1,12,18,,8,8,,0,1,0,27,31.0,1.1290322580645162,0.032258064516129,0.0967741935483871,0.0967741935483871,0.1935483870967742,0.5806451612903226,0.2580645161290322,0.032258064516129,0.7264516129032258,0.0,31.666666666666668,3.055050463303888,30.33333333333333,2.0,6.333333333333333,2.333333333333333,5.666666666666667,1.3333333333333333,0.0,0.6666666666666666,11.0,17.666666666666668,,6.0,6.666666666666667,,0.3333333333333333,1.6666666666666667,2.0,30.33333333333333,0.9431749563006516,0.3092313242526383,0.062312622490598,0.0273420491664449,0.2004025636951109,0.0928074915708347,0.0723237459611208,0.0332345547961561,0.181100693892685,0.0337856518597153,0.5505270406271519,0.1244391479801043,0.2081889930610731,0.0626066778476085,0.0202764976958525,0.0176564461388646,0.6624066952698766,0.1654738178575638,33.8,4.207136793592525,27.2,1.8,5.2,2.0,5.8,1.4,0.0,2.2,10.2,18.8,,4.8,5.4,,0.2,1.6,2.2,20.6,0.8076696796627438,0.2885815301469906,0.0523875734943588,0.0355192721880449,0.157888597040596,0.0878228975564593,0.0610413064002019,0.0420015048758811,0.1748368869238463,0.0382367056468448,0.5511985773174676,0.0894605065239585,0.1616781017189968,0.0810143929384533,0.0624600162645703,0.0691330413228684,0.6847969583383965,0.1213273182709507,34.7,3.560586718193755,27.7,2.3,6.5,2.4,6.3,1.2,0.0,2.3,10.3,20.5,,4.7,5.6,,0.2,2.1,2.1,13.0,0.8025087920537113,0.2025991372931098,0.0658693911002031,0.0393690393026265,0.1852007162283286,0.0934704592590743,0.0698318839629446,0.0332144400775212,0.1826617548342667,0.0504399875171647,0.5870786482026095,0.0913367374625337,0.1614982211960881,0.0656477020502712,0.0654294220091184,0.0497325157923724,0.7235672875380066,0.1217834094688995,,,,PHI,True,33.398,27.878535,2.0719200000000004,5.527800000000001,2.3514150000000003,1.1132666666666668,0.0,2.2265333333333337,35.478255,29.950455,33.406335,7.599720000000001,1.1132666666666668,19.47,3.918,3.756,2.17,27.144,0.674,0.132,1.436,6.959389341026984,1.9614474247351112,1.9971139176321413,1.5142985174660906,7.530688149166715,0.7640183243875764,0.3557752099289662,1.1974573061282812
3934719,OG Anunoby,NYK,2026-05-06,1.0,2.0,2.0,5.0,13.0,18,3,1,2,2,0,1,2,7,8,,2,2,,0,3,3,22,30.0,0.6,0.1,0.0333333333333333,0.0666666666666666,0.0666666666666666,0.2666666666666666,0.0666666666666666,0.0666666666666666,0.3626666666666667,0.0,30.666666666666668,4.041451884327381,21.33333333333333,6.666666666666667,1.3333333333333333,2.6666666666666665,3.6666666666666665,2.0,1.0,0.6666666666666666,7.666666666666667,10.0,,3.333333333333333,4.0,,0.3333333333333333,6.333333333333333,1.6666666666666667,27.666666666666668,0.7199294532627866,0.3119761456580084,0.2149911816578482,0.1004599223595422,0.0453262786596119,0.0250099128373968,0.0906525573192239,0.0500198256747937,0.1248677248677248,0.0848476668165126,0.3379188712522046,0.1575594688868967,0.1315696649029982,0.0600600963775457,0.0222222222222222,0.038490017945975,0.418031746031746,0.1615643854396111,33.8,5.2630789467763055,23.0,7.8,1.2,3.0,5.0,1.6,1.4,0.6,8.2,12.4,,3.6,4.2,,1.4,6.4,2.2,19.6,0.6987144287144288,0.2373611379305756,0.2276433576433576,0.0731570238607813,0.0376011726011726,0.020619319682391,0.091013156013156,0.0372592759187497,0.1481638781638781,0.0718694605889599,0.3692378092378092,0.1199296386247789,0.1267796367796367,0.0653324733918775,0.0183333333333333,0.0291070819942883,0.4433541827541827,0.1218333585388535,33.3,7.5432088662584444,18.4,6.9,1.3,2.6,5.2,1.3,1.0,0.8,6.3,10.8,,3.2,3.9,,0.9,6.0,2.3,12.8,0.5424716445769078,0.2550486227191861,0.2138848999375315,0.0770344381102977,0.0495442246758036,0.0562689104262278,0.0751770379401958,0.0403127919577534,0.1589744631849894,0.0713850531604593,0.3242696079538185,0.1007403996664613,0.1113351321246058,0.0696491510816197,0.0226841314999209,0.0297433720881347,0.3959411975885659,0.1146714468694315,,,,PHI,True,33.173500000000004,20.27446,7.092267346938776,1.1419297959183674,2.6115832653061224,1.489422448979592,1.0832163265306125,0.5416081632653061,28.508657142857142,27.366727346938774,21.416389795918366,8.234197142857143,2.572638775510204,17.51,7.468,1.742,2.264,26.72,0.706,0.61,0.754,6.929783546403164,2.6527299146351107,1.3051574617646715,1.4813183317572225,7.368690521388451,0.8267792934030218,0.816026960338934,0.8726305059989595
4277869,Jose Alvarado,NYK,2026-05-06,1.0,2.0,2.0,5.0,14.0,5,1,1,1,3,1,0,0,2,4,,0,0,,0,1,0,5,9.0,0.5555555555555556,0.1111111111111111,0.1111111111111111,0.1111111111111111,0.3333333333333333,0.4444444444444444,0.0,0.0,0.4444444444444444,0.0,9.333333333333334,2.516611478423597,6.666666666666667,1.3333333333333333,1.3333333333333333,1.3333333333333333,2.6666666666666665,1.0,0.3333333333333333,0.3333333333333333,2.333333333333333,4.333333333333333,,0.6666666666666666,0.6666666666666666,,0.0,1.3333333333333333,1.0,7.0,0.6613756613756614,0.3000517857938164,0.1402116402116402,0.0278720998752717,0.16005291005291,0.1097086470356823,0.1402116402116402,0.0278720998752717,0.2896825396825396,0.0418081498129076,0.4378306878306878,0.1489197122909749,0.0555555555555555,0.0962250448649376,0.0277777777777777,0.0481125224324688,0.49005291005291,0.2305514620478242,9.6,3.3615472627943315,6.2,1.0,1.2,1.2,2.4,1.2,0.2,0.4,2.2,4.2,,0.6,0.6,,0.0,1.0,1.0,6.2,0.6492063492063492,0.2564609810865073,0.0984126984126984,0.0655903286076011,0.1246031746031746,0.1045241409643899,0.1126984126984127,0.0660210614066204,0.25,0.0641091048468393,0.4341269841269841,0.1168985924944594,0.0666666666666666,0.0912870929175276,0.0309523809523809,0.042591770999996,0.4944126984126984,0.1709740594351904,10.9,9.882082551545276,5.9,1.7,1.8,1.1,2.5,0.8,0.2,0.5,2.1,4.6,,0.6,0.9,,0.2,1.5,0.9,3.1,0.5479108309990663,0.3011124280685997,0.1423902894491129,0.0858596962582699,0.1591678338001867,0.1098701042310689,0.0920868347338935,0.0654949861474576,0.2240604575163398,0.0732001768732956,0.4134862278244631,0.1020510656906068,0.0833333333333333,0.1259881576697424,0.0438550420168067,0.0430241099301147,0.4940079365079365,0.1315555202615104,,,,PHI,True,9.6235,5.5803,1.2051,1.4436999999999998,1.0838,1.013,0.1688333333333333,0.5065,8.229099999999999,6.7854,7.024,2.6488,1.1818333333333333,5.854,1.762,1.264,0.92,8.88,0.402,0.13,0.312,3.9365827820585713,1.3554910549317545,1.2207800784744154,0.9907572861200667,4.399727264274458,0.6483795184920633,0.3593048844644336,0.5921621399583057
4351852,Mitchell Robinson,NYK,2026-05-06,1.0,2.0,2.0,5.0,11.0,2,4,1,0,0,0,0,0,1,1,,0,4,,0,4,4,6,12.0,0.1666666666666666,0.3333333333333333,0.0833333333333333,0.0,0.0,0.0833333333333333,0.3333333333333333,0.0,0.2299999999999999,0.0,12.333333333333334,3.511884584284247,5.0,4.333333333333333,0.3333333333333333,0.0,0.0,0.0,1.0,0.6666666666666666,2.333333333333333,2.333333333333333,,0.3333333333333333,2.6666666666666665,,1.3333333333333333,3.0,2.333333333333333,18.0,0.4236111111111111,0.2502891845963902,0.3472222222222221,0.0240562612162343,0.0277777777777777,0.0481125224324688,0.0,0.0,0.0,0.0,0.2013888888888888,0.1255773702779522,0.1944444444444444,0.1734721666221777,0.0416666666666666,0.0721687836487032,0.3286111111111111,0.0963368415355051,12.6,2.8809720581775893,4.6,5.0,0.4,0.0,0.0,0.2,0.6,0.4,2.0,2.4,,0.6,2.2,,2.2,2.8,1.6,8.2,0.370530303030303,0.2062903270534337,0.3877272727272727,0.0834578958857394,0.03,0.0414996653266291,0.0,0.0,0.0,0.0,0.1971969696969697,0.0892138337183296,0.1566666666666666,0.1507389207279335,0.025,0.0559016994374947,0.2911303030303031,0.0931865677528153,15.8,4.341018825626589,7.1,6.6,0.4,0.0,0.0,0.9,1.1,0.3,3.1,3.6,,0.9,2.3,,2.6,4.0,1.7,5.1,0.4282425224787925,0.2176701257478068,0.4040873841388716,0.1019096232590258,0.0266666666666666,0.0353116635157126,0.0,0.0,0.0,0.0,0.2200858990361278,0.0968366962635316,0.1440287312484109,0.1206239455157787,0.0180555555555555,0.041434538583823,0.3015140963409842,0.0918613598421995,,,,PHI,True,13.2955,5.172778125,4.979487500000001,0.437290625,0.0,0.2769895833333333,0.83096875,0.415484375,10.58955625,10.152265625000002,5.61006875,5.416778125000001,1.1079583333333334,4.178,4.484,0.832,0.206,9.494,0.154,0.372,0.394,3.0275924428495986,2.1084933009141857,0.9185728060420688,0.4812109724434804,3.828572057569244,0.3978492176692069,0.6209798708492893,0.6314776322246102
4395623,Trey Jemison III,NYK,2026-05-06,1.0,24.0,0.0,0.0,4.0,4,2,2,0,0,0,0,3,2,3,,0,0,,0,2,2,-15,18.0,0.2222222222222222,0.1111111111111111,0.1111111111111111,0.0,0.0,0.1666666666666666,0.0,0.1666666666666666,0.3333333333333333,0.0,7.0,9.643650760992957,1.3333333333333333,0.6666666666666666,0.6666666666666666,0.0,0.0,0.0,0.0,1.3333333333333333,0.6666666666666666,1.0,,0.0,0.0,,0.0,0.6666666666666666,0.6666666666666666,-4.666666666666667,0.1111111111111111,0.1571348402636772,0.0555555555555555,0.0785674201318386,0.0555555555555555,0.0785674201318386,0.0,0.0,0.0,0.0,0.0833333333333333,0.1178511301977579,0.0,0.0,0.25,0.1178511301977579,0.3333333333333333,0.0,7.0,9.643650760992957,1.3333333333333333,0.6666666666666666,0.6666666666666666,0.0,0.0,0.0,0.0,1.3333333333333333,0.6666666666666666,1.0,,0.0,0.0,,0.0,0.6666666666666666,0.6666666666666666,-4.666666666666667,0.1111111111111111,0.1571348402636772,0.0555555555555555,0.0785674201318386,0.0555555555555555,0.0785674201318386,0.0,0.0,0.0,0.0,0.0833333333333333,0.1178511301977579,0.0,0.0,0.25,0.1178511301977579,0.3333333333333333,0.0,7.0,9.643650760992957,1.3333333333333333,0.6666666666666666,0.6666666666666666,0.0,0.0,0.0,0.0,1.3333333333333333,0.6666666666666666,1.0,,0.0,0.0,,0.0,0.6666666666666666,0.6666666666666666,-4.666666666666667,0.1111111111111111,0.1571348402636772,0.0555555555555555,0.0785674201318386,0.0555555555555555,0.0785674201318386,0.0,0.0,0.0,0.0,0.0833333333333333,0.1178511301977579,0.0,0.0,0.25,0.1178511301977579,0.3333333333333333,0.0,,,,PHI,True,8.65,1.7333333333333332,0.8666666666666666,0.8666666666666666,0.0,0.1903,0.1557,0.519,3.4666666666666663,2.6,2.6,1.7333333333333332,0.346,1.652,1.226,0.964,0.094,3.842,0.112,0.116,0.384,1.926368604395327,1.1255771852698508,1.021128787176231,0.3117114049886529,2.5284453721605296,0.321645767887594,0.3443021928480851,0.597113054621987
4411057,Kevin McCullar Jr.,NYK,2026-05-06,1.0,24.0,0.0,0.0,5.0,14,2,1,2,6,2,0,0,6,11,,0,0,,1,1,4,-3,25.0,0.56,0.08,0.04,0.08,0.24,0.44,0.0,0.0,0.44,0.0,8.333333333333334,14.433756729740644,4.666666666666667,0.6666666666666666,0.3333333333333333,0.6666666666666666,2.0,0.6666666666666666,0.0,0.0,2.0,3.6666666666666665,,0.0,0.0,,0.3333333333333333,0.3333333333333333,1.3333333333333333,-1.0,0.56,,0.08,,0.04,,0.08,,0.24,,0.44,,0.0,,0.0,,0.44,,6.25,12.5,3.5,0.5,0.25,0.5,1.5,0.5,0.0,0.0,1.5,2.75,,0.0,0.0,,0.25,0.25,1.0,-0.75,0.56,,0.08,,0.04,,0.08,,0.24,,0.44,,0.0,,0.0,,0.44,,6.25,12.5,3.5,0.5,0.25,0.5,1.5,0.5,0.0,0.0,1.5,2.75,,0.0,0.0,,0.25,0.25,1.0,-0.75,0.56,,0.08,,0.04,,0.08,,0.24,,0.44,,0.0,,0.0,,0.44,,,,,PHI,True,9.6875,5.425,0.775,0.3875,0.775,0.2131249999999999,0.1743749999999999,0.5812499999999999,6.5875,6.2,5.8125,1.1625,0.3874999999999999,4.71,1.13,0.522,0.592,6.362,0.138,0.13,0.368,3.2902735448591502,1.055035544424926,0.7304217959508054,0.7781619368743243,3.614824477066625,0.3673635801219277,0.3593048844644336,0.5971398496164865
4431823,Miles McBride,NYK,2026-05-06,1.0,2.0,2.0,5.0,12.0,8,0,2,2,5,0,0,0,3,6,,0,0,,0,0,1,16,16.0,0.5,0.0,0.125,0.125,0.3125,0.375,0.0,0.0,0.375,0.0,15.333333333333334,5.033222956847169,3.6666666666666665,1.3333333333333333,1.0,1.0,3.333333333333333,0.6666666666666666,0.0,0.3333333333333333,1.3333333333333333,4.333333333333333,,0.0,0.0,,0.3333333333333333,1.0,2.333333333333333,16.0,0.2666666666666666,0.2516611478423581,0.0833333333333333,0.0763762615825973,0.0583333333333333,0.0629152869605895,0.075,0.0661437827766147,0.2374999999999999,0.1192424001771181,0.2916666666666667,0.0877971146071062,0.0,0.0,0.0166666666666666,0.0288675134594812,0.3083333333333333,0.0629152869605897,20.0,7.84219357067906,7.4,1.0,1.0,2.2,5.2,0.8,0.0,0.6,2.6,6.8,,0.0,0.0,,0.2,0.8,2.8,15.4,0.3524263674614306,0.2132151790858817,0.0564516129032258,0.0663450445200101,0.0501472650771388,0.0460494324638875,0.1033450210378681,0.0617491574957893,0.2591900420757363,0.0920191055342248,0.3261921458625526,0.0938086263248402,0.0,0.0,0.0229032258064516,0.0317786962586589,0.3490953716690042,0.1034454984277972,19.7,5.888784066153027,7.4,1.3,1.2,2.0,4.7,0.7,0.1,0.7,2.6,6.9,,0.2,0.4,,0.4,0.9,2.1,8.4,0.3433372438810912,0.2594093558501418,0.0684431768005622,0.0508546018705926,0.0592904245185192,0.0444586397107472,0.0931261446041471,0.0592041367256568,0.2315542460234089,0.0867197767785285,0.3335602140533121,0.1244306223940596,0.018859649122807,0.0400942129435474,0.0365981330497459,0.0491079425884533,0.3784565927170932,0.1224584717198948,,,,PHI,True,18.361,6.0831776119402985,0.9794940298507464,1.0514940298507462,1.776774626865672,0.548089552238806,0.0,0.822134328358209,8.114165671641791,7.062671641791045,7.134671641791044,2.0309880597014924,0.548089552238806,9.21,2.092,1.386,1.59,12.688,0.286,0.062,0.666,4.9446840141711785,1.4817341191995277,1.0867400793197977,1.2271511724314978,5.286837996383093,0.5479087515271133,0.25,0.8015260444926292
4433225,Tyler Kolek,NYK,2026-05-06,1.0,2.0,2.0,5.0,11.0,8,0,4,2,2,0,0,1,3,5,,0,0,,0,0,0,8,10.0,0.8,0.0,0.4,0.2,0.2,0.5,0.0,0.1,0.6,0.0,8.333333333333334,4.725815626252608,4.666666666666667,0.6666666666666666,3.0,0.6666666666666666,1.3333333333333333,0.0,0.0,0.6666666666666666,1.6666666666666667,3.6666666666666665,,0.6666666666666666,0.6666666666666666,,0.0,0.6666666666666666,0.3333333333333333,2.6666666666666665,0.4333333333333333,0.404145188432738,0.1388888888888888,0.1734721666221777,0.4388888888888889,0.2110379990358064,0.0666666666666666,0.1154700538379251,0.1222222222222222,0.1071516751221439,0.4166666666666667,0.0833333333333333,0.0555555555555555,0.0962250448649376,0.0611111111111111,0.0535758375610719,0.5022222222222222,0.1468685479276294,5.8,5.019960159204453,3.2,0.4,1.8,0.4,0.8,0.0,0.2,0.4,1.2,2.4,,0.4,0.4,,0.0,0.4,0.4,0.6,0.4499999999999999,0.33166247903554,0.1041666666666666,0.1577474540500076,0.3291666666666666,0.2790111507130534,0.05,0.1,0.0916666666666666,0.1067187372905474,0.375,0.1075828707279838,0.0416666666666666,0.0833333333333333,0.0458333333333333,0.0533593686452737,0.4391666666666667,0.1740237318852209,6.0,6.782329983125268,3.3,0.5,1.8,0.5,0.9,0.1,0.1,0.4,1.2,2.4,,0.4,0.4,,0.1,0.4,0.5,1.6,0.4900584795321637,0.2712479661041264,0.0957602339181286,0.1326394881456234,0.308625730994152,0.2275773465239168,0.0698830409356725,0.090825133545478,0.1203216374269006,0.1043976355950717,0.3859649122807018,0.1030841722485795,0.0453216374269005,0.0728475192074753,0.0583333333333333,0.0697216688778396,0.4642397660818713,0.170161996816452,,,,PHI,True,7.7375,4.313379310344828,0.4961724137931034,2.436775862068965,0.6161724137931035,0.0,0.2668103448275862,0.5336206896551724,7.246327586206896,4.809551724137931,6.750155172413793,2.932948275862069,0.2668103448275862,3.568,0.736,1.382,0.532,5.686,0.01,0.124,0.298,2.868688899131448,0.8615706587390265,1.171356478617846,0.6992681888946473,3.3225598564961927,0.25,0.3473096601017598,0.5302791717576695
4610139,Jeremy Sochan,NYK,2026-05-06,1.0,2.0,2.0,5.0,14.0,0,0,0,0,0,0,0,0,0,0,,0,0,,0,0,0,0,0.0,,,,,,,,,,0.0,3.333333333333333,3.5118845842842465,4.666666666666667,0.3333333333333333,0.0,0.3333333333333333,0.6666666666666666,0.3333333333333333,0.0,0.0,2.0,2.333333333333333,,0.3333333333333333,0.6666666666666666,,0.0,0.3333333333333333,0.3333333333333333,0.6666666666666666,1.9523809523809528,1.9529615861342744,0.1666666666666666,0.2357022603955158,0.0,0.0,0.1666666666666666,0.2357022603955158,0.238095238095238,0.1346870059402947,0.8809523809523809,0.6397632782164001,0.3333333333333333,0.4714045207910317,0.0,0.0,1.0276190476190477,0.8471812673644541,2.0,3.082207001484488,2.8,0.2,0.0,0.2,0.4,0.2,0.0,0.0,1.2,1.4,,0.2,0.4,,0.0,0.2,0.2,0.4,1.9523809523809528,1.9529615861342744,0.1666666666666666,0.2357022603955158,0.0,0.0,0.1666666666666666,0.2357022603955158,0.238095238095238,0.1346870059402947,0.8809523809523809,0.6397632782164001,0.3333333333333333,0.4714045207910317,0.0,0.0,1.0276190476190477,0.8471812673644541,3.6,6.363087999461338,2.6,0.8,0.5,0.3,0.8,0.2,0.0,0.0,1.0,1.6,,0.3,0.4,,0.4,0.4,0.6,-1.1,1.1261904761904762,1.4971552768175032,0.2,0.1515353521887317,0.0625,0.125,0.1083333333333333,0.15723301886761,0.194047619047619,0.1537328424510279,0.5529761904761904,0.560006124440109,0.1916666666666666,0.3201562118716424,0.0,0.0,0.6373095238095239,0.6950060424866611,,,,PHI,True,6.95,2.9,0.33,0.1,0.2299999999999999,0.1529,0.1251,0.417,3.33,3.23,3.0,0.43,0.278,1.574,0.494,0.152,0.212,2.22,0.066,0.046,0.196,1.902767458203971,0.7196971585326707,0.3961009972216682,0.4637413071961566,2.072582929583277,0.2562108506679606,0.25,0.4445042182027073
4702159,Dillon Jones,NYK,2026-05-06,1.0,24.0,0.0,0.0,4.0,2,1,0,0,1,1,0,0,1,3,,0,0,,0,1,1,0,12.0,0.1666666666666666,0.0833333333333333,0.0,0.0,0.0833333333333333,0.25,0.0,0.0,0.25,0.0,4.0,6.928203230275509,0.6666666666666666,0.3333333333333333,0.0,0.0,0.3333333333333333,0.3333333333333333,0.0,0.0,0.3333333333333333,1.0,,0.0,0.0,,0.0,0.3333333333333333,0.3333333333333333,0.0,0.1666666666666666,,0.0833333333333333,,0.0,,0.0,,0.0833333333333333,,0.25,,0.0,,0.0,,0.25,,4.0,6.928203230275509,0.6666666666666666,0.3333333333333333,0.0,0.0,0.3333333333333333,0.3333333333333333,0.0,0.0,0.3333333333333333,1.0,,0.0,0.0,,0.0,0.3333333333333333,0.3333333333333333,0.0,0.1666666666666666,,0.0833333333333333,,0.0,,0.0,,0.0833333333333333,,0.25,,0.0,,0.0,,0.25,,4.0,6.928203230275509,0.6666666666666666,0.3333333333333333,0.0,0.0,0.3333333333333333,0.3333333333333333,0.0,0.0,0.3333333333333333,1.0,,0.0,0.0,,0.0,0.3333333333333333,0.3333333333333333,0.0,0.1666666666666666,,0.0833333333333333,,0.0,,0.0,,0.0833333333333333,,0.25,,0.0,,0.0,,0.25,,,,,PHI,True,8.0,0.8666666666666666,0.4333333333333333,0.0,0.0,0.176,0.144,0.48,1.2999999999999998,1.2999999999999998,0.8666666666666666,0.4333333333333333,0.3199999999999999,0.67,0.64,0.05,0.028,1.36,0.082,0.082,0.308,1.2153600289626116,0.7863841300534999,0.25,0.25,1.4664242223858686,0.2743647207641682,0.2815599403324272,0.5451018253500899
4871141,Ariel Hukporti,NYK,2026-05-06,1.0,2.0,2.0,5.0,14.0,5,9,0,0,0,0,2,1,2,2,,1,1,,3,6,4,22,17.0,0.2941176470588235,0.5294117647058824,0.0,0.0,0.0,0.1176470588235294,0.0588235294117647,0.0588235294117647,0.2023529411764706,0.0,10.666666666666666,7.094598884597588,2.6666666666666665,5.0,0.0,0.0,0.0,0.3333333333333333,1.3333333333333333,1.0,0.6666666666666666,0.6666666666666666,,1.3333333333333333,3.0,,1.6666666666666667,3.333333333333333,2.333333333333333,6.666666666666667,0.1813725490196078,0.1586146047780729,0.5098039215686274,0.1675294852023044,0.0,0.0,0.0,0.0,0.0,0.0,0.0392156862745098,0.0679235610811324,0.4084967320261437,0.314082721451518,0.0751633986928104,0.0845262559240363,0.2941176470588235,0.0921593658400156,7.2,7.049822692805827,1.6,3.6,0.0,0.0,0.0,0.2,1.0,0.8,0.4,0.6,,0.8,1.8,,1.4,2.2,1.4,3.0,0.1360294117647059,0.1581024845379425,0.5698529411764706,0.1820282706016255,0.0,0.0,0.0,0.0,0.0,0.0,0.0919117647058823,0.1190934373848661,0.3063725490196078,0.327845541317764,0.1188725490196078,0.1113781153676643,0.3455882352941176,0.1275112476914802,7.9,10.016098153583672,2.4,3.1,0.2,0.0,0.0,0.2,0.7,0.7,1.0,1.5,,0.4,0.9,,1.0,2.1,1.2,2.4,0.2376948215183509,0.2279568192508206,0.481184012066365,0.1968647289729004,0.0183760683760683,0.0316297061025014,0.0,0.0,0.0,0.0,0.1570010055304173,0.1372811737628894,0.2042483660130718,0.2991990247119273,0.0959150326797385,0.0985290052994575,0.3427853192559075,0.1006087654546455,,,,PHI,True,9.5525,2.3096666666666668,4.75775,0.016,0.0,0.2653472222222222,1.3267361111111111,1.061388888888889,7.0834166666666665,7.0674166666666665,2.3256666666666668,4.77375,1.5920833333333333,1.614,3.234,0.23,0.108,5.078,0.114,0.302,0.544,1.877499400798839,1.813075839561048,0.4828043081829324,0.3230108357315587,2.677296397487585,0.3591712683386576,0.55026902511408,0.7321639160734433
5211983,Pacome Dadiet,NYK,2026-05-06,1.0,2.0,2.0,5.0,14.0,4,1,2,0,1,1,0,0,2,3,,0,0,,1,0,0,7,9.0,0.4444444444444444,0.1111111111111111,0.2222222222222222,0.0,0.1111111111111111,0.3333333333333333,0.0,0.0,0.3333333333333333,0.0,6.0,4.358898943540674,3.0,0.6666666666666666,0.6666666666666666,0.3333333333333333,1.3333333333333333,0.3333333333333333,0.0,0.0,1.3333333333333333,2.333333333333333,,0.0,0.0,,0.3333333333333333,0.3333333333333333,0.3333333333333333,2.333333333333333,0.3564814814814814,0.3216509943089212,0.0787037037037037,0.0685122619766145,0.074074074074074,0.1283000598199168,0.0416666666666666,0.0721687836487032,0.162037037037037,0.1926170746547659,0.2777777777777777,0.2545875386086578,0.0,0.0,0.0,0.0,0.2777777777777777,0.2545875386086578,3.6,4.505552130427525,1.8,0.4,0.4,0.2,0.8,0.2,0.0,0.0,0.8,1.4,,0.0,0.0,,0.2,0.2,0.2,1.4,0.3564814814814814,0.3216509943089212,0.0787037037037037,0.0685122619766145,0.074074074074074,0.1283000598199168,0.0416666666666666,0.0721687836487032,0.162037037037037,0.1926170746547659,0.2777777777777777,0.2545875386086578,0.0,0.0,0.0,0.0,0.2777777777777777,0.2545875386086578,4.9,8.504247304860215,2.3,0.7,0.4,0.2,1.1,0.1,0.0,0.1,0.9,2.0,,0.3,0.5,,0.2,0.5,0.3,-0.8,0.4027777777777778,0.2369266959615553,0.1268518518518518,0.0893890250825716,0.0592592592592592,0.0965807763733725,0.0324074074074074,0.0541884255125908,0.2342592592592592,0.2017902556374642,0.3481481481481481,0.2067947300021278,0.1222222222222222,0.2165954298846436,0.0074074074074074,0.0165634664999984,0.4093333333333334,0.2669831455354439,,,,PHI,True,7.3,3.226,0.7386666666666666,0.7746666666666666,0.3273333333333333,0.4055555555555555,0.0,0.0,4.739333333333333,3.9646666666666666,4.000666666666667,1.5133333333333332,0.4055555555555555,2.344,0.76,0.498,0.232,3.602,0.148,0.014,0.012,2.337020325114868,0.9178235124467016,0.7056883164683967,0.4839173483147716,2.63203267456922,0.3976128770550571,0.25,0.25
5289900,Mohamed Diawara,NYK,2026-05-06,1.0,2.0,2.0,5.0,14.0,5,2,1,1,2,0,0,0,2,3,,0,0,,0,2,1,9,8.0,0.625,0.25,0.125,0.125,0.25,0.375,0.0,0.0,0.375,0.0,6.666666666666667,6.110100926607786,2.333333333333333,2.0,1.0,0.3333333333333333,1.3333333333333333,0.3333333333333333,0.0,0.3333333333333333,1.0,2.333333333333333,,0.0,0.0,,0.3333333333333333,1.6666666666666667,0.3333333333333333,2.333333333333333,0.3958333333333333,0.3240906080438342,0.2916666666666666,0.0589255650988789,0.1458333333333333,0.0294627825494394,0.0625,0.0883883476483184,0.2083333333333333,0.0589255650988789,0.3541666666666666,0.0294627825494395,0.0,0.0,0.0416666666666666,0.0589255650988789,0.3958333333333333,0.0294627825494395,4.8,5.215361924162122,1.4,1.2,0.8,0.2,0.8,0.2,0.0,0.2,0.6,2.0,,0.0,0.0,,0.2,1.0,0.2,0.4,0.2638888888888889,0.3236438943814179,0.1944444444444444,0.1734721666221777,0.1805555555555555,0.0636468846521644,0.0416666666666666,0.0721687836487032,0.1388888888888888,0.1272937693043289,0.4861111111111111,0.2294821061369209,0.0,0.0,0.0277777777777777,0.0481125224324688,0.513888888888889,0.2055367859298436,6.9,10.67135313715078,1.5,1.1,1.1,0.1,1.1,0.3,0.0,0.3,0.5,2.1,,0.4,0.5,,0.1,1.0,0.2,-0.2,0.2422905525846702,0.2349923835393205,0.1583778966131907,0.1325694286899913,0.1618092691622103,0.0599956481041806,0.025,0.0559016994374947,0.149108734402852,0.0919168825885654,0.3809714795008913,0.218898849664371,0.0786096256684492,0.1598429624843735,0.0284313725490196,0.0398840109937411,0.4439910873440285,0.1740314691911636,,,,PHI,True,8.0,2.2960000000000003,1.816,1.18,0.3359999999999999,0.3333333333333333,0.0,0.3333333333333333,5.292,4.112,3.476,2.996,0.3333333333333333,2.026,1.5,0.814,0.21,4.34,0.126,0.008,0.202,2.0912493873280638,1.2239281024635391,0.8575569951904072,0.4357751713900185,2.5939159585460745,0.3662294362827762,0.25,0.4529856509868717
3012,Kyle Lowry,PHI,2026-05-06,0.0,2.0,3.0,6.0,17.0,0,0,0,0,0,0,0,0,0,0,,0,0,,0,0,0,0,0.0,,,,,,,,,,0.0,0.3333333333333333,0.577350269189626,0.0,0.0,0.0,0.0,0.0,0.0,0.0,0.0,0.0,0.0,,0.0,0.0,,0.0,0.0,0.0,-1.3333333333333333,0.0,,0.0,,0.0,,0.0,,0.0,,0.0,,0.0,,0.0,,0.0,,0.6,0.8944271909999159,0.0,0.2,0.0,0.0,0.0,0.0,0.0,0.0,0.0,0.0,,0.0,0.0,,0.0,0.2,0.2,-0.6,0.0,0.0,0.25,0.3535533905932738,0.0,0.0,0.0,0.0,0.0,0.0,0.0,0.0,0.0,0.0,0.0,0.0,0.0,0.0,0.8,1.6193277068654823,0.0,0.1,0.0,0.0,0.5,0.0,0.0,0.0,0.0,0.5,,0.0,0.0,,0.0,0.1,0.1,-0.9,0.0,0.0,0.1666666666666666,0.2886751345948129,0.0,0.0,0.0,0.0,0.3333333333333333,0.5773502691896258,0.3333333333333333,0.5773502691896258,0.0,0.0,0.0,0.0,0.3333333333333333,0.5773502691896258,,,,NYK,False,5.725,0.0,0.09,0.0,0.0,0.1259499999999999,0.1030499999999999,0.3434999999999999,0.09,0.09,0.0,0.09,0.2289999999999999,0.02,0.118,0.0,0.0,0.138,0.06,0.028,0.092,0.25,0.3287491444855789,2.5,1.3,0.3780952261005156,0.25,0.25,0.315493264587376
4251,Paul George,PHI,2026-05-06,0.0,2.0,3.0,6.0,17.0,17,3,3,4,6,0,0,1,6,11,,1,1,,0,3,1,-26,26.0,0.6538461538461539,0.1153846153846153,0.1153846153846153,0.1538461538461538,0.2307692307692307,0.4230769230769231,0.0384615384615384,0.0384615384615384,0.4784615384615384,0.0,36.0,8.717797887081348,17.666666666666668,3.333333333333333,2.333333333333333,4.0,6.666666666666667,0.6666666666666666,0.3333333333333333,2.6666666666666665,6.333333333333333,12.666666666666666,,1.0,1.0,,0.0,3.333333333333333,2.333333333333333,-2.0,0.5127899877899879,0.1803941058191375,0.0956043956043956,0.0223052561870159,0.0713980463980464,0.0458936804098295,0.1167582417582417,0.0418223553506547,0.1916056166056166,0.0629032452512344,0.362057387057387,0.1073586761174824,0.0294871794871794,0.0261802280213618,0.0699633699633699,0.0307953839662765,0.444995115995116,0.1222241233770848,36.4,7.503332592921628,17.0,4.6,3.0,3.8,6.4,1.4,0.4,2.2,6.2,12.8,,0.8,0.8,,0.2,4.4,2.6,0.0,0.4853184037767684,0.1424055934950288,0.1250295540918196,0.0517457496244719,0.0818485802769373,0.0582042661675055,0.1080144349274131,0.0319321928674966,0.1761786737893264,0.0633045338238524,0.3615705162554375,0.0864602105494228,0.0241439205955334,0.0229413826879396,0.0577319604626431,0.0279300408151231,0.4299258017801153,0.0980070229955196,34.3,7.5432088662584444,16.6,4.1,3.1,2.8,5.6,1.2,0.3,1.6,5.9,12.2,,2.0,2.5,,0.2,3.9,2.2,0.4,0.4983870377381712,0.1069043221209599,0.1259274754586082,0.0664529911211484,0.0886749676452437,0.0474568402279217,0.080588711850079,0.0402312546757617,0.1623053647692277,0.0542756790774501,0.3584236630831968,0.0697005628514629,0.0819925952184016,0.1010566790306023,0.0460669093834702,0.0285666251522345,0.4405673143627638,0.0761923975392588,,,,NYK,False,34.81722222222222,16.903905797101448,3.887565217391304,3.009427536231884,3.227673913043478,1.2975362318840578,0.3243840579710144,1.6219202898550722,23.800898550724632,20.79147101449275,19.91333333333333,6.896992753623188,1.6219202898550722,19.498,5.314,3.028,2.75,27.84,1.032,0.282,1.074,6.969791675509391,2.333967437647749,1.7908701795495954,1.6659831931925364,7.613041442157005,1.1058824530663285,0.5499781813854073,1.0433235356302473
6585,Andre Drummond,PHI,2026-05-06,0.0,2.0,3.0,6.0,17.0,0,3,0,0,1,0,0,2,0,1,,0,0,,1,2,2,-3,9.0,0.0,0.3333333333333333,0.0,0.0,0.1111111111111111,0.1111111111111111,0.0,0.2222222222222222,0.3333333333333333,0.0,10.0,2.6457513110645925,0.6666666666666666,3.6666666666666665,0.3333333333333333,0.0,0.3333333333333333,0.0,0.3333333333333333,0.6666666666666666,0.3333333333333333,0.6666666666666666,,0.0,0.0,,0.6666666666666666,3.0,2.0,1.6666666666666667,0.0512820512820512,0.0888231183368661,0.3322649572649572,0.2067328397166573,0.0416666666666666,0.0721687836487032,0.0,0.0,0.037037037037037,0.0641500299099584,0.0626780626780626,0.0569087873374302,0.0,0.0,0.074074074074074,0.1283000598199168,0.1367521367521367,0.1745348534757447,8.4,2.9664793948382666,1.8,3.0,0.4,0.2,0.6,0.0,0.2,0.4,0.4,0.8,,0.8,0.8,,0.4,2.6,1.8,0.2,0.2536263736263736,0.3050577952173912,0.3136446886446886,0.2506704002187221,0.065,0.0928708781050335,0.0285714285714285,0.0638876564999939,0.0907936507936507,0.0887924647076749,0.1061782661782661,0.0746690715722576,0.1371428571428571,0.1920884150168184,0.0444444444444444,0.0993807989999906,0.2109655677655678,0.1643186912725396,16.9,9.51548445663406,5.9,5.6,1.1,0.8,1.3,0.6,0.6,0.8,2.2,3.4,,0.7,1.0,,1.7,3.9,2.2,1.2,0.3182875843184399,0.2419792994605629,0.3189099995376293,0.184709983804478,0.0692112083802125,0.0698300351750087,0.0409714409013146,0.0502679385918032,0.0844180893128999,0.0645774338782087,0.1703591935569495,0.1202197232681287,0.0904076568592697,0.1397990062376553,0.048046398046398,0.0775333371786339,0.2581849606214262,0.1331306846721043,,,,NYK,False,12.613277777777776,3.2402632420091324,3.7687570776255703,0.598683105022831,0.4030123287671233,0.4319615677321157,0.4319615677321157,0.691138508371385,7.607703424657534,7.009020319634703,3.838946347031963,4.3674401826484015,0.8639231354642314,4.69,3.37,0.982,0.526,9.042,0.358,0.268,0.554,3.3205270665965063,1.796969671419081,0.9988373240923668,0.7192523896380186,3.9970283961963538,0.5673059139476689,0.4941416800878063,0.7342233992457609
3059318,Joel Embiid,PHI,2026-05-06,0.0,2.0,3.0,5.0,8.0,14,4,1,0,2,0,0,1,3,11,,8,9,,0,4,1,-24,25.0,0.56,0.16,0.04,0.0,0.08,0.44,0.36,0.04,0.6384000000000001,0.0,32.666666666666664,7.094598884597587,22.33333333333333,8.666666666666666,5.0,0.6666666666666666,3.6666666666666665,0.3333333333333333,0.3333333333333333,1.0,7.0,18.33333333333333,,7.666666666666667,9.0,,1.0,7.666666666666667,1.6666666666666667,-2.0,0.6635394670688788,0.1803554302452564,0.2539366515837104,0.0816341762737771,0.1430467571644042,0.0980939260270642,0.018350930115636,0.0160038150250346,0.1098743086978381,0.0341218520683663,0.545359477124183,0.114171763553766,0.2826445449974861,0.0770605362973132,0.0316842634489693,0.0074443417481613,0.7014073403720463,0.0997475200867325,34.2,5.71839138219832,25.2,8.0,5.8,0.6,4.4,0.4,0.6,1.8,8.4,19.8,,7.8,9.2,,1.2,6.8,2.2,-3.6,0.7202956259426847,0.1520957836507764,0.2316983408748114,0.0940528124910855,0.1621478129713424,0.0748195222633187,0.016892911010558,0.0154976916837551,0.1268597285067873,0.0376070556503681,0.5686938159879336,0.087383308268605,0.2738099547511312,0.0558937297465175,0.0520422322775264,0.0286494820556985,0.7412124283559578,0.0904173794273808,34.857142857142854,5.0142653642240695,25.571428571428573,9.285714285714286,5.285714285714286,0.8571428571428571,4.857142857142857,0.2857142857142857,1.4285714285714286,2.0,8.0,19.285714285714285,,8.714285714285714,10.285714285714286,,1.8571428571428568,7.428571428571429,2.4285714285714284,-1.4285714285714286,0.71887093298858,0.1535922962581744,0.2640767076061193,0.0970542007585925,0.1488946347769877,0.0833757853483282,0.0235940530058177,0.018192083114512,0.1378021978021978,0.0365342388598041,0.5472355095884508,0.0802948566401788,0.2945873734109028,0.0996788548900166,0.0560267183796595,0.0322403365923221,0.7328806722689076,0.0920714440491512,,,,NYK,False,33.08942857142857,23.722724812030076,7.786987468671679,5.261851629072681,0.5808812030075188,0.3870108604845446,0.580516290726817,1.741548872180451,36.77156390977444,31.509712280701752,28.984576441102757,13.04883909774436,0.9675271512113616,15.486,7.86,4.342,1.082,27.688,0.518,0.414,1.22,5.753069093970626,2.737224872019104,2.091180527835892,1.072975302604864,6.797253563020877,0.7139159614408408,0.6652849013768463,1.1364858116140295
3064230,Cameron Payne,PHI,2026-05-06,0.0,32.0,0.0,0.0,4.0,2,3,1,0,2,0,0,0,1,3,,0,0,,0,3,0,6,9.0,0.2222222222222222,0.3333333333333333,0.1111111111111111,0.0,0.2222222222222222,0.3333333333333333,0.0,0.0,0.3333333333333333,1.0,7.666666666666667,7.094598884597588,2.0,2.0,0.6666666666666666,0.0,1.0,0.0,0.3333333333333333,0.0,0.6666666666666666,2.0,,0.6666666666666666,0.6666666666666666,,0.0,2.0,1.0,1.6666666666666667,0.2539682539682539,0.0448956686467649,0.2738095238095238,0.0841793787126842,0.0912698412698412,0.028059792904228,0.0,0.0,0.1468253968253968,0.1066272130360666,0.2738095238095238,0.0841793787126842,0.0714285714285714,0.101015254455221,0.0,0.0,0.3052380952380952,0.0397326667523869,7.666666666666667,7.094598884597588,2.0,2.0,0.6666666666666666,0.0,1.0,0.0,0.3333333333333333,0.0,0.6666666666666666,2.0,,0.6666666666666666,0.6666666666666666,,0.0,2.0,1.0,1.6666666666666667,0.2539682539682539,0.0448956686467649,0.2738095238095238,0.0841793787126842,0.0912698412698412,0.028059792904228,0.0,0.0,0.1468253968253968,0.1066272130360666,0.2738095238095238,0.0841793787126842,0.0714285714285714,0.101015254455221,0.0,0.0,0.3052380952380952,0.0397326667523869,7.666666666666667,7.094598884597588,2.0,2.0,0.6666666666666666,0.0,1.0,0.0,0.3333333333333333,0.0,0.6666666666666666,2.0,,0.6666666666666666,0.6666666666666666,,0.0,2.0,1.0,1.6666666666666667,0.2539682539682539,0.0448956686467649,0.2738095238095238,0.0841793787126842,0.0912698412698412,0.028059792904228,0.0,0.0,0.1468253968253968,0.1066272130360666,0.2738095238095238,0.0841793787126842,0.0714285714285714,0.101015254455221,0.0,0.0,0.3052380952380952,0.0397326667523869,,,,NYK,False,7.76,1.94,2.0855,0.6951666666666666,0.0,0.1707199999999999,0.13968,0.4655999999999999,4.7206666666666655,4.025499999999999,2.6351666666666667,2.7806666666666664,0.3104,1.772,2.132,0.972,0.084,4.876,0.236,0.098,0.352,1.988973604651404,1.4263856421038457,0.975303029832267,0.2914515397111499,2.714520952212379,0.4693655291987259,0.3104770522921138,0.5933767774357199
3133603,Kelly Oubre Jr.,PHI,2026-05-06,0.0,2.0,3.0,6.0,17.0,12,5,1,1,2,1,1,2,5,8,,1,1,,2,3,1,-25,27.0,0.4444444444444444,0.1851851851851851,0.037037037037037,0.037037037037037,0.074074074074074,0.2962962962962963,0.037037037037037,0.074074074074074,0.3866666666666666,0.0,32.333333333333336,6.110100926607789,10.666666666666666,6.333333333333333,1.3333333333333333,0.6666666666666666,2.6666666666666665,1.0,1.0,2.0,4.333333333333333,8.333333333333334,,1.3333333333333333,1.6666666666666667,,1.6666666666666667,4.666666666666667,2.6666666666666665,1.3333333333333333,0.3323223968385259,0.1275537267680518,0.1924149128450203,0.0352991698527885,0.0423980639034402,0.0199843406875602,0.0208926875593542,0.0189695957791435,0.082590448181846,0.0123658068388428,0.2572986551481175,0.0556668897566028,0.0509450724504487,0.0137426449517611,0.06108507183776,0.0250055287416489,0.3407995588640749,0.0750468214517648,32.0,4.35889894354067,7.6,5.8,1.2,0.4,2.4,0.6,0.8,1.2,3.0,7.2,,1.2,1.6,,1.0,4.8,2.8,-4.0,0.2372966639095671,0.1597601562801267,0.1787553993199154,0.0374188072069986,0.0381404512452899,0.015290604419615,0.0125356125356125,0.0176316221615565,0.0749574947155592,0.0136457281349079,0.2243388705082253,0.0613204606894563,0.0497202692767208,0.0153483657276887,0.036651043102656,0.0378424897998533,0.2828668320926385,0.0971907972704801,32.6,5.601587076693334,10.7,5.5,1.1,1.0,4.0,0.8,0.5,1.1,4.1,9.2,,1.5,1.9,,0.9,4.6,2.8,-1.2,0.3262324834274343,0.1487100696020027,0.1718224752560306,0.0482183664019532,0.0348696646128273,0.0193000731474682,0.0275178062678062,0.0402949647950121,0.1204012578767137,0.0619653804285459,0.2833633342723455,0.0858461794460283,0.0592544193508429,0.0328672934714414,0.0352469801768539,0.0351555815435567,0.3446822589635703,0.1071117364416917,,,,NYK,False,32.23883333333333,10.048570297029704,5.503963696369636,1.1143927392739277,0.9143927392739272,0.5319939493949395,0.5319939493949395,0.9575891089108912,16.666926732673268,15.55253399339934,11.162963036303632,6.618356435643564,1.063987898789879,11.318,6.146,1.98,1.106,19.444,0.536,0.376,0.832,4.946602470383081,2.360653299406755,1.3577923257994942,1.0347772707206124,5.682857027939379,0.7104252247773865,0.5955031486062857,0.9336894558684916
4397014,Quentin Grimes,PHI,2026-05-06,0.0,2.0,3.0,6.0,17.0,5,1,4,1,3,1,0,0,1,4,,2,2,,0,1,3,-24,24.0,0.2083333333333333,0.0416666666666666,0.1666666666666666,0.0416666666666666,0.125,0.1666666666666666,0.0833333333333333,0.0,0.2033333333333333,0.0,24.0,2.0,3.333333333333333,3.333333333333333,3.333333333333333,0.3333333333333333,2.333333333333333,0.3333333333333333,0.0,0.0,1.0,4.666666666666667,,1.0,1.3333333333333333,,0.3333333333333333,3.0,1.0,-7.0,0.1382090132090132,0.0619502060469652,0.1362665112665112,0.0945513194646402,0.1371406371406371,0.0405476052001216,0.0138888888888888,0.0240562612162344,0.0999417249417249,0.0535457099596235,0.1977466977466977,0.0652507191957181,0.0534188034188034,0.0463729367825015,0.0,0.0,0.2212509712509712,0.0452605527035968,24.0,1.4142135623730965,8.0,2.8,3.2,1.2,3.4,0.4,0.4,0.2,2.6,5.8,,1.6,2.0,,0.2,2.6,1.6,-1.6,0.3329254079254079,0.2842904385675213,0.1150932400932401,0.0728735370630784,0.1322843822843822,0.0931599305752567,0.0499999999999999,0.0684653196881457,0.1432983682983683,0.0918172967402015,0.2436480186480186,0.0793494686817716,0.082051282051282,0.0589952582812489,0.0083333333333333,0.0186338998124982,0.288083916083916,0.1058263366616458,23.1,3.510302297840204,7.9,3.2,2.7,1.3,3.0,0.3,0.5,0.6,2.6,5.8,,1.4,1.6,,0.2,3.0,1.8,-1.2,0.3259778554778555,0.2440258618232136,0.1433951048951049,0.0695298781229867,0.1125188145188145,0.0736887444188983,0.0528095238095238,0.0618600571181975,0.126575591075591,0.0784694306405034,0.2411270396270396,0.1147063926343269,0.0705927405927406,0.05666152681598,0.0240714285714285,0.0328487931266362,0.296259274059274,0.1350052267259651,,,,NYK,False,23.377444444444443,6.528657799671592,3.111780952380952,2.824109688013136,0.993863054187192,0.23031964969896,0.5757991242474,0.46063929939792,12.46454844006568,9.640438752052544,9.352767487684728,5.9358906403940885,0.80611877394636,10.568,4.296,3.014,1.508,17.878,0.358,0.352,0.506,5.268147302420463,2.0910246292188908,1.660663722732571,1.257750372689271,5.818171190331203,0.6081414309188282,0.5899966101597532,0.7056656432050522
4397179,Tyrese Martin,PHI,2026-05-06,0.0,21.0,0.0,0.0,5.0,0,0,0,0,0,0,0,0,0,0,,0,0,,0,0,0,0,0.0,,,,,,,,,,0.0,0.3333333333333333,0.5773502691896258,0.0,0.0,0.0,0.0,0.0,0.0,0.0,0.0,0.0,0.0,,0.0,0.0,,0.0,0.0,0.0,-1.0,0.0,,0.0,,0.0,,0.0,,0.0,,0.0,,0.0,,0.0,,0.0,,0.25,0.5,0.0,0.0,0.0,0.0,0.0,0.0,0.0,0.0,0.0,0.0,,0.0,0.0,,0.0,0.0,0.0,-0.75,0.0,,0.0,,0.0,,0.0,,0.0,,0.0,,0.0,,0.0,,0.0,,0.25,0.5,0.0,0.0,0.0,0.0,0.0,0.0,0.0,0.0,0.0,0.0,,0.0,0.0,,0.0,0.0,0.0,-0.75,0.0,,0.0,,0.0,,0.0,,0.0,,0.0,,0.0,,0.0,,0.0,,,,,NYK,False,8.0,0.0,0.0,0.0,0.0,0.176,0.144,0.48,0.0,0.0,0.0,0.0,0.3199999999999999,0.0,0.004,0.002,0.0,0.006,0.026,0.014,0.032,7.5,0.25,0.25,1.3,0.25,0.25,0.25,0.25
4431675,Trendon Watford,PHI,2026-05-06,0.0,2.0,3.0,6.0,17.0,5,1,1,0,1,1,0,2,1,4,,3,4,,0,1,0,-12,14.0,0.3571428571428571,0.0714285714285714,0.0714285714285714,0.0,0.0714285714285714,0.2857142857142857,0.2857142857142857,0.1428571428571428,0.5542857142857143,0.0,5.0,7.810249675906654,1.6666666666666667,0.3333333333333333,0.3333333333333333,0.0,0.3333333333333333,0.3333333333333333,0.0,0.6666666666666666,0.3333333333333333,1.3333333333333333,,1.0,1.3333333333333333,,0.0,0.3333333333333333,0.0,-5.333333333333333,0.1785714285714285,0.2525381361380527,0.0357142857142857,0.0505076272276105,0.0357142857142857,0.0505076272276105,0.0,0.0,0.0357142857142857,0.0505076272276105,0.1428571428571428,0.2020305089104421,0.1428571428571428,0.2020305089104421,0.0714285714285714,0.101015254455221,0.2771428571428571,0.3919391872862577,4.4,5.683308895353129,1.8,0.4,0.4,0.0,0.2,0.2,0.0,0.4,0.4,1.0,,1.0,1.2,,0.0,0.4,0.0,-4.0,0.2892857142857143,0.3798272074022518,0.1428571428571428,0.2404644032943352,0.0678571428571428,0.0943109634301826,0.0,0.0,0.0178571428571428,0.0357142857142857,0.1214285714285714,0.1445141990999382,0.1714285714285714,0.2033729190863107,0.0357142857142857,0.0714285714285714,0.2325714285714285,0.2782389713359147,3.6,4.6475800154489,1.7,0.3,0.3,0.0,0.1,0.1,0.1,0.3,0.6,1.0,,0.5,0.6,,0.0,0.3,0.2,-3.6,0.3833333333333333,0.3747561565481591,0.119047619047619,0.1951800145897066,0.069047619047619,0.0859124692984224,0.0,0.0,0.0119047619047619,0.0291605921759902,0.1999999999999999,0.2138089935299395,0.1142857142857142,0.1807015805810502,0.0476190476190476,0.0737711113563317,0.2979047619047619,0.2546717241368384,,,,NYK,False,7.23,3.131793103448276,0.6287586206896553,0.4791724137931035,0.0,0.2493103448275862,0.0,0.4986206896551724,4.239724137931034,3.760551724137931,3.6109655172413793,1.1079310344827586,0.2493103448275862,2.092,0.814,0.546,0.136,3.452,0.186,0.006,0.322,2.208061593343809,0.9270404521918124,0.7428889553627783,0.3653819918934155,2.5329224228151954,0.4188126072600967,0.25,0.5606389212318389
4431678,Tyrese Maxey,PHI,2026-05-06,0.0,2.0,3.0,6.0,17.0,13,3,2,0,3,0,0,4,3,9,,7,7,,1,2,1,-28,27.0,0.4814814814814814,0.1111111111111111,0.074074074074074,0.0,0.1111111111111111,0.3333333333333333,0.2592592592592592,0.1481481481481481,0.5955555555555555,0.0,37.333333333333336,9.29157324317757,24.33333333333333,5.333333333333333,4.666666666666667,1.6666666666666667,4.0,0.6666666666666666,0.0,1.6666666666666667,8.333333333333334,16.333333333333332,,6.0,6.0,,0.6666666666666666,4.666666666666667,2.0,-1.6666666666666667,0.6327160493827161,0.137441012828471,0.1351851851851851,0.0994325463604355,0.1182098765432098,0.04116293585889,0.0398148148148148,0.0377137256563264,0.1083333333333333,0.0182151070119494,0.4277777777777777,0.1109721353079899,0.1725308641975308,0.0752244773567655,0.0567901234567901,0.0798947638882145,0.5604814814814815,0.0690907734753623,39.0,7.035623639735143,24.0,5.6,5.0,2.4,5.8,0.8,0.4,1.6,8.4,16.2,,4.8,4.8,,0.4,5.2,2.0,-2.4,0.6059086993970715,0.1044780516165155,0.1376227390180878,0.0955012594443413,0.1241817398794143,0.0324992260781621,0.0578423772609819,0.03787842905177,0.1465116279069767,0.0575584839194261,0.4103875968992247,0.0855147160473405,0.1328208440999138,0.0783814226761139,0.0483763996554694,0.0581563673913872,0.5172051679586562,0.0803273084061247,38.3,6.325433669805667,25.3,4.1,5.5,2.8,7.2,0.9,0.5,1.9,9.2,19.8,,4.1,4.4,,0.4,3.7,2.0,-1.6,0.657607931852118,0.1038550641319299,0.1032071939048683,0.0761723937157105,0.138487623836461,0.0568669232305387,0.0705789177882201,0.0391163127114364,0.1849660956637701,0.0789936061076675,0.510729333985148,0.1398403465289808,0.1198445704841053,0.067338447552974,0.0554312285707634,0.0468064293353424,0.6188921735689177,0.1258302906274782,,,,NYK,False,37.60844444444445,23.78932434456929,4.404015730337079,5.242791011235955,2.408010486891386,0.8451335830212234,0.5282084893882647,1.6902671660424469,33.436131086142325,28.19334007490637,29.03211535580525,9.646806741573034,1.3733420724094882,19.798,5.14,3.966,2.43,28.904,0.776,0.384,1.152,6.920202020172533,2.3083327316485374,1.846305500181376,1.5222023518573344,7.619893962516802,0.8909680128938413,0.6004531622033479,1.1299982300871094
4432179,MarJon Beauchamp,PHI,2026-05-06,0.0,21.0,0.0,0.0,9.0,0,0,0,0,0,0,0,0,0,0,,0,0,,0,0,0,0,0.0,,,,,,,,,,0.0,1.0,1.7320508075688772,1.0,0.3333333333333333,0.0,0.0,0.3333333333333333,0.0,0.0,0.0,0.3333333333333333,0.6666666666666666,,0.3333333333333333,0.6666666666666666,,0.3333333333333333,0.0,0.0,-0.6666666666666666,1.0,,0.3333333333333333,,0.0,,0.0,,0.3333333333333333,,0.6666666666666666,,0.6666666666666666,,0.0,,0.96,,0.6,1.3416407864998738,0.6,0.2,0.0,0.0,0.2,0.0,0.0,0.0,0.2,0.4,,0.2,0.4,,0.2,0.0,0.0,-0.4,1.0,,0.3333333333333333,,0.0,,0.0,,0.3333333333333333,,0.6666666666666666,,0.6666666666666666,,0.0,,0.96,,1.125,1.5526475085202969,0.75,0.125,0.125,0.125,0.25,0.0,0.0,0.0,0.25,0.375,,0.125,0.25,,0.125,0.0,0.0,-0.125,0.6666666666666666,0.5773502691896258,0.1111111111111111,0.1924500897298752,0.1111111111111111,0.1924500897298752,0.1111111111111111,0.1924500897298752,0.2222222222222222,0.1924500897298752,0.3333333333333333,0.3333333333333333,0.2222222222222222,0.3849001794597505,0.0,0.0,0.431111111111111,0.4874119103698333,,,,NYK,False,8.0,0.66,0.1949999999999999,0.025,0.025,0.176,0.144,0.48,0.88,0.855,0.685,0.2199999999999999,0.3199999999999999,0.494,0.216,0.036,0.042,0.746,0.066,0.028,0.118,1.0648774577386828,0.448713717196165,0.25,0.25,1.1633933126849234,0.2562108506679606,0.25,0.3522442334517344
4432446,Jabari Walker,PHI,2026-05-06,0.0,2.0,3.0,6.0,17.0,2,2,0,0,0,0,0,1,0,2,,2,2,,1,1,2,-8,10.0,0.2,0.2,0.0,0.0,0.0,0.2,0.2,0.1,0.388,0.0,3.333333333333333,5.773502691896257,0.6666666666666666,0.6666666666666666,0.0,0.0,0.0,0.0,0.0,0.3333333333333333,0.0,0.6666666666666666,,0.6666666666666666,0.6666666666666666,,0.3333333333333333,0.3333333333333333,0.6666666666666666,-2.6666666666666665,0.2,,0.2,,0.0,,0.0,,0.0,,0.2,,0.2,,0.1,,0.388,,3.2,4.147288270665545,0.8,0.6,0.0,0.0,0.8,0.0,0.0,0.2,0.2,1.6,,0.4,0.4,,0.4,0.2,0.4,-2.4,0.2333333333333333,0.2516611478423583,0.15,0.1322875655532295,0.0,0.0,0.0,0.0,0.5,0.5,0.7333333333333334,0.4618802153517006,0.0666666666666666,0.1154700538379251,0.0333333333333333,0.0577350269189625,0.7959999999999999,0.3533383647440509,2.8,3.675746333890726,1.1,0.6,0.0,0.1,0.5,0.0,0.0,0.1,0.3,1.0,,0.4,0.6,,0.3,0.3,0.4,-2.8,0.315,0.3739986630992148,0.19,0.108397416943394,0.0,0.0,0.025,0.0559016994374947,0.325,0.4293891009329417,0.49,0.4748684028233506,0.1399999999999999,0.2190890230020664,0.02,0.0447213595499957,0.5716,0.4294796852005925,,,,NYK,False,6.95,1.234,1.166,0.0,0.008,0.0,0.0,0.3475,2.4,2.4,1.234,1.166,0.0,1.4,0.966,0.016,0.188,2.382,0.006,0.0,0.154,1.8044389709823936,1.0338491185854928,0.25,0.4203046514137097,2.080402845604668,0.25,1.3,0.3718655671072545
4433159,Dalen Terry,PHI,2026-05-06,0.0,2.0,3.0,6.0,13.0,3,0,1,1,2,1,0,0,1,4,,0,0,,0,0,0,-8,12.0,0.25,0.0,0.0833333333333333,0.0833333333333333,0.1666666666666666,0.3333333333333333,0.0,0.0,0.3333333333333333,0.0,4.333333333333333,6.6583281184793925,1.0,0.0,0.3333333333333333,0.3333333333333333,0.6666666666666666,0.3333333333333333,0.0,0.0,0.3333333333333333,1.3333333333333333,,0.0,0.0,,0.0,0.0,0.0,-4.0,0.125,0.1767766952966369,0.0,0.0,0.0416666666666666,0.0589255650988789,0.0416666666666666,0.0589255650988789,0.0833333333333333,0.1178511301977579,0.1666666666666666,0.2357022603955158,0.0,0.0,0.0,0.0,0.1666666666666666,0.2357022603955158,3.8,4.816637831516919,0.6,0.0,0.2,0.2,0.6,0.2,0.0,0.2,0.2,1.0,,0.0,0.0,,0.0,0.0,0.0,-3.2,0.0625,0.125,0.0,0.0,0.0208333333333333,0.0416666666666666,0.0208333333333333,0.0416666666666666,0.1041666666666666,0.125,0.1458333333333333,0.1717960677340691,0.0,0.0,0.0625,0.125,0.2083333333333333,0.25,2.9,3.8427420765212266,0.6,0.4,0.3,0.1,0.4,0.1,0.0,0.1,0.2,0.8,,0.1,0.3,,0.1,0.3,0.0,-2.4,0.1527777777777777,0.2001157072703097,0.1388888888888888,0.2215266893041876,0.0694444444444444,0.1335068315633101,0.0138888888888888,0.0340206908719885,0.0972222222222222,0.1107633446520938,0.1944444444444444,0.1551582227085438,0.0972222222222222,0.1529039882724764,0.0416666666666666,0.1020620726159657,0.2788888888888889,0.225582373884591,,,,NYK,False,6.95,1.0992000000000002,0.3656,0.6524,0.3028,0.278,0.0,0.278,2.1172000000000004,1.4648000000000003,1.7516000000000005,1.018,0.278,1.334,0.536,0.614,0.208,2.484,0.164,0.008,0.154,1.7545495148327963,0.7188212573373162,0.7930977241172743,0.4390170839500441,2.1018430007971576,0.4013776276774778,0.25,0.4316063020855928
4433569,Johni Broome,PHI,2026-05-06,0.0,2.0,3.0,6.0,9.0,0,1,0,0,1,0,0,0,0,1,,0,0,,1,0,0,0,5.0,0.0,0.2,0.0,0.0,0.2,0.2,0.0,0.0,0.2,0.0,1.6666666666666667,2.8867513459481287,0.0,0.3333333333333333,0.0,0.0,0.3333333333333333,0.0,0.0,0.0,0.0,0.3333333333333333,,0.0,0.0,,0.3333333333333333,0.0,0.0,0.0,0.0,,0.2,,0.0,,0.0,,0.2,,0.2,,0.0,,0.0,,0.2,,1.0,2.23606797749979,0.0,0.2,0.0,0.0,0.2,0.0,0.0,0.0,0.0,0.2,,0.0,0.0,,0.2,0.0,0.0,0.0,0.0,,0.2,,0.0,,0.0,,0.2,,0.2,,0.0,,0.0,,0.2,,0.625,1.7677669529663689,0.0,0.125,0.0,0.0,0.125,0.0,0.0,0.0,0.0,0.125,,0.0,0.0,,0.125,0.0,0.0,0.0,0.0,,0.2,,0.0,,0.0,,0.2,,0.2,,0.0,,0.0,,0.2,,,,,NYK,False,6.95,0.0,0.345,0.0,0.0,0.1529,0.1251,0.417,0.345,0.345,0.0,0.345,0.278,0.066,0.384,0.002,0.0,0.452,0.064,0.046,0.186,0.3655735220171177,0.6070782486632181,0.25,1.3,0.6983523465987639,0.2605839595984373,0.25,0.4329018364479411
4711297,Justin Edwards,PHI,2026-05-06,0.0,2.0,3.0,6.0,17.0,8,0,0,2,4,0,0,2,2,4,,2,4,,0,0,5,-10,16.0,0.5,0.0,0.0,0.125,0.25,0.25,0.25,0.125,0.485,0.0,9.333333333333334,7.023769168568492,3.333333333333333,1.6666666666666667,0.0,0.6666666666666666,2.0,0.0,0.0,1.3333333333333333,1.0,2.6666666666666665,,0.6666666666666666,1.3333333333333333,,0.3333333333333333,1.3333333333333333,2.6666666666666665,-7.666666666666667,0.2333333333333333,0.2516611478423583,0.1666666666666666,0.2886751345948129,0.0,0.0,0.0416666666666666,0.0721687836487032,0.15,0.1322875655532295,0.35,0.1322875655532295,0.0833333333333333,0.1443375672974064,0.1083333333333333,0.1010362971081845,0.4949999999999999,0.0086602540378443,7.8,6.648308055437866,2.0,1.4,0.4,0.4,1.2,0.0,0.0,0.8,0.6,1.6,,0.4,0.8,,0.2,1.2,1.6,-8.0,0.175,0.2362907813126303,0.1704545454545454,0.2358239760041421,0.0454545454545454,0.0909090909090909,0.03125,0.0625,0.1125,0.1314977819838292,0.2625,0.2056493779875511,0.0625,0.125,0.08125,0.098689327352725,0.3712499999999999,0.247600989497215,11.4,8.51404069105198,3.9,2.0,0.5,0.9,2.0,0.4,0.1,0.7,1.4,3.6,,0.2,0.5,,0.6,1.4,1.4,-3.6,0.2597709834922111,0.2719425239374272,0.1767377443528338,0.1758052219758547,0.0392786561264822,0.0658384397036706,0.055833672401767,0.0788045599931904,0.1427661053779979,0.1229106476233938,0.3061031200257543,0.2105179353238697,0.0386029411764705,0.0878624827074871,0.0652905518394648,0.0820114529854403,0.3883789659828662,0.2112170565208399,,,,NYK,False,11.1865,3.094657142857143,1.9573857142857145,0.3172714285714285,0.6230285714285715,0.0,0.1229285714285714,0.7375714285714287,5.369314285714286,5.052042857142857,3.411928571428572,2.274657142857143,0.1229285714285714,3.832,2.368,0.626,0.64,6.826,0.036,0.09,0.504,3.1170139556954184,1.488816980021386,0.8112484206456121,0.8114185110040317,3.425744298688972,0.25,0.2930870177950569,0.6855537907414706
4870562,Dominick Barlow,PHI,2026-05-06,0.0,2.0,3.0,6.0,17.0,7,3,0,0,0,1,0,0,3,3,,1,2,,1,2,0,-8,13.0,0.5384615384615384,0.2307692307692307,0.0,0.0,0.0,0.2307692307692307,0.1538461538461538,0.0,0.2984615384615384,0.0,5.0,7.0,2.333333333333333,1.0,0.0,0.0,0.0,0.3333333333333333,0.0,0.0,1.0,1.0,,0.3333333333333333,0.6666666666666666,,0.3333333333333333,0.6666666666666666,0.0,-2.333333333333333,0.2692307692307692,0.3807498052542948,0.1153846153846153,0.1631784879661263,0.0,0.0,0.0,0.0,0.0,0.0,0.1153846153846154,0.1631784879661263,0.0769230769230769,0.1087856586440842,0.0,0.0,0.1492307692307692,0.2110441777695234,6.4,5.594640292279751,1.8,1.4,0.0,0.0,0.2,0.2,0.4,0.0,0.6,0.8,,0.6,0.8,,0.6,0.8,0.4,-6.0,0.2179487179487179,0.2652328316099641,0.2054195804195804,0.2181208263025442,0.0,0.0,0.0,0.0,0.0227272727272727,0.0454545454545454,0.0804195804195804,0.109010190686153,0.1217948717948717,0.1585809856006792,0.0,0.0,0.134009324009324,0.1251943398296064,8.4,6.65331997326649,2.4,1.6,0.2,0.0,0.2,0.3,0.3,0.3,0.8,1.6,,0.8,1.0,,0.8,0.8,1.4,-2.3,0.2360576923076923,0.2100602559279204,0.189316933066933,0.1452583190526887,0.0125,0.0353553390593273,0.0,0.0,0.0238636363636363,0.0442536159716281,0.1527097902097902,0.1711126030560806,0.1025641025641025,0.12444296850015,0.03125,0.0703942976586679,0.2290879953379953,0.2158119214597737,,,,NYK,False,8.4,2.48275,1.6477500000000005,0.016,0.0,0.13125,0.39375,0.2625,4.1465,4.1305,2.49875,1.6637500000000005,0.525,2.244,1.8,0.188,0.156,4.232,0.144,0.204,0.21,2.236171728646975,1.4099645385611654,0.4297161854061352,0.3842707378919191,2.6985507221469827,0.367782544447123,0.4586763564867934,0.4537620521815371
5105637,Adem Bona,PHI,2026-05-06,0.0,2.0,3.0,6.0,17.0,0,1,0,0,0,0,0,3,0,0,,0,0,,0,1,5,-4,4.0,0.0,0.25,0.0,0.0,0.0,0.0,0.0,0.75,0.75,0.0,1.6666666666666667,2.08166599946614,0.0,0.3333333333333333,0.0,0.0,0.0,0.0,0.0,1.0,0.0,0.0,,0.0,0.0,,0.0,0.3333333333333333,1.6666666666666667,-2.6666666666666665,0.0,0.0,0.125,0.1767766952966369,0.0,0.0,0.0,0.0,0.0,0.0,0.0,0.0,0.0,0.0,0.375,0.5303300858899106,0.375,0.5303300858899106,1.8,2.0493901531919163,0.8,0.2,0.0,0.0,0.0,0.0,0.0,0.8,0.4,0.4,,0.0,0.0,,0.0,0.2,1.0,-0.8,0.3333333333333334,0.5773502691896257,0.0833333333333333,0.1443375672974064,0.0,0.0,0.0,0.0,0.0,0.0,0.1666666666666666,0.2886751345948128,0.0,0.0,0.3333333333333333,0.3818813079129866,0.5,0.4330127018922193,10.0,9.07989231458416,2.3,1.7,0.0,0.0,0.0,0.1,0.7,0.9,0.8,1.8,,0.7,1.0,,0.6,1.1,2.0,1.8,0.2536406608097784,0.3399263745632515,0.1416336420932009,0.0979669573306543,0.0,0.0,0.0,0.0,0.0,0.0,0.1702934014514897,0.1619869875891078,0.0675730519480519,0.102737105383435,0.1566558441558441,0.2547925682297209,0.3566813884644767,0.2826492731046857,,,,NYK,False,9.35,1.5802168674698798,1.2778554216867473,0.0,0.0,0.1126506024096385,0.78855421686747,1.0138554216867472,2.858072289156627,2.858072289156627,1.5802168674698798,1.2778554216867473,0.9012048192771084,0.86,1.084,0.042,0.036,1.986,0.08,0.18,0.33,1.4368020044529446,1.0643984216448277,0.25,0.25,1.7555067644415387,0.2712931993250107,0.4142463035441596,0.5736723803705387
5124612,VJ Edgecombe,PHI,2026-05-06,0.0,2.0,3.0,6.0,17.0,12,1,2,2,5,1,0,1,5,11,,0,2,,1,0,3,-15,28.0,0.4285714285714285,0.0357142857142857,0.0714285714285714,0.0714285714285714,0.1785714285714285,0.3928571428571428,0.0714285714285714,0.0357142857142857,0.46,0.0,36.66666666666666,8.082903768654761,16.333333333333332,5.0,3.0,2.6666666666666665,7.333333333333333,0.3333333333333333,0.6666666666666666,1.3333333333333333,6.0,13.0,,1.6666666666666667,2.333333333333333,,0.6666666666666666,4.333333333333333,2.6666666666666665,7.333333333333333,0.4399065846434267,0.0777751034228665,0.1275347459557985,0.0877398053572454,0.0804283435862383,0.009824338419845,0.070460241512873,0.0436683399632299,0.1954887218045112,0.0483269177901595,0.3562314878104352,0.0579050486810805,0.0652768284347231,0.017573424650967,0.0346320346320346,0.0341037905986768,0.419585326953748,0.0829165665565767,37.2,5.93295878967653,13.0,5.2,2.6,2.2,6.4,0.6,0.4,1.2,4.6,11.2,,1.6,2.2,,1.2,4.0,3.2,3.4,0.3472772841193893,0.1413520078685571,0.1337430697957013,0.0665704825480882,0.0688125617072985,0.0240829415848699,0.0572761449077238,0.0445252761220881,0.169515455304929,0.0512023781201549,0.3037388926862611,0.0845902379075816,0.060277208171945,0.0143226579890197,0.0313347763347763,0.0245536882829212,0.3615956406166932,0.1006182001971655,36.9,5.065131346328107,14.6,6.7,3.5,1.9,6.4,1.0,0.3,1.7,5.7,13.6,,1.3,1.7,,1.8,4.9,2.6,5.0,0.3962488190966778,0.1949671283787764,0.1774278581352495,0.0822227932737951,0.0990040412796135,0.0945034215422508,0.0513876884292843,0.056687320514279,0.1731420034713679,0.0547497525692934,0.3711136507125258,0.1072876671953112,0.0449845424613226,0.0391415666409587,0.0448916915787605,0.026633652441144,0.4357985409742683,0.1193887146671254,,,,NYK,False,36.284444444444446,14.492205128205129,5.788615384615385,2.6698461538461538,2.059384615384616,0.966153846153846,0.322051282051282,1.7176068376068374,22.950666666666667,20.28082051282051,17.162051282051284,8.458461538461538,1.288205128205128,15.622,6.714,3.016,1.868,25.352,0.918,0.254,1.222,5.8233251669471455,2.746671440125302,1.7342848670273288,1.3261131173470837,6.494928483055067,0.9875606310500636,0.4954634194367935,1.0884465995169446
6427,Bismack Biyombo,SAS,2026-05-06,1.0,2.0,1.0,4.0,14.0,0,0,0,0,0,0,0,0,0,0,,0,0,,0,0,0,0,0.0,,,,,,,,,,0.0,1.0,1.0,0.0,0.3333333333333333,0.0,0.0,0.0,0.0,0.0,0.0,0.0,0.0,,0.0,0.0,,0.0,0.3333333333333333,0.0,0.6666666666666666,0.0,0.0,0.5,0.7071067811865476,0.0,0.0,0.0,0.0,0.0,0.0,0.0,0.0,0.0,0.0,0.0,0.0,0.0,0.0,0.6,0.8944271909999154,0.0,0.2,0.0,0.0,0.0,0.0,0.0,0.0,0.0,0.0,,0.0,0.0,,0.0,0.2,0.0,0.4,0.0,0.0,0.5,0.7071067811865476,0.0,0.0,0.0,0.0,0.0,0.0,0.0,0.0,0.0,0.0,0.0,0.0,0.0,0.0,1.0,1.8856180831641265,0.2,0.2,0.0,0.0,0.0,0.0,0.0,0.1,0.1,0.1,,0.0,0.0,,0.0,0.2,0.0,-1.2,0.0833333333333333,0.1666666666666666,0.2916666666666667,0.478713553878169,0.0,0.0,0.0,0.0,0.0,0.0,0.0416666666666666,0.0833333333333333,0.0,0.0,0.0416666666666666,0.0833333333333333,0.0833333333333333,0.1666666666666666,,,,MIN,True,5.666666666666667,0.04,0.21,0.0,0.0,0.1246666666666666,0.102,0.34,0.25,0.25,0.04,0.21,0.2266666666666666,0.078,0.172,0.0,0.002,0.25,0.052,0.022,0.102,0.4097755483188327,0.4128147284194206,2.5,0.25,0.5962382074305537,0.25,0.25,0.3155883394550565
6578,Harrison Barnes,SAS,2026-05-06,1.0,2.0,1.0,4.0,14.0,2,4,0,0,0,0,1,0,1,1,,0,0,,3,1,0,4,10.0,0.2,0.4,0.0,0.0,0.0,0.1,0.0,0.0,0.1,0.0,11.333333333333334,1.5275252316519456,2.333333333333333,2.0,0.3333333333333333,0.0,1.0,0.0,0.3333333333333333,0.0,1.0,2.0,,0.3333333333333333,0.6666666666666666,,1.6666666666666667,0.3333333333333333,0.6666666666666666,4.0,0.2041958041958042,0.0247437846335023,0.1892773892773892,0.1826250698812158,0.0303030303030303,0.0524863881081478,0.0,0.0,0.0815850815850815,0.0773457343731331,0.1708624708624709,0.0660694228134534,0.0512820512820512,0.0888231183368655,0.0,0.0,0.1934265734265734,0.0997387168000997,11.0,3.391164991562633,2.2,1.4,0.2,0.0,1.0,0.0,0.2,0.0,0.8,2.0,,0.6,0.8,,1.0,0.4,0.4,4.6,0.1758508158508158,0.1034478770246341,0.1268997668997669,0.1566112326922941,0.0181818181818181,0.040655781409087,0.0,0.0,0.0956177156177156,0.0678999012989752,0.1758508158508158,0.0486634352216373,0.0574358974358974,0.0789810187002192,0.0,0.0,0.2011226107226107,0.0783770385433865,16.3,7.7610136794966,5.1,1.4,0.5,0.4,1.9,0.2,0.1,0.3,1.8,3.9,,1.1,1.3,,0.7,0.7,0.9,4.8,0.2527766938943409,0.1611977457720949,0.0969734100322335,0.1097984639507566,0.024069745069745,0.0346945643944812,0.0151428571428571,0.031987809469367,0.1103575944752415,0.0580878285938699,0.2147119568884274,0.0978330452356964,0.0726934176934176,0.0896407425750572,0.0111111111111111,0.0351364184463153,0.2578081717846424,0.1036040592269156,,,,MIN,True,11.6565,2.4935863636363638,1.6357454545454546,0.2139681818181818,0.032,0.0,0.1766136363636363,0.0,4.3433,4.129331818181818,2.707554545454545,1.8497136363636364,0.1766136363636363,3.174,1.946,0.55,0.31,5.67,0.056,0.116,0.09,2.7956616390400324,1.4488215901207435,0.7479973261984296,0.5530822723609933,3.2706421387855933,0.25,0.3264107841355735,0.2930870177950569
2488653,Mason Plumlee,SAS,2026-05-06,1.0,2.0,1.0,4.0,14.0,0,0,0,0,0,0,0,0,0,0,,0,0,,0,0,0,0,0.0,,,,,,,,,,0.0,0.6666666666666666,1.1547005383792517,0.0,0.0,0.0,0.0,0.0,0.0,0.0,0.0,0.0,0.0,,0.0,0.0,,0.0,0.0,0.0,1.0,0.0,,0.0,,0.0,,0.0,,0.0,,0.0,,0.0,,0.0,,0.0,,0.4,0.894427190999912,0.0,0.0,0.0,0.0,0.0,0.0,0.0,0.0,0.0,0.0,,0.0,0.0,,0.0,0.0,0.0,0.6,0.0,,0.0,,0.0,,0.0,,0.0,,0.0,,0.0,,0.0,,0.0,,1.8,5.028805910838964,0.2,0.3,0.1,0.0,0.0,0.0,0.0,0.0,0.1,0.1,,0.0,0.0,,0.1,0.2,0.1,-0.3,0.0625,0.0883883476483184,0.09375,0.1325825214724776,0.03125,0.0441941738241592,0.0,0.0,0.0,0.0,0.03125,0.0441941738241592,0.0,0.0,0.0,0.0,0.03125,0.0441941738241592,,,,MIN,True,5.9,0.04,0.06,0.02,0.0,0.1298,0.1062,0.354,0.12,0.1,0.06,0.08,0.236,0.046,0.104,0.06,0.0,0.21,0.052,0.038,0.098,0.3096514169190897,0.3180943256331367,0.2537715508089904,1.3,0.4918333050943175,0.25,0.25,0.3104770522921138
2489663,Kelly Olynyk,SAS,2026-05-06,1.0,2.0,1.0,4.0,14.0,0,0,0,0,0,0,0,0,0,0,,0,0,,0,0,0,0,0.0,,,,,,,,,,0.0,0.3333333333333333,0.5773502691896258,0.0,0.0,0.0,0.0,0.0,0.0,0.0,0.0,0.0,0.0,,0.0,0.6666666666666666,,0.0,0.0,0.0,0.0,0.0,,0.0,,0.0,,0.0,,0.0,,0.0,,2.0,,0.0,,0.88,,0.2,0.4472135954999579,0.0,0.0,0.0,0.0,0.0,0.0,0.0,0.0,0.0,0.0,,0.0,0.4,,0.0,0.0,0.0,0.0,0.0,,0.0,,0.0,,0.0,,0.0,,0.0,,2.0,,0.0,,0.88,,0.2,0.4216370213557837,0.0,0.0,0.0,0.0,0.0,0.0,0.0,0.0,0.0,0.0,,0.0,0.2,,0.0,0.0,0.0,0.0,0.0,0.0,0.0,0.0,0.0,0.0,0.0,0.0,0.0,0.0,0.0,0.0,1.0,1.4142135623730951,0.0,0.0,0.44,0.6222539674441618,,,,MIN,True,5.55,0.0,0.0,0.0,0.0,0.1220999999999999,0.0998999999999999,0.3329999999999999,0.0,0.0,0.0,0.0,0.2219999999999999,0.0,0.002,0.0,0.0,0.002,0.028,0.008,0.052,7.5,0.25,2.5,1.3,0.25,0.25,0.25,0.25
3064560,Luke Kornet,SAS,2026-05-06,1.0,2.0,1.0,4.0,12.0,2,2,0,0,0,0,0,2,0,1,,2,2,,2,0,1,-7,8.0,0.25,0.25,0.0,0.0,0.0,0.125,0.25,0.25,0.485,0.0,11.0,2.6457513110645867,3.0,4.0,1.0,0.0,0.0,0.3333333333333333,0.0,1.0,1.0,3.333333333333333,,1.0,1.0,,2.333333333333333,1.6666666666666667,1.6666666666666667,-6.0,0.267094017094017,0.109975292585109,0.3547008547008547,0.1982348691212646,0.0769230769230769,0.1332346775052982,0.0,0.0,0.0,0.0,0.2873931623931624,0.25669722189771,0.1089743589743589,0.128044771509219,0.1111111111111111,0.1272937693043289,0.4464529914529914,0.2418026324084725,18.2,10.059821071967432,6.6,6.2,1.4,0.2,0.2,0.6,0.4,1.0,2.6,4.8,,1.2,1.6,,3.4,2.8,2.4,-0.6,0.325018315018315,0.117634013533327,0.3437728937728938,0.1410324792595459,0.0737728937728937,0.0943248692716561,0.0066666666666666,0.0149071198499985,0.0066666666666666,0.0149071198499985,0.2681501831501832,0.1883723495604445,0.1001465201465201,0.0924588672832491,0.0804761904761904,0.0993088359510833,0.3926908424908425,0.1895648747795625,18.4,7.633260552782584,6.5,5.7,1.7,0.1,0.1,0.8,0.3,0.6,2.8,4.5,,0.8,1.0,,2.5,3.2,1.9,2.2,0.328964923964924,0.2050600679014837,0.3249611499611499,0.130331408623234,0.0848995448995449,0.0817501408725415,0.0033333333333333,0.0105409255338945,0.0033333333333333,0.0105409255338945,0.2460853035853036,0.1582720291315822,0.0591641691641691,0.0800011595232259,0.0457936507936507,0.0774215739260025,0.3179111888111888,0.174010155538334,,,,MIN,True,15.5825,5.752842857142857,5.218585714285714,1.1643428571428571,0.1250428571428571,0.5936190476190476,0.2968095238095238,0.7420238095238095,12.135771428571427,10.971428571428572,6.917185714285715,6.382928571428572,0.8904285714285713,6.78,4.85,1.748,0.506,13.378,0.48,0.198,0.628,3.9043053159300953,2.217092690890482,1.3581222330850784,0.7523057888917245,4.786137900228116,0.6852736679604726,0.4413569983584717,0.7573744120314602
3134916,Jordan McLaughlin,SAS,2026-05-06,1.0,2.0,1.0,3.0,11.0,0,0,0,0,0,0,0,0,0,0,,0,0,,0,0,0,0,0.0,,,,,,,,,,0.0,1.0,1.0,0.6666666666666666,0.0,0.3333333333333333,0.0,0.0,0.3333333333333333,0.0,0.0,0.3333333333333333,0.3333333333333333,,0.0,0.0,,0.0,0.0,0.3333333333333333,0.6666666666666666,0.5,0.7071067811865476,0.0,0.0,0.25,0.3535533905932738,0.0,0.0,0.0,0.0,0.25,0.3535533905932738,0.0,0.0,0.0,0.0,0.25,0.3535533905932738,2.2,2.280350850198276,1.4,0.6,0.4,0.2,0.2,0.4,0.0,0.0,0.6,0.8,,0.0,0.0,,0.4,0.2,0.2,1.0,0.625,0.478713553878169,0.2083333333333333,0.2499999999999999,0.25,0.2886751345948128,0.0416666666666666,0.0833333333333333,0.0416666666666666,0.0833333333333333,0.3333333333333333,0.2357022603955158,0.0,0.0,0.0,0.0,0.3333333333333333,0.2357022603955158,2.4,3.062315754094894,1.1,0.5,0.3,0.1,0.1,0.3,0.0,0.0,0.4,0.7,,0.2,0.2,,0.2,0.3,0.1,1.2,0.5370370370370371,0.4047048408784514,0.1759259259259259,0.2120350153550717,0.2083333333333333,0.2457980200625437,0.0277777777777777,0.0680413817439771,0.0277777777777777,0.0680413817439771,0.324074074074074,0.2205959007786165,0.037037037037037,0.0907218423253028,0.0,0.0,0.3403703703703704,0.2047602231176588,,,,MIN,True,5.725,0.91,0.31,0.3,0.09,0.1259499999999999,0.1030499999999999,0.3434999999999999,1.52,1.22,1.21,0.61,0.2289999999999999,1.032,0.42,0.32,0.12,1.772,0.088,0.058,0.19,1.5604409633177412,0.6352952069707436,0.5599999999999999,0.3429285639896449,1.8121854209765624,0.2832948993540123,0.25,0.4357751713900185
4066259,De'Aaron Fox,SAS,2026-05-06,1.0,2.0,1.0,4.0,14.0,10,3,6,0,4,1,0,6,5,14,,0,0,,0,3,3,-13,33.0,0.303030303030303,0.0909090909090909,0.1818181818181818,0.0,0.1212121212121212,0.4242424242424242,0.0,0.1818181818181818,0.6060606060606061,0.0,35.333333333333336,3.214550253664319,19.666666666666668,4.0,7.333333333333333,2.0,5.666666666666667,1.0,0.6666666666666666,3.6666666666666665,8.0,15.0,,1.6666666666666667,2.6666666666666665,,0.3333333333333333,3.6666666666666665,2.6666666666666665,11.333333333333334,0.5462086932675169,0.2164876504897873,0.1109968462909639,0.0371326630581476,0.2086704145527675,0.048542132541278,0.053795877325289,0.0514665595102482,0.157799716623246,0.0429767655052433,0.423968188674071,0.0120687020161854,0.073403720462544,0.0640152601001387,0.1058549293843411,0.0664056488205191,0.5621207550619315,0.0420094954783344,35.2,2.3874672772626657,18.8,3.6,6.4,1.6,5.2,1.0,0.4,3.2,7.4,15.4,,2.4,3.6,,0.4,3.2,3.2,5.6,0.52772521596051,0.1551580626565748,0.1005850358791535,0.0351344147594238,0.1820649938296997,0.0529693338846717,0.0437154348919054,0.0389264156765047,0.1456602221308103,0.0443705977972351,0.437387449152155,0.0222689816507548,0.1012317747611865,0.059239525472343,0.0922711275652452,0.051810473327661,0.5742005576123222,0.0405340282088792,33.3,3.5292429153510496,19.1,3.5,6.6,2.0,6.0,1.1,0.4,2.5,7.5,15.9,,2.1,3.1,,0.5,3.0,2.7,6.5,0.5704523145699616,0.136961717298972,0.1010373613314789,0.0575488141152412,0.2002425243601714,0.0697692090190572,0.0592792719263307,0.0371920637188185,0.1799073257896787,0.0918878821099974,0.4780350368585663,0.0722683281170902,0.0917411455646749,0.0437172769140652,0.0758181034651623,0.0540906663590365,0.5942192443721857,0.0750318889460924,,,,MIN,True,34.694500000000005,18.123112857142857,3.7239242857142862,6.629085714285715,1.615271428571429,0.9912714285714288,0.3304238095238095,2.6433904761904765,28.476122857142855,21.847037142857143,24.75219857142857,10.35301,1.3216952380952385,16.76,4.706,4.68,1.834,26.146,0.668,0.222,1.656,6.436955802240683,2.206255651550835,2.180275211985863,1.410830960817064,6.745122978864062,0.8036018914860766,0.4782426162524624,1.276582938942864
4066317,Lindy Waters III,SAS,2026-05-06,1.0,2.0,1.0,4.0,14.0,0,0,0,0,0,0,0,0,0,0,,0,0,,0,0,0,0,0.0,,,,,,,,,,0.0,1.0,1.0,0.0,0.3333333333333333,0.0,0.0,0.3333333333333333,0.0,0.0,0.0,0.0,0.3333333333333333,,0.0,0.0,,0.0,0.3333333333333333,0.0,0.6666666666666666,0.0,0.0,0.5,0.7071067811865476,0.0,0.0,0.0,0.0,0.5,0.7071067811865476,0.5,0.7071067811865476,0.0,0.0,0.0,0.0,0.5,0.7071067811865476,0.6,0.8944271909999159,0.0,0.2,0.0,0.0,0.2,0.0,0.0,0.0,0.0,0.2,,0.0,0.0,,0.0,0.2,0.0,0.4,0.0,0.0,0.5,0.7071067811865476,0.0,0.0,0.0,0.0,0.5,0.7071067811865476,0.5,0.7071067811865476,0.0,0.0,0.0,0.0,0.5,0.7071067811865476,0.9,1.5951314818673863,0.3,0.2,0.0,0.1,0.3,0.1,0.0,0.0,0.1,0.3,,0.0,0.0,,0.0,0.2,0.1,0.4,0.15,0.3,0.3,0.4760952285695233,0.0,0.0,0.05,0.1,0.35,0.4725815626252608,0.35,0.4725815626252608,0.0,0.0,0.0,0.0,0.35,0.4725815626252608,,,,MIN,True,5.666666666666667,0.06,0.21,0.0,0.02,0.1246666666666666,0.102,0.34,0.27,0.27,0.06,0.21,0.2266666666666666,0.164,0.168,0.0,0.02,0.332,0.032,0.034,0.108,0.6701522215138886,0.3946846842734082,2.5,0.25,0.7627424204802038,0.25,0.25,0.3230108357315587
4395630,Devin Vassell,SAS,2026-05-06,1.0,2.0,1.0,4.0,14.0,14,5,3,3,6,3,1,1,5,11,,1,1,,3,2,4,7,36.0,0.3888888888888889,0.1388888888888889,0.0833333333333333,0.0833333333333333,0.1666666666666666,0.3055555555555556,0.0277777777777777,0.0277777777777777,0.3455555555555555,0.0,35.0,0.9999999999999992,11.666666666666666,4.0,2.6666666666666665,1.3333333333333333,4.333333333333333,1.6666666666666667,1.0,1.3333333333333333,4.666666666666667,10.333333333333334,,1.0,1.0,,1.3333333333333333,2.6666666666666665,3.0,14.333333333333334,0.3324307500778089,0.049923229186677,0.1132430750077809,0.0744007673021303,0.0759570494864612,0.0148857437225223,0.0373015873015873,0.0423470526093781,0.1233426704014939,0.0407756298406307,0.2954092748210395,0.0343366264824838,0.0288671023965141,0.0294268903251418,0.0381107998755057,0.0165024810616801,0.3462215997510114,0.0322740624412824,34.4,1.1401754250991385,12.4,6.2,2.6,1.4,5.0,2.0,1.0,1.4,4.8,11.8,,1.4,1.8,,1.2,5.0,2.4,9.6,0.3602427637721755,0.0710728894762281,0.1809583227230286,0.1176607839601851,0.0755207537560478,0.0154866072412375,0.0405627705627705,0.0441546770068987,0.1458416093710211,0.0480582409506796,0.34409048467872,0.0803917139868905,0.0527926322043969,0.0566592307104186,0.040870044987692,0.016494745850229,0.4081892878363466,0.0986967860110818,32.7,2.6687491868330806,12.4,5.2,2.4,1.8,5.7,1.5,0.7,1.3,4.7,11.4,,1.2,1.6,,1.0,4.2,1.9,5.9,0.375494595361768,0.1122987022192471,0.1579710952481351,0.0953921904400733,0.0736698830721601,0.0271669236895944,0.0546256501949101,0.0407377719641836,0.1743626104726673,0.0588000156264542,0.3475358856478401,0.0703061264893356,0.0480166944588196,0.0473977273695642,0.0393966182106599,0.024632890696543,0.4080598494203807,0.0955276257310691,,,,MIN,True,34.428666666666665,12.689380582524272,5.473440776699029,2.560165048543689,1.7830543689320386,1.671294498381877,1.1699061488673137,1.3370355987055014,20.72298640776699,18.1628213592233,15.249545631067962,8.033605825242718,2.841200647249191,14.394,6.0,2.934,1.734,23.328,0.988,0.44,1.126,6.152297457048058,2.4116384471972574,1.7116202849931408,1.2677712727459949,6.700180296081591,1.063887212067144,0.6621178142898739,1.0344679792047695
4395723,Keldon Johnson,SAS,2026-05-06,1.0,2.0,1.0,4.0,14.0,11,2,1,0,2,0,0,0,5,10,,1,2,,0,2,2,-13,24.0,0.4583333333333333,0.0833333333333333,0.0416666666666666,0.0,0.0833333333333333,0.4166666666666667,0.0833333333333333,0.0,0.4533333333333333,0.0,19.666666666666668,3.7859388972001793,9.0,2.6666666666666665,1.0,0.6666666666666666,2.0,0.3333333333333333,0.0,0.6666666666666666,3.6666666666666665,7.666666666666667,,1.0,2.0,,0.6666666666666666,2.0,1.3333333333333333,-5.333333333333333,0.4588779956427015,0.0702630212113236,0.1399782135076252,0.1199655056958096,0.0520152505446623,0.0091098740107177,0.0381263616557734,0.0330588037156721,0.1040305010893246,0.0182197480214358,0.3850762527233116,0.0799875127309805,0.1040305010893246,0.0182197480214354,0.037037037037037,0.0641500299099584,0.4678867102396514,0.1298939543441845,19.6,2.880972058177588,7.8,3.4,1.4,0.8,2.0,0.8,0.2,1.0,3.0,7.4,,1.0,1.6,,0.6,2.8,1.8,-1.0,0.4007236227824463,0.1079440016630111,0.1760504201680672,0.0983214779820607,0.070891690009337,0.040771199801904,0.0435107376283846,0.0246713364552067,0.1052754435107376,0.0440502847568193,0.3754901960784313,0.0612952034773363,0.0814659197012138,0.0474809654687395,0.0523809523809523,0.0519219912184003,0.4637161531279178,0.0924853451238837,21.8,3.765338999051452,11.0,5.3,1.3,0.9,3.0,0.9,0.3,1.1,4.0,9.5,,2.1,2.9,,1.8,3.5,1.8,3.3,0.4889788437841176,0.2103392757022512,0.2388841442533125,0.0989168601311726,0.0607729087455253,0.0318738449204983,0.044012944571768,0.0271411983626119,0.1365431554021818,0.0600862238114642,0.4241813571823714,0.1214526383352291,0.1259137331003456,0.0901498912169796,0.0516324824600686,0.0425122457795266,0.5312158822065921,0.1480607177112329,,,,MIN,True,20.351333333333333,8.058216949152543,3.823552542372881,1.307850847457627,0.7814067796610169,0.8623446327683615,0.1724689265536722,1.2072824858757063,13.189620338983053,11.881769491525423,9.36606779661017,5.131403389830508,1.0348135593220338,8.782,4.556,1.928,1.204,15.266,0.57,0.114,0.94,4.637507520209536,2.05982135147687,1.4611009547598004,1.076282490798768,5.31970337518926,0.762299153875957,0.3361606758679545,1.0081666528902848
4433618,Harrison Ingram,SAS,2026-05-06,1.0,24.0,0.0,0.0,6.0,0,0,0,0,0,0,0,0,0,0,,0,0,,0,0,0,0,0.0,,,,,,,,,,0.0,2.0,3.4641016151377544,0.0,0.0,0.0,0.0,0.0,0.0,0.0,0.0,0.0,0.0,,0.0,0.0,,0.0,0.0,0.0,-0.6666666666666666,0.0,,0.0,,0.0,,0.0,,0.0,,0.0,,0.0,,0.0,,0.0,,1.8,2.683281572999748,0.4,0.0,0.0,0.0,0.0,0.0,0.0,0.2,0.2,0.2,,0.0,0.0,,0.0,0.0,0.0,-0.4,0.3333333333333333,0.4714045207910317,0.0,0.0,0.0,0.0,0.0,0.0,0.0,0.0,0.1666666666666666,0.2357022603955158,0.0,0.0,0.1666666666666666,0.2357022603955158,0.3333333333333333,0.4714045207910317,1.8,2.683281572999748,0.4,0.0,0.0,0.0,0.0,0.0,0.0,0.2,0.2,0.2,,0.0,0.0,,0.0,0.0,0.0,-0.4,0.3333333333333333,0.4714045207910317,0.0,0.0,0.0,0.0,0.0,0.0,0.0,0.0,0.1666666666666666,0.2357022603955158,0.0,0.0,0.1666666666666666,0.2357022603955158,0.3333333333333333,0.4714045207910317,,,,MIN,True,8.0,0.22,0.0,0.0,0.0,0.176,0.144,0.48,0.22,0.22,0.22,0.0,0.3199999999999999,0.226,0.004,0.004,0.006,0.234,0.08,0.056,0.238,0.7006596891501609,0.25,0.25,0.25,0.7037357458591968,0.2785677655436823,0.25,0.4830693531988962
4592479,Julian Champagnie,SAS,2026-05-06,1.0,2.0,1.0,4.0,14.0,17,7,0,3,7,0,0,1,7,12,,0,0,,3,4,2,7,32.0,0.53125,0.21875,0.0,0.09375,0.21875,0.375,0.0,0.03125,0.40625,0.0,30.33333333333333,1.5275252316519456,14.666666666666666,5.666666666666667,1.0,3.333333333333333,6.0,0.3333333333333333,0.0,0.3333333333333333,5.333333333333333,9.0,,0.6666666666666666,1.0,,1.0,4.666666666666667,1.6666666666666667,13.0,0.4801484674329502,0.1841329714776992,0.1851772030651341,0.0711539286273128,0.0333333333333333,0.0577350269189625,0.1097940613026819,0.0507881637497236,0.1966714559386973,0.0513906240222256,0.2939655172413793,0.0842140342649723,0.0333333333333333,0.0577350269189625,0.0104166666666666,0.0180421959121758,0.3190488505747126,0.1019920057068271,29.0,2.1213203435596424,12.4,5.4,0.8,2.8,5.0,0.6,0.4,0.6,4.4,7.6,,0.8,1.2,,0.6,4.8,2.2,6.4,0.4214224137931034,0.1530322863738568,0.1851803959131545,0.0567213527245785,0.0274074074074074,0.0436345969630315,0.0955060664112388,0.040896137162548,0.1698547254150702,0.0532949136898992,0.257860791826309,0.0867949892278765,0.0422222222222222,0.0445677302414557,0.0210648148148148,0.0193740458413665,0.2975033844189017,0.0848251382984736,28.1,2.0789954839350235,9.8,5.6,1.3,1.9,4.2,0.7,0.8,0.5,3.6,6.8,,0.7,0.9,,0.9,4.7,1.8,6.1,0.3438963920817369,0.1696323731115622,0.199330938697318,0.0672078348219762,0.0465925925925925,0.0407047353056047,0.0658271072796934,0.0444132961664246,0.1479643997445721,0.0458489378729532,0.2410044699872286,0.0793863983494952,0.0322222222222222,0.0457307014857114,0.0178657407407407,0.0189716481856572,0.2730479885057472,0.0842394185445088,,,,MIN,True,29.49383333333333,12.176276571428572,5.539894857142857,0.9427302857142856,2.7419474285714283,1.011217142857143,0.5056085714285715,0.6741447619047618,18.658901714285715,17.71617142857143,13.119006857142857,6.482625142857142,1.5168257142857144,16.17,5.574,1.774,2.518,23.518,0.672,0.242,0.694,6.404459383898067,2.3427599108743515,1.3095510681145657,1.642460349597518,6.951667138176281,0.8464136104765801,0.4684399641362807,0.8296770456026852
4845367,Stephon Castle,SAS,2026-05-06,1.0,2.0,1.0,4.0,12.0,17,5,5,3,5,0,0,0,4,8,,6,8,,0,5,6,4,28.0,0.6071428571428571,0.1785714285714285,0.1785714285714285,0.1071428571428571,0.1785714285714285,0.2857142857142857,0.2857142857142857,0.0,0.4114285714285714,0.0,29.0,3.60555127546398,16.0,3.0,6.0,2.6666666666666665,5.666666666666667,0.3333333333333333,0.3333333333333333,2.6666666666666665,5.333333333333333,11.0,,2.6666666666666665,3.6666666666666665,,0.3333333333333333,2.6666666666666665,5.666666666666667,11.0,0.559024309024309,0.0905751341132822,0.1026473526473526,0.0707886673001285,0.2125929625929626,0.0834621148233122,0.0943778443778443,0.0295361080556492,0.197052947052947,0.0292442505868938,0.3858363858363858,0.13430458418991,0.1282606282606282,0.1368076593228704,0.0835275835275835,0.1130135543701027,0.5257986457986459,0.0996412500262833,31.8,4.816637831516919,19.8,3.6,5.6,2.6,5.4,0.8,0.4,3.0,6.6,14.2,,4.0,5.4,,0.6,3.0,4.2,4.6,0.6242690745786721,0.2072384559488941,0.1101952227339224,0.0676577746897753,0.1832833317353441,0.0715796251773388,0.0848000812397097,0.0276883424277696,0.1733401273648951,0.0410415149860693,0.4426473423377447,0.1227664154397113,0.1679780487830023,0.1300828705930503,0.0894354355654665,0.081478111062287,0.6059931193677324,0.1378952765573862,32.5,4.301162633521313,18.5,5.5,7.1,2.0,4.6,0.7,0.2,3.1,6.3,13.9,,3.9,4.8,,1.1,4.4,4.1,1.4,0.570028830611883,0.1660885944241329,0.1711200436991821,0.1102784038498795,0.2234752688608968,0.094160710151915,0.0646436109168178,0.0368381498259748,0.1437695344749106,0.0483648071247549,0.4250903985090146,0.0882802429710463,0.1494096938221817,0.1076055071664894,0.0923083066525212,0.0591418808692121,0.5831389704432959,0.101853800382974,,,,MIN,True,31.0445,18.44563125,4.0293515625000005,5.767492187499999,2.382196875,0.6467604166666666,0.3233802083333333,2.910421875,28.242475,22.4749828125,24.2131234375,9.79684375,0.970140625,17.214,4.906,4.442,2.334,26.562,0.55,0.216,1.958,6.339416692409484,2.200264529550936,2.0519834307323244,1.4732426819774127,6.966645964881523,0.7533259586659682,0.4830569324624169,1.3432185228026003
5037871,Dylan Harper,SAS,2026-05-06,1.0,2.0,1.0,4.0,14.0,18,4,4,1,4,0,0,0,7,13,,3,3,,0,4,4,-4,29.0,0.6206896551724138,0.1379310344827586,0.1379310344827586,0.0344827586206896,0.1379310344827586,0.4482758620689655,0.1034482758620689,0.0,0.4937931034482758,0.0,26.666666666666668,2.081665999466133,12.666666666666666,3.0,2.0,0.6666666666666666,2.333333333333333,1.3333333333333333,0.0,0.3333333333333333,4.666666666666667,9.333333333333334,,2.6666666666666665,3.333333333333333,,0.6666666666666666,2.333333333333333,3.0,1.3333333333333333,0.4648452696728558,0.2991045525612807,0.111105216622458,0.0292016460047171,0.072130857648099,0.0569898163673185,0.024314765694076,0.0211509703163672,0.0854641909814323,0.0499593654582407,0.3448099027409372,0.1041444348876382,0.1252519893899204,0.0592436146818649,0.0128205128205128,0.0222057795842163,0.412741290893015,0.1197456975884346,26.6,2.880972058177587,15.0,3.8,2.2,1.2,2.4,1.2,0.2,1.0,5.4,9.4,,3.0,3.6,,1.0,2.8,3.0,6.6,0.545863683542844,0.2899873069234429,0.1333297966401414,0.1234559815192679,0.0806698189366855,0.0422125527861443,0.0412555260831122,0.0546260839680255,0.0846118479221927,0.0687135611579853,0.3477555068619536,0.0811354888451404,0.1325424979817783,0.0587530044258675,0.0404459308807134,0.0534421812384186,0.4465201368546496,0.0979816277320527,26.1,4.228212125447087,13.3,3.9,2.8,1.0,2.1,0.9,0.4,1.3,5.1,9.7,,2.1,2.4,,1.1,2.8,2.5,6.5,0.4991270234013862,0.2177644313370694,0.1450035886152827,0.0855173084093746,0.1040699666816608,0.0580832287191646,0.0343723517861448,0.0483383999297027,0.0771781773116106,0.0498856027398564,0.3706378773650138,0.0774922399413318,0.0910575737772139,0.0808284066020119,0.0487321374277896,0.0516681678796216,0.4594353472547776,0.0831760653216145,,,,MIN,True,26.572000000000003,14.0422,3.794600000000001,2.3406,1.0012,1.0220000000000002,0.1703333333333333,1.1923333333333337,20.17740000000001,17.836800000000004,16.382800000000003,6.135200000000001,1.1923333333333337,14.146,4.698,2.772,1.612,21.616,0.74,0.17,1.038,5.559917625289065,2.1491384320234004,1.6124565110414606,1.1821404315900883,6.192297150492698,0.8487638069569177,0.4063249930782009,1.016147627070004
5061568,Carter Bryant,SAS,2026-05-06,1.0,8.0,0.0,3.0,13.0,0,0,0,0,0,0,0,0,0,0,,0,0,,0,0,0,0,1.0,0.0,0.0,0.0,0.0,0.0,0.0,0.0,0.0,0.0,0.0,10.0,11.532562594670797,3.0,2.333333333333333,1.6666666666666667,1.0,2.333333333333333,0.0,1.0,0.3333333333333333,1.0,2.6666666666666665,,0.0,0.0,,1.6666666666666667,0.6666666666666666,1.6666666666666667,4.666666666666667,0.3768115942028984,0.5436231690872769,0.1425120772946859,0.1321015353997614,0.1135265700483091,0.0983836321469386,0.1256038647342995,0.1812077230290923,0.2246376811594203,0.2538301433063332,0.2391304347826086,0.2507078824928433,0.0,0.0,0.0555555555555555,0.0962250448649376,0.2946859903381643,0.3399881799016986,9.2,8.700574693662482,3.2,2.2,1.4,0.8,1.8,0.0,0.6,0.4,1.2,2.6,,0.0,0.0,,1.2,1.0,2.0,0.4,0.3427536231884058,0.4387171011164418,0.2188405797101449,0.1831341645985975,0.1014492753623188,0.0926573322648146,0.0920289855072463,0.1392832041707943,0.1681159420289855,0.2041498681411423,0.2268115942028985,0.2311128479730511,0.0,0.0,0.05,0.0745355992499929,0.2768115942028985,0.2994078030983589,14.4,10.52193476082755,6.3,2.9,1.9,1.4,2.7,0.2,0.7,0.7,2.3,4.2,,0.3,0.4,,1.2,1.7,2.4,2.4,0.3691716833890747,0.3371317685003136,0.2174715719063545,0.1405212742173825,0.0990836120401337,0.076970858871914,0.0890401337792642,0.1065065106846262,0.1587759197324414,0.1513049463458633,0.228123745819398,0.1919236170637392,0.0227179487179487,0.0485554645338161,0.048025641025641,0.0544527023484189,0.2861452842809364,0.2338658243539849,,,,MIN,True,9.2325,3.238782608695652,2.144663043478261,1.390967391304348,0.825695652173913,0.0,0.6021195652173913,0.4014130434782609,6.774413043478261,5.383445652173913,4.62975,3.535630434782609,0.6021195652173913,5.376,2.41,1.542,0.854,9.328,0.024,0.204,0.344,3.607024258304898,1.5855283031217071,1.2000983293047285,0.89480947692791,4.1265501329803325,0.25,0.445403188134077,0.5845203161567611
5104157,Victor Wembanyama,SAS,2026-05-06,1.0,2.0,1.0,3.0,10.0,11,15,5,0,8,0,12,3,5,17,,1,2,,2,13,3,5,40.0,0.275,0.375,0.125,0.0,0.2,0.425,0.05,0.075,0.522,0.0,36.0,3.4641016151377544,18.33333333333333,13.666666666666666,3.6666666666666665,0.6666666666666666,4.666666666666667,1.3333333333333333,8.333333333333334,2.6666666666666665,6.333333333333333,13.666666666666666,,5.0,5.333333333333333,,1.0,12.666666666666666,3.0,17.666666666666668,0.5230392156862744,0.2603245800276094,0.3799019607843137,0.0297165579729954,0.1004901960784313,0.0212261128378538,0.0196078431372549,0.0169808902702831,0.1254901960784313,0.070914279686373,0.3769607843137255,0.1528303708713327,0.153921568627451,0.0946827398347063,0.0740196078431372,0.0441258162371286,0.5187058823529411,0.2041375816676953,30.6,10.761040841851685,19.0,10.0,2.6,1.4,4.2,0.8,5.6,2.8,6.6,13.0,,4.4,5.0,,1.0,9.0,2.4,10.0,0.6092780748663101,0.3156918203373639,0.3249108734402852,0.1012116852319296,0.0830213903743315,0.0338965191708913,0.0420677361853832,0.0629254972290102,0.1283244206773618,0.0611709674508563,0.4034491978609625,0.1779149689214449,0.1893226381461675,0.1047113126506224,0.1019875222816399,0.0519465228714129,0.5887386809269163,0.1963195914373716,29.33333333333333,9.836157786453,25.22222222222222,11.555555555555555,3.2222222222222223,1.5555555555555556,4.777777777777778,0.6666666666666666,4.555555555555555,2.111111111111111,8.666666666666666,15.333333333333334,,6.333333333333333,7.222222222222222,,1.1111111111111112,10.444444444444445,1.8888888888888888,9.666666666666666,0.8790161129157072,0.4355745226235771,0.3897493358193155,0.1309014870056226,0.1053736577823798,0.0516493306535137,0.0520808083434858,0.046576418251587,0.1616943804824129,0.066092094691807,0.5303313403972633,0.2292760958270721,0.2578391314192531,0.1239772898941816,0.0818734098145862,0.0554965101501547,0.725653968036321,0.2491087742384704,,,,MIN,True,32.40483333333333,19.610166666666665,11.218333333333334,3.0137888888888886,1.2899888888888886,0.847185185185185,4.5,2.965148148148148,33.84228888888889,30.8285,22.623955555555558,14.232122222222223,5.347185185185185,16.354,8.65,3.122,1.626,28.126,0.612,1.148,1.716,6.068993656282728,2.773355368502205,1.7271699395253497,1.292332774481867,7.003579370579018,0.7703609543584098,1.0668158229047786,1.326402653797104
