player_id,player_name,team,asof_date,is_home,days_rest,games_last7,games_last14,season_game_number,lag1_pts,lag1_reb,lag1_ast,lag1_threes,lag1_fg3a,lag1_stl,lag1_blk,lag1_tov,lag1_fgm,lag1_fga,lag1_fg_pct,lag1_ftm,lag1_fta,lag1_ft_pct,lag1_oreb,lag1_dreb,lag1_pf,lag1_plus_minus,lag1_min,lag1_pts_per_min,lag1_reb_per_min,lag1_ast_per_min,lag1_fg3m_per_min,lag1_fg3a_per_min,lag1_fga_per_min,lag1_fta_per_min,lag1_tov_per_min,lag1_usage_per_min,b2b,roll3_min,roll3_min_std,roll3_pts,roll3_reb,roll3_ast,roll3_threes,roll3_fg3a,roll3_stl,roll3_blk,roll3_tov,roll3_fgm,roll3_fga,roll3_fg_pct,roll3_ftm,roll3_fta,roll3_ft_pct,roll3_oreb,roll3_dreb,roll3_pf,roll3_plus_minus,roll3_pts_per_min,roll3_pts_per_min_std,roll3_reb_per_min,roll3_reb_per_min_std,roll3_ast_per_min,roll3_ast_per_min_std,roll3_fg3m_per_min,roll3_fg3m_per_min_std,roll3_fg3a_per_min,roll3_fg3a_per_min_std,roll3_fga_per_min,roll3_fga_per_min_std,roll3_fta_per_min,roll3_fta_per_min_std,roll3_tov_per_min,roll3_tov_per_min_std,roll3_usage_per_min,roll3_usage_per_min_std,roll5_min,roll5_min_std,roll5_pts,roll5_reb,roll5_ast,roll5_threes,roll5_fg3a,roll5_stl,roll5_blk,roll5_tov,roll5_fgm,roll5_fga,roll5_fg_pct,roll5_ftm,roll5_fta,roll5_ft_pct,roll5_oreb,roll5_dreb,roll5_pf,roll5_plus_minus,roll5_pts_per_min,roll5_pts_per_min_std,roll5_reb_per_min,roll5_reb_per_min_std,roll5_ast_per_min,roll5_ast_per_min_std,roll5_fg3m_per_min,roll5_fg3m_per_min_std,roll5_fg3a_per_min,roll5_fg3a_per_min_std,roll5_fga_per_min,roll5_fga_per_min_std,roll5_fta_per_min,roll5_fta_per_min_std,roll5_tov_per_min,roll5_tov_per_min_std,roll5_usage_per_min,roll5_usage_per_min_std,roll10_min,roll10_min_std,roll10_pts,roll10_reb,roll10_ast,roll10_threes,roll10_fg3a,roll10_stl,roll10_blk,roll10_tov,roll10_fgm,roll10_fga,roll10_fg_pct,roll10_ftm,roll10_fta,roll10_ft_pct,roll10_oreb,roll10_dreb,roll10_pf,roll10_plus_minus,roll10_pts_per_min,roll10_pts_per_min_std,roll10_reb_per_min,roll10_reb_per_min_std,roll10_ast_per_min,roll10_ast_per_min_std,roll10_fg3m_per_min,roll10_fg3m_per_min_std,roll10_fg3a_per_min,roll10_fg3a_per_min_std,roll10_fga_per_min,roll10_fga_per_min_std,roll10_fta_per_min,roll10_fta_per_min_std,roll10_tov_per_min,roll10_tov_per_min_std,roll10_usage_per_min,roll10_usage_per_min_std,injury_status,team_on_slate,playing_today,opponent,home,pred_min,pred_pts,pred_reb,pred_ast,pred_threes,pred_stl,pred_blk,pred_tov,pred_pra,pred_pr,pred_pa,pred_ra,pred_stocks,mean_pts,mean_reb,mean_ast,mean_threes,mean_pra,mean_stl,mean_blk,mean_tov,sd_pts,sd_reb,sd_ast,sd_threes,sd_pra,sd_stl,sd_blk,sd_tov
3992,James Harden,CLE,2026-05-11,1.0,2.0,3.0,6.0,14.0,19,2,7,3,7,1,0,3,8,14,,0,1,,1,1,1,8,40.0,0.475,0.05,0.175,0.075,0.175,0.35,0.025,0.075,0.43599999999999994,0.0,37.333333333333336,2.51661147842358,17.0,5.333333333333333,5.666666666666667,1.3333333333333333,6.0,1.0,0.6666666666666666,4.666666666666667,5.666666666666667,14.0,,4.333333333333333,4.666666666666667,,1.0,4.333333333333333,2.3333333333333335,-4.666666666666667,0.45794723294723294,0.17975824781662977,0.14691119691119692,0.09025731400459919,0.152027027027027,0.06269964461321781,0.03452380952380952,0.0378526502275825,0.16103603603603603,0.04751077947222036,0.3766409266409267,0.04497820928721011,0.13008365508365508,0.11762129921603519,0.1277027027027027,0.06476272927382608,0.5615804375804375,0.1599917562710833,38.6,3.5071355833500353,17.0,6.2,5.8,1.2,5.4,1.6,0.6,4.0,5.0,13.0,,5.8,6.4,,1.6,4.6,2.4,0.4,0.4447929097929098,0.1355266609294253,0.1614882414882415,0.06852848662013125,0.14834152334152334,0.06242212880329725,0.030665145665145666,0.027324713414914,0.14183046683046682,0.04543931114652328,0.3382695682695683,0.06688924091876525,0.17104773604773604,0.13087127952681496,0.10561425061425063,0.05640659745158734,0.5191448227448227,0.1272070139794798,37.1,3.44641520681675,19.5,5.3,6.0,2.2,6.6,1.8,0.6,5.0,6.0,13.7,,5.3,6.2,,0.9,4.4,2.3,1.6,0.5324599274599274,0.1504895924629881,0.14111705861705864,0.06860280948021949,0.16214519714519715,0.07044059463220255,0.06052152802152803,0.039840491378319895,0.181503744003744,0.06215257007786673,0.3734120159120159,0.07969870659274765,0.16955393705393706,0.10245356523838554,0.13737539487539488,0.059573744824453996,0.5853911430911432,0.11889745306604067,,,,DET,True,37.92894444444445,18.76800128205128,5.485803846153846,5.758474358974358,1.8959307692307692,1.7954529914529913,0.6732948717948717,5.16192735042735,30.012279487179484,24.253805128205126,24.526475641025637,11.244278205128204,2.468747863247863,15.614,5.302,4.066,2.046,24.982,1.272,0.356,2.898,6.230650367337265,2.2375870932770416,2.0073973199145208,1.3870414557611463,7.142105851917906,1.128723172438663,0.5807443499509918,1.6755882549122862
2580365,Larry Nance Jr.,CLE,2026-05-11,1.0,2.0,3.0,6.0,16.0,0,0,0,0,0,0,0,0,0,0,,0,0,,0,0,0,0,0.0,,,,,,,,,,0.0,0.0,0.0,0.0,0.0,0.0,0.0,0.0,0.0,0.0,0.0,0.0,0.0,,0.0,0.0,,0.0,0.0,0.0,0.0,,,,,,,,,,,,,,,,,,,0.0,0.0,0.0,0.0,0.0,0.0,0.0,0.0,0.0,0.0,0.0,0.0,,0.0,0.0,,0.0,0.0,0.0,0.0,,,,,,,,,,,,,,,,,,,0.5,1.0801234497346468,0.0,0.0,0.0,0.0,0.0,0.0,0.0,0.1,0.0,0.0,,0.0,0.0,,0.0,0.0,0.0,-0.2,0.0,0.0,0.0,0.0,0.0,0.0,0.0,0.0,0.0,0.0,0.0,0.0,0.0,0.0,0.25,0.3535533905932738,0.25000000000000006,0.35355339059327373,,,,DET,True,6.25,0.0,0.0,0.0,0.0,0.13749999999999998,0.11249999999999999,0.375,0.0,0.0,0.0,0.0,0.24999999999999997,0.008,0.002,0.0,0.0,0.01,0.04,0.02,0.092,0.25,0.25,2.5,1.3,0.25,0.25,0.25,0.29586483400363756
3032979,Dennis Schroder,CLE,2026-05-11,1.0,2.0,3.0,6.0,16.0,11,1,2,3,3,0,2,2,4,5,,0,0,,0,1,0,0,22.0,0.5,0.045454545454545456,0.09090909090909091,0.13636363636363635,0.13636363636363635,0.22727272727272727,0.0,0.09090909090909091,0.3181818181818182,0.0,19.333333333333332,3.055050463303893,8.0,1.6666666666666667,3.3333333333333335,1.3333333333333333,2.0,0.0,0.6666666666666666,2.6666666666666665,2.6666666666666665,5.333333333333333,,1.3333333333333333,1.3333333333333333,,0.6666666666666666,1.0,1.0,-1.3333333333333333,0.4208333333333334,0.19378359923722469,0.0859848484848485,0.05609003118020298,0.17613636363636365,0.08015190897537436,0.06628787878787878,0.06826068670810644,0.09962121212121211,0.036933275029541156,0.28409090909090906,0.07954545454545461,0.075,0.06614378277661487,0.14696969696969694,0.08934256356245807,0.464060606060606,0.1908126451908737,17.6,3.2863353450309964,6.6,1.2,2.4,0.8,1.8,0.4,0.4,2.0,1.8,5.4,,2.2,2.4,,0.4,0.8,1.2,-4.8,0.3685714285714286,0.1864109529167933,0.06587662337662338,0.05448797798890704,0.13246753246753246,0.08244811677057895,0.03977272727272727,0.06039855575417413,0.10084415584415585,0.038626369710400635,0.32045454545454544,0.11599818322886218,0.145,0.2064582282206258,0.11318181818181816,0.08991501956737627,0.49743636363636357,0.1463608469525274,15.4,4.948624949305503,7.0,1.4,2.0,0.8,2.3,0.3,0.3,1.6,2.3,5.6,,1.6,1.7,,0.2,1.2,1.2,-2.9,0.4473992673992674,0.24153941642748566,0.106235014985015,0.11530819431834875,0.11971361971361971,0.09774518065751472,0.05417207792207792,0.07714583183358596,0.16404845154845155,0.10385612615869295,0.3729378954378954,0.11690165680920063,0.10345238095238093,0.15761757899857692,0.13966783216783216,0.1797851273671707,0.5581247752247751,0.19969625971541455,,,,DET,True,17.404333333333334,8.140147517730497,1.5027929078014186,2.349097872340426,1.1084879432624115,0.3703049645390071,0.3703049645390071,1.8515248226950358,11.992038297872343,9.642940425531917,10.489245390070923,3.8518907801418445,0.7406099290780142,8.55,2.1,2.206,1.164,12.856,0.372,0.266,1.346,4.621633910209678,1.3949910393977447,1.4309311653605146,1.0625930547486184,5.044131639836534,0.6615255097122106,0.5169564778586299,1.1481654932978955
3908809,Donovan Mitchell,CLE,2026-05-11,1.0,2.0,3.0,6.0,13.0,35,10,4,2,8,0,0,3,13,24,,7,8,,1,9,3,7,38.0,0.9210526315789473,0.2631578947368421,0.10526315789473684,0.05263157894736842,0.21052631578947367,0.631578947368421,0.21052631578947367,0.07894736842105263,0.8031578947368421,0.0,36.666666666666664,1.5275252316519485,29.666666666666668,6.666666666666667,3.0,2.6666666666666665,9.0,1.0,0.0,2.6666666666666665,11.0,22.333333333333332,,5.0,6.333333333333333,,1.0,5.666666666666667,2.6666666666666665,-0.6666666666666666,0.8053444421865473,0.13492204353418516,0.1798685903949062,0.0759991429467417,0.08116236537289169,0.024060253354129674,0.07365711576237892,0.03519258618423859,0.24649461491566757,0.03769928737612674,0.6076949129580708,0.056796091407725055,0.17030413872519135,0.09935645964164108,0.0729052360631308,0.016672524996768412,0.7555339700602858,0.08823963590151977,37.2,2.4899799195977472,27.0,5.6,2.4,2.4,9.2,0.6,0.2,2.6,10.6,22.6,,3.4,4.2,,1.0,4.6,2.6,0.4,0.7259941217579214,0.14540016046724277,0.14945425528223988,0.06918459997609173,0.06416780249899634,0.02969894095351391,0.06537893844697439,0.027504374664006133,0.24810582818284996,0.027155095906450426,0.6057319303532397,0.045954464126901115,0.11361105466368623,0.10663238082227092,0.06980585940791331,0.013751714242636904,0.7255266538131749,0.07707526972426343,35.5,3.171049598406741,25.1,5.4,3.0,2.8,8.7,0.8,0.2,2.7,9.7,21.3,,2.9,3.5,,1.0,4.4,2.7,-0.2,0.7081028705008994,0.18355207913128588,0.15082022954067345,0.05141039799190698,0.0853770771233192,0.033891767612232726,0.07992203903670217,0.03468947183897074,0.24343417218236052,0.045167542040075344,0.5977326793981728,0.05711354158856105,0.09935129890987275,0.09361927569887715,0.07686219101805668,0.02893806624299421,0.7183094419365734,0.09724581961951613,,,,DET,True,36.533,26.264161111111115,6.06633888888889,2.934996296296296,2.6236888888888887,0.676537037037037,0.22551234567901235,2.593391975308642,35.2654962962963,32.3305,29.199157407407412,9.001335185185185,0.9020493827160494,18.96,5.662,2.564,2.318,27.186,0.766,0.192,1.866,6.909298083018275,2.2820508320368327,1.5905671944309676,1.6238460518164892,7.526181236191432,0.8850107343981767,0.43259218670706484,1.33418289600789
3912848,Dean Wade,CLE,2026-05-11,1.0,2.0,3.0,6.0,13.0,3,1,0,1,2,0,0,2,1,2,,0,0,,0,1,0,-6,17.0,0.17647058823529413,0.058823529411764705,0.0,0.058823529411764705,0.11764705882352941,0.11764705882352941,0.0,0.11764705882352941,0.23529411764705882,0.0,22.666666666666668,5.507570547286101,5.333333333333333,3.0,0.3333333333333333,1.3333333333333333,2.6666666666666665,0.3333333333333333,0.0,0.6666666666666666,2.0,3.6666666666666665,,0.0,0.0,,1.0,2.0,0.6666666666666666,-4.666666666666667,0.23428936792108146,0.0983312936431169,0.12778589696748263,0.08127444944104,0.011904761904761904,0.020619652471058063,0.060498112288393614,0.025662128888003396,0.12099622457678723,0.051324257776006715,0.16188649372792596,0.08588259948530619,0.0,0.0,0.0392156862745098,0.06792356108113244,0.20110218000243577,0.08236984669027005,23.4,4.722287581247038,6.2,3.6,0.4,1.4,3.4,0.6,0.0,1.2,2.4,4.8,,0.0,0.0,,1.4,2.2,1.2,-2.0,0.2596212398002679,0.08837000681267321,0.15048106199001338,0.06546938751697645,0.016666666666666666,0.0232066532019261,0.06010839118255997,0.020010469442267136,0.14402630617464376,0.05430760586397805,0.20189380099866033,0.08350121765533097,0.0,0.0,0.056862745098039215,0.05442037107166558,0.25875654609669957,0.09846728450678528,23.9,3.9001424475410027,5.8,3.9,0.5,1.2,3.5,0.9,0.0,0.7,2.3,5.0,,0.0,0.2,,1.4,2.5,1.4,2.9,0.24332464210980836,0.08177661532807529,0.16101128198314898,0.05160876560191552,0.021014492753623187,0.02251033814784928,0.050852238128452965,0.0169388991846143,0.1488906234430531,0.06586357594384072,0.21290812767794867,0.11410885695699008,0.00909090909090909,0.02874797872880345,0.03200280112044818,0.04600348230691776,0.24891092879839682,0.11618601067974328,,,,DET,True,22.908,5.524566666666667,3.5267999999999997,0.3905333333333333,1.2119666666666666,0.7423888888888889,0.0,0.7423888888888889,9.4419,9.051366666666667,5.9151,3.917333333333333,0.7423888888888889,8.89,4.16,0.972,1.312,14.022,0.72,0.072,0.812,4.585836891996923,2.110544953323667,1.0115413980653485,1.107545032944485,5.162704330096775,0.8726969691708572,0.2807418743258654,0.8812808859835778
3934723,Thomas Bryant,CLE,2026-05-11,1.0,2.0,3.0,6.0,10.0,0,0,0,0,0,0,0,0,0,0,,0,0,,0,0,0,0,0.0,,,,,,,,,,0.0,3.3333333333333335,5.77350269189626,1.3333333333333333,0.0,0.0,0.0,0.6666666666666666,0.3333333333333333,0.0,0.0,0.3333333333333333,1.3333333333333333,,0.6666666666666666,0.6666666666666666,,0.0,0.0,0.3333333333333333,-1.0,0.4,,0.0,,0.0,,0.0,,0.2,,0.4,,0.2,,0.0,,0.488,,3.4,4.774934554525329,0.8,0.4,0.0,0.0,0.6,0.2,0.0,0.0,0.2,1.0,,0.4,0.4,,0.2,0.2,0.4,-2.0,0.2,0.28284271247461906,0.14285714285714285,0.20203050891044214,0.0,0.0,0.0,0.0,0.17142857142857143,0.040406101782088456,0.27142857142857146,0.18182745801939798,0.1,0.14142135623730953,0.0,0.0,0.3154285714285714,0.24405285476381403,5.666666666666667,8.440971508067067,2.3333333333333335,1.4444444444444444,0.3333333333333333,0.2222222222222222,0.8888888888888888,0.2222222222222222,0.2222222222222222,0.1111111111111111,0.8888888888888888,1.7777777777777777,,0.3333333333333333,0.3333333333333333,,0.3333333333333333,1.1111111111111112,0.5555555555555556,-0.7777777777777778,0.38769230769230767,0.4178558965670557,0.20073260073260074,0.18655084646739567,0.055384615384615386,0.08743552146697121,0.015384615384615385,0.034401045807689073,0.16600732600732598,0.11978705271142472,0.31113553113553116,0.2552687305771634,0.10666666666666666,0.1534781924429512,0.04,0.0894427190999916,0.39806886446886447,0.2681378634610664,,,,DET,True,7.3875,1.6997666666666669,0.7034555555555555,0.20396666666666668,0.017777777777777778,0.5910000000000001,0.29550000000000004,0.29550000000000004,2.607188888888889,2.4032222222222224,1.9037333333333335,0.9074222222222221,0.8865000000000001,1.196,0.688,0.242,0.146,2.126,0.216,0.108,0.198,1.7359677416357713,0.8286470901415149,0.5014339438051636,0.36970799288086803,1.9591130646289916,0.45314898212398097,0.34689479673238105,0.43219902822657985
4065778,Max Strus,CLE,2026-05-11,1.0,2.0,3.0,6.0,15.0,7,5,2,1,4,1,0,2,3,7,,0,0,,0,5,5,8,26.0,0.2692307692307692,0.19230769230769232,0.07692307692307693,0.038461538461538464,0.15384615384615385,0.2692307692307692,0.0,0.07692307692307693,0.34615384615384615,0.0,27.333333333333332,1.154700538379251,9.666666666666666,4.333333333333333,1.6666666666666667,2.0,6.0,0.6666666666666666,0.6666666666666666,1.0,3.6666666666666665,8.666666666666666,,0.3333333333333333,0.3333333333333333,,0.3333333333333333,4.0,3.3333333333333335,-3.3333333333333335,0.35164835164835173,0.294494730818556,0.15934065934065936,0.04572339828871765,0.06135531135531136,0.02237507641551397,0.07234432234432235,0.06108134119286554,0.21794871794871795,0.06601033439904794,0.315934065934066,0.13138073847492682,0.011904761904761904,0.020619652471058025,0.037545787545787544,0.0384942299578456,0.35871794871794876,0.1511065465931187,26.6,4.098780306383839,9.4,5.2,2.6,2.0,6.0,0.8,0.6,1.4,3.4,8.4,,0.6,0.6,,1.2,4.0,2.8,1.2,0.3484083658277207,0.21055043832068654,0.19721729883020206,0.06118328030391764,0.09907125132931584,0.05416113630202937,0.07630981921304501,0.04530273660024596,0.22238213399503723,0.051351451647922805,0.31407656859269767,0.09327729744581909,0.020046082949308756,0.02927718352802987,0.051882311237149946,0.037413377980989135,0.37477915632754344,0.11443102479960579,25.8,3.3266599866332394,10.1,4.9,2.1,2.0,5.5,0.6,0.3,1.3,3.4,7.6,,1.3,1.5,,1.3,3.6,2.9,-2.0,0.3885102472199246,0.2881257046043539,0.19344483175128338,0.07417843533937367,0.07959260572163798,0.05637740585260282,0.07761359906521197,0.06148167929277075,0.2129920437984954,0.07107084696744534,0.2943093465674111,0.103448339769725,0.05872064017225308,0.0629548439689503,0.05043240510982446,0.03354029031396828,0.3705788333530269,0.13238550455055847,,,,DET,True,26.3705,8.910483333333334,5.050366666666667,2.27195,1.8218666666666667,0.6761666666666667,0.33808333333333335,1.239638888888889,16.2328,13.96085,11.182433333333334,7.3223166666666675,1.01425,11.136,4.864,2.534,1.686,18.534,0.622,0.262,1.174,5.27764189766604,2.153486475462523,1.6275269583020737,1.2866250425046142,5.946162123588626,0.7740258393619687,0.5189951830219621,1.1044111553221474
4066328,Jarrett Allen,CLE,2026-05-11,1.0,2.0,3.0,6.0,13.0,18,4,1,0,0,1,2,1,7,9,,4,7,,1,3,1,3,32.0,0.5625,0.125,0.03125,0.0,0.0,0.28125,0.21875,0.03125,0.40875,0.0,27.0,7.810249675906652,14.0,4.666666666666667,1.6666666666666667,0.0,0.0,0.6666666666666666,1.3333333333333333,1.0,5.0,7.333333333333333,,4.0,5.666666666666667,,1.6666666666666667,3.0,3.3333333333333335,0.3333333333333333,0.4610961768219833,0.3119013591786194,0.17249103942652325,0.05065498652877564,0.06119324970131421,0.033123898947775815,0.0,0.0,0.0,0.0,0.2645982676224612,0.03697803196105865,0.18044354838709675,0.16466665216292992,0.0396878733572282,0.013751056405873196,0.383681302270012,0.09585996381033392,29.6,6.58027355054484,15.6,8.0,1.6,0.0,0.0,1.0,1.8,1.2,5.6,8.2,,4.4,7.4,,3.2,4.8,2.8,4.4,0.4923439806029939,0.24206177405225932,0.2598226093956644,0.18078766474566507,0.054719514883177126,0.0273644236650234,0.0,0.0,0.0,0.0,0.27248445076955513,0.04474101232744236,0.22840873152780175,0.15982849791352685,0.0419945421961551,0.03372802958226016,0.414978834837943,0.13239828258625358,27.9,4.817791102892602,12.2,7.2,1.1,0.0,0.0,1.1,2.0,1.0,4.7,7.1,,2.8,5.1,,2.4,4.8,2.6,3.6,0.4151512332807399,0.20149374734272354,0.24985147563800317,0.17244280089984218,0.03920591128774241,0.028430477420331692,0.0,0.0,0.0,0.0,0.25068382082637297,0.04434823303988578,0.1678543454138805,0.12747531343057794,0.036843424944231394,0.04173053520165194,0.36138315775271185,0.1086419218027787,,,,DET,True,28.507111111111108,13.552182735723772,6.925391766268261,1.3215893758300132,0.0,1.135741478530323,2.271482957060646,1.135741478530323,21.799163877822043,20.47757450199203,14.873772111553786,8.246981142098274,3.407224435590969,10.104,6.314,1.838,0.69,18.256,0.94,0.736,1.106,4.963182849744708,2.5368098076127032,1.3415498499869472,0.8472897969408106,5.813644639982736,0.9840731680114034,0.8569153983912298,1.0596055869992382
4066757,Sam Merrill,CLE,2026-05-11,1.0,2.0,3.0,6.0,13.0,7,0,0,1,3,0,0,0,2,4,,2,2,,0,0,2,4,14.0,0.5,0.0,0.0,0.07142857142857142,0.21428571428571427,0.2857142857142857,0.14285714285714285,0.0,0.3485714285714286,0.0,7.0,7.0,2.3333333333333335,0.0,0.3333333333333333,0.3333333333333333,1.0,0.0,0.0,0.3333333333333333,0.6666666666666666,1.3333333333333333,,0.6666666666666666,0.6666666666666666,,0.0,0.0,0.6666666666666666,-2.0,0.25000000000000006,0.3535533905932738,0.0,0.0,0.07142857142857142,0.10101525445522107,0.03571428571428571,0.050507627227610534,0.10714285714285714,0.1515228816828316,0.14285714285714282,0.20203050891044214,0.07142857142857142,0.10101525445522107,0.07142857142857142,0.10101525445522107,0.24571428571428572,0.14546196641551837,12.4,9.07193474403338,4.4,0.8,0.8,0.8,2.6,0.2,0.0,0.4,1.4,3.4,,0.8,0.8,,0.4,0.4,1.8,0.8,0.2940821256038647,0.280403989538005,0.0464975845410628,0.06178336020496939,0.07134230503795722,0.05971354324005196,0.05046583850931677,0.0630557158516986,0.17132505175983437,0.12769057773452874,0.2278295376121463,0.15508163529962019,0.05745341614906832,0.07015701397456492,0.04960317460317461,0.06746031746031746,0.30271221532091097,0.1088511398975512,16.3,7.4244341348160825,6.0,1.3,0.9,1.2,3.2,0.3,0.0,0.5,1.8,4.1,,1.2,1.4,,0.6,0.7,1.4,3.3,0.3393861061671893,0.23521646586613265,0.07073460624185263,0.07375509106995295,0.05750709301433939,0.050527417589698045,0.06665435731034511,0.05300497764248761,0.18273844837536676,0.11419995113266468,0.23522493835232203,0.1422216628264537,0.07742605305534367,0.0756748518708498,0.03726324668353654,0.05130676577067777,0.30655564838020977,0.12015430182020992,,,,DET,True,13.8825,4.904897887323944,0.7439260563380281,0.6346091549295774,0.9532429577464788,0.29329225352112676,0.0,0.4888204225352113,6.28343309859155,5.648823943661972,5.539507042253522,1.3785352112676055,0.29329225352112676,6.264,1.23,0.956,0.942,8.45,0.332,0.024,0.492,3.8743133585191583,1.11584049039278,1.0266761904320174,1.0053039341413124,4.167433262812975,0.5777335025770965,0.25,0.6970910987812139
4278046,Olivier Sarr,CLE,2026-05-11,1.0,2.0,1.0,1.0,7.0,0,0,0,0,0,0,0,0,0,0,,0,0,,0,0,0,0,0.0,,,,,,,,,,0.0,11.333333333333334,12.055427546683417,4.333333333333333,3.6666666666666665,1.6666666666666667,0.6666666666666666,1.0,0.6666666666666666,1.0,0.6666666666666666,1.6666666666666667,2.3333333333333335,,0.3333333333333333,1.0,,0.6666666666666666,3.0,2.3333333333333335,9.666666666666666,0.35833333333333334,0.08249579113843056,0.375,0.1767766952966369,0.19166666666666665,0.15320646925708528,0.07083333333333333,0.04124789556921528,0.09166666666666667,0.011785113019775804,0.175,0.10606601717798214,0.0625,0.08838834764831845,0.041666666666666664,0.05892556509887896,0.2441666666666667,0.2038824552421212,7.0,10.392304845413264,2.6,2.2,1.0,0.4,0.6,0.4,0.6,0.4,1.0,1.4,,0.2,0.6,,0.4,1.8,1.4,6.6,0.2388888888888889,0.21495046802392337,0.25,0.25,0.12777777777777777,0.15485955405295948,0.04722222222222222,0.0502309481111809,0.061111111111111116,0.053575837561071975,0.11666666666666665,0.12583057392117916,0.041666666666666664,0.07216878364870323,0.027777777777777776,0.048112522432468816,0.1627777777777778,0.2016345245276252,5.833333333333333,9.724539406402068,2.1666666666666665,1.8333333333333333,0.8333333333333334,0.3333333333333333,0.5,0.3333333333333333,0.5,0.3333333333333333,0.8333333333333334,1.1666666666666667,,0.16666666666666666,0.5,,0.3333333333333333,1.5,1.1666666666666667,5.5,0.2388888888888889,0.21495046802392337,0.25,0.25,0.12777777777777777,0.15485955405295948,0.04722222222222222,0.0502309481111809,0.061111111111111116,0.053575837561071975,0.11666666666666665,0.12583057392117916,0.041666666666666664,0.07216878364870323,0.027777777777777776,0.048112522432468816,0.1627777777777778,0.2016345245276252,,,,DET,True,8.0,2.6433333333333335,2.2366666666666664,1.0166666666666666,0.4066666666666666,0.176,0.144,0.48,5.8966666666666665,4.88,3.66,3.253333333333333,0.31999999999999995,3.246,2.006,0.992,0.46,6.244,0.192,0.082,0.402,2.86102848640135,1.3776661424307415,1.0217318630638863,0.6726068688320095,3.4450637149405523,0.4371910337598428,0.28857581326230375,0.6295998729351842
4431734,Tristan Enaruna,CLE,2026-05-11,1.0,2.0,1.0,1.0,6.0,0,0,0,0,0,0,0,0,0,0,,0,0,,0,0,0,0,0.0,,,,,,,,,,0.0,13.333333333333334,14.047538337136984,7.333333333333333,1.3333333333333333,1.3333333333333333,0.6666666666666666,1.3333333333333333,1.3333333333333333,0.0,0.3333333333333333,2.3333333333333335,3.3333333333333335,,2.0,2.3333333333333335,,0.6666666666666666,0.6666666666666666,0.6666666666666666,5.666666666666667,0.5595238095238095,0.03367175148507378,0.09523809523809525,0.01683587574253684,0.09523809523809523,0.016835875742536838,0.03571428571428571,0.050507627227610534,0.09523809523809525,0.01683587574253684,0.27380952380952384,0.08417937871268423,0.1488095238095238,0.09259731658395265,0.017857142857142856,0.025253813613805267,0.3571428571428572,0.018182745801939543,10.2,11.497825881443848,4.8,1.0,0.8,0.4,1.0,0.8,0.0,0.2,1.6,2.4,,1.2,1.4,,0.4,0.6,0.4,7.0,0.43362193362193363,0.21936440114765743,0.0937950937950938,0.012164296753309784,0.06349206349206349,0.05625970983634057,0.023809523809523808,0.041239304942116126,0.0937950937950938,0.012164296753309784,0.24314574314574314,0.0797739696518614,0.0992063492063492,0.10802109197473174,0.011904761904761904,0.020619652471058063,0.29870129870129875,0.10203701966288145,10.2,11.497825881443848,4.8,1.0,0.8,0.4,1.0,0.8,0.0,0.2,1.6,2.4,,1.2,1.4,,0.4,0.6,0.4,7.0,0.43362193362193363,0.21936440114765743,0.0937950937950938,0.012164296753309784,0.06349206349206349,0.05625970983634057,0.023809523809523808,0.041239304942116126,0.0937950937950938,0.012164296753309784,0.24314574314574314,0.0797739696518614,0.0992063492063492,0.10802109197473174,0.011904761904761904,0.020619652471058063,0.29870129870129875,0.10203701966288145,,,,DET,True,9.61,4.84,0.95,0.84,0.42,0.21141999999999997,0.17297999999999997,0.5765999999999999,6.63,5.79,5.68,1.79,0.38439999999999996,4.564,1.372,1.116,0.594,7.052,0.26,0.126,0.544,3.3439354060747046,1.1052673884630815,1.0307977493184588,0.7597131037437752,3.740761419818163,0.5102940328869229,0.37165037333493967,0.7823451923543725
4432158,Evan Mobley,CLE,2026-05-11,1.0,2.0,3.0,6.0,14.0,13,8,4,0,2,0,2,1,4,6,,5,10,,2,6,5,9,36.0,0.3611111111111111,0.2222222222222222,0.1111111111111111,0.0,0.05555555555555555,0.16666666666666666,0.2777777777777778,0.027777777777777776,0.31666666666666665,0.0,35.666666666666664,0.5773502691895652,12.0,6.0,4.333333333333333,1.0,3.6666666666666665,1.0,2.3333333333333335,1.3333333333333333,4.666666666666667,9.0,,1.6666666666666667,3.3333333333333335,,1.6666666666666667,4.333333333333333,3.6666666666666665,-5.0,0.337037037037037,0.07784388724808716,0.16904761904761909,0.12358292246552371,0.12169312169312167,0.018328579974273843,0.028306878306878308,0.028575102644429234,0.10317460317460318,0.044188606054206526,0.2529100529100529,0.07688724608191752,0.0925925925925926,0.16037507477489604,0.03730158730158728,0.01581338003585007,0.33095238095238094,0.013256581816262181,35.0,5.04975246918104,15.0,7.8,4.0,1.4,4.0,0.8,1.6,2.2,5.6,9.8,,2.4,4.4,,2.0,5.8,3.6,-4.4,0.42534778681120144,0.1434081023190466,0.22157310620725257,0.11685053491626048,0.11727964898696605,0.030119639505551268,0.0390256807329978,0.028051694995214784,0.11086591818299134,0.047487596515521056,0.27676861530520064,0.07377959185217357,0.12420957542908764,0.12251617274183109,0.06664472835204542,0.04941806834218243,0.3980655568460446,0.094206815340365,33.9,3.5730472522297645,16.3,7.8,3.7,1.2,3.4,0.8,1.4,1.7,6.1,10.8,,2.9,4.7,,2.2,5.6,3.1,-4.2,0.4800981358298431,0.17515246516087438,0.22982064401271715,0.08314553094423052,0.11043906691772545,0.05110087381289743,0.034664355518014056,0.03135361722531655,0.09814129242482901,0.03837172914608513,0.3182138531071458,0.07474879989641582,0.13786236347211958,0.10851624124881044,0.05159887932753786,0.040266836135983475,0.4304721723624163,0.08645722641844297,,,,DET,True,34.7345,15.567601960784312,7.751587254901961,3.863526470588235,1.1611754901960785,0.9080915032679737,1.5891601307189542,1.7026715686274507,27.182715686274506,23.319189215686272,19.431128431372546,11.615113725490195,2.497251633986928,14.46,7.116,3.374,1.636,24.95,0.814,0.66,1.422,5.8296140524051845,2.6859903201612623,1.8703272440939311,1.3384707691989393,6.461230532955778,0.933490224908649,0.8248636250920512,1.1712881797405794
4683747,Jaylon Tyson,CLE,2026-05-11,1.0,2.0,3.0,6.0,13.0,3,2,2,1,3,0,1,1,1,3,,0,0,,0,2,0,2,14.0,0.21428571428571427,0.14285714285714285,0.14285714285714285,0.07142857142857142,0.21428571428571427,0.21428571428571427,0.0,0.07142857142857142,0.2857142857142857,0.0,18.0,3.9999999999999996,3.3333333333333335,4.0,1.3333333333333333,0.3333333333333333,1.6666666666666667,0.0,0.3333333333333333,0.6666666666666666,1.3333333333333333,3.6666666666666665,,0.3333333333333333,0.6666666666666666,,0.6666666666666666,3.3333333333333335,1.0,2.6666666666666665,0.17748917748917747,0.16225105915073756,0.21596921596921595,0.0681668648075315,0.08128908128908129,0.05355816702615618,0.02380952380952382,0.041239304942116126,0.10173160173160173,0.10755201947017178,0.19600769600769605,0.13226376268422252,0.030303030303030304,0.0524863881081478,0.042328042328042326,0.0375064732242271,0.25166907166907165,0.1270050826646049,17.8,3.033150177620618,4.4,5.0,2.2,0.6,2.6,0.0,0.2,0.8,1.8,5.0,,0.2,0.4,,1.2,3.8,1.4,4.2,0.24267771701982227,0.1467020680672416,0.27431837168679274,0.12231663391779779,0.12837871193134348,0.07522102428012839,0.03731203007518797,0.03470387578196763,0.15511790840738207,0.11880867028113828,0.27681514392040707,0.14579236568034942,0.01818181818181818,0.040655781409087086,0.0503968253968254,0.05271209661695888,0.33521196931723246,0.14808995884383416,16.5,3.4075080500434782,5.7,3.5,1.9,0.9,2.8,0.2,0.1,0.7,2.1,5.3,,0.6,1.0,,1.0,2.5,2.1,0.7,0.3462701771912299,0.2326069909561959,0.19782768401189454,0.12942163449834496,0.12005016182647761,0.08105758524321656,0.0611239637555427,0.06682175125297443,0.18154247068720752,0.12153929972527155,0.3235953008979325,0.13321963851109242,0.051948051948051945,0.09621692974412496,0.043055555555555555,0.04863742404141826,0.3895079993106309,0.12847505480349303,,,,DET,True,16.941722222222225,5.354495584988963,3.9361335540838853,1.95172582781457,0.8618629139072849,0.11219683590875644,0.11219683590875644,0.7853778513612952,11.242354966887419,9.290629139072848,7.3062214128035325,5.887859381898455,0.22439367181751288,7.054,3.758,2.12,1.048,12.932,0.19,0.136,0.768,4.066335450992699,1.8556497514347905,1.44138821973818,0.9847314354685749,4.914404948719631,0.4448595283907044,0.3653819918934155,0.9045308176065645
4701233,Craig Porter Jr.,CLE,2026-05-11,1.0,2.0,3.0,6.0,16.0,0,0,0,0,0,0,0,0,0,0,,0,0,,0,0,0,0,0.0,,,,,,,,,,0.0,0.0,0.0,0.0,0.0,0.0,0.0,0.0,0.0,0.0,0.0,0.0,0.0,,0.0,0.0,,0.0,0.0,0.0,0.0,,,,,,,,,,,,,,,,,,,0.0,0.0,0.0,0.0,0.0,0.0,0.0,0.0,0.0,0.0,0.0,0.0,,0.0,0.0,,0.0,0.0,0.0,0.0,,,,,,,,,,,,,,,,,,,0.5,1.0801234497346701,0.0,0.0,0.0,0.0,0.1,0.0,0.0,0.0,0.0,0.1,,0.0,0.0,,0.0,0.0,0.0,-0.2,0.0,0.0,0.0,0.0,0.0,0.0,0.0,0.0,0.16666666666666666,0.2357022603955158,0.16666666666666669,0.2357022603955158,0.0,0.0,0.0,0.0,0.16666666666666669,0.23570226039551587,,,,DET,True,6.25,0.0,0.0,0.0,0.0,0.13749999999999998,0.11249999999999999,0.375,0.0,0.0,0.0,0.0,0.24999999999999997,0.0,0.002,0.002,0.0,0.004,0.056,0.02,0.116,7.5,0.25,0.25,1.3,0.25,0.25,0.25,0.35006285149955574
4702177,Keon Ellis,CLE,2026-05-11,1.0,2.0,3.0,6.0,16.0,0,0,0,0,0,0,0,0,0,0,,0,0,,0,0,0,0,0.0,,,,,,,,,,0.0,5.666666666666667,5.507570547286102,2.0,1.0,0.0,0.6666666666666666,1.3333333333333333,0.6666666666666666,0.0,0.0,0.6666666666666666,1.6666666666666667,,0.0,0.0,,0.3333333333333333,0.6666666666666666,0.3333333333333333,-2.0,0.38636363636363635,0.16070608663330627,0.13636363636363633,0.1928473039599675,0.0,0.0,0.12878787878787878,0.053568695544435406,0.21969696969696967,0.07499617376220957,0.26515151515151514,0.13927860841553208,0.0,0.0,0.0,0.0,0.2651515151515152,0.13927860841553208,3.4,4.979959839195495,1.2,0.6,0.0,0.4,0.8,0.4,0.0,0.0,0.4,1.0,,0.0,0.0,,0.2,0.4,0.2,-1.2,0.38636363636363635,0.16070608663330627,0.13636363636363633,0.1928473039599675,0.0,0.0,0.12878787878787878,0.053568695544435406,0.21969696969696967,0.07499617376220957,0.26515151515151514,0.13927860841553208,0.0,0.0,0.0,0.0,0.26515151515151514,0.13927860841553208,6.0,6.182412330330471,0.9,1.2,0.1,0.3,1.0,0.5,0.1,0.2,0.3,1.1,,0.0,0.1,,0.3,0.9,0.6,-1.6,0.1621212121212121,0.2033127840404287,0.2065656565656566,0.18945978653316523,0.041666666666666664,0.10206207261596575,0.054040404040404035,0.0677709280134762,0.2000841750841751,0.15901647021256654,0.21523569023569022,0.17118766151275436,0.011111111111111112,0.027216552697590865,0.029629629629629627,0.04800548665487303,0.24975420875420876,0.18468817706983665,,,,DET,True,8.35,1.1480000000000001,1.302,0.11933333333333335,0.3826666666666667,0.7422222222222222,0.18555555555555556,0.3711111111111111,2.5693333333333337,2.45,1.2673333333333334,1.4213333333333333,0.9277777777777778,1.626,0.988,0.156,0.294,2.77,0.292,0.05,0.244,2.133101966620443,1.025600312012433,0.38944062448594136,0.5509664236593732,2.43086404391525,0.5317292544143118,0.25,0.49037128790336004
5023693,Tyrese Proctor,CLE,2026-05-11,1.0,2.0,3.0,6.0,16.0,0,0,0,0,0,0,0,0,0,0,,0,0,,0,0,0,0,0.0,,,,,,,,,,0.0,0.0,0.0,0.0,0.0,0.0,0.0,0.0,0.0,0.0,0.0,0.0,0.0,,0.0,0.0,,0.0,0.0,0.0,0.0,,,,,,,,,,,,,,,,,,,0.0,0.0,0.0,0.0,0.0,0.0,0.0,0.0,0.0,0.0,0.0,0.0,,0.0,0.0,,0.0,0.0,0.0,0.0,,,,,,,,,,,,,,,,,,,0.3,0.9486832980505138,0.2,0.0,0.0,0.0,0.0,0.0,0.0,0.0,0.0,0.0,,0.2,0.2,,0.0,0.0,0.0,0.0,0.6666666666666666,,0.0,,0.0,,0.0,,0.0,,0.0,,0.6666666666666666,,0.0,,0.29333333333333333,,,,,DET,True,6.25,0.04000000000000001,0.0,0.0,0.0,0.13749999999999998,0.11249999999999999,0.375,0.04000000000000001,0.04000000000000001,0.04000000000000001,0.0,0.24999999999999997,0.0,0.0,0.0,0.0,0.0,0.028,0.016,0.068,7.5,3.0,2.5,1.3,9.0,0.25,0.25,0.251745903640953
5106268,Nae'Qwan Tomlin,CLE,2026-05-11,1.0,2.0,3.0,6.0,16.0,0,0,0,0,0,0,0,0,0,0,,0,0,,0,0,0,0,0.0,,,,,,,,,,0.0,0.0,0.0,0.0,0.0,0.0,0.0,0.0,0.0,0.0,0.0,0.0,0.0,,0.0,0.0,,0.0,0.0,0.0,0.0,,,,,,,,,,,,,,,,,,,0.0,0.0,0.0,0.0,0.0,0.0,0.0,0.0,0.0,0.0,0.0,0.0,,0.0,0.0,,0.0,0.0,0.0,0.0,,,,,,,,,,,,,,,,,,,0.5,1.0801234497346408,0.2,0.1,0.1,0.0,0.0,0.0,0.0,0.1,0.1,0.2,,0.0,0.0,,0.1,0.0,0.2,-0.2,0.5,0.7071067811865476,0.16666666666666669,0.23570226039551576,0.16666666666666663,0.2357022603955158,0.0,0.0,0.0,0.0,0.41666666666666663,0.11785113019775802,0.0,0.0,0.24999999999999997,0.3535533905932738,0.6666666666666666,0.47140452079103173,,,,DET,True,6.25,0.04000000000000001,0.020000000000000004,0.020000000000000004,0.0,0.13749999999999998,0.11249999999999999,0.375,0.08000000000000002,0.06000000000000001,0.06000000000000001,0.04000000000000001,0.24999999999999997,0.0,0.06,0.044,0.0,0.104,0.074,0.026,0.092,7.5,0.25,0.25,1.3,0.3117434842943794,0.2693028035502045,0.25,0.2958648340036376
5177362,Riley Minix,CLE,2026-05-11,1.0,2.0,1.0,1.0,7.0,0,0,0,0,0,0,0,0,0,0,,0,0,,0,0,0,0,0.0,,,,,,,,,,0.0,11.0,12.767145334803704,5.333333333333333,0.3333333333333333,0.3333333333333333,0.3333333333333333,2.0,0.3333333333333333,0.3333333333333333,0.3333333333333333,2.0,3.6666666666666665,,1.0,1.0,,0.0,0.3333333333333333,0.6666666666666666,8.0,0.49,0.014142135623730963,0.02,0.0282842712474619,0.02,0.0282842712474619,0.02,0.0282842712474619,0.1625,0.05303300858899107,0.305,0.07778174593052022,0.145,0.14849242404917498,0.02,0.0282842712474619,0.3888,0.040729350596345124,6.8,10.709808588392232,3.2,0.2,0.2,0.2,1.2,0.2,0.2,0.2,1.2,2.2,,0.6,0.6,,0.0,0.2,0.4,5.6,0.32666666666666666,0.2830783166074953,0.013333333333333334,0.023094010767585032,0.013333333333333334,0.023094010767585032,0.013333333333333334,0.023094010767585032,0.10833333333333334,0.10103629710818451,0.20333333333333334,0.1844812546936228,0.09666666666666666,0.13428824718989124,0.013333333333333334,0.023094010767585032,0.2592,0.2263137644952246,5.666666666666667,9.973297682645729,2.6666666666666665,0.16666666666666666,0.16666666666666666,0.16666666666666666,1.0,0.16666666666666666,0.16666666666666666,0.16666666666666666,1.0,1.8333333333333333,,0.5,0.5,,0.0,0.16666666666666666,0.3333333333333333,4.666666666666667,0.32666666666666666,0.2830783166074953,0.013333333333333334,0.023094010767585032,0.013333333333333334,0.023094010767585032,0.013333333333333334,0.023094010767585032,0.10833333333333334,0.10103629710818451,0.20333333333333334,0.1844812546936228,0.09666666666666666,0.13428824718989124,0.013333333333333334,0.023094010767585032,0.2592,0.2263137644952246,,,,DET,True,8.0,3.253333333333333,0.2033333333333333,0.2033333333333333,0.2033333333333333,0.176,0.144,0.48,3.6599999999999993,3.456666666666666,3.456666666666666,0.4066666666666666,0.31999999999999995,2.874,0.394,0.36,0.336,3.628,0.174,0.068,0.426,2.537345857387203,0.6121797121760897,0.6019966777316965,0.5283029433951698,2.727932550485807,0.4191944656123217,0.2671628716719447,0.6726990411766617
6440,Tobias Harris,DET,2026-05-11,0.0,2.0,3.0,7.0,15.0,21,5,0,2,3,0,0,1,7,14,,5,5,,1,4,2,3,38.0,0.5526315789473685,0.13157894736842105,0.0,0.05263157894736842,0.07894736842105263,0.3684210526315789,0.13157894736842105,0.02631578947368421,0.4526315789473684,0.0,38.0,0.9999999999999964,20.666666666666668,6.666666666666667,0.3333333333333333,1.6666666666666667,3.6666666666666665,1.3333333333333333,0.6666666666666666,1.3333333333333333,7.333333333333333,14.666666666666666,,4.333333333333333,5.0,,1.0,5.666666666666667,1.6666666666666667,5.666666666666667,0.5443398864451495,0.028299719508905776,0.17529878056193848,0.03869212992493154,0.008547008547008546,0.014803853056144253,0.04410888621414937,0.01600944297808442,0.09607785923575396,0.02784347753068532,0.38660928134612343,0.03996411999371897,0.13025373551689343,0.07554579353301169,0.034874955927587506,0.01421341085708043,0.47879588090114406,0.024248455565535575,37.6,1.140175425099144,22.8,7.8,0.6,2.4,5.0,1.4,0.6,1.0,8.0,16.4,,4.4,5.4,,1.0,6.8,2.2,10.6,0.6090600722179669,0.12784084457759531,0.20781084728453147,0.052460665151416216,0.016239316239316237,0.024623692804936644,0.06476942529574109,0.04311090451288306,0.13337770969349916,0.054857716762119535,0.437228726702411,0.07542874787322917,0.1421873290294343,0.07788595071751625,0.026480529112108058,0.01815449377718537,0.5262716805874701,0.07117587148005114,36.1,2.514402955419469,21.3,7.7,1.0,1.6,4.9,1.5,0.8,1.2,7.7,16.5,,4.3,5.3,,1.1,6.6,2.3,4.1,0.5920998281354819,0.11340006096224886,0.21527578502960504,0.059912943396921534,0.02797225882964423,0.029045545130774446,0.04365145477199807,0.039352210649963776,0.13497681570686665,0.04663736734408544,0.4605373893913791,0.07226540199389654,0.14662296920361437,0.06713137185305677,0.033318429175814575,0.021435706407313362,0.5583699250167841,0.07688228576434486,,,,CLE,False,37.000888888888895,22.024629333333337,7.657962666666668,0.6821653333333334,1.80864,1.5938844444444447,0.6830933333333333,1.02464,30.36475733333334,29.682592000000007,22.70679466666667,8.340128000000002,2.2769777777777778,20.312,7.224,1.568,2.128,29.104,1.288,0.294,1.12,6.863720274020497,2.4620771718205745,1.271760983833047,1.4098283583472138,7.619001509384284,1.1068224789910983,0.543657980719496,1.0721940122944167
2596112,Javonte Green,DET,2026-05-11,0.0,2.0,3.0,7.0,15.0,3,2,0,1,4,0,0,0,1,5,,0,0,,1,1,1,-9,11.0,0.2727272727272727,0.18181818181818182,0.0,0.09090909090909091,0.36363636363636365,0.45454545454545453,0.0,0.0,0.45454545454545453,0.0,6.0,4.35889894354067,2.0,1.0,0.0,0.6666666666666666,2.3333333333333335,0.0,0.0,0.0,0.6666666666666666,2.6666666666666665,,0.0,0.0,,0.3333333333333333,0.6666666666666666,0.3333333333333333,-4.333333333333333,0.42424242424242414,0.5169309730070297,0.1717171717171717,0.16689607719048793,0.0,0.0,0.14141414141414144,0.17231032433567656,0.4545454545454546,0.5061603966209111,0.48484848484848486,0.5006882315714638,0.0,0.0,0.0,0.0,0.4848484848484848,0.5006882315714637,8.8,4.969909455915669,1.8,1.2,0.0,0.6,2.4,0.0,0.0,0.0,0.6,2.6,,0.0,0.0,,0.2,1.0,0.8,-2.2,0.2974025974025974,0.411721085179985,0.14826839826839827,0.12410074580270385,0.0,0.0,0.09913419913419912,0.13724036172666165,0.34415584415584416,0.4085236223383333,0.36233766233766235,0.4116186593542888,0.0,0.0,0.0,0.0,0.36233766233766235,0.4116186593542888,12.7,7.2272631980116335,3.0,2.0,0.3,0.7,2.7,0.6,0.5,0.3,0.9,3.0,,0.5,0.6,,0.2,1.8,1.2,0.0,0.30622900543616655,0.30106609888567776,0.16296625369515394,0.10507874195081086,0.03101449275362319,0.06387123853246639,0.07081177134885575,0.09988917962288552,0.2668264301768138,0.29059617948968186,0.288466358875566,0.2940997394615568,0.08869565217391304,0.25141648702400177,0.013043478260869565,0.029345589465676215,0.34053592409295735,0.29483634809851605,,,,CLE,False,10.639944444444446,2.3248450819672133,1.5622243169398908,0.12865519125683061,0.6462931693989071,0.34885063752276874,0.4360632969034609,0.2616379781420765,4.015724590163935,3.887069398907104,2.453500273224044,1.6908795081967214,0.7849139344262297,4.32,1.946,0.412,0.582,6.678,0.316,0.146,0.314,3.4729814281104354,1.3853100735936341,0.624704730252621,0.7741291881850212,3.769657278851753,0.5330515922497558,0.36970799288086803,0.6061385980120388
2991043,Caris LeVert,DET,2026-05-11,0.0,2.0,3.0,7.0,15.0,6,2,0,0,0,4,0,1,2,6,,2,2,,2,0,0,-10,17.0,0.35294117647058826,0.11764705882352941,0.0,0.0,0.0,0.35294117647058826,0.11764705882352941,0.058823529411764705,0.46352941176470586,0.0,13.0,3.9999999999999964,4.666666666666667,2.0,0.3333333333333333,0.6666666666666666,1.0,1.3333333333333333,0.0,0.3333333333333333,1.6666666666666667,4.0,,0.6666666666666666,0.6666666666666666,,1.0,1.0,0.3333333333333333,0.6666666666666666,0.32277526395173456,0.3087993570614892,0.16457181163063517,0.05310622375153573,0.025641025641025644,0.04441155916843275,0.05128205128205129,0.0888231183368655,0.07692307692307691,0.13323467750529824,0.28288922406569467,0.14960482590170085,0.0392156862745098,0.06792356108113244,0.0196078431372549,0.03396178054056622,0.3197519691637339,0.18494623991022896,8.8,6.648308055437865,2.8,1.2,0.2,0.4,0.8,0.8,0.0,0.2,1.0,2.8,,0.4,0.4,,0.6,0.6,0.2,-0.6,0.24208144796380093,0.29936153677869853,0.12342885872297638,0.09301156359979892,0.019230769230769232,0.03846153846153865,0.038461538461538464,0.07692307692307693,0.1076923076923077,0.12498520622516862,0.312166918049271,0.1354614437716599,0.029411764705882353,0.058823529411764705,0.014705882352941176,0.029411764705882353,0.33981397687280046,0.15624770201370183,11.6,8.796463936024395,2.7,1.9,0.7,0.3,0.9,0.4,0.3,0.5,1.1,3.0,,0.2,0.2,,0.4,1.5,0.7,0.9,0.2960044530632766,0.2787540640650224,0.20946044514671966,0.21694789801909614,0.05854700854700855,0.08541617958200469,0.04487179487179487,0.09222752929447538,0.10040293040293041,0.10525912385255935,0.27747101119650136,0.11821810248524914,0.013071895424836602,0.0392156862745098,0.04764705882352941,0.08179855414497016,0.330869704006959,0.1339938472407417,,,,CLE,False,12.6025,3.1483214285714283,1.7602142857142855,0.5290803571428571,0.2950267857142857,0.45008928571428564,0.22504464285714282,0.5626116071428571,5.437616071428571,4.908535714285714,3.6774017857142853,2.2892946428571426,0.6751339285714284,4.432,2.012,0.948,0.486,7.392,0.382,0.092,0.528,3.293231847289225,1.360829159005641,0.9763687827865043,0.7027118897528346,3.7430383380350247,0.6197386545956287,0.2958648340036376,0.7135937219454779
3157465,Duncan Robinson,DET,2026-05-11,0.0,2.0,3.0,7.0,14.0,15,3,4,4,7,5,1,0,5,9,,1,2,,0,3,3,1,36.0,0.4166666666666667,0.08333333333333333,0.1111111111111111,0.1111111111111111,0.19444444444444445,0.25,0.05555555555555555,0.0,0.2744444444444445,0.0,33.666666666666664,4.932882862316249,17.0,2.0,3.0,4.666666666666667,8.0,3.3333333333333335,0.3333333333333333,0.3333333333333333,6.0,11.0,,0.3333333333333333,1.0,,0.0,2.0,2.6666666666666665,4.0,0.5182325182325183,0.14049637150209118,0.0548048048048048,0.04747571097225937,0.08787358787358789,0.02069491725783827,0.14160589160589163,0.03419249369290844,0.24113399113399114,0.04567146472033494,0.33429858429858433,0.08970258174676907,0.03042328042328042,0.02815317017697455,0.009009009009009009,0.015604061329449373,0.35669383669383675,0.08504658045771013,34.6,3.714835124201343,15.0,3.4,3.0,4.0,8.6,2.6,0.2,0.8,5.4,11.4,,0.2,0.6,,0.2,3.2,3.0,10.2,0.4442728442728443,0.14720440771962257,0.093993993993994,0.06405492341259625,0.08605748605748606,0.014843314102365317,0.1182968682968683,0.04459902572808292,0.25023595023595024,0.03598232307237961,0.3339124839124839,0.06640300119709548,0.01825396825396825,0.025960995609200174,0.022072072072072072,0.02319807671717611,0.36401630201630203,0.061753102962979936,31.3,4.643992535164834,12.3,2.7,2.6,3.3,7.6,1.6,0.3,0.9,4.2,9.8,,0.6,1.0,,0.4,2.3,2.9,3.8,0.3958540235005753,0.12483678200025956,0.08119527285906596,0.07102822184315205,0.08250264412764413,0.04134029637089399,0.10622445726325039,0.03980788429077817,0.242884553367312,0.0278899077484637,0.31400810819345304,0.050577664801345144,0.033844964422550625,0.03205050972377384,0.02858046574425885,0.02259462876833855,0.3574803582836342,0.047879212035725274,,,,CLE,False,33.176611111111114,13.930899651567945,2.984686759581882,2.753892915214867,3.7047630662020907,1.8495671699574139,0.3467938443670151,0.9247835849787069,19.66947932636469,16.915586411149825,16.68479256678281,5.738579674796749,2.196361014324429,19.956,4.488,3.196,3.294,27.64,1.408,0.2,1.126,6.8347687598045335,2.0312203228601273,1.6521452720629624,1.7457273555741744,7.187377825048576,1.1547882922856467,0.4289522117905444,1.096414155326353
4066372,Kevin Huerter,DET,2026-05-11,0.0,8.0,0.0,2.0,9.0,0,0,0,0,0,0,0,0,0,0,,0,0,,0,0,0,0,0.0,,,,,,,,,,0.0,6.0,7.937253933193776,0.0,0.6666666666666666,1.6666666666666667,0.0,0.3333333333333333,0.3333333333333333,0.0,0.0,0.0,0.6666666666666666,,0.0,0.0,,0.0,0.6666666666666666,0.3333333333333333,1.6666666666666667,0.0,0.0,0.2,0.18856180831641264,0.16666666666666669,0.2357022603955158,0.0,0.0,0.033333333333333326,0.04714045207910361,0.06666666666666665,0.09428090415820682,0.0,0.0,0.0,0.0,0.06666666666666665,0.0942809041582068,8.4,7.765307463326869,1.2,1.0,1.2,0.4,1.0,0.4,0.0,0.4,0.4,1.4,,0.0,0.0,,0.0,1.0,0.4,1.6,0.16666666666666663,0.23570226039551578,0.16944444444444443,0.11666666666666668,0.09722222222222221,0.15957118462605635,0.05555555555555556,0.07856742013183861,0.12777777777777777,0.14444444444444443,0.15833333333333333,0.13709958532503408,0.0,0.0,0.08333333333333333,0.16666666666666666,0.24166666666666664,0.2923404914871749,13.75,10.43003903567548,5.375,1.625,2.125,1.125,2.75,1.25,0.125,0.75,2.0,4.5,,0.25,0.25,,0.0,1.625,0.5,0.625,0.32291666666666663,0.2858421402919217,0.15128968253968253,0.09074171086567039,0.12609126984126984,0.11900615183882306,0.07549603174603174,0.06603276253128615,0.1810515873015873,0.1316252927929198,0.26904761904761904,0.17749310665502735,0.014285714285714287,0.03779644730092273,0.06547619047619048,0.1269686250458425,0.34080952380952384,0.2539490038587405,,,,CLE,False,8.0,1.198,0.95,1.538,0.346,0.3333333333333333,0.0,0.6666666666666666,3.686,2.1479999999999997,2.7359999999999998,2.488,0.3333333333333333,3.388,1.598,1.88,0.632,6.866,0.37,0.014,0.696,3.130088816631247,1.239514421053664,1.35705563629499,0.7852235350522805,3.6540448820451013,0.6301587101675259,0.25,0.8072075321749668
4278562,Paul Reed,DET,2026-05-11,0.0,2.0,3.0,7.0,15.0,11,3,0,0,0,0,0,1,4,4,,3,3,,2,1,2,11,10.0,1.1,0.3,0.0,0.0,0.0,0.4,0.3,0.1,0.632,0.0,3.3333333333333335,5.773502691896257,3.6666666666666665,1.0,0.0,0.0,0.0,0.0,0.0,0.3333333333333333,1.3333333333333333,1.3333333333333333,,1.0,1.0,,0.6666666666666666,0.3333333333333333,0.6666666666666666,3.6666666666666665,1.1,,0.3,,0.0,,0.0,,0.0,,0.4,,0.3,,0.1,,0.632,,4.6,5.458937625582471,3.4,1.8,0.0,0.0,0.4,0.0,0.6,0.4,1.2,1.8,,1.0,1.0,,1.0,0.8,1.0,2.6,0.5484848484848485,0.5500062609210387,0.2818181818181818,0.27318144002394046,0.0,0.0,0.0,0.0,0.06060606060606061,0.1049727762162956,0.4212121212121212,0.0706132133195822,0.1606060606060606,0.1511206986641416,0.06363636363636364,0.055297841184529274,0.5555151515151515,0.06845287534684495,3.1,4.458450154232718,2.1,1.4,0.0,0.0,0.2,0.0,0.3,0.2,0.8,1.2,,0.5,0.5,,0.6,0.8,0.8,1.4,0.4433766233766233,0.46128546547058097,0.3119480519480519,0.3206114498964265,0.0,0.0,0.0,0.0,0.03636363636363636,0.08131156281817417,0.33844155844155843,0.19569838524159996,0.09636363636363636,0.13840890431395095,0.038181818181818185,0.0523813101486834,0.41902337662337663,0.2454248161752806,,,,CLE,False,7.37,4.739548387096775,2.661032258064516,0.0,0.0,0.0,0.7132258064516129,0.4754838709677419,7.400580645161291,7.400580645161291,4.739548387096775,2.661032258064516,0.7132258064516129,2.634,1.74,0.024,0.162,4.398,0.014,0.136,0.3,2.3613648595674492,1.3268006632497586,0.25,0.38955872471297576,2.7194845099761094,0.25,0.3653819918934155,0.5347896782848375
4397882,Tolu Smith,DET,2026-05-11,0.0,2.0,3.0,7.0,15.0,0,0,0,0,0,0,0,0,0,0,,0,0,,0,0,0,0,0.0,,,,,,,,,,0.0,0.0,0.0,0.0,0.0,0.0,0.0,0.0,0.0,0.0,0.0,0.0,0.0,,0.0,0.0,,0.0,0.0,0.0,0.0,,,,,,,,,,,,,,,,,,,0.2,0.4472135954999579,0.0,0.0,0.0,0.0,0.0,0.0,0.0,0.0,0.0,0.0,,0.0,0.0,,0.0,0.0,0.0,0.0,0.0,,0.0,,0.0,,0.0,,0.0,,0.0,,0.0,,0.0,,0.0,,0.1,0.3162277660168355,0.0,0.0,0.0,0.0,0.0,0.0,0.0,0.0,0.0,0.0,,0.0,0.0,,0.0,0.0,0.0,0.0,0.0,,0.0,,0.0,,0.0,,0.0,,0.0,,0.0,,0.0,,0.0,,,,,CLE,False,5.55,0.0,0.0,0.0,0.0,0.12209999999999999,0.09989999999999999,0.33299999999999996,0.0,0.0,0.0,0.0,0.22199999999999998,0.0,0.0,0.0,0.0,0.0,0.024,0.012,0.044,7.5,3.0,2.5,1.3,9.0,0.25,0.25,0.25
4432107,Marcus Sasser,DET,2026-05-11,0.0,2.0,3.0,7.0,15.0,0,0,0,0,0,0,0,0,0,0,,0,0,,0,0,0,0,0.0,,,,,,,,,,0.0,0.0,0.0,0.0,0.0,0.0,0.0,0.0,0.0,0.0,0.0,0.0,0.0,,0.0,0.0,,0.0,0.0,0.0,0.0,,,,,,,,,,,,,,,,,,,0.2,0.4472135954999579,0.0,0.0,0.2,0.0,0.0,0.0,0.0,0.0,0.0,0.0,,0.0,0.0,,0.0,0.0,0.0,0.0,0.0,,0.0,,1.0,,0.0,,0.0,,0.0,,0.0,,0.0,,0.0,,0.2,0.4216370213557991,0.0,0.0,0.1,0.0,0.0,0.0,0.0,0.0,0.0,0.0,,0.0,0.0,,0.0,0.0,0.0,0.0,0.0,0.0,0.0,0.0,0.5,0.7071067811865476,0.0,0.0,0.0,0.0,0.0,0.0,0.0,0.0,0.0,0.0,0.0,0.0,,,,CLE,False,5.55,0.0,0.0,0.09,0.0,0.12209999999999999,0.09989999999999999,0.33299999999999996,0.09,0.0,0.09,0.09,0.22199999999999998,0.0,0.0,0.062,0.0,0.062,0.02,0.006,0.044,7.5,3.0,0.25,1.3,0.25,0.25,0.25,0.25
4432166,Cade Cunningham,DET,2026-05-11,0.0,2.0,3.0,7.0,14.0,27,10,10,2,6,1,0,8,10,27,,5,6,,6,4,5,6,39.0,0.6923076923076923,0.2564102564102564,0.2564102564102564,0.05128205128205128,0.15384615384615385,0.6923076923076923,0.15384615384615385,0.20512820512820512,0.9651282051282052,0.0,41.0,1.7320508075688772,25.0,5.333333333333333,9.0,2.3333333333333335,5.666666666666667,1.3333333333333333,0.6666666666666666,5.666666666666667,7.666666666666667,20.0,,7.333333333333333,8.333333333333334,,2.0,3.3333333333333335,3.3333333333333335,10.333333333333334,0.6117216117216117,0.07373927523515525,0.1330891330891331,0.10679922561932637,0.2203907203907204,0.04741904085257949,0.056776556776556776,0.012820512820512778,0.13858363858363856,0.01778852537769688,0.4926739926739927,0.18284773562258141,0.2020757020757021,0.05495522901327373,0.13980463980463978,0.05781089426696016,0.7213919413919414,0.22037839233054649,40.8,1.6431676725154925,27.8,5.4,8.4,2.6,5.4,1.6,1.0,5.0,8.6,20.2,,8.0,9.4,,1.4,4.0,3.4,13.4,0.6835164835164835,0.11319362925053511,0.1326007326007326,0.10651564954658471,0.20805860805860804,0.0915805859157607,0.0641025641025641,0.023668219749670476,0.13296703296703297,0.025430849754886155,0.49743589743589745,0.1329864565677745,0.22967032967032966,0.055182636533548296,0.12344322344322345,0.04668713359614947,0.721934065934066,0.15916594016541857,40.5,2.068278940998479,30.2,5.6,7.7,2.8,7.0,1.0,0.8,5.8,9.5,21.6,,8.4,9.9,,1.2,4.4,3.0,8.0,0.7444601646430915,0.15588514259985,0.13937953663563418,0.07982141243933667,0.19245850501948064,0.08349339577414,0.0686270019806605,0.026309223542892387,0.17347692298911813,0.05621524823309205,0.5349139472919962,0.10629137486426278,0.24336721342818907,0.04852574850475825,0.14424093430190993,0.05490517536407791,0.7862364555023091,0.13016941650775776,,,,CLE,False,40.53894444444444,28.454151872146113,5.842607397260274,8.336673333333332,2.6539840182648398,1.1106560121765598,0.8885248097412478,6.10860806697108,42.63343260273972,34.29675926940639,36.79082520547944,14.179280730593605,1.9991808219178075,22.244,5.912,5.04,2.704,33.196,0.87,0.32,3.302,7.442611369673953,2.5116241757078224,2.245528890929707,1.6249258444618326,8.39556930767652,0.9192932067626737,0.5844655678480982,1.761475517854279
4432810,Isaiah Stewart,DET,2026-05-11,0.0,2.0,3.0,7.0,14.0,4,2,0,0,0,0,0,0,2,3,,0,0,,0,2,2,-4,9.0,0.4444444444444444,0.2222222222222222,0.0,0.0,0.0,0.3333333333333333,0.0,0.0,0.3333333333333333,0.0,12.333333333333334,3.0550504633038944,4.0,2.3333333333333335,0.3333333333333333,0.0,0.0,0.0,0.0,0.6666666666666666,1.6666666666666667,2.0,,0.6666666666666666,0.6666666666666666,,1.0,1.3333333333333333,3.0,-2.3333333333333335,0.3464387464387464,0.18475250790239414,0.19544159544159545,0.053956834649162844,0.025641025641025644,0.04441155916843275,0.0,0.0,0.0,0.0,0.18461538461538463,0.13596998547243946,0.05128205128205129,0.0888231183368655,0.05128205128205129,0.08882311833686551,0.25846153846153846,0.16742470610888824,10.6,3.2093613071762417,2.4,1.6,0.2,0.0,0.0,0.0,0.0,0.6,1.0,1.6,,0.4,0.4,,0.6,1.0,2.2,-3.0,0.20786324786324784,0.23037509869412318,0.14226495726495725,0.09333185598843302,0.015384615384615385,0.034401045807689073,0.0,0.0,0.0,0.0,0.16076923076923078,0.13462026853167317,0.03076923076923077,0.06880209161537816,0.05576923076923077,0.07704317547696203,0.23007692307692307,0.18194587956332609,13.7,4.423422506008969,4.1,2.8,0.2,0.2,0.4,0.1,1.3,0.8,1.4,2.4,,1.1,1.6,,0.9,1.9,2.9,-0.6,0.27927992114524625,0.213531856854433,0.1910821690349554,0.08758197849757689,0.013574660633484165,0.02893412683748247,0.01213235294117647,0.025591920890008356,0.02239551083591331,0.0290993540572347,0.17944034293879493,0.10202368030030351,0.09700097245375884,0.09233031187191353,0.058399321266968326,0.07759289218497016,0.28052009208541717,0.1535364394225014,,,,CLE,False,12.06388888888889,3.7149887005649718,2.3202033898305086,0.20668361581920905,0.13868361581920904,0.0,1.2268361581920904,0.8178907721280604,6.241875706214689,6.03519209039548,3.9216723163841807,2.5268870056497175,1.2268361581920904,4.706,2.544,0.514,0.416,7.764,0.058,0.288,0.652,3.256925544129003,1.5760913679098683,0.7140056022189181,0.6655403819453783,3.695984848453792,0.25,0.5595140748899888,0.8287918918522309
4433621,Jalen Duren,DET,2026-05-11,0.0,2.0,3.0,7.0,14.0,11,4,1,0,0,2,0,3,5,8,,1,2,,1,3,3,-14,29.0,0.3793103448275862,0.13793103448275862,0.034482758620689655,0.0,0.0,0.27586206896551724,0.06896551724137931,0.10344827586206896,0.4096551724137931,0.0,32.333333333333336,3.055050463303891,10.0,8.666666666666666,2.0,0.0,0.0,0.6666666666666666,0.6666666666666666,2.0,3.6666666666666665,8.666666666666666,,2.6666666666666665,4.0,,3.3333333333333335,5.333333333333333,2.0,3.0,0.31200676717918097,0.06847150106234277,0.26127282679006814,0.10865745528877811,0.059690501069811414,0.047327006156842204,0.0,0.0,0.0,0.0,0.26742299845748124,0.051602420572196606,0.12168980444842514,0.05678949188779767,0.06420858834651938,0.037568194255740484,0.38517510076130773,0.02928839867586541,33.2,3.03315017762062,10.6,10.0,2.0,0.0,0.0,0.6,0.4,2.0,4.0,8.2,,2.6,3.8,,4.2,5.8,2.8,9.0,0.31828514138858965,0.07373558808407993,0.294094777155122,0.09924687743022613,0.05828051685810307,0.03786875281968533,0.0,0.0,0.0,0.0,0.24660244772313736,0.05032516566805249,0.11169631510148752,0.06278557477376821,0.06183596381872244,0.02692872789587035,0.35758479018651435,0.05684776407267642,31.7,3.093002855909879,10.4,9.2,2.1,0.0,0.0,0.5,1.1,2.5,3.9,7.9,,2.6,3.6,,3.8,5.4,3.4,3.1,0.32895644484284636,0.07023289107630314,0.2876671518787759,0.07412921228514553,0.06519454166075411,0.03741402214032456,0.0,0.0,0.0,0.0,0.25094449606129243,0.07188063074570106,0.11173910426830339,0.049951172667140574,0.08040880992841504,0.029875109907901265,0.3805185118677611,0.07323896419661685,,,,CLE,False,31.850944444444448,10.635909859154928,9.135711854460094,2.0938145539906103,0.0,0.5607560641627544,1.1215121283255087,2.4673266823161195,21.865436267605634,19.771621713615023,12.729724413145538,11.229526408450704,1.6822681924882632,11.35,8.67,3.084,0.758,23.104,0.62,0.37,2.002,4.877653124198153,2.984811551840417,1.686696178924942,0.850550410028706,6.090088997707668,0.8022468448052631,0.5942221806698232,1.417743277183849
4592187,Wendell Moore Jr.,DET,2026-05-11,0.0,2.0,1.0,1.0,3.0,0,0,0,0,0,0,0,0,0,0,,0,0,,0,0,0,0,0.0,,,,,,,,,,0.0,2.5,3.5355339059327378,0.0,0.0,0.5,0.0,0.0,0.0,0.0,0.0,0.0,0.0,,0.0,0.0,,0.0,0.0,1.0,-0.5,0.0,,0.0,,0.2,,0.0,,0.0,,0.0,,0.0,,0.0,,0.0,,2.5,3.5355339059327378,0.0,0.0,0.5,0.0,0.0,0.0,0.0,0.0,0.0,0.0,,0.0,0.0,,0.0,0.0,1.0,-0.5,0.0,,0.0,,0.2,,0.0,,0.0,,0.0,,0.0,,0.0,,0.0,,2.5,3.5355339059327378,0.0,0.0,0.5,0.0,0.0,0.0,0.0,0.0,0.0,0.0,,0.0,0.0,,0.0,0.0,1.0,-0.5,0.0,,0.0,,0.2,,0.0,,0.0,,0.0,,0.0,,0.0,,0.0,,,,,CLE,False,8.0,0.0,0.0,0.42499999999999993,0.0,0.176,0.144,0.48,0.42499999999999993,0.0,0.42499999999999993,0.42499999999999993,0.31999999999999995,0.192,0.016,0.55,0.002,0.758,0.152,0.044,0.272,0.641198877104444,0.25,0.742630459919333,0.25,0.963034786495275,0.4109695852493223,0.25,0.5674645363368533
4683771,Ronald Holland II,DET,2026-05-11,0.0,2.0,3.0,7.0,15.0,0,1,0,0,0,0,1,0,0,0,,0,0,,0,1,0,-3,4.0,0.0,0.25,0.0,0.0,0.0,0.0,0.0,0.0,0.0,0.0,7.666666666666667,3.2145502536643185,2.6666666666666665,1.3333333333333333,0.0,0.3333333333333333,1.3333333333333333,0.6666666666666666,0.6666666666666666,0.0,0.6666666666666666,2.0,,1.0,1.6666666666666667,,0.3333333333333333,1.0,1.3333333333333333,2.3333333333333335,0.274074074074074,0.30334215154730765,0.19074074074074074,0.0798017089867231,0.0,0.0,0.03333333333333333,0.05773502691896258,0.14074074074074075,0.12239045660635783,0.2111111111111111,0.18358568490953672,0.17407407407407405,0.15568777449617557,0.0,0.0,0.28770370370370374,0.24915911256561657,4.8,4.54972526643093,1.6,0.8,0.0,0.2,0.8,0.4,0.4,0.0,0.4,1.2,,0.6,1.0,,0.2,0.6,0.8,1.4,0.20555555555555552,0.28306087117459994,0.14305555555555555,0.11550346047939884,0.0,0.0,0.025,0.05,0.10555555555555556,0.12222222222222223,0.15833333333333333,0.18333333333333335,0.13055555555555554,0.1540602735984672,0.0,0.0,0.2157777777777778,0.24915898043390733,4.2,4.613988392799541,1.0,0.9,0.1,0.1,0.5,0.3,0.2,0.2,0.3,0.9,,0.3,0.5,,0.1,0.8,0.7,-0.2,0.16734006734006734,0.23427521356933279,0.1971019721019721,0.14527140960139934,0.015151515151515152,0.03711348095126027,0.016666666666666666,0.04082482904638632,0.09417989417989418,0.10636894707410847,0.15966810966810965,0.1425578438011473,0.08703703703703702,0.13706205977750616,0.030303030303030304,0.07422696190252055,0.22826743626743629,0.2061476284543639,,,,CLE,False,7.37,1.7651612903225806,1.4025161290322579,0.008000000000000002,0.21864516129032258,0.4754838709677419,0.4754838709677419,0.0,3.1756774193548383,3.1676774193548383,1.7731612903225806,1.4105161290322579,0.9509677419354838,1.516,1.166,0.142,0.19,2.824,0.31,0.108,0.02,1.9156575894454624,1.0781669629514716,0.3922193263978714,0.42178193417926285,2.2345075520122997,0.5602677931132575,0.31038041175306147,0.25
4684742,Ausar Thompson,DET,2026-05-11,0.0,2.0,3.0,7.0,15.0,9,7,5,0,2,0,2,0,4,10,,1,2,,3,4,4,12,29.0,0.3103448275862069,0.2413793103448276,0.1724137931034483,0.0,0.06896551724137931,0.3448275862068966,0.06896551724137931,0.0,0.37517241379310345,0.0,28.666666666666668,4.5092497528228925,10.0,7.333333333333333,4.0,0.0,0.6666666666666666,1.0,1.0,0.3333333333333333,4.333333333333333,8.0,,1.3333333333333333,2.6666666666666665,,3.3333333333333335,4.0,4.333333333333333,2.3333333333333335,0.35344827586206895,0.05594230555727505,0.2584900731452456,0.028736522737221565,0.1357540926506444,0.046584764790772705,0.0,0.0,0.022988505747126436,0.03981725994411212,0.2866597004528039,0.09097712616086925,0.09117032392894463,0.026990567293327893,0.010101010101010102,0.01749546270271601,0.33687565308254963,0.0619065378390683,31.4,5.029910535983714,8.4,7.2,4.4,0.0,0.4,1.2,1.8,0.4,3.8,7.2,,0.8,1.8,,3.4,3.8,3.0,8.2,0.28074941066827475,0.11617407317990444,0.23267750970590728,0.06763072720486586,0.13741429978752492,0.03657782795587354,0.0,0.0,0.013793103448275862,0.030842316931031583,0.23924542281540254,0.09260401145923572,0.06058454729854325,0.04718495625679988,0.011942959001782532,0.016356605699756815,0.2778455826285441,0.0919224982769543,31.5,4.790035954399972,9.0,8.3,3.4,0.0,0.3,1.9,1.9,1.4,3.9,7.5,,1.2,2.4,,3.5,4.8,2.6,3.2,0.29302303223246434,0.11558335243504435,0.26432347171267045,0.0743980140927855,0.10417835323996583,0.05719158667300454,0.0,0.0,0.009599254426840634,0.022522201152488628,0.24568148446647436,0.07706593448818526,0.07700419986119784,0.04273512034672649,0.04395592823534,0.04458570241854228,0.3235192606407414,0.08367530770586427,,,,CLE,False,30.933777777777777,8.884075402298851,7.836069885057471,3.780030344827586,0.0,1.7066911877394635,2.026695785440613,1.2800183908045977,20.50017563218391,16.720145287356324,12.664105747126438,11.616100229885056,3.7333869731800764,10.392,7.43,4.03,0.728,21.852,1.228,0.544,1.322,4.760917558622498,2.8434310260669236,1.9227844392963036,0.8797817911277773,5.839014985423484,1.1207211963731212,0.6986157742278656,1.092847656354718
4700852,Chaz Lanier,DET,2026-05-11,0.0,2.0,3.0,7.0,15.0,0,0,0,0,0,0,0,0,0,0,,0,0,,0,0,0,0,0.0,,,,,,,,,,0.0,0.0,0.0,0.0,0.0,0.0,0.0,0.0,0.0,0.0,0.0,0.0,0.0,,0.0,0.0,,0.0,0.0,0.0,0.0,,,,,,,,,,,,,,,,,,,0.2,0.4472135954999579,0.4,0.0,0.0,0.0,0.0,0.0,0.0,0.0,0.2,0.2,,0.0,0.0,,0.0,0.0,0.0,0.4,2.0,,0.0,,0.0,,0.0,,0.0,,1.0,,0.0,,0.0,,1.0,,0.1,0.3162277660168392,0.2,0.0,0.0,0.0,0.0,0.0,0.0,0.0,0.1,0.1,,0.0,0.0,,0.0,0.0,0.0,0.2,2.0,,0.0,,0.0,,0.0,,0.0,,1.0,,0.0,,0.0,,1.0,,,,,CLE,False,5.55,0.18,0.0,0.0,0.0,0.12209999999999999,0.09989999999999999,0.33299999999999996,0.18,0.18,0.18,0.0,0.22199999999999998,0.0,0.0,0.004,0.0,0.004,0.022,0.016,0.03,7.5,3.0,0.25,1.3,0.25,0.25,0.25,0.25
5107199,Daniss Jenkins,DET,2026-05-11,0.0,2.0,3.0,7.0,15.0,2,1,3,0,3,0,0,1,1,5,,0,0,,1,0,3,-28,18.0,0.1111111111111111,0.05555555555555555,0.16666666666666666,0.0,0.16666666666666666,0.2777777777777778,0.0,0.05555555555555555,0.3333333333333333,0.0,24.333333333333332,5.686240703077327,9.333333333333334,4.666666666666667,3.3333333333333335,0.6666666666666666,3.6666666666666665,1.3333333333333333,0.0,1.0,4.0,10.666666666666666,,0.6666666666666666,0.6666666666666666,,2.0,2.6666666666666665,2.0,-3.6666666666666665,0.35445525100697517,0.21976767844341302,0.175901365556538,0.10435745749942624,0.1413203654582965,0.033418748705386137,0.025641025641025644,0.04441155916843275,0.15414087827880932,0.04573478439675015,0.4215050594360939,0.13238773612485102,0.022988505747126454,0.03981725994411212,0.042833284212594545,0.01119597308626774,0.47445328617742405,0.1263105976084583,24.2,5.357238094391548,10.2,3.6,3.6,1.4,4.0,0.8,0.2,1.4,3.8,9.4,,1.2,1.2,,1.2,2.4,2.0,-1.0,0.3967021887167078,0.17803209233930253,0.13675679029581028,0.09295746272720683,0.1508539252640886,0.027480414601617244,0.05349713807064079,0.05788457098084215,0.16907254874587,0.04056409764929923,0.3817596599810756,0.11311977492349182,0.0486388384754991,0.0468084781462873,0.05691594148944421,0.027519435128587687,0.46007669039973936,0.09370738026804225,19.0,7.542472332656507,7.5,2.6,2.8,0.9,3.7,0.5,0.3,0.8,2.7,7.8,,1.2,1.8,,0.9,1.7,1.5,-1.7,0.39399295250021205,0.17385672895488719,0.13960716637667636,0.09416206778952803,0.14596892067400233,0.07842748867577257,0.04557973786648923,0.057165808610953384,0.1986034571901178,0.061312454195171555,0.42534536445607224,0.11718423348210273,0.09765858007691039,0.08941320465650295,0.037548879835631196,0.038574139665132005,0.5058640195255439,0.12908622169314424,,,,CLE,False,21.008833333333335,8.445176785714287,3.132757142857143,3.258820238095238,0.9482523809523808,0.6252628968253968,0.25010515873015876,1.000420634920635,14.836754166666667,11.57793392857143,11.703997023809524,6.391577380952381,0.8753680555555556,11.288,4.046,3.31,1.156,18.644,0.594,0.126,1.044,4.972027353102556,2.060068930885566,1.6005936398724068,1.0255067040248933,5.53617774281137,0.8007271695153101,0.38226169046871544,1.0149206865563438
5107818,Isaac Jones,DET,2026-05-11,0.0,2.0,1.0,1.0,4.0,0,0,0,0,0,0,0,0,0,0,,0,0,,0,0,0,0,0.0,,,,,,,,,,0.0,3.3333333333333335,5.773502691896257,0.6666666666666666,0.0,0.0,0.0,0.0,0.0,0.0,0.3333333333333333,0.0,0.3333333333333333,,0.6666666666666666,0.6666666666666666,,0.0,0.0,0.0,-2.3333333333333335,0.2,,0.0,,0.0,,0.0,,0.0,,0.1,,0.2,,0.1,,0.288,,3.3333333333333335,5.773502691896257,0.6666666666666666,0.0,0.0,0.0,0.0,0.0,0.0,0.3333333333333333,0.0,0.3333333333333333,,0.6666666666666666,0.6666666666666666,,0.0,0.0,0.0,-2.3333333333333335,0.2,,0.0,,0.0,,0.0,,0.0,,0.1,,0.2,,0.1,,0.288,,3.3333333333333335,5.773502691896257,0.6666666666666666,0.0,0.0,0.0,0.0,0.0,0.0,0.3333333333333333,0.0,0.3333333333333333,,0.6666666666666666,0.6666666666666666,,0.0,0.0,0.0,-2.3333333333333335,0.2,,0.0,,0.0,,0.0,,0.0,,0.1,,0.2,,0.1,,0.288,,,,,CLE,False,8.0,0.5666666666666667,0.0,0.0,0.0,0.176,0.144,0.48,0.5666666666666667,0.5666666666666667,0.5666666666666667,0.0,0.31999999999999995,0.676,0.052,0.024,0.018,0.752,0.136,0.044,0.39,1.248608825853798,0.25,0.25,0.25,1.2955678291776158,0.37617017425627985,0.25,0.6276145313805281
1966,LeBron James,LAL,2026-05-11,1.0,2.0,3.0,5.0,13.0,19,6,8,2,6,1,0,3,7,19,,3,4,,0,6,1,-24,37.0,0.5135135135135135,0.16216216216216217,0.21621621621621623,0.05405405405405406,0.16216216216216217,0.5135135135135135,0.10810810810810811,0.08108108108108109,0.6421621621621622,0.0,37.0,1.0000000000000062,23.0,4.0,6.666666666666667,2.0,5.333333333333333,1.6666666666666667,0.0,2.6666666666666665,9.333333333333334,18.0,,2.3333333333333335,3.0,,0.6666666666666666,3.3333333333333335,1.0,-13.0,0.6229255571360834,0.11922849840915273,0.1086349507402139,0.054807259487042674,0.18025920657499603,0.031447044296178644,0.0545677256203572,0.028512242472406028,0.14469732890785522,0.0342251811218973,0.4864733154206838,0.023428904949333994,0.0803830145935409,0.0455796735482057,0.07186133501922976,0.014161462331531692,0.5937031768610715,0.05128257991999062,37.4,1.1401754250991305,24.4,4.4,7.0,1.6,5.4,1.4,0.0,2.6,9.4,19.8,,4.0,5.4,,0.6,3.8,1.2,-3.6,0.6533118138381295,0.1025337136174081,0.11840342366658156,0.05706396485848695,0.18729620308567677,0.027494268305585656,0.04355144618302513,0.03161093329949401,0.14461465514097094,0.02508898372988321,0.529583226951648,0.08410887698408731,0.14275510328141908,0.09238489401648163,0.06958942748416433,0.014864360464510656,0.6619848998796367,0.11782911551286525,35.9,7.294594650226365,22.6,5.9,7.6,1.5,4.9,1.6,0.2,3.8,8.2,18.0,,4.7,6.2,,0.4,5.5,1.5,-0.5,0.6490806064025879,0.1991011966886493,0.16530667669986554,0.07436431703766018,0.22170752406046526,0.07663614693692967,0.03842439605597501,0.033233030329578354,0.13712896620017365,0.04428977363459629,0.5199442592476649,0.16258677460989457,0.18522976753626907,0.12690888238336775,0.1132997931140346,0.07539070381154539,0.7147451500776578,0.23231771263030424,,,,OKC,True,37.297999999999995,23.037135526315787,5.387880263157895,7.064024999999999,1.7346026315789471,1.349598684210526,0.12269078947368418,3.926105263157894,35.489040789473684,28.425015789473683,30.101160526315788,12.451905263157894,1.4722894736842103,16.152,5.58,3.61,1.698,25.342,0.852,0.17,2.168,6.421596063285202,2.3288623832249087,1.9651717482194782,1.3033786863379344,7.260925285388908,0.8933621885887045,0.4063249930782009,1.4127193634972235
2960236,Maxi Kleber,LAL,2026-05-11,1.0,2.0,3.0,5.0,14.0,0,1,1,0,0,0,0,2,0,1,,0,0,,1,0,1,-1,8.0,0.0,0.125,0.125,0.0,0.0,0.125,0.0,0.25,0.375,0.0,2.6666666666666665,4.618802153517007,0.0,0.3333333333333333,0.3333333333333333,0.0,0.0,0.0,0.0,0.6666666666666666,0.0,0.3333333333333333,,0.0,0.0,,0.3333333333333333,0.0,0.3333333333333333,-0.3333333333333333,0.0,,0.125,,0.125,,0.0,,0.0,,0.125,,0.0,,0.25,,0.375,,1.6,3.5777087639996634,0.0,0.2,0.2,0.0,0.0,0.0,0.0,0.4,0.0,0.2,,0.0,0.0,,0.2,0.0,0.2,-0.2,0.0,,0.125,,0.125,,0.0,,0.0,,0.125,,0.0,,0.25,,0.375,,3.0,5.2493385826745405,0.3,0.8,0.3,0.0,0.0,0.1,0.1,0.4,0.1,0.3,,0.1,0.2,,0.6,0.2,0.5,1.0,0.09206349206349207,0.0798714007962484,0.22261904761904763,0.15387566762953583,0.1369047619047619,0.14322868351804718,0.0,0.0,0.0,0.0,0.0861111111111111,0.07469072033193752,0.09523809523809523,0.1649572197684645,0.12777777777777777,0.1250925583244189,0.2557936507936508,0.1249980347540146,,,,OKC,True,7.825,0.06,0.48000000000000004,0.38,0.0,0.17215,0.14085,0.4695,0.92,0.54,0.44,0.8600000000000001,0.313,0.134,0.606,0.296,0.004,1.036,0.106,0.084,0.264,0.525398896078018,0.8238713491801982,0.5589132311906742,0.25,1.169061161787526,0.3205682454642069,0.2845065904333325,0.5199076841132472
2990992,Marcus Smart,LAL,2026-05-11,1.0,2.0,3.0,5.0,11.0,10,3,3,1,2,1,0,2,3,7,,3,4,,2,1,4,-22,32.0,0.3125,0.09375,0.09375,0.03125,0.0625,0.21875,0.125,0.0625,0.33625,0.0,32.666666666666664,1.1547005383792373,12.0,3.6666666666666665,5.0,1.3333333333333333,5.666666666666667,2.0,0.0,2.3333333333333335,3.6666666666666665,11.666666666666666,,3.3333333333333335,3.6666666666666665,,2.0,1.6666666666666667,4.0,-10.0,0.36642156862745096,0.05018528242510603,0.11213235294117647,0.016338592678889062,0.15318627450980393,0.06272486940311506,0.04105392156862745,0.018595577090065558,0.1727941176470588,0.0980315560733337,0.35661764705882354,0.12697137087742014,0.11151960784313726,0.04386159354944432,0.07107843137254902,0.014858278986497764,0.476764705882353,0.12225314528118233,34.0,2.12132034355964,10.8,4.6,3.6,1.8,5.6,1.6,0.4,2.8,3.2,9.8,,2.6,3.0,,1.4,3.2,3.0,-2.4,0.3193124006359301,0.08126355270238736,0.1343064387917329,0.039765877939606516,0.10843686123097888,0.07617795859041626,0.052277140585964124,0.02192495778568757,0.164371451283216,0.07509610020450573,0.29180842607313195,0.12629693018435542,0.08915114694526458,0.043603495994304894,0.08079377697024756,0.05018139224393036,0.4118287076992959,0.13123290683889935,33.5,3.5668224265054493,12.9,3.5,5.8,1.8,5.1,2.3,1.0,3.2,3.8,9.8,,3.5,4.4,,1.0,2.5,2.9,-1.8,0.3773115999467992,0.15938343320970488,0.10315018890327239,0.04402168976553425,0.17797943874082395,0.10556271824836264,0.052339820023643555,0.03883740826504157,0.15283040038495446,0.06443474422394804,0.29414763943938516,0.09380814062754365,0.12796555477532706,0.0776027472609702,0.09580819444671437,0.0418623252389637,0.44626067798724345,0.10865035902584283,,,,OKC,True,33.61125,12.577366363636362,3.817342727272727,4.681345454545454,1.789338181818182,2.5666772727272726,0.9777818181818181,2.9333454545454547,21.076054545454543,16.39470909090909,17.258711818181816,8.498688181818181,3.5444590909090907,13.878,4.644,3.43,1.976,21.952,1.394,0.528,1.934,5.786805336280114,2.1394541359888977,1.683181511305302,1.4571973099069322,6.290126866765089,1.1378769705025231,0.7676040646062265,1.3847902368228915
3913174,Luke Kennard,LAL,2026-05-11,1.0,2.0,3.0,5.0,14.0,18,2,2,4,6,1,0,0,7,10,,0,0,,0,2,1,-8,29.0,0.6206896551724138,0.06896551724137931,0.06896551724137931,0.13793103448275862,0.20689655172413793,0.3448275862068966,0.0,0.0,0.3448275862068966,0.0,28.0,1.7320508075688772,11.666666666666666,2.6666666666666665,1.0,2.3333333333333335,4.0,0.6666666666666666,0.0,0.6666666666666666,4.0,6.333333333333333,,1.3333333333333333,1.3333333333333333,,0.0,2.6666666666666665,1.3333333333333333,-12.333333333333334,0.4155614500442087,0.19153936579055852,0.09328028293545536,0.07020831506296903,0.034482758620689655,0.03448275862068936,0.08311229000884174,0.05200111742717105,0.1419098143236074,0.05659572491605267,0.22502210433244918,0.10725772859998889,0.04597701149425287,0.07963451988822427,0.022988505747126436,0.03981725994411211,0.2682404951370469,0.07626205202184339,28.8,1.7888543819998401,7.8,2.8,1.6,1.6,3.2,1.0,0.2,0.8,2.6,5.8,,1.0,1.2,,0.4,2.4,1.4,-3.6,0.2764781381021648,0.23504783441163496,0.09601266364336443,0.04984145106691894,0.054282536151279204,0.03897502802927377,0.05676392572944298,0.05293754574943587,0.11184221784889195,0.057438017393778865,0.2021990245572003,0.08652537500730484,0.040489432703003335,0.06121750234968706,0.027141268075639602,0.02873431647447789,0.24715564302216136,0.06384086923443787,31.2,9.449279807947738,11.3,3.3,2.2,1.7,3.6,0.8,0.1,1.5,3.8,7.6,,2.0,2.5,,0.3,3.0,1.6,-1.7,0.3443124437757729,0.22146890192800092,0.0955266952302035,0.05036608185663993,0.06847215210389204,0.03707885744025042,0.05090493696664296,0.05197864156726748,0.10607305128033569,0.05529015653779569,0.22701999530434636,0.09049529191171189,0.08019815107467324,0.07046125889474866,0.04823485139940558,0.03133208325995618,0.3105420331766081,0.09768175856801263,,,,OKC,True,30.40175,10.232681178707224,3.1073705323193916,1.8884368821292776,1.7122912547528517,0.9247680608365019,0.11559600760456273,1.27155608365019,15.228488593155895,13.340051711026616,12.121118060836501,4.995807414448669,1.0403640684410647,12.214,4.222,2.064,1.746,18.5,0.738,0.168,1.006,5.4812593443477935,1.999178831420541,1.4601041058773858,1.328715168875557,5.999166608788258,0.8679608286092179,0.3997199019313399,1.0089420201379264
4066457,Austin Reaves,LAL,2026-05-11,1.0,2.0,3.0,5.0,8.0,17,3,9,1,5,0,0,5,5,13,,6,8,,1,2,2,-23,39.0,0.4358974358974359,0.07692307692307693,0.23076923076923078,0.02564102564102564,0.1282051282051282,0.3333333333333333,0.20512820512820512,0.1282051282051282,0.5517948717948717,0.0,37.666666666666664,1.52752523165193,18.666666666666668,3.3333333333333335,7.0,1.3333333333333333,5.333333333333333,0.0,0.3333333333333333,4.666666666666667,6.0,15.0,,5.333333333333333,6.666666666666667,,0.6666666666666666,2.6666666666666665,3.3333333333333335,-17.666666666666668,0.4913030439346229,0.3006374170882803,0.08948118158644475,0.04447876318130886,0.1851102114260009,0.03978437160180919,0.03486279802069275,0.04027347215623639,0.14166291797870745,0.015037940128142068,0.3996101364522417,0.05857691696419772,0.1746138851402009,0.1071122103293234,0.12363172889488677,0.01097360771133181,0.6000719748088169,0.06084882614877143,35.6,3.209361307176238,18.6,3.4,5.8,1.2,5.6,0.0,1.0,3.8,5.8,15.0,,5.8,6.8,,0.4,3.0,3.2,-11.0,0.5209677846150431,0.2239870685678956,0.09657295942625015,0.03373336200130257,0.15926347030911098,0.060089304607705084,0.0326823846947686,0.03538949505964191,0.15786302592953944,0.044906561101092896,0.42420630957532984,0.05380480928288217,0.18769053222264048,0.14621196323921853,0.10472932196691309,0.028292653357844845,0.6115194657202048,0.08327750563735616,25.428571428571427,17.567556677553302,13.285714285714286,2.4285714285714284,4.142857142857143,0.8571428571428571,4.0,0.0,0.7142857142857143,2.7142857142857144,4.142857142857143,10.714285714285714,,4.142857142857143,4.857142857142857,,0.2857142857142857,2.142857142857143,2.2857142857142856,-7.857142857142857,0.5209677846150431,0.2239870685678956,0.09657295942625015,0.03373336200130257,0.15926347030911098,0.060089304607705084,0.0326823846947686,0.03538949505964191,0.15786302592953944,0.044906561101092896,0.42420630957532984,0.05380480928288217,0.18769053222264048,0.14621196323921853,0.10472932196691309,0.028292653357844845,0.6115194657202048,0.08327750563735616,,,,OKC,True,35.012214285714286,17.902596227929376,3.256603611556982,5.945970866773676,1.1646836276083468,0.0,0.983489165329053,3.7372588282504013,27.105170706260033,21.15919983948636,23.84856709470305,9.202574478330657,0.983489165329053,12.996,4.414,3.678,1.132,21.088,0.208,0.502,2.094,5.551935158122797,2.0858101543525,1.82601095286967,1.0385451362362639,6.002354204809976,0.4612331297727864,0.7362037761381016,1.3375963516696656
4066648,Rui Hachimura,LAL,2026-05-11,1.0,2.0,3.0,5.0,14.0,21,5,4,5,8,1,0,1,7,14,,2,2,,1,4,1,-24,39.0,0.5384615384615384,0.1282051282051282,0.10256410256410256,0.1282051282051282,0.20512820512820512,0.358974358974359,0.05128205128205128,0.02564102564102564,0.4071794871794872,0.0,38.333333333333336,1.1547005383792632,18.333333333333332,3.6666666666666665,2.6666666666666665,4.0,7.0,1.0,0.3333333333333333,1.3333333333333333,6.666666666666667,12.333333333333334,,1.0,1.3333333333333333,,0.3333333333333333,3.3333333333333335,1.3333333333333333,-21.333333333333332,0.47840147840147845,0.0644838293010297,0.09494109494109493,0.037658705943710444,0.06930006930006931,0.028840820577525714,0.10395010395010396,0.0235925773119185,0.18225918225918228,0.021616734525962977,0.32224532224532226,0.057142099028962015,0.03511203511203511,0.030439485165219,0.034650034650034654,0.014420410288762866,0.37234465234465236,0.056046745127317874,37.4,1.6733200530681471,17.6,4.2,2.0,3.8,6.2,0.8,0.4,1.0,6.6,12.6,,0.6,0.8,,0.6,3.6,2.0,-7.8,0.4719057519057519,0.10797143839063808,0.11287199287199287,0.04258073231765417,0.053008613008613,0.036355279998639065,0.10175230175230174,0.03568067126497665,0.16557172557172556,0.050234338708129204,0.3385209385209385,0.06544769929568495,0.021067221067221066,0.028864123604821802,0.026195426195426197,0.018146828866622028,0.373985941985942,0.05416735268668741,37.5,5.082650227325633,17.2,4.5,1.5,3.2,5.5,1.0,0.5,0.9,6.6,11.9,,0.8,1.2,,0.7,3.8,2.6,-3.1,0.4687141697245948,0.14101685764588995,0.12639947588624414,0.08442192755667054,0.03903425717379205,0.03238692605504128,0.08538386983455146,0.03522662002845146,0.14608029756786772,0.04920541944217955,0.3228566325198242,0.06839414083009328,0.033417623072795485,0.04907335473941084,0.023465678465678465,0.01866983435559435,0.36102606513753266,0.07306895134208138,,,,OKC,True,37.961,17.48953157894737,4.160459868421052,2.083845394736842,3.590921710526316,0.7492302631578946,0.3746151315789473,0.8741019736842105,23.733836842105262,21.64999144736842,19.573376973684212,6.244305263157894,1.123845394736842,17.28,4.906,1.78,2.536,23.966,0.606,0.302,0.94,6.770642510131516,2.213857267305189,1.3489254983133798,1.703145325566788,7.343081369561419,0.7916842805058087,0.5989958263627552,0.9572878355019455
4278077,Jarred Vanderbilt,LAL,2026-05-11,1.0,2.0,2.0,4.0,13.0,0,0,0,0,0,0,0,0,0,0,,0,0,,0,0,0,0,0.0,,,,,,,,,,0.0,2.0,3.4641016151377553,0.6666666666666666,0.3333333333333333,0.0,0.0,0.3333333333333333,0.0,0.0,0.0,0.3333333333333333,0.6666666666666666,,0.0,0.0,,0.0,0.3333333333333333,0.3333333333333333,-1.3333333333333333,0.3333333333333333,,0.16666666666666666,,0.0,,0.0,,0.16666666666666666,,0.3333333333333333,,0.0,,0.0,,0.3333333333333333,,5.2,5.761944116355174,2.4,1.4,0.0,0.0,0.6,0.2,0.0,0.2,1.2,2.2,,0.0,0.2,,0.4,1.0,0.4,-2.6,0.41269841269841273,0.13746434980705396,0.2619047619047619,0.08584645893961874,0.0,0.0,0.0,0.0,0.1349206349206349,0.054985739922821485,0.42063492063492064,0.08361629962581518,0.023809523809523808,0.041239304942116126,0.023809523809523808,0.041239304942116126,0.45492063492063495,0.10646380937187648,11.5,8.3166499665831,2.6,3.3,0.9,0.1,1.3,0.4,0.1,0.6,1.2,2.9,,0.1,0.3,,0.5,2.8,1.3,2.5,0.2581272893772894,0.1784942187736012,0.2876755189255189,0.0745748526579904,0.056925366300366306,0.07194219420979,0.006944444444444441,0.019641855032959645,0.12424832112332111,0.03631255936786662,0.293564942002442,0.13922571399069944,0.0255952380952381,0.0501980205769239,0.03597184065934066,0.056473942545229305,0.3407986874236874,0.1411259459307455,,,,OKC,True,9.05,2.3023636363636366,2.277090909090909,0.2694545454545455,0.008000000000000002,0.32909090909090916,0.0,0.16454545454545458,4.848909090909091,4.579454545454546,2.5718181818181822,2.5465454545454547,0.32909090909090916,1.976,1.812,0.36,0.192,4.148,0.192,0.016,0.136,2.246647279837225,1.4059359871630002,0.5782732917920383,0.4232446101251615,2.637820312303323,0.42324461012516157,0.25,0.3653819918934155
4278129,Deandre Ayton,LAL,2026-05-11,1.0,2.0,3.0,5.0,14.0,10,6,0,0,0,1,1,0,5,9,,0,0,,5,1,3,-8,24.0,0.4166666666666667,0.25,0.0,0.0,0.0,0.375,0.0,0.0,0.375,0.0,26.0,1.7320508075688772,7.666666666666667,9.333333333333334,0.6666666666666666,0.0,0.0,0.3333333333333333,0.6666666666666666,1.0,3.6666666666666665,9.333333333333334,,0.3333333333333333,0.6666666666666666,,5.0,4.333333333333333,3.3333333333333335,-5.333333333333333,0.2993827160493827,0.1646829823698039,0.3549382716049383,0.09813650059002847,0.024691358024691357,0.042766686606638946,0.0,0.0,0.0,0.0,0.3595679012345679,0.09355212695202274,0.024691358024691357,0.042766686606638904,0.037037037037037035,0.03703703703703702,0.40746913580246913,0.06425694662647502,28.8,5.357238094391549,9.6,12.2,0.6,0.0,0.0,0.2,1.0,0.8,4.4,9.6,,0.8,1.8,,5.6,6.6,3.6,-1.8,0.32436647173489275,0.14486173817209827,0.4167223614592036,0.11788400988382941,0.02195767195767196,0.03298401834604669,0.0,0.0,0.0,0.0,0.3322820941241994,0.09349694741069572,0.06481481481481483,0.10837685102518171,0.027485380116959057,0.030716448106710238,0.38828599275967696,0.05809375700654115,29.0,4.666666666666665,11.6,10.3,0.9,0.0,0.0,0.2,1.1,1.3,5.3,9.5,,1.0,1.5,,3.9,6.4,2.7,-1.9,0.4053671630513736,0.2599376812951793,0.3549516273200484,0.1238383905710253,0.0303035853035853,0.02861397985725404,0.0,0.0,0.0,0.0,0.3352791682002208,0.1337210613596584,0.05267114367114367,0.07825071759166363,0.043108731424520895,0.03704463941671992,0.40156320284004493,0.1190351185827976,,,,OKC,True,27.750749999999996,9.245204148471615,9.97416986899563,0.672256331877729,0.0,0.24236462882096066,0.8482762008733623,1.2118231441048033,19.891630349344975,19.219374017467246,9.917460480349344,10.64642620087336,1.090640829694323,9.09,8.244,1.346,0.554,18.68,0.312,0.44,1.06,4.178743830387309,2.9826940842131298,1.2289361252725872,0.7232454631727738,5.437793670230602,0.5501417999025342,0.6621178142898739,1.0734989520255713
4397077,Jaxson Hayes,LAL,2026-05-11,1.0,2.0,3.0,5.0,12.0,1,2,0,0,0,0,0,0,0,0,,1,2,,1,1,2,-5,9.0,0.1111111111111111,0.2222222222222222,0.0,0.0,0.0,0.0,0.2222222222222222,0.0,0.09777777777777778,0.0,13.333333333333334,3.7859388972001846,3.3333333333333335,3.6666666666666665,1.0,0.0,0.0,0.3333333333333333,0.0,1.6666666666666667,1.3333333333333333,2.0,,0.6666666666666666,1.3333333333333333,,1.6666666666666667,2.0,3.0,-9.333333333333334,0.23287037037037037,0.1496931875922302,0.2657407407407408,0.0952714337592071,0.06527777777777778,0.06671005532512683,0.0,0.0,0.0,0.0,0.12916666666666665,0.11203608049790627,0.11574074074074074,0.11140008718070335,0.10694444444444444,0.09649529829267636,0.28703703703703703,0.1708812790291369,13.4,3.646916505762096,3.0,3.2,1.0,0.0,0.0,0.2,0.2,1.4,1.0,1.4,,1.0,1.6,,1.6,1.6,2.6,-3.0,0.19854575163398694,0.15564787331043123,0.2265032679738562,0.09855504278638928,0.07093137254901961,0.049969834229751715,0.0,0.0,0.0,0.0,0.08926470588235294,0.09845750229304752,0.1165032679738562,0.11457091756391533,0.09593137254901961,0.07137943365308484,0.23645751633986928,0.1457136326086567,13.6,6.1137368096588665,3.9,2.7,0.6,0.0,0.1,0.3,0.7,0.9,1.3,2.0,,1.3,2.1,,1.2,1.5,2.5,0.2,0.25771874276776235,0.17689034492151484,0.1925832156224313,0.08771580535515053,0.044697323373793965,0.049283811535008736,0.0,0.0,0.005291005291005291,0.015873015873015872,0.12797978165625226,0.1244850740666781,0.14830157134078703,0.0952971611202297,0.06739777107424166,0.06512416913247834,0.2606302441204402,0.1420734055439149,,,,OKC,True,13.67525,3.5267987804878045,2.9584219512195125,0.708251219512195,0.0,0.33354268292682926,0.6670853658536585,0.8894471544715448,7.193471951219512,6.485220731707317,4.235049999999999,3.6666731707317073,1.0006280487804877,3.498,2.858,0.856,0.248,7.212,0.268,0.288,0.648,2.7162466751015084,1.7209985473555753,0.9073389664287542,0.4800999895855029,3.3703198661254694,0.5368202678737084,0.5263610927870713,0.8198146131900796
4431695,Drew Timme,LAL,2026-05-11,1.0,29.0,0.0,0.0,4.0,3,0,2,1,1,1,0,1,1,1,,0,0,,0,0,1,1,7.0,0.42857142857142855,0.0,0.2857142857142857,0.14285714285714285,0.14285714285714285,0.14285714285714285,0.0,0.14285714285714285,0.2857142857142857,0.0,14.333333333333334,11.015141094572204,6.0,1.3333333333333333,2.0,1.0,2.0,0.3333333333333333,0.0,2.0,2.3333333333333335,4.333333333333333,,0.3333333333333333,0.6666666666666666,,0.3333333333333333,1.0,1.3333333333333333,-11.333333333333334,0.4268077601410935,0.018581399916847846,0.07407407407407407,0.06415002990995841,0.19400352733686066,0.10860532146977532,0.07231040564373897,0.07144489982549944,0.13403880070546736,0.0200314227365089,0.2698412698412698,0.109971479845643,0.024691358024691357,0.042766686606638946,0.15873015873015872,0.05723097262641253,0.43943562610229286,0.13879473082793847,14.333333333333334,11.015141094572204,6.0,1.3333333333333333,2.0,1.0,2.0,0.3333333333333333,0.0,2.0,2.3333333333333335,4.333333333333333,,0.3333333333333333,0.6666666666666666,,0.3333333333333333,1.0,1.3333333333333333,-11.333333333333334,0.4268077601410935,0.018581399916847846,0.07407407407407407,0.06415002990995841,0.19400352733686066,0.10860532146977532,0.07231040564373897,0.07144489982549944,0.13403880070546736,0.0200314227365089,0.2698412698412698,0.109971479845643,0.024691358024691357,0.042766686606638946,0.15873015873015872,0.05723097262641253,0.43943562610229286,0.13879473082793847,14.333333333333334,11.015141094572204,6.0,1.3333333333333333,2.0,1.0,2.0,0.3333333333333333,0.0,2.0,2.3333333333333335,4.333333333333333,,0.3333333333333333,0.6666666666666666,,0.3333333333333333,1.0,1.3333333333333333,-11.333333333333334,0.4268077601410935,0.018581399916847846,0.07407407407407407,0.06415002990995841,0.19400352733686066,0.10860532146977532,0.07231040564373897,0.07144489982549944,0.13403880070546736,0.0200314227365089,0.2698412698412698,0.109971479845643,0.024691358024691357,0.042766686606638946,0.15873015873015872,0.05723097262641253,0.43943562610229286,0.13879473082793847,,,,OKC,True,13.233333333333334,5.55,1.1333333333333333,2.0,1.0,0.29113333333333336,0.2382,0.794,8.683333333333334,6.683333333333334,7.55,3.1333333333333333,0.5293333333333333,6.974,1.676,1.564,0.948,10.214,0.272,0.156,0.614,3.948331799633866,1.2341085851739302,1.235274868197358,0.9885828240466249,4.252082313408338,0.5157673894305455,0.38944062448594136,0.7803870834400067
4592691,Jake LaRavia,LAL,2026-05-11,1.0,2.0,3.0,5.0,14.0,0,0,0,0,0,0,0,0,0,0,,0,0,,0,0,0,0,0.0,,,,,,,,,,0.0,8.0,7.211102550927981,1.0,0.3333333333333333,0.3333333333333333,0.3333333333333333,0.6666666666666666,0.6666666666666666,0.3333333333333333,1.0,0.3333333333333333,1.3333333333333333,,0.0,0.0,,0.0,0.3333333333333333,0.6666666666666666,-7.666666666666667,0.10714285714285715,0.15152288168283146,0.0357142857142857,0.05050762722761105,0.05,0.07071067811865477,0.03571428571428571,0.050507627227610534,0.08571428571428572,0.020203050891044422,0.17142857142857146,0.04040610178208833,0.0,0.0,0.12142857142857144,0.03030457633656635,0.2928571428571428,0.010101525445522168,9.8,6.180614856144977,2.4,1.6,0.4,0.4,0.8,0.4,0.6,1.0,1.0,2.6,,0.0,0.0,,0.8,0.8,1.2,-4.4,0.21850198412698413,0.17863824257103728,0.1515376984126984,0.14175837506691624,0.05277777777777778,0.061111111111111116,0.033482142857142856,0.038833298662797285,0.07410714285714286,0.05403568674660173,0.23849206349206353,0.1781759288669881,0.0,0.0,0.0919642857142857,0.06377942164876019,0.3304563492063492,0.21431887236111186,13.9,6.556591255285699,2.8,2.1,0.9,0.2,0.8,0.6,0.7,1.1,1.0,3.0,,0.6,0.6,,0.9,1.2,1.6,0.1,0.1995194003527337,0.1598238492181238,0.147010582010582,0.0895381990046861,0.06271604938271606,0.06477670837479935,0.014880952380952377,0.029612721342458924,0.05744268077601411,0.0411232999599944,0.21608906525573196,0.12702048262912016,0.038580246913580245,0.08032107209674755,0.08223104056437389,0.054722631483851855,0.31529541446208115,0.16312185160078246,,,,OKC,True,10.3965,1.9795625,1.406671875,0.36293437500000003,0.24195625,0.324890625,0.541484375,1.08296875,3.74916875,3.386234375,2.342496875,1.76960625,0.866375,3.024,1.888,0.632,0.31,5.544,0.272,0.242,0.696,2.7187173446314716,1.4140212162481862,0.817664968064549,0.5638262143604179,3.141347481575383,0.523465376123388,0.47269017336940694,0.819502287977282
4683686,Nick Smith Jr.,LAL,2026-05-11,1.0,2.0,3.0,5.0,14.0,6,0,0,1,1,1,0,0,2,2,,1,2,,0,0,0,0,4.0,1.5,0.0,0.0,0.25,0.25,0.5,0.5,0.0,0.72,0.0,2.6666666666666665,1.1547005383792517,2.6666666666666665,0.3333333333333333,0.3333333333333333,0.3333333333333333,0.6666666666666666,0.3333333333333333,0.0,0.0,1.0,1.6666666666666667,,0.3333333333333333,0.6666666666666666,,0.0,0.3333333333333333,0.0,-0.3333333333333333,0.8333333333333334,0.7637626158259734,0.16666666666666666,0.2886751345948129,0.16666666666666666,0.2886751345948129,0.08333333333333333,0.14433756729740646,0.25000000000000006,0.25,0.6666666666666666,0.7637626158259734,0.16666666666666666,0.2886751345948129,0.0,0.0,0.7400000000000001,0.7501999733404421,2.2,1.483239697419126,2.2,0.2,0.2,0.4,0.8,0.2,0.0,0.0,0.8,1.8,,0.2,0.4,,0.0,0.2,0.0,-1.4,0.875,0.6291528696058958,0.125,0.25,0.125,0.25,0.14583333333333331,0.1717960677340692,0.35416666666666663,0.29166666666666663,0.8333333333333333,0.7071067811865475,0.125,0.25,0.0,0.0,0.8883333333333333,0.680596143914371,3.6,5.541760650832108,2.8,0.1,0.2,0.5,1.3,0.1,0.1,0.2,1.1,2.5,,0.1,0.2,,0.0,0.1,0.0,0.3,0.8134920634920636,0.49679623627592934,0.08333333333333333,0.2041241452319315,0.0925925925925926,0.20082135869223644,0.13955026455026454,0.1338053028638775,0.3630952380952381,0.2283418986426647,0.7764550264550265,0.5557237084901512,0.08333333333333333,0.2041241452319315,0.03306878306878307,0.05819504538445028,0.846190476190476,0.5346187740437953,,,,OKC,True,6.46,3.03,0.19,0.21,0.49,0.14212,0.11628,0.3876,3.4299999999999997,3.2199999999999998,3.2399999999999998,0.4,0.25839999999999996,2.112,0.242,0.178,0.256,2.532,0.09,0.062,0.27,2.4922792780906393,0.5054067668719919,0.4542202109109634,0.5463185883712909,2.6101678106972357,0.31921779399024736,0.25,0.4659399102888698
4683736,Kobe Bufkin,LAL,2026-05-11,1.0,32.0,0.0,0.0,4.0,2,0,1,0,1,0,0,0,1,2,,0,0,,0,0,1,-7,4.0,0.5,0.0,0.25,0.0,0.25,0.5,0.0,0.0,0.5,0.0,8.333333333333334,8.386497083606084,3.6666666666666665,1.3333333333333333,1.6666666666666667,0.6666666666666666,1.3333333333333333,0.0,0.0,0.3333333333333333,1.0,3.0,,1.0,1.3333333333333333,,0.0,1.3333333333333333,0.6666666666666666,-7.0,0.3333333333333333,0.2886751345948129,0.16666666666666666,0.16666666666666669,0.1574074074074074,0.1370245239532291,0.037037037037037035,0.06415002990995841,0.23148148148148148,0.11226255234242723,0.38888888888888884,0.09622504486493763,0.07407407407407407,0.12830005981991682,0.018518518518518517,0.032075014954979206,0.43999999999999995,0.0926162932629987,8.333333333333334,8.386497083606084,3.6666666666666665,1.3333333333333333,1.6666666666666667,0.6666666666666666,1.3333333333333333,0.0,0.0,0.3333333333333333,1.0,3.0,,1.0,1.3333333333333333,,0.0,1.3333333333333333,0.6666666666666666,-7.0,0.3333333333333333,0.2886751345948129,0.16666666666666666,0.16666666666666669,0.1574074074074074,0.1370245239532291,0.037037037037037035,0.06415002990995841,0.23148148148148148,0.11226255234242723,0.38888888888888884,0.09622504486493763,0.07407407407407407,0.12830005981991682,0.018518518518518517,0.032075014954979206,0.43999999999999995,0.0926162932629987,8.333333333333334,8.386497083606084,3.6666666666666665,1.3333333333333333,1.6666666666666667,0.6666666666666666,1.3333333333333333,0.0,0.0,0.3333333333333333,1.0,3.0,,1.0,1.3333333333333333,,0.0,1.3333333333333333,0.6666666666666666,-7.0,0.3333333333333333,0.2886751345948129,0.16666666666666666,0.16666666666666669,0.1574074074074074,0.1370245239532291,0.037037037037037035,0.06415002990995841,0.23148148148148148,0.11226255234242723,0.38888888888888884,0.09622504486493763,0.07407407407407407,0.12830005981991682,0.018518518518518517,0.032075014954979206,0.43999999999999995,0.0926162932629987,,,,OKC,True,8.0,3.4166666666666665,1.1333333333333333,1.5666666666666669,0.5666666666666667,0.176,0.144,0.48,6.116666666666667,4.55,4.983333333333333,2.7,0.31999999999999995,4.052,1.442,1.096,0.55,6.59,0.2,0.106,0.386,3.0002159922245597,1.2241878940750883,1.0520380221265768,0.7559761901012493,3.487965022760406,0.4289522117905444,0.3142674020639112,0.6332487662838358
4683774,Bronny James,LAL,2026-05-11,1.0,2.0,3.0,5.0,14.0,2,0,0,0,0,0,0,1,1,1,,0,0,,0,0,0,0,4.0,0.5,0.0,0.0,0.0,0.0,0.25,0.0,0.25,0.5,0.0,2.6666666666666665,1.1547005383792892,0.6666666666666666,0.0,0.6666666666666666,0.0,0.0,0.0,0.0,0.3333333333333333,0.3333333333333333,0.3333333333333333,,0.0,0.0,,0.0,0.0,0.0,-0.3333333333333333,0.16666666666666666,0.2886751345948129,0.0,0.0,0.3333333333333333,0.2886751345948129,0.0,0.0,0.0,0.0,0.08333333333333333,0.14433756729740646,0.0,0.0,0.08333333333333333,0.14433756729740646,0.1666666666666667,0.2886751345948129,2.2,1.4832396974191278,0.4,0.2,0.6,0.0,0.2,0.2,0.0,0.2,0.2,0.4,,0.0,0.0,,0.2,0.0,0.0,-1.4,0.125,0.25,0.08333333333333331,0.16666666666666666,0.33333333333333337,0.2357022603955158,0.0,0.0,0.08333333333333333,0.16666666666666663,0.14583333333333331,0.17179606773406925,0.0,0.0,0.06250000000000001,0.125,0.20833333333333331,0.2499999999999999,6.1,6.261877602693229,2.3,0.4,1.1,0.5,1.0,0.2,0.0,0.4,0.9,1.7,,0.0,0.0,,0.3,0.1,0.6,1.3,0.21864847303443793,0.2680178979515158,0.05769980506822611,0.11274726407278157,0.20116959064327486,0.2128146829009533,0.03729694606887589,0.06041658682084547,0.1024041585445094,0.13440132332383112,0.20451591942820013,0.15988639314714148,0.0,0.0,0.09999999999999999,0.13718398027628606,0.3045159194282001,0.21754391423350602,,,,OKC,True,7.1,1.7852631578947369,0.3963157894736842,1.0367368421052632,0.26421052631578945,0.18684210526315786,0.0,0.5605263157894737,3.2183157894736842,2.181578947368421,2.822,1.4330526315789474,0.18684210526315786,1.32,0.384,0.476,0.166,2.18,0.086,0.008,0.244,1.8367362358270172,0.6168824847570241,0.6703909307262442,0.4030434219783272,1.999899997499875,0.29428557558942636,0.25,0.5103567379784458
4702972,Chris Manon,LAL,2026-05-11,1.0,29.0,0.0,0.0,4.0,2,2,1,0,1,0,0,0,1,2,,0,0,,1,1,1,1,7.0,0.2857142857142857,0.2857142857142857,0.14285714285714285,0.0,0.14285714285714285,0.2857142857142857,0.0,0.0,0.2857142857142857,0.0,6.333333333333333,6.027713773341708,1.3333333333333333,1.3333333333333333,0.6666666666666666,0.0,0.3333333333333333,0.3333333333333333,0.0,0.0,0.6666666666666666,1.3333333333333333,,0.0,0.0,,0.3333333333333333,1.0,0.3333333333333333,-1.3333333333333333,0.22619047619047616,0.08417937871268423,0.22619047619047616,0.08417937871268423,0.11309523809523808,0.042089689356342115,0.0,0.0,0.07142857142857142,0.10101525445522107,0.22619047619047616,0.08417937871268423,0.0,0.0,0.0,0.0,0.22619047619047616,0.08417937871268423,6.333333333333333,6.027713773341708,1.3333333333333333,1.3333333333333333,0.6666666666666666,0.0,0.3333333333333333,0.3333333333333333,0.0,0.0,0.6666666666666666,1.3333333333333333,,0.0,0.0,,0.3333333333333333,1.0,0.3333333333333333,-1.3333333333333333,0.22619047619047616,0.08417937871268423,0.22619047619047616,0.08417937871268423,0.11309523809523808,0.042089689356342115,0.0,0.0,0.07142857142857142,0.10101525445522107,0.22619047619047616,0.08417937871268423,0.0,0.0,0.0,0.0,0.22619047619047616,0.08417937871268423,6.333333333333333,6.027713773341708,1.3333333333333333,1.3333333333333333,0.6666666666666666,0.0,0.3333333333333333,0.3333333333333333,0.0,0.0,0.6666666666666666,1.3333333333333333,,0.0,0.0,,0.3333333333333333,1.0,0.3333333333333333,-1.3333333333333333,0.22619047619047616,0.08417937871268423,0.22619047619047616,0.08417937871268423,0.11309523809523808,0.042089689356342115,0.0,0.0,0.07142857142857142,0.10101525445522107,0.22619047619047616,0.08417937871268423,0.0,0.0,0.0,0.0,0.22619047619047616,0.08417937871268423,,,,OKC,True,8.0,1.4333333333333331,1.4333333333333331,0.7166666666666666,0.0,0.176,0.144,0.48,3.583333333333333,2.8666666666666663,2.1499999999999995,2.1499999999999995,0.31999999999999995,1.236,1.492,0.742,0.058,3.47,0.144,0.106,0.334,1.6769925461969115,1.227165840463301,0.82184913457398,0.25027185219277054,2.263868370731832,0.3837499185667666,0.3446215315385851,0.5748425871488646
4897943,Dalton Knecht,LAL,2026-05-11,1.0,2.0,3.0,5.0,14.0,0,1,3,0,1,0,0,0,0,2,,0,0,,0,1,0,0,4.0,0.0,0.25,0.75,0.0,0.25,0.5,0.0,0.0,0.5,0.0,2.6666666666666665,1.1547005383792517,0.6666666666666666,0.6666666666666666,1.0,0.0,0.3333333333333333,0.0,0.0,0.3333333333333333,0.3333333333333333,1.3333333333333333,,0.0,0.0,,0.0,0.6666666666666666,0.0,-0.3333333333333333,0.3333333333333333,0.5773502691896258,0.25,0.25,0.25,0.4330127018922193,0.0,0.0,0.08333333333333333,0.14433756729740646,0.5,0.0,0.0,0.0,0.16666666666666666,0.2886751345948129,0.6666666666666666,0.2886751345948129,2.2,1.4832396974191329,0.4,0.6,0.6,0.0,0.4,0.0,0.0,0.2,0.2,1.0,,0.0,0.0,,0.0,0.6,0.0,-1.4,0.25,0.5,0.2708333333333333,0.20833333333333331,0.1875,0.375,0.0,0.0,0.14583333333333331,0.1717960677340692,0.4583333333333333,0.08333333333333334,0.0,0.0,0.125,0.25,0.5833333333333333,0.28867513459481287,3.0,3.8873012632302,2.7,0.8,0.7,0.7,1.1,0.1,0.0,0.1,0.9,1.7,,0.2,0.2,,0.0,0.8,0.3,0.0,0.5932539682539683,0.6635307480937948,0.27976190476190477,0.18191317607066815,0.18055555555555555,0.30919549131876395,0.11706349206349205,0.18602182513228926,0.251984126984127,0.2127480100904121,0.501984126984127,0.13809865896146098,0.047619047619047616,0.11664236870396086,0.08333333333333333,0.2041241452319315,0.6062698412698412,0.23471899862268691,,,,OKC,True,6.46,0.88,0.72,1.0999999999999999,0.13999999999999999,0.14212,0.11628,0.3876,2.7,1.6,1.98,1.8199999999999998,0.25839999999999996,1.272,0.708,0.566,0.144,2.546,0.096,0.066,0.226,1.7372437940600047,0.8501388121948085,0.725013103329864,0.3785023117498756,2.1521812191356005,0.2945912422323515,0.2639014967748383,0.48468959138813783
5060631,Adou Thiero,LAL,2026-05-11,1.0,2.0,3.0,5.0,14.0,4,8,1,0,1,0,0,2,1,3,,2,3,,3,5,1,0,13.0,0.3076923076923077,0.6153846153846154,0.07692307692307693,0.0,0.07692307692307693,0.23076923076923078,0.23076923076923078,0.15384615384615385,0.48615384615384616,0.0,7.0,5.5677643628300215,1.3333333333333333,3.6666666666666665,0.3333333333333333,0.0,0.3333333333333333,0.0,0.0,1.0,0.3333333333333333,1.0,,0.6666666666666666,1.0,,1.3333333333333333,2.3333333333333335,0.6666666666666666,1.0,0.10256410256410257,0.177646236673731,0.3717948717948718,0.32711155954289933,0.025641025641025644,0.04441155916843275,0.0,0.0,0.025641025641025644,0.04441155916843275,0.07692307692307691,0.13323467750529824,0.07692307692307693,0.13323467750529824,0.10683760683760683,0.09274587356500302,0.2176068376068376,0.2470477004428593,4.8,5.06951674225463,1.2,2.4,0.2,0.0,0.2,0.0,0.0,0.6,0.4,0.8,,0.4,1.0,,1.0,1.4,0.6,-0.6,0.24358974358974358,0.3171619712013585,0.36217948717948717,0.2677769047975055,0.019230769230769232,0.038461538461538464,0.0,0.0,0.019230769230769232,0.038461538461538464,0.14102564102564102,0.16813944934107694,0.22435897435897434,0.3142987351828529,0.08012820512820512,0.09267200188974975,0.31987179487179485,0.28726444866536704,4.2,4.962078417580904,1.7,1.6,0.3,0.0,0.1,0.0,0.0,0.6,0.7,0.9,,0.3,0.6,,0.6,1.0,0.6,0.4,0.35683760683760685,0.30645227334133573,0.297008547008547,0.253628068280119,0.0405982905982906,0.06900088455095613,0.0,0.0,0.012820512820512822,0.03140371465106639,0.17735042735042736,0.15135084630192672,0.17735042735042736,0.25952171994026607,0.10897435897435898,0.08455708947610846,0.36435897435897435,0.23480521954219918,,,,OKC,True,7.3,2.018,3.136,0.29800000000000004,0.0,0.0,0.0,0.9733333333333333,5.452,5.154,2.316,3.434,0.0,1.438,1.836,0.302,0.128,3.576,0.012,0.014,0.48,1.697691373601221,1.3073270440100289,0.5317856711119622,0.34585546113947657,2.2512716406511233,0.25,0.25,0.708237248385031
2991350,Alex Caruso,OKC,2026-05-11,0.0,2.0,3.0,3.0,7.0,6,2,2,0,3,3,0,0,3,6,,0,0,,0,2,3,11,20.0,0.3,0.1,0.1,0.0,0.15,0.3,0.0,0.0,0.3,0.0,20.666666666666668,1.1547005383792532,5.333333333333333,2.6666666666666665,2.6666666666666665,0.6666666666666666,4.0,1.6666666666666667,0.0,0.3333333333333333,2.3333333333333335,5.666666666666667,,0.0,0.0,,0.0,2.6666666666666665,1.3333333333333333,14.333333333333334,0.25909090909090904,0.03720614896305688,0.1272727272727273,0.047237749297332925,0.1272727272727273,0.047237749297333015,0.03181818181818182,0.027648920592264675,0.19242424242424241,0.03918944592841682,0.27424242424242423,0.02503441157857321,0.0,0.0,0.015151515151515152,0.0262431940540739,0.28939393939393937,0.03530660665979111,17.0,5.196152422706632,4.8,2.6,2.0,0.8,3.4,1.0,0.0,0.6,2.0,4.6,,0.0,0.0,,0.0,2.6,1.2,9.6,0.3062237762237762,0.17245037401488222,0.15790209790209792,0.09092173123526165,0.11636363636363636,0.07961685107567752,0.0590909090909091,0.08232168307397653,0.20622377622377625,0.06160418454794131,0.2706993006993007,0.030594305694142593,0.0,0.0,0.049090909090909095,0.08662639454233888,0.3197902097902098,0.10684710560302763,16.333333333333332,4.926120853842978,4.833333333333333,2.8333333333333335,1.6666666666666667,0.8333333333333334,3.3333333333333335,1.0,0.0,0.6666666666666666,2.0,4.5,,0.0,0.0,,0.0,2.8333333333333335,1.1666666666666667,9.166666666666666,0.3192890442890443,0.15752940225875958,0.18286713286713288,0.1017493331353392,0.09696969696969697,0.08560270843530628,0.062062937062937064,0.07398976486585754,0.21031468531468533,0.05600422900276322,0.27686480186480183,0.03125523412895981,0.0,0.0,0.05372960372960373,0.07830971020780433,0.3305944055944056,0.09916363780362257,,,,LAL,False,19.204166666666666,5.032215053763441,2.5174408602150535,2.34010752688172,0.6303602150537635,1.5487231182795698,0.0,0.30974462365591393,9.889763440860214,7.549655913978494,7.372322580645161,4.857548387096774,1.5487231182795698,4.664,2.36,1.652,0.454,8.676,0.726,0.05,0.274,3.0885439935348176,1.552546295606028,1.2707855838023974,0.6541284277571187,3.6368975789812943,0.8166541495639387,0.25,0.5088457526598803
3133626,Kenrich Williams,OKC,2026-05-11,0.0,2.0,3.0,3.0,8.0,0,0,0,0,2,0,0,0,0,2,,0,0,,0,0,1,-1,3.0,0.0,0.0,0.0,0.0,0.6666666666666666,0.6666666666666666,0.0,0.0,0.6666666666666666,0.0,2.3333333333333335,0.5773502691896257,0.0,0.0,0.0,0.0,1.0,0.0,0.0,0.0,0.0,1.0,,0.0,0.0,,0.0,0.0,0.3333333333333333,0.0,0.0,0.0,0.0,0.0,0.0,0.0,0.0,0.0,0.38888888888888884,0.3469443332443555,0.38888888888888884,0.3469443332443554,0.0,0.0,0.0,0.0,0.38888888888888884,0.3469443332443554,8.6,13.107249902248755,3.0,2.4,0.2,0.2,1.8,0.4,0.0,0.4,1.4,5.0,,0.0,0.0,,1.4,1.0,0.6,-5.0,0.09375,0.20963137289060516,0.075,0.16770509831248429,0.00625,0.013975424859373685,0.00625,0.013975424859373685,0.2708333333333333,0.30118400614168667,0.3708333333333333,0.34623470684237045,0.0,0.0,0.0125,0.02795084971874738,0.3833333333333333,0.36132472314464664,9.0,10.785793124908958,3.5714285714285716,2.5714285714285716,0.42857142857142855,0.42857142857142855,2.0,0.2857142857142857,0.0,0.42857142857142855,1.5714285714285714,5.0,,0.0,0.0,,1.1428571428571428,1.4285714285714286,0.5714285714285714,-3.4285714285714284,0.23363095238095236,0.37978511180770846,0.13095238095238096,0.18700331038577392,0.03422619047619047,0.05057334960704294,0.04017857142857143,0.09325264901126964,0.2648809523809524,0.24612573409565888,0.4017857142857143,0.29381999897716593,0.0,0.0,0.026785714285714284,0.0491747370293402,0.42857142857142855,0.30591609320965135,,,,LAL,False,6.016666666666667,1.7642857142857142,1.3542857142857143,0.1557142857142857,0.1557142857142857,0.13236666666666666,0.1083,0.361,3.274285714285714,3.1185714285714283,1.92,1.51,0.24066666666666664,1.744,1.32,0.252,0.168,3.316,0.13,0.058,0.282,2.0460850422208754,1.1737120600896969,0.4738100885375912,0.3997199019313398,2.4682268939463405,0.3536947836765479,0.25,0.5426564290598611
4222252,Isaiah Hartenstein,OKC,2026-05-11,0.0,2.0,3.0,3.0,7.0,12,9,2,0,0,1,0,4,6,7,,0,0,,2,7,1,26,31.0,0.3870967741935484,0.2903225806451613,0.06451612903225806,0.0,0.0,0.22580645161290322,0.0,0.12903225806451613,0.3548387096774194,0.0,27.666666666666668,3.0550504633038953,10.0,9.0,2.3333333333333335,0.0,0.0,1.3333333333333333,1.0,1.6666666666666667,4.666666666666667,5.333333333333333,,0.6666666666666666,0.6666666666666666,,2.6666666666666665,6.333333333333333,1.6666666666666667,10.666666666666666,0.3591557148546396,0.03492593091883732,0.3278853046594982,0.03515674123565361,0.08718438868976504,0.06453960072763754,0.0,0.0,0.0,0.0,0.18934289127837514,0.06007943993759157,0.02666666666666667,0.04618802153517007,0.05535643170051772,0.06643817480134628,0.25643265631222617,0.09984936586469322,22.6,8.080841540334768,8.0,7.8,2.0,0.0,0.0,1.0,0.8,1.2,3.6,4.4,,0.8,0.8,,2.2,5.6,2.2,8.6,0.31549342891278376,0.18824027558124193,0.3667311827956989,0.0791193872731513,0.10231063321385903,0.07296702110317693,0.0,0.0,0.0,0.0,0.1836057347670251,0.06840310746358183,0.036,0.04979959839195494,0.05321385902031064,0.05886954173115174,0.2526595937873357,0.07820575703439009,22.0,7.37563556583431,8.333333333333334,7.833333333333333,2.1666666666666665,0.0,0.0,0.8333333333333334,0.8333333333333334,1.1666666666666667,3.6666666666666665,4.5,,1.0,1.0,,2.1666666666666665,5.666666666666667,1.8333333333333333,10.333333333333334,0.3506304890062672,0.1890904519874018,0.37578475759290697,0.07415999766474488,0.1115746504852334,0.06909617233221468,0.0,0.0,0.0,0.0,0.19686442809532792,0.06926720566894085,0.047543859649122805,0.05275949368210308,0.05311681234148693,0.052655055438731405,0.27090053868242886,0.0830018359474813,,,,LAL,False,26.102333333333334,9.367413654618474,8.433338955823293,2.174174297188755,0.0,1.2579437751004015,0.9434578313253011,1.572429718875502,19.974926907630525,17.80075261044177,11.54158795180723,10.607513253012048,2.2014016064257027,6.87,4.918,1.826,0.344,13.614,0.696,0.362,0.808,3.713906299302663,2.1192630794688987,1.359310119141324,0.5913239382944006,4.468669153114829,0.8387991416304621,0.6188343881847549,0.8758630029861976
4278073,Shai Gilgeous-Alexander,OKC,2026-05-11,0.0,2.0,3.0,3.0,7.0,23,4,9,3,7,1,2,2,7,20,,6,7,,2,2,1,24,33.0,0.696969696969697,0.12121212121212122,0.2727272727272727,0.09090909090909091,0.21212121212121213,0.6060606060606061,0.21212121212121213,0.06060606060606061,0.7599999999999999,0.0,32.0,3.60555127546399,21.0,2.6666666666666665,5.666666666666667,1.3333333333333333,3.6666666666666665,1.0,1.3333333333333333,4.0,7.333333333333333,16.0,,5.0,6.333333333333333,,0.6666666666666666,2.0,2.0,12.666666666666666,0.6656565656565656,0.1383970790566545,0.08326118326118326,0.03363369852811645,0.17186147186147185,0.10065004887343339,0.042207792207792215,0.04580109084307106,0.11594516594516595,0.09209094005645452,0.49963924963924966,0.09387761382747994,0.20642135642135642,0.11796046960188979,0.12258297258297259,0.07096805942495103,0.713047619047619,0.046857433216289886,30.8,3.1144823004794877,21.6,2.0,7.2,1.6,3.8,1.2,1.0,3.6,8.2,16.0,,3.6,4.6,,0.6,1.4,1.8,16.0,0.7112987012987013,0.14098989577029825,0.06376623376623376,0.035762004065279816,0.23359307359307357,0.11414731551814633,0.052943722943722946,0.0356064224510884,0.12385281385281385,0.08014950143192867,0.5202597402597402,0.07296244316413177,0.15194805194805194,0.11490030943354881,0.11497835497835499,0.05131317493590668,0.7020952380952381,0.03649812842715105,29.666666666666668,3.9327683210007005,21.333333333333332,2.3333333333333335,7.166666666666667,1.6666666666666667,3.6666666666666665,1.1666666666666667,0.8333333333333334,3.5,8.0,15.0,,3.6666666666666665,4.666666666666667,,0.5,1.8333333333333333,1.5,17.666666666666668,0.7316378066378068,0.13558980715166974,0.08091630591630591,0.05280044125126374,0.24327200577200578,0.10481306254826071,0.05800865800865801,0.03417857895062857,0.12404401154401155,0.07168942323085119,0.502994227994228,0.07776504338535824,0.16134559884559885,0.10531641948191067,0.11664862914862915,0.04607789526905151,0.6906349206349206,0.043054894735620866,,,,LAL,False,31.521166666666666,21.042126041666666,2.6027249999999995,6.150457291666667,1.4853625,0.9850364583333333,1.3133819444444443,3.9401458333333332,29.79530833333333,23.644851041666666,27.19258333333333,8.753182291666667,2.2984184027777776,12.094,2.89,3.236,1.336,18.22,0.636,0.458,1.658,5.406770200406154,1.68341913972724,1.7653056392591056,1.16408934365022,5.999299959161902,0.7533286135545363,0.6754524409608718,1.3179666156621723
4395702,Isaiah Joe,OKC,2026-05-11,0.0,2.0,3.0,3.0,8.0,12,5,2,4,6,1,0,0,4,7,,0,0,,2,3,3,-2,18.0,0.6666666666666666,0.2777777777777778,0.1111111111111111,0.2222222222222222,0.3333333333333333,0.3888888888888889,0.0,0.0,0.3888888888888889,0.0,12.666666666666666,4.725815626252612,8.333333333333334,2.0,2.0,1.6666666666666667,3.3333333333333335,0.6666666666666666,0.0,0.0,3.3333333333333335,5.333333333333333,,0.0,0.0,,0.6666666666666666,1.3333333333333333,1.0,2.6666666666666665,0.6430976430976432,0.18798013268966812,0.1228956228956229,0.14162442278146872,0.17845117845117844,0.13451167916119985,0.10437710437710439,0.11172161631674786,0.23905723905723905,0.1148735495571177,0.4225589225589226,0.10999593416780895,0.0,0.0,0.0,0.0,0.4225589225589226,0.10999593416780895,12.2,8.814760348415605,9.2,1.6,1.6,1.8,3.4,0.4,0.0,0.0,3.2,5.0,,1.0,1.0,,0.4,1.2,1.0,3.6,0.7105841018884498,0.2043902525509549,0.11391084760649979,0.11702374189357312,0.15557751427316643,0.11897512039171994,0.1217610891523935,0.09762150416252738,0.2553798858146684,0.09931265502059149,0.41474527887571366,0.09116075068835955,0.05434782608695652,0.10869565217391305,0.0,0.0,0.4386583223539745,0.09540876820647196,13.285714285714286,7.521398046336105,10.428571428571429,1.7142857142857142,1.2857142857142858,2.4285714285714284,4.285714285714286,0.42857142857142855,0.0,0.42857142857142855,3.5714285714285716,5.571428571428571,,0.8571428571428571,0.8571428571428571,,0.42857142857142855,1.2857142857142858,1.1428571428571428,8.428571428571429,0.7475322584018236,0.20272327515825722,0.11826860739904217,0.09144993669876963,0.11562310475353954,0.11328946668210657,0.16053913880000836,0.1138203052251211,0.3012056381621599,0.12469818679816466,0.419353995440952,0.08413062730230081,0.04813664596273292,0.08770199531952136,0.03306878306878307,0.05819504538445028,0.4736029027333375,0.09192718771749515,,,,LAL,False,13.160976190476191,9.037407894736843,2.147972180451128,1.9336864661654136,1.92531015037594,0.6926829573934837,0.0,0.0,13.119066541353385,11.185380075187972,10.971094360902256,4.081658646616542,0.6926829573934837,7.084,1.712,1.216,1.0,10.012,0.382,0.022,0.074,4.140645360327301,1.2825973647251894,1.1159498196603643,0.9674709297958259,4.494424991030555,0.5933599244977705,0.25,0.26177089219391836
4397020,Luguentz Dort,OKC,2026-05-11,0.0,2.0,3.0,3.0,8.0,10,3,0,2,2,1,0,0,4,5,,0,0,,1,2,4,21,20.0,0.5,0.15,0.0,0.1,0.1,0.25,0.0,0.0,0.25,0.0,23.666666666666668,4.04145188432738,6.333333333333333,2.3333333333333335,2.0,1.6666666666666667,4.333333333333333,0.6666666666666666,0.0,1.3333333333333333,2.3333333333333335,5.333333333333333,,0.0,0.0,,0.3333333333333333,2.0,2.3333333333333335,7.333333333333333,0.2815734989648033,0.1937533146855431,0.10020703933747412,0.05359850187566067,0.07660455486542443,0.07198897992013957,0.07163561076604555,0.02826143834888232,0.17981366459627332,0.08044197670410762,0.22981366459627328,0.04470863369219858,0.0,0.0,0.05279503105590062,0.04637634945052198,0.2826086956521739,0.05647991763811558,22.2,3.492849839314596,6.0,2.4,1.4,1.6,4.2,1.0,0.0,0.8,2.2,5.4,,0.0,0.0,,0.2,2.2,2.2,5.2,0.278944099378882,0.13818696299727276,0.11012422360248446,0.043969386750120444,0.05596273291925465,0.06084912193145198,0.07298136645962733,0.0267441616665975,0.18788819875776397,0.05794568361096124,0.24788819875776397,0.06651670794226833,0.0,0.0,0.031677018633540374,0.043721590609634944,0.27956521739130435,0.06651960780899402,22.142857142857142,2.9113897843110044,7.285714285714286,2.4285714285714284,1.5714285714285714,1.8571428571428572,4.428571428571429,1.4285714285714286,0.14285714285714285,0.8571428571428571,2.7142857142857144,5.714285714285714,,0.0,0.0,,0.14285714285714285,2.2857142857142856,1.8571428571428572,11.142857142857142,0.3373706004140787,0.1697557495888513,0.11208222419402543,0.055684400044031114,0.06600118308192841,0.05261216307142089,0.08496007098491572,0.03399633384770843,0.19927536231884058,0.05150132130552985,0.26194912747707777,0.06295938985377403,0.0,0.0,0.03564034309375924,0.03635421104171973,0.297589470570837,0.0662304708350728,,,,LAL,False,22.777404761904762,6.440074245472837,2.337681488933602,1.716624949698189,1.6549969818913481,0.641617035546613,0.0,1.283234071093226,10.494380684104627,8.777755734406439,8.156699195171026,4.054306438631791,0.641617035546613,7.268,2.534,1.574,1.102,11.376,0.444,0.08,0.742,4.103190953392249,1.5455885610342748,1.2948065492574556,1.0235213725174477,4.58547969137363,0.6920000000000001,0.2925747767665559,0.8985744265223665
4397183,Aaron Wiggins,OKC,2026-05-11,0.0,2.0,3.0,3.0,8.0,4,0,0,0,0,0,0,0,2,2,,0,0,,0,0,0,-1,3.0,1.3333333333333333,0.0,0.0,0.0,0.0,0.6666666666666666,0.0,0.0,0.6666666666666666,0.0,3.3333333333333335,1.5275252316519277,1.3333333333333333,0.0,0.0,0.0,0.0,0.3333333333333333,0.0,0.0,0.6666666666666666,1.3333333333333333,,0.0,0.0,,0.0,0.0,0.0,-0.6666666666666666,0.4444444444444444,0.769800358919501,0.0,0.0,0.0,0.0,0.0,0.0,0.0,0.0,0.35555555555555557,0.33554819712314443,0.0,0.0,0.0,0.0,0.35555555555555557,0.33554819712314443,7.8,9.67987603226405,3.8,0.8,0.6,0.4,1.2,0.8,0.0,0.2,1.6,3.2,,0.2,0.4,,0.2,0.6,0.6,-1.4,0.4706666666666667,0.5455598551539103,0.074,0.11126544836560898,0.024,0.05366563145999496,0.016,0.03577708763999664,0.048,0.10733126291998991,0.35133333333333333,0.2466621621210319,0.016,0.03577708763999663,0.05,0.1118033988749895,0.4083733333333333,0.24820132330205028,9.571428571428571,9.144345117013446,4.142857142857143,0.8571428571428571,0.5714285714285714,0.5714285714285714,1.7142857142857142,0.7142857142857143,0.14285714285714285,0.2857142857142857,1.7142857142857142,3.7142857142857144,,0.14285714285714285,0.2857142857142857,,0.14285714285714285,0.7142857142857143,0.8571428571428571,-1.0,0.40761904761904766,0.4804693472541133,0.06714285714285714,0.09604066599003531,0.034999999999999996,0.05979130371550699,0.025714285714285714,0.04429339411136566,0.09857142857142856,0.12388550781919187,0.3545238095238095,0.20160172114407646,0.011428571428571429,0.030237157840738178,0.04285714285714286,0.09322272357358044,0.40240952380952383,0.20303961455677824,,,,LAL,False,6.366666666666667,3.158571428571429,0.4514285714285714,0.3242857142857143,0.2542857142857143,0.14006666666666667,0.1146,0.382,3.9342857142857146,3.6100000000000003,3.482857142857143,0.7757142857142857,0.25466666666666665,2.292,0.586,0.388,0.252,3.266,0.116,0.066,0.244,2.336393802422871,0.7991270236952321,0.6240640992718617,0.4863085440335179,2.663689921894063,0.33248157843706166,0.2562108506679606,0.5064227483042206
4432823,Jaylin Williams,OKC,2026-05-11,0.0,2.0,3.0,3.0,8.0,3,4,2,1,2,0,0,0,1,2,,0,0,,0,4,2,0,13.0,0.23076923076923078,0.3076923076923077,0.15384615384615385,0.07692307692307693,0.15384615384615385,0.15384615384615385,0.0,0.0,0.15384615384615385,0.0,16.0,3.6055512754639913,4.333333333333333,4.333333333333333,2.0,1.3333333333333333,2.6666666666666665,0.3333333333333333,0.0,0.6666666666666666,1.3333333333333333,3.0,,0.3333333333333333,0.3333333333333333,,0.6666666666666666,3.6666666666666665,2.3333333333333335,7.666666666666667,0.2824786324786325,0.1645443439116114,0.2636752136752137,0.11484441447189923,0.12350427350427351,0.04926036325608907,0.08675213675213674,0.04252727270768182,0.17350427350427347,0.08505454541536364,0.19017094017094016,0.06627514884127998,0.022222222222222223,0.03849001794597505,0.03333333333333333,0.05773502691896258,0.2332820512820513,0.07253651736253136,12.4,7.436396977031283,3.6,3.4,1.4,1.0,2.2,0.2,0.0,0.4,1.2,2.6,,0.2,0.2,,0.4,3.0,1.6,4.6,0.30114468864468863,0.13944024055742502,0.2691849816849817,0.09441534054916485,0.11048534798534798,0.04791337960755036,0.08292124542124543,0.03555862102958184,0.1836996336996337,0.07237839416516953,0.21405677655677657,0.0721830748076929,0.016666666666666666,0.03333333333333333,0.025,0.05,0.2463901098901099,0.06476868355369804,12.571428571428571,6.106202935189288,3.4285714285714284,3.5714285714285716,1.8571428571428572,1.0,2.142857142857143,0.14285714285714285,0.0,0.2857142857142857,1.1428571428571428,2.5714285714285716,,0.14285714285714285,0.14285714285714285,,0.2857142857142857,3.2857142857142856,1.5714285714285714,6.714285714285714,0.2840964590964591,0.19329689476496367,0.28064713064713065,0.08253379406931148,0.15103785103785103,0.07383616591369262,0.08305860805860805,0.059468246820290345,0.17802197802197803,0.11971489520462328,0.21214896214896214,0.14316453575617846,0.011111111111111112,0.02721655269759087,0.016666666666666666,0.040824829046386304,0.23370451770451772,0.14235279670774484,,,,LAL,False,14.442785714285714,3.825238392857143,3.868666964285714,1.7877803571428572,1.1621392857142856,0.30089136904761904,0.0,0.6017827380952381,9.481685714285714,7.693905357142857,5.61301875,5.656447321428571,0.30089136904761904,4.45,2.466,1.284,0.77,8.2,0.194,0.026,0.368,3.29416150180892,1.558474895530884,1.1293112945507984,0.8515280382935138,3.6807607909235287,0.4340092164920003,0.25,0.5554961746042901
4433255,Chet Holmgren,OKC,2026-05-11,0.0,2.0,3.0,3.0,7.0,18,9,1,0,4,0,1,1,9,14,,0,0,,2,7,1,18,31.0,0.5806451612903226,0.2903225806451613,0.03225806451612903,0.0,0.12903225806451613,0.45161290322580644,0.0,0.03225806451612903,0.4838709677419355,0.0,31.666666666666668,1.154700538379251,21.333333333333332,10.0,1.6666666666666667,1.6666666666666667,3.6666666666666665,1.6666666666666667,2.0,1.0,8.333333333333334,14.0,,3.0,3.6666666666666665,,2.6666666666666665,7.333333333333333,1.3333333333333333,15.666666666666666,0.6738351254480287,0.09697311296393293,0.31671554252199413,0.06158357771260988,0.051808406647116334,0.03386218587622438,0.051808406647116334,0.04676783465847775,0.11502117953730857,0.045160161861605784,0.4444444444444444,0.10770594409546035,0.11371782339524276,0.10688662727335282,0.030954708374063212,0.030324044889677368,0.5254349951124145,0.06906594387200009,29.6,4.33589667773576,21.8,10.8,2.0,1.8,3.6,1.8,2.4,1.4,8.2,13.0,,3.6,4.8,,2.4,8.4,2.0,19.2,0.7342130987292277,0.14750001115471084,0.3712609970674487,0.08646303198935397,0.06334310850439882,0.0638326903822391,0.059530791788856306,0.03917453924299411,0.12209188660801562,0.033469078009460355,0.441446725317693,0.07727827622974189,0.16001955034213097,0.11860308148347108,0.049657869012707724,0.03468051055463419,0.5615131964809384,0.06983835596022445,28.333333333333332,4.96655480858378,21.666666666666668,10.166666666666666,1.8333333333333333,2.1666666666666665,3.8333333333333335,1.5,2.6666666666666665,1.3333333333333333,8.166666666666666,12.666666666666666,,3.1666666666666665,4.333333333333333,,2.1666666666666665,8.0,1.8333333333333333,21.0,0.7709351580319322,0.1596748586005321,0.3624144672531769,0.08031345627703013,0.06036168132942327,0.05755886844914462,0.07991202346041056,0.060992485165125926,0.1396220267188009,0.05234480127066345,0.45120560443141083,0.07313658394380462,0.1485011404366243,0.10976973786252545,0.04895731508634735,0.031066620425892935,0.565503421309873,0.06322537572600327,,,,LAL,False,30.698166666666665,20.83385543859649,9.881828070175438,1.6560824561403509,1.5947491228070172,1.6156929824561401,1.9388315789473685,0.9694157894736842,32.37176596491228,30.715683508771928,22.48993789473684,11.537910526315788,3.5545245614035084,13.17,5.994,1.542,1.482,20.706,0.812,0.552,0.74,5.758914828333546,2.4433509776534357,1.1765355923217962,1.1634758269942698,6.046450529029407,0.8925558806035621,0.7261514993443173,0.8697125962063559
4592435,Branden Carlson,OKC,2026-05-11,0.0,31.0,0.0,0.0,5.0,23,12,5,3,10,0,1,0,8,18,,4,4,,3,9,2,-21,37.0,0.6216216216216216,0.32432432432432434,0.13513513513513514,0.08108108108108109,0.2702702702702703,0.4864864864864865,0.10810810810810811,0.0,0.5340540540540542,0.0,14.666666666666666,19.65536398374076,10.333333333333334,4.666666666666667,2.0,1.3333333333333333,4.0,0.0,0.3333333333333333,0.0,3.6666666666666665,7.333333333333333,,1.6666666666666667,2.0,,1.0,3.6666666666666665,1.0,-7.333333333333333,0.8822393822393821,0.3685691716609417,0.305019305019305,0.027301420123032747,0.138996138996139,0.005460284024606534,0.11196911196911197,0.04368227219685235,0.277992277992278,0.010920568049213068,0.528957528957529,0.06006312427067199,0.1969111969111969,0.1255865325659505,0.0,0.0,0.6155984555984557,0.11532119859969021,13.0,16.391054470858997,10.5,4.0,1.5,1.25,3.5,0.0,0.5,0.0,4.0,7.0,,1.25,1.5,,1.0,3.0,0.75,-6.5,1.0464929214929215,0.38582287726540826,0.28667953667953666,0.037171562768281305,0.09266409266409266,0.08034228589453596,0.11631274131274132,0.031791064778715156,0.26866151866151866,0.017911410115465605,0.6026383526383526,0.13450048618287958,0.13127413127413126,0.14425900920671353,0.0,0.0,0.6603989703989704,0.11256441623536284,13.0,16.391054470858997,10.5,4.0,1.5,1.25,3.5,0.0,0.5,0.0,4.0,7.0,,1.25,1.5,,1.0,3.0,0.75,-6.5,1.0464929214929215,0.38582287726540826,0.28667953667953666,0.037171562768281305,0.09266409266409266,0.08034228589453596,0.11631274131274132,0.031791064778715156,0.26866151866151866,0.017911410115465605,0.6026383526383526,0.13450048618287958,0.13127413127413126,0.14425900920671353,0.0,0.0,0.6603989703989704,0.11256441623536284,,,,LAL,False,17.1,12.325,5.3999999999999995,2.175,1.5374999999999999,0.37620000000000003,0.3078,1.026,19.9,17.724999999999998,14.5,7.574999999999999,0.684,7.908,3.792,1.468,0.868,13.168,0.348,0.18,0.658,4.677556627129168,1.9821039326937424,1.2477884436073288,0.9521428464258922,5.249740565018428,0.5752356039050435,0.4331281565541543,0.8467797824700352
4593803,Jalen Williams,OKC,2026-05-11,0.0,33.0,0.0,0.0,3.0,18,6,6,0,1,2,0,3,7,12,,4,4,,1,5,3,13,32.0,0.5625,0.1875,0.1875,0.0,0.03125,0.375,0.125,0.09375,0.5237499999999999,0.0,29.0,4.242640687119285,16.5,4.0,6.5,0.5,1.5,1.0,0.0,2.0,6.0,10.5,,4.0,4.0,,1.0,3.0,1.5,22.0,0.5697115384615384,0.01019865549788286,0.13221153846153846,0.07818969215043554,0.2283653846153846,0.05779238115466974,0.019230769230769232,0.02719641466102106,0.054086538461538464,0.03229574240996251,0.3605769230769231,0.020397310995765798,0.13942307692307693,0.020397310995765798,0.06610576923076923,0.03909484607521777,0.4880288461538461,0.050517340232846576,29.0,4.242640687119285,16.5,4.0,6.5,0.5,1.5,1.0,0.0,2.0,6.0,10.5,,4.0,4.0,,1.0,3.0,1.5,22.0,0.5697115384615384,0.01019865549788286,0.13221153846153846,0.07818969215043554,0.2283653846153846,0.05779238115466974,0.019230769230769232,0.02719641466102106,0.054086538461538464,0.03229574240996251,0.3605769230769231,0.020397310995765798,0.13942307692307693,0.020397310995765798,0.06610576923076923,0.03909484607521777,0.4880288461538461,0.050517340232846576,29.0,4.242640687119285,16.5,4.0,6.5,0.5,1.5,1.0,0.0,2.0,6.0,10.5,,4.0,4.0,,1.0,3.0,1.5,22.0,0.5697115384615384,0.01019865549788286,0.13221153846153846,0.07818969215043554,0.2283653846153846,0.05779238115466974,0.019230769230769232,0.02719641466102106,0.054086538461538464,0.03229574240996251,0.3605769230769231,0.020397310995765798,0.13942307692307693,0.020397310995765798,0.06610576923076923,0.03909484607521777,0.4880288461538461,0.050517340232846576,,,,LAL,False,29.45,16.725,4.3,6.425,0.42499999999999993,0.6478999999999999,0.5300999999999999,1.767,27.450000000000003,21.025000000000002,23.150000000000002,10.725,1.178,9.706,4.184,3.546,0.81,17.436,0.566,0.338,1.158,4.794951928851842,2.063527077602812,1.885705173138155,0.9197282207261013,5.536958009593355,0.7467556494597146,0.575982638627242,1.030066017301804
4683692,Cason Wallace,OKC,2026-05-11,0.0,2.0,3.0,3.0,8.0,16,1,1,4,6,1,0,1,6,10,,0,0,,1,0,3,13,25.0,0.64,0.04,0.04,0.16,0.24,0.4,0.0,0.04,0.44,0.0,25.0,5.999999999999997,11.0,2.3333333333333335,2.3333333333333335,2.3333333333333335,4.0,1.6666666666666667,0.6666666666666666,1.0,4.0,7.666666666666667,,0.6666666666666666,0.6666666666666666,,1.0,1.3333333333333333,2.6666666666666665,13.666666666666666,0.4300848896434635,0.19206373063971152,0.10501414827391058,0.09219475725905334,0.09143180531975098,0.04609951712932387,0.09238256932654217,0.05885913973921103,0.16488964346349744,0.07186866109376337,0.31386530843237126,0.08711271367521073,0.02150537634408602,0.03724840446384682,0.04842105263157895,0.053134439848943,0.3717487266553481,0.10224561431074207,19.2,11.670475568716126,7.2,1.8,1.6,1.6,3.4,1.0,0.6,1.0,2.6,5.8,,0.4,0.4,,0.6,1.2,1.8,8.6,0.35827795294688336,0.21264351008785212,0.10257013501495675,0.0754352369957852,0.08047861589457515,0.043550733871042316,0.08119168889966852,0.053014546174997866,0.1831910421214326,0.06916044921981658,0.3068275527528499,0.07250657401866885,0.016129032258064516,0.03225806451612903,0.06012531328320802,0.04929642990770952,0.3740496402296063,0.08360993109050406,20.142857142857142,9.668308563352252,8.142857142857142,2.2857142857142856,1.7142857142857142,1.8571428571428572,3.4285714285714284,1.4285714285714286,0.42857142857142855,0.7142857142857143,2.857142857142857,6.142857142857143,,0.5714285714285714,0.5714285714285714,,0.7142857142857143,1.5714285714285714,1.8571428571428572,12.857142857142858,0.3962959739013478,0.23790155900159105,0.12075163151194744,0.07859076979893397,0.08296729860692362,0.0433015983890197,0.09167719971440352,0.062160991670031744,0.1744989029162647,0.07085260952721217,0.3092947848391858,0.10509227536644303,0.025245441795231416,0.03974864422758676,0.040083542188805346,0.04921480482160295,0.360486321417893,0.10251966367693245,,,,LAL,False,23.04907142857143,10.02438342857143,2.065605142857143,1.9918908571428575,2.183319428571429,1.536604761904762,0.6146419047619047,0.9219628571428572,14.08187942857143,12.089988571428572,12.016274285714287,4.057496,2.1512466666666668,8.778,2.29,1.64,1.21,12.708,0.676,0.248,0.558,4.43358951640767,1.4511719401917884,1.2690153663372246,1.043982758478319,4.958904717777909,0.836076551519058,0.4964836351784417,0.7606812735962415
4683778,Jared McCain,OKC,2026-05-11,0.0,2.0,3.0,3.0,8.0,3,0,1,1,1,0,0,0,1,1,,0,0,,0,0,0,-6,10.0,0.3,0.0,0.1,0.1,0.1,0.1,0.0,0.0,0.1,0.0,14.333333333333334,4.04145188432738,11.0,0.6666666666666666,1.0,3.0,3.6666666666666665,0.0,0.0,0.3333333333333333,4.0,6.333333333333333,,0.0,0.0,,0.3333333333333333,0.3333333333333333,2.0,-0.3333333333333333,0.6999999999999998,0.3605551275463989,0.044444444444444446,0.0769800358919501,0.07777777777777777,0.06938886664887109,0.1962962962962963,0.08630503850171144,0.23703703703703705,0.12188505682892097,0.39259259259259266,0.26348409499010983,0.0,0.0,0.018518518518518517,0.032075014954979164,0.41111111111111115,0.2873892701417238,14.4,7.956129712366434,10.4,0.6,1.0,2.4,4.0,0.0,0.0,0.8,4.0,6.6,,0.0,0.0,,0.2,0.4,1.2,-1.6,0.74,0.2966479394838265,0.034666666666666665,0.057811955703143465,0.06266666666666668,0.060295568291173406,0.14177777777777778,0.1053436469399901,0.25622222222222224,0.09343777225485748,0.4735555555555556,0.24293015812861743,0.0,0.0,0.1191111111111111,0.21432984848270034,0.5926666666666667,0.42096714044368516,14.714285714285714,6.524678426668135,10.0,0.8571428571428571,1.1428571428571428,2.2857142857142856,4.0,0.14285714285714285,0.0,0.8571428571428571,3.7142857142857144,6.428571428571429,,0.2857142857142857,0.2857142857142857,,0.14285714285714285,0.7142857142857143,1.4285714285714286,-0.2857142857142857,0.6910714285714287,0.3331286573997385,0.052142857142857144,0.058331065715562125,0.07273809523809524,0.056014867168595016,0.13757936507936508,0.09309309832586028,0.2568253968253968,0.07645011975979815,0.4477777777777778,0.2140526068949372,0.017857142857142856,0.04724555912615341,0.10353174603174602,0.1770147626342961,0.5591666666666667,0.3579730100523305,,,,LAL,False,13.97552380952381,10.191241196013289,0.6225860465116279,0.9964504983388704,2.6939229235880395,0.0,0.0,0.32501218161683276,11.810277740863787,10.813827242524917,11.187691694352159,1.6190365448504984,0.0,7.67,0.926,0.91,1.068,9.506,0.048,0.034,0.262,4.309187858518122,0.9698061662002361,0.9787236586493656,1.0542181937341055,4.508876134914331,0.25,0.25,0.5228345818707864
4684208,Brooks Barnhizer,OKC,2026-05-11,0.0,31.0,0.0,0.0,3.0,14,9,2,1,3,2,0,2,5,10,,3,4,,2,7,3,-15,33.0,0.42424242424242425,0.2727272727272727,0.06060606060606061,0.030303030303030304,0.09090909090909091,0.30303030303030304,0.12121212121212122,0.06060606060606061,0.416969696969697,0.0,19.5,19.091883092036785,8.0,6.5,1.0,0.5,1.5,1.0,0.0,1.0,3.0,6.0,,1.5,2.0,,2.0,4.5,2.0,-8.0,0.3787878787878788,0.06428243465332252,0.46969696969696967,0.27855721683106416,0.030303030303030304,0.04285495643554834,0.015151515151515152,0.02142747821777417,0.045454545454545456,0.0642824346533225,0.3181818181818182,0.02142747821777415,0.06060606060606061,0.08570991287109668,0.030303030303030304,0.04285495643554834,0.3751515151515151,0.05913983988105675,19.5,19.091883092036785,8.0,6.5,1.0,0.5,1.5,1.0,0.0,1.0,3.0,6.0,,1.5,2.0,,2.0,4.5,2.0,-8.0,0.3787878787878788,0.06428243465332252,0.46969696969696967,0.27855721683106416,0.030303030303030304,0.04285495643554834,0.015151515151515152,0.02142747821777417,0.045454545454545456,0.0642824346533225,0.3181818181818182,0.02142747821777415,0.06060606060606061,0.08570991287109668,0.030303030303030304,0.04285495643554834,0.3751515151515151,0.05913983988105675,19.5,19.091883092036785,8.0,6.5,1.0,0.5,1.5,1.0,0.0,1.0,3.0,6.0,,1.5,2.0,,2.0,4.5,2.0,-8.0,0.3787878787878788,0.06428243465332252,0.46969696969696967,0.27855721683106416,0.030303030303030304,0.04285495643554834,0.015151515151515152,0.02142747821777417,0.045454545454545456,0.0642824346533225,0.3181818181818182,0.02142747821777415,0.06060606060606061,0.08570991287109668,0.030303030303030304,0.04285495643554834,0.3751515151515151,0.05913983988105675,,,,LAL,False,21.525,8.9,6.874999999999999,1.15,0.575,0.4735499999999999,0.38744999999999996,1.2914999999999999,16.924999999999997,15.774999999999999,10.05,8.024999999999999,0.8609999999999999,7.016,4.862,1.352,0.692,13.23,0.482,0.238,0.84,4.113361642258069,2.3754906861530736,1.1472122732955745,0.8421021315731245,5.102656171054444,0.7026208081177215,0.49935558472895847,0.8957678270623477
4697270,Payton Sandfort,OKC,2026-05-11,0.0,31.0,0.0,0.0,2.0,8,4,0,1,4,0,0,0,3,8,,1,2,,0,4,2,-11,28.0,0.2857142857142857,0.14285714285714285,0.0,0.03571428571428571,0.14285714285714285,0.2857142857142857,0.07142857142857142,0.0,0.31714285714285717,0.0,28.0,,8.0,4.0,0.0,1.0,4.0,0.0,0.0,0.0,3.0,8.0,,1.0,2.0,,0.0,4.0,2.0,-11.0,0.2857142857142857,,0.14285714285714285,,0.0,,0.03571428571428571,,0.14285714285714285,,0.2857142857142857,,0.07142857142857142,,0.0,,0.31714285714285717,,28.0,,8.0,4.0,0.0,1.0,4.0,0.0,0.0,0.0,3.0,8.0,,1.0,2.0,,0.0,4.0,2.0,-11.0,0.2857142857142857,,0.14285714285714285,,0.0,,0.03571428571428571,,0.14285714285714285,,0.2857142857142857,,0.07142857142857142,,0.0,,0.31714285714285717,,28.0,,8.0,4.0,0.0,1.0,4.0,0.0,0.0,0.0,3.0,8.0,,1.0,2.0,,0.0,4.0,2.0,-11.0,0.2857142857142857,,0.14285714285714285,,0.0,,0.03571428571428571,,0.14285714285714285,,0.2857142857142857,,0.07142857142857142,,0.0,,0.31714285714285717,,,,,LAL,False,28.0,8.0,4.0,0.0,1.0,0.616,0.504,1.68,12.0,12.0,8.0,4.0,1.12,8.52,3.976,0.7,1.018,13.196,0.542,0.28,1.178,4.463810031800189,2.0048501190862122,0.8520563361656317,0.9703999175597657,4.927228835765597,0.7212738730884407,0.49558046773455466,1.1323939243920376
4900671,Ajay Mitchell,OKC,2026-05-11,0.0,2.0,3.0,3.0,8.0,24,4,10,2,4,3,0,0,10,17,,2,3,,2,2,3,14,30.0,0.8,0.13333333333333333,0.3333333333333333,0.06666666666666667,0.13333333333333333,0.5666666666666667,0.1,0.0,0.6106666666666667,0.0,29.333333333333332,1.1547005383792763,20.666666666666668,3.0,6.666666666666667,1.0,4.0,1.0,0.0,1.0,8.0,15.0,,3.6666666666666665,4.333333333333333,,1.0,2.0,2.0,15.333333333333334,0.7031746031746032,0.08469410521875619,0.1015873015873016,0.030982890945941484,0.2253968253968254,0.09774478932279779,0.034126984126984124,0.033361665963466194,0.13730158730158729,0.03943574047239633,0.5126984126984127,0.09762872580750336,0.14682539682539683,0.07500314934178895,0.034126984126984124,0.033361665963466194,0.6114285714285714,0.04248131508698005,22.4,12.759310326189265,13.8,2.0,4.6,0.6,2.6,0.8,0.0,0.6,5.4,10.2,,2.4,3.0,,0.6,1.4,1.4,12.0,0.6002976190476191,0.21706394547412097,0.08660714285714285,0.03921199191448629,0.20029761904761906,0.09428278314347169,0.025595238095238095,0.03214285714285715,0.11339285714285714,0.05764802334526333,0.4470238095238095,0.1536452388147151,0.13095238095238096,0.06897916694489133,0.025595238095238095,0.03214285714285715,0.5302380952380952,0.16604421635162314,21.714285714285715,10.499433091271893,12.142857142857142,2.0,4.714285714285714,0.7142857142857143,2.857142857142857,0.8571428571428571,0.0,0.7142857142857143,4.714285714285714,9.857142857142858,,2.0,2.4285714285714284,,0.7142857142857143,1.2857142857142858,1.2857142857142858,11.714285714285714,0.5330304928989139,0.19872478368884883,0.09031954887218045,0.04206768503773284,0.21874477861319966,0.10601022652617775,0.033771929824561404,0.02797982123857719,0.13449248120300752,0.059332574350481435,0.44839181286549706,0.11988379121204126,0.10317460317460318,0.07492500659830878,0.03460735171261487,0.04385036899077272,0.5283959899749373,0.13314335416794448,,,,LAL,False,26.830523809523807,18.165422727272727,2.6864185064935064,6.07985064935065,0.929949025974026,0.9146769480519481,0.0,0.9146769480519481,26.931691883116883,20.851841233766233,24.245273376623377,8.766269155844157,0.9146769480519481,9.88,2.6,2.826,0.72,15.306,0.588,0.058,0.55,4.792661056240051,1.624807680927192,1.6234912996379132,0.8109253973085317,5.437312203653566,0.7198999930545907,0.25,0.7399324293474372
5159925,Nikola Topic,OKC,2026-05-11,0.0,2.0,3.0,3.0,8.0,0,2,0,0,1,1,0,1,0,1,,0,0,,0,2,0,-2,3.0,0.0,0.6666666666666666,0.0,0.0,0.3333333333333333,0.3333333333333333,0.0,0.3333333333333333,0.6666666666666666,0.0,1.3333333333333333,1.5275252316519976,0.6666666666666666,0.6666666666666666,0.0,0.0,0.3333333333333333,0.3333333333333333,0.0,0.3333333333333333,0.3333333333333333,0.6666666666666666,,0.0,0.0,,0.0,0.6666666666666666,0.0,-0.6666666666666666,1.0,1.4142135623730951,0.3333333333333333,0.4714045207910317,0.0,0.0,0.0,0.0,0.16666666666666666,0.23570226039551584,0.6666666666666666,0.4714045207910317,0.0,0.0,0.16666666666666666,0.23570226039551584,0.8333333333333333,0.23570226039551584,8.6,17.03819239238717,3.2,0.8,2.2,0.4,0.8,1.0,0.0,1.8,1.4,2.8,,0.0,0.0,,0.4,0.4,0.6,-3.8,0.7863247863247863,1.0662885588889364,0.23931623931623933,0.370983494260012,0.09401709401709402,0.1628423836175867,0.017094017094017092,0.029607706112288502,0.13675213675213674,0.17453485347574477,0.5470085470085471,0.3925115385711122,0.0,0.0,0.1794871794871795,0.1681394493410769,0.7264957264957266,0.24903935528775162,8.714285714285714,13.924969009113159,2.5714285714285716,1.0,2.5714285714285716,0.2857142857142857,0.7142857142857143,0.8571428571428571,0.0,1.4285714285714286,1.0,2.7142857142857144,,0.2857142857142857,0.2857142857142857,,0.5714285714285714,0.42857142857142855,0.7142857142857143,-3.2857142857142856,0.5217948717948718,0.8411321461643109,0.21358974358974359,0.2699404565800008,0.2164102564102564,0.21528233224594118,0.010256410256410256,0.022934030538459382,0.10205128205128204,0.13689042153568773,0.43320512820512824,0.33282024119936765,0.05,0.1118033988749895,0.1326923076923077,0.14210686915722953,0.5878974358974359,0.2592837958396357,,,,LAL,False,5.9,1.834285714285714,0.98,1.2842857142857143,0.19714285714285712,0.1298,0.1062,0.354,4.098571428571429,2.814285714285714,3.1185714285714283,2.2642857142857142,0.236,1.852,1.002,1.024,0.19,3.878,0.098,0.062,0.294,1.949896407504768,0.9969934804200075,1.0155904686437343,0.42178193417926285,2.5304379067663367,0.3231036985241735,0.25,0.5617508344453082
