player_id,player_name,team,asof_date,is_home,days_rest,games_last7,games_last14,season_game_number,lag1_pts,lag1_reb,lag1_ast,lag1_threes,lag1_fg3a,lag1_stl,lag1_blk,lag1_tov,lag1_fgm,lag1_fga,lag1_fg_pct,lag1_ftm,lag1_fta,lag1_ft_pct,lag1_oreb,lag1_dreb,lag1_pf,lag1_plus_minus,lag1_min,lag1_pts_per_min,lag1_reb_per_min,lag1_ast_per_min,lag1_fg3m_per_min,lag1_fg3a_per_min,lag1_fga_per_min,lag1_fta_per_min,lag1_tov_per_min,lag1_usage_per_min,b2b,roll3_min,roll3_min_std,roll3_pts,roll3_reb,roll3_ast,roll3_threes,roll3_fg3a,roll3_stl,roll3_blk,roll3_tov,roll3_fgm,roll3_fga,roll3_fg_pct,roll3_ftm,roll3_fta,roll3_ft_pct,roll3_oreb,roll3_dreb,roll3_pf,roll3_plus_minus,roll3_pts_per_min,roll3_pts_per_min_std,roll3_reb_per_min,roll3_reb_per_min_std,roll3_ast_per_min,roll3_ast_per_min_std,roll3_fg3m_per_min,roll3_fg3m_per_min_std,roll3_fg3a_per_min,roll3_fg3a_per_min_std,roll3_fga_per_min,roll3_fga_per_min_std,roll3_fta_per_min,roll3_fta_per_min_std,roll3_tov_per_min,roll3_tov_per_min_std,roll3_usage_per_min,roll3_usage_per_min_std,roll5_min,roll5_min_std,roll5_pts,roll5_reb,roll5_ast,roll5_threes,roll5_fg3a,roll5_stl,roll5_blk,roll5_tov,roll5_fgm,roll5_fga,roll5_fg_pct,roll5_ftm,roll5_fta,roll5_ft_pct,roll5_oreb,roll5_dreb,roll5_pf,roll5_plus_minus,roll5_pts_per_min,roll5_pts_per_min_std,roll5_reb_per_min,roll5_reb_per_min_std,roll5_ast_per_min,roll5_ast_per_min_std,roll5_fg3m_per_min,roll5_fg3m_per_min_std,roll5_fg3a_per_min,roll5_fg3a_per_min_std,roll5_fga_per_min,roll5_fga_per_min_std,roll5_fta_per_min,roll5_fta_per_min_std,roll5_tov_per_min,roll5_tov_per_min_std,roll5_usage_per_min,roll5_usage_per_min_std,roll10_min,roll10_min_std,roll10_pts,roll10_reb,roll10_ast,roll10_threes,roll10_fg3a,roll10_stl,roll10_blk,roll10_tov,roll10_fgm,roll10_fga,roll10_fg_pct,roll10_ftm,roll10_fta,roll10_ft_pct,roll10_oreb,roll10_dreb,roll10_pf,roll10_plus_minus,roll10_pts_per_min,roll10_pts_per_min_std,roll10_reb_per_min,roll10_reb_per_min_std,roll10_ast_per_min,roll10_ast_per_min_std,roll10_fg3m_per_min,roll10_fg3m_per_min_std,roll10_fg3a_per_min,roll10_fg3a_per_min_std,roll10_fga_per_min,roll10_fga_per_min_std,roll10_fta_per_min,roll10_fta_per_min_std,roll10_tov_per_min,roll10_tov_per_min_std,roll10_usage_per_min,roll10_usage_per_min_std,injury_status,team_on_slate,playing_today,opponent,home,pred_min,pred_pts,pred_reb,pred_ast,pred_threes,pred_stl,pred_blk,pred_tov,pred_pra,pred_pr,pred_pa,pred_ra,pred_stocks,mean_pts,mean_reb,mean_ast,mean_threes,mean_pra,mean_stl,mean_blk,mean_tov,sd_pts,sd_reb,sd_ast,sd_threes,sd_pra,sd_stl,sd_blk,sd_tov
3195,Mike Conley,MIN,2026-05-10,1.0,2.0,3.0,5.0,14.0,0,2,0,0,1,0,0,1,0,1,,0,0,,0,2,0,-10,4.0,0.0,0.5,0.0,0.0,0.25,0.25,0.0,0.25,0.5,0.0,14.666666666666666,10.06644591369434,5.0,1.6666666666666667,3.0,1.6666666666666667,3.6666666666666665,0.3333333333333333,0.0,0.3333333333333333,1.6666666666666667,4.333333333333333,,0.0,0.0,,0.0,1.6666666666666667,0.6666666666666666,-2.333333333333333,0.2291666666666666,0.2525907427704613,0.2152777777777777,0.2467966061655119,0.1458333333333333,0.1301041249666333,0.0763888888888888,0.0841969142568204,0.2430555555555555,0.0524294058004916,0.2777777777777777,0.0481125224324683,0.0,0.0,0.0833333333333333,0.1443375672974064,0.3611111111111111,0.1272937693043287,17.4,8.64869932417586,5.2,2.4,3.2,1.2,3.0,0.4,0.0,0.6,2.0,4.8,,0.0,0.0,,0.2,2.2,1.4,-3.0,0.2384049773755656,0.1794575943730718,0.1870852187028657,0.1887862181418628,0.1576357466063348,0.1025768470782765,0.053525641025641,0.0686264280044088,0.1766025641025641,0.1123076191312255,0.2675716440422323,0.0386869375038129,0.0,0.0,0.0694570135746606,0.1040650203955827,0.3370286576168929,0.0959808279818466,12.4,9.743373816770726,3.4,1.4,2.4,0.8,1.9,0.5,0.0,0.4,1.3,3.0,,0.0,0.0,,0.1,1.3,1.3,-0.7,0.1892052664111487,0.1665407574189273,0.1193282480047185,0.1580918639137959,0.184497011702894,0.1497163508518168,0.0451284826284826,0.0563095626043274,0.2299066674066673,0.305780846692087,0.2910270557329381,0.2842170291876452,0.0,0.0,0.0438782350547056,0.0809161415029367,0.3349052907876437,0.2872913761912911,,,,SAS,True,13.76425,3.865619911504425,1.7180986725663718,2.607859292035398,0.943591592920354,0.4872300884955752,0.0,0.4872300884955752,8.191577876106194,5.583718584070796,6.473479203539823,4.32595796460177,0.4872300884955752,5.16,1.768,1.908,0.81,8.836,0.382,0.032,0.36,3.5561777233428598,1.284591763946819,1.3680409350600589,0.8377947242612597,3.953366160628181,0.6000633299910936,0.25,0.6183849933496123
2968436,Joe Ingles,MIN,2026-05-10,1.0,2.0,3.0,5.0,14.0,0,0,0,0,0,0,0,0,0,0,,0,0,,0,0,0,0,0.0,,,,,,,,,,0.0,3.333333333333333,5.773502691896257,2.333333333333333,0.6666666666666666,0.0,0.6666666666666666,1.0,0.6666666666666666,0.0,0.3333333333333333,0.6666666666666666,1.0,,0.3333333333333333,0.6666666666666666,,0.3333333333333333,0.3333333333333333,0.0,-0.3333333333333333,0.7,,0.2,,0.0,,0.2,,0.3,,0.3,,0.2,,0.1,,0.488,,2.6,4.335896677735764,1.4,0.4,0.0,0.4,0.6,0.4,0.0,0.2,0.4,0.6,,0.2,0.4,,0.2,0.2,0.0,1.0,0.35,0.4949747468305832,0.1,0.1414213562373095,0.0,0.0,0.1,0.1414213562373095,0.15,0.2121320343559642,0.15,0.2121320343559642,0.1,0.1414213562373095,0.05,0.0707106781186547,0.244,0.3450681092190352,4.6,10.123679612121714,2.2,0.8,1.0,0.5,0.9,0.3,0.1,0.4,0.8,1.3,,0.1,0.2,,0.1,0.7,0.3,-0.3,0.2921875,0.3503485987199035,0.096875,0.1119779554198057,0.078125,0.15625,0.0734374999999999,0.095248441588301,0.121875,0.1480339910290876,0.1531249999999999,0.1768871462260613,0.05,0.1,0.0484375,0.0559889777099028,0.2235625,0.2602961754585213,,,,SAS,True,6.833333333333334,2.7020000000000004,0.7857142857142856,0.08,0.7617142857142856,0.9761904761904764,0.0,0.4880952380952381,3.567714285714286,3.487714285714286,2.7820000000000005,0.8657142857142857,0.9761904761904764,1.512,0.468,0.208,0.228,2.188,0.192,0.0,0.154,1.9864178815143605,0.648826633238803,0.4298092600212331,0.4858147795199319,2.1308815077333607,0.4371910337598427,1.3,0.3927900202398222
2993874,Kyle Anderson,MIN,2026-05-10,1.0,2.0,3.0,4.0,13.0,0,0,0,0,0,0,0,0,0,0,,0,0,,0,0,0,0,0.0,,,,,,,,,,0.0,4.666666666666667,8.082903768654761,2.6666666666666665,1.0,1.3333333333333333,0.0,0.3333333333333333,0.0,0.0,0.3333333333333333,1.0,2.0,,0.6666666666666666,2.0,,0.3333333333333333,0.6666666666666666,0.6666666666666666,-4.333333333333333,0.5714285714285714,,0.2142857142857142,,0.2857142857142857,,0.0,,0.0714285714285714,,0.4285714285714285,,0.4285714285714285,,0.0714285714285714,,0.6885714285714286,,6.4,7.503332592921629,2.4,1.2,2.0,0.0,0.2,0.0,0.0,1.0,1.0,2.2,,0.4,1.2,,0.4,0.8,0.6,-1.0,0.2793650793650793,0.2859258475986718,0.138095238095238,0.1198071011943726,0.2285714285714285,0.2060315014550851,0.0,0.0,0.0238095238095238,0.0412393049421161,0.3428571428571428,0.0813714642411193,0.1428571428571428,0.2474358296526967,0.1126984126984127,0.1380404927063294,0.5184126984126984,0.178088447370748,10.6,10.905656024895215,3.7,2.0,2.3,0.0,0.2,0.6,0.2,0.7,1.5,3.0,,0.7,1.3,,0.8,1.2,1.1,-1.9,0.2108225108225108,0.2445301236114334,0.1359713203463203,0.1171934075286778,0.1802218614718614,0.1785328733138372,0.0,0.0,0.0141369047619047,0.0273582980816223,0.2500676406926407,0.1316159320435049,0.0829274891774891,0.1505034443272684,0.0653273809523809,0.0957795778165939,0.3518831168831169,0.1877912911233751,,,,SAS,True,8.14,2.347428571428571,1.262,2.019428571428571,0.0,0.1938095238095238,0.0,0.969047619047619,5.628857142857142,3.609428571428571,4.366857142857143,3.281428571428571,0.1938095238095238,1.532,1.06,1.206,0.116,3.798,0.17,0.002,0.42,1.7958218174418084,1.0697663296253064,1.0693755187023877,0.3443021928480851,2.316289273817068,0.4160528812542944,0.25,0.6415605972938176
3032976,Rudy Gobert,MIN,2026-05-10,1.0,2.0,3.0,5.0,12.0,13,7,2,0,0,0,3,1,6,7,,1,1,,3,4,2,-6,31.0,0.4193548387096774,0.2258064516129032,0.064516129032258,0.0,0.0,0.2258064516129032,0.032258064516129,0.032258064516129,0.272258064516129,0.0,29.666666666666668,1.5275252316519594,8.333333333333334,9.0,2.0,0.0,0.0,1.3333333333333333,1.3333333333333333,2.0,3.333333333333333,6.0,,1.6666666666666667,5.0,,3.333333333333333,5.666666666666667,2.333333333333333,-9.0,0.2770865335381464,0.1262137850853577,0.3054275473630312,0.0699740131930944,0.0667434715821812,0.0322006840988223,0.0,0.0,0.0,0.0,0.2006656426011265,0.0502048849126851,0.1734511008704557,0.1447045850261797,0.0694828469022017,0.0635462786551642,0.3464669738863287,0.0776446460497501,32.0,5.700877125495689,7.6,9.4,3.2,0.0,0.0,1.4,1.2,1.4,3.0,5.2,,1.6,4.0,,3.6,5.8,2.8,-8.2,0.2345606229143492,0.1167134732671531,0.2934371523915461,0.0574300296353385,0.0919344244928227,0.0596145342637787,0.0,0.0,0.0,0.0,0.1627639175803803,0.0680902026779071,0.1300148312940304,0.1202858685375323,0.0485862598654589,0.0546484091860576,0.2685567032152127,0.1222393035797291,33.1,4.748099034818508,7.6,10.3,2.7,0.0,0.1,1.3,1.3,1.6,3.1,5.9,,1.4,3.3,,3.4,6.9,2.9,-2.7,0.223200414745699,0.1287119419484471,0.3093980020330936,0.0624981007324626,0.0777815966923747,0.0451127172140974,0.0,0.0,0.0027777777777777,0.0087841046115788,0.176170065420402,0.0550728738282209,0.1022273594459063,0.0945828088548215,0.0509468855338535,0.0420149555661749,0.2720969891104544,0.0902649655227092,,,,SAS,True,31.765500000000003,7.41047,9.577705,2.63671,0.0,1.3439250000000005,1.3439250000000005,1.3439250000000005,19.624885,16.988175,10.04718,12.214415,2.6878500000000005,7.85,6.508,2.484,0.65,16.842,0.742,0.604,1.06,4.117705671851741,2.617238239060403,1.5210996022614691,0.8071554992688832,5.228100611120639,0.8645438103416159,0.7557671599110402,1.0001999800039991
3064514,Julius Randle,MIN,2026-05-10,1.0,2.0,3.0,5.0,12.0,12,6,0,0,3,1,0,2,3,12,,6,6,,4,2,5,-11,31.0,0.3870967741935484,0.1935483870967742,0.0,0.0,0.0967741935483871,0.3870967741935484,0.1935483870967742,0.064516129032258,0.5367741935483871,0.0,33.0,7.211102550927981,15.0,7.0,1.3333333333333333,0.6666666666666666,3.6666666666666665,1.3333333333333333,0.0,4.0,5.0,14.0,,4.333333333333333,5.666666666666667,,3.333333333333333,3.6666666666666665,4.0,-13.333333333333334,0.4479121135297374,0.062621224034576,0.2075453371021165,0.0317626342058313,0.0409515206263173,0.0376525119719134,0.016260162601626,0.0281634277653476,0.1057299103456984,0.0369566981485122,0.415090674204233,0.0635252684116626,0.1750250118988645,0.0251901816545434,0.1238841779098794,0.0603577461833603,0.6159858573496129,0.0710643432416794,33.6,5.458937625582472,18.0,6.8,3.0,1.2,4.0,1.2,0.0,4.2,5.8,14.8,,5.2,6.8,,3.0,3.8,3.8,-8.2,0.5347945654151397,0.1790779493581857,0.2023988238828915,0.0655847480644435,0.0890979394028174,0.0734711595785446,0.0330669083717864,0.0305799141750751,0.115464973234446,0.0295539397925355,0.4346962964144317,0.052433123338647,0.2061974395717511,0.0791265817875831,0.1272021283675493,0.0461722370327447,0.6526252981935514,0.0860211592667252,32.8,4.211096452627668,17.9,6.7,3.3,1.1,3.8,0.6,0.1,2.9,6.0,14.8,,4.8,6.2,,2.0,4.7,3.3,-0.4,0.5458635409117314,0.1399454932034981,0.2022297324274114,0.0697720237073547,0.1003241756782276,0.0592375230279466,0.0328032954557344,0.0380249573196041,0.1157369261740819,0.0574031839091359,0.4497330572050281,0.0505520561435882,0.1894385000772687,0.0779498231878119,0.0887063800148969,0.0580920363229835,0.6217923772539232,0.0750102810861634,,,,SAS,True,33.13425,17.114376208178438,6.974512639405205,2.8394455390334574,0.92724312267658,0.739053903345725,0.1231756505576208,3.325742565055762,26.928334386617102,24.088888847583643,19.953821747211897,9.813958178438662,0.8622295539033458,12.122,5.614,2.518,1.092,20.254,0.516,0.162,1.578,4.942784235630764,2.277938541752169,1.591752493323004,1.0466785561957406,5.803919709989104,0.7111568040875373,0.3895587247129757,1.300736714327692
3934673,Donte DiVincenzo,MIN,2026-05-10,1.0,15.0,0.0,0.0,10.0,0,0,1,0,1,0,0,0,0,1,,0,0,,0,0,0,5,1.0,0.0,0.0,1.0,0.0,1.0,1.0,0.0,0.0,1.0,0.0,21.666666666666668,17.925772879665004,10.333333333333334,3.6666666666666665,4.666666666666667,2.333333333333333,5.333333333333333,1.6666666666666667,0.0,1.0,4.0,7.666666666666667,,0.0,0.6666666666666666,,0.0,3.6666666666666665,2.333333333333333,15.0,0.3235581622678397,0.2818963418325564,0.1156728576083414,0.11300509271027,0.4685565330726621,0.4603372202659246,0.0733137829912023,0.0662912290642657,0.4894102313457152,0.44226176822521,0.5614206581948518,0.3833379583252756,0.021505376344086,0.0372484044638468,0.0316063864450961,0.0322778062955266,0.6024894102313457,0.3448646001946516,20.8,15.106290080625357,9.2,3.2,3.8,2.4,5.6,1.4,0.0,0.8,3.4,7.4,,0.0,0.4,,0.0,3.2,2.2,9.2,0.3465542521994135,0.20184797013542,0.1202101661779081,0.0801605190810583,0.3690371456500488,0.369561105683879,0.0947947214076246,0.0553577321126581,0.4638074291300098,0.3448858376021127,0.5199169110459433,0.3011725733713533,0.0129032258064516,0.0288524900322553,0.0254154447702834,0.0268861633225318,0.5510097751710654,0.27543967770635,23.55555555555556,11.479450238481707,10.333333333333334,3.0,3.333333333333333,2.6666666666666665,6.777777777777778,1.2222222222222223,0.2222222222222222,1.0,3.6666666666666665,8.555555555555555,,0.3333333333333333,0.8888888888888888,,0.2222222222222222,2.7777777777777777,2.4444444444444446,4.0,0.3891056021664105,0.1897105098106498,0.1077296988340122,0.0801262706419584,0.2499480788783718,0.2974472386946271,0.1043051489998715,0.0513650793163912,0.3941232766007206,0.2579810957476388,0.4519045666153564,0.2290520898962123,0.0301569645284884,0.0696271601410804,0.0350567965201508,0.0251111577575058,0.5002304275280421,0.2083483384914685,,,,SAS,True,19.70005555555556,8.991913333333333,3.128313333333333,3.96452,2.10226,1.5153888888888891,0.0,0.9092333333333332,16.084746666666668,12.120226666666666,12.956433333333331,7.092833333333333,1.5153888888888891,10.848,2.944,2.26,1.702,16.052,0.75,0.048,0.638,5.285914868780995,1.6866724637581534,1.5467385040788244,1.3240830789644584,5.913484252113977,0.9096702699330126,0.25,0.796841263991769
4396971,Naz Reid,MIN,2026-05-10,1.0,2.0,3.0,5.0,13.0,18,9,5,4,8,0,2,0,6,13,,2,4,,2,7,4,3,32.0,0.5625,0.28125,0.15625,0.125,0.25,0.40625,0.125,0.0,0.46125,0.0,27.666666666666668,5.859465277082315,13.666666666666666,8.333333333333334,2.0,3.0,5.0,0.0,1.0,1.3333333333333333,5.0,9.333333333333334,,0.6666666666666666,1.3333333333333333,,1.0,7.333333333333333,3.6666666666666665,-2.6666666666666665,0.4954365079365079,0.0848842360058558,0.3048611111111111,0.0263797498794758,0.0631944444444444,0.0822938642463251,0.1115079365079365,0.0398468819167608,0.1801587301587301,0.0755303746220801,0.3354166666666667,0.0698149836671502,0.0416666666666666,0.0721687836487032,0.0539682539682539,0.0488723946613988,0.4077182539682539,0.0664590819305432,28.2,5.495452665613634,13.6,8.0,2.2,2.4,4.6,0.2,0.6,1.8,5.4,10.4,,0.4,1.0,,1.0,7.0,3.4,1.2,0.4854971988795518,0.064964788221768,0.2907598039215686,0.0524523833878694,0.0697794117647058,0.0647230323009269,0.089453781512605,0.0454895837604192,0.1674089635854341,0.0704283653799755,0.3693872549019607,0.0729550895636032,0.0308823529411764,0.0541328303508999,0.0691456582633053,0.0466217131767824,0.4521211484593837,0.0893995158344351,25.5,5.739725119240854,12.1,7.2,2.0,1.7,4.2,0.6,0.6,1.6,4.8,9.8,,0.8,1.4,,1.2,6.0,3.0,1.7,0.4638931683784625,0.1212639716947942,0.2826698179271709,0.0621577414037517,0.0769454170557111,0.0488772611852069,0.0676065981948334,0.0387449977498907,0.1674929971988795,0.0580135437528386,0.3844718720821662,0.0648777641794659,0.0498988484282601,0.0617036067507866,0.0687581699346405,0.0451512875459123,0.4751855353252412,0.0788600346120444,,,,SAS,True,27.608,13.409966355140185,8.189958878504672,2.246489719626168,2.233084112149532,0.258018691588785,0.51603738317757,1.6771214953271023,23.846414953271022,21.599925233644857,15.656456074766352,10.43644859813084,0.774056074766355,12.026,5.62,2.01,1.768,19.656,0.326,0.342,1.132,5.44695547989884,2.379831926838532,1.4511719401917884,1.283033904462388,6.057859688041644,0.5401148026114448,0.5907926878355892,1.038545136236264
4397002,Ayo Dosunmu,MIN,2026-05-10,1.0,2.0,2.0,4.0,13.0,11,7,5,3,8,1,0,4,4,12,,0,0,,1,6,3,-5,32.0,0.34375,0.21875,0.15625,0.09375,0.25,0.375,0.0,0.125,0.5,0.0,14.0,16.370705543744897,3.6666666666666665,2.333333333333333,1.6666666666666667,1.0,3.0,0.6666666666666666,0.3333333333333333,1.3333333333333333,1.3333333333333333,5.333333333333333,,0.0,0.0,,0.3333333333333333,2.0,1.0,-3.6666666666666665,0.171875,0.2430679560328757,0.109375,0.1546796083845572,0.078125,0.110485434560398,0.046875,0.0662912607362388,0.175,0.1060660171779821,0.3875,0.0176776695296637,0.0,0.0,0.0625,0.0883883476483184,0.45,0.0707106781186547,24.4,18.40652058374966,14.4,2.8,2.0,2.2,3.8,0.6,0.4,1.4,4.8,9.4,,2.6,2.6,,0.8,2.0,2.0,-3.6,0.4603109335839598,0.4255122844044481,0.0982338659147869,0.0904709430608018,0.0713306704260651,0.0723625827811604,0.0729362468671679,0.0513656845674314,0.15015664160401,0.0678166324739201,0.3870457393483709,0.0180153099495733,0.0780075187969925,0.1390257552654605,0.050360275689223,0.0542136116258366,0.4717293233082707,0.0690133279113575,23.0,14.944341180973264,13.5,2.1,2.9,1.6,3.3,0.4,0.2,1.2,4.9,9.0,,2.1,2.2,,0.7,1.4,1.8,-1.9,0.5135634650437282,0.302677207813981,0.0835629556846662,0.0837848584196447,0.1229257310671784,0.1006223560689925,0.0603504910659516,0.0464167894291138,0.1390260917810259,0.0705387497332085,0.3902909453485111,0.0358828995285877,0.0765209297281665,0.1054449567394822,0.0479464340484077,0.0364461600373016,0.4719065884773121,0.0780016987433442,,,,SAS,True,24.657666666666664,13.106384090909092,3.0252647727272723,3.0294454545454546,1.7447227272727273,0.4203011363636363,0.2802007575757576,1.4010037878787878,19.161094318181817,16.131648863636364,16.13582954545455,6.054710227272727,0.7005018939393939,12.69,2.704,2.17,1.604,17.564,0.358,0.206,0.85,5.7224033412544415,1.6924491129720858,1.456399670420177,1.256655879706135,6.195313067150036,0.6081414309188282,0.4599608679007379,0.9270922284217468
4431671,Jaden McDaniels,MIN,2026-05-10,1.0,2.0,3.0,5.0,12.0,17,7,2,3,8,1,1,1,5,22,,4,4,,4,3,4,-15,40.0,0.425,0.175,0.05,0.075,0.2,0.55,0.1,0.025,0.619,0.0,32.0,10.58300524425836,15.0,5.0,2.6666666666666665,1.0,3.6666666666666665,0.6666666666666666,1.0,1.3333333333333333,6.0,15.333333333333334,,2.0,2.333333333333333,,2.333333333333333,2.6666666666666665,4.666666666666667,-7.666666666666667,0.4898148148148147,0.0959171667672606,0.1546296296296296,0.0184953558846649,0.1018518518518518,0.0850441666904076,0.0249999999999999,0.0433012701892219,0.1018518518518518,0.0850441666904076,0.4796296296296296,0.0824646076970823,0.0685185185185185,0.0274049047906457,0.0509259259259259,0.0425220833452038,0.5607037037037037,0.1035810849154583,33.6,10.064790112068906,18.0,5.6,2.4,0.8,3.6,0.8,1.0,1.6,7.2,16.4,,2.8,3.6,,2.4,3.2,4.6,-6.4,0.5324074074074074,0.1208005134937624,0.1594444444444444,0.0419251243216131,0.0818518518518518,0.0669028737277521,0.0194444444444444,0.0325130553075545,0.1011111111111111,0.0606548625064719,0.4803703703703704,0.078388256728077,0.1048148148148148,0.0564070547884214,0.0601851851851851,0.0617114174183393,0.5866740740740741,0.081818077496435,34.7,7.165503781622367,16.8,6.3,2.6,0.5,3.2,0.5,1.1,1.4,7.0,15.4,,2.3,2.8,,2.5,3.8,4.2,-2.2,0.4833847999091901,0.1035285747178875,0.1780027200149151,0.0643282401637592,0.0802472111008696,0.0456177193222632,0.0121612466124661,0.0241171952635507,0.089703680557339,0.0474359436101424,0.4424763328421865,0.0889318397454588,0.0817915587427782,0.0591319244216091,0.0472916097916097,0.0496040154156306,0.5257562284806188,0.1011257186269943,,,,SAS,True,34.50125,16.774688172043014,5.869419354838709,2.542120967741935,0.822981182795699,0.6183019713261648,0.8656227598566308,1.607585125448029,25.186228494623656,22.64410752688172,19.31680913978495,8.411540322580645,1.4839247311827957,11.676,5.32,2.36,0.708,19.356,0.516,0.466,1.032,5.046089971453145,2.2885803459787035,1.506784656146989,0.854830977445249,5.846132396721784,0.7167593738487136,0.6759023598124214,1.0483205616604112
4432247,Jaylen Clark,MIN,2026-05-10,1.0,2.0,3.0,5.0,14.0,0,0,0,0,0,0,0,0,0,0,,0,0,,0,0,0,0,0.0,,,,,,,,,,0.0,7.333333333333333,7.505553499465136,1.6666666666666667,0.3333333333333333,0.3333333333333333,0.3333333333333333,1.3333333333333333,0.3333333333333333,0.0,0.0,0.6666666666666666,2.0,,0.0,0.0,,0.3333333333333333,0.0,0.3333333333333333,-3.0,0.2428571428571428,0.0606091526731326,0.0714285714285714,0.101015254455221,0.0333333333333333,0.0471404520791031,0.0333333333333333,0.0471404520791031,0.1333333333333333,0.1885618083164126,0.2380952380952381,0.1346870059402947,0.0,0.0,0.0,0.0,0.2380952380952381,0.1346870059402947,9.0,5.78791845139511,1.6,0.8,0.6,0.4,1.4,0.2,0.2,0.0,0.6,2.0,,0.0,0.0,,0.4,0.4,1.2,0.2,0.1839285714285714,0.1275588432975203,0.1001082251082251,0.0738552117676312,0.0602272727272727,0.0414087518050032,0.0375,0.0438325939946097,0.1291666666666666,0.1493039405597409,0.2042748917748917,0.1085830120963673,0.0,0.0,0.0,0.0,0.2042748917748917,0.1085830120963673,8.7,9.58065179874986,1.8,0.8,0.6,0.4,1.4,0.2,0.2,0.2,0.7,2.0,,0.0,0.0,,0.3,0.5,0.9,-1.0,0.1948412698412698,0.1051121490123402,0.0972943722943722,0.0576154128970888,0.0651515151515151,0.0333883842929437,0.0361111111111111,0.0400231414540619,0.125,0.1373357604963511,0.20007215007215,0.1086784157262346,0.0,0.0,0.0194444444444444,0.0340206908719885,0.2195165945165945,0.1020268733875988,,,,SAS,True,9.1375,1.5426666666666669,0.7033333333333334,0.5375,0.3716666666666667,0.2030555555555555,0.2030555555555555,0.0,2.7835000000000005,2.2460000000000004,2.080166666666667,1.2408333333333332,0.4061111111111111,2.45,0.83,0.562,0.338,3.842,0.126,0.14,0.044,2.4906826373506523,0.9450396817065408,0.7170467209324647,0.5964528480944659,2.7366103120466385,0.3607270436216281,0.352703841770968,0.25
4432847,Terrence Shannon Jr.,MIN,2026-05-10,1.0,2.0,3.0,5.0,14.0,5,2,2,1,3,0,0,1,2,6,,0,0,,0,2,2,19,28.0,0.1785714285714285,0.0714285714285714,0.0714285714285714,0.0357142857142857,0.1071428571428571,0.2142857142857142,0.0,0.0357142857142857,0.25,0.0,29.33333333333333,5.131601439446886,11.0,4.0,1.3333333333333333,0.3333333333333333,2.6666666666666665,0.0,0.0,0.6666666666666666,3.6666666666666665,10.333333333333334,,3.333333333333333,4.0,,0.6666666666666666,3.333333333333333,3.333333333333333,-3.333333333333333,0.3719047619047619,0.1678211714243209,0.138095238095238,0.0644178536117556,0.0466666666666666,0.0221927241861543,0.0119047619047619,0.020619652471058,0.0985714285714285,0.066132211423444,0.3552380952380953,0.1335949813713788,0.1295238095238095,0.1172937471873573,0.0252380952380952,0.0219616239192384,0.4374666666666666,0.1728075615629518,27.4,8.677557259966655,14.4,3.8,1.0,0.8,3.8,0.4,0.0,0.6,5.2,12.2,,3.2,3.6,,0.8,3.0,2.6,-1.4,0.5745714285714286,0.331198195795145,0.1314285714285714,0.0583794764048644,0.0337142857142857,0.0257460121738715,0.0414285714285714,0.058988065205893,0.1562857142857143,0.0966985638202448,0.4702857142857143,0.1905052358806948,0.1205714285714285,0.0875610574142991,0.0294285714285714,0.0301966344928351,0.5527657142857143,0.2098495305436439,20.7,14.252095362515025,12.4,2.3,1.1,1.0,3.4,0.3,0.0,0.6,4.1,9.3,,3.2,3.8,,0.5,1.8,1.8,1.1,0.6082142857142858,0.2778202850534351,0.0964285714285714,0.0743288728631604,0.0433928571428571,0.046221279791232,0.0660714285714285,0.0754722739815204,0.1717857142857143,0.081375743694344,0.4341071428571428,0.1866545077082614,0.1485714285714285,0.1674852589135914,0.0291071428571428,0.0349421637924102,0.5285857142857142,0.2442373013251673,,,,SAS,True,25.7745,12.682531249999998,3.35648125,1.0449687499999998,0.8289687499999998,0.3579791666666665,0.0,0.5369687499999999,17.083981249999997,16.0390125,13.7275,4.40145,0.3579791666666665,10.626,3.578,1.342,0.978,15.546,0.306,0.102,0.552,4.931746546610034,1.905758641591322,1.0995617308728054,0.9785274651229776,5.443885009806875,0.5516919430261783,0.3155883394550565,0.7261514993443173
4592492,Bones Hyland,MIN,2026-05-10,1.0,2.0,3.0,5.0,14.0,0,0,0,0,0,0,0,0,0,0,,0,0,,0,0,0,0,0.0,,,,,,,,,,0.0,7.666666666666667,6.658328118479396,0.0,0.6666666666666666,1.3333333333333333,0.0,1.6666666666666667,0.3333333333333333,0.3333333333333333,0.3333333333333333,0.0,3.0,,0.0,0.0,,0.0,0.6666666666666666,0.0,-6.333333333333333,0.0,0.0,0.0871212121212121,0.0053568695544427,0.1742424242424242,0.0107137391088864,0.0,0.0,0.2121212121212121,0.1714198257421932,0.3863636363636364,0.1607060866333064,0.0,0.0,0.0454545454545454,0.0642824346533225,0.4318181818181818,0.0964236519799837,11.0,8.215838362577491,3.2,1.0,1.2,0.6,3.0,0.4,0.2,0.8,1.0,4.2,,0.6,0.8,,0.4,0.6,0.4,-3.6,0.1908212560386473,0.3119965196612085,0.1099857268335529,0.0776628226020806,0.1257685551163812,0.0627182838141744,0.0326086956521739,0.0652173913043478,0.2654808959156785,0.1171805727516732,0.3743412384716732,0.0967555644324775,0.0772946859903381,0.1049544008811615,0.0553359683794466,0.0659024980258224,0.4636868686868686,0.0849826380535085,10.5,7.619419633774974,4.3,1.1,1.5,0.8,2.9,0.4,0.1,0.7,1.4,4.3,,0.7,0.8,,0.2,0.9,1.0,-1.3,0.3579106280193236,0.4508525813347251,0.1195761967501098,0.0968838472084189,0.1316342775581906,0.1188943125949025,0.0704710144927536,0.1102346194149112,0.2723237812911726,0.0952016360403597,0.4225872859025033,0.1092712002885645,0.076147342995169,0.0930106061237558,0.0568346508563899,0.0623515984422565,0.5129267676767677,0.1014854112423609,,,,SAS,True,10.3625,3.4655250000000004,0.92975,1.3806250000000002,0.6454,0.4145,0.103625,0.725375,5.775900000000001,4.395275000000001,4.846150000000001,2.310375,0.518125,3.784,1.132,1.02,0.444,5.936,0.284,0.088,0.414,3.183291378432078,1.0230229713940933,1.0254754994635416,0.6773950103152518,3.5275918131212403,0.4932990979111962,0.2832948993540123,0.6469961360008265
4592699,Enrique Freeman,MIN,2026-05-10,1.0,28.0,0.0,0.0,6.0,13,7,2,2,4,2,2,2,4,8,,3,4,,2,5,5,25,26.0,0.5,0.2692307692307692,0.0769230769230769,0.0769230769230769,0.1538461538461538,0.3076923076923077,0.1538461538461538,0.0769230769230769,0.4523076923076923,0.0,8.666666666666666,15.011106998930272,4.333333333333333,2.333333333333333,0.6666666666666666,0.6666666666666666,1.3333333333333333,0.6666666666666666,0.6666666666666666,0.6666666666666666,1.3333333333333333,2.6666666666666665,,1.0,1.3333333333333333,,0.6666666666666666,1.6666666666666667,1.6666666666666667,8.333333333333334,0.5,,0.2692307692307692,,0.0769230769230769,,0.0769230769230769,,0.1538461538461538,,0.3076923076923077,,0.1538461538461538,,0.0769230769230769,,0.4523076923076923,,5.8,11.366617790706258,2.6,1.4,0.4,0.4,0.8,0.4,0.4,0.4,0.8,1.6,,0.6,0.8,,0.4,1.0,1.0,4.0,0.25,0.3535533905932738,0.1346153846153846,0.1903749026271474,0.0384615384615384,0.0543928293220421,0.0384615384615384,0.0543928293220421,0.0769230769230769,0.1087856586440842,0.1538461538461538,0.2175713172881684,0.0769230769230769,0.1087856586440842,0.0384615384615384,0.0543928293220421,0.2261538461538461,0.3198298364136076,5.8,11.366617790706258,2.6,1.4,0.4,0.4,0.8,0.4,0.4,0.4,0.8,1.6,,0.6,0.8,,0.4,1.0,1.0,4.0,0.25,0.3535533905932738,0.1346153846153846,0.1903749026271474,0.0384615384615384,0.0543928293220421,0.0384615384615384,0.0543928293220421,0.0769230769230769,0.1087856586440842,0.1538461538461538,0.2175713172881684,0.0769230769230769,0.1087856586440842,0.0384615384615384,0.0543928293220421,0.2261538461538461,0.3198298364136076,,,,SAS,True,9.69,4.68,2.52,0.72,0.72,0.2131799999999999,0.17442,0.5813999999999999,7.919999999999999,7.199999999999999,5.4,3.2399999999999998,0.3875999999999999,3.858,1.818,0.588,0.468,6.264,0.174,0.122,0.356,2.92879429117171,1.3434567354403342,0.7551529646369667,0.6426320875897811,3.323598050306324,0.4143959459261154,0.3508788964870928,0.6142182022701704
4592979,Zyon Pullin,MIN,2026-05-10,1.0,13.0,0.0,1.0,7.0,0,0,0,0,0,0,0,0,0,0,,0,0,,0,0,0,0,0.0,,,,,,,,,,0.0,10.333333333333334,17.897858344878397,6.333333333333333,1.0,1.6666666666666667,0.3333333333333333,1.0,0.0,0.0,0.0,2.6666666666666665,4.0,,0.6666666666666666,0.6666666666666666,,0.3333333333333333,0.6666666666666666,1.3333333333333333,4.333333333333333,0.6129032258064516,,0.0967741935483871,,0.1612903225806451,,0.032258064516129,,0.0967741935483871,,0.3870967741935484,,0.064516129032258,,0.0,,0.415483870967742,,6.8,13.590437814875576,3.8,0.6,1.0,0.2,0.6,0.0,0.0,0.0,1.6,2.4,,0.4,0.4,,0.2,0.4,0.8,1.6,0.3064516129032258,0.4333880271788516,0.0483870967741935,0.0684296885019239,0.0806451612903225,0.11404948083654,0.0161290322580645,0.0228098961673079,0.0483870967741935,0.0684296885019239,0.1935483870967742,0.2737187540076958,0.032258064516129,0.0456197923346159,0.0,0.0,0.207741935483871,0.2937914626349268,6.0,12.312595177297109,3.1666666666666665,0.5,1.0,0.1666666666666666,0.5,0.0,0.0,0.1666666666666666,1.3333333333333333,2.0,,0.3333333333333333,0.3333333333333333,,0.1666666666666666,0.3333333333333333,0.6666666666666666,1.6666666666666667,0.2043010752688172,0.3538598424065448,0.032258064516129,0.0558726066957702,0.2204301075268817,0.2551923502431358,0.010752688172043,0.0186242022319234,0.032258064516129,0.0558726066957702,0.1290322580645161,0.2234904267830809,0.021505376344086,0.0372484044638468,0.1666666666666666,0.2886751345948129,0.3051612903225806,0.267634646206645,,,,SAS,True,8.0,3.863333333333333,0.61,1.05,0.2033333333333333,0.176,0.144,0.48,5.5233333333333325,4.473333333333333,4.913333333333333,1.66,0.3199999999999999,2.77,0.678,0.872,0.262,4.32,0.148,0.116,0.316,2.6338375044789686,0.8260242127201841,0.9484808906878408,0.5341872330934164,3.0320949853195565,0.3874222502644886,0.3384434960226005,0.5514925203481912
4594268,Anthony Edwards,MIN,2026-05-10,1.0,2.0,3.0,3.0,9.0,32,14,6,3,9,0,1,2,12,26,,5,6,,1,13,5,-10,41.0,0.7804878048780488,0.3414634146341463,0.1463414634146341,0.073170731707317,0.2195121951219512,0.6341463414634146,0.1463414634146341,0.048780487804878,0.7473170731707317,0.0,30.0,9.539392014169454,20.666666666666668,6.666666666666667,3.0,2.0,5.666666666666667,0.0,0.6666666666666666,2.333333333333333,8.333333333333334,17.333333333333332,,2.0,2.6666666666666665,,0.6666666666666666,6.0,3.0,-15.0,0.666829268292683,0.1476099495428584,0.1954878048780487,0.1264433034318084,0.088780487804878,0.0780060858834758,0.0649457994579945,0.0204474507944283,0.1826151761517615,0.0545136400464081,0.5652710027100271,0.0606235954674953,0.0765582655826558,0.0734056001668393,0.0851490514905149,0.0707327041016266,0.6841056910569105,0.1074849250897754,26.4,8.61974477580398,16.8,5.6,2.4,1.8,5.6,0.0,0.4,1.8,6.4,15.0,,2.2,2.6,,0.4,5.2,2.8,-7.4,0.597319783197832,0.2076675236430228,0.1922926829268292,0.090719953088028,0.0782682926829268,0.0721304299807564,0.0667452574525745,0.0176513761869568,0.2095691056910569,0.0795003461834873,0.5530514905149051,0.0786931835722624,0.0931571815718157,0.0568762801594514,0.0677560975609756,0.0627441519769807,0.6617967479674797,0.125786212784197,29.625,8.733147035453895,19.75,6.125,3.0,2.125,6.875,0.125,0.875,2.25,7.0,16.625,,3.625,4.375,,0.5,5.625,3.0,-5.75,0.6412951374031284,0.1804697957672106,0.1902974492464222,0.0863373920376378,0.0920828876051918,0.0680188581146428,0.071558622165169,0.0217012249576757,0.2273683616222127,0.0657276218049203,0.5510969963866306,0.0696147387949816,0.1371523320496362,0.0753904919477063,0.0769845005467598,0.0560222052883198,0.6884285230352304,0.1074004664942317,,,,SAS,True,29.738083333333336,20.158075,6.856025000000001,2.7483250000000004,2.08685,0.1728958333333333,0.6915833333333333,1.9018541666666664,29.762425,27.0141,22.9064,9.60435,0.8644791666666667,13.57,5.216,2.174,1.506,20.96,0.216,0.508,1.088,5.581137876813293,2.3137294569590456,1.4695999455634177,1.2288059244648846,6.201806188522824,0.4618917622127504,0.7361630254230377,1.033564705279742
5105553,Julian Phillips,MIN,2026-05-10,1.0,2.0,3.0,5.0,15.0,0,0,0,0,0,0,0,0,0,0,,0,0,,0,0,0,0,0.0,,,,,,,,,,0.0,3.333333333333333,5.773502691896257,1.0,0.0,0.3333333333333333,0.3333333333333333,0.3333333333333333,0.0,0.0,0.0,0.3333333333333333,1.0,,0.0,0.0,,0.0,0.0,0.3333333333333333,-0.3333333333333333,0.3,,0.0,,0.1,,0.1,,0.1,,0.3,,0.0,,0.0,,0.3,,2.6,4.33589667773576,0.6,0.0,0.2,0.2,0.2,0.0,0.0,0.0,0.2,0.6,,0.0,0.0,,0.0,0.0,0.2,1.0,0.15,0.2121320343559642,0.0,0.0,0.05,0.0707106781186547,0.05,0.0707106781186547,0.05,0.0707106781186547,0.15,0.2121320343559642,0.0,0.0,0.0,0.0,0.15,0.2121320343559642,4.0,8.339997335464535,1.9,0.2,0.2,0.2,0.6,0.2,0.0,0.1,0.7,1.5,,0.3,0.6,,0.1,0.1,0.6,0.7,0.2288461538461538,0.2939478277582384,0.2596153846153846,0.4939226316691215,0.0346153846153846,0.0472101349731332,0.0346153846153846,0.0472101349731332,0.073076923076923,0.0924144681586671,0.1903846153846153,0.2295158268897799,0.0576923076923076,0.1153846153846154,0.0096153846153846,0.0192307692307692,0.2253846153846154,0.2878979109000127,,,,SAS,True,6.833333333333334,1.2345714285714289,0.3088571428571428,0.3768571428571428,0.3768571428571428,0.4880952380952381,0.0,0.0,1.9202857142857144,1.5434285714285716,1.6114285714285714,0.6857142857142857,0.4880952380952381,0.802,0.222,0.25,0.122,1.274,0.116,0.0,0.0,1.4180253876429718,0.4698042145404829,0.4811444689487763,0.3333406665860017,1.5175387968681393,0.3324815784370616,1.3,1.5
5157587,Rocco Zikarsky,MIN,2026-05-10,1.0,28.0,0.0,0.0,4.0,8,9,2,0,0,0,2,1,2,3,,4,4,,0,9,2,7,20.0,0.4,0.45,0.1,0.0,0.0,0.15,0.2,0.05,0.288,0.0,6.666666666666667,11.547005383792516,2.6666666666666665,3.0,0.6666666666666666,0.0,0.0,0.0,0.6666666666666666,0.3333333333333333,0.6666666666666666,1.0,,1.3333333333333333,1.3333333333333333,,0.0,3.0,0.6666666666666666,2.333333333333333,0.4,,0.45,,0.1,,0.0,,0.0,,0.15,,0.2,,0.05,,0.288,,6.666666666666667,11.547005383792516,2.6666666666666665,3.0,0.6666666666666666,0.0,0.0,0.0,0.6666666666666666,0.3333333333333333,0.6666666666666666,1.0,,1.3333333333333333,1.3333333333333333,,0.0,3.0,0.6666666666666666,2.333333333333333,0.4,,0.45,,0.1,,0.0,,0.0,,0.15,,0.2,,0.05,,0.288,,6.666666666666667,11.547005383792516,2.6666666666666665,3.0,0.6666666666666666,0.0,0.0,0.0,0.6666666666666666,0.3333333333333333,0.6666666666666666,1.0,,1.3333333333333333,1.3333333333333333,,0.0,3.0,0.6666666666666666,2.333333333333333,0.4,,0.45,,0.1,,0.0,,0.0,,0.15,,0.2,,0.05,,0.288,,,,,SAS,True,8.666666666666668,3.4666666666666663,3.9,0.8666666666666666,0.0,0.1906666666666666,0.156,0.52,8.233333333333333,7.366666666666666,4.333333333333333,4.766666666666667,0.3466666666666667,2.092,2.366,0.794,0.064,5.252,0.18,0.118,0.332,2.086992093899735,1.5257929086216122,0.8874480266471947,0.275506805723561,2.7306585286337066,0.428485705712571,0.3465198407017988,0.5777335025770965
5279133,Joan Beringer,MIN,2026-05-10,1.0,2.0,3.0,5.0,15.0,0,0,0,0,0,0,0,0,0,0,,0,0,,0,0,0,0,0.0,,,,,,,,,,0.0,2.6666666666666665,4.618802153517007,2.333333333333333,1.0,0.0,0.0,0.0,0.0,0.0,0.3333333333333333,1.0,1.3333333333333333,,0.3333333333333333,0.6666666666666666,,0.3333333333333333,0.6666666666666666,0.0,-0.3333333333333333,0.875,,0.375,,0.0,,0.0,,0.0,,0.5,,0.25,,0.125,,0.735,,2.2,3.492849839314596,1.8,0.8,0.0,0.0,0.0,0.2,0.0,0.4,0.6,0.8,,0.6,0.8,,0.2,0.6,0.0,1.0,0.7708333333333333,0.1473139127471974,0.3541666666666666,0.0294627825494395,0.0,0.0,0.0,0.0,0.0,0.0,0.2499999999999999,0.3535533905932738,0.4583333333333333,0.2946278254943947,0.2291666666666666,0.1473139127471973,0.6808333333333334,0.0766032346285427,4.3,9.71882480321338,3.3,1.9,0.2,0.0,0.0,0.1,0.7,0.2,1.2,1.7,,0.9,1.3,,0.9,1.0,0.3,0.4,0.5789650537634409,0.395239573293394,0.7819220430107527,0.8128112258238672,0.0161290322580645,0.032258064516129,0.0,0.0,0.0,0.0,0.471774193548387,0.412132807801129,0.301747311827957,0.2750914299497031,0.1145833333333333,0.1572882174014739,0.7191263440860215,0.2077050898584443,,,,SAS,True,6.6,3.766,2.364,0.016,0.0,0.5499999999999999,0.0,1.1,6.146,6.13,3.782,2.38,0.5499999999999999,0.868,0.878,0.054,0.022,1.8,0.122,0.0,0.242,1.306359827918786,0.9290403651079968,0.25,0.25,1.58871016865884,0.3451318588597697,1.3,0.4933923388136463
2528426,Jordan Clarkson,NYK,2026-05-10,0.0,2.0,3.0,5.0,14.0,4,5,3,0,0,1,0,2,2,3,,0,0,,2,3,1,11,13.0,0.3076923076923077,0.3846153846153846,0.2307692307692307,0.0,0.0,0.2307692307692307,0.0,0.1538461538461538,0.3846153846153846,0.0,11.666666666666666,3.21455025366432,4.0,4.0,1.0,0.0,0.6666666666666666,0.6666666666666666,0.0,2.333333333333333,1.6666666666666667,3.0,,0.6666666666666666,0.6666666666666666,,1.6666666666666667,2.333333333333333,1.3333333333333333,5.333333333333333,0.4001831501831502,0.3139610313452887,0.3841575091575091,0.241071754693329,0.0769230769230769,0.1332346775052982,0.0,0.0,0.0654761904761904,0.0627122247193615,0.2912087912087912,0.1860845518887485,0.0833333333333333,0.1443375672974064,0.1881868131868131,0.0856839020535752,0.5160622710622711,0.1908751694547361,12.4,3.0495901363953823,5.6,2.4,1.0,0.0,0.8,0.6,0.0,1.6,2.0,4.0,,1.6,1.8,,1.0,1.4,1.4,10.4,0.4798826173826173,0.24875239437758,0.2304945054945054,0.2707967743679581,0.0768356643356643,0.094745124030508,0.0,0.0,0.0699675324675324,0.0458815748102324,0.3349525474525475,0.1469134191190945,0.1602272727272727,0.1593139670042919,0.1254120879120879,0.1074611361634202,0.5308646353646354,0.1380601765433945,13.8,3.794733192202056,6.0,2.4,0.7,0.0,0.9,0.5,0.0,0.9,2.4,5.2,,1.2,1.5,,1.5,0.9,1.8,6.8,0.4691971019176901,0.2308347505404594,0.2093983222659693,0.2132166570540004,0.0533910941999177,0.0735177466885596,0.0,0.0,0.066851285968933,0.0427991773352047,0.391570684217743,0.1705182040675911,0.1184635217723453,0.1275747350331651,0.0685883968972204,0.0950140737163765,0.5122830306947954,0.1656694773584854,,,,PHI,False,13.013749999999998,5.5012297297297295,2.644547297297297,0.9180675675675676,0.0,0.3517229729729729,0.0,1.0551689189189188,9.063844594594594,8.145777027027027,6.419297297297297,3.562614864864865,0.3517229729729729,5.242,2.572,0.954,0.456,8.768,0.248,0.028,0.578,3.5512583685223467,1.5610304289154648,1.0256139624634604,0.7043181099474868,3.9352478956223327,0.4800999895855029,0.25,0.7509434066559211
3062679,Josh Hart,NYK,2026-05-10,0.0,2.0,3.0,5.0,13.0,12,11,3,0,4,1,0,4,6,12,,0,2,,2,9,4,5,40.0,0.3,0.275,0.075,0.0,0.1,0.3,0.05,0.1,0.422,0.0,36.66666666666666,9.451631252505214,8.333333333333334,8.666666666666666,5.0,0.6666666666666666,3.6666666666666665,2.333333333333333,0.3333333333333333,3.0,3.6666666666666665,8.333333333333334,,0.3333333333333333,1.3333333333333333,,1.0,7.666666666666667,2.6666666666666665,11.333333333333334,0.2404428904428904,0.1098850050277974,0.2472610722610722,0.0780876430727168,0.1473776223776224,0.0784665166140735,0.0203962703962703,0.0193364335932832,0.0968531468531468,0.0185578384751268,0.2351981351981351,0.0869648205335494,0.0423076923076923,0.0390341983272777,0.0764568764568764,0.0332173966327852,0.3302703962703963,0.0978514417733047,33.4,8.1117199162693,9.6,7.2,4.2,1.0,3.8,1.4,0.2,2.4,4.0,8.6,,0.6,1.4,,0.8,6.4,2.2,16.8,0.307969437969438,0.1433730795722259,0.2187270137270137,0.0679582068049041,0.1299080549080549,0.0639505898523904,0.0337192437192437,0.0269673943981522,0.1144081844081844,0.027883109508389,0.2685262885262885,0.0849024920626368,0.0461253561253561,0.0299816774538478,0.0673556073556073,0.0302404658552681,0.3561770525770525,0.0905779001501348,34.0,6.110100926607787,8.9,8.5,4.3,0.7,3.5,1.7,0.1,2.1,3.4,8.3,,1.4,2.3,,0.7,7.8,2.3,12.6,0.2738296560877206,0.1472865132505977,0.2492097932420513,0.0884715605207206,0.1269544841319035,0.0511248622266935,0.0229425711683776,0.024007387673772,0.103654874783907,0.0464004388642366,0.248738068496133,0.0914767626999037,0.0708012922529051,0.0548941843684212,0.0600586315102444,0.0238429648673642,0.3399492685976557,0.0897976197811774,,,,PHI,False,35.012249999999995,9.54725,8.54365,4.4822,0.8146499999999999,1.539,0.1282499999999999,2.18025,22.5731,18.0909,14.02945,13.025849999999998,1.66725,9.712,8.102,3.814,0.932,21.628,0.79,0.172,1.344,4.572642124636477,2.7465607584759524,1.8513249309616076,0.9712754501170098,5.5108634532167455,0.9109884741312592,0.3929580130242924,1.1548437123697737
3136195,Karl-Anthony Towns,NYK,2026-05-10,0.0,2.0,3.0,5.0,13.0,8,12,7,0,2,0,1,1,3,8,,2,2,,4,8,5,3,26.0,0.3076923076923077,0.4615384615384615,0.2692307692307692,0.0,0.0769230769230769,0.3076923076923077,0.0769230769230769,0.0384615384615384,0.38,0.0,24.33333333333333,3.7859388972001904,15.0,9.333333333333334,6.666666666666667,1.3333333333333333,2.6666666666666665,0.3333333333333333,1.0,2.333333333333333,5.333333333333333,9.0,,3.0,3.6666666666666665,,2.6666666666666665,6.666666666666667,4.333333333333333,6.666666666666667,0.6328110161443495,0.2868118326928185,0.3773029439696106,0.0809920617812937,0.2761633428300095,0.0212366998744563,0.0623456790123456,0.0781370303951702,0.1213200379867046,0.1132105273914711,0.3846628679962013,0.1432994859843037,0.1367521367521368,0.1745348534757447,0.0998575498575498,0.0566143893480929,0.5446913580246914,0.1602062000059533,27.0,5.0,14.6,10.6,7.2,1.0,2.4,1.2,1.2,2.6,4.4,7.6,,4.8,5.4,,2.6,8.0,3.6,13.2,0.5595185424597189,0.2267670396077792,0.3873061361296656,0.059263511145937,0.2724206947736359,0.0658184716241819,0.0432897603485838,0.0619814029778447,0.0975819387584093,0.0883723731556644,0.3005456199573847,0.1550188775213991,0.1887739711269123,0.156159452899574,0.0989901601666307,0.0406040911388877,0.4825963274198568,0.1421937991155167,29.5,4.527692569068707,17.9,10.6,6.1,1.3,2.9,1.1,1.3,2.7,5.7,9.7,,5.2,5.7,,2.7,7.9,3.7,12.3,0.612521579915089,0.1726457735551452,0.3592409960259859,0.0867230256551607,0.2171280436189158,0.1030775569132429,0.046340927872368,0.0449096279377559,0.1013381449892606,0.0623752697720793,0.334737743287439,0.1108038549879143,0.1900382241153032,0.1340136047819005,0.0925235391158312,0.0399709673623601,0.5108781010140037,0.115261104015507,,,,PHI,False,27.4075,15.11235344827586,10.40956896551724,6.401836206896551,1.0419331896551725,1.1813577586206896,1.1813577586206896,2.480851293103448,31.923758620689654,25.521922413793103,21.51418965517241,16.811405172413792,2.362715517241379,12.646,8.04,3.948,1.448,24.634,0.582,0.642,1.378,5.020028286772894,2.75506805723561,1.9983232971669025,1.0692502045826318,5.9548336668625765,0.7741291881850212,0.7961381789614163,1.1794558067176577
3147657,Mikal Bridges,NYK,2026-05-10,0.0,2.0,3.0,5.0,14.0,23,3,1,2,4,2,0,0,8,14,,5,5,,0,3,3,15,37.0,0.6216216216216216,0.081081081081081,0.027027027027027,0.054054054054054,0.1081081081081081,0.3783783783783784,0.1351351351351351,0.0,0.4378378378378378,0.0,34.0,6.082762530298219,19.33333333333333,3.333333333333333,2.6666666666666665,1.6666666666666667,3.6666666666666665,1.3333333333333333,0.3333333333333333,0.0,8.0,12.333333333333334,,1.6666666666666667,1.6666666666666667,,0.6666666666666666,2.6666666666666665,2.0,13.666666666666666,0.574978487259189,0.0878147477488316,0.0955780341745254,0.0313739358368513,0.0882812637198602,0.0848921419583624,0.055055055055055,0.0555623186641758,0.1153082907468872,0.0665694870356259,0.3636180039688811,0.0190559849119537,0.045045045045045,0.0780203066472467,0.0,0.0,0.3834378237887009,0.0491858741697542,31.2,5.761944116355171,17.8,3.2,2.4,1.6,3.2,1.0,0.4,0.2,7.4,11.0,,1.4,1.4,,0.6,2.6,2.4,18.4,0.574616721985143,0.2311063481678974,0.1017912649491596,0.0575154682989585,0.0825983878615457,0.0659527270904714,0.0552552552552552,0.0414141104209105,0.1062220114851693,0.0504184187469683,0.351504135714662,0.0814220680731349,0.0418418418418418,0.0612265762441729,0.0074074074074074,0.0165634664999984,0.3773219535324799,0.0849008387768214,26.5,11.413929112175955,11.8,2.2,1.8,1.1,2.8,0.7,0.2,0.6,4.8,8.1,,1.1,1.1,,0.3,1.9,2.0,7.0,0.434239612419437,0.258839113563483,0.0834850619207344,0.0503689397039503,0.0717961852830273,0.0510613214494488,0.0401755922589255,0.0379109642351625,0.1015011460917893,0.0557372901607654,0.2958249341655774,0.095890268751793,0.0409473801286666,0.0532217705842259,0.0287514697236919,0.0624396314945018,0.3425932511458827,0.075468276501007,,,,PHI,False,30.974250000000005,15.670535836909874,2.7992403433476394,2.215954291845493,1.42962017167382,0.7976201716738198,0.2658733905579399,0.6646834763948499,20.685730472103003,18.46977618025751,17.88649012875537,5.015194635193133,1.0634935622317598,14.468,3.924,2.346,1.578,20.738,0.492,0.208,0.614,5.859776104937798,1.9713508059196363,1.4731883789929925,1.2585372461711255,6.394165778270063,0.673747727268894,0.4698254995208327,0.7490020026675497
3914044,Landry Shamet,NYK,2026-05-10,0.0,2.0,3.0,5.0,13.0,15,3,0,2,3,1,0,2,5,6,,3,4,,2,1,3,20,26.0,0.5769230769230769,0.1153846153846153,0.0,0.0769230769230769,0.1153846153846153,0.2307692307692307,0.1538461538461538,0.0769230769230769,0.3753846153846153,0.0,15.333333333333334,9.451631252505218,6.0,1.0,0.6666666666666666,1.0,2.0,0.6666666666666666,0.0,1.0,2.0,3.333333333333333,,1.0,1.3333333333333333,,0.6666666666666666,0.3333333333333333,1.6666666666666667,11.333333333333334,0.2756410256410256,0.289314976830686,0.0384615384615384,0.0666173387526491,0.0555555555555555,0.0962250448649376,0.0534188034188034,0.0463729367825015,0.1217948717948718,0.1251232134355329,0.188034188034188,0.1707263620122921,0.0512820512820512,0.0888231183368655,0.0534188034188034,0.0463729367825015,0.264017094017094,0.2295753065759398,13.0,8.366600265340756,4.6,0.8,0.6,0.8,2.0,0.4,0.0,0.6,1.6,3.2,,0.6,0.8,,0.4,0.4,1.4,6.4,0.232051282051282,0.2435222578581284,0.0364102564102564,0.0527482702384565,0.0833333333333333,0.1178511301977579,0.0453846153846153,0.0418546057326883,0.163076923076923,0.1064697084459615,0.2294871794871794,0.1366151824900329,0.0307692307692307,0.0688020916153781,0.032051282051282,0.0439465038487246,0.275076923076923,0.165679859701127,12.8,8.941787044856055,3.7,0.6,0.5,0.8,2.2,0.3,0.0,0.6,1.3,3.1,,0.3,0.4,,0.3,0.3,1.2,3.4,0.2362637362637362,0.2624999995562964,0.0273321123321123,0.040345095011959,0.0507936507936507,0.0874577727474315,0.0603907203907203,0.075663082241469,0.1621733821733821,0.1037410234623369,0.2080769230769231,0.1295838261647898,0.0153846153846153,0.0486504255410519,0.061025641025641,0.0931667057733096,0.2758717948717948,0.1635354092621779,,,,PHI,False,13.734000000000002,5.172809756097562,0.8619707317073171,0.5054780487804879,0.9184634146341464,0.3349756097560976,0.0,1.004926829268293,6.540258536585368,6.03478048780488,5.6782878048780505,1.367448780487805,0.3349756097560976,5.682,1.31,0.93,0.856,7.922,0.184,0.046,0.594,3.963947022854872,1.1304423912787418,1.0005498488331304,0.979420236670654,4.166523250865162,0.4173056433838393,0.25,0.7753476639546933
3934672,Jalen Brunson,NYK,2026-05-10,0.0,2.0,3.0,5.0,13.0,33,5,9,3,8,0,0,3,11,22,,8,9,,0,5,2,13,38.0,0.868421052631579,0.131578947368421,0.2368421052631578,0.0789473684210526,0.2105263157894736,0.5789473684210527,0.2368421052631578,0.0789473684210526,0.7621052631578947,0.0,36.66666666666666,5.131601439446885,31.33333333333333,2.333333333333333,6.0,2.333333333333333,6.333333333333333,1.0,0.0,2.333333333333333,10.666666666666666,20.33333333333333,,7.666666666666667,8.333333333333334,,0.0,2.333333333333333,1.0,15.666666666666666,0.8771998840531698,0.2475597271839154,0.062742418595663,0.0597438400206611,0.1599859207420596,0.0710238226572898,0.0667039352906262,0.0377131977257458,0.1753419741328143,0.047010552271729,0.5572625505541983,0.0390387687538958,0.2300095242039007,0.0320227222811518,0.0614587215481662,0.0254529204858228,0.7199254627520809,0.0457929897349286,34.8,4.919349550499536,30.0,2.4,6.8,2.2,6.0,1.0,0.0,1.6,10.6,19.2,,6.6,7.4,,0.2,2.2,1.8,22.2,0.8664184525993897,0.2563576848847417,0.0685814117485308,0.0434010865972918,0.1968782519526249,0.0731689822777985,0.0640617700413708,0.0324394167202731,0.1751559233959447,0.0402205376809479,0.5485447224507455,0.0911422050898446,0.2113062071331778,0.0468571113218852,0.0425895186431854,0.0330689307539621,0.6841089722325293,0.1249256727488165,35.0,3.944053188733077,28.1,2.5,5.7,2.3,6.1,1.1,0.0,2.5,10.2,20.3,,5.4,6.2,,0.2,2.3,2.0,13.5,0.8082748869725661,0.2067154485521811,0.0710712998322787,0.0448281223441184,0.1631587127357474,0.0736122083191997,0.0670679320975806,0.0360573720954869,0.1764777689326942,0.0541911927228527,0.5781748792218186,0.0870609007546723,0.1759350980848263,0.0669456680271223,0.0702462216269449,0.0479162547984176,0.7258325440060872,0.1103053247426638,,,,PHI,False,35.70325,29.14388975265017,2.402830918727915,6.301404946996467,2.314526855123675,1.0092791519434627,0.0,2.523197879858657,37.84812561837455,31.54672067137809,35.44529469964664,8.704235865724382,1.0092791519434627,18.254,4.158,3.902,2.002,26.314,0.556,0.122,1.358,6.775358588296268,1.8934191295114773,1.9920833315903228,1.4219690573286043,7.25971101353215,0.7422021288031987,0.3451318588597697,1.270368450489857
3934719,OG Anunoby,NYK,2026-05-10,0.0,4.0,2.0,4.0,12.0,24,5,2,2,7,4,1,0,9,17,,4,4,,2,3,3,12,37.0,0.6486486486486487,0.1351351351351351,0.054054054054054,0.054054054054054,0.1891891891891892,0.4594594594594595,0.1081081081081081,0.0,0.5070270270270271,0.0,31.33333333333333,5.131601439446886,23.666666666666668,5.0,1.6666666666666667,2.6666666666666665,5.0,2.6666666666666665,1.0,0.6666666666666666,9.0,13.0,,3.0,3.6666666666666665,,0.6666666666666666,4.333333333333333,2.0,25.33333333333333,0.7742409075742409,0.2607999588838587,0.1647981314647981,0.083670771051737,0.0538204871538204,0.020371374625899,0.0896229562896229,0.0510751217403037,0.1593593593593593,0.0819557610958914,0.4148815482148815,0.1317107871379519,0.1199866533199866,0.0601455292205421,0.0222222222222222,0.038490017945975,0.489897897897898,0.1195902716625378,33.8,5.2630789467763055,22.0,7.0,1.4,2.6,4.8,2.2,1.0,0.6,8.2,12.6,,3.0,3.6,,1.0,6.0,2.2,22.8,0.6716874016874017,0.2329048761892245,0.206021736021736,0.0827416804788042,0.043006578006578,0.0206967273509241,0.0802023452023452,0.0388663872984001,0.1427584727584727,0.066269791107529,0.3746432146432147,0.1240289952115065,0.1105634205634205,0.0552543521523808,0.0183333333333333,0.0291070819942883,0.4416244530244529,0.1206050806829236,33.3,7.5432088662584444,18.6,6.9,1.4,2.4,4.9,1.7,0.9,0.5,6.5,11.1,,3.2,3.9,,0.9,6.0,2.5,13.0,0.5478770499823131,0.2568425306070541,0.2138848999375315,0.0770344381102977,0.0522469273785063,0.0557135340400323,0.0697716325347904,0.0390094457916489,0.1508663550768814,0.0612201774601874,0.3323777160619265,0.1085402003698563,0.1113351321246058,0.0696491510816197,0.0145760233918128,0.0221333473372258,0.395941197588566,0.1146714468694315,,,,PHI,False,33.936,21.615724590163936,6.77135737704918,1.4624918032786889,2.581534426229509,1.9471475409836068,1.251737704918033,0.556327868852459,29.8495737704918,28.387081967213117,23.078216393442624,8.23384918032787,3.19888524590164,18.114,7.148,1.8,2.392,27.062,0.776,0.564,0.64,6.701418058888731,2.7331476359684634,1.3623509092741122,1.601978776388751,7.501343612980277,0.8796726663935853,0.7601999736911335,0.7838367176906169
4277869,Jose Alvarado,NYK,2026-05-10,0.0,2.0,3.0,5.0,14.0,3,0,0,1,1,0,0,0,1,1,,0,0,,0,0,0,2,8.0,0.375,0.0,0.0,0.125,0.125,0.125,0.0,0.0,0.125,0.0,8.0,1.000000000000039,3.6666666666666665,0.3333333333333333,0.6666666666666666,1.0,1.6666666666666667,0.3333333333333333,0.0,0.3333333333333333,1.3333333333333333,2.333333333333333,,0.0,0.0,,0.0,0.3333333333333333,0.6666666666666666,2.0,0.4530423280423281,0.0927318491737327,0.037037037037037,0.0641500299099584,0.0846560846560846,0.0750129464484541,0.1263227513227513,0.0159142981686718,0.2003968253968253,0.1154720994202496,0.28505291005291,0.1597232491997612,0.0,0.0,0.0476190476190476,0.0824786098842322,0.3326719576719577,0.1800242196503121,8.6,2.0736441353327804,5.2,0.8,1.0,1.2,2.0,0.6,0.2,0.4,1.8,3.2,,0.4,0.4,,0.0,0.8,1.0,4.4,0.5575396825396826,0.2561061430598171,0.0841269841269841,0.0792856745634424,0.1246031746031746,0.1045241409643899,0.1376984126984127,0.0209792696633116,0.2273809523809523,0.0905075133749914,0.3448412698412698,0.1747293916096117,0.0333333333333333,0.074535599249993,0.0452380952380952,0.0654220555430194,0.4047460317460317,0.227467160033988,10.6,9.020963240019205,5.3,1.2,1.7,1.2,2.4,0.8,0.2,0.5,1.9,4.3,,0.3,0.3,,0.2,1.0,1.0,1.8,0.5022434899885879,0.284154096836191,0.0957049486461251,0.0823162649030983,0.1450098557941695,0.115101603439809,0.1054440294636373,0.0619957527679448,0.2104082373690216,0.0782171005537679,0.3761411972196286,0.138507474799162,0.037037037037037,0.0734930919740163,0.0486824359373379,0.0551538340942856,0.4411199294532627,0.1712805819026355,,,,PHI,False,8.8245,4.4928875,0.7627625,1.091375,1.0323,0.735375,0.1225625,0.49025,6.347025,5.25565,5.5842625,1.8541375,0.8579375,5.02,1.148,1.076,0.78,7.244,0.342,0.1,0.366,3.6021660150526102,1.087242383279828,1.0090708597516826,0.871550342780037,3.904928168353421,0.6041820917571126,0.3065941943351178,0.5692486275784949
4351852,Mitchell Robinson,NYK,2026-05-10,0.0,2.0,3.0,5.0,12.0,6,6,0,0,0,1,1,0,1,3,,4,8,,2,4,2,16,19.0,0.3157894736842105,0.3157894736842105,0.0,0.0,0.0,0.1578947368421052,0.4210526315789473,0.0,0.3431578947368421,0.0,10.333333333333334,9.60902353693305,2.6666666666666665,3.333333333333333,0.3333333333333333,0.0,0.0,0.3333333333333333,0.3333333333333333,0.0,0.6666666666666666,1.3333333333333333,,1.3333333333333333,4.0,,0.6666666666666666,2.6666666666666665,2.0,7.333333333333333,0.2412280701754385,0.1054457480716781,0.3245614035087719,0.0124053821260798,0.0416666666666666,0.0589255650988789,0.0,0.0,0.0,0.0,0.1206140350877192,0.052722874035839,0.3771929824561403,0.0620269106303989,0.0,0.0,0.286578947368421,0.0800147147132146,11.2,7.328028384224506,4.2,3.8,0.2,0.0,0.0,0.2,0.8,0.4,1.6,2.0,,1.0,3.2,,1.2,2.6,1.8,14.0,0.3966557017543859,0.2113515877827869,0.3393640350877193,0.0251556532274407,0.0208333333333333,0.0416666666666666,0.0,0.0,0.0,0.0,0.1905153508771929,0.1048143721038188,0.2510964912280701,0.1813823200153703,0.03125,0.0625,0.3322478070175438,0.0789942629973099,13.4,5.796550698475777,5.2,4.9,0.3,0.0,0.0,0.6,0.8,0.3,2.1,2.6,,1.0,2.7,,1.9,3.0,1.6,5.0,0.3843426959655029,0.2013313667710301,0.3642669383897454,0.0734099726834288,0.024074074074074,0.0364302140239,0.0,0.0,0.0,0.0,0.1949339890129363,0.092927356884724,0.187491877842755,0.1453679443219316,0.0200617283950617,0.0434297755539206,0.2974921436588103,0.0943634085428737,,,,PHI,False,13.1575,4.999689999999999,4.683909999999999,0.2498899999999999,0.0,0.3947249999999999,0.6578749999999999,0.3947249999999999,9.93349,9.683599999999998,5.249579999999999,4.933799999999999,1.0525999999999998,3.958,3.82,0.524,0.208,8.302,0.226,0.334,0.274,2.8719742338677063,1.9594897294959213,0.7412314078612697,0.486555238385119,3.612588545627637,0.4635989646235203,0.5748425871488646,0.5009231477981428
4395623,Trey Jemison III,NYK,2026-05-10,0.0,28.0,0.0,0.0,3.0,4,2,2,0,0,0,0,3,2,3,,0,0,,0,2,2,-15,18.0,0.2222222222222222,0.1111111111111111,0.1111111111111111,0.0,0.0,0.1666666666666666,0.0,0.1666666666666666,0.3333333333333333,0.0,10.5,10.606601717798211,2.0,1.0,1.0,0.0,0.0,0.0,0.0,2.0,1.0,1.5,,0.0,0.0,,0.0,1.0,1.0,-7.0,0.1111111111111111,0.1571348402636772,0.0555555555555555,0.0785674201318386,0.0555555555555555,0.0785674201318386,0.0,0.0,0.0,0.0,0.0833333333333333,0.1178511301977579,0.0,0.0,0.25,0.1178511301977579,0.3333333333333333,0.0,10.5,10.606601717798211,2.0,1.0,1.0,0.0,0.0,0.0,0.0,2.0,1.0,1.5,,0.0,0.0,,0.0,1.0,1.0,-7.0,0.1111111111111111,0.1571348402636772,0.0555555555555555,0.0785674201318386,0.0555555555555555,0.0785674201318386,0.0,0.0,0.0,0.0,0.0833333333333333,0.1178511301977579,0.0,0.0,0.25,0.1178511301977579,0.3333333333333333,0.0,10.5,10.606601717798211,2.0,1.0,1.0,0.0,0.0,0.0,0.0,2.0,1.0,1.5,,0.0,0.0,,0.0,1.0,1.0,-7.0,0.1111111111111111,0.1571348402636772,0.0555555555555555,0.0785674201318386,0.0555555555555555,0.0785674201318386,0.0,0.0,0.0,0.0,0.0833333333333333,0.1178511301977579,0.0,0.0,0.25,0.1178511301977579,0.3333333333333333,0.0,,,,PHI,False,11.624999999999998,2.3,1.15,1.15,0.0,0.2557499999999999,0.2092499999999999,0.6974999999999999,4.6,3.45,3.45,2.3,0.4649999999999998,2.354,1.69,1.386,0.158,5.43,0.142,0.176,0.48,2.340231612469159,1.2529565036345036,1.1785601384740618,0.415975960843893,2.981459374199152,0.3766112053563993,0.4438738559545944,0.6705221845696084
4411057,Kevin McCullar Jr.,NYK,2026-05-10,0.0,28.0,0.0,0.0,4.0,14,2,1,2,6,2,0,0,6,11,,0,0,,1,1,4,-3,25.0,0.56,0.08,0.04,0.08,0.24,0.44,0.0,0.0,0.44,0.0,8.333333333333334,14.433756729740644,4.666666666666667,0.6666666666666666,0.3333333333333333,0.6666666666666666,2.0,0.6666666666666666,0.0,0.0,2.0,3.6666666666666665,,0.0,0.0,,0.3333333333333333,0.3333333333333333,1.3333333333333333,-1.0,0.56,,0.08,,0.04,,0.08,,0.24,,0.44,,0.0,,0.0,,0.44,,8.333333333333334,14.433756729740644,4.666666666666667,0.6666666666666666,0.3333333333333333,0.6666666666666666,2.0,0.6666666666666666,0.0,0.0,2.0,3.6666666666666665,,0.0,0.0,,0.3333333333333333,0.3333333333333333,1.3333333333333333,-1.0,0.56,,0.08,,0.04,,0.08,,0.24,,0.44,,0.0,,0.0,,0.44,,8.333333333333334,14.433756729740644,4.666666666666667,0.6666666666666666,0.3333333333333333,0.6666666666666666,2.0,0.6666666666666666,0.0,0.0,2.0,3.6666666666666665,,0.0,0.0,,0.3333333333333333,0.3333333333333333,1.3333333333333333,-1.0,0.56,,0.08,,0.04,,0.08,,0.24,,0.44,,0.0,,0.0,,0.44,,,,,PHI,False,10.833333333333332,6.066666666666666,0.8666666666666666,0.4333333333333333,0.8666666666666666,0.2383333333333332,0.1949999999999999,0.6499999999999999,7.366666666666666,6.933333333333333,6.5,1.2999999999999998,0.4333333333333332,5.32,1.328,0.612,0.646,7.26,0.174,0.146,0.446,3.530099148749225,1.1333207842442492,0.7677603792850995,0.8128247043489757,3.7889840326926687,0.4143959459261154,0.3958332982456125,0.6775573776441373
4431823,Miles McBride,NYK,2026-05-10,0.0,2.0,3.0,5.0,13.0,3,0,2,1,5,0,2,0,1,6,,0,0,,0,0,1,-4,21.0,0.1428571428571428,0.0,0.0952380952380952,0.0476190476190476,0.238095238095238,0.2857142857142857,0.0,0.0,0.2857142857142857,0.0,19.33333333333333,2.886751345948132,5.0,0.3333333333333333,1.6666666666666667,1.3333333333333333,4.666666666666667,0.0,0.6666666666666666,0.3333333333333333,1.6666666666666667,5.666666666666667,,0.3333333333333333,0.6666666666666666,,0.0,0.3333333333333333,1.3333333333333333,3.333333333333333,0.2777777777777777,0.1939173289344544,0.0158730158730158,0.0274928699614108,0.0892857142857142,0.0390323721684643,0.0734126984126984,0.0446759136872924,0.2470238095238095,0.0614999354755113,0.2996031746031746,0.0695011106672103,0.0317460317460317,0.0549857399228215,0.0158730158730158,0.0274928699614107,0.3294444444444444,0.0446708377921793,17.6,4.722287581247036,3.6,1.0,1.2,1.0,3.8,0.4,0.4,0.4,1.2,4.8,,0.2,0.4,,0.2,0.8,2.0,8.4,0.2266666666666666,0.1869494941921074,0.0595238095238095,0.065291948575248,0.0635714285714285,0.0481046666854277,0.064047619047619,0.0491163411298764,0.2282142857142857,0.0869165843230478,0.2797619047619047,0.06635770242558,0.019047619047619,0.0425917709999959,0.0195238095238095,0.0267473269904449,0.3076666666666666,0.0468988393650296,20.0,5.90668171555645,7.1,1.1,1.1,1.9,4.7,0.5,0.2,0.7,2.5,6.9,,0.2,0.4,,0.4,0.7,2.2,7.8,0.3256179456354772,0.2680259322128203,0.0579419236677301,0.0537951099582273,0.0530498230147599,0.0409028375163664,0.0873867962332198,0.061165984617389,0.2283587573016044,0.0872598528114508,0.3296253769605803,0.1267157837383202,0.0178571428571428,0.0377505904572231,0.0363600378116507,0.0490414720802766,0.3738425576293739,0.1248861591079164,,,,PHI,False,19.20275,5.122661935483872,0.7883325806451613,1.170665806451613,1.478331935483871,0.4955548387096775,0.2477774193548387,0.7433322580645162,7.081660322580646,5.910994516129033,6.293327741935484,1.9589983870967744,0.7433322580645162,7.072,1.796,1.436,1.242,10.304,0.286,0.188,0.604,4.194617503420306,1.352916848886139,1.168718956806982,1.179591454699465,4.6535560596172045,0.5217317318315994,0.4343454846087386,0.739718865515812
4433225,Tyler Kolek,NYK,2026-05-10,0.0,2.0,3.0,5.0,11.0,0,0,0,0,0,0,0,0,0,1,,0,0,,0,0,0,-2,2.0,0.0,0.0,0.0,0.0,0.0,0.5,0.0,0.0,0.5,0.0,4.0,5.291502622129181,2.6666666666666665,0.0,1.3333333333333333,0.6666666666666666,0.6666666666666666,0.0,0.0,0.3333333333333333,1.0,2.0,,0.0,0.0,,0.0,0.0,0.0,2.0,0.4,0.5656854249492381,0.0,0.0,0.2,0.282842712474619,0.1,0.1414213562373095,0.1,0.1414213562373095,0.5,0.0,0.0,0.0,0.05,0.0707106781186547,0.55,0.0707106781186547,5.4,5.272570530585627,2.8,0.4,1.8,0.4,0.8,0.0,0.0,0.4,1.0,2.4,,0.4,0.4,,0.0,0.4,0.2,1.2,0.325,0.3947573094109003,0.1041666666666666,0.1577474540500076,0.3291666666666666,0.2790111507130534,0.05,0.1,0.0916666666666666,0.1067187372905474,0.4375,0.0797855923130282,0.0416666666666666,0.0833333333333333,0.0458333333333333,0.0533593686452737,0.5016666666666667,0.1199228146829513,3.1,4.433458644845529,1.6,0.2,0.9,0.2,0.4,0.0,0.1,0.2,0.6,1.3,,0.2,0.2,,0.0,0.2,0.2,0.1,0.36,0.3507135583350037,0.0833333333333333,0.1443375672974064,0.2633333333333333,0.28294090470548,0.04,0.0894427190999916,0.0733333333333333,0.1011050059206873,0.4,0.1086533734200441,0.0333333333333333,0.0745355992499929,0.0366666666666666,0.0505525029603436,0.4513333333333333,0.1531448116435334,,,,PHI,False,7.37,3.122322580645161,0.3572903225806451,1.7678064516129033,0.4372903225806451,0.0,0.2377419354838709,0.4754838709677419,5.247419354838709,3.479612903225806,4.890129032258065,2.1250967741935485,0.2377419354838709,1.896,0.476,0.772,0.276,3.144,0.004,0.104,0.21,2.0950379471503613,0.6822199058954524,0.850891297405256,0.5175171494742952,2.3956761049858137,0.25,0.3243208288099918,0.4537620521815371
4610139,Jeremy Sochan,NYK,2026-05-10,0.0,2.0,3.0,5.0,14.0,1,2,0,0,0,0,0,0,0,0,,1,2,,0,2,0,-1,2.0,0.5,1.0,0.0,0.0,0.0,0.0,1.0,0.0,0.44,0.0,1.0,0.9999999999999984,0.3333333333333333,0.6666666666666666,0.0,0.0,0.0,0.0,0.0,0.0,0.0,0.0,,0.3333333333333333,0.6666666666666666,,0.0,0.6666666666666666,0.0,-0.6666666666666666,0.25,0.3535533905932738,0.5,0.7071067811865476,0.0,0.0,0.0,0.0,0.0,0.0,0.0,0.0,0.5,0.7071067811865476,0.0,0.0,0.22,0.3111269837220809,2.6,2.701851217221259,3.0,0.6,0.0,0.2,0.4,0.2,0.0,0.0,1.2,1.4,,0.4,0.8,,0.0,0.6,0.2,0.0,1.1011904761904765,1.5096533668302334,0.3333333333333333,0.4714045207910317,0.0,0.0,0.0833333333333333,0.1666666666666666,0.119047619047619,0.1579345138264476,0.4404761904761904,0.6285894658306707,0.4166666666666666,0.5,0.0,0.0,0.6238095238095238,0.6992292484944501,3.3,6.272515001532037,2.7,0.9,0.5,0.3,0.8,0.1,0.0,0.0,1.0,1.6,,0.4,0.6,,0.3,0.6,0.5,-1.0,1.000952380952381,1.326472142440693,0.3266666666666666,0.4085203653294275,0.05,0.1118033988749895,0.0866666666666666,0.1445298892578586,0.1552380952380952,0.1589221061641973,0.4423809523809523,0.5443911075729793,0.3533333333333333,0.4555826550205303,0.0,0.0,0.597847619047619,0.6083266054981616,,,,PHI,False,6.3375,1.84,0.89,0.1,0.13,0.139425,0.114075,0.38025,2.83,2.73,1.94,0.99,0.2535,1.322,0.708,0.186,0.172,2.216,0.05,0.052,0.176,1.7613392631744742,0.8664502293842387,0.4042326063048354,0.4271018613867188,1.978217379359508,0.25,0.25,0.4254691528183917
4702159,Dillon Jones,NYK,2026-05-10,0.0,28.0,0.0,0.0,3.0,2,1,0,0,1,1,0,0,1,3,,0,0,,0,1,1,0,12.0,0.1666666666666666,0.0833333333333333,0.0,0.0,0.0833333333333333,0.25,0.0,0.0,0.25,0.0,6.0,8.48528137423857,1.0,0.5,0.0,0.0,0.5,0.5,0.0,0.0,0.5,1.5,,0.0,0.0,,0.0,0.5,0.5,0.0,0.1666666666666666,,0.0833333333333333,,0.0,,0.0,,0.0833333333333333,,0.25,,0.0,,0.0,,0.25,,6.0,8.48528137423857,1.0,0.5,0.0,0.0,0.5,0.5,0.0,0.0,0.5,1.5,,0.0,0.0,,0.0,0.5,0.5,0.0,0.1666666666666666,,0.0833333333333333,,0.0,,0.0,,0.0833333333333333,,0.25,,0.0,,0.0,,0.25,,6.0,8.48528137423857,1.0,0.5,0.0,0.0,0.5,0.5,0.0,0.0,0.5,1.5,,0.0,0.0,,0.0,0.5,0.5,0.0,0.1666666666666666,,0.0833333333333333,,0.0,,0.0,,0.0833333333333333,,0.25,,0.0,,0.0,,0.25,,,,,PHI,False,8.0,1.15,0.575,0.0,0.0,0.176,0.144,0.48,1.725,1.725,1.15,0.575,0.3199999999999999,1.102,0.83,0.084,0.052,2.016,0.11,0.132,0.322,1.5683099183515992,0.8515280382935138,0.2845065904333325,0.25,1.8132137215452568,0.3192177939902473,0.350108554594143,0.5782006572116638
4871141,Ariel Hukporti,NYK,2026-05-10,0.0,2.0,3.0,5.0,14.0,0,1,0,0,0,0,0,0,0,0,,0,0,,1,0,0,-5,3.0,0.0,0.3333333333333333,0.0,0.0,0.0,0.0,0.0,0.0,0.0,0.0,9.0,7.211102550927979,2.333333333333333,4.333333333333333,0.0,0.0,0.0,0.0,0.6666666666666666,0.3333333333333333,1.0,1.6666666666666667,,0.3333333333333333,0.3333333333333333,,1.6666666666666667,2.6666666666666665,2.6666666666666665,4.666666666666667,0.1932773109243697,0.1674357886148846,0.430438842203548,0.0980525534478062,0.0,0.0,0.0,0.0,0.0,0.0,0.1820728291316526,0.2214302988680299,0.0196078431372549,0.0339617805405662,0.0196078431372549,0.0339617805405662,0.2103081232492997,0.2143964342947374,8.4,6.06630035524124,2.0,3.8,0.0,0.0,0.0,0.2,0.8,0.6,0.6,1.0,,0.8,1.8,,1.4,2.4,2.2,2.4,0.1659663865546218,0.1524086907320678,0.4582633053221288,0.1419424774685196,0.0,0.0,0.0,0.0,0.0,0.0,0.1092436974789915,0.1856363196165926,0.2450980392156862,0.315253631192422,0.0450980392156862,0.0725755118561637,0.2621848739495798,0.1706393837206797,7.6,9.651712571122058,1.8,3.1,0.1,0.0,0.0,0.2,0.7,0.7,0.7,1.4,,0.4,0.9,,1.1,2.0,1.4,0.8,0.1566426570628251,0.1471906362521301,0.4773309323729492,0.1771078859825348,0.0047619047619047,0.0125988157669742,0.0,0.0,0.0,0.0,0.1518407362945178,0.1681944046629098,0.1750700280112044,0.2838303628055538,0.0822128851540616,0.0969753198780923,0.3110844337735094,0.1669358697410618,,,,PHI,False,7.883333333333333,1.7322608695652173,3.622173913043478,0.008,0.0,0.1713768115942028,0.8568840579710144,0.6855072463768115,5.362434782608696,5.354434782608696,1.7402608695652173,3.630173913043478,1.0282608695652171,1.216,2.712,0.154,0.08,4.082,0.114,0.284,0.364,1.5903911468566467,1.7172815727189297,0.3978492176692069,0.285657137141714,2.417286908912552,0.3478562921667509,0.5507667382840035,0.6062210817845252
5211983,Pacome Dadiet,NYK,2026-05-10,0.0,2.0,3.0,5.0,14.0,0,1,0,0,0,0,0,1,0,0,,0,0,,0,1,0,-1,2.0,0.0,0.5,0.0,0.0,0.0,0.0,0.0,0.5,0.5,0.0,3.6666666666666665,4.725815626252608,1.3333333333333333,0.6666666666666666,0.6666666666666666,0.0,0.3333333333333333,0.3333333333333333,0.0,0.3333333333333333,0.6666666666666666,1.0,,0.0,0.0,,0.3333333333333333,0.3333333333333333,0.0,2.0,0.2222222222222222,0.3142696805273544,0.3055555555555556,0.2749859704614351,0.1111111111111111,0.1571348402636772,0.0,0.0,0.0555555555555555,0.0785674201318386,0.1666666666666666,0.2357022603955158,0.0,0.0,0.25,0.3535533905932738,0.4166666666666666,0.1178511301977579,4.0,4.183300132670378,1.8,0.6,0.4,0.2,0.8,0.2,0.0,0.2,0.8,1.4,,0.0,0.0,,0.2,0.4,0.2,1.2,0.2673611111111111,0.3173998578340677,0.1840277777777778,0.2179493725899335,0.0555555555555555,0.1111111111111111,0.03125,0.0625,0.1215277777777777,0.1769130444841249,0.2083333333333333,0.25,0.0,0.0,0.125,0.25,0.3333333333333333,0.2357022603955158,4.7,8.551153268549351,2.1,0.7,0.4,0.2,0.9,0.1,0.0,0.2,0.9,1.8,,0.1,0.3,,0.2,0.5,0.3,-0.9,0.3027777777777777,0.2860571685934538,0.1768518518518518,0.1894305052617743,0.0592592592592592,0.0965807763733725,0.0324074074074074,0.0541884255125908,0.1342592592592592,0.1558336359232114,0.2481481481481481,0.2340963421194145,0.0222222222222222,0.0496903994999954,0.1074074074074074,0.2200511226298214,0.3653333333333333,0.2163022576550385,,,,PHI,False,6.95,2.4565,0.9055,0.585,0.2525,0.3475,0.0,0.3475,3.947,3.362,3.0415,1.4905,0.3475,1.622,0.656,0.378,0.166,2.656,0.092,0.004,0.158,1.9450233931755163,0.7960301501827679,0.5823366723811922,0.3826800229957137,2.1876160540643323,0.3025491695576109,0.25,0.3962776804211915
5289900,Mohamed Diawara,NYK,2026-05-10,0.0,2.0,3.0,5.0,14.0,0,0,0,0,0,0,0,1,0,0,,0,0,,0,0,0,-2,2.0,0.0,0.0,0.0,0.0,0.0,0.0,0.0,0.5,0.5,0.0,3.333333333333333,4.163331998932264,1.6666666666666667,0.6666666666666666,0.3333333333333333,0.3333333333333333,0.6666666666666666,0.0,0.0,0.3333333333333333,0.6666666666666666,1.0,,0.0,0.0,,0.0,0.6666666666666666,0.3333333333333333,2.333333333333333,0.3125,0.4419417382415922,0.125,0.1767766952966369,0.0625,0.0883883476483184,0.0625,0.0883883476483184,0.125,0.1767766952966369,0.1875,0.2651650429449553,0.0,0.0,0.25,0.3535533905932738,0.4375,0.0883883476483184,4.4,5.366563145999495,1.4,1.2,0.6,0.2,0.8,0.2,0.0,0.4,0.6,1.4,,0.0,0.0,,0.2,1.0,0.2,1.0,0.2638888888888889,0.3236438943814179,0.1944444444444444,0.1734721666221777,0.0972222222222222,0.0867360833110888,0.0416666666666666,0.0721687836487032,0.1388888888888888,0.1272937693043289,0.236111111111111,0.2055367859298436,0.0,0.0,0.1944444444444444,0.2678791878053598,0.4305555555555556,0.0636468846521645,6.0,10.666666666666666,1.2,1.0,1.0,0.1,0.9,0.2,0.0,0.4,0.5,1.9,,0.1,0.1,,0.1,0.9,0.2,-0.7,0.1877450980392156,0.2568014632779858,0.1401960784313725,0.1493127920869979,0.1436274509803921,0.0920603374345648,0.025,0.0559016994374947,0.1127450980392156,0.1099395171176755,0.3446078431372549,0.2695053281035487,0.0058823529411764,0.0131533410441163,0.1284313725490196,0.2109096754435271,0.4756274509803921,0.164955454008036,,,,PHI,False,7.475,1.6994999999999998,1.363,0.8940000000000001,0.2485,0.2875,0.0,0.575,3.9565,3.0625,2.5935,2.257,0.2875,1.43,1.002,0.656,0.148,3.088,0.096,0.002,0.26,1.806958770974036,0.9989974974943632,0.8158823444590525,0.3822250645889147,2.1808842243457125,0.3078701024783017,0.25,0.5219195340279956
3012,Kyle Lowry,PHI,2026-05-10,1.0,2.0,3.0,7.0,16.0,0,0,0,0,0,0,0,0,0,0,,0,0,,0,0,0,0,0.0,,,,,,,,,,0.0,0.0,0.0,0.0,0.0,0.0,0.0,0.0,0.0,0.0,0.0,0.0,0.0,,0.0,0.0,,0.0,0.0,0.0,0.0,,,,,,,,,,,,,,,,,,,0.2,0.4472135954999581,0.0,0.0,0.0,0.0,0.0,0.0,0.0,0.0,0.0,0.0,,0.0,0.0,,0.0,0.0,0.0,-0.8,0.0,,0.0,,0.0,,0.0,,0.0,,0.0,,0.0,,0.0,,0.0,,0.3,0.6749485577105525,0.0,0.1,0.0,0.0,0.0,0.0,0.0,0.0,0.0,0.0,,0.0,0.0,,0.0,0.1,0.1,-0.3,0.0,0.0,0.25,0.3535533905932738,0.0,0.0,0.0,0.0,0.0,0.0,0.0,0.0,0.0,0.0,0.0,0.0,0.0,0.0,,,,NYK,True,5.725,0.0,0.02,0.0,0.0,0.1259499999999999,0.1030499999999999,0.3434999999999999,0.02,0.02,0.0,0.02,0.2289999999999999,0.0,0.044,0.0,0.0,0.044,0.04,0.014,0.054,7.5,0.25,2.5,1.3,0.25,0.25,0.25,0.25
4251,Paul George,PHI,2026-05-10,1.0,2.0,3.0,7.0,16.0,15,5,3,3,8,2,0,3,6,18,,0,0,,3,2,3,-14,38.0,0.3947368421052631,0.131578947368421,0.0789473684210526,0.0789473684210526,0.2105263157894736,0.4736842105263157,0.0,0.0789473684210526,0.5526315789473685,0.0,35.666666666666664,8.736894948054106,17.0,4.666666666666667,3.333333333333333,4.0,9.0,1.3333333333333333,0.6666666666666666,2.0,6.333333333333333,15.666666666666666,,0.3333333333333333,0.6666666666666666,,1.3333333333333333,3.333333333333333,2.6666666666666665,-14.666666666666666,0.4968144870225654,0.1380194451896795,0.1288328154913222,0.0123071034526333,0.0957850798732071,0.0183749556644803,0.1163575306782161,0.0374494543568358,0.2478737093180177,0.0482306819489827,0.4384552615886765,0.0305910025408871,0.0205724508050089,0.019370668897771,0.0546401782631892,0.0214319995578523,0.5021473182060698,0.0437483447026055,37.8,6.870225614927066,17.4,4.2,2.8,4.0,8.2,1.2,0.6,2.6,6.4,14.8,,0.6,0.8,,0.8,3.4,2.8,-4.8,0.4749934541183011,0.1386621067860435,0.1115854035805076,0.0271207576786378,0.077232952685829,0.0337893144776273,0.1091002326926439,0.0340399950360848,0.2175337494003345,0.0655156462912044,0.3956922045722535,0.0909029794955518,0.0223434704830053,0.0224942740344236,0.0670698212436278,0.0249276185187255,0.4725931528284038,0.0982040872797005,36.7,6.360468186820498,17.3,4.2,3.1,3.4,6.7,1.4,0.5,2.0,6.2,13.5,,1.5,2.0,,0.6,3.6,2.5,-3.2,0.4852213716349286,0.1113083651901203,0.1153404458691306,0.0538419949549802,0.0824593316560459,0.0440101568055802,0.0925716731292459,0.0342078178269227,0.1778762687734242,0.0708726701320805,0.3698747714743297,0.0754908993577733,0.0636832559788298,0.1041949115103227,0.0538509042543684,0.0251557724315092,0.4517463083593833,0.0827768652012485,,,,NYK,True,36.8755,17.189637329700272,4.31605068119891,3.0888945504087197,3.5417553133514987,1.4066948228882832,0.5023910081743869,2.0095640326975475,24.594582561307902,21.50568801089918,20.278531880108996,7.40494523160763,1.90908583106267,20.062,5.48,3.13,3.094,28.672,1.056,0.35,1.376,7.106205457204288,2.3146490014686893,1.8817810712194976,1.7277627151897912,7.678047668515741,1.020227425626267,0.5962382074305537,1.1944136636860785
6585,Andre Drummond,PHI,2026-05-10,1.0,2.0,3.0,7.0,16.0,0,1,0,0,1,1,0,0,0,1,,0,0,,0,1,1,3,4.0,0.0,0.25,0.0,0.0,0.25,0.25,0.0,0.0,0.25,0.0,9.333333333333334,5.507570547286102,2.0,4.0,0.3333333333333333,0.0,0.6666666666666666,0.6666666666666666,0.0,0.6666666666666666,0.6666666666666666,1.3333333333333333,,0.6666666666666666,0.6666666666666666,,1.0,3.0,2.333333333333333,-1.0,0.1333333333333333,0.2309401076758503,0.3722222222222222,0.1456149158009017,0.0222222222222222,0.038490017945975,0.0,0.0,0.1203703703703703,0.1252569375784137,0.1648148148148148,0.0746045817721617,0.0444444444444444,0.0769800358919501,0.074074074074074,0.1283000598199168,0.2584444444444444,0.0710440656160615,9.8,4.32434966208793,1.6,4.0,0.4,0.0,0.4,0.4,0.2,0.4,0.6,1.0,,0.4,0.4,,0.8,3.2,2.2,1.0,0.1107692307692307,0.1748710429339424,0.356025641025641,0.1801735958869454,0.0383333333333333,0.0563964143856287,0.0,0.0,0.0722222222222222,0.1104144828575099,0.1142735042735042,0.0911707843263181,0.0266666666666666,0.0596284793999943,0.0444444444444444,0.0993807989999906,0.170451282051282,0.1333454846533959,13.4,8.342661445845685,3.9,4.3,0.7,0.4,0.8,0.4,0.2,0.8,1.4,1.9,,0.7,1.0,,1.0,3.3,2.2,-2.3,0.2609523809523809,0.2456122304648919,0.3128113553113553,0.1874569261848406,0.0563827838827838,0.0693355094278789,0.0258241758241758,0.0484604448086485,0.0866971916971917,0.0880365045472885,0.1394078144078144,0.0749790817841619,0.0972893772893772,0.1400763764015432,0.048046398046398,0.0775333371786339,0.2302615384615384,0.1174632554444352,,,,NYK,True,10.8715,2.6744559701492534,3.537169402985074,0.4927485074626865,0.2267134328358208,0.3245223880597014,0.1622611940298507,0.6490447761194029,6.704373880597014,6.211625373134328,3.16720447761194,4.029917910447761,0.4867835820895522,4.278,3.706,0.932,0.43,8.916,0.376,0.122,0.52,3.0855657503932727,1.9533468713979087,0.9774333736884576,0.630158710167526,3.7768960801165816,0.602182696529882,0.3451318588597697,0.7138627319029899
3059318,Joel Embiid,PHI,2026-05-10,1.0,2.0,2.0,6.0,8.0,18,6,5,0,4,0,3,3,7,17,,4,6,,1,5,3,-9,35.0,0.5142857142857142,0.1714285714285714,0.1428571428571428,0.0,0.1142857142857142,0.4857142857142857,0.1714285714285714,0.0857142857142857,0.6468571428571429,0.0,33.0,7.211102550927977,22.0,7.333333333333333,4.0,0.3333333333333333,3.333333333333333,0.0,1.3333333333333333,1.6666666666666667,7.333333333333333,18.0,,7.0,8.666666666666666,,1.0,6.333333333333333,2.0,-7.333333333333333,0.6486935286935287,0.1945587467830969,0.213040293040293,0.0821699821679936,0.1122344322344322,0.0627976869860844,0.0085470085470085,0.0148038530561442,0.0989499389499389,0.0174262498832326,0.5307936507936507,0.1198689130317508,0.2711599511599512,0.0947563282045357,0.0504517704517704,0.0313708267844467,0.7005557997557998,0.1004219705111936,34.4,5.727128425310542,23.6,7.2,5.6,0.4,4.0,0.2,1.0,1.8,8.0,19.0,,7.2,8.6,,1.0,6.2,2.4,-0.4,0.6702115923292393,0.1735354937245544,0.207160525748761,0.0895955908774834,0.1554251238957121,0.0747209123455411,0.0110105580693815,0.0151356545451609,0.1144227537168713,0.0253999963571095,0.5423072613660849,0.0888134299981141,0.2551544925662573,0.0727244255220693,0.0515380305968541,0.0278647162593232,0.7061132686920922,0.0849420273558667,35.0,5.0,25.428571428571427,8.285714285714286,5.0,0.7142857142857143,4.571428571428571,0.2857142857142857,1.4285714285714286,2.2857142857142856,8.142857142857142,19.285714285714285,,8.428571428571429,10.142857142857142,,1.7142857142857142,6.571428571428571,2.4285714285714284,-4.857142857142857,0.7125083879705728,0.1620185829287437,0.2339446547849909,0.0863673672637351,0.1398910333364114,0.0795094616062757,0.0193923723335488,0.0199372601460436,0.1289186443808292,0.0329491061663131,0.5451946932619202,0.0818617708082201,0.2896654046233878,0.1054713026412727,0.0640699356665743,0.0315086715747595,0.7367174069627851,0.0870036996958306,,,,NYK,True,34.24016666666667,23.419209986130376,7.498374618585298,5.354773786407767,0.4523287794729542,0.3324288025889967,0.9972864077669902,1.9945728155339804,36.27235839112344,30.917584604715675,28.773983772538145,12.853148404993064,1.329715210355987,16.638,8.332,4.888,1.104,29.858,0.516,0.63,1.474,6.15296318857833,2.8791971103069693,2.0424142576862314,1.0184223092607505,6.752913149152742,0.7083389019388954,0.7855571271397136,1.2301723456491778
3133603,Kelly Oubre Jr.,PHI,2026-05-10,1.0,2.0,3.0,7.0,16.0,22,8,1,2,5,0,0,0,7,16,,6,6,,2,6,4,-6,36.0,0.6111111111111112,0.2222222222222222,0.0277777777777777,0.0555555555555555,0.1388888888888889,0.4444444444444444,0.1666666666666666,0.0,0.5177777777777778,0.0,34.333333333333336,6.658328118479392,17.666666666666668,6.0,1.3333333333333333,2.0,4.333333333333333,0.6666666666666666,0.3333333333333333,1.0,6.0,12.0,,3.6666666666666665,3.6666666666666665,,1.3333333333333333,4.666666666666667,2.333333333333333,-13.0,0.5101851851851852,0.0887296026522786,0.1774691358024691,0.0490682502950143,0.0382716049382716,0.0111624329135957,0.0558641975308642,0.0189833633514589,0.1209876543209876,0.0410064288401047,0.3469135802469136,0.0844845042514846,0.1012345679012345,0.0648236325571608,0.0330246913580246,0.0376834030579314,0.4244814814814814,0.0812783916839679,34.6,5.5045435778091525,14.6,6.4,1.4,1.4,3.8,0.8,0.6,1.4,5.2,10.6,,2.8,3.0,,1.4,5.0,2.8,-2.0,0.4166156603253377,0.1541859111010279,0.1848933921514566,0.0437105324352249,0.0409943938976197,0.0162821873286359,0.0386467236467236,0.0286040985628015,0.1073320466868853,0.0352088588887694,0.3032680819777594,0.090109122066835,0.0839003768036026,0.0518298500874014,0.041651043102656,0.0331499018922953,0.3818352908740005,0.093489236228297,33.9,4.532597979574676,11.8,6.0,1.2,1.0,3.8,0.5,0.5,0.8,4.4,10.0,,2.0,2.4,,1.1,4.9,2.8,-5.3,0.3395175075820237,0.1684275138715922,0.1773055670434702,0.0393076520040141,0.0357996163036485,0.0195831305201817,0.0280733618233618,0.0286564664427093,0.111246668504733,0.0447718695616787,0.2930251700211377,0.0984232727670564,0.06787760775664,0.0434920706224498,0.0240513280029409,0.0304149632013367,0.3469426454370002,0.1111848248268575,,,,NYK,True,34.3485,13.601669026548674,6.223628318584071,1.2415256637168142,1.2439380530973452,0.5066150442477876,0.5066150442477876,0.8105840707964603,21.06682300884956,19.825297345132743,14.843194690265488,7.465153982300885,1.0132300884955752,13.63,7.166,2.198,1.386,22.994,0.606,0.382,0.858,5.749182550589257,2.523973850894656,1.5319255856600869,1.163187001302886,6.444684941872644,0.8017256388565854,0.5692767341109243,0.949650462012208
4397014,Quentin Grimes,PHI,2026-05-10,1.0,2.0,3.0,7.0,16.0,6,2,2,2,5,0,0,1,2,6,,0,0,,1,1,4,-17,22.0,0.2727272727272727,0.0909090909090909,0.0909090909090909,0.0909090909090909,0.2272727272727272,0.2727272727272727,0.0,0.0454545454545454,0.3181818181818182,0.0,23.33333333333333,1.154700538379251,6.0,2.0,3.0,1.3333333333333333,3.333333333333333,0.6666666666666666,0.0,0.6666666666666666,1.3333333333333333,4.666666666666667,,2.0,2.0,,0.3333333333333333,1.6666666666666667,3.333333333333333,-15.666666666666666,0.2575757575757576,0.0436839492222365,0.0858585858585858,0.0418956061187804,0.1275252525252525,0.0379418666699917,0.058080808080808,0.0284301268919133,0.1452020202020202,0.0740657039195074,0.202020202020202,0.0612341194595057,0.0833333333333333,0.0833333333333333,0.029040404040404,0.0252209398427249,0.2677272727272727,0.0586794141547646,23.6,1.6733200530681525,4.6,3.0,3.0,0.8,2.8,0.4,0.0,0.4,1.2,4.8,,1.4,1.6,,0.4,2.6,2.0,-8.8,0.1958041958041958,0.0904627607308835,0.1249417249417249,0.0696829964124978,0.1254662004662004,0.0349696481028295,0.0348484848484848,0.0376317703243024,0.122086247086247,0.0703054223220896,0.2065268065268065,0.060658709425188,0.0653846153846153,0.0693967620652531,0.0174242424242424,0.0238966822660416,0.2527202797202797,0.055206642996294,22.7,3.0930028559098783,6.8,3.0,2.5,1.2,3.0,0.3,0.4,0.6,2.1,5.2,,1.4,1.6,,0.2,2.8,1.9,-4.5,0.2928068598068598,0.1992715397888333,0.1360899100899101,0.069345015118186,0.1071616716616716,0.0702188023713633,0.0517813852813852,0.0528180841179486,0.1316621711621711,0.0766626428454178,0.2250014985014984,0.0827213763649118,0.071025641025641,0.0688742534982764,0.0256406926406926,0.0291194101548586,0.2818934731934731,0.0912351062143421,,,,NYK,True,22.96,6.39473127753304,2.8406167400881053,2.617180616740088,1.2162466960352425,0.3034361233480176,0.4045814977973568,0.6068722466960352,11.852528634361231,9.235348017621146,9.011911894273128,5.457797356828193,0.7080176211453744,10.406,4.472,3.26,1.442,18.138,0.41,0.354,0.67,4.915400695772421,2.13195121895413,1.7630655121123546,1.1342997840077376,5.820906802208741,0.6707458535093602,0.5767876559011991,0.8006872048434396
4397179,Tyrese Martin,PHI,2026-05-10,1.0,25.0,0.0,0.0,5.0,0,0,0,0,0,0,0,0,0,0,,0,0,,0,0,0,0,0.0,,,,,,,,,,0.0,0.3333333333333333,0.5773502691896258,0.0,0.0,0.0,0.0,0.0,0.0,0.0,0.0,0.0,0.0,,0.0,0.0,,0.0,0.0,0.0,-1.0,0.0,,0.0,,0.0,,0.0,,0.0,,0.0,,0.0,,0.0,,0.0,,0.25,0.5,0.0,0.0,0.0,0.0,0.0,0.0,0.0,0.0,0.0,0.0,,0.0,0.0,,0.0,0.0,0.0,-0.75,0.0,,0.0,,0.0,,0.0,,0.0,,0.0,,0.0,,0.0,,0.0,,0.25,0.5,0.0,0.0,0.0,0.0,0.0,0.0,0.0,0.0,0.0,0.0,,0.0,0.0,,0.0,0.0,0.0,-0.75,0.0,,0.0,,0.0,,0.0,,0.0,,0.0,,0.0,,0.0,,0.0,,,,,NYK,True,8.0,0.0,0.0,0.0,0.0,0.176,0.144,0.48,0.0,0.0,0.0,0.0,0.3199999999999999,0.0,0.0,0.0,0.0,0.0,0.018,0.006,0.042,7.5,3.0,2.5,1.3,9.0,0.25,0.25,0.25
4431675,Trendon Watford,PHI,2026-05-10,1.0,2.0,3.0,7.0,16.0,3,0,0,0,0,0,0,0,1,1,,1,2,,0,0,0,2,2.0,1.5,0.0,0.0,0.0,0.0,0.5,1.0,0.0,0.94,0.0,5.333333333333333,7.571877794400365,2.6666666666666665,0.3333333333333333,0.3333333333333333,0.0,0.3333333333333333,0.3333333333333333,0.0,0.6666666666666666,0.6666666666666666,1.6666666666666667,,1.3333333333333333,2.0,,0.0,0.3333333333333333,0.0,-3.333333333333333,0.9285714285714286,0.8081220356417685,0.0357142857142857,0.0505076272276105,0.0357142857142857,0.0505076272276105,0.0,0.0,0.0357142857142857,0.0505076272276105,0.3928571428571428,0.1515228816828316,0.6428571428571428,0.5050762722761054,0.0714285714285714,0.101015254455221,0.7471428571428571,0.2727411870290969,3.4,5.9833101206606365,1.6,0.2,0.2,0.0,0.2,0.2,0.0,0.4,0.4,1.0,,0.8,1.2,,0.0,0.2,0.0,-2.8,0.6190476190476191,0.7835467939002064,0.0238095238095238,0.0412393049421161,0.0238095238095238,0.0412393049421161,0.0,0.0,0.0238095238095238,0.0412393049421161,0.2619047619047619,0.2508488988774461,0.4285714285714285,0.5150787536377128,0.0476190476190476,0.0824786098842322,0.4980952380952381,0.4725124624926673,3.1,4.508017549014447,1.8,0.3,0.2,0.0,0.1,0.1,0.0,0.2,0.6,1.0,,0.6,0.8,,0.0,0.3,0.0,-1.9,0.5857142857142857,0.5820442510703817,0.119047619047619,0.1951800145897066,0.0452380952380952,0.0810223787008264,0.0,0.0,0.0119047619047619,0.0291605921759902,0.2595238095238095,0.2425067500287853,0.2809523809523809,0.3919253017819477,0.0238095238095238,0.0583211843519804,0.4069523809523809,0.3647129893845985,,,,NYK,True,7.008333333333334,3.309612903225806,0.4989354838709677,0.3552903225806451,0.0,0.2260752688172043,0.0,0.4521505376344086,4.163838709677419,3.808548387096774,3.664903225806451,0.8542258064516128,0.2260752688172043,1.764,0.54,0.4,0.124,2.704,0.128,0.004,0.188,2.0010757107116164,0.7158212067269313,0.6099180272790763,0.3355949940031882,2.2751668070715163,0.3627891949879434,0.25,0.4389259618660077
4431678,Tyrese Maxey,PHI,2026-05-10,1.0,2.0,3.0,7.0,16.0,17,2,7,1,3,1,0,2,8,12,,0,0,,0,2,2,-11,44.0,0.3863636363636363,0.0454545454545454,0.1590909090909091,0.0227272727272727,0.0681818181818181,0.2727272727272727,0.0,0.0454545454545454,0.3181818181818182,0.0,39.333333333333336,10.785793124908958,18.666666666666668,2.6666666666666665,5.0,0.6666666666666666,4.0,0.6666666666666666,0.0,4.0,6.666666666666667,14.666666666666666,,4.666666666666667,5.333333333333333,,0.3333333333333333,2.333333333333333,1.3333333333333333,-13.0,0.4736788690689399,0.0836871776578192,0.073465147933233,0.0338722052028852,0.120274852544356,0.0429868136466061,0.0146679561573178,0.0127235144241559,0.1023175012536714,0.0306984780397296,0.3651407693960884,0.1117649486291322,0.1502495403204623,0.134459596268205,0.1070874226902595,0.0543498305436667,0.5383379898273516,0.1978529492322032,40.6,8.018728078691781,23.2,4.2,5.4,1.4,4.2,0.8,0.0,2.6,8.4,16.8,,5.0,5.4,,0.4,3.8,1.8,-3.2,0.5675406547746974,0.144529037523551,0.1029679776488287,0.0832572831160625,0.1282760226377247,0.0340686575318981,0.0326896625832796,0.0284009722326295,0.1041682785299806,0.0253105195753656,0.4090844616376531,0.1126006973144533,0.141816390858944,0.0958212833263595,0.0686968980586001,0.0655905187540525,0.5401805716741886,0.1466448313948928,40.5,5.562773089426211,24.4,4.2,6.1,2.5,6.7,0.9,0.4,2.1,9.0,19.5,,3.9,4.2,,0.4,3.8,2.0,-5.1,0.5999761428373501,0.1189845466266405,0.1019663150044149,0.0768489659841895,0.1491732542029424,0.0449607525318369,0.0604290400851509,0.0440304616430867,0.1646031449816704,0.0869714687893564,0.4792662737986835,0.1546332759728098,0.1088347764955879,0.077480206189691,0.0544886723090582,0.0490679757297095,0.5816422477658005,0.1520281659386514,,,,NYK,True,40.6365,23.14934222222222,3.892493333333333,5.936335555555555,2.0410555555555554,0.9030333333333334,0.4013481481481481,2.107077777777778,32.97817111111111,27.041835555555554,29.08567777777777,9.82882888888889,1.3043814814814816,20.15,5.098,4.216,2.202,29.464,0.872,0.304,1.422,7.041555225942632,2.202815471164119,1.9923212592350663,1.4795931873322477,7.463558400655816,0.981639445010234,0.572349543548346,1.1865563619145951
4432179,MarJon Beauchamp,PHI,2026-05-10,1.0,25.0,0.0,0.0,6.0,0,0,0,0,0,0,0,0,0,0,,0,0,,0,0,0,0,0.0,,,,,,,,,,0.0,1.0,1.7320508075688772,1.0,0.3333333333333333,0.0,0.0,0.3333333333333333,0.0,0.0,0.0,0.3333333333333333,0.6666666666666666,,0.3333333333333333,0.6666666666666666,,0.3333333333333333,0.0,0.0,-0.6666666666666666,1.0,,0.3333333333333333,,0.0,,0.0,,0.3333333333333333,,0.6666666666666666,,0.6666666666666666,,0.0,,0.96,,0.6,1.3416407864998738,0.6,0.2,0.0,0.0,0.2,0.0,0.0,0.0,0.2,0.4,,0.2,0.4,,0.2,0.0,0.0,-0.4,1.0,,0.3333333333333333,,0.0,,0.0,,0.3333333333333333,,0.6666666666666666,,0.6666666666666666,,0.0,,0.96,,0.6,1.3416407864998738,0.6,0.2,0.0,0.0,0.2,0.0,0.0,0.0,0.2,0.4,,0.2,0.4,,0.2,0.0,0.0,-0.4,1.0,,0.3333333333333333,,0.0,,0.0,,0.3333333333333333,,0.6666666666666666,,0.6666666666666666,,0.0,,0.96,,,,,NYK,True,8.0,0.63,0.21,0.0,0.0,0.176,0.144,0.48,0.84,0.84,0.63,0.21,0.3199999999999999,0.258,0.242,0.002,0.002,0.502,0.064,0.032,0.082,0.7095322402822861,0.4933923388136463,0.25,0.25,0.8820408153821455,0.25,0.25,0.2743647207641682
4432446,Jabari Walker,PHI,2026-05-10,1.0,2.0,3.0,7.0,16.0,0,0,0,0,1,0,0,0,0,1,,0,0,,0,0,0,2,2.0,0.0,0.0,0.0,0.0,0.5,0.5,0.0,0.0,0.5,0.0,4.0,5.2915026221291805,0.6666666666666666,0.6666666666666666,0.0,0.0,0.3333333333333333,0.0,0.0,0.3333333333333333,0.0,1.0,,0.6666666666666666,0.6666666666666666,,0.3333333333333333,0.3333333333333333,0.6666666666666666,-2.0,0.1,0.1414213562373095,0.1,0.1414213562373095,0.0,0.0,0.0,0.0,0.25,0.3535533905932738,0.35,0.2121320343559642,0.1,0.1414213562373095,0.05,0.0707106781186547,0.444,0.0791959594928933,2.4,4.335896677735761,0.4,0.4,0.0,0.0,0.2,0.0,0.0,0.2,0.0,0.6,,0.4,0.4,,0.2,0.2,0.4,-1.2,0.1,0.1414213562373095,0.1,0.1414213562373095,0.0,0.0,0.0,0.0,0.25,0.3535533905932738,0.35,0.2121320343559642,0.1,0.1414213562373095,0.05,0.0707106781186547,0.444,0.0791959594928933,2.2,3.190262963734773,0.4,0.4,0.0,0.0,0.5,0.0,0.0,0.1,0.1,0.9,,0.2,0.2,,0.2,0.2,0.2,-1.3,0.1399999999999999,0.2190890230020664,0.1399999999999999,0.1294217910554478,0.0,0.0,0.0,0.0,0.4,0.4183300132670378,0.54,0.4560701700396551,0.04,0.0894427190999916,0.02,0.0447213595499957,0.5776,0.4279121405148491,,,,NYK,True,6.74,0.9032727272727272,0.9032727272727272,0.0,0.0,0.0,0.0,0.3063636363636364,1.806545454545455,1.806545454545455,0.9032727272727272,0.9032727272727272,0.0,1.28,0.606,0.01,0.202,1.896,0.004,0.0,0.15,1.7747112441183213,0.7528372998198217,0.25,0.4485487710383342,1.9259241937314149,0.25,1.3,0.3788139384975162
4433159,Dalen Terry,PHI,2026-05-10,1.0,2.0,3.0,7.0,15.0,0,1,1,0,0,1,0,0,0,2,,0,0,,0,1,1,2,2.0,0.0,0.5,0.5,0.0,0.0,1.0,0.0,0.0,1.0,0.0,4.666666666666667,6.429100507328636,1.0,0.3333333333333333,0.6666666666666666,0.3333333333333333,0.6666666666666666,0.6666666666666666,0.0,0.0,0.3333333333333333,2.0,,0.0,0.0,,0.0,0.3333333333333333,0.3333333333333333,-2.0,0.125,0.1767766952966369,0.25,0.3535533905932738,0.2916666666666667,0.2946278254943948,0.0416666666666666,0.0589255650988789,0.0833333333333333,0.1178511301977579,0.6666666666666666,0.4714045207910317,0.0,0.0,0.0,0.0,0.6666666666666666,0.4714045207910317,3.0,5.0990195135927845,0.6,0.2,0.4,0.2,0.4,0.4,0.0,0.0,0.2,1.2,,0.0,0.0,,0.0,0.2,0.2,-2.0,0.0833333333333333,0.1443375672974064,0.1666666666666666,0.2886751345948129,0.1944444444444444,0.2678791878053598,0.0277777777777777,0.0481125224324688,0.0555555555555555,0.0962250448649376,0.4444444444444444,0.5091750772173156,0.0,0.0,0.0,0.0,0.4444444444444444,0.5091750772173156,2.7,3.831158803518562,0.4,0.3,0.4,0.1,0.4,0.2,0.0,0.1,0.1,0.9,,0.1,0.2,,0.0,0.3,0.1,-1.6,0.0694444444444444,0.1107633446520938,0.1388888888888888,0.2215266893041876,0.1527777777777777,0.2135459010420285,0.0138888888888888,0.0340206908719885,0.0972222222222222,0.1107633446520938,0.3194444444444444,0.3667297925458753,0.0555555555555555,0.1360827634879543,0.0416666666666666,0.1020620726159657,0.3855555555555556,0.3740568386201735,,,,NYK,True,6.775,0.8382222222222222,0.6036666666666667,0.8302222222222222,0.2265555555555555,0.5018518518518519,0.0,0.2509259259259259,2.272111111111111,1.4418888888888888,1.6684444444444444,1.4338888888888888,0.5018518518518519,0.984,0.554,0.592,0.158,2.13,0.186,0.002,0.108,1.5098821146036532,0.7342233992457609,0.7546760894582523,0.3962776804211915,1.920702996301094,0.4188126072600967,0.25,0.3410806356274128
4433569,Johni Broome,PHI,2026-05-10,1.0,2.0,3.0,7.0,11.0,0,0,0,0,0,0,0,0,0,0,,0,0,,0,0,0,0,0.0,,,,,,,,,,0.0,1.6666666666666667,2.8867513459481287,0.0,0.3333333333333333,0.0,0.0,0.3333333333333333,0.0,0.0,0.0,0.0,0.3333333333333333,,0.0,0.0,,0.3333333333333333,0.0,0.0,0.0,0.0,,0.2,,0.0,,0.0,,0.2,,0.2,,0.0,,0.0,,0.2,,1.0,2.23606797749979,0.0,0.2,0.0,0.0,0.2,0.0,0.0,0.0,0.0,0.2,,0.0,0.0,,0.2,0.0,0.0,0.0,0.0,,0.2,,0.0,,0.0,,0.2,,0.2,,0.0,,0.0,,0.2,,0.5,1.5811388300841898,0.0,0.1,0.0,0.0,0.1,0.0,0.0,0.0,0.0,0.1,,0.0,0.0,,0.1,0.0,0.0,0.0,0.0,,0.2,,0.0,,0.0,,0.2,,0.2,,0.0,,0.0,,0.2,,,,,NYK,True,6.95,0.0,0.19,0.0,0.0,0.1529,0.1251,0.417,0.19,0.19,0.0,0.19,0.278,0.062,0.248,0.0,0.0,0.31,0.07,0.044,0.124,0.3551844591194834,0.4924388286883965,2.5,1.3,0.6015812497078012,0.2776688675382964,0.25,0.3586418826629148
4711297,Justin Edwards,PHI,2026-05-10,1.0,2.0,3.0,7.0,16.0,0,0,0,0,0,0,0,0,0,0,,0,0,,0,0,0,2,2.0,0.0,0.0,0.0,0.0,0.0,0.0,0.0,0.0,0.0,0.0,6.0,8.717797887081348,2.6666666666666665,0.0,0.0,0.6666666666666666,1.3333333333333333,0.0,0.0,0.6666666666666666,0.6666666666666666,1.3333333333333333,,0.6666666666666666,1.3333333333333333,,0.0,0.0,1.6666666666666667,-2.6666666666666665,0.25,0.3535533905932738,0.0,0.0,0.0,0.0,0.0625,0.0883883476483184,0.125,0.1767766952966369,0.1249999999999999,0.1767766952966369,0.125,0.1767766952966369,0.0625,0.0883883476483184,0.2425,0.3429467888754755,6.0,6.782329983125269,2.0,1.0,0.0,0.4,1.2,0.0,0.0,0.8,0.6,1.6,,0.4,0.8,,0.2,0.8,1.6,-4.2,0.175,0.2362907813126304,0.125,0.2499999999999999,0.0,0.0,0.03125,0.0625,0.1125,0.1314977819838291,0.2625,0.2056493779875511,0.0625,0.125,0.08125,0.0986893273527251,0.3712499999999999,0.247600989497215,9.3,7.902882737049535,2.2,1.9,0.3,0.4,1.2,0.0,0.1,0.6,0.8,2.3,,0.2,0.5,,0.6,1.3,1.4,-5.8,0.167379679144385,0.2025111671166188,0.1713029617441382,0.1811054065464666,0.0284090909090909,0.0639948160533344,0.0286597593582887,0.0456387505512208,0.0992878445084327,0.0992535588050668,0.2354509461127108,0.2059298371260493,0.0386029411764705,0.0878624827074871,0.0598557692307692,0.0850478303843512,0.3122920094611271,0.2293697869439783,,,,NYK,True,9.26875,2.0915645161290324,1.4281693548387098,0.2033951612903225,0.4071935483870968,0.0,0.0996639784946236,0.597983870967742,3.723129032258064,3.519733870967742,2.294959677419355,1.6315645161290324,0.0996639784946236,2.556,1.76,0.388,0.404,4.704,0.02,0.074,0.342,2.565709258665136,1.3646977687385584,0.6111104646461227,0.6517545550281947,2.9699131300426957,0.25,0.2693028035502045,0.570119285763953
4870562,Dominick Barlow,PHI,2026-05-10,1.0,2.0,3.0,7.0,16.0,2,1,0,0,0,0,0,0,1,1,,0,0,,0,1,2,-7,12.0,0.1666666666666666,0.0833333333333333,0.0,0.0,0.0,0.0833333333333333,0.0,0.0,0.0833333333333333,0.0,13.666666666666666,2.0816659994661397,5.0,2.0,0.0,0.0,0.0,0.6666666666666666,0.6666666666666666,0.6666666666666666,2.333333333333333,2.333333333333333,,0.3333333333333333,0.6666666666666666,,0.3333333333333333,1.6666666666666667,1.0,-7.0,0.360042735042735,0.1863481862119743,0.1463675213675213,0.0760050274009932,0.0,0.0,0.0,0.0,0.0,0.0,0.1672008547008547,0.0757850739795705,0.0512820512820512,0.0888231183368655,0.0416666666666666,0.0721687836487032,0.2314316239316239,0.1284488122140236,8.6,7.127411872482187,3.0,1.2,0.0,0.0,0.0,0.4,0.4,0.4,1.4,1.4,,0.2,0.4,,0.2,1.0,0.6,-4.0,0.2700320512820512,0.2357077083322868,0.109775641025641,0.0959533165379662,0.0,0.0,0.0,0.0,0.0,0.0,0.125400641025641,0.1040093733527579,0.0384615384615384,0.0769230769230769,0.03125,0.0625,0.1735737179487179,0.1561715319076095,8.2,6.069962474714687,2.1,1.4,0.0,0.0,0.1,0.2,0.4,0.2,0.8,1.4,,0.5,0.6,,0.6,0.8,0.8,-4.8,0.2100160256410256,0.2027355702788209,0.1716085997335997,0.1506653891287747,0.0,0.0,0.0,0.0,0.0113636363636363,0.0321412173266612,0.1240639568764568,0.1416659410411073,0.0775641025641025,0.1221404390092149,0.015625,0.0441941738241592,0.173817162004662,0.1656724060818186,,,,NYK,True,10.445,2.912963414634146,1.6499756097560976,0.0,0.0,0.2547560975609756,0.5095121951219512,0.2547560975609756,4.562939024390244,4.562939024390244,2.912963414634146,1.6499756097560976,0.7642682926829268,3.034,2.224,0.138,0.202,5.396,0.28,0.322,0.296,2.6602338243094343,1.4525233216716351,0.3885305650782187,0.4440675624271604,3.0631983285448565,0.5268775948927796,0.5641950017502814,0.5624802218745117
5105637,Adem Bona,PHI,2026-05-10,1.0,2.0,3.0,7.0,16.0,0,0,0,0,0,0,0,0,0,0,,0,0,,0,0,1,-8,2.0,0.0,0.0,0.0,0.0,0.0,0.0,0.0,0.0,0.0,0.0,7.333333333333333,7.571877794400366,0.6666666666666666,2.6666666666666665,0.3333333333333333,0.0,0.0,0.0,0.6666666666666666,1.6666666666666667,0.0,0.0,,0.6666666666666666,1.3333333333333333,,2.0,0.6666666666666666,3.6666666666666665,-3.333333333333333,0.0416666666666667,0.0721687836487032,0.2291666666666666,0.2194927865177654,0.0208333333333333,0.0360843918243516,0.0,0.0,0.0,0.0,0.0,0.0,0.0833333333333333,0.1443375672974064,0.2916666666666667,0.4018187817080397,0.3283333333333333,0.3836122173932073,4.6,6.542170893518449,0.4,1.6,0.2,0.0,0.0,0.0,0.4,1.0,0.0,0.0,,0.4,0.8,,1.2,0.4,2.2,-2.8,0.03125,0.0625,0.171875,0.2127143526735639,0.015625,0.03125,0.0,0.0,0.0,0.0,0.0,0.0,0.0625,0.125,0.21875,0.3590351654086268,0.24625,0.3536329311588501,8.5,9.033886821911768,1.9,1.9,0.1,0.0,0.0,0.1,0.6,1.1,0.6,1.4,,0.7,1.2,,1.0,0.9,2.2,-0.1,0.2242288961038961,0.3517154196244251,0.1581777597402597,0.1557979102278963,0.0078125,0.0220970869120796,0.0,0.0,0.0,0.0,0.1404220779220779,0.1784385574144135,0.0831980519480519,0.1206606822995534,0.1722808441558441,0.2475429785877647,0.3493100649350649,0.2954763451712217,,,,NYK,True,8.91875,1.4841617647058825,1.8921617647058824,0.1389558823529411,0.0,0.1049264705882352,0.6295588235294117,1.1541911764705883,3.515279411764706,3.376323529411765,1.6231176470588236,2.0311176470588235,0.734485294117647,1.22,1.902,0.278,0.068,3.4,0.122,0.282,0.578,1.6209873534361705,1.3639633426159223,0.5373229941106188,0.251745903640953,2.189977168830762,0.383557036175847,0.5239045714631626,0.7509434066559211
5124612,VJ Edgecombe,PHI,2026-05-10,1.0,2.0,3.0,7.0,16.0,11,7,4,1,5,2,0,2,4,9,,2,2,,2,5,4,-9,40.0,0.275,0.175,0.1,0.025,0.125,0.225,0.05,0.05,0.297,0.0,36.0,6.92820323027551,13.333333333333334,4.333333333333333,3.0,2.0,5.666666666666667,1.3333333333333333,0.0,2.333333333333333,5.0,11.0,,1.3333333333333333,2.6666666666666665,,1.6666666666666667,2.6666666666666665,3.333333333333333,-9.666666666666666,0.3761904761904762,0.0876517149247615,0.1119047619047619,0.070560197679702,0.0821428571428571,0.0155674962269306,0.0571428571428571,0.0278937488425237,0.1595238095238095,0.0299517752985931,0.3142857142857143,0.0844399315538349,0.0738095238095238,0.0250848898877446,0.0619047619047619,0.0337558259018043,0.4086666666666667,0.0968108120683497,38.0,6.0,15.4,5.4,3.2,2.4,6.8,0.8,0.4,2.0,5.6,12.2,,1.8,2.6,,1.2,4.2,3.0,1.6,0.403943950786056,0.0908952228936838,0.1365208475734791,0.0656737619894338,0.0832570061517429,0.011890597546974,0.0622761449077238,0.0373034636783454,0.1772932330827067,0.0458368043712788,0.3237388926862611,0.0700432988582648,0.0691660970608339,0.0222547668279842,0.0507792207792207,0.0371874448568865,0.4049511961722488,0.086816613325212,37.6,4.526465385804788,14.6,6.1,3.0,2.1,6.6,1.1,0.3,1.8,5.6,13.1,,1.3,1.8,,2.1,4.0,2.8,-0.6,0.3919784657940665,0.1952445740652388,0.158656736783483,0.0749810930702571,0.0786392179309192,0.0251714184658515,0.055780929596719,0.0566229427075331,0.1751082093085415,0.0539481220833353,0.3525345416495458,0.1170270397255436,0.0480797805565607,0.0320341175275943,0.0471420756033381,0.02728893197782,0.4208317206977707,0.1226701225574186,,,,NYK,True,37.613,14.347028723404254,5.845265425531915,3.088622340425532,2.0644356382978724,1.100380319148936,0.3001037234042553,1.800622340425532,23.2809164893617,20.19229414893617,17.435651063829788,8.933887765957447,1.4004840425531913,16.224,6.82,3.326,2.042,26.37,0.894,0.256,1.232,6.239376891966057,2.732690981432039,1.7273459410320795,1.4656861874221234,7.158288901685933,0.950138937208659,0.4883277587850193,1.0835940199170535
6427,Bismack Biyombo,SAS,2026-05-10,0.0,2.0,3.0,5.0,13.0,0,0,0,0,0,0,0,0,0,0,,0,0,,0,0,0,0,0.0,,,,,,,,,,0.0,1.0,1.7320508075688772,0.6666666666666666,0.0,0.0,0.0,0.0,0.0,0.0,0.0,0.3333333333333333,0.6666666666666666,,0.0,0.0,,0.0,0.0,0.0,-1.3333333333333333,0.6666666666666666,,0.0,,0.0,,0.0,,0.0,,0.6666666666666666,,0.0,,0.0,,0.6666666666666666,,1.2,1.3038404810405295,0.4,0.2,0.0,0.0,0.0,0.0,0.0,0.0,0.2,0.4,,0.0,0.0,,0.0,0.2,0.0,-0.4,0.2222222222222222,0.3849001794597505,0.3333333333333333,0.5773502691896258,0.0,0.0,0.0,0.0,0.0,0.0,0.2222222222222222,0.3849001794597505,0.0,0.0,0.0,0.0,0.2222222222222222,0.3849001794597505,1.3,1.9465068427541912,0.4,0.2,0.0,0.0,0.0,0.0,0.0,0.1,0.2,0.3,,0.0,0.0,,0.0,0.2,0.0,-1.6,0.2,0.2981423969999719,0.2333333333333333,0.4346134936801766,0.0,0.0,0.0,0.0,0.0,0.0,0.1666666666666666,0.2886751345948128,0.0,0.0,0.0333333333333333,0.0745355992499929,0.2,0.2981423969999719,,,,MIN,False,5.8125,0.42,0.11,0.0,0.0,0.127875,0.104625,0.34875,0.53,0.53,0.42,0.11,0.2324999999999999,0.24,0.166,0.002,0.0,0.408,0.058,0.036,0.13,0.7002856560004639,0.412848640545176,0.25,1.3,0.8059379628730738,0.25,0.25,0.3536947836765479
6578,Harrison Barnes,SAS,2026-05-10,0.0,2.0,3.0,5.0,13.0,0,1,0,0,0,1,0,0,0,0,,0,0,,0,1,0,3,6.0,0.0,0.1666666666666666,0.0,0.0,0.0,0.0,0.0,0.0,0.0,0.0,10.333333333333334,4.5092497528228925,4.666666666666667,2.333333333333333,0.0,0.6666666666666666,1.6666666666666667,0.3333333333333333,0.3333333333333333,0.3333333333333333,1.6666666666666667,2.6666666666666665,,0.6666666666666666,0.6666666666666666,,1.3333333333333333,1.0,1.0,8.333333333333334,0.3333333333333333,0.4163331998932265,0.2333333333333333,0.1452966314513558,0.0,0.0,0.0444444444444444,0.0769800358919501,0.1111111111111111,0.1924500897298752,0.1888888888888888,0.2457038265277331,0.0444444444444444,0.0769800358919501,0.0222222222222222,0.038490017945975,0.2306666666666666,0.3168932522685412,11.0,3.391164991562633,3.8,1.8,0.2,0.4,1.6,0.2,0.2,0.2,1.4,2.6,,0.6,0.8,,1.2,0.6,1.0,6.6,0.2825174825174825,0.3029982052213394,0.1735664335664336,0.1314445166447906,0.0181818181818181,0.040655781409087,0.0266666666666666,0.0596284793999943,0.1156177156177156,0.1380280154089995,0.1958508158508158,0.1748587691110448,0.0574358974358974,0.0789810187002193,0.0133333333333333,0.0298142396999971,0.234455944055944,0.2278997546426268,14.0,7.318166133366716,5.2,1.4,0.3,0.6,2.0,0.2,0.1,0.1,1.9,3.9,,0.8,0.9,,0.7,0.7,0.7,5.2,0.2876786546786546,0.2495063935501082,0.1136836496836496,0.1105081214438946,0.0166623376623376,0.0304843093524474,0.0284761904761904,0.0485007266311449,0.1245188145188145,0.0993812577792207,0.2289167499167499,0.1444580825440957,0.0638045288045288,0.0766285246373565,0.0066666666666666,0.0210818510677892,0.2636574092574092,0.1692956438674524,,,,MIN,False,10.72875,3.3577844827586203,1.5179051724137933,0.1259913793103448,0.3319827586206896,0.1233189655172413,0.1233189655172413,0.1233189655172413,5.001681034482759,4.875689655172414,3.483775862068965,1.6438965517241382,0.2466379310344827,3.862,1.806,0.364,0.402,6.032,0.104,0.102,0.156,3.0415384265203684,1.2838862877996633,0.5757638404762841,0.6390586827514356,3.4086619075525806,0.3180943256331367,0.3155883394550565,0.3945427733465663
2488653,Mason Plumlee,SAS,2026-05-10,0.0,2.0,3.0,5.0,13.0,0,0,0,0,0,0,0,0,0,0,,0,0,,0,0,0,0,0.0,,,,,,,,,,0.0,1.0,1.7320508075688772,0.0,0.0,0.3333333333333333,0.0,0.0,0.0,0.6666666666666666,0.0,0.0,0.0,,0.0,0.0,,0.0,0.0,0.0,-1.3333333333333333,0.0,,0.0,,0.3333333333333333,,0.0,,0.0,,0.0,,0.0,,0.0,,0.0,,1.0,1.4142135623730925,0.0,0.0,0.2,0.0,0.0,0.0,0.4,0.0,0.0,0.0,,0.0,0.0,,0.0,0.0,0.0,-0.2,0.0,0.0,0.0,0.0,0.1666666666666666,0.2357022603955158,0.0,0.0,0.0,0.0,0.0,0.0,0.0,0.0,0.0,0.0,0.0,0.0,2.1,4.998888765404657,0.2,0.3,0.2,0.0,0.0,0.0,0.2,0.0,0.1,0.1,,0.0,0.0,,0.1,0.2,0.1,-0.7,0.0416666666666666,0.0721687836487032,0.0625,0.1082531754730548,0.1319444444444444,0.1771854280857371,0.0,0.0,0.0,0.0,0.0208333333333333,0.0360843918243516,0.0,0.0,0.0,0.0,0.0208333333333333,0.0360843918243516,,,,MIN,False,6.075,0.04,0.06,0.21,0.0,0.13365,0.1093499999999999,0.3645,0.31,0.1,0.25,0.27,0.243,0.06,0.104,0.188,0.0,0.352,0.058,0.028,0.16,0.3469870314579494,0.3304300228490142,0.4343454846087387,1.3,0.65122653508591,0.25,0.25,0.4176122603564219
2489663,Kelly Olynyk,SAS,2026-05-10,0.0,2.0,3.0,5.0,13.0,0,0,0,0,0,0,0,0,0,0,,0,0,,0,0,0,0,0.0,,,,,,,,,,0.0,3.333333333333333,5.773502691896258,1.6666666666666667,0.3333333333333333,0.6666666666666666,0.3333333333333333,0.6666666666666666,0.3333333333333333,0.0,0.3333333333333333,0.6666666666666666,1.0,,0.0,0.0,,0.0,0.3333333333333333,0.6666666666666666,0.3333333333333333,0.5,,0.1,,0.2,,0.1,,0.2,,0.3,,0.0,,0.1,,0.4,,2.2,4.381780460041329,1.0,0.2,0.4,0.2,0.4,0.2,0.0,0.2,0.4,0.6,,0.0,0.4,,0.0,0.2,0.4,0.2,0.25,0.3535533905932738,0.05,0.0707106781186547,0.1,0.1414213562373095,0.05,0.0707106781186547,0.1,0.1414213562373095,0.15,0.2121320343559642,1.0,1.4142135623730951,0.05,0.0707106781186547,0.64,0.3394112549695428,1.2,3.1198290551460244,0.5,0.1,0.2,0.1,0.2,0.1,0.0,0.1,0.2,0.3,,0.0,0.2,,0.0,0.1,0.2,0.1,0.1666666666666666,0.2886751345948129,0.0333333333333333,0.0577350269189625,0.0666666666666666,0.1154700538379251,0.0333333333333333,0.0577350269189625,0.0666666666666666,0.1154700538379251,0.0999999999999999,0.1732050807568877,0.6666666666666666,1.1547005383792517,0.0333333333333333,0.0577350269189625,0.4266666666666667,0.4406056437828881,,,,MIN,False,6.6,2.03,0.4059999999999999,0.8119999999999999,0.4059999999999999,0.5499999999999999,0.0,0.5499999999999999,3.248,2.436,2.842,1.218,0.5499999999999999,1.172,0.27,0.356,0.192,1.798,0.108,0.0,0.154,1.7281249954792044,0.5030904491242107,0.5841780550482876,0.4507061126721047,1.907143413590074,0.3351656306962275,1.3,0.3772055142757062
3064560,Luke Kornet,SAS,2026-05-10,0.0,2.0,3.0,5.0,12.0,2,1,0,0,0,0,1,0,1,1,,0,0,,0,1,3,-9,11.0,0.1818181818181818,0.0909090909090909,0.0,0.0,0.0,0.0909090909090909,0.0,0.0,0.0909090909090909,0.0,10.666666666666666,2.516611478423579,2.6666666666666665,1.6666666666666667,0.3333333333333333,0.0,0.0,0.6666666666666666,1.3333333333333333,0.6666666666666666,0.6666666666666666,1.0,,1.3333333333333333,1.3333333333333333,,0.6666666666666666,1.0,1.6666666666666667,2.0,0.2465034965034964,0.0630098646536363,0.1649184149184149,0.0801213177798657,0.0256410256410256,0.0444115591684328,0.0,0.0,0.0,0.0,0.0976107226107226,0.0247291636278775,0.1346153846153846,0.1261045870058077,0.0833333333333333,0.1443375672974064,0.2401748251748251,0.2137185442750577,11.4,2.073644135332769,3.0,3.0,0.8,0.0,0.0,0.6,0.8,0.6,1.0,2.4,,1.0,1.0,,1.4,1.6,1.8,-1.0,0.2581585081585081,0.0904296724534771,0.2617715617715618,0.1906197555010754,0.0615384615384615,0.1002954216185023,0.0,0.0,0.0,0.0,0.206002331002331,0.213054123119158,0.0961538461538461,0.107072391592885,0.0666666666666666,0.1086533734200441,0.31497668997669,0.2490102121125366,17.3,7.846442930823283,6.1,5.2,1.6,0.1,0.1,0.9,0.7,0.6,2.6,4.0,,0.8,1.0,,2.2,3.0,1.8,3.4,0.3324614274614274,0.17525876891366,0.2973387723387724,0.1453652815048705,0.0803540903540903,0.0853705537100269,0.0033333333333333,0.0105409255338945,0.0033333333333333,0.0105409255338945,0.2279034854034853,0.165164696989823,0.0654578754578754,0.0850898221509742,0.0457936507936507,0.0774215739260025,0.3024986013986014,0.1806160983083648,,,,MIN,False,13.638750000000002,4.456366279069767,3.633441860465117,0.8509244186046512,0.0714360465116279,0.6343604651162792,0.6343604651162792,0.5286337209302326,8.940732558139535,8.089808139534885,5.307290697674419,4.484366279069768,1.2687209302325584,4.964,3.594,1.312,0.386,9.87,0.404,0.264,0.408,3.326064340929081,1.869000802568046,1.1021143316371491,0.5941413973121213,4.01162062014842,0.6639156572939067,0.4922438420132851,0.6461702562018775
3134916,Jordan McLaughlin,SAS,2026-05-10,0.0,2.0,3.0,5.0,10.0,0,0,0,0,0,0,0,0,0,0,,0,0,,0,0,0,0,0.0,,,,,,,,,,0.0,3.333333333333333,5.773502691896258,0.6666666666666666,0.0,0.6666666666666666,0.0,0.0,0.3333333333333333,0.0,0.0,0.3333333333333333,0.3333333333333333,,0.0,0.0,,0.0,0.0,0.3333333333333333,0.3333333333333333,0.2,,0.0,,0.2,,0.0,,0.0,,0.1,,0.0,,0.0,,0.1,,2.6,4.219004621945797,0.8,0.0,0.6,0.0,0.0,0.4,0.0,0.0,0.4,0.4,,0.0,0.0,,0.0,0.0,0.4,0.6,0.4000000000000001,0.5291502622129183,0.0,0.0,0.2333333333333333,0.2516611478423583,0.0,0.0,0.0,0.0,0.2,0.264575131106459,0.0,0.0,0.0,0.0,0.2,0.264575131106459,3.333333333333333,3.968626966596886,1.2222222222222223,0.5555555555555556,0.4444444444444444,0.1111111111111111,0.1111111111111111,0.3333333333333333,0.0,0.0,0.4444444444444444,0.6666666666666666,,0.2222222222222222,0.2222222222222222,,0.2222222222222222,0.3333333333333333,0.2222222222222222,1.6666666666666667,0.4870370370370371,0.4280542637036771,0.1759259259259259,0.2120350153550717,0.1999999999999999,0.2449489742783178,0.0277777777777777,0.0680413817439771,0.0277777777777777,0.0680413817439771,0.2574074074074074,0.2172120391664507,0.037037037037037,0.0907218423253028,0.0,0.0,0.2737037037037037,0.2074913851154291,,,,MIN,False,6.716666666666667,1.529777777777778,0.0444444444444444,1.1295555555555556,0.0088888888888888,1.0333333333333334,0.0,0.0,2.703777777777778,1.5742222222222224,2.659333333333333,1.1740000000000002,1.0333333333333334,0.858,0.214,0.634,0.05,1.706,0.196,0.004,0.01,1.427527933176791,0.456293765024244,0.7899645561669207,0.25,1.7365379350880878,0.4621514903145936,0.25,0.25
4066259,De'Aaron Fox,SAS,2026-05-10,0.0,2.0,3.0,5.0,13.0,17,3,5,1,5,1,0,2,7,19,,2,3,,1,2,3,-2,35.0,0.4857142857142857,0.0857142857142857,0.1428571428571428,0.0285714285714285,0.1428571428571428,0.5428571428571428,0.0857142857142857,0.0571428571428571,0.6377142857142857,0.0,31.33333333333333,4.72581562625261,14.333333333333334,2.0,4.333333333333333,1.0,3.6666666666666665,1.3333333333333333,0.0,3.0,5.666666666666667,14.333333333333334,,2.0,2.6666666666666665,,0.3333333333333333,1.6666666666666667,2.333333333333333,3.0,0.468043068043068,0.1569251670767677,0.0588744588744588,0.0510528934642616,0.1338661338661338,0.053022395643219,0.0351648351648351,0.0388830901383607,0.1136641136641136,0.0336088466941074,0.4505716505716505,0.0823409656986269,0.0926739926739926,0.0963425672841515,0.0924741924741924,0.0779359303584836,0.5838223998223998,0.0678036286249244,33.4,4.722287581247038,18.4,3.0,5.8,1.8,4.8,1.2,0.4,2.8,7.2,14.8,,2.2,3.2,,0.4,2.6,2.4,11.2,0.5479449961802902,0.1598152162937868,0.0837409649174355,0.0547785581687622,0.1691582926877044,0.0681824502634399,0.0533764274940745,0.0402115467901054,0.1386358739299915,0.0464275020130116,0.4398754186989481,0.060641021419941,0.099646627881922,0.068996667744964,0.0826338367514838,0.0570921618905843,0.5663537717184777,0.0550382617598243,33.2,3.73571352696584,18.6,3.3,6.2,1.9,5.6,0.9,0.3,2.1,7.1,15.6,,2.5,3.4,,0.5,2.8,2.6,7.5,0.5609854851031322,0.1284635653597313,0.0953230756171932,0.055743625407262,0.1874057315233785,0.0802418119854744,0.057553590200649,0.0372382944922606,0.166223972106325,0.0977507207829904,0.4691949880185174,0.0740130568493961,0.1035645073880368,0.053337904770466,0.0628388604859193,0.0512797539694105,0.5776022317551729,0.0671264388474452,,,,MIN,False,33.29325,17.418526937269373,3.020511808118081,5.592463653136532,1.5422559040590404,1.105679889298893,0.2457066420664206,2.334213099630996,26.031502398523983,20.439038745387453,23.010990590405903,8.612975461254614,1.3513865313653135,15.928,4.266,4.278,1.876,24.472,0.77,0.17,1.528,5.9985678290738695,2.021693349645292,1.9871376399233145,1.326885074149227,6.790965763424228,0.8860586888011426,0.4013726448077896,1.239845151621766
4066317,Lindy Waters III,SAS,2026-05-10,0.0,2.0,3.0,5.0,13.0,0,0,0,0,0,0,0,0,0,0,,0,0,,0,0,0,0,0.0,,,,,,,,,,0.0,2.6666666666666665,4.618802153517007,2.6666666666666665,1.3333333333333333,0.3333333333333333,0.6666666666666666,1.3333333333333333,0.0,0.0,0.3333333333333333,1.0,1.6666666666666667,,0.0,0.0,,0.6666666666666666,0.6666666666666666,0.3333333333333333,0.3333333333333333,1.0,,0.5,,0.125,,0.25,,0.5,,0.625,,0.0,,0.125,,0.75,,2.2,3.3466401061363023,1.6,1.0,0.2,0.4,1.0,0.0,0.0,0.2,0.6,1.2,,0.0,0.0,,0.4,0.6,0.2,0.6,0.3333333333333333,0.5773502691896258,0.5,0.5,0.0416666666666666,0.0721687836487032,0.0833333333333333,0.1443375672974064,0.5,0.5,0.5416666666666666,0.5051814855409226,0.0,0.0,0.0416666666666666,0.0721687836487032,0.5833333333333334,0.5204164998665333,1.2,2.485513584307633,0.8,0.5,0.1,0.2,0.5,0.0,0.0,0.1,0.3,0.6,,0.0,0.0,,0.2,0.3,0.1,0.3,0.25,0.5,0.375,0.478713553878169,0.03125,0.0625,0.0625,0.125,0.375,0.478713553878169,0.40625,0.4934466367636255,0.0,0.0,0.03125,0.0625,0.4375,0.5153882032022076,,,,MIN,False,6.25,1.52,0.85,0.19,0.38,0.1374999999999999,0.1124999999999999,0.375,2.56,2.37,1.71,1.04,0.2499999999999999,1.424,0.618,0.17,0.216,2.212,0.05,0.038,0.17,1.8644634616961528,0.7720595831929036,0.4208325082500163,0.4531489821239809,2.084,0.25,0.25,0.430232495285979
4395630,Devin Vassell,SAS,2026-05-10,0.0,2.0,3.0,5.0,13.0,13,6,3,1,6,2,0,1,6,14,,0,0,,1,5,2,10,36.0,0.3611111111111111,0.1666666666666666,0.0833333333333333,0.0277777777777777,0.1666666666666666,0.3888888888888889,0.0,0.0277777777777777,0.4166666666666667,0.0,31.33333333333333,8.082903768654761,12.333333333333334,5.333333333333333,3.333333333333333,2.0,6.0,1.6666666666666667,0.3333333333333333,0.6666666666666666,4.666666666666667,11.333333333333334,,1.0,1.0,,1.6666666666666667,3.6666666666666665,2.333333333333333,10.0,0.4015151515151514,0.047979797979798,0.1776094276094276,0.0451966119820163,0.1161616161616161,0.0568602537838267,0.0673400673400673,0.0344706990394667,0.202020202020202,0.0612341194595057,0.3678451178451178,0.0548818966757677,0.0395622895622895,0.0465861754276825,0.0185185185185185,0.0160375074774896,0.4037710437710438,0.0529586175737456,32.6,5.9833101206606365,11.6,4.6,3.0,1.4,5.0,1.4,0.6,1.0,4.6,10.8,,1.0,1.0,,1.2,3.4,2.4,13.2,0.3625897631779984,0.0635833929284702,0.1467337237925473,0.0730062879339316,0.0986045327221797,0.047800672457948,0.0461183261183261,0.0392502824940924,0.1618843901196842,0.0708708530498228,0.3368415244885833,0.0621224667297775,0.0355020796197266,0.0393518966316067,0.028422035480859,0.0202145207569356,0.3808844750021221,0.0538986499514968,32.4,4.452215428550399,12.4,5.1,2.6,1.8,5.8,1.4,0.7,1.3,4.7,11.5,,1.2,1.5,,1.1,4.0,1.9,8.0,0.3818989616048439,0.1095705352969472,0.1582252496958379,0.0919836947963665,0.0836258948023653,0.0367664169959945,0.0567093908270378,0.0426598781391874,0.1823880259174377,0.0631381796504208,0.3553983815748521,0.0682722033238966,0.04743018419489,0.046759342561528,0.0389485895368248,0.0248172094049446,0.4152162521574286,0.084511198801199,,,,MIN,False,32.7985,12.330204545454546,5.406392045454544,2.847925,1.6835886363636363,1.490840909090909,0.8696571969696969,1.1181306818181815,20.58452159090909,17.73659659090909,15.178129545454546,8.254317045454545,2.360498106060606,13.16,5.792,2.97,1.606,21.922,0.866,0.376,0.942,5.41686256056031,2.29013886041873,1.734675762210333,1.2754465884544128,6.109657600880756,0.9716192669971092,0.6313667713777785,0.9667657420492308
4395723,Keldon Johnson,SAS,2026-05-10,0.0,2.0,3.0,5.0,13.0,11,2,1,2,4,1,0,0,3,7,,3,4,,0,2,1,-11,19.0,0.5789473684210527,0.1052631578947368,0.0526315789473684,0.1052631578947368,0.2105263157894736,0.3684210526315789,0.2105263157894736,0.0,0.4610526315789474,0.0,20.666666666666668,2.8867513459481287,10.333333333333334,4.666666666666667,1.0,0.6666666666666666,2.333333333333333,0.3333333333333333,0.3333333333333333,0.3333333333333333,3.333333333333333,8.333333333333334,,3.0,4.666666666666667,,0.6666666666666666,4.0,2.333333333333333,1.3333333333333333,0.5036549707602339,0.0656553213135432,0.2383040935672514,0.2496663414148933,0.0489766081871345,0.0063305950569037,0.0350877192982456,0.0607737125462763,0.1154970760233918,0.0837171830539205,0.402046783625731,0.0292031935021026,0.2383040935672514,0.170564605957922,0.0175438596491228,0.0303868562731381,0.5244444444444445,0.1165468760200981,19.4,2.7018512172212605,9.4,4.0,1.0,0.8,2.2,0.4,0.2,0.6,3.2,7.6,,2.2,3.6,,0.8,3.2,1.8,0.2,0.4858531131750946,0.0722346484531837,0.2103027175782593,0.1965436487394949,0.0522617819057447,0.0064504930397273,0.0439284485724114,0.0446609919438106,0.1150498796009631,0.0592452375048382,0.3889404884760922,0.0597767478240329,0.188734090127279,0.1384149722981619,0.0327485380116959,0.049379723584993,0.5047320261437909,0.1260038411773725,20.2,2.485513584307635,9.7,4.8,1.3,1.0,2.7,0.6,0.2,0.9,3.3,8.1,,2.1,3.0,,1.2,3.6,2.1,3.2,0.4732764844374751,0.2007798178941852,0.238455832093603,0.138441393011661,0.06385094867293,0.0299232562522218,0.0505392603612417,0.0332321109222885,0.1325141172896591,0.0664358300685776,0.3954045876723895,0.1056660329240735,0.1478302485268429,0.1279878536609349,0.0459990886306675,0.0449437065257626,0.506448985654868,0.1353471494889898,,,,MIN,False,19.747,8.700899999999999,4.3582,1.1835,0.92365,0.7595000000000001,0.2531666666666666,1.0126666666666666,14.2426,13.0591,9.8844,5.5417000000000005,1.0126666666666666,8.458,4.584,1.74,1.224,14.782,0.502,0.156,0.798,4.462761028780277,2.171392180146184,1.22,1.0610485380037995,5.121960171653036,0.7169351435102063,0.4238679039512192,0.8973271421282206
4433618,Harrison Ingram,SAS,2026-05-10,0.0,28.0,0.0,0.0,4.0,0,0,0,0,0,0,0,0,0,0,,0,0,,0,0,0,0,0.0,,,,,,,,,,0.0,2.0,3.4641016151377544,0.0,0.0,0.0,0.0,0.0,0.0,0.0,0.0,0.0,0.0,,0.0,0.0,,0.0,0.0,0.0,-0.6666666666666666,0.0,,0.0,,0.0,,0.0,,0.0,,0.0,,0.0,,0.0,,0.0,,2.0,3.4641016151377544,0.0,0.0,0.0,0.0,0.0,0.0,0.0,0.0,0.0,0.0,,0.0,0.0,,0.0,0.0,0.0,-0.6666666666666666,0.0,,0.0,,0.0,,0.0,,0.0,,0.0,,0.0,,0.0,,0.0,,2.0,3.4641016151377544,0.0,0.0,0.0,0.0,0.0,0.0,0.0,0.0,0.0,0.0,,0.0,0.0,,0.0,0.0,0.0,-0.6666666666666666,0.0,,0.0,,0.0,,0.0,,0.0,,0.0,,0.0,,0.0,,0.0,,,,,MIN,False,8.0,0.0,0.0,0.0,0.0,0.176,0.144,0.48,0.0,0.0,0.0,0.0,0.3199999999999999,0.134,0.014,0.01,0.006,0.158,0.104,0.072,0.208,0.5477627223533927,0.25,0.25,0.25,0.563059499520255,0.3117434842943795,0.2807418743258654,0.4698254995208327
4592479,Julian Champagnie,SAS,2026-05-10,0.0,2.0,3.0,5.0,13.0,6,12,3,2,6,2,0,0,2,7,,0,0,,4,8,2,5,29.0,0.2068965517241379,0.4137931034482758,0.1034482758620689,0.0689655172413793,0.2068965517241379,0.2413793103448276,0.0,0.0,0.2413793103448276,0.0,27.666666666666668,5.131601439446884,11.666666666666666,7.333333333333333,1.6666666666666667,3.0,6.333333333333333,1.3333333333333333,0.3333333333333333,0.3333333333333333,4.333333333333333,8.333333333333334,,0.0,0.0,,2.333333333333333,5.0,1.6666666666666667,10.333333333333334,0.4278670323928944,0.1914977996561018,0.2563022466039708,0.1424759829601847,0.0647857889237199,0.0564553507178269,0.114844566353187,0.0593099192609704,0.2327912748171368,0.0350897279245068,0.2963688610240334,0.069877147186159,0.0,0.0,0.0104166666666666,0.0180421959121758,0.3067855276907001,0.0875531816966603,28.4,3.781534080237808,12.4,6.4,1.6,3.2,6.0,1.0,0.2,0.2,4.4,8.0,,0.4,0.6,,1.4,5.0,1.6,12.6,0.4385592998955068,0.185804400750645,0.2211376698014628,0.1207352283727128,0.0588714733542319,0.0539368999717768,0.1160331765935214,0.0543568907827529,0.2139276384535005,0.0491989663282301,0.2792006269592476,0.0638560282881633,0.02,0.0447213595499957,0.00625,0.0139754248593736,0.2942506269592476,0.0804801606571272,27.8,2.859681411936962,10.7,5.8,1.3,2.4,4.7,1.1,0.7,0.5,3.8,6.9,,0.7,0.9,,1.1,4.7,1.9,6.7,0.3857981684662719,0.1566474482279564,0.2061984645303611,0.0879159888749284,0.04750981075119,0.0410719099493982,0.0872017734819459,0.048860125900385,0.1700008562637873,0.0593891555221731,0.2479706838499941,0.0792572827968719,0.0322222222222222,0.0457307014857114,0.0178657407407407,0.0189716481856572,0.2800142023685127,0.0811156419859188,,,,MIN,False,28.185,10.787159292035398,6.476889380530973,1.5311017699115044,2.7662035398230085,1.2471238938053095,0.4988495575221238,0.4988495575221238,18.79515044247788,17.26404867256637,12.318261061946902,8.007991150442477,1.7459734513274336,15.712,5.924,2.008,2.554,23.644,0.74,0.328,0.596,5.845430351992914,2.3225468778907348,1.369648129995438,1.520224983349504,6.56210819782789,0.860464990571958,0.5444409977215162,0.7853559702453404
4845367,Stephon Castle,SAS,2026-05-10,0.0,2.0,3.0,5.0,11.0,13,4,12,1,3,0,0,4,3,11,,6,8,,0,4,3,17,40.0,0.325,0.1,0.3,0.025,0.075,0.275,0.2,0.1,0.4629999999999999,0.0,30.666666666666668,8.32666399786453,17.0,4.333333333333333,7.0,1.3333333333333333,3.0,0.6666666666666666,0.0,3.0,4.333333333333333,9.666666666666666,,7.0,8.333333333333334,,0.3333333333333333,4.0,4.666666666666667,12.666666666666666,0.6023809523809524,0.275030919721258,0.1484126984126984,0.0423470526093778,0.2150793650793651,0.0737839177293743,0.044047619047619,0.0560536065094931,0.0984126984126984,0.0713921865001546,0.3257936507936508,0.0788804648819016,0.2869047619047618,0.0875060736473193,0.1027777777777777,0.104194440741728,0.5548095238095238,0.2053066563198858,30.2,6.418722614352485,16.4,3.4,6.8,1.8,4.2,0.6,0.2,3.4,5.0,10.8,,4.6,5.6,,0.4,3.0,5.0,13.4,0.5754145854145853,0.2059566207605381,0.1149217449217449,0.0578235426778559,0.2208891108891109,0.0763821538132207,0.0616267066267066,0.0502544551211755,0.1415651015651015,0.0796206088537324,0.3698351648351649,0.1095792612022752,0.1919563769563769,0.1441993275930447,0.1117832167832167,0.0966954479000437,0.5660791874791875,0.1461935127657727,31.6,5.059644256269407,17.9,5.4,7.3,1.8,4.1,0.9,0.2,3.1,5.5,12.8,,5.1,6.2,,0.8,4.6,3.9,5.3,0.5794227700058224,0.2092926037438214,0.1731654982446367,0.1104888794721478,0.2324904203760483,0.0959664831097697,0.0580527018259087,0.0375067151976549,0.1302846859900621,0.0600115335974109,0.4063025197211359,0.0990741844851113,0.1988793907918787,0.1101108926745938,0.0979901248343394,0.0675881189542099,0.5917995765039019,0.127898448739113,,,,MIN,False,32.058499999999995,17.818566406249996,4.147524609375,6.927992578124999,1.743056640625,0.7513710937499999,0.2504570312499999,3.3811699218749998,28.89408359375,21.966091015625,24.746558984375,11.0755171875,1.0018281249999998,16.224,5.332,4.716,2.132,26.272,0.556,0.2,1.994,6.480881421535191,2.2999513038323225,2.14554049134478,1.4651197903243272,7.150805269338552,0.7313439683213365,0.447213595499958,1.43734616568174
5037871,Dylan Harper,SAS,2026-05-10,0.0,2.0,3.0,5.0,13.0,8,4,1,0,2,1,1,1,2,6,,4,6,,1,3,2,-1,20.0,0.4,0.2,0.05,0.0,0.1,0.3,0.3,0.05,0.482,0.0,23.666666666666668,4.725815626252609,12.333333333333334,5.0,3.333333333333333,0.6666666666666666,3.0,1.0,0.3333333333333333,1.0,4.666666666666667,9.666666666666666,,2.333333333333333,3.0,,0.6666666666666666,4.333333333333333,2.6666666666666665,6.333333333333333,0.506896551724138,0.1105063473031866,0.2187042842215256,0.0915695033415109,0.1384012539184953,0.0886372990812332,0.0266457680250783,0.0237190375398456,0.1247648902821316,0.0214613379645927,0.4009404388714734,0.0874731735855601,0.1344827586206896,0.1523888261654093,0.0469696969696969,0.04553024000399,0.5070825496342738,0.0337502128831602,24.4,3.507135583350036,11.4,4.0,2.4,0.6,2.4,1.4,0.2,0.8,4.2,8.8,,2.4,3.2,,0.8,3.2,2.6,5.4,0.4589071618037136,0.2145877006981992,0.1702994936098384,0.0934995475170737,0.0987330600434048,0.0829398382091243,0.0236797685073547,0.021970486468163,0.0985512418615866,0.0416460237427344,0.3577950325536532,0.0934062061219164,0.1351511936339522,0.1148418135917124,0.0358741258741258,0.0381083593670162,0.4531356836267181,0.1035967013033451,24.2,3.7653389990514494,12.2,4.1,2.6,0.7,2.1,1.0,0.3,1.2,4.5,8.8,,2.5,3.0,,1.1,3.0,2.6,7.5,0.4890187982931611,0.2141820194179322,0.1679256665373606,0.1004386097608735,0.1053903130020071,0.0719951410386146,0.0251732175870106,0.0423940971079025,0.0840396491730824,0.0524696730925367,0.3643824661096025,0.0832113584543503,0.1210575737772139,0.0972765459673565,0.0507018343974865,0.0448948558048129,0.4683496329690632,0.0799626176105709,,,,MIN,False,23.9245,11.781848484848483,4.192948484848485,2.381471212121212,0.7274893939393939,1.0874772727272728,0.2416616161616162,1.2083080808080808,18.356268181818184,15.974796969696971,14.163319696969698,6.574419696969697,1.329138888888889,11.59,4.662,2.6,1.12,18.852,0.724,0.164,1.002,5.271612656483782,2.0784022709764343,1.5836666315863324,1.0205880657738458,6.016817763569044,0.8554671238569019,0.4302371439101928,1.006973683866664
5061568,Carter Bryant,SAS,2026-05-10,0.0,2.0,2.0,4.0,12.0,6,0,0,2,2,0,0,0,2,2,,0,0,,0,0,2,7,8.0,0.75,0.0,0.0,0.25,0.25,0.25,0.0,0.0,0.25,0.0,8.333333333333334,7.505553499465137,2.6666666666666665,0.6666666666666666,0.6666666666666666,0.6666666666666666,1.3333333333333333,0.0,0.0,0.3333333333333333,1.0,1.6666666666666667,,0.0,0.6666666666666666,,0.3333333333333333,0.3333333333333333,2.333333333333333,8.333333333333334,0.2916666666666666,0.4018187817080398,0.0416666666666666,0.0721687836487034,0.0416666666666666,0.0721687836487032,0.0833333333333333,0.1443375672974064,0.125,0.1249999999999998,0.1458333333333333,0.1301041249666332,0.0416666666666666,0.0721687836487032,0.0208333333333333,0.0360843918243516,0.185,0.1625576820700885,10.8,8.700574693662482,3.4,1.8,1.4,1.0,2.2,0.0,0.6,0.4,1.2,2.6,,0.0,0.4,,1.2,0.6,2.4,7.8,0.4010869565217391,0.4446303237114008,0.1105072463768115,0.112245768656954,0.0931159420289855,0.0870282011331991,0.1253623188405797,0.1556622267554955,0.2097826086956521,0.1859617112042865,0.2309782608695652,0.178997516906244,0.025,0.0559016994374947,0.0458333333333333,0.0727677049857207,0.2878115942028986,0.2413767049978227,15.0,10.252370999486466,6.6,2.7,2.0,1.5,2.9,0.1,0.7,0.7,2.5,4.5,,0.1,0.4,,1.3,1.4,2.7,4.9,0.4182101449275362,0.3443184144665169,0.1745869565217391,0.1405565167131506,0.103891304347826,0.0769343506823826,0.1063478260869565,0.1177843720536685,0.1808913043478261,0.1435178382360399,0.2564891304347826,0.1725744212355382,0.0198333333333333,0.0400034720715312,0.0465833333333333,0.0537892119387117,0.3117991304347826,0.2122077032923183,,,,MIN,False,10.312,3.805325714285715,1.6970514285714289,1.231497142857143,0.9903314285714286,0.0,0.4419428571428572,0.4419428571428572,6.733874285714287,5.502377142857144,5.036822857142858,2.928548571428572,0.4419428571428572,6.044,2.182,1.466,1.014,9.692,0.044,0.244,0.42,4.005254548714726,1.4982910264698244,1.2364643140826994,1.0028978013735996,4.536202817335221,0.25,0.49037128790336,0.6508456038109193
5104157,Victor Wembanyama,SAS,2026-05-10,0.0,2.0,3.0,5.0,10.0,39,15,1,3,5,1,5,1,13,18,,10,12,,1,14,5,16,37.0,1.054054054054054,0.4054054054054054,0.027027027027027,0.081081081081081,0.1351351351351351,0.4864864864864865,0.3243243243243243,0.027027027027027,0.6562162162162163,0.0,34.333333333333336,7.371114795831994,23.0,15.0,2.6666666666666665,1.6666666666666667,6.666666666666667,0.6666666666666666,6.333333333333333,2.0,8.333333333333334,16.666666666666668,,4.666666666666667,5.666666666666667,,2.333333333333333,12.666666666666666,3.0,11.0,0.6866077616077616,0.3914000272143432,0.4524428274428274,0.1088697458087673,0.0763167013167013,0.0489893011465026,0.0526680526680526,0.0456592277478285,0.2014553014553014,0.0670596614785811,0.4961365211365211,0.0764198776628431,0.1632363132363132,0.1432857196983248,0.0596500346500346,0.0282687110776406,0.6276105336105336,0.0946087125087272,34.2,5.215361924162119,22.6,14.2,2.8,1.4,5.2,1.2,6.4,2.2,7.8,14.8,,5.6,6.2,,1.6,12.6,3.0,16.2,0.6707881863764216,0.2964445563533913,0.4244068729362847,0.0885020585909681,0.0810841384370796,0.035250413752434,0.0433655374831845,0.0347079100234781,0.1561672985202397,0.0807877222653887,0.438858383270148,0.1410128350900296,0.1802947291182585,0.1060355133766192,0.0652017854959031,0.0378224078652642,0.5833898495780849,0.1702172592372841,28.666666666666668,9.526279441628825,23.33333333333333,10.88888888888889,2.4444444444444446,1.6666666666666667,4.777777777777778,0.7777777777777778,4.444444444444445,2.333333333333333,8.222222222222221,14.666666666666666,,5.222222222222222,6.111111111111111,,1.4444444444444444,9.444444444444445,2.2222222222222223,10.555555555555555,0.8257972441795971,0.3965630688579669,0.3799314277255454,0.1196503347074109,0.0859849720143837,0.0500674945812653,0.0564184350949056,0.0478987184246209,0.1669687529981647,0.0748201363234798,0.5169745485921956,0.2120781202847747,0.2288221170574111,0.1182323194634142,0.09064564358682,0.046153444975143,0.7083019236842767,0.2416903002735784,,,,MIN,False,32.60966666666667,23.989775,12.805703703703704,2.416874074074074,1.7963222222222224,0.905824074074074,4.5,2.5665015432098763,39.21235277777778,36.79547870370371,26.406649074074075,15.222577777777776,5.405824074074074,18.49,9.038,2.604,1.878,30.132,0.676,1.088,1.718,6.670074962097503,2.953735939450241,1.547638200614084,1.3248079106044015,7.342109778530964,0.8526570236619178,1.131483981327177,1.2831508095309765
