player_id,player_name,team,asof_date,is_home,days_rest,games_last7,games_last14,season_game_number,lag1_pts,lag1_reb,lag1_ast,lag1_threes,lag1_fg3a,lag1_stl,lag1_blk,lag1_tov,lag1_fgm,lag1_fga,lag1_fg_pct,lag1_ftm,lag1_fta,lag1_ft_pct,lag1_oreb,lag1_dreb,lag1_pf,lag1_plus_minus,lag1_min,lag1_pts_per_min,lag1_reb_per_min,lag1_ast_per_min,lag1_fg3m_per_min,lag1_fg3a_per_min,lag1_fga_per_min,lag1_fta_per_min,lag1_tov_per_min,lag1_usage_per_min,b2b,roll3_min,roll3_min_std,roll3_pts,roll3_reb,roll3_ast,roll3_threes,roll3_fg3a,roll3_stl,roll3_blk,roll3_tov,roll3_fgm,roll3_fga,roll3_fg_pct,roll3_ftm,roll3_fta,roll3_ft_pct,roll3_oreb,roll3_dreb,roll3_pf,roll3_plus_minus,roll3_pts_per_min,roll3_pts_per_min_std,roll3_reb_per_min,roll3_reb_per_min_std,roll3_ast_per_min,roll3_ast_per_min_std,roll3_fg3m_per_min,roll3_fg3m_per_min_std,roll3_fg3a_per_min,roll3_fg3a_per_min_std,roll3_fga_per_min,roll3_fga_per_min_std,roll3_fta_per_min,roll3_fta_per_min_std,roll3_tov_per_min,roll3_tov_per_min_std,roll3_usage_per_min,roll3_usage_per_min_std,roll5_min,roll5_min_std,roll5_pts,roll5_reb,roll5_ast,roll5_threes,roll5_fg3a,roll5_stl,roll5_blk,roll5_tov,roll5_fgm,roll5_fga,roll5_fg_pct,roll5_ftm,roll5_fta,roll5_ft_pct,roll5_oreb,roll5_dreb,roll5_pf,roll5_plus_minus,roll5_pts_per_min,roll5_pts_per_min_std,roll5_reb_per_min,roll5_reb_per_min_std,roll5_ast_per_min,roll5_ast_per_min_std,roll5_fg3m_per_min,roll5_fg3m_per_min_std,roll5_fg3a_per_min,roll5_fg3a_per_min_std,roll5_fga_per_min,roll5_fga_per_min_std,roll5_fta_per_min,roll5_fta_per_min_std,roll5_tov_per_min,roll5_tov_per_min_std,roll5_usage_per_min,roll5_usage_per_min_std,roll10_min,roll10_min_std,roll10_pts,roll10_reb,roll10_ast,roll10_threes,roll10_fg3a,roll10_stl,roll10_blk,roll10_tov,roll10_fgm,roll10_fga,roll10_fg_pct,roll10_ftm,roll10_fta,roll10_ft_pct,roll10_oreb,roll10_dreb,roll10_pf,roll10_plus_minus,roll10_pts_per_min,roll10_pts_per_min_std,roll10_reb_per_min,roll10_reb_per_min_std,roll10_ast_per_min,roll10_ast_per_min_std,roll10_fg3m_per_min,roll10_fg3m_per_min_std,roll10_fg3a_per_min,roll10_fg3a_per_min_std,roll10_fga_per_min,roll10_fga_per_min_std,roll10_fta_per_min,roll10_fta_per_min_std,roll10_tov_per_min,roll10_tov_per_min_std,roll10_usage_per_min,roll10_usage_per_min_std,injury_status,team_on_slate,playing_today,pred_min,pred_pts,pred_reb,pred_ast,pred_threes,pred_stl,pred_blk,pred_tov,pred_pra,pred_pr,pred_pa,pred_ra,pred_stocks,mean_pts,mean_reb,mean_ast,mean_threes,mean_pra,mean_stl,mean_blk,mean_tov
3992,James Harden,CLE,2026-06-12,0.0,18.0,0.0,0.0,10.0,12,4,2,0,6,1,1,5,2,8,,8,9,,0,4,2,-19,33.0,0.3636363636363636,0.1212121212121212,0.0606060606060606,0.0,0.1818181818181818,0.2424242424242424,0.2727272727272727,0.1515151515151515,0.5139393939393939,0.0,35.333333333333336,4.932882862316244,16.333333333333332,5.0,3.0,1.3333333333333333,6.666666666666667,1.3333333333333333,0.3333333333333333,3.6666666666666665,5.333333333333333,12.666666666666666,,4.333333333333333,5.0,,0.0,5.0,2.0,-16.333333333333332,0.4631836659275683,0.099432019373443,0.1435544469081054,0.0380597595103894,0.0816857600394185,0.0348837665902398,0.039380081300813,0.0486393569439632,0.1904332963784183,0.0251416836590213,0.3590093003202759,0.113318008564857,0.1465493348115299,0.109756688103128,0.0992855383099285,0.0860227025282255,0.5227765459472776,0.0188213618164345,36.8,4.549725266430929,14.6,4.8,3.6,1.0,6.8,1.0,0.4,3.6,4.6,12.8,,4.4,5.8,,0.2,4.6,3.0,-4.8,0.3993387709851125,0.1184108614616161,0.1329580649702601,0.0342487638734767,0.0966305036426987,0.0464865355387807,0.0283899535423925,0.0384736683036616,0.1856885492556224,0.0207153319782917,0.3471516119381973,0.0895251044450341,0.160945473902791,0.0848481514730276,0.0936983071129412,0.0735791571666502,0.5116659275683666,0.0678967721665017,37.888888888888886,3.8873012632302006,18.77777777777778,4.555555555555555,5.111111111111111,2.111111111111111,7.555555555555555,1.5555555555555556,0.6666666666666666,4.111111111111111,5.555555555555555,14.0,,5.555555555555555,7.0,,0.5555555555555556,4.0,2.6666666666666665,-0.1111111111111111,0.493293171533387,0.1512165355587684,0.121114002852044,0.0651628585967454,0.1336769785933144,0.0747274058313531,0.0558814917542938,0.0463334547553268,0.1994955939191617,0.02862750950357,0.3670955424937747,0.0785996345056863,0.1854246975973673,0.1047107540702038,0.1059218543951007,0.0701282368233822,0.554604263831717,0.1152417258402394,,,,36.35505555555555,15.565555555555555,4.691111111111112,3.482222222222222,1.1722222222222225,0.7998112222222221,0.6543909999999998,2.181303333333333,23.73888888888889,20.256666666666668,19.047777777777775,8.173333333333334,1.454202222222222,15.565555555555555,4.691111111111112,3.482222222222222,1.1722222222222225,23.73888888888889,0.7998112222222221,0.6543909999999998,2.181303333333333
2580365,Larry Nance Jr.,CLE,2026-06-12,0.0,18.0,0.0,0.0,9.0,0,0,0,0,0,0,0,0,0,0,,0,0,,0,0,0,0,0.0,,,,,,,,,,0.0,0.0,0.0,0.0,0.0,0.0,0.0,0.0,0.0,0.0,0.0,0.0,0.0,,0.0,0.0,,0.0,0.0,0.0,0.0,,,,,,,,,,,,,,,,,,,0.0,0.0,0.0,0.0,0.0,0.0,0.0,0.0,0.0,0.0,0.0,0.0,,0.0,0.0,,0.0,0.0,0.0,0.0,,,,,,,,,,,,,,,,,,,0.0,0.0,0.0,0.0,0.0,0.0,0.0,0.0,0.0,0.0,0.0,0.0,,0.0,0.0,,0.0,0.0,0.0,0.0,,,,,,,,,,,,,,,,,,,,,,8.0,0.0,0.0,0.0,0.0,0.176,0.144,0.48,0.0,0.0,0.0,0.0,0.3199999999999999,0.0,0.0,0.0,0.0,0.0,0.176,0.144,0.48
3032979,Dennis Schroder,CLE,2026-06-12,0.0,20.0,0.0,0.0,9.0,3,0,2,1,1,0,0,0,1,1,,0,0,,0,0,1,2,9.0,0.3333333333333333,0.0,0.2222222222222222,0.1111111111111111,0.1111111111111111,0.1111111111111111,0.0,0.0,0.1111111111111111,0.0,15.0,5.196152422706632,3.333333333333333,1.3333333333333333,3.333333333333333,0.6666666666666666,2.0,0.3333333333333333,0.0,0.0,1.3333333333333333,5.0,,0.0,0.6666666666666666,,0.3333333333333333,1.0,1.6666666666666667,1.0,0.2407407407407407,0.0848625128695525,0.074074074074074,0.1283000598199168,0.2222222222222222,0.0555555555555555,0.0555555555555555,0.0555555555555555,0.1296296296296296,0.0848625128695525,0.2962962962962963,0.1951046991269025,0.037037037037037,0.0641500299099584,0.0,0.0,0.3125925925925926,0.1948260805079508,15.6,3.911521443121589,2.4,1.8,3.2,0.4,1.4,0.4,0.0,1.0,1.0,4.0,,0.0,0.4,,0.4,1.4,1.6,2.2,0.1666666666666666,0.1242259987499882,0.1044444444444444,0.1004926138186223,0.2066666666666667,0.0462147429846342,0.0333333333333333,0.0496903994999953,0.0911111111111111,0.0832962880621836,0.2422222222222222,0.1734543736925835,0.0222222222222222,0.0496903994999953,0.0622222222222222,0.0908125188520113,0.3142222222222222,0.1738780614307439,17.125,3.8706773124535783,4.375,1.5,2.875,0.75,1.625,0.375,0.25,1.25,1.625,4.125,,0.375,0.875,,0.25,1.25,1.5,0.75,0.2471813725490196,0.1562202779869768,0.0834595959595959,0.0855906821075965,0.1772950089126559,0.096658646107042,0.0441287878787878,0.0547048453462993,0.0938428401663695,0.0663999558843482,0.2342097445038621,0.1319557732729742,0.0506535947712418,0.1057791337901565,0.0712084076054664,0.0720970316036857,0.3277057338086749,0.14730337557641,,,,12.72775,3.165,1.33,2.995,0.64,0.2800105,0.2290994999999999,0.763665,7.49,4.495,6.16,4.325,0.50911,3.165,1.33,2.995,0.64,7.49,0.2800105,0.2290994999999999,0.763665
3908809,Donovan Mitchell,CLE,2026-06-12,0.0,18.0,0.0,0.0,10.0,31,4,1,5,9,1,0,4,9,18,,8,10,,0,4,3,-23,32.0,0.96875,0.125,0.03125,0.15625,0.28125,0.5625,0.3125,0.125,0.825,0.0,36.333333333333336,3.78593889720018,26.666666666666668,3.0,2.0,3.333333333333333,8.666666666666666,1.3333333333333333,0.3333333333333333,3.333333333333333,8.666666666666666,19.0,,6.0,8.333333333333334,,0.0,3.0,4.0,-17.666666666666668,0.7468932748538011,0.1945710733686358,0.0846266306792622,0.0517296629122511,0.0540513945119208,0.0444392695700891,0.0954931399010346,0.0544048663256727,0.2412983580746738,0.0542890174620487,0.5255566801619432,0.0556605396157005,0.233721322537112,0.0773448962982364,0.0940733243364822,0.0593553305582342,0.7224673864147548,0.1211947586334597,36.2,4.43846820423443,27.0,4.0,3.4,3.2,8.6,2.2,0.6,2.8,9.6,20.4,,4.6,6.4,,0.4,3.6,4.6,-9.8,0.7573413150302979,0.1459165214992261,0.1138758997293512,0.0598568945544936,0.0986778862744223,0.0948406312867177,0.0897113048690236,0.040977072934216,0.237147228849525,0.0469499434701039,0.5694646139193533,0.0890387630205663,0.1838205197221098,0.1060039864617252,0.0759561897238405,0.0597220892166637,0.726301832320922,0.0966573537917387,37.22222222222222,3.666666666666667,28.0,4.777777777777778,3.2222222222222223,2.7777777777777777,8.555555555555555,1.4444444444444444,0.3333333333333333,2.555555555555556,9.666666666666666,21.11111111111111,,5.888888888888889,7.222222222222222,,0.6666666666666666,4.111111111111111,3.4444444444444446,-4.777777777777778,0.7618230950421206,0.2278305159056672,0.1301131924294374,0.0662157916726366,0.0894684773145061,0.0691940092853595,0.0763510876960191,0.0394300902312786,0.2303583485555306,0.0553532448722461,0.5723018543088733,0.0961361185406194,0.1984443967522977,0.111940882384422,0.0682728303074901,0.0460541446297532,0.7278902191873744,0.1197049706843507,,,,35.52938888888889,27.7,3.855555555555556,2.5844444444444443,3.4255555555555555,0.7816465555555555,0.6395289999999999,2.131763333333333,34.14,31.555555555555557,30.284444444444443,6.44,1.4211755555555554,27.7,3.855555555555556,2.5844444444444443,3.4255555555555555,34.14,0.7816465555555555,0.6395289999999999,2.131763333333333
3912848,Dean Wade,CLE,2026-06-12,0.0,18.0,0.0,0.0,10.0,0,1,1,0,1,2,1,0,0,1,,0,0,,1,0,0,-14,12.0,0.0,0.0833333333333333,0.0833333333333333,0.0,0.0833333333333333,0.0833333333333333,0.0,0.0,0.0833333333333333,0.0,16.666666666666668,4.509249752822893,1.0,2.0,1.6666666666666667,0.3333333333333333,1.6666666666666667,1.0,0.3333333333333333,0.6666666666666666,0.3333333333333333,1.6666666666666667,,0.0,0.0,,0.6666666666666666,1.3333333333333333,1.0,-8.333333333333334,0.0476190476190476,0.0824786098842322,0.1146125116713352,0.0298777062769361,0.0950046685340803,0.0432154728794902,0.0158730158730158,0.0274928699614107,0.0950046685340803,0.0432154728794902,0.0950046685340803,0.0432154728794902,0.0,0.0,0.0317460317460317,0.0549857399228215,0.126750700280112,0.0972028147638557,20.0,6.244997998398398,3.6,3.4,1.8,1.0,2.2,0.6,0.2,0.4,1.2,2.4,,0.2,0.2,,1.2,2.2,1.0,-1.4,0.1451559934318555,0.1505425668476067,0.1603931227663479,0.0773350472286287,0.0872162658166715,0.0379095953624067,0.0397372742200328,0.042841096971642,0.1010093692649473,0.0542965046622677,0.1105331787887568,0.046156549083987,0.0068965517241379,0.0154211584655157,0.019047619047619,0.0425917709999959,0.1326152805949966,0.0765160294096885,20.55555555555556,4.7987266829626565,2.6666666666666665,3.555555555555556,1.0,0.7777777777777778,1.6666666666666667,0.4444444444444444,0.1111111111111111,0.5555555555555556,0.8888888888888888,1.8888888888888888,,0.1111111111111111,0.1111111111111111,,1.1111111111111112,2.4444444444444446,0.7777777777777778,-0.7777777777777778,0.1154015768620231,0.1254406055831109,0.1639348499080397,0.0774984276786533,0.0484534810092619,0.0532121654322968,0.0336627162184971,0.0363393903312875,0.0792892217841507,0.0595096337896113,0.0894111449495522,0.0520289619063078,0.003831417624521,0.0114942528735632,0.0284848238812433,0.0467694046342536,0.1195817925855848,0.0820395099047575,,,,16.717222222222222,2.0933333333333333,2.651111111111111,1.48,0.6055555555555555,0.3677788888888889,0.3009099999999999,1.0030333333333332,6.224444444444444,4.7444444444444445,3.5733333333333333,4.131111111111111,0.6686888888888889,2.0933333333333333,2.651111111111111,1.48,0.6055555555555555,6.224444444444444,0.3677788888888889,0.3009099999999999,1.0030333333333332
3934723,Thomas Bryant,CLE,2026-06-12,0.0,18.0,0.0,0.0,10.0,10,3,0,2,5,0,0,0,4,7,,0,0,,0,3,0,-4,9.0,1.1111111111111112,0.3333333333333333,0.0,0.2222222222222222,0.5555555555555556,0.7777777777777778,0.0,0.0,0.7777777777777778,0.0,3.333333333333333,4.932882862316247,3.333333333333333,1.3333333333333333,0.0,0.6666666666666666,1.6666666666666667,0.0,0.0,0.0,1.3333333333333333,2.6666666666666665,,0.0,0.0,,0.0,1.3333333333333333,0.0,-0.6666666666666666,0.5555555555555556,0.7856742013183862,0.6666666666666666,0.4714045207910317,0.0,0.0,0.1111111111111111,0.1571348402636772,0.2777777777777778,0.3928371006591931,0.8888888888888888,0.1571348402636772,0.0,0.0,0.0,0.0,0.8888888888888888,0.1571348402636772,2.8,3.8340579025361623,2.0,1.6,0.2,0.4,1.4,0.0,0.0,0.2,0.8,2.4,,0.0,0.0,,0.4,1.2,0.2,-0.2,0.3703703703703704,0.6415002990995842,0.7777777777777778,0.3849001794597505,0.0833333333333333,0.1443375672974064,0.074074074074074,0.1283000598199168,0.3518518518518518,0.3059761415158946,0.925925925925926,0.1283000598199168,0.0,0.0,0.0833333333333333,0.1443375672974064,1.0092592592592593,0.2362472374476495,1.7777777777777777,3.032234233110042,1.1111111111111112,0.8888888888888888,0.1111111111111111,0.2222222222222222,0.8888888888888888,0.0,0.0,0.1111111111111111,0.4444444444444444,1.5555555555555556,,0.0,0.0,,0.2222222222222222,0.6666666666666666,0.1111111111111111,-0.5555555555555556,0.2777777777777778,0.5555555555555556,0.5833333333333334,0.5,0.0625,0.125,0.0555555555555555,0.1111111111111111,0.3888888888888889,0.2605786533235238,0.9444444444444444,0.1111111111111111,0.0,0.0,0.0625,0.125,1.0069444444444444,0.1929506109645805,,,,8.35,3.4222222222222225,1.5877777777777775,0.0922222222222222,0.6844444444444444,0.1836999999999999,0.1503,0.501,5.102222222222222,5.01,3.514444444444445,1.6799999999999995,0.3339999999999999,3.4222222222222225,1.5877777777777775,0.0922222222222222,0.6844444444444444,5.102222222222222,0.1836999999999999,0.1503,0.501
4065778,Max Strus,CLE,2026-06-12,0.0,18.0,0.0,0.0,10.0,5,2,2,1,4,0,0,2,2,6,,0,0,,0,2,3,-9,22.0,0.2272727272727272,0.0909090909090909,0.0909090909090909,0.0454545454545454,0.1818181818181818,0.2727272727272727,0.0,0.0909090909090909,0.3636363636363636,0.0,26.33333333333333,4.509249752822893,7.666666666666667,4.333333333333333,3.6666666666666665,2.0,6.333333333333333,0.6666666666666666,0.0,1.6666666666666667,2.333333333333333,8.333333333333334,,1.0,1.0,,2.0,2.333333333333333,4.666666666666667,-9.666666666666666,0.279645086096699,0.1222487204387483,0.1568538987893827,0.0674989583508238,0.1332806977968268,0.053608848194624,0.0709827806602,0.0503937685322969,0.230167681780585,0.1088703700960776,0.3096849387171967,0.0670634072206188,0.0363937138130686,0.0386279385569416,0.0687645687645687,0.0607962767167598,0.3944627415595157,0.0280430355989292,26.4,3.3615472627943213,8.0,3.6,2.8,1.8,6.0,1.2,0.0,1.6,2.4,7.6,,1.4,1.4,,1.6,2.0,4.2,-5.8,0.2960727659437336,0.0893231978472848,0.131540910702201,0.059762428305949,0.1022541329638103,0.0580119657927551,0.0657325255389771,0.0395803451853184,0.2218148947826367,0.0808014813344093,0.283810963230318,0.0593000226228753,0.0521219425735554,0.0349152503133008,0.0652587412587412,0.060589924335644,0.3720033592214237,0.0543782391756159,27.88888888888889,4.044887033170532,8.666666666666666,4.777777777777778,2.111111111111111,2.111111111111111,6.111111111111111,1.1111111111111112,0.1111111111111111,1.4444444444444444,2.7777777777777777,7.666666666666667,,1.0,1.0,,1.6666666666666667,3.111111111111111,3.888888888888889,-4.444444444444445,0.2989261488544643,0.1231965408215559,0.1652276980950816,0.0656919580415399,0.0766717326215534,0.0559126921461711,0.0708327262807549,0.0471540265153353,0.2156331561707906,0.0617700863235756,0.2744185629848712,0.0476217416817118,0.0351294742692592,0.0361238899433989,0.0567360211804656,0.0493995530182421,0.3466115528438109,0.0563399311479722,,,,26.186555555555557,7.583333333333333,3.815555555555556,2.8022222222222224,1.8022222222222224,0.5761042222222221,0.4713579999999999,1.5711933333333332,14.20111111111111,11.398888888888887,10.385555555555555,6.617777777777778,1.047462222222222,7.583333333333333,3.815555555555556,2.8022222222222224,1.8022222222222224,14.20111111111111,0.5761042222222221,0.4713579999999999,1.5711933333333332
4066328,Jarrett Allen,CLE,2026-06-12,0.0,18.0,0.0,0.0,10.0,6,3,1,0,0,2,2,1,3,5,,0,0,,0,3,0,-22,26.0,0.2307692307692307,0.1153846153846153,0.0384615384615384,0.0,0.0,0.1923076923076923,0.0,0.0384615384615384,0.2307692307692307,0.0,30.33333333333333,5.131601439446881,12.0,6.666666666666667,0.3333333333333333,0.0,0.0,1.0,1.3333333333333333,0.3333333333333333,5.0,8.0,,2.0,3.333333333333333,,3.0,3.6666666666666665,1.0,-18.666666666666668,0.3837557716868061,0.1330301406358389,0.2182188820119854,0.1165544384662301,0.0128205128205128,0.0222057795842163,0.0,0.0,0.0,0.0,0.2623784261715297,0.0770097304541389,0.1060025542784163,0.1035428355489618,0.0128205128205128,0.0222057795842163,0.3218400628745456,0.1044549441641796,30.2,5.06951674225463,13.8,6.8,1.0,0.0,0.0,1.0,1.2,0.8,5.2,8.8,,3.4,6.2,,3.6,3.2,1.4,-11.4,0.4713963201549409,0.2711824631715321,0.2269313292071912,0.0879476758836267,0.0328351648351648,0.0354805878882255,0.0,0.0,0.0,0.0,0.303712769988632,0.1582473021580359,0.2133158182813355,0.1938288990589957,0.0294065934065934,0.0330600884471636,0.4269783234390131,0.2579578110726031,31.22222222222222,4.085883557377088,13.88888888888889,6.777777777777778,1.0,0.0,0.0,0.8888888888888888,1.4444444444444444,0.8888888888888888,5.222222222222222,8.333333333333334,,3.4444444444444446,5.666666666666667,,3.7777777777777777,3.0,1.2222222222222223,-4.444444444444445,0.4531677087280535,0.2054871866370315,0.2178167878311556,0.0788523981408987,0.0319763261429928,0.0251488092742328,0.0,0.0,0.0,0.0,0.2738990697467709,0.1212477167237943,0.1869501459587666,0.1430856431282497,0.0300715642382309,0.0234327941654877,0.3862286982068591,0.1926434453156876,,,,30.22938888888889,12.10777777777778,6.185555555555556,0.8,0.0,0.6650465555555556,0.544129,1.8137633333333332,19.093333333333337,18.293333333333337,12.90777777777778,6.985555555555556,1.2091755555555554,12.10777777777778,6.185555555555556,0.8,0.0,19.093333333333337,0.6650465555555556,0.544129,1.8137633333333332
4066757,Sam Merrill,CLE,2026-06-12,0.0,18.0,0.0,0.0,10.0,5,1,1,1,2,0,0,1,2,4,,0,0,,1,0,3,-13,18.0,0.2777777777777778,0.0555555555555555,0.0555555555555555,0.0555555555555555,0.1111111111111111,0.2222222222222222,0.0,0.0555555555555555,0.2777777777777778,0.0,21.666666666666668,3.21455025366432,5.0,1.3333333333333333,0.6666666666666666,1.0,4.333333333333333,0.3333333333333333,0.0,0.6666666666666666,1.6666666666666667,5.666666666666667,,0.6666666666666666,1.3333333333333333,,0.3333333333333333,1.0,3.0,-7.333333333333333,0.2338969404186795,0.0537722247418394,0.0601851851851851,0.0626284687892068,0.0324074074074074,0.0289120277703629,0.0462962962962963,0.0424312564347762,0.1940418679549114,0.0994844622935811,0.2594605475040257,0.076841243682608,0.0579710144927536,0.1004087424677609,0.0330112721417069,0.0292193998576876,0.3179790660225443,0.134336257124204,23.6,3.646916505762095,10.0,1.2,1.2,2.2,5.8,0.6,0.0,0.8,3.2,7.2,,1.4,1.8,,0.4,0.8,3.4,-3.4,0.4100524499654934,0.2996934480820649,0.0512539682539682,0.0459676072040793,0.0497301587301587,0.0314608019759912,0.0892063492063492,0.0736912347919343,0.237567977915804,0.0929932637885462,0.2999620427881297,0.0824600987707383,0.0739254658385093,0.0863081461954056,0.0358067632850241,0.0352354843750572,0.368296011042098,0.1394813846153246,21.0,4.500000000000001,8.777777777777779,0.8888888888888888,1.1111111111111112,2.0,5.444444444444445,0.5555555555555556,0.0,0.4444444444444444,2.7777777777777777,6.555555555555555,,1.2222222222222223,1.4444444444444444,,0.2222222222222222,0.6666666666666666,3.111111111111111,-2.6666666666666665,0.4123307261713058,0.2213842003349052,0.0409744268077601,0.0401295512794929,0.052363315696649,0.0387941585485927,0.0930776014109347,0.0540102220365008,0.2586356491066636,0.0943835777203482,0.3137355264166858,0.0932315516379221,0.0680538302277432,0.075702960545857,0.0198926462694578,0.0312556445720457,0.3635718579863507,0.1187944155398141,,,,21.429,7.5055555555555555,1.1477777777777778,0.9922222222222222,1.62,0.471438,0.385722,1.28574,9.645555555555555,8.653333333333332,8.497777777777777,2.14,0.85716,7.5055555555555555,1.1477777777777778,0.9922222222222222,1.62,9.645555555555555,0.471438,0.385722,1.28574
4278046,Olivier Sarr,CLE,2026-06-12,0.0,34.0,0.0,0.0,2.0,0,0,0,0,0,0,0,0,0,0,,0,0,,0,0,0,0,0.0,,,,,,,,,,0.0,0.0,,0.0,0.0,0.0,0.0,0.0,0.0,0.0,0.0,0.0,0.0,,0.0,0.0,,0.0,0.0,0.0,0.0,,,,,,,,,,,,,,,,,,,0.0,,0.0,0.0,0.0,0.0,0.0,0.0,0.0,0.0,0.0,0.0,,0.0,0.0,,0.0,0.0,0.0,0.0,,,,,,,,,,,,,,,,,,,0.0,,0.0,0.0,0.0,0.0,0.0,0.0,0.0,0.0,0.0,0.0,,0.0,0.0,,0.0,0.0,0.0,0.0,,,,,,,,,,,,,,,,,,,,,,8.0,0.0,0.0,0.0,0.0,0.176,0.144,0.48,0.0,0.0,0.0,0.0,0.3199999999999999,0.0,0.0,0.0,0.0,0.0,0.176,0.144,0.48
4431734,Tristan Enaruna,CLE,2026-06-12,0.0,34.0,0.0,0.0,2.0,0,0,0,0,0,0,0,0,0,0,,0,0,,0,0,0,0,0.0,,,,,,,,,,0.0,0.0,,0.0,0.0,0.0,0.0,0.0,0.0,0.0,0.0,0.0,0.0,,0.0,0.0,,0.0,0.0,0.0,0.0,,,,,,,,,,,,,,,,,,,0.0,,0.0,0.0,0.0,0.0,0.0,0.0,0.0,0.0,0.0,0.0,,0.0,0.0,,0.0,0.0,0.0,0.0,,,,,,,,,,,,,,,,,,,0.0,,0.0,0.0,0.0,0.0,0.0,0.0,0.0,0.0,0.0,0.0,,0.0,0.0,,0.0,0.0,0.0,0.0,,,,,,,,,,,,,,,,,,,,,,8.0,0.0,0.0,0.0,0.0,0.176,0.144,0.48,0.0,0.0,0.0,0.0,0.3199999999999999,0.0,0.0,0.0,0.0,0.0,0.176,0.144,0.48
4432158,Evan Mobley,CLE,2026-06-12,0.0,18.0,0.0,0.0,10.0,15,7,4,1,4,1,0,3,7,15,,0,1,,2,5,1,-30,33.0,0.4545454545454545,0.2121212121212121,0.1212121212121212,0.0303030303030303,0.1212121212121212,0.4545454545454545,0.0303030303030303,0.0909090909090909,0.5587878787878787,0.0,35.333333333333336,2.081665999466131,17.666666666666668,6.333333333333333,3.0,1.3333333333333333,4.333333333333333,0.3333333333333333,1.0,3.0,7.333333333333333,13.666666666666666,,1.6666666666666667,3.0,,1.6666666666666667,4.666666666666667,1.0,-18.666666666666668,0.4998634998634998,0.1493915265824474,0.1803166803166803,0.0276354631350171,0.0859495859495859,0.0330979290620232,0.0373782873782873,0.0144967279324519,0.122986622986623,0.0428203778289926,0.3902538902538903,0.1524249419024084,0.0831740831740831,0.0458122874404811,0.0856083356083356,0.0561190033755895,0.5124588224588225,0.2024980970552413,36.4,2.509980079602226,17.8,9.0,3.6,1.4,5.0,0.6,1.6,2.8,7.0,13.4,,2.4,4.4,,1.6,7.4,1.2,-6.2,0.4915847665847666,0.129277875140538,0.2448566748566748,0.0907013068379276,0.0999030849030849,0.0443074082494057,0.0379825279825279,0.0129418132621608,0.136014196014196,0.0471451727147159,0.3697078897078897,0.1194800168110197,0.121015561015561,0.1090775907186207,0.0774761124761124,0.0417843457160016,0.5004308490308491,0.1445017031419271,37.333333333333336,2.9154759474226504,17.333333333333332,8.333333333333334,4.111111111111111,1.3333333333333333,4.333333333333333,1.0,2.2222222222222223,2.7777777777777777,6.333333333333333,12.333333333333334,,3.333333333333333,5.555555555555555,,1.8888888888888888,6.444444444444445,1.8888888888888888,-2.555555555555556,0.4663103161165176,0.1023289250816103,0.2227052199920417,0.0708464079079064,0.1089370812239029,0.0466798761928954,0.0352912054462442,0.0179628614253626,0.1163163298822213,0.0466208292251493,0.3320524297268483,0.1107690164228245,0.1496863101514264,0.0972716421889403,0.0742708895809671,0.0347086374798074,0.472185295774443,0.1255684433990599,,,,35.316833333333335,17.246666666666666,7.766666666666667,3.5822222222222218,1.3066666666666664,0.7769703333333333,0.635703,2.11901,28.595555555555556,25.01333333333333,20.828888888888887,11.348888888888888,1.4126733333333332,17.246666666666666,7.766666666666667,3.5822222222222218,1.3066666666666664,28.595555555555556,0.7769703333333333,0.635703,2.11901
4683747,Jaylon Tyson,CLE,2026-06-12,0.0,18.0,0.0,0.0,10.0,2,3,2,0,4,1,0,2,1,6,,0,0,,1,2,2,-21,16.0,0.125,0.1875,0.125,0.0,0.25,0.375,0.0,0.125,0.5,0.0,11.666666666666666,3.785938897200179,3.0,3.0,1.0,0.0,2.6666666666666665,0.3333333333333333,0.0,1.0,1.0,4.0,,1.0,1.0,,0.6666666666666666,2.333333333333333,1.3333333333333333,-6.0,0.2861111111111111,0.1434527925963928,0.2736111111111111,0.0764141372415495,0.0787037037037037,0.0685122619766145,0.0,0.0,0.2203703703703703,0.0978682241609171,0.3324074074074074,0.0962384085265345,0.1037037037037037,0.1002055500627309,0.0787037037037037,0.0685122619766145,0.4567407407407407,0.0648132486583267,7.8,6.099180272790763,1.8,1.8,0.6,0.0,1.8,0.2,0.0,0.6,0.6,2.6,,0.6,0.6,,0.4,1.4,0.8,-3.4,0.2145833333333334,0.1848892311027814,0.2052083333333333,0.1503612547980511,0.0590277777777777,0.0683948458458062,0.0,0.0,0.2277777777777777,0.0812707713240432,0.3118055555555555,0.0887259791871357,0.0777777777777777,0.0968644209675705,0.0590277777777777,0.0683948458458062,0.4050555555555556,0.1161289725762048,7.333333333333333,5.5,1.6666666666666667,1.5555555555555556,0.5555555555555556,0.1111111111111111,1.4444444444444444,0.1111111111111111,0.1111111111111111,0.5555555555555556,0.5555555555555556,2.111111111111111,,0.4444444444444444,0.5555555555555556,,0.3333333333333333,1.2222222222222223,0.5555555555555556,-3.2222222222222223,0.274702380952381,0.3261437662072167,0.1673363095238095,0.1573390336166874,0.0473710317460317,0.0659293183083037,0.0089285714285714,0.0252538136138052,0.1562996031746031,0.1155437571652136,0.3024801587301587,0.12142500513489,0.0701388888888888,0.1038473943106645,0.0801091269841269,0.1151669925000285,0.4134503968253968,0.1514265873925796,,,,10.937833333333334,2.1633333333333336,2.2911111111111118,0.9211111111111112,0.0222222222222222,0.2406323333333333,0.196881,0.65627,5.375555555555556,4.454444444444444,3.0844444444444448,3.2122222222222225,0.4375133333333333,2.1633333333333336,2.2911111111111118,0.9211111111111112,0.0222222222222222,5.375555555555556,0.2406323333333333,0.196881,0.65627
4701233,Craig Porter Jr.,CLE,2026-06-12,0.0,18.0,0.0,0.0,10.0,0,1,3,0,0,0,0,3,0,0,,0,0,,0,1,1,-4,9.0,0.0,0.1111111111111111,0.3333333333333333,0.0,0.0,0.0,0.0,0.3333333333333333,0.3333333333333333,0.0,3.333333333333333,4.932882862316247,0.0,0.3333333333333333,1.0,0.0,0.0,0.0,0.0,1.0,0.0,0.0,,0.0,0.0,,0.0,0.3333333333333333,0.3333333333333333,-0.6666666666666666,0.0,0.0,0.0555555555555555,0.0785674201318386,0.1666666666666666,0.2357022603955158,0.0,0.0,0.0,0.0,0.0,0.0,0.0,0.0,0.1666666666666666,0.2357022603955158,0.1666666666666666,0.2357022603955158,2.8,3.8340579025361623,0.4,0.6,0.8,0.0,0.0,0.0,0.0,0.6,0.2,0.4,,0.0,0.0,,0.0,0.6,0.2,-0.2,0.1666666666666666,0.2886751345948129,0.2037037037037037,0.2625453125695893,0.1944444444444444,0.1734721666221777,0.0,0.0,0.0,0.0,0.1666666666666666,0.2886751345948129,0.0,0.0,0.1111111111111111,0.1924500897298752,0.2777777777777777,0.2545875386086578,1.7777777777777777,3.032234233110042,0.2222222222222222,0.3333333333333333,0.4444444444444444,0.0,0.0,0.0,0.0,0.4444444444444444,0.1111111111111111,0.2222222222222222,,0.0,0.0,,0.0,0.3333333333333333,0.1111111111111111,-0.5555555555555556,0.125,0.25,0.1527777777777778,0.2373334373699314,0.1458333333333333,0.1717960677340692,0.0,0.0,0.0,0.0,0.125,0.25,0.0,0.0,0.0833333333333333,0.1666666666666666,0.2083333333333333,0.25,,,,8.35,0.1844444444444444,0.5266666666666666,1.1188888888888888,0.0,0.1836999999999999,0.1503,0.501,1.83,0.711111111111111,1.3033333333333332,1.6455555555555554,0.3339999999999999,0.1844444444444444,0.5266666666666666,1.1188888888888888,0.0,1.83,0.1836999999999999,0.1503,0.501
4702177,Keon Ellis,CLE,2026-06-12,0.0,18.0,0.0,0.0,10.0,5,2,1,1,3,1,0,0,1,3,,2,2,,0,2,1,-20,16.0,0.3125,0.125,0.0625,0.0625,0.1875,0.1875,0.125,0.0,0.2425,0.0,5.666666666666667,8.962886439832502,1.6666666666666667,0.6666666666666666,0.3333333333333333,0.3333333333333333,1.0,0.3333333333333333,0.0,0.0,0.3333333333333333,1.0,,0.6666666666666666,0.6666666666666666,,0.0,0.6666666666666666,0.3333333333333333,-6.0,0.15625,0.2209708691207961,0.0625,0.0883883476483184,0.03125,0.0441941738241592,0.03125,0.0441941738241592,0.09375,0.1325825214724776,0.09375,0.1325825214724776,0.0625,0.0883883476483184,0.0,0.0,0.12125,0.1714733944377377,5.2,6.3796551630946325,2.0,0.4,0.2,0.4,0.8,0.2,0.0,0.6,0.4,0.8,,0.8,0.8,,0.0,0.4,0.6,-2.2,0.365625,0.3084529610275555,0.03125,0.0625,0.015625,0.03125,0.078125,0.1183105905375057,0.109375,0.1288470508005519,0.109375,0.1288470508005519,0.13125,0.1886078382959379,0.1625,0.1973786547054502,0.329625,0.2620252452850043,3.111111111111111,5.182770601822071,1.1111111111111112,0.2222222222222222,0.2222222222222222,0.2222222222222222,0.4444444444444444,0.2222222222222222,0.0,0.4444444444444444,0.2222222222222222,0.4444444444444444,,0.4444444444444444,0.4444444444444444,,0.0,0.2222222222222222,0.3333333333333333,-1.6666666666666667,0.2925,0.3131992177512581,0.025,0.0559016994374947,0.1125,0.2183031149571622,0.0625,0.1082531754730548,0.0875,0.121834929310112,0.0875,0.121834929310112,0.105,0.1735655495770978,0.2299999999999999,0.2280350850198276,0.3637,0.2393709464408744,,,,10.8,2.172222222222222,0.6844444444444444,0.3644444444444444,0.4344444444444444,0.2376,0.1944,0.648,3.221111111111111,2.8566666666666665,2.536666666666666,1.048888888888889,0.432,2.172222222222222,0.6844444444444444,0.3644444444444444,0.4344444444444444,3.221111111111111,0.2376,0.1944,0.648
5023693,Tyrese Proctor,CLE,2026-06-12,0.0,18.0,0.0,0.0,10.0,0,1,2,0,2,0,0,1,0,2,,0,0,,0,1,1,-4,9.0,0.0,0.1111111111111111,0.2222222222222222,0.0,0.2222222222222222,0.2222222222222222,0.0,0.1111111111111111,0.3333333333333333,0.0,3.333333333333333,4.932882862316247,0.0,0.3333333333333333,0.6666666666666666,0.0,0.6666666666666666,0.0,0.0,0.3333333333333333,0.0,0.6666666666666666,,0.0,0.0,,0.0,0.3333333333333333,0.3333333333333333,-0.6666666666666666,0.0,0.0,0.0555555555555555,0.0785674201318386,0.1111111111111111,0.1571348402636772,0.0,0.0,0.1111111111111111,0.1571348402636772,0.1111111111111111,0.1571348402636772,0.0,0.0,0.0555555555555555,0.0785674201318386,0.1666666666666666,0.2357022603955158,2.0,3.9370039370059056,0.0,0.2,0.4,0.0,0.4,0.0,0.0,0.2,0.0,0.4,,0.0,0.0,,0.0,0.2,0.2,-0.4,0.0,0.0,0.0555555555555555,0.0785674201318386,0.1111111111111111,0.1571348402636772,0.0,0.0,0.1111111111111111,0.1571348402636772,0.1111111111111111,0.1571348402636772,0.0,0.0,0.0555555555555555,0.0785674201318386,0.1666666666666666,0.2357022603955158,1.1111111111111112,2.976761849915292,0.0,0.1111111111111111,0.2222222222222222,0.0,0.2222222222222222,0.0,0.0,0.2222222222222222,0.0,0.2222222222222222,,0.0,0.0,,0.0,0.1111111111111111,0.1111111111111111,-0.6666666666666666,0.0,0.0,0.0555555555555555,0.0785674201318386,0.1111111111111111,0.1571348402636772,0.0,0.0,0.1111111111111111,0.1571348402636772,0.1111111111111111,0.1571348402636772,0.0,0.0,0.0555555555555555,0.0785674201318386,0.1666666666666666,0.2357022603955158,,,,8.35,0.0,0.3422222222222222,0.6844444444444444,0.0,0.1836999999999999,0.1503,0.501,1.0266666666666666,0.3422222222222222,0.6844444444444444,1.0266666666666666,0.3339999999999999,0.0,0.3422222222222222,0.6844444444444444,0.0,1.0266666666666666,0.1836999999999999,0.1503,0.501
5106268,Nae'Qwan Tomlin,CLE,2026-06-12,0.0,18.0,0.0,0.0,10.0,2,1,1,0,0,0,0,0,1,2,,0,0,,1,0,1,-2,7.0,0.2857142857142857,0.1428571428571428,0.1428571428571428,0.0,0.0,0.2857142857142857,0.0,0.0,0.2857142857142857,0.0,2.6666666666666665,3.7859388972001824,1.3333333333333333,0.6666666666666666,0.3333333333333333,0.0,0.0,0.0,0.0,0.0,0.6666666666666666,1.0,,0.0,0.0,,0.6666666666666666,0.0,0.3333333333333333,0.0,1.1428571428571428,1.212183053462653,0.5714285714285714,0.6060915267313265,0.0714285714285714,0.101015254455221,0.0,0.0,0.0,0.0,0.6428571428571428,0.5050762722761053,0.0,0.0,0.0,0.0,0.6428571428571428,0.5050762722761053,2.4,3.049590136395381,1.2,0.6,0.2,0.0,0.0,0.2,0.0,0.0,0.6,0.8,,0.0,0.0,,0.4,0.2,0.2,0.2,0.9285714285714284,0.9340497736158586,0.4642857142857142,0.4670248868079293,0.0476190476190476,0.0824786098842322,0.0,0.0,0.0,0.0,0.5119047619047619,0.4230798962837347,0.0,0.0,0.0,0.0,0.5119047619047619,0.4230798962837347,1.5555555555555556,2.455153310442706,0.7777777777777778,0.4444444444444444,0.1111111111111111,0.0,0.0,0.1111111111111111,0.0,0.0,0.3333333333333333,0.4444444444444444,,0.1111111111111111,0.2222222222222222,,0.3333333333333333,0.1111111111111111,0.1111111111111111,-0.3333333333333333,0.8214285714285714,0.7921811790292441,0.4732142857142857,0.381742112971999,0.0357142857142857,0.0714285714285714,0.0,0.0,0.0,0.0,0.3839285714285714,0.429933351898675,0.25,0.5,0.0,0.0,0.4939285714285714,0.347309141048407,,,,7.65,1.2755555555555556,0.6488888888888888,0.3422222222222222,0.0,0.1683,0.1377,0.459,2.2666666666666666,1.9244444444444444,1.6177777777777778,0.991111111111111,0.306,1.2755555555555556,0.6488888888888888,0.3422222222222222,0.0,2.2666666666666666,0.1683,0.1377,0.459
5177362,Riley Minix,CLE,2026-06-12,0.0,34.0,0.0,0.0,2.0,0,0,0,0,0,0,0,0,0,0,,0,0,,0,0,0,0,0.0,,,,,,,,,,0.0,0.0,,0.0,0.0,0.0,0.0,0.0,0.0,0.0,0.0,0.0,0.0,,0.0,0.0,,0.0,0.0,0.0,0.0,,,,,,,,,,,,,,,,,,,0.0,,0.0,0.0,0.0,0.0,0.0,0.0,0.0,0.0,0.0,0.0,,0.0,0.0,,0.0,0.0,0.0,0.0,,,,,,,,,,,,,,,,,,,0.0,,0.0,0.0,0.0,0.0,0.0,0.0,0.0,0.0,0.0,0.0,,0.0,0.0,,0.0,0.0,0.0,0.0,,,,,,,,,,,,,,,,,,,,,,8.0,0.0,0.0,0.0,0.0,0.176,0.144,0.48,0.0,0.0,0.0,0.0,0.3199999999999999,0.0,0.0,0.0,0.0,0.0,0.176,0.144,0.48
6440,Tobias Harris,DET,2026-06-12,0.0,26.0,0.0,0.0,6.0,5,5,2,0,2,1,1,1,0,6,,5,6,,1,4,3,-23,23.0,0.217391304347826,0.217391304347826,0.0869565217391304,0.0,0.0869565217391304,0.2608695652173913,0.2608695652173913,0.0434782608695652,0.4191304347826087,0.0,29.33333333333333,9.291573243177568,8.0,5.333333333333333,2.6666666666666665,0.3333333333333333,3.6666666666666665,1.3333333333333333,0.6666666666666666,1.0,2.6666666666666665,10.666666666666666,,2.333333333333333,2.6666666666666665,,1.0,4.333333333333333,4.0,-6.333333333333333,0.2607971014492753,0.0567388527951449,0.1891304347826087,0.0349858194335458,0.0939855072463768,0.0233089034050469,0.0083333333333333,0.0144337567297406,0.1139855072463768,0.0529544572549204,0.3386231884057971,0.1184924868470294,0.1136231884057971,0.1336455072686938,0.041159420289855,0.0400503778537179,0.4297768115942029,0.040951422495572,32.4,7.829431652425353,12.2,5.8,2.6,1.0,3.8,1.2,0.6,0.8,4.2,12.6,,2.8,3.0,,1.2,4.6,3.0,-5.6,0.3558934655479278,0.1415235946360811,0.1842384947876938,0.0410353501198603,0.0841690821256038,0.0535125877724688,0.0266374269005847,0.027082006462592,0.1119585558098144,0.0431151250006038,0.3713025680142385,0.1018305506337909,0.1056008136282735,0.0988619112773115,0.0299588100686498,0.0335232323926931,0.4477257360793287,0.0410481779752172,32.4,7.829431652425353,12.2,5.8,2.6,1.0,3.8,1.2,0.6,0.8,4.2,12.6,,2.8,3.0,,1.2,4.6,3.0,-5.6,0.3558934655479278,0.1415235946360811,0.1842384947876938,0.0410353501198603,0.0841690821256038,0.0535125877724688,0.0266374269005847,0.027082006462592,0.1119585558098144,0.0431151250006038,0.3713025680142385,0.1018305506337909,0.1056008136282735,0.0988619112773115,0.0299588100686498,0.0335232323926931,0.4477257360793287,0.0410481779752172,,,,30.07,9.86,5.539999999999999,2.53,0.6499999999999999,0.6615399999999999,0.5412599999999999,1.8042,17.93,15.4,12.39,8.069999999999999,1.2028,9.86,5.539999999999999,2.53,0.6499999999999999,17.93,0.6615399999999999,0.5412599999999999,1.8042
2596112,Javonte Green,DET,2026-06-12,0.0,26.0,0.0,0.0,6.0,0,0,0,0,0,0,0,0,0,0,,0,0,,0,0,0,0,0.0,,,,,,,,,,0.0,0.0,0.0,0.0,0.0,0.0,0.0,0.0,0.0,0.0,0.0,0.0,0.0,,0.0,0.0,,0.0,0.0,0.0,0.0,,,,,,,,,,,,,,,,,,,3.4,4.979959839195493,0.6,0.4,0.0,0.2,0.8,0.0,0.0,0.0,0.2,1.0,,0.0,0.0,,0.2,0.2,0.6,-0.8,0.1363636363636363,0.1928473039599675,0.0909090909090909,0.128564869306645,0.0,0.0,0.0454545454545454,0.0642824346533225,0.1818181818181818,0.25712973861329,0.2272727272727272,0.3214121732666125,0.0,0.0,0.0,0.0,0.2272727272727272,0.3214121732666125,3.4,4.979959839195493,0.6,0.4,0.0,0.2,0.8,0.0,0.0,0.0,0.2,1.0,,0.0,0.0,,0.2,0.2,0.6,-0.8,0.1363636363636363,0.1928473039599675,0.0909090909090909,0.128564869306645,0.0,0.0,0.0454545454545454,0.0642824346533225,0.1818181818181818,0.25712973861329,0.2272727272727272,0.3214121732666125,0.0,0.0,0.0,0.0,0.2272727272727272,0.3214121732666125,,,,8.0,0.3299999999999999,0.22,0.0,0.11,0.176,0.144,0.48,0.5499999999999999,0.5499999999999999,0.3299999999999999,0.22,0.3199999999999999,0.3299999999999999,0.22,0.0,0.11,0.5499999999999999,0.176,0.144,0.48
2991043,Caris LeVert,DET,2026-06-12,0.0,26.0,0.0,0.0,6.0,11,2,2,2,4,1,0,1,3,5,,3,4,,0,2,3,-14,17.0,0.6470588235294118,0.1176470588235294,0.1176470588235294,0.1176470588235294,0.2352941176470588,0.2941176470588235,0.2352941176470588,0.0588235294117647,0.4564705882352941,0.0,23.33333333333333,6.027713773341707,8.666666666666666,2.0,2.0,1.3333333333333333,4.0,1.0,0.6666666666666666,1.0,2.6666666666666665,6.333333333333333,,2.0,2.333333333333333,,0.0,2.0,3.6666666666666665,-3.0,0.4048625197205319,0.2098969592708199,0.0875873337840883,0.0403971794903858,0.0875873337840883,0.0403971794903859,0.0622041920216362,0.0591142474493425,0.1775693035835023,0.0553275027731983,0.2757212080234393,0.0297661935481657,0.1200980392156862,0.1177236270443414,0.0425963488843813,0.0372364295145756,0.3711606941627225,0.0760799087706586,23.6,6.542170893518451,11.2,2.4,1.8,1.4,3.6,1.6,0.6,0.8,4.0,8.2,,1.8,2.0,,0.8,1.6,2.6,-0.8,0.4683444568038561,0.227521932988777,0.1018882636480621,0.0348659936927897,0.0719072389801304,0.0494734190954737,0.0566773539226591,0.0545451769562782,0.1452512595694562,0.090396590044677,0.3392467665597941,0.1064817062928177,0.1020398481973434,0.091936230446404,0.0373225152129817,0.0343213020009738,0.421466814979607,0.0905362664612533,23.6,6.542170893518451,11.2,2.4,1.8,1.4,3.6,1.6,0.6,0.8,4.0,8.2,,1.8,2.0,,0.8,1.6,2.6,-0.8,0.4683444568038561,0.227521932988777,0.1018882636480621,0.0348659936927897,0.0719072389801304,0.0494734190954737,0.0566773539226591,0.0545451769562782,0.1452512595694562,0.090396590044677,0.3392467665597941,0.1064817062928177,0.1020398481973434,0.091936230446404,0.0373225152129817,0.0343213020009738,0.421466814979607,0.0905362664612533,,,,22.53,10.41,2.22,1.89,1.47,0.49566,0.40554,1.3518,14.52,12.63,12.3,4.109999999999999,0.9012,10.41,2.22,1.89,1.47,14.52,0.49566,0.40554,1.3518
3157465,Duncan Robinson,DET,2026-06-12,0.0,26.0,0.0,0.0,5.0,13,1,1,3,5,1,0,3,4,7,,2,3,,0,1,3,-20,22.0,0.5909090909090909,0.0454545454545454,0.0454545454545454,0.1363636363636363,0.2272727272727272,0.3181818181818182,0.1363636363636363,0.1363636363636363,0.5145454545454545,0.0,23.666666666666668,4.725815626252607,10.333333333333334,1.3333333333333333,1.3333333333333333,2.6666666666666665,4.666666666666667,0.3333333333333333,0.0,1.3333333333333333,3.0,5.333333333333333,,1.6666666666666667,2.6666666666666665,,0.0,1.3333333333333333,3.0,-12.0,0.4762800417972831,0.2980524193403123,0.0599791013584117,0.0350905866671121,0.0599791013584117,0.0350905866671121,0.1236154649947753,0.0834917732677394,0.2154127481713688,0.1408921199111747,0.2457157784743991,0.1538947377528201,0.1184430512016718,0.0433878713282838,0.0569487983281086,0.0709034733682349,0.3547795193312435,0.1976209722081452,26.75,7.274384280931732,11.5,1.75,2.0,3.0,5.25,1.5,0.25,1.0,3.5,6.25,,1.5,2.5,,0.0,1.75,3.0,-8.75,0.461376698014629,0.2451773543240855,0.0658176593521421,0.0309395305859567,0.0727621037965865,0.0383994807312843,0.1204893765238592,0.0684568515108097,0.2101706722396377,0.1155146905910212,0.2467868338557993,0.1256727848177943,0.1027211772901428,0.0473678603706481,0.0427115987460815,0.0645160943605591,0.3346957506095437,0.166281278266462,26.75,7.274384280931732,11.5,1.75,2.0,3.0,5.25,1.5,0.25,1.0,3.5,6.25,,1.5,2.5,,0.0,1.75,3.0,-8.75,0.461376698014629,0.2451773543240855,0.0658176593521421,0.0309395305859567,0.0727621037965865,0.0383994807312843,0.1204893765238592,0.0684568515108097,0.2101706722396377,0.1155146905910212,0.2467868338557993,0.1256727848177943,0.1027211772901428,0.0473678603706481,0.0427115987460815,0.0645160943605591,0.3346957506095437,0.166281278266462,,,,25.1125,11.375,1.5125,1.65,2.9,0.5524749999999999,0.4520249999999999,1.50675,14.5375,12.8875,13.025,3.1625,1.0045,11.375,1.5125,1.65,2.9,14.5375,0.5524749999999999,0.4520249999999999,1.50675
4066372,Kevin Huerter,DET,2026-06-12,0.0,26.0,0.0,0.0,4.0,0,0,0,0,0,0,0,0,0,0,,0,0,,0,0,0,0,0.0,,,,,,,,,,0.0,1.0,1.7320508075688772,0.0,0.0,0.3333333333333333,0.0,0.0,0.0,0.0,0.0,0.0,0.0,,0.0,0.0,,0.0,0.0,0.0,-1.3333333333333333,0.0,,0.0,,0.3333333333333333,,0.0,,0.0,,0.0,,0.0,,0.0,,0.0,,1.0,1.7320508075688772,0.0,0.0,0.3333333333333333,0.0,0.0,0.0,0.0,0.0,0.0,0.0,,0.0,0.0,,0.0,0.0,0.0,-1.3333333333333333,0.0,,0.0,,0.3333333333333333,,0.0,,0.0,,0.0,,0.0,,0.0,,0.0,,1.0,1.7320508075688772,0.0,0.0,0.3333333333333333,0.0,0.0,0.0,0.0,0.0,0.0,0.0,,0.0,0.0,,0.0,0.0,0.0,-1.3333333333333333,0.0,,0.0,,0.3333333333333333,,0.0,,0.0,,0.0,,0.0,,0.0,,0.0,,,,,8.0,0.0,0.0,0.2833333333333333,0.0,0.176,0.144,0.48,0.2833333333333333,0.0,0.2833333333333333,0.2833333333333333,0.3199999999999999,0.0,0.0,0.2833333333333333,0.0,0.2833333333333333,0.176,0.144,0.48
4278562,Paul Reed,DET,2026-06-12,0.0,26.0,0.0,0.0,6.0,4,4,1,0,0,0,0,0,2,5,,0,0,,3,1,1,-7,8.0,0.5,0.5,0.125,0.0,0.0,0.625,0.0,0.0,0.625,0.0,13.666666666666666,4.932882862316248,10.333333333333334,6.0,1.0,0.3333333333333333,0.3333333333333333,0.0,1.0,1.3333333333333333,4.333333333333333,7.0,,1.3333333333333333,1.6666666666666667,,3.333333333333333,2.6666666666666665,1.6666666666666667,0.3333333333333333,0.7169117647058822,0.3025223761348634,0.4485294117647059,0.0653543707155558,0.0821078431372549,0.0371911541801311,0.0208333333333333,0.0360843918243516,0.0208333333333333,0.0360843918243515,0.5330882352941176,0.1096180258520262,0.1017156862745098,0.0947597961873691,0.0821078431372549,0.0958941184288707,0.6599509803921569,0.1579999297373298,13.0,3.872983346207417,11.4,5.0,1.0,0.4,0.6,0.2,0.6,1.2,4.8,6.8,,1.4,2.0,,2.8,2.2,1.6,1.8,0.8644327731092437,0.2943917877558994,0.3862605042016807,0.0971146934399907,0.0778361344537815,0.057243562398376,0.0267857142857142,0.0368134430858719,0.0410714285714285,0.0630081384442048,0.5284243697478992,0.1158502874570315,0.1496008403361344,0.1089761287722512,0.0835504201680672,0.0685841360619939,0.6777991596638656,0.1253498717177855,13.0,3.872983346207417,11.4,5.0,1.0,0.4,0.6,0.2,0.6,1.2,4.8,6.8,,1.4,2.0,,2.8,2.2,1.6,1.8,0.8644327731092437,0.2943917877558994,0.3862605042016807,0.0971146934399907,0.0778361344537815,0.057243562398376,0.0267857142857142,0.0368134430858719,0.0410714285714285,0.0630081384442048,0.5284243697478992,0.1158502874570315,0.1496008403361344,0.1089761287722512,0.0835504201680672,0.0685841360619939,0.6777991596638656,0.1253498717177855,,,,12.45,9.97,5.15,1.0,0.32,0.2739,0.2240999999999999,0.7469999999999999,16.119999999999997,15.12,10.97,6.15,0.4979999999999999,9.97,5.15,1.0,0.32,16.119999999999997,0.2739,0.2240999999999999,0.7469999999999999
4397882,Tolu Smith,DET,2026-06-12,0.0,26.0,0.0,0.0,6.0,4,2,0,0,0,1,0,1,2,2,,0,0,,0,2,0,4,5.0,0.8,0.4,0.0,0.0,0.0,0.4,0.0,0.2,0.6,0.0,1.6666666666666667,2.8867513459481287,1.3333333333333333,0.6666666666666666,0.0,0.0,0.0,0.3333333333333333,0.0,0.3333333333333333,0.6666666666666666,0.6666666666666666,,0.0,0.0,,0.0,0.6666666666666666,0.0,1.3333333333333333,0.8,,0.4,,0.0,,0.0,,0.0,,0.4,,0.0,,0.2,,0.6,,1.0,2.23606797749979,0.8,0.4,0.0,0.0,0.0,0.2,0.0,0.2,0.4,0.4,,0.0,0.0,,0.0,0.4,0.0,0.8,0.8,,0.4,,0.0,,0.0,,0.0,,0.4,,0.0,,0.2,,0.6,,1.0,2.23606797749979,0.8,0.4,0.0,0.0,0.0,0.2,0.0,0.2,0.4,0.4,,0.0,0.0,,0.0,0.4,0.0,0.8,0.8,,0.4,,0.0,,0.0,,0.0,,0.4,,0.0,,0.2,,0.6,,,,,8.0,1.44,0.72,0.0,0.0,0.176,0.144,0.48,2.16,2.16,1.44,0.72,0.3199999999999999,1.44,0.72,0.0,0.0,2.16,0.176,0.144,0.48
4432107,Marcus Sasser,DET,2026-06-12,0.0,26.0,0.0,0.0,6.0,9,2,1,3,9,1,0,0,3,12,,0,0,,2,0,3,-16,23.0,0.391304347826087,0.0869565217391304,0.0434782608695652,0.1304347826086956,0.391304347826087,0.5217391304347826,0.0,0.0,0.5217391304347826,0.0,19.0,3.605551275463989,6.666666666666667,1.6666666666666667,0.6666666666666666,1.3333333333333333,4.0,0.6666666666666666,0.0,0.6666666666666666,2.6666666666666665,6.333333333333333,,0.0,0.0,,1.0,0.6666666666666666,1.3333333333333333,6.666666666666667,0.338768115942029,0.1929411613560767,0.0891706924315619,0.0347751294741054,0.0330112721417069,0.0292193998576876,0.0619967793880837,0.0654555204080601,0.188305152979066,0.1774746879480796,0.3081723027375201,0.2001083575595563,0.0,0.0,0.0393518518518518,0.0342561309883072,0.3475241545893719,0.1675708316933188,12.0,9.974968671630002,5.4,1.0,0.4,1.0,2.8,0.6,0.0,0.4,2.2,4.6,,0.0,0.0,,0.6,0.4,0.8,5.6,0.8374094202898551,1.0096485177709584,0.0668780193236714,0.0528588641302628,0.0247584541062801,0.0290106573658558,0.1298309178743961,0.1458155163599339,0.3078955314009661,0.2796526613841153,0.5644625603864735,0.5379910357120488,0.0,0.0,0.0295138888888888,0.0341974229229031,0.5939764492753623,0.5115417121932038,12.0,9.974968671630002,5.4,1.0,0.4,1.0,2.8,0.6,0.0,0.4,2.2,4.6,,0.0,0.0,,0.6,0.4,0.8,5.6,0.8374094202898551,1.0096485177709584,0.0668780193236714,0.0528588641302628,0.0247584541062801,0.0290106573658558,0.1298309178743961,0.1458155163599339,0.3078955314009661,0.2796526613841153,0.5644625603864735,0.5379910357120488,0.0,0.0,0.0295138888888888,0.0341974229229031,0.5939764492753623,0.5115417121932038,,,,15.75,6.319999999999999,1.35,0.5700000000000001,1.3999999999999997,0.3465,0.2835,0.945,8.239999999999998,7.669999999999999,6.89,1.92,0.6299999999999999,6.319999999999999,1.35,0.5700000000000001,1.3999999999999997,8.239999999999998,0.3465,0.2835,0.945
4432166,Cade Cunningham,DET,2026-06-12,0.0,26.0,0.0,0.0,6.0,13,4,5,0,7,2,0,3,5,16,,3,3,,0,4,4,-32,37.0,0.3513513513513513,0.1081081081081081,0.1351351351351351,0.0,0.1891891891891892,0.4324324324324324,0.081081081081081,0.081081081081081,0.5491891891891892,0.0,42.333333333333336,5.507570547286103,24.33333333333333,4.333333333333333,7.333333333333333,3.6666666666666665,9.0,1.3333333333333333,0.0,5.333333333333333,8.333333333333334,20.666666666666668,,4.0,4.333333333333333,,0.3333333333333333,4.0,3.333333333333333,-7.666666666666667,0.5546171171171171,0.2353758508200392,0.100520163020163,0.0495448701944519,0.1710371085371085,0.031127611505778,0.0813492063492063,0.0705133160472891,0.2118725868725869,0.024644373427043,0.482437794937795,0.0700496493324632,0.0984555984555984,0.061396166742923,0.1242492492492492,0.042797731657463,0.6500075075075075,0.1061763796355452,41.0,4.301162633521313,23.8,5.2,7.6,3.0,7.6,1.2,0.0,5.8,8.4,21.0,,4.0,4.4,,1.4,3.8,3.6,-8.0,0.5686677061677062,0.1825671215355384,0.1269787644787645,0.0810364795306563,0.1846735471735471,0.0463470533142057,0.0693223443223443,0.0525097516099833,0.1835338085338085,0.0434930139913097,0.5099754974754974,0.1175561648261167,0.1052272052272052,0.0520611861181772,0.1412162162162162,0.0468533785124972,0.697491683991684,0.1707420770154221,41.0,4.301162633521313,23.8,5.2,7.6,3.0,7.6,1.2,0.0,5.8,8.4,21.0,,4.0,4.4,,1.4,3.8,3.6,-8.0,0.5686677061677062,0.1825671215355384,0.1269787644787645,0.0810364795306563,0.1846735471735471,0.0463470533142057,0.0693223443223443,0.0525097516099833,0.1835338085338085,0.0434930139913097,0.5099754974754974,0.1175561648261167,0.1052272052272052,0.0520611861181772,0.1412162162162162,0.0468533785124972,0.697491683991684,0.1707420770154221,,,,40.8,22.34,4.76,7.129999999999999,2.75,0.8976000000000001,0.7344,2.448,34.230000000000004,27.1,29.47,11.89,1.632,22.34,4.76,7.129999999999999,2.75,34.230000000000004,0.8976000000000001,0.7344,2.448
4432810,Isaiah Stewart,DET,2026-06-12,0.0,26.0,0.0,0.0,6.0,3,0,0,0,0,0,0,0,1,1,,1,1,,0,0,2,-8,6.0,0.5,0.0,0.0,0.0,0.0,0.1666666666666666,0.1666666666666666,0.0,0.24,0.0,7.0,3.605551275463989,3.6666666666666665,1.0,0.3333333333333333,0.6666666666666666,1.3333333333333333,0.0,0.3333333333333333,0.0,1.3333333333333333,2.333333333333333,,0.3333333333333333,0.3333333333333333,,0.6666666666666666,0.3333333333333333,1.3333333333333333,2.0,0.4090909090909091,0.3720614896305659,0.1439393939393939,0.1292327432517574,0.0303030303030303,0.0524863881081478,0.0606060606060606,0.1049727762162956,0.1742424242424242,0.1513256390563498,0.2904040404040404,0.1481314078390147,0.0555555555555555,0.0962250448649376,0.0,0.0,0.3148484848484849,0.1210844024095879,7.4,2.701851217221259,3.8,1.6,0.2,0.4,0.8,0.0,0.2,0.2,1.6,2.6,,0.2,0.2,,0.8,0.8,1.8,1.6,0.4486291486291486,0.2723263351562633,0.2165223665223665,0.1534636444362125,0.0181818181818181,0.040655781409087,0.0363636363636363,0.0813115628181741,0.1045454545454545,0.14338009359625,0.3266233766233766,0.12068531159621,0.0333333333333333,0.0745355992499929,0.0285714285714285,0.0638876564999939,0.3698614718614718,0.1417442695193277,7.4,2.701851217221259,3.8,1.6,0.2,0.4,0.8,0.0,0.2,0.2,1.6,2.6,,0.2,0.2,,0.8,0.8,1.8,1.6,0.4486291486291486,0.2723263351562633,0.2165223665223665,0.1534636444362125,0.0181818181818181,0.040655781409087,0.0363636363636363,0.0813115628181741,0.1045454545454545,0.14338009359625,0.3266233766233766,0.12068531159621,0.0333333333333333,0.0745355992499929,0.0285714285714285,0.0638876564999939,0.3698614718614718,0.1417442695193277,,,,8.0,3.64,1.18,0.21,0.42,0.176,0.144,0.48,5.029999999999999,4.819999999999999,3.85,1.39,0.3199999999999999,3.64,1.18,0.21,0.42,5.029999999999999,0.176,0.144,0.48
4433621,Jalen Duren,DET,2026-06-12,0.0,26.0,0.0,0.0,6.0,7,9,3,0,0,0,2,3,3,7,,1,2,,2,7,5,-18,26.0,0.2692307692307692,0.3461538461538461,0.1153846153846153,0.0,0.0,0.2692307692307692,0.0769230769230769,0.1153846153846153,0.4184615384615384,0.0,26.0,1.0,10.333333333333334,8.333333333333334,2.333333333333333,0.0,0.0,0.6666666666666666,1.6666666666666667,1.0,4.333333333333333,7.333333333333333,,1.6666666666666667,3.333333333333333,,2.333333333333333,6.0,3.0,-8.333333333333334,0.3949287749287749,0.1463232220274772,0.3178537511870845,0.106560450886862,0.0917948717948718,0.0825672877232405,0.0,0.0,0.0,0.0,0.2798670465337132,0.0856817575168899,0.1283570750237417,0.0449356063555834,0.0384615384615384,0.0666173387526491,0.3748056980056979,0.0908210531052431,26.8,1.4832396974191326,10.0,6.2,2.0,0.0,0.0,1.2,1.2,2.0,4.4,7.6,,1.2,2.4,,1.8,4.4,3.4,-10.2,0.3720785931820414,0.112007385671351,0.2331132724236172,0.1401840135685086,0.0767882896158758,0.0634575280183952,0.0,0.0,0.0,0.0,0.2823519009725906,0.061110176582009,0.0908073484625208,0.0651755388497897,0.0733962078789665,0.0689710308588933,0.3957033421750663,0.0713747339526103,26.8,1.4832396974191326,10.0,6.2,2.0,0.0,0.0,1.2,1.2,2.0,4.4,7.6,,1.2,2.4,,1.8,4.4,3.4,-10.2,0.3720785931820414,0.112007385671351,0.2331132724236172,0.1401840135685086,0.0767882896158758,0.0634575280183952,0.0,0.0,0.0,0.0,0.2823519009725906,0.061110176582009,0.0908073484625208,0.0651755388497897,0.0733962078789665,0.0689710308588933,0.3957033421750663,0.0713747339526103,,,,26.44,9.65,7.26,2.25,0.0,0.5816799999999999,0.4759199999999999,1.5863999999999998,19.16,16.91,11.9,9.51,1.0576,9.65,7.26,2.25,0.0,19.16,0.5816799999999999,0.4759199999999999,1.5863999999999998
4592187,Wendell Moore Jr.,DET,2026-06-12,0.0,34.0,0.0,0.0,2.0,0,0,0,0,0,0,0,0,0,0,,0,0,,0,0,0,0,0.0,,,,,,,,,,0.0,0.0,,0.0,0.0,0.0,0.0,0.0,0.0,0.0,0.0,0.0,0.0,,0.0,0.0,,0.0,0.0,0.0,0.0,,,,,,,,,,,,,,,,,,,0.0,,0.0,0.0,0.0,0.0,0.0,0.0,0.0,0.0,0.0,0.0,,0.0,0.0,,0.0,0.0,0.0,0.0,,,,,,,,,,,,,,,,,,,0.0,,0.0,0.0,0.0,0.0,0.0,0.0,0.0,0.0,0.0,0.0,,0.0,0.0,,0.0,0.0,0.0,0.0,,,,,,,,,,,,,,,,,,,,,,8.0,0.0,0.0,0.0,0.0,0.176,0.144,0.48,0.0,0.0,0.0,0.0,0.3199999999999999,0.0,0.0,0.0,0.0,0.0,0.176,0.144,0.48
4683771,Ronald Holland II,DET,2026-06-12,0.0,26.0,0.0,0.0,6.0,3,2,0,1,2,0,0,0,1,3,,0,0,,0,2,0,4,6.0,0.5,0.3333333333333333,0.0,0.1666666666666666,0.3333333333333333,0.5,0.0,0.0,0.5,0.0,2.6666666666666665,3.055050463303893,1.0,0.6666666666666666,0.0,0.3333333333333333,0.6666666666666666,0.0,0.0,0.0,0.3333333333333333,1.0,,0.0,0.0,,0.0,0.6666666666666666,0.3333333333333333,2.0,0.25,0.3535533905932738,0.1666666666666666,0.2357022603955158,0.0,0.0,0.0833333333333333,0.1178511301977579,0.1666666666666666,0.2357022603955158,0.25,0.3535533905932738,0.0,0.0,0.0,0.0,0.25,0.3535533905932738,4.0,3.1622776601683795,0.6,1.2,0.0,0.2,0.6,0.2,0.2,0.2,0.2,0.8,,0.0,0.0,,0.0,1.2,0.4,2.8,0.125,0.25,0.2395833333333333,0.1679637030895531,0.0,0.0,0.0416666666666666,0.0833333333333333,0.1145833333333333,0.1572882174014739,0.15625,0.2366211810750113,0.0,0.0,0.03125,0.0625,0.1875,0.2393567769390845,4.0,3.1622776601683795,0.6,1.2,0.0,0.2,0.6,0.2,0.2,0.2,0.2,0.8,,0.0,0.0,,0.0,1.2,0.4,2.8,0.125,0.25,0.2395833333333333,0.1679637030895531,0.0,0.0,0.0416666666666666,0.0833333333333333,0.1145833333333333,0.1572882174014739,0.15625,0.2366211810750113,0.0,0.0,0.03125,0.0625,0.1875,0.2393567769390845,,,,8.0,1.08,1.16,0.0,0.36,0.176,0.144,0.48,2.24,2.24,1.08,1.16,0.3199999999999999,1.08,1.16,0.0,0.36,2.24,0.176,0.144,0.48
4684742,Ausar Thompson,DET,2026-06-12,0.0,26.0,0.0,0.0,6.0,5,7,0,1,2,0,2,1,2,7,,0,2,,1,6,4,-14,29.0,0.1724137931034483,0.2413793103448276,0.0,0.0344827586206896,0.0689655172413793,0.2413793103448276,0.0689655172413793,0.0344827586206896,0.3062068965517241,0.0,31.33333333333333,8.736894948054104,7.0,7.666666666666667,3.0,0.3333333333333333,1.3333333333333333,2.6666666666666665,2.0,1.6666666666666667,2.6666666666666665,6.333333333333333,,1.3333333333333333,2.333333333333333,,3.0,4.666666666666667,4.0,-0.3333333333333333,0.245140641061583,0.1491168155801263,0.2623703392206336,0.1037393431579752,0.0962059620596205,0.0862644663544553,0.0114942528735632,0.019908629972056,0.0450074759368283,0.0224746413374053,0.2125735912531539,0.0575204323788184,0.0809153350154191,0.0394898989418832,0.055532193252967,0.0251154097574021,0.3037085319129053,0.0859012366194529,28.4,8.17312669668102,6.8,6.8,3.0,0.2,1.2,1.8,1.6,1.8,2.8,6.4,,1.0,1.8,,2.6,4.2,3.8,-3.2,0.2512586133120859,0.1115058730623711,0.2478033287592404,0.0767970372598777,0.1027326516459357,0.074793863889485,0.0068965517241379,0.0154211584655157,0.0407975890103728,0.029670119228683,0.2280886193616927,0.0804588654173329,0.0623423044575273,0.0449561077659328,0.0754245791096749,0.0812250500885505,0.3309438124326797,0.0713162659070498,28.4,8.17312669668102,6.8,6.8,3.0,0.2,1.2,1.8,1.6,1.8,2.8,6.4,,1.0,1.8,,2.6,4.2,3.8,-3.2,0.2512586133120859,0.1115058730623711,0.2478033287592404,0.0767970372598777,0.1027326516459357,0.074793863889485,0.0068965517241379,0.0154211584655157,0.0407975890103728,0.029670119228683,0.2280886193616927,0.0804588654173329,0.0623423044575273,0.0449561077659328,0.0754245791096749,0.0812250500885505,0.3309438124326797,0.0713162659070498,,,,29.37,6.590000000000001,7.09,2.55,0.36,0.6461399999999999,0.5286599999999999,1.7621999999999998,16.23,13.68,9.14,9.64,1.1747999999999998,6.590000000000001,7.09,2.55,0.36,16.23,0.6461399999999999,0.5286599999999999,1.7621999999999998
4700852,Chaz Lanier,DET,2026-06-12,0.0,26.0,0.0,0.0,6.0,0,0,1,0,1,0,0,0,0,2,,0,0,,0,0,0,4,5.0,0.0,0.0,0.2,0.0,0.2,0.4,0.0,0.0,0.4,0.0,2.0,2.6457513110645907,0.0,0.0,0.3333333333333333,0.0,0.3333333333333333,0.0,0.0,0.0,0.0,0.6666666666666666,,0.0,0.0,,0.0,0.0,0.0,1.0,0.0,0.0,0.0,0.0,0.1,0.1414213562373095,0.0,0.0,0.1,0.1414213562373095,0.2,0.282842712474619,0.0,0.0,0.0,0.0,0.2,0.282842712474619,1.2,2.16794833886788,0.0,0.0,0.2,0.0,0.2,0.0,0.0,0.0,0.0,0.4,,0.0,0.0,,0.0,0.0,0.0,0.6,0.0,0.0,0.0,0.0,0.1,0.1414213562373095,0.0,0.0,0.1,0.1414213562373095,0.2,0.282842712474619,0.0,0.0,0.0,0.0,0.2,0.282842712474619,1.2,2.16794833886788,0.0,0.0,0.2,0.0,0.2,0.0,0.0,0.0,0.0,0.4,,0.0,0.0,,0.0,0.0,0.0,0.6,0.0,0.0,0.0,0.0,0.1,0.1414213562373095,0.0,0.0,0.1,0.1414213562373095,0.2,0.282842712474619,0.0,0.0,0.0,0.0,0.2,0.282842712474619,,,,8.0,0.0,0.0,0.36,0.0,0.176,0.144,0.48,0.36,0.0,0.36,0.36,0.3199999999999999,0.0,0.0,0.36,0.0,0.36,0.176,0.144,0.48
5107199,Daniss Jenkins,DET,2026-06-12,0.0,26.0,0.0,0.0,6.0,17,3,5,2,7,0,0,1,4,12,,7,8,,1,2,3,-15,34.0,0.5,0.088235294117647,0.1470588235294117,0.0588235294117647,0.2058823529411764,0.3529411764705882,0.2352941176470588,0.0294117647058823,0.4858823529411764,0.0,35.333333333333336,5.131601439446881,17.0,2.6666666666666665,3.6666666666666665,2.333333333333333,7.333333333333333,0.3333333333333333,0.6666666666666666,0.3333333333333333,5.666666666666667,13.333333333333334,,3.333333333333333,3.6666666666666665,,1.0,1.6666666666666667,2.0,-4.0,0.482428533962759,0.0183352859281489,0.0779299918236374,0.0256027027728875,0.1056679162617053,0.0377383923353078,0.0681260702550099,0.0253130775954607,0.2089369185911973,0.0155686357649192,0.3741380108298237,0.0350835132448359,0.1080668301939186,0.1119937885280957,0.0098039215686274,0.0169808902702831,0.4314913376837753,0.0516016743933622,29.0,9.46044396421225,11.0,2.4,3.4,1.4,5.0,0.2,0.4,0.6,3.6,9.8,,2.4,2.6,,1.0,1.4,2.2,-6.8,0.3307269616474967,0.2082057843567916,0.0864405347767221,0.037633098501898,0.125305511661785,0.0388074827589816,0.0408756421530059,0.0413850744012146,0.1586954844880517,0.091248515718895,0.3181336001486878,0.0863078711560385,0.0838877171639702,0.0922023400352514,0.0265172735760971,0.0259962322404509,0.3815614692769318,0.0797576422922196,29.0,9.46044396421225,11.0,2.4,3.4,1.4,5.0,0.2,0.4,0.6,3.6,9.8,,2.4,2.6,,1.0,1.4,2.2,-6.8,0.3307269616474967,0.2082057843567916,0.0864405347767221,0.037633098501898,0.125305511661785,0.0388074827589816,0.0408756421530059,0.0413850744012146,0.1586954844880517,0.091248515718895,0.3181336001486878,0.0863078711560385,0.0838877171639702,0.0922023400352514,0.0265172735760971,0.0259962322404509,0.3815614692769318,0.0797576422922196,,,,31.65,13.7,2.57,3.72,1.77,0.6962999999999999,0.5697,1.899,19.99,16.27,17.419999999999998,6.29,1.266,13.7,2.57,3.72,1.77,19.99,0.6962999999999999,0.5697,1.899
5107818,Isaac Jones,DET,2026-06-12,0.0,34.0,0.0,0.0,2.0,0,0,0,0,0,0,0,0,0,0,,0,0,,0,0,0,0,0.0,,,,,,,,,,0.0,0.0,,0.0,0.0,0.0,0.0,0.0,0.0,0.0,0.0,0.0,0.0,,0.0,0.0,,0.0,0.0,0.0,0.0,,,,,,,,,,,,,,,,,,,0.0,,0.0,0.0,0.0,0.0,0.0,0.0,0.0,0.0,0.0,0.0,,0.0,0.0,,0.0,0.0,0.0,0.0,,,,,,,,,,,,,,,,,,,0.0,,0.0,0.0,0.0,0.0,0.0,0.0,0.0,0.0,0.0,0.0,,0.0,0.0,,0.0,0.0,0.0,0.0,,,,,,,,,,,,,,,,,,,,,,8.0,0.0,0.0,0.0,0.0,0.176,0.144,0.48,0.0,0.0,0.0,0.0,0.3199999999999999,0.0,0.0,0.0,0.0,0.0,0.176,0.144,0.48
1966,LeBron James,LAL,2026-06-12,0.0,32.0,0.0,0.0,3.0,24,12,3,2,6,0,1,4,8,18,,6,8,,0,12,1,-17,40.0,0.6,0.3,0.075,0.05,0.15,0.45,0.2,0.1,0.638,0.0,38.5,2.1213203435596424,21.5,9.0,5.5,2.0,6.0,0.5,0.5,3.5,7.5,18.5,,4.5,6.0,,0.0,9.0,1.0,-20.5,0.5567567567567567,0.0611551810755933,0.231081081081081,0.0974660698392268,0.1456081081081081,0.0998549440999922,0.052027027027027,0.0028666491129184,0.1560810810810811,0.0085999473387553,0.4817567567567568,0.0449108361023888,0.154054054054054,0.0649773798928178,0.0905405405405405,0.013377695860286,0.6400810810810811,0.0029430930892629,38.5,2.1213203435596424,21.5,9.0,5.5,2.0,6.0,0.5,0.5,3.5,7.5,18.5,,4.5,6.0,,0.0,9.0,1.0,-20.5,0.5567567567567567,0.0611551810755933,0.231081081081081,0.0974660698392268,0.1456081081081081,0.0998549440999922,0.052027027027027,0.0028666491129184,0.1560810810810811,0.0085999473387553,0.4817567567567568,0.0449108361023888,0.154054054054054,0.0649773798928178,0.0905405405405405,0.013377695860286,0.6400810810810811,0.0029430930892629,38.5,2.1213203435596424,21.5,9.0,5.5,2.0,6.0,0.5,0.5,3.5,7.5,18.5,,4.5,6.0,,0.0,9.0,1.0,-20.5,0.5567567567567567,0.0611551810755933,0.231081081081081,0.0974660698392268,0.1456081081081081,0.0998549440999922,0.052027027027027,0.0028666491129184,0.1560810810810811,0.0085999473387553,0.4817567567567568,0.0449108361023888,0.154054054054054,0.0649773798928178,0.0905405405405405,0.013377695860286,0.6400810810810811,0.0029430930892629,,,,38.725,21.875,9.45,5.125,2.0,0.85195,0.69705,2.3235,36.45,31.325000000000003,27.0,14.575,1.549,21.875,9.45,5.125,2.0,36.45,0.85195,0.69705,2.3235
2960236,Maxi Kleber,LAL,2026-06-12,0.0,32.0,0.0,0.0,3.0,0,0,0,0,0,0,0,0,0,0,,0,0,,0,0,0,0,0.0,,,,,,,,,,0.0,4.0,5.656854249492381,0.0,0.5,0.5,0.0,0.0,0.0,0.0,1.0,0.0,0.5,,0.0,0.0,,0.5,0.0,0.5,-0.5,0.0,,0.125,,0.125,,0.0,,0.0,,0.125,,0.0,,0.25,,0.375,,4.0,5.656854249492381,0.0,0.5,0.5,0.0,0.0,0.0,0.0,1.0,0.0,0.5,,0.0,0.0,,0.5,0.0,0.5,-0.5,0.0,,0.125,,0.125,,0.0,,0.0,,0.125,,0.0,,0.25,,0.375,,4.0,5.656854249492381,0.0,0.5,0.5,0.0,0.0,0.0,0.0,1.0,0.0,0.5,,0.0,0.0,,0.5,0.0,0.5,-0.5,0.0,,0.125,,0.125,,0.0,,0.0,,0.125,,0.0,,0.25,,0.375,,,,,8.0,0.0,0.4249999999999999,0.4249999999999999,0.0,0.176,0.144,0.48,0.8499999999999999,0.4249999999999999,0.4249999999999999,0.8499999999999999,0.3199999999999999,0.0,0.4249999999999999,0.4249999999999999,0.0,0.8499999999999999,0.176,0.144,0.48
2990992,Marcus Smart,LAL,2026-06-12,0.0,32.0,0.0,0.0,3.0,5,2,3,0,4,2,0,6,2,8,,1,1,,0,2,5,5,36.0,0.1388888888888889,0.0555555555555555,0.0833333333333333,0.0,0.1111111111111111,0.2222222222222222,0.0277777777777777,0.1666666666666666,0.4011111111111111,0.0,34.0,2.8284271247461903,7.5,2.5,3.0,0.5,3.0,1.5,0.0,4.0,2.5,7.5,,2.0,2.5,,1.0,1.5,4.5,-8.5,0.2256944444444444,0.1227615939559978,0.0746527777777777,0.0270075506703195,0.0885416666666666,0.0073656956373598,0.015625,0.0220970869120796,0.0868055555555555,0.0343732463076793,0.2204861111111111,0.0024552318791199,0.0763888888888889,0.0687464926153588,0.1145833333333333,0.0736569563735986,0.3686805555555555,0.0458637315019607,34.0,2.8284271247461903,7.5,2.5,3.0,0.5,3.0,1.5,0.0,4.0,2.5,7.5,,2.0,2.5,,1.0,1.5,4.5,-8.5,0.2256944444444444,0.1227615939559978,0.0746527777777777,0.0270075506703195,0.0885416666666666,0.0073656956373598,0.015625,0.0220970869120796,0.0868055555555555,0.0343732463076793,0.2204861111111111,0.0024552318791199,0.0763888888888889,0.0687464926153588,0.1145833333333333,0.0736569563735986,0.3686805555555555,0.0458637315019607,34.0,2.8284271247461903,7.5,2.5,3.0,0.5,3.0,1.5,0.0,4.0,2.5,7.5,,2.0,2.5,,1.0,1.5,4.5,-8.5,0.2256944444444444,0.1227615939559978,0.0746527777777777,0.0270075506703195,0.0885416666666666,0.0073656956373598,0.015625,0.0220970869120796,0.0868055555555555,0.0343732463076793,0.2204861111111111,0.0024552318791199,0.0763888888888889,0.0687464926153588,0.1145833333333333,0.0736569563735986,0.3686805555555555,0.0458637315019607,,,,34.3,7.125,2.425,3.0,0.4249999999999999,0.7545999999999999,0.6174,2.058,12.55,9.55,10.125,5.424999999999999,1.372,7.125,2.425,3.0,0.4249999999999999,12.55,0.7545999999999999,0.6174,2.058
3913174,Luke Kennard,LAL,2026-06-12,0.0,32.0,0.0,0.0,3.0,5,2,2,1,2,1,0,0,2,5,,0,0,,0,2,1,15,24.0,0.2083333333333333,0.0833333333333333,0.0833333333333333,0.0416666666666666,0.0833333333333333,0.2083333333333333,0.0,0.0,0.2083333333333333,0.0,26.5,3.5355339059327378,11.5,2.0,2.0,2.5,4.0,1.0,0.0,0.0,4.5,7.5,,0.0,0.0,,0.0,2.0,1.0,3.5,0.4145114942528736,0.2915799514375563,0.0761494252873563,0.0101595801894618,0.0761494252873563,0.0101595801894618,0.0897988505747126,0.0680691872693946,0.1451149425287356,0.0873723896293722,0.276580459770115,0.0965160117998879,0.0,0.0,0.0,0.0,0.276580459770115,0.0965160117998879,26.5,3.5355339059327378,11.5,2.0,2.0,2.5,4.0,1.0,0.0,0.0,4.5,7.5,,0.0,0.0,,0.0,2.0,1.0,3.5,0.4145114942528736,0.2915799514375563,0.0761494252873563,0.0101595801894618,0.0761494252873563,0.0101595801894618,0.0897988505747126,0.0680691872693946,0.1451149425287356,0.0873723896293722,0.276580459770115,0.0965160117998879,0.0,0.0,0.0,0.0,0.276580459770115,0.0965160117998879,26.5,3.5355339059327378,11.5,2.0,2.0,2.5,4.0,1.0,0.0,0.0,4.5,7.5,,0.0,0.0,,0.0,2.0,1.0,3.5,0.4145114942528736,0.2915799514375563,0.0761494252873563,0.0101595801894618,0.0761494252873563,0.0101595801894618,0.0897988505747126,0.0680691872693946,0.1451149425287356,0.0873723896293722,0.276580459770115,0.0965160117998879,0.0,0.0,0.0,0.0,0.276580459770115,0.0965160117998879,,,,26.125,10.525,2.0,2.0,2.275,0.5747499999999999,0.4702499999999999,1.5674999999999997,14.525,12.525,12.525,4.0,1.0449999999999997,10.525,2.0,2.0,2.275,14.525,0.5747499999999999,0.4702499999999999,1.5674999999999997
4066457,Austin Reaves,LAL,2026-06-12,0.0,32.0,0.0,0.0,3.0,27,7,6,3,7,0,2,8,8,16,,8,9,,1,6,5,-6,43.0,0.627906976744186,0.1627906976744186,0.1395348837209302,0.0697674418604651,0.1627906976744186,0.3720930232558139,0.2093023255813953,0.1860465116279069,0.650232558139535,0.0,41.0,2.8284271247461903,22.0,5.0,7.5,2.0,6.0,0.0,1.0,6.5,6.5,14.5,,7.0,8.5,,1.0,4.0,3.5,-14.5,0.531902206320811,0.1357712483852524,0.1198568872987477,0.0607175769176284,0.1851520572450805,0.0645124254749801,0.0477042337507453,0.0312020881382257,0.1454979129397734,0.0244556907029336,0.3527131782945736,0.0274072395808739,0.2072152653548002,0.0029515488779402,0.1571258199165175,0.040900034451458,0.6010137149672033,0.0696059555386257,41.0,2.8284271247461903,22.0,5.0,7.5,2.0,6.0,0.0,1.0,6.5,6.5,14.5,,7.0,8.5,,1.0,4.0,3.5,-14.5,0.531902206320811,0.1357712483852524,0.1198568872987477,0.0607175769176284,0.1851520572450805,0.0645124254749801,0.0477042337507453,0.0312020881382257,0.1454979129397734,0.0244556907029336,0.3527131782945736,0.0274072395808739,0.2072152653548002,0.0029515488779402,0.1571258199165175,0.040900034451458,0.6010137149672033,0.0696059555386257,41.0,2.8284271247461903,22.0,5.0,7.5,2.0,6.0,0.0,1.0,6.5,6.5,14.5,,7.0,8.5,,1.0,4.0,3.5,-14.5,0.531902206320811,0.1357712483852524,0.1198568872987477,0.0607175769176284,0.1851520572450805,0.0645124254749801,0.0477042337507453,0.0312020881382257,0.1454979129397734,0.0244556907029336,0.3527131782945736,0.0274072395808739,0.2072152653548002,0.0029515488779402,0.1571258199165175,0.040900034451458,0.6010137149672033,0.0696059555386257,,,,41.3,22.75,5.3,7.275,2.15,0.9086,0.7434000000000001,2.478,35.325,28.05,30.025,12.575,1.652,22.75,5.3,7.275,2.15,35.325,0.9086,0.7434000000000001,2.478
4066648,Rui Hachimura,LAL,2026-06-12,0.0,32.0,0.0,0.0,3.0,25,5,2,4,8,0,1,0,9,15,,3,3,,1,4,5,-2,43.0,0.5813953488372093,0.1162790697674418,0.0465116279069767,0.0930232558139534,0.1860465116279069,0.3488372093023256,0.0697674418604651,0.0,0.3795348837209302,0.0,41.0,2.8284271247461903,23.0,5.0,3.0,4.5,8.0,0.5,0.5,0.5,8.0,14.5,,2.5,2.5,,1.0,4.0,3.0,-13.0,0.5599284436493739,0.0303587884588142,0.122242098986285,0.008432996794115,0.0745378652355396,0.0396350849323407,0.1106141920095408,0.0248773405426394,0.195587358378056,0.013492794870584,0.3539057841383423,0.0071680472749977,0.0605247465712582,0.0130711450308783,0.0128205128205128,0.0181309431073473,0.3933571854502087,0.0195476865687586,41.0,2.8284271247461903,23.0,5.0,3.0,4.5,8.0,0.5,0.5,0.5,8.0,14.5,,2.5,2.5,,1.0,4.0,3.0,-13.0,0.5599284436493739,0.0303587884588142,0.122242098986285,0.008432996794115,0.0745378652355396,0.0396350849323407,0.1106141920095408,0.0248773405426394,0.195587358378056,0.013492794870584,0.3539057841383423,0.0071680472749977,0.0605247465712582,0.0130711450308783,0.0128205128205128,0.0181309431073473,0.3933571854502087,0.0195476865687586,41.0,2.8284271247461903,23.0,5.0,3.0,4.5,8.0,0.5,0.5,0.5,8.0,14.5,,2.5,2.5,,1.0,4.0,3.0,-13.0,0.5599284436493739,0.0303587884588142,0.122242098986285,0.008432996794115,0.0745378652355396,0.0396350849323407,0.1106141920095408,0.0248773405426394,0.195587358378056,0.013492794870584,0.3539057841383423,0.0071680472749977,0.0605247465712582,0.0130711450308783,0.0128205128205128,0.0181309431073473,0.3933571854502087,0.0195476865687586,,,,41.3,23.3,5.0,2.85,4.425,0.9086,0.7434000000000001,2.478,31.15,28.3,26.15,7.85,1.652,23.3,5.0,2.85,4.425,31.15,0.9086,0.7434000000000001,2.478
4278077,Jarred Vanderbilt,LAL,2026-06-12,0.0,32.0,0.0,0.0,3.0,0,1,0,0,0,0,0,0,0,1,,0,0,,1,0,0,-12,3.0,0.0,0.3333333333333333,0.0,0.0,0.0,0.3333333333333333,0.0,0.0,0.3333333333333333,0.0,1.5,2.1213203435596424,0.0,0.5,0.0,0.0,0.0,0.0,0.0,0.0,0.0,0.5,,0.0,0.0,,0.5,0.0,0.0,-6.0,0.0,,0.3333333333333333,,0.0,,0.0,,0.0,,0.3333333333333333,,0.0,,0.0,,0.3333333333333333,,1.5,2.1213203435596424,0.0,0.5,0.0,0.0,0.0,0.0,0.0,0.0,0.0,0.5,,0.0,0.0,,0.5,0.0,0.0,-6.0,0.0,,0.3333333333333333,,0.0,,0.0,,0.0,,0.3333333333333333,,0.0,,0.0,,0.3333333333333333,,1.5,2.1213203435596424,0.0,0.5,0.0,0.0,0.0,0.0,0.0,0.0,0.0,0.5,,0.0,0.0,,0.5,0.0,0.0,-6.0,0.0,,0.3333333333333333,,0.0,,0.0,,0.0,,0.3333333333333333,,0.0,,0.0,,0.3333333333333333,,,,,8.0,0.0,0.575,0.0,0.0,0.176,0.144,0.48,0.575,0.575,0.0,0.575,0.3199999999999999,0.0,0.575,0.0,0.0,0.575,0.176,0.144,0.48
4278129,Deandre Ayton,LAL,2026-06-12,0.0,32.0,0.0,0.0,3.0,6,3,1,0,0,0,0,0,3,3,,0,0,,1,2,2,-2,21.0,0.2857142857142857,0.1428571428571428,0.0476190476190476,0.0,0.0,0.1428571428571428,0.0,0.0,0.1428571428571428,0.0,22.5,2.1213203435596424,8.0,4.5,0.5,0.0,0.0,0.5,0.5,0.0,4.0,6.0,,0.0,0.0,,3.0,1.5,2.5,-5.0,0.3511904761904761,0.0925973165839526,0.1964285714285714,0.0757614408414158,0.0238095238095238,0.0336717514850736,0.0,0.0,0.0,0.0,0.2589285714285714,0.1641497884897342,0.0,0.0,0.0,0.0,0.2589285714285714,0.1641497884897342,22.5,2.1213203435596424,8.0,4.5,0.5,0.0,0.0,0.5,0.5,0.0,4.0,6.0,,0.0,0.0,,3.0,1.5,2.5,-5.0,0.3511904761904761,0.0925973165839526,0.1964285714285714,0.0757614408414158,0.0238095238095238,0.0336717514850736,0.0,0.0,0.0,0.0,0.2589285714285714,0.1641497884897342,0.0,0.0,0.0,0.0,0.2589285714285714,0.1641497884897342,22.5,2.1213203435596424,8.0,4.5,0.5,0.0,0.0,0.5,0.5,0.0,4.0,6.0,,0.0,0.0,,3.0,1.5,2.5,-5.0,0.3511904761904761,0.0925973165839526,0.1964285714285714,0.0757614408414158,0.0238095238095238,0.0336717514850736,0.0,0.0,0.0,0.0,0.2589285714285714,0.1641497884897342,0.0,0.0,0.0,0.0,0.2589285714285714,0.1641497884897342,,,,22.275,7.699999999999999,4.275,0.575,0.0,0.4900499999999999,0.4009499999999999,1.3364999999999998,12.55,11.975,8.274999999999999,4.8500000000000005,0.8909999999999998,7.699999999999999,4.275,0.575,0.0,12.55,0.4900499999999999,0.4009499999999999,1.3364999999999998
4397077,Jaxson Hayes,LAL,2026-06-12,0.0,32.0,0.0,0.0,3.0,18,5,1,0,0,0,1,1,6,8,,6,6,,3,2,2,-1,27.0,0.6666666666666666,0.1851851851851851,0.037037037037037,0.0,0.0,0.2962962962962963,0.2222222222222222,0.037037037037037,0.4311111111111111,0.0,18.0,12.727922061357855,9.5,3.5,0.5,0.0,0.0,0.0,0.5,0.5,3.0,4.0,,3.5,4.0,,2.0,1.5,2.0,-3.0,0.3888888888888888,0.3928371006591931,0.2037037037037037,0.0261891400439462,0.0185185185185185,0.0261891400439462,0.0,0.0,0.0,0.0,0.1481481481481481,0.2095131203515696,0.2222222222222222,0.0,0.0185185185185185,0.0261891400439462,0.2644444444444444,0.2357022603955158,18.0,12.727922061357855,9.5,3.5,0.5,0.0,0.0,0.0,0.5,0.5,3.0,4.0,,3.5,4.0,,2.0,1.5,2.0,-3.0,0.3888888888888888,0.3928371006591931,0.2037037037037037,0.0261891400439462,0.0185185185185185,0.0261891400439462,0.0,0.0,0.0,0.0,0.1481481481481481,0.2095131203515696,0.2222222222222222,0.0,0.0185185185185185,0.0261891400439462,0.2644444444444444,0.2357022603955158,18.0,12.727922061357855,9.5,3.5,0.5,0.0,0.0,0.0,0.5,0.5,3.0,4.0,,3.5,4.0,,2.0,1.5,2.0,-3.0,0.3888888888888888,0.3928371006591931,0.2037037037037037,0.0261891400439462,0.0185185185185185,0.0261891400439462,0.0,0.0,0.0,0.0,0.1481481481481481,0.2095131203515696,0.2222222222222222,0.0,0.0185185185185185,0.0261891400439462,0.2644444444444444,0.2357022603955158,,,,19.35,10.775,3.725,0.575,0.0,0.4257,0.3483,1.161,15.075,14.5,11.35,4.3,0.774,10.775,3.725,0.575,0.0,15.075,0.4257,0.3483,1.161
4592691,Jake LaRavia,LAL,2026-06-12,0.0,32.0,0.0,0.0,3.0,0,0,0,0,0,0,0,0,0,0,,0,0,,0,0,0,0,0.0,,,,,,,,,,0.0,0.0,0.0,0.0,0.0,0.0,0.0,0.0,0.0,0.0,0.0,0.0,0.0,,0.0,0.0,,0.0,0.0,0.0,0.0,,,,,,,,,,,,,,,,,,,0.0,0.0,0.0,0.0,0.0,0.0,0.0,0.0,0.0,0.0,0.0,0.0,,0.0,0.0,,0.0,0.0,0.0,0.0,,,,,,,,,,,,,,,,,,,0.0,0.0,0.0,0.0,0.0,0.0,0.0,0.0,0.0,0.0,0.0,0.0,,0.0,0.0,,0.0,0.0,0.0,0.0,,,,,,,,,,,,,,,,,,,,,,8.0,0.0,0.0,0.0,0.0,0.176,0.144,0.48,0.0,0.0,0.0,0.0,0.3199999999999999,0.0,0.0,0.0,0.0,0.0,0.176,0.144,0.48
4683686,Nick Smith Jr.,LAL,2026-06-12,0.0,32.0,0.0,0.0,3.0,0,0,0,0,0,0,0,0,0,0,,0,0,,0,0,0,0,0.0,,,,,,,,,,0.0,2.0,2.8284271247461903,3.0,0.0,0.0,0.5,0.5,0.5,0.0,0.0,1.0,1.0,,0.5,1.0,,0.0,0.0,0.0,0.0,1.5,,0.0,,0.0,,0.25,,0.25,,0.5,,0.5,,0.0,,0.72,,2.0,2.8284271247461903,3.0,0.0,0.0,0.5,0.5,0.5,0.0,0.0,1.0,1.0,,0.5,1.0,,0.0,0.0,0.0,0.0,1.5,,0.0,,0.0,,0.25,,0.25,,0.5,,0.5,,0.0,,0.72,,2.0,2.8284271247461903,3.0,0.0,0.0,0.5,0.5,0.5,0.0,0.0,1.0,1.0,,0.5,1.0,,0.0,0.0,0.0,0.0,1.5,,0.0,,0.0,,0.25,,0.25,,0.5,,0.5,,0.0,,0.72,,,,,8.0,2.55,0.0,0.0,0.4249999999999999,0.176,0.144,0.48,2.55,2.55,2.55,0.0,0.3199999999999999,2.55,0.0,0.0,0.4249999999999999,2.55,0.176,0.144,0.48
4683774,Bronny James,LAL,2026-06-12,0.0,32.0,0.0,0.0,3.0,0,0,0,0,0,0,0,0,0,0,,0,0,,0,0,0,0,0.0,,,,,,,,,,0.0,2.0,2.8284271247461903,1.0,0.0,0.0,0.0,0.0,0.0,0.0,0.5,0.5,0.5,,0.0,0.0,,0.0,0.0,0.0,0.0,0.5,,0.0,,0.0,,0.0,,0.0,,0.25,,0.0,,0.25,,0.5,,2.0,2.8284271247461903,1.0,0.0,0.0,0.0,0.0,0.0,0.0,0.5,0.5,0.5,,0.0,0.0,,0.0,0.0,0.0,0.0,0.5,,0.0,,0.0,,0.0,,0.0,,0.25,,0.0,,0.25,,0.5,,2.0,2.8284271247461903,1.0,0.0,0.0,0.0,0.0,0.0,0.0,0.5,0.5,0.5,,0.0,0.0,,0.0,0.0,0.0,0.0,0.5,,0.0,,0.0,,0.0,,0.0,,0.25,,0.0,,0.25,,0.5,,,,,8.0,0.8499999999999999,0.0,0.0,0.0,0.176,0.144,0.48,0.8499999999999999,0.8499999999999999,0.8499999999999999,0.0,0.3199999999999999,0.8499999999999999,0.0,0.0,0.0,0.8499999999999999,0.176,0.144,0.48
4897943,Dalton Knecht,LAL,2026-06-12,0.0,32.0,0.0,0.0,3.0,0,0,0,0,0,0,0,0,0,0,,0,0,,0,0,0,0,0.0,,,,,,,,,,0.0,2.0,2.8284271247461903,0.0,0.5,1.5,0.0,0.5,0.0,0.0,0.0,0.0,1.0,,0.0,0.0,,0.0,0.5,0.0,0.0,0.0,,0.25,,0.75,,0.0,,0.25,,0.5,,0.0,,0.0,,0.5,,2.0,2.8284271247461903,0.0,0.5,1.5,0.0,0.5,0.0,0.0,0.0,0.0,1.0,,0.0,0.0,,0.0,0.5,0.0,0.0,0.0,,0.25,,0.75,,0.0,,0.25,,0.5,,0.0,,0.0,,0.5,,2.0,2.8284271247461903,0.0,0.5,1.5,0.0,0.5,0.0,0.0,0.0,0.0,1.0,,0.0,0.0,,0.0,0.5,0.0,0.0,0.0,,0.25,,0.75,,0.0,,0.25,,0.5,,0.0,,0.0,,0.5,,,,,8.0,0.0,0.4249999999999999,1.275,0.0,0.176,0.144,0.48,1.6999999999999995,0.4249999999999999,1.275,1.6999999999999995,0.3199999999999999,0.0,0.4249999999999999,1.275,0.0,1.6999999999999995,0.176,0.144,0.48
5060631,Adou Thiero,LAL,2026-06-12,0.0,32.0,0.0,0.0,3.0,0,0,0,0,1,0,0,0,0,1,,0,0,,0,0,1,-5,3.0,0.0,0.0,0.0,0.0,0.3333333333333333,0.3333333333333333,0.0,0.0,0.3333333333333333,0.0,8.0,7.071067811865476,2.0,4.0,0.5,0.0,1.0,0.0,0.0,1.0,0.5,2.0,,1.0,1.5,,1.5,2.5,1.0,-2.5,0.1538461538461538,0.2175713172881684,0.3076923076923077,0.4351426345763369,0.0384615384615384,0.0543928293220421,0.0,0.0,0.2051282051282051,0.1813094310734737,0.282051282051282,0.0725237724293894,0.1153846153846153,0.1631784879661263,0.0769230769230769,0.1087856586440842,0.4097435897435897,0.1080604209197903,8.0,7.071067811865476,2.0,4.0,0.5,0.0,1.0,0.0,0.0,1.0,0.5,2.0,,1.0,1.5,,1.5,2.5,1.0,-2.5,0.1538461538461538,0.2175713172881684,0.3076923076923077,0.4351426345763369,0.0384615384615384,0.0543928293220421,0.0,0.0,0.2051282051282051,0.1813094310734737,0.282051282051282,0.0725237724293894,0.1153846153846153,0.1631784879661263,0.0769230769230769,0.1087856586440842,0.4097435897435897,0.1080604209197903,8.0,7.071067811865476,2.0,4.0,0.5,0.0,1.0,0.0,0.0,1.0,0.5,2.0,,1.0,1.5,,1.5,2.5,1.0,-2.5,0.1538461538461538,0.2175713172881684,0.3076923076923077,0.4351426345763369,0.0384615384615384,0.0543928293220421,0.0,0.0,0.2051282051282051,0.1813094310734737,0.282051282051282,0.0725237724293894,0.1153846153846153,0.1631784879661263,0.0769230769230769,0.1087856586440842,0.4097435897435897,0.1080604209197903,,,,8.0,1.6999999999999995,3.3999999999999995,0.4249999999999999,0.0,0.176,0.144,0.48,5.525,5.1,2.125,3.8249999999999993,0.3199999999999999,1.6999999999999995,3.3999999999999995,0.4249999999999999,0.0,5.525,0.176,0.144,0.48
3195,Mike Conley,MIN,2026-06-12,0.0,28.0,0.0,0.0,5.0,6,0,4,2,3,3,0,0,2,3,,0,0,,0,0,0,-5,19.0,0.3157894736842105,0.0,0.2105263157894736,0.1052631578947368,0.1578947368421052,0.1578947368421052,0.0,0.0,0.1578947368421052,0.0,15.0,4.0,6.333333333333333,0.3333333333333333,2.6666666666666665,1.6666666666666667,2.333333333333333,1.0,0.0,0.3333333333333333,2.0,2.6666666666666665,,0.6666666666666666,0.6666666666666666,,0.0,0.3333333333333333,0.6666666666666666,-0.3333333333333333,0.4587985114300903,0.2326709053192645,0.0222222222222222,0.0384900179459749,0.1752259436469962,0.0390164367696196,0.1179160021265284,0.0586092032942599,0.1576820839978734,0.0242431237482672,0.1799043062200957,0.0211177765461377,0.0606060606060606,0.1049727762162956,0.0303030303030303,0.0524863881081478,0.2368740031897926,0.102516819806761,12.25,6.3966136874651625,4.75,0.75,2.0,1.25,2.0,0.75,0.0,0.5,1.5,2.25,,0.5,0.5,,0.0,0.75,0.5,-2.75,0.3440988835725678,0.2978498256571714,0.1416666666666666,0.2409472049133493,0.1314194577352472,0.0932249308065009,0.0884370015948963,0.075934654121605,0.1807615629984051,0.0502241851083033,0.1974282296650717,0.0390596794976174,0.0454545454545454,0.0909090909090909,0.0852272727272727,0.117911988002071,0.3026555023923445,0.1559336016115061,12.25,6.3966136874651625,4.75,0.75,2.0,1.25,2.0,0.75,0.0,0.5,1.5,2.25,,0.5,0.5,,0.0,0.75,0.5,-2.75,0.3440988835725678,0.2978498256571714,0.1416666666666666,0.2409472049133493,0.1314194577352472,0.0932249308065009,0.0884370015948963,0.075934654121605,0.1807615629984051,0.0502241851083033,0.1974282296650717,0.0390596794976174,0.0454545454545454,0.0909090909090909,0.0852272727272727,0.117911988002071,0.3026555023923445,0.1559336016115061,,,,14.0875,5.4125,0.5125,2.5,1.4875,0.3099249999999999,0.2535749999999999,0.8452499999999998,8.424999999999999,5.925,7.9125,3.0124999999999997,0.5634999999999999,5.4125,0.5125,2.5,1.4875,8.424999999999999,0.3099249999999999,0.2535749999999999,0.8452499999999998
2968436,Joe Ingles,MIN,2026-06-12,0.0,28.0,0.0,0.0,5.0,0,0,0,0,0,0,0,0,0,0,,0,0,,0,0,0,0,0.0,,,,,,,,,,0.0,0.0,0.0,0.0,0.0,0.0,0.0,0.0,0.0,0.0,0.0,0.0,0.0,,0.0,0.0,,0.0,0.0,0.0,0.0,,,,,,,,,,,,,,,,,,,0.0,0.0,0.0,0.0,0.0,0.0,0.0,0.0,0.0,0.0,0.0,0.0,,0.0,0.0,,0.0,0.0,0.0,0.0,,,,,,,,,,,,,,,,,,,0.0,0.0,0.0,0.0,0.0,0.0,0.0,0.0,0.0,0.0,0.0,0.0,,0.0,0.0,,0.0,0.0,0.0,0.0,,,,,,,,,,,,,,,,,,,,,,8.0,0.0,0.0,0.0,0.0,0.176,0.144,0.48,0.0,0.0,0.0,0.0,0.3199999999999999,0.0,0.0,0.0,0.0,0.0,0.176,0.144,0.48
2993874,Kyle Anderson,MIN,2026-06-12,0.0,28.0,0.0,0.0,5.0,2,0,3,0,0,0,0,0,1,3,,0,0,,0,0,0,3,8.0,0.25,0.0,0.375,0.0,0.0,0.375,0.0,0.0,0.375,0.0,3.6666666666666665,4.041451884327381,1.0,0.0,1.0,0.0,0.0,0.0,0.0,0.0,0.3333333333333333,1.3333333333333333,,0.3333333333333333,0.6666666666666666,,0.0,0.0,0.0,-1.3333333333333333,0.2916666666666666,0.0589255650988789,0.0,0.0,0.1875,0.2651650429449553,0.0,0.0,0.0,0.0,0.3541666666666666,0.0294627825494395,0.3333333333333333,0.4714045207910317,0.0,0.0,0.5008333333333332,0.1779552065986143,2.75,3.774917217635375,0.75,0.0,0.75,0.0,0.0,0.0,0.0,0.0,0.25,1.0,,0.25,0.5,,0.0,0.0,0.0,-1.0,0.2916666666666666,0.0589255650988789,0.0,0.0,0.1875,0.2651650429449553,0.0,0.0,0.0,0.0,0.3541666666666666,0.0294627825494395,0.3333333333333333,0.4714045207910317,0.0,0.0,0.5008333333333332,0.1779552065986143,2.75,3.774917217635375,0.75,0.0,0.75,0.0,0.0,0.0,0.0,0.0,0.25,1.0,,0.25,0.5,,0.0,0.0,0.0,-1.0,0.2916666666666666,0.0589255650988789,0.0,0.0,0.1875,0.2651650429449553,0.0,0.0,0.0,0.0,0.3541666666666666,0.0294627825494395,0.3333333333333333,0.4714045207910317,0.0,0.0,0.5008333333333332,0.1779552065986143,,,,8.0,1.0125,0.0,1.1625,0.0,0.176,0.144,0.48,2.175,1.0125,2.175,1.1625,0.3199999999999999,1.0125,0.0,1.1625,0.0,2.175,0.176,0.144,0.48
3032976,Rudy Gobert,MIN,2026-06-12,0.0,28.0,0.0,0.0,5.0,0,3,0,0,0,0,0,0,0,4,,0,0,,1,2,3,-10,22.0,0.0,0.1363636363636363,0.0,0.0,0.0,0.1818181818181818,0.0,0.0,0.1818181818181818,0.0,25.0,4.358898943540674,5.0,7.0,1.3333333333333333,0.0,0.3333333333333333,0.6666666666666666,0.6666666666666666,0.3333333333333333,1.6666666666666667,5.0,,1.6666666666666667,2.0,,3.333333333333333,3.6666666666666665,2.333333333333333,-10.666666666666666,0.1801932367149758,0.1834139900101106,0.2623627580149319,0.1535075697262773,0.0444444444444444,0.0769800358919501,0.0,0.0,0.0111111111111111,0.0192450089729875,0.196354852876592,0.0322673025787796,0.0734299516908212,0.0676880382150222,0.0144927536231884,0.0251021856169402,0.2431567852437417,0.056143648954806,26.5,4.654746681256314,7.0,7.0,1.5,0.0,0.25,0.5,1.25,0.5,2.75,5.5,,1.5,1.75,,3.25,3.75,2.25,-9.5,0.2399836372136512,0.191642103380548,0.2532236814144247,0.1266641498607703,0.0494623655913978,0.0636501014492419,0.0,0.0,0.0083333333333333,0.0166666666666666,0.2037177525606698,0.0301822526910244,0.0631369798971482,0.058976504516462,0.0189340813464235,0.0223378911928944,0.2504321050618385,0.0480949823349175,26.5,4.654746681256314,7.0,7.0,1.5,0.0,0.25,0.5,1.25,0.5,2.75,5.5,,1.5,1.75,,3.25,3.75,2.25,-9.5,0.2399836372136512,0.191642103380548,0.2532236814144247,0.1266641498607703,0.0494623655913978,0.0636501014492419,0.0,0.0,0.0083333333333333,0.0166666666666666,0.2037177525606698,0.0301822526910244,0.0631369798971482,0.058976504516462,0.0189340813464235,0.0223378911928944,0.2504321050618385,0.0480949823349175,,,,25.375,5.35,6.4,1.225,0.0,0.5582499999999999,0.45675,1.5225,12.975,11.75,6.574999999999999,7.625,1.015,5.35,6.4,1.225,0.0,12.975,0.5582499999999999,0.45675,1.5225
3064514,Julius Randle,MIN,2026-06-12,0.0,28.0,0.0,0.0,5.0,3,7,1,0,2,0,0,0,1,8,,1,2,,2,5,3,-34,24.0,0.125,0.2916666666666667,0.0416666666666666,0.0,0.0833333333333333,0.3333333333333333,0.0833333333333333,0.0,0.37,0.0,32.666666666666664,7.571877794400364,10.666666666666666,8.333333333333334,1.6666666666666667,0.6666666666666666,3.333333333333333,0.0,0.0,2.0,4.0,12.333333333333334,,2.0,3.0,,3.6666666666666665,4.666666666666667,2.6666666666666665,-14.666666666666666,0.3043372319688109,0.1738941726495328,0.259990253411306,0.0433962688768789,0.0494639376218323,0.0264609113110505,0.0175438596491228,0.0303868562731381,0.0999025341130604,0.0146442292410494,0.3737816764132553,0.0857021151852304,0.0925925925925926,0.0975523495634512,0.0526315789473684,0.0911605688194146,0.4671539961013645,0.0940590571509038,32.25,6.238322424070967,11.0,7.75,1.25,0.5,3.25,0.25,0.0,2.0,3.75,12.25,,3.0,3.75,,3.75,4.0,3.25,-13.75,0.3250271175249952,0.1478909766628411,0.243379786832673,0.0485707851298402,0.0370979532163742,0.032839866517263,0.0131578947368421,0.0263157894736842,0.0991204489718921,0.0120588388902808,0.3771104508583286,0.0702914740351893,0.117831541218638,0.0942991271498619,0.0556027164685908,0.0746691156882563,0.4845590454631202,0.0843197117793457,32.25,6.238322424070967,11.0,7.75,1.25,0.5,3.25,0.25,0.0,2.0,3.75,12.25,,3.0,3.75,,3.75,4.0,3.25,-13.75,0.3250271175249952,0.1478909766628411,0.243379786832673,0.0485707851298402,0.0370979532163742,0.032839866517263,0.0131578947368421,0.0263157894736842,0.0991204489718921,0.0120588388902808,0.3771104508583286,0.0702914740351893,0.117831541218638,0.0942991271498619,0.0556027164685908,0.0746691156882563,0.4845590454631202,0.0843197117793457,,,,31.1375,9.7,7.812499999999999,1.3375,0.475,0.685025,0.560475,1.86825,18.85,17.5125,11.0375,9.15,1.2454999999999998,9.7,7.812499999999999,1.3375,0.475,18.85,0.685025,0.560475,1.86825
4396971,Naz Reid,MIN,2026-06-12,0.0,28.0,0.0,0.0,5.0,18,7,1,3,7,0,0,0,7,13,,1,1,,1,6,0,-15,32.0,0.5625,0.21875,0.03125,0.09375,0.21875,0.40625,0.03125,0.0,0.42,0.0,31.33333333333333,0.5773502691896263,15.0,7.0,2.333333333333333,2.0,6.0,0.6666666666666666,0.0,0.3333333333333333,5.666666666666667,11.666666666666666,,1.6666666666666667,2.0,,1.0,6.0,3.0,-9.333333333333334,0.4778225806451613,0.087857897457665,0.2234543010752688,0.0646446342843862,0.0749327956989247,0.0497164229041293,0.063508064516129,0.0550203792298193,0.1911962365591397,0.0539510754670501,0.3719758064516129,0.0438363203733042,0.0641801075268817,0.0327633891391089,0.010752688172043,0.0186242022319234,0.4109677419354838,0.0560325459163962,31.5,0.5773502691896257,15.75,7.5,3.0,2.5,6.5,0.5,0.5,0.25,5.75,12.0,,1.75,2.5,,1.25,6.25,3.25,-6.25,0.498991935483871,0.0832980978230387,0.2379032258064516,0.0601750629252481,0.0952620967741935,0.0574537820027878,0.0788810483870967,0.0544378173036314,0.2058971774193548,0.0529617756317678,0.3805443548387097,0.0396832719807148,0.0793850806451612,0.0405017441027445,0.0080645161290322,0.0161290322580645,0.4235383064516129,0.0522031975738269,31.5,0.5773502691896257,15.75,7.5,3.0,2.5,6.5,0.5,0.5,0.25,5.75,12.0,,1.75,2.5,,1.25,6.25,3.25,-6.25,0.498991935483871,0.0832980978230387,0.2379032258064516,0.0601750629252481,0.0952620967741935,0.0574537820027878,0.0788810483870967,0.0544378173036314,0.2058971774193548,0.0529617756317678,0.3805443548387097,0.0396832719807148,0.0793850806451612,0.0405017441027445,0.0080645161290322,0.0161290322580645,0.4235383064516129,0.0522031975738269,,,,31.525,15.8625,7.275,2.5,2.425,0.6935499999999999,0.5674499999999999,1.8915,25.6375,23.1375,18.3625,9.775,1.2609999999999997,15.8625,7.275,2.5,2.425,25.6375,0.6935499999999999,0.5674499999999999,1.8915
4397002,Ayo Dosunmu,MIN,2026-06-12,0.0,28.0,0.0,0.0,5.0,10,1,9,0,1,0,0,0,4,8,,2,2,,0,1,3,-28,23.0,0.4347826086956521,0.0434782608695652,0.391304347826087,0.0,0.0434782608695652,0.3478260869565217,0.0869565217391304,0.0,0.3860869565217392,0.0,28.666666666666668,5.131601439446885,12.0,5.0,5.333333333333333,0.6666666666666666,3.0,1.6666666666666667,0.6666666666666666,1.3333333333333333,4.666666666666667,11.333333333333334,,2.0,2.333333333333333,,0.0,5.0,3.6666666666666665,-17.333333333333332,0.4176548089591567,0.0771960583678011,0.1609574000878348,0.1147310949703041,0.2041721563460694,0.1624079164870509,0.0212121212121212,0.0184326137281764,0.0993412384716732,0.0487568984427031,0.390689503732982,0.0390496883035168,0.0825208607817303,0.0200680574879606,0.0424242424242424,0.0368652274563528,0.4694229249011858,0.0721723125647199,29.5,4.509249752822894,11.75,5.5,5.25,1.25,4.25,1.5,0.5,2.0,4.5,11.5,,1.5,1.75,,0.25,5.25,3.5,-14.25,0.3991786067193675,0.0730636787227803,0.1754055500658761,0.0980330501406296,0.192191617259552,0.1347529374781525,0.0393465909090909,0.0392675879574493,0.1370059288537549,0.0852017548928054,0.3867671277997365,0.0328348225148448,0.0618906455862977,0.0443949066553003,0.0630681818181818,0.0510951948008974,0.4770671936758893,0.060879398658545,29.5,4.509249752822894,11.75,5.5,5.25,1.25,4.25,1.5,0.5,2.0,4.5,11.5,,1.5,1.75,,0.25,5.25,3.5,-14.25,0.3991786067193675,0.0730636787227803,0.1754055500658761,0.0980330501406296,0.192191617259552,0.1347529374781525,0.0393465909090909,0.0392675879574493,0.1370059288537549,0.0852017548928054,0.3867671277997365,0.0328348225148448,0.0618906455862977,0.0443949066553003,0.0630681818181818,0.0510951948008974,0.4770671936758893,0.060879398658545,,,,28.275,11.562499999999998,4.675,5.8375,0.8875,0.6220499999999999,0.5089499999999999,1.6965,22.075,16.237499999999997,17.4,10.5125,1.1309999999999998,11.562499999999998,4.675,5.8375,0.8875,22.075,0.6220499999999999,0.5089499999999999,1.6965
4431671,Jaden McDaniels,MIN,2026-06-12,0.0,28.0,0.0,0.0,5.0,13,1,3,2,4,0,1,0,4,13,,3,3,,1,0,5,-21,23.0,0.5652173913043478,0.0434782608695652,0.1304347826086956,0.0869565217391304,0.1739130434782608,0.5652173913043478,0.1304347826086956,0.0,0.6226086956521739,0.0,31.33333333333333,9.073771725877464,14.666666666666666,4.333333333333333,1.6666666666666667,1.6666666666666667,4.333333333333333,0.3333333333333333,0.3333333333333333,1.0,5.333333333333333,13.666666666666666,,2.333333333333333,2.333333333333333,,1.3333333333333333,3.0,4.666666666666667,-12.666666666666666,0.4911158242017202,0.1296048142115277,0.1299399080947331,0.0795394365568917,0.0657004830917874,0.0652227587700006,0.0623188405797101,0.0543623169087276,0.1520089548721574,0.0942060508747208,0.4548014610580888,0.1014008622585565,0.0819606456934134,0.0429218512046034,0.0303523035230352,0.0337308571978354,0.521216448686226,0.1056847232759391,33.5,8.582928793055823,15.25,5.0,1.75,2.0,5.25,0.5,0.5,1.0,5.25,15.75,,2.75,2.75,,2.0,3.0,4.5,-13.25,0.4745868681512902,0.1108652220656743,0.1412049310710498,0.0687407032440482,0.0617753623188405,0.0538296553959061,0.0654891304347826,0.0448372310048691,0.164006716154118,0.0805748417149504,0.4786010957935666,0.0955010315756911,0.0864704842700601,0.0361876330141903,0.0290142276422764,0.0276708439779343,0.5456623365146696,0.0991795319080063,33.5,8.582928793055823,15.25,5.0,1.75,2.0,5.25,0.5,0.5,1.0,5.25,15.75,,2.75,2.75,,2.0,3.0,4.5,-13.25,0.4745868681512902,0.1108652220656743,0.1412049310710498,0.0687407032440482,0.0617753623188405,0.0538296553959061,0.0654891304347826,0.0448372310048691,0.164006716154118,0.0805748417149504,0.4786010957935666,0.0955010315756911,0.0864704842700601,0.0361876330141903,0.0290142276422764,0.0276708439779343,0.5456623365146696,0.0991795319080063,,,,31.274999999999995,14.7375,4.199999999999999,1.9125,1.9,0.6880499999999998,0.5629499999999998,1.8765,20.85,18.9375,16.650000000000002,6.112499999999999,1.2509999999999997,14.7375,4.199999999999999,1.9125,1.9,20.85,0.6880499999999998,0.5629499999999998,1.8765
4432247,Jaylen Clark,MIN,2026-06-12,0.0,28.0,0.0,0.0,5.0,2,3,0,0,1,0,0,0,0,2,,2,2,,0,3,0,3,8.0,0.25,0.375,0.0,0.0,0.125,0.25,0.25,0.0,0.36,0.0,3.6666666666666665,4.041451884327381,0.6666666666666666,1.0,0.0,0.0,0.3333333333333333,0.0,0.0,0.0,0.0,0.6666666666666666,,0.6666666666666666,0.6666666666666666,,0.0,1.0,0.0,-1.3333333333333333,0.125,0.1767766952966369,0.1875,0.2651650429449553,0.0,0.0,0.0,0.0,0.0625,0.0883883476483184,0.125,0.1767766952966369,0.125,0.1767766952966369,0.0,0.0,0.18,0.2545584412271571,2.75,3.774917217635375,0.5,0.75,0.0,0.0,0.25,0.0,0.0,0.0,0.0,0.5,,0.5,0.5,,0.0,0.75,0.0,-1.0,0.125,0.1767766952966369,0.1875,0.2651650429449553,0.0,0.0,0.0,0.0,0.0625,0.0883883476483184,0.125,0.1767766952966369,0.125,0.1767766952966369,0.0,0.0,0.18,0.2545584412271571,2.75,3.774917217635375,0.5,0.75,0.0,0.0,0.25,0.0,0.0,0.0,0.0,0.5,,0.5,0.5,,0.0,0.75,0.0,-1.0,0.125,0.1767766952966369,0.1875,0.2651650429449553,0.0,0.0,0.0,0.0,0.0625,0.0883883476483184,0.125,0.1767766952966369,0.125,0.1767766952966369,0.0,0.0,0.18,0.2545584412271571,,,,8.0,0.775,1.1625,0.0,0.0,0.176,0.144,0.48,1.9375,1.9375,0.775,1.1625,0.3199999999999999,0.775,1.1625,0.0,0.0,1.9375,0.176,0.144,0.48
4432847,Terrence Shannon Jr.,MIN,2026-06-12,0.0,28.0,0.0,0.0,5.0,21,2,1,1,3,1,0,1,8,15,,4,4,,1,1,3,-21,22.0,0.9545454545454546,0.0909090909090909,0.0454545454545454,0.0454545454545454,0.1363636363636363,0.6818181818181818,0.1818181818181818,0.0454545454545454,0.8072727272727274,0.0,19.666666666666668,2.516611478423584,10.333333333333334,1.3333333333333333,2.333333333333333,1.0,4.0,0.6666666666666666,0.0,1.6666666666666667,3.6666666666666665,10.666666666666666,,2.0,2.0,,0.3333333333333333,1.0,2.6666666666666665,-5.0,0.4907308377896613,0.4257626039062066,0.0636363636363636,0.0552978411845292,0.1269162210338681,0.0977401044025284,0.0484848484848484,0.0500688231571463,0.2072192513368983,0.0618017343921188,0.5253119429590017,0.204356687097811,0.0998217468805704,0.0922104610080396,0.0877005347593583,0.0376350552083698,0.656934046345811,0.1758717544468707,21.75,4.645786621588784,9.0,1.5,2.25,1.0,3.75,0.5,0.0,1.5,3.25,9.5,,1.5,1.5,,0.25,1.25,2.5,1.0,0.4126909854851032,0.3810643919088539,0.0655844155844155,0.0453182868021528,0.1130443086325439,0.084489477572209,0.0452922077922077,0.0413766824825724,0.182200152788388,0.0710642250688508,0.4475553857906799,0.2280908425132637,0.0748663101604278,0.0903305487295538,0.0747039724980901,0.0402480737775375,0.5552005347593583,0.2490369695319497,21.75,4.645786621588784,9.0,1.5,2.25,1.0,3.75,0.5,0.0,1.5,3.25,9.5,,1.5,1.5,,0.25,1.25,2.5,1.0,0.4126909854851032,0.3810643919088539,0.0655844155844155,0.0453182868021528,0.1130443086325439,0.084489477572209,0.0452922077922077,0.0413766824825724,0.182200152788388,0.0710642250688508,0.4475553857906799,0.2280908425132637,0.0748663101604278,0.0903305487295538,0.0747039724980901,0.0402480737775375,0.5552005347593583,0.2490369695319497,,,,21.1625,11.2,1.525,2.0875000000000004,1.0,0.465575,0.380925,1.26975,14.812500000000002,12.725,13.2875,3.6125,0.8465,11.2,1.525,2.0875000000000004,1.0,14.812500000000002,0.465575,0.380925,1.26975
4592492,Bones Hyland,MIN,2026-06-12,0.0,28.0,0.0,0.0,5.0,3,1,0,1,4,0,0,0,1,6,,0,0,,1,0,1,3,8.0,0.375,0.125,0.0,0.125,0.5,0.75,0.0,0.0,0.75,0.0,3.6666666666666665,4.041451884327381,1.0,0.6666666666666666,0.0,0.3333333333333333,1.6666666666666667,0.0,0.0,0.3333333333333333,0.3333333333333333,2.333333333333333,,0.0,0.0,,0.3333333333333333,0.3333333333333333,0.3333333333333333,-1.3333333333333333,0.1875,0.2651650429449553,0.2291666666666666,0.1473139127471973,0.0,0.0,0.0625,0.0883883476483184,0.4166666666666666,0.1178511301977579,0.5416666666666666,0.2946278254943948,0.0,0.0,0.1666666666666666,0.2357022603955158,0.7083333333333333,0.058925565098879,2.75,3.774917217635375,0.75,0.5,0.0,0.25,1.25,0.0,0.0,0.25,0.25,1.75,,0.0,0.0,,0.25,0.25,0.25,-1.0,0.1875,0.2651650429449553,0.2291666666666666,0.1473139127471973,0.0,0.0,0.0625,0.0883883476483184,0.4166666666666666,0.1178511301977579,0.5416666666666666,0.2946278254943948,0.0,0.0,0.1666666666666666,0.2357022603955158,0.7083333333333333,0.058925565098879,2.75,3.774917217635375,0.75,0.5,0.0,0.25,1.25,0.0,0.0,0.25,0.25,1.75,,0.0,0.0,,0.25,0.25,0.25,-1.0,0.1875,0.2651650429449553,0.2291666666666666,0.1473139127471973,0.0,0.0,0.0625,0.0883883476483184,0.4166666666666666,0.1178511301977579,0.5416666666666666,0.2946278254943948,0.0,0.0,0.1666666666666666,0.2357022603955158,0.7083333333333333,0.058925565098879,,,,8.0,1.1625,0.6249999999999999,0.0,0.3875,0.176,0.144,0.48,1.7875,1.7875,1.1625,0.6249999999999999,0.3199999999999999,1.1625,0.6249999999999999,0.0,0.3875,1.7875,0.176,0.144,0.48
4594268,Anthony Edwards,MIN,2026-06-12,0.0,28.0,0.0,0.0,5.0,24,2,2,2,7,3,0,3,9,26,,4,7,,1,1,4,-31,36.0,0.6666666666666666,0.0555555555555555,0.0555555555555555,0.0555555555555555,0.1944444444444444,0.7222222222222222,0.1944444444444444,0.0833333333333333,0.8911111111111111,0.0,38.333333333333336,2.081665999466133,26.666666666666668,3.333333333333333,2.0,2.0,5.0,1.3333333333333333,0.0,3.6666666666666665,9.333333333333334,20.33333333333333,,6.0,7.333333333333333,,0.6666666666666666,2.6666666666666665,3.0,-13.333333333333334,0.693162393162393,0.1949448805817812,0.0856125356125356,0.055802104685927,0.0522792022792022,0.002908914224596,0.052065527065527,0.0248638756349121,0.1321225071225071,0.0590835470905877,0.5351851851851852,0.1948672651545317,0.1913105413105413,0.0106094280235701,0.0952991452991453,0.0104417023272398,0.7146609686609686,0.1892023746123189,39.0,2.160246899469287,28.0,6.0,3.0,2.25,6.0,1.0,0.25,3.25,10.0,21.75,,5.75,7.0,,0.75,5.25,3.5,-12.5,0.7149937460913071,0.1650518187101367,0.1495752553679383,0.1357970348189489,0.0757947675630602,0.0470910652932689,0.0573418282259745,0.0228800995802439,0.1539699291223681,0.0650882714731605,0.5599254742547426,0.166624812974695,0.1800682718365645,0.0240955279466318,0.0836694809255785,0.0247726153664557,0.7228249947884093,0.1553435901361827,39.0,2.160246899469287,28.0,6.0,3.0,2.25,6.0,1.0,0.25,3.25,10.0,21.75,,5.75,7.0,,0.75,5.25,3.5,-12.5,0.7149937460913071,0.1650518187101367,0.1495752553679383,0.1357970348189489,0.0757947675630602,0.0470910652932689,0.0573418282259745,0.0228800995802439,0.1539699291223681,0.0650882714731605,0.5599254742547426,0.166624812974695,0.1800682718365645,0.0240955279466318,0.0836694809255785,0.0247726153664557,0.7228249947884093,0.1553435901361827,,,,38.35,27.0,4.6,2.55,2.1375,0.8436999999999998,0.6902999999999998,2.301,34.15,31.6,29.55,7.15,1.5339999999999996,27.0,4.6,2.55,2.1375,34.15,0.8436999999999998,0.6902999999999998,2.301
5105553,Julian Phillips,MIN,2026-06-12,0.0,28.0,0.0,0.0,5.0,3,0,1,1,2,1,0,1,1,2,,0,0,,0,0,0,3,8.0,0.375,0.0,0.125,0.125,0.25,0.25,0.0,0.125,0.375,0.0,3.6666666666666665,4.041451884327381,1.0,0.0,0.3333333333333333,0.3333333333333333,1.0,0.3333333333333333,0.0,0.3333333333333333,0.3333333333333333,1.0,,0.0,0.0,,0.0,0.0,0.0,-1.3333333333333333,0.1875,0.2651650429449553,0.0,0.0,0.0625,0.0883883476483184,0.0625,0.0883883476483184,0.2916666666666666,0.0589255650988789,0.2916666666666666,0.0589255650988789,0.0,0.0,0.0625,0.0883883476483184,0.3541666666666666,0.0294627825494395,2.75,3.774917217635375,0.75,0.0,0.25,0.25,0.75,0.25,0.0,0.25,0.25,0.75,,0.0,0.0,,0.0,0.0,0.0,-1.0,0.1875,0.2651650429449553,0.0,0.0,0.0625,0.0883883476483184,0.0625,0.0883883476483184,0.2916666666666666,0.0589255650988789,0.2916666666666666,0.0589255650988789,0.0,0.0,0.0625,0.0883883476483184,0.3541666666666666,0.0294627825494395,2.75,3.774917217635375,0.75,0.0,0.25,0.25,0.75,0.25,0.0,0.25,0.25,0.75,,0.0,0.0,,0.0,0.0,0.0,-1.0,0.1875,0.2651650429449553,0.0,0.0,0.0625,0.0883883476483184,0.0625,0.0883883476483184,0.2916666666666666,0.0589255650988789,0.2916666666666666,0.0589255650988789,0.0,0.0,0.0625,0.0883883476483184,0.3541666666666666,0.0294627825494395,,,,8.0,1.1625,0.0,0.3875,0.3875,0.176,0.144,0.48,1.55,1.1625,1.55,0.3875,0.3199999999999999,1.1625,0.0,0.3875,0.3875,1.55,0.176,0.144,0.48
5279133,Joan Beringer,MIN,2026-06-12,0.0,28.0,0.0,0.0,5.0,4,2,0,0,0,1,1,0,2,3,,0,0,,1,1,0,3,8.0,0.5,0.25,0.0,0.0,0.0,0.375,0.0,0.0,0.375,0.0,3.6666666666666665,4.041451884327381,2.333333333333333,1.6666666666666667,0.0,0.0,0.0,0.3333333333333333,0.6666666666666666,0.3333333333333333,0.6666666666666666,1.3333333333333333,,1.0,1.3333333333333333,,0.6666666666666666,1.0,0.0,-1.3333333333333333,0.75,0.3535533905932738,0.625,0.5303300858899106,0.0,0.0,0.0,0.0,0.0,0.0,0.3541666666666666,0.0294627825494395,0.6666666666666666,0.9428090415820634,0.1666666666666666,0.2357022603955158,0.8141666666666666,0.6210754561421842,2.75,3.774917217635375,1.75,1.25,0.0,0.0,0.0,0.25,0.5,0.25,0.5,1.0,,0.75,1.0,,0.5,0.75,0.0,-1.0,0.75,0.3535533905932738,0.625,0.5303300858899106,0.0,0.0,0.0,0.0,0.0,0.0,0.3541666666666666,0.0294627825494395,0.6666666666666666,0.9428090415820634,0.1666666666666666,0.2357022603955158,0.8141666666666666,0.6210754561421842,2.75,3.774917217635375,1.75,1.25,0.0,0.0,0.0,0.25,0.5,0.25,0.5,1.0,,0.75,1.0,,0.5,0.75,0.0,-1.0,0.75,0.3535533905932738,0.625,0.5303300858899106,0.0,0.0,0.0,0.0,0.0,0.0,0.3541666666666666,0.0294627825494395,0.6666666666666666,0.9428090415820634,0.1666666666666666,0.2357022603955158,0.8141666666666666,0.6210754561421842,,,,8.0,2.2625,1.4875,0.0,0.0,0.176,0.144,0.48,3.75,3.75,2.2625,1.4875,0.3199999999999999,2.2625,1.4875,0.0,0.0,3.75,0.176,0.144,0.48
2528426,Jordan Clarkson,NYK,2026-06-12,0.0,2.0,3.0,4.0,11.0,2,1,0,0,1,0,0,2,1,3,,0,0,,0,1,3,2,5.0,0.4,0.2,0.0,0.0,0.2,0.6,0.0,0.4,1.0,0.0,6.0,6.557438524302,4.0,1.3333333333333333,0.3333333333333333,0.6666666666666666,1.0,0.3333333333333333,0.0,1.3333333333333333,1.6666666666666667,3.333333333333333,,0.0,0.0,,0.3333333333333333,1.0,1.0,3.333333333333333,0.5846153846153846,0.2610855807458022,0.2153846153846154,0.0217571317288168,0.0384615384615384,0.0543928293220421,0.0769230769230769,0.1087856586440842,0.1769230769230769,0.0326356975932252,0.5692307692307692,0.0435142634576337,0.0,0.0,0.2769230769230769,0.1740570538305348,0.846153846153846,0.2175713172881684,6.6,4.827007354458868,3.0,1.2,0.2,0.6,1.6,0.2,0.0,1.0,1.2,3.4,,0.0,0.0,,0.4,0.8,1.0,3.2,0.3756410256410256,0.3153846153846154,0.1771367521367521,0.0512125597541503,0.0192307692307692,0.0384615384615384,0.0662393162393162,0.0784511100456658,0.2412393162393162,0.1368595998704654,0.492948717948718,0.2237329483375589,0.0,0.0,0.1662393162393162,0.1687920584730795,0.6591880341880342,0.3530299952054965,8.0,4.921607686744467,3.3,1.4,0.7,0.4,0.9,0.2,0.1,0.9,1.3,2.8,,0.3,0.4,,0.5,0.9,1.2,3.1,0.3826872201872202,0.3095900372768781,0.1492402659069326,0.11837597730908,0.0758547008547008,0.1360198408584804,0.0363841405508072,0.059167470912035,0.1141619183285849,0.1481498559990864,0.3389753764753764,0.2232410801258437,0.0555555555555555,0.1666666666666666,0.1137956179622846,0.1262202372726916,0.4772154388821055,0.3183006200344943,,,,7.720000000000001,3.214,1.272,0.2526666666666666,0.5820000000000001,0.2144444444444444,0.0,1.0722222222222224,4.738666666666666,4.486,3.466666666666667,1.5246666666666666,0.2144444444444444,3.214,1.272,0.2526666666666666,0.5820000000000001,4.738666666666666,0.2144444444444444,0.0,1.0722222222222224
3062679,Josh Hart,NYK,2026-06-12,0.0,2.0,3.0,4.0,11.0,6,8,6,1,2,2,0,2,2,4,,1,3,,2,6,3,11,33.0,0.1818181818181818,0.2424242424242424,0.1818181818181818,0.0303030303030303,0.0606060606060606,0.1212121212121212,0.0909090909090909,0.0606060606060606,0.2218181818181818,0.0,28.666666666666668,9.291573243177575,7.333333333333333,7.666666666666667,5.0,1.6666666666666667,3.6666666666666665,1.0,0.3333333333333333,2.0,2.6666666666666665,6.0,,0.3333333333333333,1.0,,1.0,6.666666666666667,3.333333333333333,0.3333333333333333,0.2129870129870129,0.2301597705649427,0.2776334776334776,0.048795643745598,0.1822991822991823,0.0396847259881352,0.0481962481962482,0.0592066850733902,0.1239057239057239,0.0705722620606946,0.2097162097162097,0.0829610799898042,0.0303030303030303,0.0524863881081478,0.0762866762866762,0.0302085151933667,0.2993362193362194,0.0673012655337724,27.4,6.877499545619759,6.2,9.8,5.4,1.2,3.4,1.8,0.4,1.6,2.2,5.6,,0.6,1.2,,1.8,8.0,3.4,8.6,0.20001443001443,0.1709197626217949,0.3693578643578644,0.1347111106625439,0.2038239538239538,0.0418641428957845,0.0372510822510822,0.0468438726037593,0.1215656565656565,0.0502454185117435,0.2045334295334295,0.0596541261055478,0.0422558922558922,0.0437402766770421,0.0624386724386724,0.0410353051709909,0.2855646945646946,0.0680570138799305,30.5,6.293735862833069,11.1,8.9,4.7,1.8,5.0,1.8,0.3,2.0,4.3,9.4,,0.7,1.3,,1.4,7.5,3.1,7.6,0.3436369816069482,0.2318573272800283,0.303629557934341,0.1231745381122884,0.161261314078333,0.0695591583405668,0.0565102518912307,0.057801599189016,0.1609348490466399,0.0781174746525652,0.3001554222772243,0.1413418138155137,0.0420884409538469,0.0339783703702733,0.0655780994435054,0.0373490183984409,0.3842524357404224,0.1388955840132164,,,,29.03933333333333,7.3519,9.3594,5.333599999999999,1.3824,2.194833333333333,0.3376666666666666,2.026,22.0449,16.711299999999998,12.685499999999998,14.692999999999998,2.5325,7.3519,9.3594,5.333599999999999,1.3824,22.0449,2.194833333333333,0.3376666666666666,2.026
3136195,Karl-Anthony Towns,NYK,2026-06-12,0.0,2.0,3.0,4.0,11.0,13,10,2,1,1,0,0,3,4,5,,4,4,,2,8,4,17,26.0,0.5,0.3846153846153846,0.0769230769230769,0.0384615384615384,0.0384615384615384,0.1923076923076923,0.1538461538461538,0.1153846153846153,0.3753846153846153,0.0,32.666666666666664,6.110100926607785,15.0,10.333333333333334,2.333333333333333,1.3333333333333333,2.6666666666666665,1.3333333333333333,1.0,2.0,5.333333333333333,9.0,,3.0,3.0,,2.333333333333333,8.0,4.333333333333333,11.333333333333334,0.4690402476780186,0.1662628059702482,0.3258315471937762,0.0998636668387377,0.0736286417400968,0.0457546737246005,0.0422322775263951,0.0442383389926469,0.0793839803127728,0.0590348271373771,0.2694689211717075,0.0805024897104059,0.0972056838929904,0.0500734395813224,0.0668413114233547,0.0450724700740593,0.379080733507978,0.0568085177920644,31.6,5.366563145999495,16.4,11.4,2.8,1.4,2.6,1.2,1.2,2.0,6.2,10.6,,2.6,2.6,,2.6,8.8,4.2,14.6,0.5334603477018337,0.1633123353585199,0.3737794713026911,0.1166157493257667,0.090783519885687,0.0399897283432625,0.0484162895927601,0.052100098480381,0.0824720171469397,0.0464793492845556,0.3345320314360562,0.1059176105384936,0.0818528221005001,0.0585297823058205,0.0672541081209811,0.0325120359850119,0.4378013812812574,0.091726586027249,31.6,6.586180818788517,15.1,10.7,4.4,1.4,3.1,1.0,1.1,2.0,5.6,10.3,,2.5,2.7,,2.6,8.1,4.2,15.3,0.5011105157312588,0.1890522236456428,0.3438769151385251,0.1099827118962728,0.1570370590881426,0.1405105870466272,0.0478192559074912,0.0447866591787808,0.0986505384879997,0.0416425635963885,0.3263685798205922,0.0764153340890242,0.0952853854092244,0.0867682583405353,0.0649732079066444,0.0545005787077674,0.4332673573072954,0.1004920066960031,,,,31.518666666666665,15.34463917525773,10.628226804123711,3.191088659793814,1.3078432989690718,1.46220618556701,1.13727147766323,1.6246735395189005,29.16395463917525,25.97286597938144,18.535727835051546,13.819315463917526,2.59947766323024,15.34463917525773,10.628226804123711,3.191088659793814,1.3078432989690718,29.16395463917525,1.46220618556701,1.13727147766323,1.6246735395189005
3147657,Mikal Bridges,NYK,2026-06-12,0.0,2.0,3.0,4.0,11.0,7,2,2,1,3,0,0,0,3,9,,0,0,,0,2,0,-2,28.0,0.25,0.0714285714285714,0.0714285714285714,0.0357142857142857,0.1071428571428571,0.3214285714285714,0.0,0.0,0.3214285714285714,0.0,32.666666666666664,7.23417813807024,9.666666666666666,4.333333333333333,3.333333333333333,1.6666666666666667,4.0,0.3333333333333333,0.3333333333333333,0.6666666666666666,4.0,9.0,,0.0,0.0,,0.0,4.333333333333333,2.0,5.333333333333333,0.2689234650967199,0.2100599335638238,0.1300612759822179,0.0524241082547615,0.0955785173615283,0.0439792471283349,0.0444250871080139,0.0493603538902689,0.1189775321398534,0.0237697503945302,0.2703051784212423,0.0848043917989226,0.0,0.0,0.0196243341743762,0.0177285245346368,0.2899295125956185,0.0726030521319975,31.2,5.540758070878026,10.6,3.8,3.6,1.2,4.0,0.6,0.2,1.0,3.8,9.8,,1.8,2.0,,0.4,3.4,2.2,7.4,0.3256397933437462,0.1791087610241191,0.1194653370179022,0.0398877765603443,0.1121090151788217,0.0438443853067878,0.033321718931475,0.0398531068876037,0.1247198526172453,0.0960896254242363,0.3117069165765549,0.1397632290374114,0.0685714285714285,0.0960442075084092,0.0322507909808162,0.0239965189860831,0.3741291361287997,0.1830848932284468,34.2,6.069962474714687,14.7,4.0,3.1,1.1,3.2,1.4,0.3,1.1,6.0,11.1,,1.6,1.7,,0.4,3.6,1.9,13.4,0.4146066009585774,0.162322352343522,0.1169158681921507,0.0357134426873089,0.0951949392298425,0.0626997094698233,0.0293281696330476,0.0318289951541317,0.0949015063502027,0.0758560584273389,0.3240575964924156,0.1005828058817456,0.0525611325611325,0.076963566523643,0.0319678863328989,0.0264403763765674,0.3791523811522129,0.1282106481050512,,,,32.019000000000005,11.629,3.955000000000001,3.242400000000001,1.10712,0.9852000000000002,0.4926000000000001,1.1494000000000004,18.826400000000003,15.584,14.8714,7.197400000000002,1.4778000000000002,11.629,3.955000000000001,3.242400000000001,1.10712,18.826400000000003,0.9852000000000002,0.4926000000000001,1.1494000000000004
3914044,Landry Shamet,NYK,2026-06-12,0.0,2.0,3.0,4.0,11.0,0,2,1,0,2,0,0,0,0,3,,0,0,,0,2,1,-13,21.0,0.0,0.0952380952380952,0.0476190476190476,0.0,0.0952380952380952,0.1428571428571428,0.0,0.0,0.1428571428571428,0.0,24.666666666666668,4.7258156262526105,5.333333333333333,2.6666666666666665,1.6666666666666667,1.3333333333333333,5.333333333333333,0.0,0.6666666666666666,0.0,2.0,7.666666666666667,,0.0,0.0,,0.6666666666666666,2.0,2.0,-8.0,0.1879227053140096,0.2223130459221264,0.1119392684610075,0.0555395645019827,0.0670807453416149,0.0196720058305916,0.0478260869565217,0.0501415764985687,0.2109730848861284,0.1063329930778134,0.2968944099378882,0.1359269621445494,0.0,0.0,0.0,0.0,0.2968944099378882,0.1359269621445492,25.2,6.016643582596529,9.0,1.8,1.4,2.2,5.2,0.2,0.4,0.0,3.2,7.6,,0.4,0.4,,0.4,1.4,2.2,-1.2,0.3599625546078635,0.324520926531874,0.0732241671372106,0.0668391096248147,0.0613010787839163,0.0405113438532041,0.0889827335136259,0.0788773055134739,0.2050527504532081,0.0763026326713431,0.2958399952450296,0.0973239347217621,0.0210526315789473,0.047075115315785,0.0,0.0,0.3051031531397664,0.1017986574685019,22.3,7.008724721532601,9.5,1.8,1.0,2.4,4.3,0.3,0.2,0.4,3.2,6.1,,0.7,0.9,,0.4,1.4,2.3,5.2,0.4497056705577368,0.3495979162207744,0.0842709932863385,0.0835485187493448,0.0413648251062438,0.0468127374636469,0.1204800839220007,0.1100607114777684,0.2041144929911924,0.1455862291643136,0.2826865056243169,0.1585652124144985,0.0366252168883747,0.0603825749135888,0.0148351648351648,0.0313020755839591,0.3136367658903666,0.1553437974641296,,,,24.47283333333333,8.285573376623375,1.7894870129870126,1.4894870129870128,2.0902305194805195,0.1589145021645021,0.3178290043290043,0.3178290043290043,11.564547402597402,10.075060389610387,9.775060389610388,3.278974025974025,0.4767435064935064,8.285573376623375,1.7894870129870126,1.4894870129870128,2.0902305194805195,11.564547402597402,0.1589145021645021,0.3178290043290043,0.3178290043290043
3934672,Jalen Brunson,NYK,2026-06-12,0.0,2.0,3.0,4.0,11.0,36,5,7,3,7,3,0,3,12,25,,9,11,,0,5,1,11,44.0,0.8181818181818182,0.1136363636363636,0.1590909090909091,0.0681818181818181,0.1590909090909091,0.5681818181818182,0.25,0.0681818181818181,0.7463636363636365,0.0,39.0,4.58257569495584,29.33333333333333,5.0,6.0,2.6666666666666665,6.666666666666667,2.6666666666666665,0.0,4.0,10.0,25.0,,6.666666666666667,8.0,,1.3333333333333333,3.6666666666666665,2.6666666666666665,-2.6666666666666665,0.7529277739804056,0.2020488390294362,0.1293574846206425,0.0147365076297678,0.153280929596719,0.0090470550184204,0.0688425609478241,0.0165512479139363,0.1708247892458418,0.035327640721596,0.6467874231032127,0.0736825381488392,0.2033834586466165,0.0631008066374172,0.1054340396445659,0.0373379556118248,0.8417101845522899,0.1071789397053826,37.0,4.743416490252566,26.6,4.0,5.0,2.4,6.8,1.6,0.0,3.2,9.6,24.0,,5.0,6.0,,1.2,2.8,2.0,2.8,0.7106930200987926,0.1926594180575138,0.1067339327950533,0.0332047299396965,0.1350374330849712,0.0458521967578227,0.0650195731859568,0.0133438130527535,0.1834015867122828,0.0419539740647785,0.6459626020746564,0.1461576078990697,0.1565549226160431,0.0796247328366168,0.0848820454083612,0.0543134672089617,0.7997288134340765,0.2049640095970969,37.8,5.493430419854043,27.5,4.0,6.6,2.3,6.9,1.2,0.0,2.9,9.9,22.3,,5.4,6.5,,0.8,3.2,2.2,10.6,0.7240394712434737,0.1654973015518448,0.106497213808206,0.0306760789140048,0.1753091230997058,0.0783113143819252,0.0665070079071334,0.0585631444450072,0.1887672864712196,0.072968102551206,0.590975265269223,0.1313488158502002,0.1629690949520468,0.0950641946194342,0.0741135962376962,0.0453694790247682,0.7367952632858198,0.1692838452039198,,,,38.40983333333333,28.22560044247788,4.125379203539823,5.529163274336283,2.24367610619469,1.5295951327433628,0.0,3.399100294985251,37.88014292035398,32.3509796460177,33.75476371681416,9.654542477876106,1.5295951327433628,28.22560044247788,4.125379203539823,5.529163274336283,2.24367610619469,37.88014292035398,1.5295951327433628,0.0,3.399100294985251
3934719,OG Anunoby,NYK,2026-06-12,0.0,2.0,3.0,4.0,9.0,33,4,1,7,9,1,1,1,10,15,,6,6,,1,3,2,-1,41.0,0.8048780487804879,0.0975609756097561,0.024390243902439,0.1707317073170731,0.2195121951219512,0.3658536585365853,0.1463414634146341,0.024390243902439,0.4546341463414634,0.0,38.66666666666666,2.081665999466119,26.0,4.333333333333333,1.6666666666666667,4.0,7.0,1.0,1.6666666666666667,0.6666666666666666,8.0,12.666666666666666,,6.0,6.666666666666667,,0.3333333333333333,4.0,2.6666666666666665,-4.333333333333333,0.6670598711677017,0.1829772406848651,0.112416010362095,0.0174133315886353,0.0439290381524014,0.0321890144578484,0.1012443765973932,0.0614514940660776,0.1796192855242919,0.0423754844457124,0.3260763973215835,0.0497668507454122,0.1727729012709757,0.0557677561277201,0.0169020111253744,0.0146691995861548,0.4189984850061872,0.0778309700347942,34.8,5.674504383644444,22.4,4.6,1.8,3.2,6.4,1.2,1.2,0.6,7.0,12.6,,5.2,5.6,,0.8,3.8,2.4,-1.0,0.6358392679813857,0.1392587171998202,0.1386562967787863,0.0688681553001633,0.0559870525210704,0.0594488646490845,0.0875088720755208,0.0518454839245063,0.183518285770967,0.0305792064115938,0.369361489527956,0.0765828136823188,0.1590998220051183,0.0441727916778661,0.017548614082632,0.0167285504797996,0.4569140252928401,0.0903795168727501,33.875,4.549332761123171,20.0,4.875,2.25,2.75,5.75,1.0,1.125,0.625,6.0,11.25,,5.25,5.75,,0.75,4.125,2.5,5.375,0.5845585794902636,0.1520605968924761,0.1488933448795308,0.0609275452746595,0.0701926312602041,0.052497578379637,0.0782787898289841,0.0449711418839856,0.1685117843943306,0.0346030093981734,0.3355117468942514,0.0771655710517699,0.1682081430226486,0.071603364181665,0.0186766124543964,0.0159205827827365,0.4281999422786133,0.0923253942141855,,,,35.81658333333333,23.77826024390244,4.938870731707317,2.0547773170731705,3.559751463414634,1.0482902439024389,1.0482902439024389,0.6988601626016259,30.771908292682927,28.71713097560976,25.833037560975608,6.993648048780488,2.0965804878048777,23.77826024390244,4.938870731707317,2.0547773170731705,3.559751463414634,30.771908292682927,1.0482902439024389,1.0482902439024389,0.6988601626016259
4277869,Jose Alvarado,NYK,2026-06-12,0.0,2.0,3.0,4.0,11.0,8,2,3,2,3,0,0,1,3,4,,0,0,,0,2,5,11,16.0,0.5,0.125,0.1875,0.125,0.1875,0.25,0.0,0.0625,0.3125,0.0,12.666666666666666,3.055050463303893,4.666666666666667,2.6666666666666665,2.0,0.6666666666666666,2.333333333333333,0.0,0.0,0.3333333333333333,1.6666666666666667,4.333333333333333,,0.6666666666666666,1.0,,0.6666666666666666,2.0,2.333333333333333,9.0,0.3444444444444444,0.1503083250940963,0.225,0.0901387818865997,0.1569444444444444,0.0640547364311122,0.0416666666666666,0.0721687836487032,0.1847222222222222,0.0168393828513645,0.3555555555555554,0.0917928424547685,0.0999999999999999,0.1732050807568877,0.0208333333333333,0.0360843918243516,0.4203888888888889,0.1097973301301255,11.8,2.4899799195977463,5.0,2.4,1.8,0.6,2.2,0.6,0.0,0.8,2.0,4.4,,0.4,0.6,,0.4,2.0,2.2,10.4,0.4139393939393939,0.1653335110636208,0.2077272727272727,0.145433237075577,0.1523484848484848,0.0598223475722424,0.0431818181818181,0.060345082033417,0.1853787878787878,0.0622248304336597,0.3824242424242424,0.114444600461705,0.06,0.1341640786499874,0.0706818181818181,0.0824486441709009,0.4795060606060606,0.1220857567525244,9.6,3.2041639575194445,4.1,1.7,1.1,0.5,1.8,0.4,0.1,0.6,1.7,3.6,,0.2,0.3,,0.2,1.5,1.2,6.1,0.421612554112554,0.2096700962064096,0.1606493506493506,0.1367509616392772,0.0986742424242424,0.080708044535281,0.044090909090909,0.0578065549582679,0.2019751082251082,0.1159659494597436,0.394069264069264,0.202251052137073,0.03,0.0948683298050513,0.070340909090909,0.0914040346134567,0.4776101731601732,0.2652166269976113,,,,11.6375,5.060499999999999,2.2419999999999995,1.7574999999999998,0.6564999999999999,0.5541666666666666,0.0,0.9236111111111112,9.06,7.302499999999998,6.818,3.9995,0.5541666666666666,5.060499999999999,2.2419999999999995,1.7574999999999998,0.6564999999999999,9.06,0.5541666666666666,0.0,0.9236111111111112
4351852,Mitchell Robinson,NYK,2026-06-12,0.0,2.0,3.0,4.0,11.0,2,5,1,0,0,0,2,1,1,5,,0,4,,3,2,1,-14,13.0,0.1538461538461538,0.3846153846153846,0.0769230769230769,0.0,0.0,0.3846153846153846,0.3076923076923077,0.0769230769230769,0.5969230769230769,0.0,11.333333333333334,3.785938897200178,4.666666666666667,4.0,0.3333333333333333,0.0,0.0,0.3333333333333333,1.0,0.6666666666666666,1.6666666666666667,3.333333333333333,,1.3333333333333333,4.0,,2.6666666666666665,1.3333333333333333,1.3333333333333333,-12.333333333333334,0.456043956043956,0.2827936095045664,0.3901098901098901,0.1786348154616357,0.0256410256410256,0.0444115591684327,0.0,0.0,0.0,0.0,0.3186813186813186,0.1538461538461538,0.3406593406593406,0.0769230769230768,0.0494505494505494,0.0429134597577288,0.518021978021978,0.1019886788671921,13.0,3.937003937005905,4.8,5.6,0.2,0.0,0.0,0.4,0.6,0.8,2.0,3.6,,0.8,3.0,,2.8,2.8,1.2,-5.4,0.3932844932844933,0.2406806809065123,0.4374847374847375,0.1458365718897017,0.0153846153846153,0.034401045807689,0.0,0.0,0.0,0.0,0.2886446886446886,0.1324873536288659,0.2420024420024419,0.1461314543159087,0.0518925518925518,0.0497511177823671,0.447018315018315,0.1622675265658016,13.5,3.689323936863109,4.6,5.3,0.2,0.0,0.0,0.5,0.5,0.5,1.7,3.1,,1.2,3.9,,2.6,2.7,1.5,-1.0,0.3498481781376518,0.1711429611581499,0.3973451256345993,0.1102773750879429,0.0148351648351648,0.0313020755839591,0.0,0.0,0.0,0.0,0.234318167212904,0.1111620009513753,0.2785826746353062,0.1762534454457915,0.0342796092796092,0.0454097492136307,0.391174153332048,0.1521019206048411,,,,12.506666666666666,4.35654054054054,5.131567567567567,0.2454054054054053,0.0,0.3380180180180179,0.507027027027027,0.6760360360360359,9.733513513513511,9.488108108108108,4.601945945945945,5.376972972972972,0.8450450450450449,4.35654054054054,5.131567567567567,0.2454054054054053,0.0,9.733513513513511,0.3380180180180179,0.507027027027027,0.6760360360360359
4395623,Trey Jemison III,NYK,2026-06-12,0.0,33.0,0.0,0.0,2.0,0,0,0,0,0,0,0,0,0,0,,0,0,,0,0,0,0,0.0,,,,,,,,,,0.0,0.0,,0.0,0.0,0.0,0.0,0.0,0.0,0.0,0.0,0.0,0.0,,0.0,0.0,,0.0,0.0,0.0,0.0,,,,,,,,,,,,,,,,,,,0.0,,0.0,0.0,0.0,0.0,0.0,0.0,0.0,0.0,0.0,0.0,,0.0,0.0,,0.0,0.0,0.0,0.0,,,,,,,,,,,,,,,,,,,0.0,,0.0,0.0,0.0,0.0,0.0,0.0,0.0,0.0,0.0,0.0,,0.0,0.0,,0.0,0.0,0.0,0.0,,,,,,,,,,,,,,,,,,,,,,8.0,0.0,0.0,0.0,0.0,0.176,0.144,0.48,0.0,0.0,0.0,0.0,0.3199999999999999,0.0,0.0,0.0,0.0,0.0,0.176,0.144,0.48
4411057,Kevin McCullar Jr.,NYK,2026-06-12,0.0,33.0,0.0,0.0,2.0,0,0,0,0,0,0,0,0,0,0,,0,0,,0,0,0,0,0.0,,,,,,,,,,0.0,0.0,,0.0,0.0,0.0,0.0,0.0,0.0,0.0,0.0,0.0,0.0,,0.0,0.0,,0.0,0.0,0.0,0.0,,,,,,,,,,,,,,,,,,,0.0,,0.0,0.0,0.0,0.0,0.0,0.0,0.0,0.0,0.0,0.0,,0.0,0.0,,0.0,0.0,0.0,0.0,,,,,,,,,,,,,,,,,,,0.0,,0.0,0.0,0.0,0.0,0.0,0.0,0.0,0.0,0.0,0.0,,0.0,0.0,,0.0,0.0,0.0,0.0,,,,,,,,,,,,,,,,,,,,,,8.0,0.0,0.0,0.0,0.0,0.176,0.144,0.48,0.0,0.0,0.0,0.0,0.3199999999999999,0.0,0.0,0.0,0.0,0.0,0.176,0.144,0.48
4431823,Miles McBride,NYK,2026-06-12,0.0,2.0,3.0,4.0,11.0,0,0,0,0,4,0,0,0,0,4,,0,0,,0,0,0,-14,7.0,0.0,0.0,0.0,0.0,0.5714285714285714,0.5714285714285714,0.0,0.0,0.5714285714285714,0.0,11.333333333333334,5.859465277082316,1.6666666666666667,0.6666666666666666,0.6666666666666666,0.3333333333333333,3.0,0.0,0.0,1.0,0.6666666666666666,4.333333333333333,,0.0,0.0,,0.6666666666666666,0.0,0.3333333333333333,-4.333333333333333,0.0925925925925926,0.1603750747748959,0.037037037037037,0.0641500299099585,0.037037037037037,0.0641500299099584,0.0185185185185185,0.0320750149549792,0.32010582010582,0.2194172940713646,0.3941798941798942,0.174663289314752,0.0,0.0,0.074074074074074,0.0641500299099584,0.4682539682539682,0.1221809866534972,14.0,5.567764362830022,4.4,1.0,1.6,1.2,4.0,0.6,0.2,0.6,1.6,5.2,,0.0,0.0,,0.4,0.6,0.6,4.6,0.24812521499828,0.2682060751709701,0.0562779497764017,0.057272494291522,0.0878568971448228,0.0893219838876213,0.0674578603371173,0.0750929525136336,0.3140449162120989,0.1555620785087956,0.3807803823283699,0.1249809429827412,0.0,0.0,0.0444444444444444,0.0608580619450184,0.4252248267728143,0.1047168836754161,16.5,6.186903731090196,6.0,1.5,1.4,1.6,4.3,0.4,0.4,0.3,1.9,5.5,,0.6,0.6,,0.7,0.8,1.3,5.5,0.2959837897651498,0.2863908894377234,0.0822682127902582,0.0917572025584483,0.0807631824659688,0.0841492011091173,0.0769144802506604,0.0795025329744767,0.2748916747582275,0.1471243065642319,0.3450410170117653,0.1699996752981633,0.0280788177339901,0.0592067314917293,0.0222222222222222,0.0468485579284204,0.3796179190369432,0.1654811798646408,,,,13.1225,3.8267678571428574,0.8086607142857143,1.1658571428571425,0.992125,0.4686607142857142,0.3124404761904761,0.4686607142857142,5.801285714285713,4.635428571428571,4.992625,1.9745178571428568,0.7811011904761904,3.8267678571428574,0.8086607142857143,1.1658571428571425,0.992125,5.801285714285713,0.4686607142857142,0.3124404761904761,0.4686607142857142
4433225,Tyler Kolek,NYK,2026-06-12,0.0,2.0,3.0,4.0,11.0,0,0,0,0,0,0,0,0,0,0,,0,0,,0,0,0,0,0.0,,,,,,,,,,0.0,0.0,0.0,0.0,0.0,0.0,0.0,0.0,0.0,0.0,0.0,0.0,0.0,,0.0,0.0,,0.0,0.0,0.0,0.0,,,,,,,,,,,,,,,,,,,1.6,3.5777087639996634,1.6,0.2,0.2,0.4,0.6,0.0,0.0,0.0,0.6,1.4,,0.0,0.0,,0.2,0.0,0.0,0.4,1.0,,0.125,,0.125,,0.25,,0.375,,0.875,,0.0,,0.0,,0.875,,2.4,4.477102237434884,1.2,0.4,0.3,0.2,0.5,0.0,0.0,0.1,0.5,1.3,,0.0,0.0,,0.1,0.3,0.1,-0.9,0.3269230769230769,0.47157882455768,0.0889423076923077,0.1114099060216968,0.0697115384615384,0.0813528214519042,0.0625,0.125,0.1322115384615384,0.1773641033240069,0.4399038461538461,0.3603204215875333,0.0,0.0,0.0192307692307692,0.0384615384615384,0.4591346153846154,0.3584338020247603,,,,8.0,0.7999999999999999,0.15,0.13,0.18,0.176,0.144,0.48,1.08,0.95,0.93,0.28,0.3199999999999999,0.7999999999999999,0.15,0.13,0.18,1.08,0.176,0.144,0.48
4610139,Jeremy Sochan,NYK,2026-06-12,0.0,2.0,3.0,4.0,11.0,0,0,0,0,0,0,0,0,0,1,,0,0,,0,0,0,-6,3.0,0.0,0.0,0.0,0.0,0.0,0.3333333333333333,0.0,0.0,0.3333333333333333,0.0,1.0,1.7320508075688772,0.0,0.0,0.0,0.0,0.0,0.0,0.0,0.0,0.0,0.3333333333333333,,0.0,0.0,,0.0,0.0,0.0,-2.0,0.0,,0.0,,0.0,,0.0,,0.0,,0.3333333333333333,,0.0,,0.0,,0.3333333333333333,,0.6,1.3416407864998738,0.0,0.0,0.0,0.0,0.0,0.0,0.0,0.0,0.0,0.2,,0.0,0.0,,0.0,0.0,0.0,-1.2,0.0,,0.0,,0.0,,0.0,,0.0,,0.3333333333333333,,0.0,,0.0,,0.3333333333333333,,1.4,2.875181153713044,0.6,0.4,0.2,0.0,0.0,0.0,0.1,0.1,0.1,0.2,,0.4,0.6,,0.1,0.3,0.1,-2.1,0.3518518518518518,0.3059761415158946,0.4074074074074074,0.5250906251391788,0.074074074074074,0.1283000598199168,0.0,0.0,0.0,0.0,0.1481481481481481,0.1697250257391052,0.4814814814814814,0.501027750313655,0.037037037037037,0.0641500299099584,0.397037037037037,0.0562767997428817,,,,6.25,0.12,0.08,0.04,0.0,0.1374999999999999,0.1124999999999999,0.375,0.24,0.2,0.16,0.12,0.2499999999999999,0.12,0.08,0.04,0.0,0.24,0.1374999999999999,0.1124999999999999,0.375
4702159,Dillon Jones,NYK,2026-06-12,0.0,33.0,0.0,0.0,2.0,0,0,0,0,0,0,0,0,0,0,,0,0,,0,0,0,0,0.0,,,,,,,,,,0.0,0.0,,0.0,0.0,0.0,0.0,0.0,0.0,0.0,0.0,0.0,0.0,,0.0,0.0,,0.0,0.0,0.0,0.0,,,,,,,,,,,,,,,,,,,0.0,,0.0,0.0,0.0,0.0,0.0,0.0,0.0,0.0,0.0,0.0,,0.0,0.0,,0.0,0.0,0.0,0.0,,,,,,,,,,,,,,,,,,,0.0,,0.0,0.0,0.0,0.0,0.0,0.0,0.0,0.0,0.0,0.0,,0.0,0.0,,0.0,0.0,0.0,0.0,,,,,,,,,,,,,,,,,,,,,,8.0,0.0,0.0,0.0,0.0,0.176,0.144,0.48,0.0,0.0,0.0,0.0,0.3199999999999999,0.0,0.0,0.0,0.0,0.0,0.176,0.144,0.48
4871141,Ariel Hukporti,NYK,2026-06-12,0.0,2.0,3.0,4.0,11.0,0,0,0,0,0,0,1,0,0,0,,0,0,,0,0,1,3,3.0,0.0,0.0,0.0,0.0,0.0,0.0,0.0,0.0,0.0,0.0,1.0,1.7320508075688772,0.0,0.0,0.0,0.0,0.0,0.0,0.3333333333333333,0.0,0.0,0.0,,0.0,0.0,,0.0,0.0,0.3333333333333333,1.0,0.0,,0.0,,0.0,,0.0,,0.0,,0.0,,0.0,,0.0,,0.0,,2.2,3.492849839314598,0.4,1.0,0.2,0.0,0.0,0.2,0.2,0.0,0.2,0.2,,0.0,0.0,,0.4,0.6,0.4,1.0,0.125,0.1767766952966369,0.3125,0.4419417382415922,0.0625,0.0883883476483184,0.0,0.0,0.0,0.0,0.0625,0.0883883476483184,0.0,0.0,0.0,0.0,0.0625,0.0883883476483184,3.0,5.2493385826745405,0.7,1.0,0.2,0.0,0.1,0.1,0.1,0.1,0.2,0.5,,0.3,0.6,,0.5,0.5,0.7,-0.2,0.140625,0.1643722274797864,0.3020833333333333,0.2576941016011038,0.046875,0.0598391942347711,0.0,0.0,0.015625,0.03125,0.09375,0.1196783884695422,0.09375,0.1875,0.015625,0.03125,0.150625,0.2257429862328691,,,,7.125,0.2799999999999999,0.55,0.11,0.0,0.15675,0.12825,0.4275,0.94,0.8300000000000001,0.3899999999999999,0.66,0.285,0.2799999999999999,0.55,0.11,0.0,0.94,0.15675,0.12825,0.4275
5211983,Pacome Dadiet,NYK,2026-06-12,0.0,2.0,3.0,4.0,11.0,0,0,0,0,0,0,0,0,0,0,,0,0,,0,0,0,0,0.0,,,,,,,,,,0.0,0.0,0.0,0.0,0.0,0.0,0.0,0.0,0.0,0.0,0.0,0.0,0.0,,0.0,0.0,,0.0,0.0,0.0,0.0,,,,,,,,,,,,,,,,,,,1.4,3.1304951684997047,1.2,0.2,0.0,0.2,0.4,0.2,0.0,0.0,0.4,0.8,,0.2,0.4,,0.2,0.0,0.0,0.4,0.8571428571428571,,0.1428571428571428,,0.0,,0.1428571428571428,,0.2857142857142857,,0.5714285714285714,,0.2857142857142857,,0.0,,0.6971428571428572,,2.2,4.077035960378841,1.1,0.5,0.1,0.2,0.4,0.1,0.0,0.2,0.4,0.9,,0.1,0.2,,0.1,0.4,0.0,-1.0,0.3184523809523809,0.4093316963560522,0.2232142857142857,0.2110368797766171,0.0208333333333333,0.0416666666666666,0.056547619047619,0.0696708328019025,0.3422619047619047,0.4546076153126196,0.4761904761904761,0.420560041253707,0.0714285714285714,0.1428571428571428,0.1458333333333333,0.2393567769390845,0.653452380952381,0.2592419832814345,,,,7.65,0.64,0.1699999999999999,0.02,0.11,0.1683,0.1377,0.459,0.8300000000000001,0.81,0.66,0.19,0.306,0.64,0.1699999999999999,0.02,0.11,0.8300000000000001,0.1683,0.1377,0.459
5289900,Mohamed Diawara,NYK,2026-06-12,0.0,2.0,3.0,4.0,11.0,0,0,0,0,0,0,0,0,0,0,,0,0,,0,0,0,0,0.0,,,,,,,,,,0.0,0.0,0.0,0.0,0.0,0.0,0.0,0.0,0.0,0.0,0.0,0.0,0.0,,0.0,0.0,,0.0,0.0,0.0,0.0,,,,,,,,,,,,,,,,,,,1.6,3.5777087639996643,0.0,0.6,0.4,0.0,0.0,0.0,0.0,0.2,0.0,0.0,,0.0,0.0,,0.0,0.6,0.2,0.4,0.0,,0.375,,0.25,,0.0,,0.0,,0.0,,0.0,,0.125,,0.125,,1.9,3.5418137224371984,0.0,0.3,0.2,0.0,0.2,0.0,0.0,0.2,0.0,0.3,,0.0,0.0,,0.0,0.3,0.2,-1.4,0.0,0.0,0.125,0.2165063509461096,0.0833333333333333,0.1443375672974064,0.0,0.0,0.074074074074074,0.1283000598199168,0.1111111111111111,0.1924500897298752,0.0,0.0,0.2083333333333333,0.2602082499332666,0.3194444444444444,0.1878854063676205,,,,8.0,0.0,0.27,0.18,0.0,0.176,0.144,0.48,0.45,0.27,0.18,0.45,0.3199999999999999,0.0,0.27,0.18,0.0,0.45,0.176,0.144,0.48
2991350,Alex Caruso,OKC,2026-06-12,0.0,13.0,0.0,1.0,10.0,12,5,4,1,6,0,1,3,3,14,,5,6,,0,5,1,-5,39.0,0.3076923076923077,0.1282051282051282,0.1025641025641025,0.0256410256410256,0.1538461538461538,0.358974358974359,0.1538461538461538,0.0769230769230769,0.5035897435897436,0.0,29.33333333333333,9.073771725877467,13.666666666666666,2.333333333333333,3.333333333333333,2.0,5.666666666666667,1.3333333333333333,0.3333333333333333,1.6666666666666667,3.6666666666666665,10.333333333333334,,4.333333333333333,4.666666666666667,,0.3333333333333333,2.0,1.3333333333333333,3.0,0.4755799755799756,0.2688900022143707,0.0665445665445665,0.06424195554545,0.1056166056166056,0.1071754643932035,0.072039072039072,0.062306963722457,0.1941391941391941,0.0794964630557168,0.3498168498168498,0.0143044865859091,0.1465201465201465,0.1429979582120376,0.0494505494505494,0.0429134597577288,0.4637362637362637,0.1157420129186257,25.2,9.257429448826493,11.2,2.4,2.4,1.8,4.4,1.2,0.8,1.2,3.0,7.8,,3.4,4.0,,0.4,2.0,2.2,3.0,0.4103479853479853,0.304889431066365,0.0934981684981685,0.0588689676679625,0.0859890109890109,0.0810946427867077,0.0682234432234432,0.0626218973903359,0.1581501831501831,0.1049462136112833,0.2825091575091575,0.1210775441591332,0.1379120879120879,0.1348170725030046,0.038003663003663,0.0371951599078137,0.3811941391941392,0.1917342043703251,25.0,7.297259759663212,13.22222222222222,2.555555555555556,2.333333333333333,2.555555555555556,5.333333333333333,1.5555555555555556,0.6666666666666666,1.0,4.111111111111111,8.666666666666666,,2.4444444444444446,3.0,,0.3333333333333333,2.2222222222222223,2.555555555555556,5.666666666666667,0.4899534262034262,0.2982239724318326,0.103534336034336,0.052987771675121,0.0896277333777333,0.0741791895494997,0.0941645391645391,0.0826518273807805,0.1961692936692936,0.1193366298078465,0.3227197339697339,0.1334834722264905,0.104812271062271,0.1136440963751527,0.0331080956080956,0.0332835609574707,0.4019452288452288,0.1771549432409301,,,,27.3255,12.272577777777776,2.681901587301587,2.7241238095238094,1.9275373015873016,1.3012142857142857,0.8674761904761905,1.3012142857142857,17.67860317460317,14.954479365079363,14.996701587301589,5.406025396825396,2.168690476190476,12.272577777777776,2.681901587301587,2.7241238095238094,1.9275373015873016,17.67860317460317,1.3012142857142857,0.8674761904761905,1.3012142857142857
3133626,Kenrich Williams,OKC,2026-06-12,0.0,13.0,0.0,1.0,10.0,2,1,0,0,2,0,0,0,1,4,,0,0,,1,0,0,-1,4.0,0.5,0.25,0.0,0.0,0.5,1.0,0.0,0.0,1.0,0.0,10.333333333333334,5.686240703077331,5.666666666666667,3.333333333333333,0.6666666666666666,1.0,2.6666666666666665,0.0,0.0,0.3333333333333333,2.0,5.0,,0.6666666666666666,0.6666666666666666,,1.0,2.333333333333333,0.6666666666666666,0.0,0.5444444444444444,0.1071516751221443,0.3,0.0866025403784438,0.0444444444444444,0.0769800358919501,0.0777777777777777,0.083887049280786,0.3111111111111111,0.1710533813148961,0.5944444444444444,0.3787161548256503,0.0444444444444444,0.0769800358919501,0.0222222222222222,0.038490017945975,0.6362222222222222,0.3755034151839565,11.2,8.526429498916881,6.4,3.2,1.0,1.2,2.6,0.2,0.0,0.4,2.2,4.8,,0.8,0.8,,0.8,2.4,1.2,-0.8,0.913623188405797,0.8913082361173582,0.3234782608695652,0.1215196001989563,0.0527536231884058,0.0722431423984898,0.1640579710144927,0.1969825941728287,0.3214492753623189,0.1676950002429715,0.6175362318840579,0.3649715931550343,0.0440579710144927,0.0625173783862859,0.0220289855072463,0.0312586891931429,0.6589507246376811,0.3443561485843441,6.555555555555555,8.217528690414033,3.555555555555556,1.7777777777777777,0.5555555555555556,0.6666666666666666,1.6666666666666667,0.1111111111111111,0.0,0.2222222222222222,1.2222222222222223,2.888888888888889,,0.4444444444444444,0.4444444444444444,,0.4444444444444444,1.3333333333333333,0.7777777777777778,-0.5555555555555556,0.7613526570048309,0.8801489566063831,0.2695652173913043,0.1710359848936604,0.0439613526570048,0.06811080256076,0.1367149758454106,0.1884875333663862,0.3789855072463768,0.2058149614622045,0.6257246376811594,0.3270561281876356,0.0367149758454106,0.0587388759558286,0.0183574879227053,0.0293694379779143,0.6602367149758454,0.3080176103426124,,,,9.725222222222222,5.31480634920635,2.7174031746031746,0.785438492063492,0.9665261904761906,0.1736646825396825,0.0,0.3473293650793651,8.817648015873015,8.032209523809524,6.100244841269842,3.502841666666667,0.1736646825396825,5.31480634920635,2.7174031746031746,0.785438492063492,0.9665261904761906,8.817648015873015,0.1736646825396825,0.0,0.3473293650793651
4222252,Isaiah Hartenstein,OKC,2026-06-12,0.0,13.0,0.0,1.0,10.0,7,5,0,0,0,1,0,2,3,7,,1,1,,2,3,2,-14,21.0,0.3333333333333333,0.238095238095238,0.0,0.0,0.0,0.3333333333333333,0.0476190476190476,0.0952380952380952,0.4495238095238096,0.0,22.666666666666668,7.637626158259735,9.666666666666666,8.333333333333334,2.333333333333333,0.0,0.0,0.3333333333333333,0.3333333333333333,1.6666666666666667,4.666666666666667,8.333333333333334,,0.3333333333333333,0.3333333333333333,,3.6666666666666665,4.666666666666667,3.0,-5.0,0.4484767025089606,0.1552191444735957,0.3448220686123912,0.1260355680368828,0.105510752688172,0.0959375234794865,0.0,0.0,0.0,0.0,0.4054659498207885,0.1938111144952735,0.0158730158730158,0.0274928699614107,0.0640040962621607,0.0554344942545404,0.4764541730670763,0.1370792254778959,21.4,5.770615218501405,9.2,8.0,2.8,0.0,0.2,0.2,0.2,1.6,4.4,8.0,,0.4,0.6,,2.6,5.4,3.4,-7.4,0.4500384024577573,0.1871102563440758,0.3608614951356886,0.09182986568084,0.1347350230414746,0.0792100031047123,0.0,0.0,0.0095238095238095,0.0212958854999979,0.4035970302099335,0.2022489560457679,0.0285714285714285,0.042591770999996,0.0685611879160266,0.042098311774062,0.4847296466973886,0.1545733629095859,22.77777777777778,6.815016100086958,8.333333333333334,8.222222222222221,2.888888888888889,0.0,0.1111111111111111,0.6666666666666666,0.3333333333333333,2.111111111111111,3.7777777777777777,6.666666666666667,,0.7777777777777778,1.2222222222222223,,2.888888888888889,5.333333333333333,3.2222222222222223,2.555555555555556,0.3725441391212,0.1768810500475478,0.3444356735127344,0.1052099137534922,0.132726716732093,0.0647018559668764,0.0,0.0,0.0052910052910052,0.0158730158730158,0.3073642639054825,0.1916862393408278,0.0587889476778365,0.0662007340904813,0.0859361665813278,0.0379902458430075,0.4191675674650585,0.1479565446193879,,,,21.78711111111111,9.154519626168224,7.964606438213915,2.6135011422637584,0.0,0.2036178608515057,0.2036178608515057,1.6289428868120457,19.73262720664589,17.119126064382137,11.76802076843198,10.578107580477674,0.4072357217030114,9.154519626168224,7.964606438213915,2.6135011422637584,0.0,19.73262720664589,0.2036178608515057,0.2036178608515057,1.6289428868120457
4278073,Shai Gilgeous-Alexander,OKC,2026-06-12,0.0,13.0,0.0,1.0,10.0,35,4,9,2,5,3,1,3,12,21,,9,11,,1,3,1,-7,43.0,0.813953488372093,0.0930232558139534,0.2093023255813953,0.0465116279069767,0.1162790697674418,0.4883720930232558,0.2558139534883721,0.0697674418604651,0.6706976744186046,0.0,36.0,7.549834435270748,27.33333333333333,2.333333333333333,7.333333333333333,1.3333333333333333,4.333333333333333,1.6666666666666667,0.6666666666666666,3.6666666666666665,8.333333333333334,19.33333333333333,,9.333333333333334,10.333333333333334,,0.3333333333333333,2.0,1.6666666666666667,-9.0,0.7381775463170812,0.1771765249250978,0.0609305318607644,0.0292667725200574,0.1984675705605938,0.0510625716641127,0.0335218939870102,0.0292747345061111,0.1253105264733171,0.0493686881648657,0.5482475831313041,0.0828929994010639,0.2741387566968962,0.1768716932594136,0.1011193918170662,0.0528711140076847,0.7699880278950046,0.1038350135868786,35.0,5.787918451395113,25.4,2.6,8.2,1.2,3.6,1.4,0.6,3.4,7.4,18.0,,9.4,10.0,,0.2,2.4,2.0,-6.8,0.7099316173959835,0.1366950138194157,0.0734758818404729,0.0373928281864551,0.2309084993256036,0.0687184319154771,0.0312242475033172,0.0287089876283542,0.1038601510094383,0.053465703440278,0.520167187871614,0.0702213639501083,0.276311211007385,0.1307512940491867,0.097589197814254,0.0457809712690587,0.7393333185291174,0.0856244548478118,37.333333333333336,6.800735254367721,26.55555555555556,2.7777777777777777,8.777777777777779,1.3333333333333333,4.333333333333333,1.6666666666666667,0.8888888888888888,3.0,8.222222222222221,19.88888888888889,,8.777777777777779,9.666666666666666,,0.3333333333333333,2.4444444444444446,2.2222222222222223,-2.0,0.7115695112100173,0.1473329665717076,0.0753688048180014,0.037670761789071,0.2338371330437458,0.0515746718188796,0.034654115593468,0.0312714277557303,0.1166875933460381,0.0540964757486386,0.5392842721162805,0.0732652569930732,0.2569619974278801,0.114485171678483,0.0811358098470124,0.0406031487953398,0.7334833608315602,0.0807117467353714,,,,36.278333333333336,26.8570673015873,2.723199365079365,8.369919365079365,1.3009638095238096,1.4511333333333334,0.6219142857142858,3.5241809523809526,37.95018603174603,29.580266666666667,35.22698666666666,11.09311873015873,2.0730476190476192,26.8570673015873,2.723199365079365,8.369919365079365,1.3009638095238096,37.95018603174603,1.4511333333333334,0.6219142857142858,3.5241809523809526
4395702,Isaiah Joe,OKC,2026-06-12,0.0,13.0,0.0,1.0,10.0,0,0,0,0,0,0,0,0,0,0,,0,0,,0,0,0,0,0.0,,,,,,,,,,0.0,6.0,8.717797887081346,1.0,1.3333333333333333,0.6666666666666666,0.3333333333333333,1.3333333333333333,0.3333333333333333,0.0,0.3333333333333333,0.3333333333333333,1.3333333333333333,,0.0,0.0,,1.0,0.3333333333333333,1.0,-3.333333333333333,0.09375,0.1325825214724776,0.1249999999999999,0.1767766952966369,0.0625,0.0883883476483184,0.03125,0.0441941738241592,0.125,0.1767766952966369,0.1249999999999999,0.1767766952966369,0.0,0.0,0.03125,0.0441941738241592,0.15625,0.2209708691207961,9.2,8.34865258589672,3.4,1.8,1.0,0.8,2.4,0.6,0.2,0.4,1.2,2.8,,0.2,0.2,,0.6,1.2,0.6,-1.2,0.2749451754385965,0.244314018239458,0.1282894736842105,0.1482332861063262,0.085343567251462,0.0574946766738704,0.0697185672514619,0.0512820532088028,0.1823830409356725,0.1607539077293131,0.2086988304093567,0.2041254541185811,0.0131578947368421,0.0263157894736842,0.0287828947368421,0.0334789136859035,0.2432711988304093,0.2416607497648281,9.0,7.466592261534039,3.2222222222222223,1.5555555555555556,1.0,0.8888888888888888,2.4444444444444446,0.4444444444444444,0.1111111111111111,0.3333333333333333,1.1111111111111112,2.888888888888889,,0.1111111111111111,0.1111111111111111,,0.5555555555555556,1.0,1.3333333333333333,-2.111111111111111,0.2523496240601504,0.2828808735180833,0.1129908103592314,0.141152464147836,0.0993346461391574,0.0460674328834525,0.0715852130325814,0.0825064425739592,0.2212256832557584,0.1295748784056293,0.258485499462943,0.1604090382161043,0.0075187969924812,0.0198928670004856,0.0368555316863587,0.0541236006079446,0.2986493018259936,0.188189380489066,,,,9.225,2.8993212560386468,1.6193792270531402,0.9016304347826088,0.704415458937198,0.6016304347826087,0.2005434782608695,0.4010869565217391,5.420330917874396,4.518700483091787,3.800951690821256,2.521009661835749,0.8021739130434782,2.8993212560386468,1.6193792270531402,0.9016304347826088,0.704415458937198,5.420330917874396,0.6016304347826087,0.2005434782608695,0.4010869565217391
4397020,Luguentz Dort,OKC,2026-06-12,0.0,13.0,0.0,1.0,10.0,3,1,2,1,3,0,0,0,1,4,,0,0,,0,1,2,-9,16.0,0.1875,0.0625,0.125,0.0625,0.1875,0.25,0.0,0.0,0.25,0.0,19.0,3.605551275463989,5.0,2.0,0.6666666666666666,1.0,5.333333333333333,0.3333333333333333,0.3333333333333333,0.3333333333333333,2.0,7.333333333333333,,0.0,0.0,,0.3333333333333333,1.6666666666666667,1.6666666666666667,-7.333333333333333,0.2645933977455716,0.1086756612946176,0.1094001610305958,0.0981685782647986,0.0416666666666666,0.0721687836487032,0.0538446054750402,0.009625598813585,0.2670088566827697,0.1090341002527704,0.3723832528180354,0.1150220985734693,0.0,0.0,0.0144927536231884,0.0251021856169402,0.3868760064412238,0.1358807474375014,19.4,3.361547262794323,3.4,3.0,1.0,0.6,3.6,0.6,0.2,0.6,1.4,5.0,,0.0,0.0,,0.8,2.2,2.4,-9.4,0.1822854504120488,0.1426102208797577,0.1561771810173344,0.0946639673666484,0.0510869565217391,0.0699800808818255,0.0323067632850241,0.030267119748811,0.1806656720659278,0.1412517257792925,0.2556550156294402,0.181246918452518,0.0,0.0,0.029156010230179,0.027343012298525,0.2848110258596192,0.172527527555107,20.666666666666668,4.795831523312719,5.111111111111111,2.888888888888889,1.0,1.0,3.555555555555556,0.4444444444444444,0.1111111111111111,0.4444444444444444,2.0,5.111111111111111,,0.1111111111111111,0.2222222222222222,,0.8888888888888888,2.0,2.7777777777777777,-4.777777777777778,0.2591387073810829,0.1703777682455264,0.1465850744980629,0.0748586934331767,0.0542654808959156,0.0736188804459088,0.048222721212436,0.0317978929312221,0.1685434900203346,0.1064418350107941,0.2493945264412497,0.1300296562057591,0.0138888888888888,0.0416666666666666,0.023142227905655,0.028122747769833,0.2786478654580159,0.1300217724226401,,,,19.155166666666663,3.679143528064147,2.72839461626575,1.0124278350515463,0.6994567010309278,0.5924278350515464,0.1974759450171821,0.5924278350515464,7.419965979381443,6.407538144329897,4.691571363115694,3.740822451317297,0.7899037800687285,3.679143528064147,2.72839461626575,1.0124278350515463,0.6994567010309278,7.419965979381443,0.5924278350515464,0.1974759450171821,0.5924278350515464
4397183,Aaron Wiggins,OKC,2026-06-12,0.0,13.0,0.0,1.0,10.0,0,0,0,0,0,0,0,0,0,0,,0,0,,0,0,0,0,0.0,,,,,,,,,,0.0,2.6666666666666665,3.7859388972001766,1.6666666666666667,0.0,0.0,0.3333333333333333,0.3333333333333333,0.0,0.0,0.3333333333333333,0.6666666666666666,1.0,,0.0,0.0,,0.0,0.0,0.3333333333333333,-0.6666666666666666,0.3571428571428571,0.5050762722761053,0.0,0.0,0.0,0.0,0.0714285714285714,0.101015254455221,0.0714285714285714,0.101015254455221,0.2142857142857142,0.3030457633656632,0.0,0.0,0.0714285714285714,0.101015254455221,0.2857142857142857,0.4040610178208842,6.2,8.700574693662482,1.8,0.4,0.0,0.2,1.0,0.0,0.2,0.6,0.8,2.8,,0.0,0.0,,0.0,0.4,0.4,-1.2,0.2261904761904762,0.3375582590180435,0.0238095238095238,0.0476190476190476,0.0,0.0,0.0357142857142857,0.0714285714285714,0.0833333333333333,0.0981691815623252,0.238095238095238,0.2776643759450142,0.0,0.0,0.0595238095238095,0.0714285714285714,0.2976190476190476,0.3442102927333561,4.222222222222222,6.704061787039588,1.4444444444444444,0.2222222222222222,0.0,0.1111111111111111,0.8888888888888888,0.0,0.1111111111111111,0.3333333333333333,0.6666666666666666,2.111111111111111,,0.0,0.0,,0.0,0.2222222222222222,0.2222222222222222,-1.5555555555555556,0.373015873015873,0.5457871360554386,0.0158730158730158,0.0388807895679869,0.0,0.0,0.0238095238095238,0.0583211843519804,0.1805555555555555,0.2910627047739975,0.3948412698412698,0.3254524729807905,0.0,0.0,0.0396825396825396,0.0632933398011964,0.4345238095238095,0.3417102178979624,,,,7.9125,1.9458620071684587,0.3800681003584228,0.0,0.2300340501792114,0.0,0.255241935483871,0.7657258064516128,2.3259301075268817,2.3259301075268817,1.9458620071684587,0.3800681003584228,0.255241935483871,1.9458620071684587,0.3800681003584228,0.0,0.2300340501792114,2.3259301075268817,0.0,0.255241935483871,0.7657258064516128
4432823,Jaylin Williams,OKC,2026-06-12,0.0,13.0,0.0,1.0,10.0,11,10,4,1,3,0,0,0,5,9,,0,0,,3,7,4,10,26.0,0.4230769230769231,0.3846153846153846,0.1538461538461538,0.0384615384615384,0.1153846153846153,0.3461538461538461,0.0,0.0,0.3461538461538461,0.0,23.0,5.196152422706633,6.0,7.666666666666667,2.333333333333333,0.6666666666666666,3.0,0.0,0.0,0.0,2.6666666666666665,6.0,,0.0,0.6666666666666666,,1.3333333333333333,6.333333333333333,3.6666666666666665,0.0,0.251131221719457,0.1493384057077758,0.3220211161387631,0.0775306499762652,0.0965309200603318,0.0504546868285904,0.0324283559577677,0.0298722508602387,0.1289592760180995,0.0215823348736866,0.251131221719457,0.0866548325891653,0.0392156862745098,0.0679235610811324,0.0,0.0,0.2683861236802413,0.0673607393277958,22.8,3.7013511046643486,7.8,6.2,1.8,1.6,4.4,0.4,0.0,0.2,2.8,6.4,,0.6,1.0,,1.0,5.2,2.8,2.2,0.340402053189777,0.291921017333459,0.2647541716595425,0.1016207029961875,0.0757051133010212,0.0456786613205329,0.0736072112031191,0.0885898436306437,0.1927905853737055,0.0894284552868509,0.2751846618854291,0.0697371306575412,0.0508021390374331,0.0698777237720426,0.008695652173913,0.0194440693695633,0.3062332552358128,0.0712016746064853,17.333333333333332,7.071067811865476,5.333333333333333,4.666666666666667,1.4444444444444444,1.2222222222222223,3.333333333333333,0.2222222222222222,0.0,0.2222222222222222,1.8888888888888888,4.444444444444445,,0.3333333333333333,0.5555555555555556,,0.5555555555555556,4.111111111111111,2.2222222222222223,-1.4444444444444444,0.2814199440797906,0.2785496104960603,0.2602860307890146,0.0929124594549048,0.0813746355945844,0.0716542379151766,0.0716621258820747,0.0852795157653489,0.1908665645238535,0.1849422455385257,0.236641051474811,0.1863343145128181,0.0282234105763517,0.0561992255630461,0.0159420289855072,0.0346464727184983,0.2650013811139131,0.1770627706674264,,,,22.44033333333333,7.504840350877192,6.422650877192982,1.9505187134502924,1.406633918128655,0.3936900584795321,0.0,0.196845029239766,15.878009941520467,13.927491228070174,9.455359064327483,8.373169590643275,0.3936900584795321,7.504840350877192,6.422650877192982,1.9505187134502924,1.406633918128655,15.878009941520467,0.3936900584795321,0.0,0.196845029239766
4433255,Chet Holmgren,OKC,2026-06-12,0.0,13.0,0.0,1.0,10.0,4,4,0,0,0,2,2,2,1,2,,2,4,,1,3,2,-3,33.0,0.1212121212121212,0.1212121212121212,0.0,0.0,0.0,0.0606060606060606,0.1212121212121212,0.0606060606060606,0.1745454545454545,0.0,29.0,4.582575694955843,10.0,8.666666666666666,0.6666666666666666,0.0,0.6666666666666666,1.3333333333333333,1.6666666666666667,1.6666666666666667,3.6666666666666665,6.333333333333333,,2.6666666666666665,3.333333333333333,,2.6666666666666665,6.0,2.333333333333333,-4.333333333333333,0.3570707070707071,0.2124258274555773,0.3154040404040403,0.1743088367066486,0.0249999999999999,0.0220479275922049,0.0,0.0,0.0249999999999999,0.0220479275922048,0.2313131313131312,0.1487731688505,0.1126262626262626,0.0260823259266168,0.0535353535353535,0.0503735662213805,0.3344040404040404,0.1453668464574181,28.2,3.4928498393145944,10.8,7.6,1.0,0.2,1.0,0.8,1.2,1.6,3.8,6.8,,3.0,4.0,,2.6,5.0,2.6,-2.6,0.3911655011655012,0.1624997549666224,0.2799017649017649,0.1571490966294841,0.0375274725274725,0.027378532731487,0.0071428571428571,0.0159719141249984,0.0369780219780219,0.0254542846704723,0.2503263403263404,0.1102750862620617,0.1423010323010323,0.0543812530114827,0.0551981351981352,0.0542045510148434,0.3681369297369297,0.1352942397561768,30.55555555555556,5.222813205330799,12.11111111111111,7.555555555555555,0.8888888888888888,0.3333333333333333,1.8888888888888888,0.6666666666666666,1.0,1.3333333333333333,4.555555555555555,8.222222222222221,,2.6666666666666665,3.333333333333333,,2.111111111111111,5.444444444444445,2.333333333333333,0.5555555555555556,0.4078021063290755,0.1541019527184738,0.2544715957405004,0.1215197033265129,0.0326632779141739,0.0295072784431835,0.0093883081687959,0.0189135639889503,0.060300030531257,0.038117338568357,0.2779432821875343,0.1135158245350741,0.113635501304878,0.0654299162795561,0.0442497166686344,0.0406015741526631,0.372192619430315,0.1231747232079027,,,,29.130222222222223,10.614642080378252,7.658863356973995,0.910903073286052,0.1786250591016548,0.8263892828999213,1.2395839243498818,1.6527785657998426,19.184408510638296,18.273505437352245,11.525545153664304,8.569766430260046,2.065973207249803,10.614642080378252,7.658863356973995,0.910903073286052,0.1786250591016548,19.184408510638296,0.8263892828999213,1.2395839243498818,1.6527785657998426
4593803,Jalen Williams,OKC,2026-06-12,0.0,15.0,0.0,0.0,4.0,1,0,1,0,1,0,0,2,0,1,,1,2,,0,0,1,-18,10.0,0.1,0.0,0.1,0.0,0.1,0.1,0.2,0.2,0.388,0.0,18.0,16.522711641858304,10.333333333333334,2.6666666666666665,1.3333333333333333,0.3333333333333333,1.3333333333333333,1.0,0.3333333333333333,1.3333333333333333,4.333333333333333,10.0,,1.3333333333333333,1.6666666666666667,,1.0,1.6666666666666667,1.0,-6.333333333333333,0.458043758043758,0.3169459321256819,0.1106821106821106,0.0986131930733102,0.0603603603603603,0.0531226053614615,0.009009009009009,0.0156040613294493,0.0603603603603603,0.0531226053614615,0.449034749034749,0.306734097731715,0.0936936936936937,0.1005947737096061,0.0846846846846847,0.1034585745582385,0.5749446589446588,0.1887272692561151,18.0,16.522711641858304,10.333333333333334,2.6666666666666665,1.3333333333333333,0.3333333333333333,1.3333333333333333,1.0,0.3333333333333333,1.3333333333333333,4.333333333333333,10.0,,1.3333333333333333,1.6666666666666667,,1.0,1.6666666666666667,1.0,-6.333333333333333,0.458043758043758,0.3169459321256819,0.1106821106821106,0.0986131930733102,0.0603603603603603,0.0531226053614615,0.009009009009009,0.0156040613294493,0.0603603603603603,0.0531226053614615,0.449034749034749,0.306734097731715,0.0936936936936937,0.1005947737096061,0.0846846846846847,0.1034585745582385,0.5749446589446588,0.1887272692561151,18.0,16.522711641858304,10.333333333333334,2.6666666666666665,1.3333333333333333,0.3333333333333333,1.3333333333333333,1.0,0.3333333333333333,1.3333333333333333,4.333333333333333,10.0,,1.3333333333333333,1.6666666666666667,,1.0,1.6666666666666667,1.0,-6.333333333333333,0.458043758043758,0.3169459321256819,0.1106821106821106,0.0986131930733102,0.0603603603603603,0.0531226053614615,0.009009009009009,0.0156040613294493,0.0603603603603603,0.0531226053614615,0.449034749034749,0.306734097731715,0.0936936936936937,0.1005947737096061,0.0846846846846847,0.1034585745582385,0.5749446589446588,0.1887272692561151,,,,14.420000000000002,8.933333333333334,2.2666666666666666,1.2833333333333332,0.2833333333333333,0.31724,0.25956,0.8652000000000001,12.483333333333333,11.2,10.216666666666669,3.55,0.5768,8.933333333333334,2.2666666666666666,1.2833333333333332,0.2833333333333333,12.483333333333333,0.31724,0.25956,0.8652000000000001
4683692,Cason Wallace,OKC,2026-06-12,0.0,13.0,0.0,1.0,10.0,17,7,4,5,9,2,1,2,6,10,,0,0,,2,5,2,-3,36.0,0.4722222222222222,0.1944444444444444,0.1111111111111111,0.1388888888888889,0.25,0.2777777777777778,0.0,0.0555555555555555,0.3333333333333333,0.0,29.0,8.18535277187245,11.666666666666666,4.666666666666667,3.333333333333333,3.0,5.333333333333333,2.333333333333333,1.0,1.3333333333333333,4.0,7.0,,0.6666666666666666,0.6666666666666666,,1.3333333333333333,3.333333333333333,2.0,4.0,0.4160095579450418,0.169249112029601,0.1578255675029868,0.0334008706744071,0.1074671445639187,0.0557345749438695,0.1070489844683393,0.0650086569466275,0.182258064516129,0.0781384613792859,0.2463560334528076,0.0745022695276004,0.021505376344086,0.0372484044638468,0.0518518518518518,0.0501027750313654,0.3076702508960573,0.1074841492148815,27.2,6.760177512462229,10.2,4.6,3.0,2.4,5.0,2.4,0.6,0.8,3.4,7.4,,1.0,1.2,,1.4,3.2,2.0,2.0,0.3757962109575012,0.1426486040923077,0.1685048643113159,0.0280956106626301,0.1025755248335893,0.0522668457474094,0.0880389144905273,0.0534931499638891,0.1807834101382488,0.0607835673581151,0.2811469534050179,0.0786040465803525,0.0414746543778801,0.0631857566857239,0.0311111111111111,0.0454062594260056,0.3305069124423963,0.0829778525162104,25.88888888888889,5.532730890899277,10.0,4.0,2.2222222222222223,2.555555555555556,4.777777777777778,2.2222222222222223,0.3333333333333333,0.7777777777777778,3.4444444444444446,6.777777777777778,,0.5555555555555556,0.6666666666666666,,1.3333333333333333,2.6666666666666665,1.8888888888888888,-1.4444444444444444,0.3825100085937664,0.1647902829212189,0.1513414659707811,0.0538370756242205,0.0792086249075496,0.0654502939205217,0.0982505247587307,0.0529078846630093,0.1794577842455601,0.0691047632374076,0.2628092932450601,0.0954676711071873,0.0230414746543778,0.0497397077071956,0.0315446022463566,0.034957931292007,0.3044921443393429,0.0986831711444086,,,,28.238555555555557,11.001675,4.809382843137255,3.1065057189542484,2.695426797385621,2.4916372549019608,0.6229093137254902,0.8305457516339869,18.9175635620915,15.811057843137252,14.108180718954248,7.915888562091503,3.1145465686274507,11.001675,4.809382843137255,3.1065057189542484,2.695426797385621,18.9175635620915,2.4916372549019608,0.6229093137254902,0.8305457516339869
4683778,Jared McCain,OKC,2026-06-12,0.0,13.0,0.0,1.0,10.0,12,1,0,2,7,1,0,1,5,12,,0,0,,0,1,2,-8,23.0,0.5217391304347826,0.0434782608695652,0.0,0.0869565217391304,0.3043478260869565,0.5217391304347826,0.0,0.0434782608695652,0.5652173913043478,0.0,27.666666666666668,5.033222956847167,15.0,2.0,2.0,2.333333333333333,6.333333333333333,1.0,0.0,1.6666666666666667,5.333333333333333,14.0,,2.0,2.6666666666666665,,0.0,2.0,1.3333333333333333,-7.0,0.5364270726589567,0.0635750839976702,0.06948714195091,0.0240458077278864,0.074074074074074,0.1283000598199168,0.0839798955740984,0.0088033899978126,0.2293954033084468,0.1036501094266748,0.5016347045332552,0.0859568830955672,0.0875420875420875,0.0784591259106467,0.0593861318498999,0.0153343443302568,0.5995393549016738,0.0913036744902152,26.8,3.898717737923586,14.6,2.4,1.4,1.8,6.8,0.6,0.0,1.6,5.4,14.6,,2.0,2.4,,0.4,2.0,1.6,-1.2,0.5329673547064852,0.2593143961047833,0.0879885814668423,0.0381580801715871,0.0518518518518518,0.0965807763733725,0.0652027521592738,0.0372251324276675,0.2533779827258088,0.098651434252777,0.539869711608842,0.1507830867774026,0.084006734006734,0.0557859217298371,0.059705753184014,0.0196387623141973,0.636538427755819,0.1371309696689447,22.666666666666668,6.928203230275511,12.0,2.4444444444444446,1.3333333333333333,1.8888888888888888,6.111111111111111,0.5555555555555556,0.0,1.1111111111111112,4.444444444444445,11.555555555555555,,1.2222222222222223,1.5555555555555556,,0.7777777777777778,1.6666666666666667,1.2222222222222223,3.6666666666666665,0.5141960137733085,0.2302383368870659,0.100758138801617,0.065564284047734,0.0589110477999366,0.0757626915163639,0.0871615479707267,0.0499773656286153,0.2644122696055063,0.1314848188456489,0.4773492699821202,0.1933761535637435,0.0552174163285274,0.0572390002693892,0.0455155418923534,0.0404155087587682,0.5471604750590258,0.2038247258949919,,,,26.061166666666665,14.042500746268656,2.231857048092869,1.3595092039800991,1.853337230514096,0.5834589552238806,0.0,1.5558905472636817,17.633866998341624,16.274357794361524,15.402009950248756,3.591366252072969,0.5834589552238806,14.042500746268656,2.231857048092869,1.3595092039800991,1.853337230514096,17.633866998341624,0.5834589552238806,0.0,1.5558905472636817
4900671,Ajay Mitchell,OKC,2026-06-12,0.0,21.0,0.0,0.0,6.0,2,5,1,0,1,0,0,3,1,5,,0,0,,0,5,1,-3,17.0,0.1176470588235294,0.2941176470588235,0.0588235294117647,0.0,0.0588235294117647,0.2941176470588235,0.0,0.1764705882352941,0.4705882352941176,0.0,26.33333333333333,8.621678104251709,5.333333333333333,3.0,2.6666666666666665,0.0,1.3333333333333333,2.0,0.3333333333333333,2.0,2.333333333333333,6.0,,0.6666666666666666,0.6666666666666666,,0.0,3.0,2.0,5.0,0.1974789915966386,0.1382729636294477,0.1372549019607843,0.1480359693190343,0.0924369747899159,0.0477219188722712,0.0,0.0,0.0532212885154061,0.0215613505859111,0.242296918767507,0.0825855629568941,0.0238095238095238,0.0412393049421161,0.0945378151260504,0.0889079998718438,0.3473109243697479,0.1749618780796534,28.4,6.8044103344816,13.6,3.2,4.4,0.6,2.4,2.6,0.2,1.4,5.8,10.8,,1.4,1.6,,0.6,2.6,2.2,9.2,0.4481843646549529,0.3573559485339353,0.1272014260249554,0.1066386977544148,0.1463712757830405,0.1105319903633293,0.0193939393939393,0.0295046338051832,0.0828418640183346,0.0435418886483349,0.3738629997453527,0.1894098236700526,0.0524675324675324,0.048995647281381,0.0627832951362363,0.0771865002017403,0.4597320091673033,0.197887869346616,28.4,6.8044103344816,13.6,3.2,4.4,0.6,2.4,2.6,0.2,1.4,5.8,10.8,,1.4,1.6,,0.6,2.6,2.2,9.2,0.4481843646549529,0.3573559485339353,0.1272014260249554,0.1066386977544148,0.1463712757830405,0.1105319903633293,0.0193939393939393,0.0295046338051832,0.0828418640183346,0.0435418886483349,0.3738629997453527,0.1894098236700526,0.0524675324675324,0.048995647281381,0.0627832951362363,0.0771865002017403,0.4597320091673033,0.197887869346616,,,,22.8955,9.38,3.41,3.37,0.3299999999999999,0.503701,0.4121189999999999,1.37373,16.16,12.79,12.75,6.779999999999999,0.91582,9.38,3.41,3.37,0.3299999999999999,16.16,0.503701,0.4121189999999999,1.37373
5159925,Nikola Topic,OKC,2026-06-12,0.0,13.0,0.0,1.0,10.0,0,0,0,0,0,0,0,0,0,0,,0,0,,0,0,0,0,0.0,,,,,,,,,,0.0,2.333333333333333,3.2145502536643185,0.0,0.0,0.0,0.0,0.3333333333333333,0.3333333333333333,0.0,0.0,0.0,0.3333333333333333,,0.0,0.0,,0.0,0.0,0.3333333333333333,-1.0,0.0,0.0,0.0,0.0,0.0,0.0,0.0,0.0,0.0833333333333333,0.1178511301977579,0.0833333333333333,0.1178511301977578,0.0,0.0,0.0,0.0,0.0833333333333333,0.117851130197757,2.4,2.5099800796022267,0.4,0.0,0.4,0.0,0.2,0.2,0.0,0.2,0.2,0.8,,0.0,0.0,,0.0,0.0,0.2,-0.4,0.125,0.25,0.0,0.0,0.125,0.25,0.0,0.0,0.0416666666666666,0.0833333333333333,0.4166666666666667,0.4409585518440984,0.0,0.0,0.0625,0.125,0.4791666666666667,0.4732423621500228,1.6666666666666667,2.179449471770337,0.2222222222222222,0.2222222222222222,0.2222222222222222,0.0,0.2222222222222222,0.2222222222222222,0.0,0.2222222222222222,0.1111111111111111,0.5555555555555556,,0.0,0.0,,0.0,0.2222222222222222,0.1111111111111111,-0.4444444444444444,0.1,0.223606797749979,0.1333333333333333,0.2981423969999719,0.1,0.223606797749979,0.0,0.0,0.1,0.1490711984999859,0.4,0.3836954811073779,0.0,0.0,0.1166666666666666,0.1624465724134827,0.5166666666666667,0.4183300132670377,,,,6.25,0.1844444444444444,0.0444444444444444,0.1844444444444444,0.0,0.1374999999999999,0.1124999999999999,0.375,0.4133333333333333,0.2288888888888889,0.3688888888888889,0.2288888888888889,0.2499999999999999,0.1844444444444444,0.0444444444444444,0.1844444444444444,0.0,0.4133333333333333,0.1374999999999999,0.1124999999999999,0.375
3012,Kyle Lowry,PHI,2026-06-12,0.0,33.0,0.0,0.0,3.0,0,0,0,0,0,0,0,0,0,0,,0,0,,0,0,0,0,0.0,,,,,,,,,,0.0,0.0,0.0,0.0,0.0,0.0,0.0,0.0,0.0,0.0,0.0,0.0,0.0,,0.0,0.0,,0.0,0.0,0.0,0.0,,,,,,,,,,,,,,,,,,,0.0,0.0,0.0,0.0,0.0,0.0,0.0,0.0,0.0,0.0,0.0,0.0,,0.0,0.0,,0.0,0.0,0.0,0.0,,,,,,,,,,,,,,,,,,,0.0,0.0,0.0,0.0,0.0,0.0,0.0,0.0,0.0,0.0,0.0,0.0,,0.0,0.0,,0.0,0.0,0.0,0.0,,,,,,,,,,,,,,,,,,,,,,8.0,0.0,0.0,0.0,0.0,0.176,0.144,0.48,0.0,0.0,0.0,0.0,0.3199999999999999,0.0,0.0,0.0,0.0,0.0,0.176,0.144,0.48
4251,Paul George,PHI,2026-06-12,0.0,33.0,0.0,0.0,3.0,7,1,2,1,4,0,0,2,3,7,,0,0,,0,1,2,-35,27.0,0.2592592592592592,0.037037037037037,0.074074074074074,0.037037037037037,0.1481481481481481,0.2592592592592592,0.0,0.074074074074074,0.3333333333333333,0.0,32.5,7.7781745930520225,11.0,3.0,2.5,2.0,6.0,1.0,0.0,2.5,4.5,12.5,,0.0,0.0,,1.5,1.5,2.5,-24.5,0.3269980506822612,0.0957971175291716,0.084307992202729,0.0668512259016521,0.0765107212475633,0.0034459394794666,0.0579922027290448,0.0296350795234128,0.1793372319688109,0.0441080253371725,0.3664717348927875,0.1516213370965306,0.0,0.0,0.0765107212475633,0.0034459394794666,0.4429824561403509,0.1550672765759973,32.5,7.7781745930520225,11.0,3.0,2.5,2.0,6.0,1.0,0.0,2.5,4.5,12.5,,0.0,0.0,,1.5,1.5,2.5,-24.5,0.3269980506822612,0.0957971175291716,0.084307992202729,0.0668512259016521,0.0765107212475633,0.0034459394794666,0.0579922027290448,0.0296350795234128,0.1793372319688109,0.0441080253371725,0.3664717348927875,0.1516213370965306,0.0,0.0,0.0765107212475633,0.0034459394794666,0.4429824561403509,0.1550672765759973,32.5,7.7781745930520225,11.0,3.0,2.5,2.0,6.0,1.0,0.0,2.5,4.5,12.5,,0.0,0.0,,1.5,1.5,2.5,-24.5,0.3269980506822612,0.0957971175291716,0.084307992202729,0.0668512259016521,0.0765107212475633,0.0034459394794666,0.0579922027290448,0.0296350795234128,0.1793372319688109,0.0441080253371725,0.3664717348927875,0.1516213370965306,0.0,0.0,0.0765107212475633,0.0034459394794666,0.4429824561403509,0.1550672765759973,,,,31.675,10.4,2.7,2.425,1.85,0.69685,0.5701499999999999,1.9005,15.525,13.099999999999998,12.825,5.125,1.267,10.4,2.7,2.425,1.85,15.525,0.69685,0.5701499999999999,1.9005
6585,Andre Drummond,PHI,2026-06-12,0.0,33.0,0.0,0.0,3.0,4,4,0,0,0,0,0,1,2,4,,0,0,,2,2,5,-14,7.0,0.5714285714285714,0.5714285714285714,0.0,0.0,0.0,0.5714285714285714,0.0,0.1428571428571428,0.7142857142857143,0.0,5.5,2.1213203435596424,2.0,2.5,0.0,0.0,0.5,0.5,0.0,0.5,1.0,2.5,,0.0,0.0,,1.0,1.5,3.0,-5.5,0.2857142857142857,0.4040610178208842,0.4107142857142857,0.2272843225242473,0.0,0.0,0.0,0.0,0.125,0.1767766952966369,0.4107142857142857,0.2272843225242473,0.0,0.0,0.0714285714285714,0.101015254455221,0.4821428571428571,0.3282995769794685,5.5,2.1213203435596424,2.0,2.5,0.0,0.0,0.5,0.5,0.0,0.5,1.0,2.5,,0.0,0.0,,1.0,1.5,3.0,-5.5,0.2857142857142857,0.4040610178208842,0.4107142857142857,0.2272843225242473,0.0,0.0,0.0,0.0,0.125,0.1767766952966369,0.4107142857142857,0.2272843225242473,0.0,0.0,0.0714285714285714,0.101015254455221,0.4821428571428571,0.3282995769794685,5.5,2.1213203435596424,2.0,2.5,0.0,0.0,0.5,0.5,0.0,0.5,1.0,2.5,,0.0,0.0,,1.0,1.5,3.0,-5.5,0.2857142857142857,0.4040610178208842,0.4107142857142857,0.2272843225242473,0.0,0.0,0.0,0.0,0.125,0.1767766952966369,0.4107142857142857,0.2272843225242473,0.0,0.0,0.0714285714285714,0.101015254455221,0.4821428571428571,0.3282995769794685,,,,8.0,2.3,2.725,0.0,0.0,0.176,0.144,0.48,5.025,5.025,2.3,2.725,0.3199999999999999,2.3,2.725,0.0,0.0,5.025,0.176,0.144,0.48
3059318,Joel Embiid,PHI,2026-06-12,0.0,33.0,0.0,0.0,3.0,24,5,4,2,2,0,0,3,8,8,,6,7,,1,4,3,-24,28.0,0.8571428571428571,0.1785714285714285,0.1428571428571428,0.0714285714285714,0.0714285714285714,0.2857142857142857,0.25,0.1071428571428571,0.5028571428571429,0.0,31.5,4.949747468305833,21.0,5.5,4.5,1.0,3.0,0.0,1.5,3.0,7.5,12.5,,5.0,6.5,,1.0,4.5,3.0,-16.5,0.6857142857142857,0.2424366106925305,0.175,0.005050762722761,0.1428571428571428,0.0,0.0357142857142857,0.0505076272276105,0.0928571428571428,0.0303045763365663,0.3857142857142857,0.1414213562373095,0.2107142857142857,0.0555583899503715,0.0964285714285714,0.0151522881682831,0.574857142857143,0.1018233764908629,31.5,4.949747468305833,21.0,5.5,4.5,1.0,3.0,0.0,1.5,3.0,7.5,12.5,,5.0,6.5,,1.0,4.5,3.0,-16.5,0.6857142857142857,0.2424366106925305,0.175,0.005050762722761,0.1428571428571428,0.0,0.0357142857142857,0.0505076272276105,0.0928571428571428,0.0303045763365663,0.3857142857142857,0.1414213562373095,0.2107142857142857,0.0555583899503715,0.0964285714285714,0.0151522881682831,0.574857142857143,0.1018233764908629,31.5,4.949747468305833,21.0,5.5,4.5,1.0,3.0,0.0,1.5,3.0,7.5,12.5,,5.0,6.5,,1.0,4.5,3.0,-16.5,0.6857142857142857,0.2424366106925305,0.175,0.005050762722761,0.1428571428571428,0.0,0.0357142857142857,0.0505076272276105,0.0928571428571428,0.0303045763365663,0.3857142857142857,0.1414213562373095,0.2107142857142857,0.0555583899503715,0.0964285714285714,0.0151522881682831,0.574857142857143,0.1018233764908629,,,,30.975,21.45,5.424999999999999,4.425,1.15,0.6814499999999999,0.5575499999999999,1.8585,31.3,26.875,25.875,9.849999999999998,1.239,21.45,5.424999999999999,4.425,1.15,31.3,0.6814499999999999,0.5575499999999999,1.8585
3133603,Kelly Oubre Jr.,PHI,2026-06-12,0.0,33.0,0.0,0.0,3.0,10,4,0,0,1,0,0,0,4,6,,2,3,,1,3,0,-28,26.0,0.3846153846153846,0.1538461538461538,0.0,0.0,0.0384615384615384,0.2307692307692307,0.1153846153846153,0.0,0.2815384615384615,0.0,31.0,7.071067811865476,16.0,6.0,0.5,1.0,3.0,0.0,0.0,0.0,5.5,11.0,,4.0,4.5,,1.5,4.5,2.0,-17.0,0.4978632478632478,0.1601566641149018,0.188034188034188,0.0483491816195929,0.0138888888888888,0.0196418550329596,0.0277777777777777,0.0392837100659193,0.0886752136752136,0.0710128605037772,0.3376068376068376,0.1510911925612281,0.141025641025641,0.0362618862146947,0.0,0.0,0.3996581196581197,0.1670464224956938,31.0,7.071067811865476,16.0,6.0,0.5,1.0,3.0,0.0,0.0,0.0,5.5,11.0,,4.0,4.5,,1.5,4.5,2.0,-17.0,0.4978632478632478,0.1601566641149018,0.188034188034188,0.0483491816195929,0.0138888888888888,0.0196418550329596,0.0277777777777777,0.0392837100659193,0.0886752136752136,0.0710128605037772,0.3376068376068376,0.1510911925612281,0.141025641025641,0.0362618862146947,0.0,0.0,0.3996581196581197,0.1670464224956938,31.0,7.071067811865476,16.0,6.0,0.5,1.0,3.0,0.0,0.0,0.0,5.5,11.0,,4.0,4.5,,1.5,4.5,2.0,-17.0,0.4978632478632478,0.1601566641149018,0.188034188034188,0.0483491816195929,0.0138888888888888,0.0196418550329596,0.0277777777777777,0.0392837100659193,0.0886752136752136,0.0710128605037772,0.3376068376068376,0.1510911925612281,0.141025641025641,0.0362618862146947,0.0,0.0,0.3996581196581197,0.1670464224956938,,,,30.25,15.099999999999998,5.7,0.4249999999999999,0.8499999999999999,0.6654999999999999,0.5444999999999999,1.815,21.225,20.8,15.525,6.125,1.2099999999999995,15.099999999999998,5.7,0.4249999999999999,0.8499999999999999,21.225,0.6654999999999999,0.5444999999999999,1.815
4397014,Quentin Grimes,PHI,2026-06-12,0.0,33.0,0.0,0.0,3.0,6,0,0,2,5,0,1,0,2,6,,0,0,,0,0,2,-24,16.0,0.375,0.0,0.0,0.125,0.3125,0.375,0.0,0.0,0.375,0.0,19.0,4.242640687119285,6.0,1.0,1.0,2.0,5.0,0.0,0.5,0.5,2.0,6.0,,0.0,0.0,,0.5,0.5,3.0,-20.5,0.3238636363636363,0.0723177389849878,0.0454545454545454,0.0642824346533225,0.0454545454545454,0.0642824346533225,0.1079545454545454,0.0241059129949959,0.2698863636363636,0.0602647824874898,0.3238636363636363,0.0723177389849878,0.0,0.0,0.0227272727272727,0.0321412173266612,0.346590909090909,0.0401765216583265,19.0,4.242640687119285,6.0,1.0,1.0,2.0,5.0,0.0,0.5,0.5,2.0,6.0,,0.0,0.0,,0.5,0.5,3.0,-20.5,0.3238636363636363,0.0723177389849878,0.0454545454545454,0.0642824346533225,0.0454545454545454,0.0642824346533225,0.1079545454545454,0.0241059129949959,0.2698863636363636,0.0602647824874898,0.3238636363636363,0.0723177389849878,0.0,0.0,0.0227272727272727,0.0321412173266612,0.346590909090909,0.0401765216583265,19.0,4.242640687119285,6.0,1.0,1.0,2.0,5.0,0.0,0.5,0.5,2.0,6.0,,0.0,0.0,,0.5,0.5,3.0,-20.5,0.3238636363636363,0.0723177389849878,0.0454545454545454,0.0642824346533225,0.0454545454545454,0.0642824346533225,0.1079545454545454,0.0241059129949959,0.2698863636363636,0.0602647824874898,0.3238636363636363,0.0723177389849878,0.0,0.0,0.0227272727272727,0.0321412173266612,0.346590909090909,0.0401765216583265,,,,18.55,5.999999999999999,0.8499999999999999,0.8499999999999999,2.0,0.4081,0.3339,1.113,7.699999999999998,6.849999999999999,6.849999999999999,1.6999999999999995,0.742,5.999999999999999,0.8499999999999999,0.8499999999999999,2.0,7.699999999999998,0.4081,0.3339,1.113
4397179,Tyrese Martin,PHI,2026-06-12,0.0,33.0,0.0,0.0,2.0,0,0,0,0,0,0,0,0,0,0,,0,0,,0,0,0,0,0.0,,,,,,,,,,0.0,0.0,,0.0,0.0,0.0,0.0,0.0,0.0,0.0,0.0,0.0,0.0,,0.0,0.0,,0.0,0.0,0.0,0.0,,,,,,,,,,,,,,,,,,,0.0,,0.0,0.0,0.0,0.0,0.0,0.0,0.0,0.0,0.0,0.0,,0.0,0.0,,0.0,0.0,0.0,0.0,,,,,,,,,,,,,,,,,,,0.0,,0.0,0.0,0.0,0.0,0.0,0.0,0.0,0.0,0.0,0.0,,0.0,0.0,,0.0,0.0,0.0,0.0,,,,,,,,,,,,,,,,,,,,,,8.0,0.0,0.0,0.0,0.0,0.176,0.144,0.48,0.0,0.0,0.0,0.0,0.3199999999999999,0.0,0.0,0.0,0.0,0.0,0.176,0.144,0.48
4431675,Trendon Watford,PHI,2026-06-12,0.0,33.0,0.0,0.0,3.0,2,0,1,0,0,2,0,0,1,1,,0,0,,0,0,2,14,9.0,0.2222222222222222,0.0,0.1111111111111111,0.0,0.0,0.1111111111111111,0.0,0.0,0.1111111111111111,0.0,5.5,4.949747468305833,2.5,0.0,0.5,0.0,0.0,1.0,0.0,0.0,1.0,1.0,,0.5,1.0,,0.0,0.0,1.0,8.0,0.8611111111111112,0.903525331516144,0.0,0.0,0.0555555555555555,0.0785674201318386,0.0,0.0,0.0,0.0,0.3055555555555556,0.2749859704614352,0.5,0.7071067811865476,0.0,0.0,0.5255555555555556,0.586112954183516,5.5,4.949747468305833,2.5,0.0,0.5,0.0,0.0,1.0,0.0,0.0,1.0,1.0,,0.5,1.0,,0.0,0.0,1.0,8.0,0.8611111111111112,0.903525331516144,0.0,0.0,0.0555555555555555,0.0785674201318386,0.0,0.0,0.0,0.0,0.3055555555555556,0.2749859704614352,0.5,0.7071067811865476,0.0,0.0,0.5255555555555556,0.586112954183516,5.5,4.949747468305833,2.5,0.0,0.5,0.0,0.0,1.0,0.0,0.0,1.0,1.0,,0.5,1.0,,0.0,0.0,1.0,8.0,0.8611111111111112,0.903525331516144,0.0,0.0,0.0555555555555555,0.0785674201318386,0.0,0.0,0.0,0.0,0.3055555555555556,0.2749859704614352,0.5,0.7071067811865476,0.0,0.0,0.5255555555555556,0.586112954183516,,,,8.0,2.425,0.0,0.575,0.0,0.176,0.144,0.48,3.0,2.425,3.0,0.575,0.3199999999999999,2.425,0.0,0.575,0.0,3.0,0.176,0.144,0.48
4431678,Tyrese Maxey,PHI,2026-06-12,0.0,33.0,0.0,0.0,3.0,17,2,4,1,7,0,0,2,6,16,,4,6,,0,2,2,-35,33.0,0.5151515151515151,0.0606060606060606,0.1212121212121212,0.0303030303030303,0.2121212121212121,0.4848484848484848,0.1818181818181818,0.0606060606060606,0.6254545454545455,0.0,38.5,7.7781745930520225,17.0,2.0,5.5,1.0,5.0,0.5,0.0,2.0,7.0,14.0,,2.0,3.0,,0.0,2.0,2.0,-23.0,0.4507575757575757,0.0910667824255402,0.053030303030303,0.010713739108887,0.1401515151515151,0.0267843477722176,0.0265151515151515,0.0053568695544435,0.1401515151515151,0.1017805215344273,0.3787878787878788,0.1499923475244192,0.0909090909090909,0.128564869306645,0.053030303030303,0.010713739108887,0.4718181818181818,0.2172746291282301,38.5,7.7781745930520225,17.0,2.0,5.5,1.0,5.0,0.5,0.0,2.0,7.0,14.0,,2.0,3.0,,0.0,2.0,2.0,-23.0,0.4507575757575757,0.0910667824255402,0.053030303030303,0.010713739108887,0.1401515151515151,0.0267843477722176,0.0265151515151515,0.0053568695544435,0.1401515151515151,0.1017805215344273,0.3787878787878788,0.1499923475244192,0.0909090909090909,0.128564869306645,0.053030303030303,0.010713739108887,0.4718181818181818,0.2172746291282301,38.5,7.7781745930520225,17.0,2.0,5.5,1.0,5.0,0.5,0.0,2.0,7.0,14.0,,2.0,3.0,,0.0,2.0,2.0,-23.0,0.4507575757575757,0.0910667824255402,0.053030303030303,0.010713739108887,0.1401515151515151,0.0267843477722176,0.0265151515151515,0.0053568695544435,0.1401515151515151,0.1017805215344273,0.3787878787878788,0.1499923475244192,0.0909090909090909,0.128564869306645,0.053030303030303,0.010713739108887,0.4718181818181818,0.2172746291282301,,,,37.675,17.0,2.0,5.275,1.0,0.8288500000000001,0.67815,2.2605,24.275,19.0,22.275,7.275,1.507,17.0,2.0,5.275,1.0,24.275,0.8288500000000001,0.67815,2.2605
4432179,MarJon Beauchamp,PHI,2026-06-12,0.0,33.0,0.0,0.0,2.0,0,0,0,0,0,0,0,0,0,0,,0,0,,0,0,0,0,0.0,,,,,,,,,,0.0,0.0,,0.0,0.0,0.0,0.0,0.0,0.0,0.0,0.0,0.0,0.0,,0.0,0.0,,0.0,0.0,0.0,0.0,,,,,,,,,,,,,,,,,,,0.0,,0.0,0.0,0.0,0.0,0.0,0.0,0.0,0.0,0.0,0.0,,0.0,0.0,,0.0,0.0,0.0,0.0,,,,,,,,,,,,,,,,,,,0.0,,0.0,0.0,0.0,0.0,0.0,0.0,0.0,0.0,0.0,0.0,,0.0,0.0,,0.0,0.0,0.0,0.0,,,,,,,,,,,,,,,,,,,,,,8.0,0.0,0.0,0.0,0.0,0.176,0.144,0.48,0.0,0.0,0.0,0.0,0.3199999999999999,0.0,0.0,0.0,0.0,0.0,0.176,0.144,0.48
4432446,Jabari Walker,PHI,2026-06-12,0.0,33.0,0.0,0.0,3.0,0,2,0,0,0,0,0,0,0,1,,0,0,,0,2,1,12,7.0,0.0,0.2857142857142857,0.0,0.0,0.0,0.1428571428571428,0.0,0.0,0.1428571428571428,0.0,4.5,3.5355339059327378,0.0,1.0,0.0,0.0,0.5,0.0,0.0,0.0,0.0,1.0,,0.0,0.0,,0.0,1.0,0.5,7.0,0.0,0.0,0.1428571428571428,0.2020305089104421,0.0,0.0,0.0,0.0,0.25,0.3535533905932738,0.3214285714285714,0.2525381361380526,0.0,0.0,0.0,0.0,0.3214285714285714,0.2525381361380526,4.5,3.5355339059327378,0.0,1.0,0.0,0.0,0.5,0.0,0.0,0.0,0.0,1.0,,0.0,0.0,,0.0,1.0,0.5,7.0,0.0,0.0,0.1428571428571428,0.2020305089104421,0.0,0.0,0.0,0.0,0.25,0.3535533905932738,0.3214285714285714,0.2525381361380526,0.0,0.0,0.0,0.0,0.3214285714285714,0.2525381361380526,4.5,3.5355339059327378,0.0,1.0,0.0,0.0,0.5,0.0,0.0,0.0,0.0,1.0,,0.0,0.0,,0.0,1.0,0.5,7.0,0.0,0.0,0.1428571428571428,0.2020305089104421,0.0,0.0,0.0,0.0,0.25,0.3535533905932738,0.3214285714285714,0.2525381361380526,0.0,0.0,0.0,0.0,0.3214285714285714,0.2525381361380526,,,,8.0,0.0,1.15,0.0,0.0,0.176,0.144,0.48,1.15,1.15,0.0,1.15,0.3199999999999999,0.0,1.15,0.0,0.0,1.15,0.176,0.144,0.48
4433159,Dalen Terry,PHI,2026-06-12,0.0,33.0,0.0,0.0,3.0,9,1,3,1,1,3,0,1,3,4,,2,5,,0,1,2,9,12.0,0.75,0.0833333333333333,0.25,0.0833333333333333,0.0833333333333333,0.3333333333333333,0.4166666666666667,0.0833333333333333,0.6,0.0,7.0,7.071067811865476,4.5,1.0,2.0,0.5,0.5,2.0,0.0,0.5,1.5,3.0,,1.0,2.5,,0.0,1.0,1.5,5.5,0.375,0.5303300858899106,0.2916666666666667,0.2946278254943948,0.375,0.1767766952966369,0.0416666666666666,0.0589255650988789,0.0416666666666666,0.0589255650988789,0.6666666666666666,0.4714045207910317,0.2083333333333333,0.2946278254943948,0.0416666666666666,0.0589255650988789,0.8,0.282842712474619,7.0,7.071067811865476,4.5,1.0,2.0,0.5,0.5,2.0,0.0,0.5,1.5,3.0,,1.0,2.5,,0.0,1.0,1.5,5.5,0.375,0.5303300858899106,0.2916666666666667,0.2946278254943948,0.375,0.1767766952966369,0.0416666666666666,0.0589255650988789,0.0416666666666666,0.0589255650988789,0.6666666666666666,0.4714045207910317,0.2083333333333333,0.2946278254943948,0.0416666666666666,0.0589255650988789,0.8,0.282842712474619,7.0,7.071067811865476,4.5,1.0,2.0,0.5,0.5,2.0,0.0,0.5,1.5,3.0,,1.0,2.5,,0.0,1.0,1.5,5.5,0.375,0.5303300858899106,0.2916666666666667,0.2946278254943948,0.375,0.1767766952966369,0.0416666666666666,0.0589255650988789,0.0416666666666666,0.0589255650988789,0.6666666666666666,0.4714045207910317,0.2083333333333333,0.2946278254943948,0.0416666666666666,0.0589255650988789,0.8,0.282842712474619,,,,8.0,5.175,1.0,2.15,0.575,0.176,0.144,0.48,8.325,6.175,7.324999999999999,3.15,0.3199999999999999,5.175,1.0,2.15,0.575,8.325,0.176,0.144,0.48
4433569,Johni Broome,PHI,2026-06-12,0.0,33.0,0.0,0.0,3.0,7,1,1,1,3,0,0,0,3,5,,0,0,,0,1,0,4,3.0,2.333333333333333,0.3333333333333333,0.3333333333333333,0.3333333333333333,1.0,1.6666666666666667,0.0,0.0,1.6666666666666667,0.0,1.5,2.1213203435596424,3.5,0.5,0.5,0.5,1.5,0.0,0.0,0.0,1.5,2.5,,0.0,0.0,,0.0,0.5,0.0,2.0,2.333333333333333,,0.3333333333333333,,0.3333333333333333,,0.3333333333333333,,1.0,,1.6666666666666667,,0.0,,0.0,,1.6666666666666667,,1.5,2.1213203435596424,3.5,0.5,0.5,0.5,1.5,0.0,0.0,0.0,1.5,2.5,,0.0,0.0,,0.0,0.5,0.0,2.0,2.333333333333333,,0.3333333333333333,,0.3333333333333333,,0.3333333333333333,,1.0,,1.6666666666666667,,0.0,,0.0,,1.6666666666666667,,1.5,2.1213203435596424,3.5,0.5,0.5,0.5,1.5,0.0,0.0,0.0,1.5,2.5,,0.0,0.0,,0.0,0.5,0.0,2.0,2.333333333333333,,0.3333333333333333,,0.3333333333333333,,0.3333333333333333,,1.0,,1.6666666666666667,,0.0,,0.0,,1.6666666666666667,,,,,8.0,4.025,0.575,0.575,0.575,0.176,0.144,0.48,5.175000000000001,4.6000000000000005,4.6000000000000005,1.15,0.3199999999999999,4.025,0.575,0.575,0.575,5.175000000000001,0.176,0.144,0.48
4711297,Justin Edwards,PHI,2026-06-12,0.0,33.0,0.0,0.0,3.0,8,1,1,0,6,0,0,0,3,9,,2,2,,0,1,1,3,17.0,0.4705882352941176,0.0588235294117647,0.0588235294117647,0.0,0.3529411764705882,0.5294117647058824,0.1176470588235294,0.0,0.5811764705882353,0.0,9.5,10.606601717798211,4.0,0.5,0.5,0.0,3.0,0.0,0.0,0.0,1.5,4.5,,1.0,1.0,,0.0,0.5,0.5,2.5,0.2352941176470588,0.3327561323230812,0.0294117647058823,0.0415945165403851,0.0294117647058823,0.0415945165403851,0.0,0.0,0.1764705882352941,0.2495670992423109,0.2647058823529412,0.3743506488634663,0.0588235294117647,0.0831890330807703,0.0,0.0,0.2905882352941176,0.4109538234190052,9.5,10.606601717798211,4.0,0.5,0.5,0.0,3.0,0.0,0.0,0.0,1.5,4.5,,1.0,1.0,,0.0,0.5,0.5,2.5,0.2352941176470588,0.3327561323230812,0.0294117647058823,0.0415945165403851,0.0294117647058823,0.0415945165403851,0.0,0.0,0.1764705882352941,0.2495670992423109,0.2647058823529412,0.3743506488634663,0.0588235294117647,0.0831890330807703,0.0,0.0,0.2905882352941176,0.4109538234190052,9.5,10.606601717798211,4.0,0.5,0.5,0.0,3.0,0.0,0.0,0.0,1.5,4.5,,1.0,1.0,,0.0,0.5,0.5,2.5,0.2352941176470588,0.3327561323230812,0.0294117647058823,0.0415945165403851,0.0294117647058823,0.0415945165403851,0.0,0.0,0.1764705882352941,0.2495670992423109,0.2647058823529412,0.3743506488634663,0.0588235294117647,0.0831890330807703,0.0,0.0,0.2905882352941176,0.4109538234190052,,,,10.625,4.6,0.575,0.575,0.0,0.2337499999999999,0.1912499999999999,0.6375,5.75,5.175,5.175,1.15,0.4249999999999999,4.6,0.575,0.575,0.0,5.75,0.2337499999999999,0.1912499999999999,0.6375
4870562,Dominick Barlow,PHI,2026-06-12,0.0,33.0,0.0,0.0,3.0,5,1,1,0,0,0,0,0,2,3,,1,1,,0,1,1,-3,15.0,0.3333333333333333,0.0666666666666666,0.0666666666666666,0.0,0.0,0.2,0.0666666666666666,0.0,0.2293333333333333,0.0,13.5,2.1213203435596424,3.5,1.0,0.5,0.0,0.0,0.0,0.0,0.0,1.5,2.0,,0.5,0.5,,0.0,1.0,1.5,-5.0,0.25,0.1178511301977579,0.075,0.0117851130197757,0.0333333333333333,0.0471404520791031,0.0,0.0,0.0,0.0,0.1416666666666666,0.0824957911384305,0.0333333333333333,0.0471404520791031,0.0,0.0,0.1563333333333333,0.1032375900532359,13.5,2.1213203435596424,3.5,1.0,0.5,0.0,0.0,0.0,0.0,0.0,1.5,2.0,,0.5,0.5,,0.0,1.0,1.5,-5.0,0.25,0.1178511301977579,0.075,0.0117851130197757,0.0333333333333333,0.0471404520791031,0.0,0.0,0.0,0.0,0.1416666666666666,0.0824957911384305,0.0333333333333333,0.0471404520791031,0.0,0.0,0.1563333333333333,0.1032375900532359,13.5,2.1213203435596424,3.5,1.0,0.5,0.0,0.0,0.0,0.0,0.0,1.5,2.0,,0.5,0.5,,0.0,1.0,1.5,-5.0,0.25,0.1178511301977579,0.075,0.0117851130197757,0.0333333333333333,0.0471404520791031,0.0,0.0,0.0,0.0,0.1416666666666666,0.0824957911384305,0.0333333333333333,0.0471404520791031,0.0,0.0,0.1563333333333333,0.1032375900532359,,,,13.724999999999998,3.725,1.0,0.575,0.0,0.3019499999999999,0.2470499999999999,0.8234999999999998,5.3,4.725,4.3,1.575,0.5489999999999999,3.725,1.0,0.575,0.0,5.3,0.3019499999999999,0.2470499999999999,0.8234999999999998
5105637,Adem Bona,PHI,2026-06-12,0.0,33.0,0.0,0.0,3.0,7,2,0,0,0,0,1,0,2,2,,3,4,,1,1,1,4,10.0,0.7,0.2,0.0,0.0,0.0,0.2,0.4,0.0,0.376,0.0,6.0,5.656854249492381,3.5,1.0,0.0,0.0,0.0,0.0,0.5,0.0,1.0,1.0,,1.5,2.0,,0.5,0.5,1.0,-2.0,0.35,0.4949747468305832,0.1,0.1414213562373095,0.0,0.0,0.0,0.0,0.0,0.0,0.1,0.1414213562373095,0.2,0.282842712474619,0.0,0.0,0.188,0.2658721497261418,6.0,5.656854249492381,3.5,1.0,0.0,0.0,0.0,0.0,0.5,0.0,1.0,1.0,,1.5,2.0,,0.5,0.5,1.0,-2.0,0.35,0.4949747468305832,0.1,0.1414213562373095,0.0,0.0,0.0,0.0,0.0,0.0,0.1,0.1414213562373095,0.2,0.282842712474619,0.0,0.0,0.188,0.2658721497261418,6.0,5.656854249492381,3.5,1.0,0.0,0.0,0.0,0.0,0.5,0.0,1.0,1.0,,1.5,2.0,,0.5,0.5,1.0,-2.0,0.35,0.4949747468305832,0.1,0.1414213562373095,0.0,0.0,0.0,0.0,0.0,0.0,0.1,0.1414213562373095,0.2,0.282842712474619,0.0,0.0,0.188,0.2658721497261418,,,,8.0,4.025,1.15,0.0,0.0,0.176,0.144,0.48,5.175000000000001,5.175000000000001,4.025,1.15,0.3199999999999999,4.025,1.15,0.0,0.0,5.175000000000001,0.176,0.144,0.48
5124612,VJ Edgecombe,PHI,2026-06-12,0.0,33.0,0.0,0.0,3.0,8,6,7,0,6,0,1,0,4,14,,0,0,,2,4,1,-33,30.0,0.2666666666666666,0.2,0.2333333333333333,0.0,0.2,0.4666666666666667,0.0,0.0,0.4666666666666667,0.0,35.0,7.071067811865476,9.5,6.5,5.5,0.5,5.5,1.0,0.5,1.0,4.0,11.5,,1.0,1.0,,2.0,4.5,2.5,-21.0,0.2708333333333333,0.0058925565098879,0.1875,0.0176776695296637,0.1666666666666666,0.0942809041582063,0.0125,0.0176776695296636,0.1625,0.053033008588991,0.3458333333333333,0.170884138786749,0.025,0.0353553390593273,0.025,0.0353553390593273,0.3818333333333333,0.1199724505413175,35.0,7.071067811865476,9.5,6.5,5.5,0.5,5.5,1.0,0.5,1.0,4.0,11.5,,1.0,1.0,,2.0,4.5,2.5,-21.0,0.2708333333333333,0.0058925565098879,0.1875,0.0176776695296637,0.1666666666666666,0.0942809041582063,0.0125,0.0176776695296636,0.1625,0.053033008588991,0.3458333333333333,0.170884138786749,0.025,0.0353553390593273,0.025,0.0353553390593273,0.3818333333333333,0.1199724505413175,35.0,7.071067811865476,9.5,6.5,5.5,0.5,5.5,1.0,0.5,1.0,4.0,11.5,,1.0,1.0,,2.0,4.5,2.5,-21.0,0.2708333333333333,0.0058925565098879,0.1875,0.0176776695296637,0.1666666666666666,0.0942809041582063,0.0125,0.0176776695296636,0.1625,0.053033008588991,0.3458333333333333,0.170884138786749,0.025,0.0353553390593273,0.025,0.0353553390593273,0.3818333333333333,0.1199724505413175,,,,34.25,9.275,6.425,5.725,0.4249999999999999,0.7535,0.6164999999999999,2.055,21.425,15.7,15.0,12.15,1.37,9.275,6.425,5.725,0.4249999999999999,21.425,0.7535,0.6164999999999999,2.055
6427,Bismack Biyombo,SAS,2026-06-12,0.0,2.0,3.0,5.0,16.0,0,0,0,0,0,0,0,0,0,0,,0,0,,0,0,0,0,0.0,,,,,,,,,,0.0,0.0,0.0,0.0,0.0,0.0,0.0,0.0,0.0,0.0,0.0,0.0,0.0,,0.0,0.0,,0.0,0.0,0.0,0.0,,,,,,,,,,,,,,,,,,,0.0,0.0,0.0,0.0,0.0,0.0,0.0,0.0,0.0,0.0,0.0,0.0,,0.0,0.0,,0.0,0.0,0.0,0.0,,,,,,,,,,,,,,,,,,,0.9,1.6633299933166197,0.0,0.1,0.0,0.0,0.0,0.0,0.0,0.1,0.0,0.1,,0.0,0.0,,0.1,0.0,0.1,0.2,0.0,0.0,0.1666666666666666,0.2886751345948128,0.0,0.0,0.0,0.0,0.0,0.0,0.0666666666666667,0.115470053837925,0.0,0.0,0.1666666666666666,0.2886751345948129,0.2333333333333333,0.2516611478423581,,,,6.25,0.0,0.02,0.0,0.0,0.1374999999999999,0.1124999999999999,0.375,0.02,0.02,0.0,0.02,0.2499999999999999,0.0,0.02,0.0,0.0,0.02,0.1374999999999999,0.1124999999999999,0.375
6578,Harrison Barnes,SAS,2026-06-12,0.0,2.0,3.0,5.0,16.0,0,0,0,0,0,0,0,0,0,0,,0,0,,0,0,0,0,0.0,,,,,,,,,,0.0,1.6666666666666667,2.8867513459481278,0.0,0.0,0.0,0.0,0.0,0.0,0.0,0.0,0.0,0.0,,0.0,0.0,,0.0,0.0,0.0,-1.6666666666666667,0.0,,0.0,,0.0,,0.0,,0.0,,0.0,,0.0,,0.0,,0.0,,4.0,4.949747468305833,0.0,0.4,0.2,0.0,0.6,0.0,0.0,0.0,0.0,0.6,,0.0,0.2,,0.2,0.2,0.2,-2.4,0.0,0.0,0.0555555555555555,0.0962250448649379,0.0277777777777777,0.0481125224324688,0.0,0.0,0.1666666666666666,0.1666666666666666,0.1666666666666666,0.1666666666666666,0.0277777777777777,0.0481125224324687,0.0,0.0,0.1788888888888888,0.1680057318246193,6.8,5.865151319446071,1.6,0.9,0.1,0.3,1.2,0.1,0.0,0.4,0.3,1.4,,0.7,0.9,,0.5,0.4,0.3,0.1,0.148838141025641,0.209442380347249,0.0851362179487179,0.1023759058485641,0.0104166666666666,0.0294627825494394,0.0296474358974358,0.0580410197992497,0.1790865384615384,0.1370617316215615,0.1947115384615384,0.1371400057867465,0.078125,0.1344401604656575,0.0382612179487179,0.0608156713235483,0.2673477564102564,0.1824754800226604,,,,8.0,1.070857142857143,0.6422857142857142,0.1217142857142856,0.1954285714285714,0.1428571428571428,0.0,0.2857142857142857,1.8348571428571427,1.713142857142857,1.1925714285714286,0.7639999999999999,0.1428571428571428,1.070857142857143,0.6422857142857142,0.1217142857142856,0.1954285714285714,1.8348571428571427,0.1428571428571428,0.0,0.2857142857142857
2488653,Mason Plumlee,SAS,2026-06-12,0.0,2.0,3.0,5.0,16.0,0,0,0,0,0,0,0,0,0,0,,0,0,,0,0,0,0,0.0,,,,,,,,,,0.0,0.0,0.0,0.0,0.0,0.0,0.0,0.0,0.0,0.0,0.0,0.0,0.0,,0.0,0.0,,0.0,0.0,0.0,0.0,,,,,,,,,,,,,,,,,,,0.0,0.0,0.0,0.0,0.0,0.0,0.0,0.0,0.0,0.0,0.0,0.0,,0.0,0.0,,0.0,0.0,0.0,0.0,,,,,,,,,,,,,,,,,,,0.9,1.66332999331662,0.2,0.2,0.1,0.0,0.0,0.0,0.1,0.0,0.1,0.1,,0.0,0.0,,0.0,0.2,0.3,0.2,0.3333333333333333,0.5773502691896258,0.2333333333333333,0.2516611478423583,0.1666666666666666,0.2886751345948129,0.0,0.0,0.0,0.0,0.1666666666666666,0.2886751345948129,0.0,0.0,0.0,0.0,0.1666666666666667,0.2886751345948129,,,,6.25,0.04,0.04,0.02,0.0,0.1374999999999999,0.1124999999999999,0.375,0.1,0.08,0.06,0.06,0.2499999999999999,0.04,0.04,0.02,0.0,0.1,0.1374999999999999,0.1124999999999999,0.375
2489663,Kelly Olynyk,SAS,2026-06-12,0.0,2.0,3.0,5.0,16.0,0,0,0,0,0,0,0,0,0,0,,0,0,,0,0,0,0,0.0,,,,,,,,,,0.0,0.0,0.0,0.0,0.0,0.0,0.0,0.0,0.0,0.0,0.0,0.0,0.0,,0.0,0.0,,0.0,0.0,0.0,0.0,,,,,,,,,,,,,,,,,,,0.0,0.0,0.0,0.0,0.0,0.0,0.0,0.0,0.0,0.0,0.0,0.0,,0.0,0.0,,0.0,0.0,0.0,0.0,,,,,,,,,,,,,,,,,,,1.3,1.8885620632287057,1.4,0.2,0.0,0.2,0.3,0.3,0.0,0.2,0.4,0.7,,0.4,0.5,,0.0,0.2,0.1,0.3,1.1125,0.3172144385112379,0.1124999999999999,0.1314977819838292,0.0,0.0,0.1875,0.2393567769390845,0.25,0.2886751345948128,0.4625,0.3249999999999999,0.4,0.4898979485566356,0.25,0.5,0.8885000000000001,0.4452965304154075,,,,6.3375,0.2799999999999999,0.04,0.0,0.04,0.139425,0.114075,0.38025,0.3199999999999999,0.3199999999999999,0.2799999999999999,0.04,0.2535,0.2799999999999999,0.04,0.0,0.04,0.3199999999999999,0.139425,0.114075,0.38025
3064560,Luke Kornet,SAS,2026-06-12,0.0,2.0,3.0,5.0,16.0,0,0,0,0,0,1,0,0,0,0,,0,0,,0,0,3,-2,4.0,0.0,0.0,0.0,0.0,0.0,0.0,0.0,0.0,0.0,0.0,7.0,2.645751311064589,1.0,2.6666666666666665,0.6666666666666666,0.0,0.0,1.0,0.0,0.0,0.0,0.3333333333333333,,1.0,1.3333333333333333,,1.0,1.6666666666666667,2.0,-4.0,0.1157407407407407,0.1114000871807036,0.3101851851851852,0.2833923322741276,0.074074074074074,0.1283000598199168,0.0,0.0,0.0,0.0,0.037037037037037,0.0641500299099584,0.1574074074074074,0.1370245239532291,0.0,0.0,0.1062962962962962,0.1044936842165705,7.4,2.408318915758459,1.0,2.6,0.4,0.0,0.0,0.8,0.2,0.0,0.0,0.8,,1.0,1.2,,1.2,1.4,1.8,-3.6,0.1361111111111111,0.1444711513771761,0.3394444444444445,0.2861812211834045,0.0444444444444444,0.0993807989999906,0.0,0.0,0.0,0.0,0.1222222222222222,0.2165954298846436,0.1611111111111111,0.152651462933712,0.0,0.0,0.1931111111111111,0.2680731427736528,9.5,3.100179206289712,2.2,3.0,0.4,0.0,0.0,0.5,0.3,0.3,0.8,1.6,,0.6,0.8,,1.3,1.7,1.6,-4.8,0.2044191919191919,0.1671409642694677,0.3080963480963481,0.2272294815154828,0.0376068376068376,0.0723220369275425,0.0,0.0,0.0,0.0,0.1610236985236985,0.1575294852561472,0.0959401709401709,0.1310713555508584,0.023076923076923,0.0519191198238886,0.2263142968142967,0.1949633662825095,,,,8.466666666666667,1.5245714285714285,2.6173333333333333,0.4099047619047619,0.0,0.4031746031746032,0.3023809523809523,0.3023809523809523,4.551809523809523,4.141904761904762,1.9344761904761905,3.0272380952380957,0.7055555555555555,1.5245714285714285,2.6173333333333333,0.4099047619047619,0.0,4.551809523809523,0.4031746031746032,0.3023809523809523,0.3023809523809523
3134916,Jordan McLaughlin,SAS,2026-06-12,0.0,2.0,3.0,5.0,16.0,0,0,0,0,0,0,0,0,0,0,,0,0,,0,0,0,0,0.0,,,,,,,,,,0.0,0.0,0.0,0.0,0.0,0.0,0.0,0.0,0.0,0.0,0.0,0.0,0.0,,0.0,0.0,,0.0,0.0,0.0,0.0,,,,,,,,,,,,,,,,,,,0.0,0.0,0.0,0.0,0.0,0.0,0.0,0.0,0.0,0.0,0.0,0.0,,0.0,0.0,,0.0,0.0,0.0,0.0,,,,,,,,,,,,,,,,,,,2.2,2.859681411936962,1.3,0.7,0.4,0.3,0.5,0.0,0.0,0.2,0.4,0.8,,0.2,0.2,,0.2,0.5,0.1,-1.0,0.7214285714285714,0.8208072184111921,0.2928571428571428,0.240110518771023,0.1857142857142857,0.2118913853455903,0.1071428571428571,0.1472537723434878,0.1857142857142857,0.2118913853455903,0.3428571428571428,0.210684017196466,0.2,0.4472135954999579,0.0571428571428571,0.0782460796435951,0.488,0.3365576034026913,,,,6.5125,0.26,0.1399999999999999,0.08,0.06,0.1432749999999999,0.117225,0.39075,0.48,0.4,0.34,0.22,0.2604999999999999,0.26,0.1399999999999999,0.08,0.06,0.48,0.1432749999999999,0.117225,0.39075
4066259,De'Aaron Fox,SAS,2026-06-12,0.0,2.0,3.0,5.0,14.0,18,5,7,4,9,2,1,4,6,16,,2,2,,2,3,3,1,37.0,0.4864864864864865,0.1351351351351351,0.1891891891891892,0.1081081081081081,0.2432432432432432,0.4324324324324324,0.054054054054054,0.1081081081081081,0.5643243243243243,0.0,36.0,1.7320508075688716,16.666666666666668,3.6666666666666665,6.666666666666667,2.0,5.333333333333333,1.3333333333333333,1.3333333333333333,3.333333333333333,6.0,14.0,,2.6666666666666665,2.6666666666666665,,0.6666666666666666,3.0,2.6666666666666665,-1.3333333333333333,0.4663487016428193,0.1331029593139101,0.1014838367779544,0.0293615922913954,0.1841547429782724,0.0348524816519164,0.0556438791732909,0.0541241479508718,0.145733969263381,0.0926655770827531,0.3879173290937996,0.0405950567084375,0.0736618971913089,0.0299264608447175,0.0932697403285638,0.0342950496817455,0.5135983041865395,0.0446952671819772,36.4,1.5165750888103184,14.4,3.0,6.0,1.8,5.4,1.6,0.8,3.0,5.4,13.4,,1.8,2.0,,0.4,2.6,3.0,-0.2,0.3999846595821828,0.1545009059353282,0.08194293364572,0.0503195392539858,0.1645864130384254,0.0364965926555857,0.0500529941706412,0.0489016972312422,0.1473819020258648,0.0727510084215544,0.3678381167545254,0.0398691653912785,0.054723454104259,0.0382956014701365,0.0828624289924599,0.0293182122974077,0.4747788655528593,0.0648607965559489,32.7,4.762119042797836,13.4,4.5,6.5,1.4,4.5,1.3,0.7,2.1,5.2,12.8,,1.6,1.9,,0.7,3.8,2.6,3.8,0.4210926004881363,0.2063420615306978,0.1438288245189273,0.0890276918343815,0.2064425786524558,0.0744918532465006,0.0439781099885464,0.0476765012775595,0.1356570762855093,0.0586930201369453,0.3927524293074078,0.0473705915454241,0.0603660882822972,0.0468159625845868,0.0615314099996512,0.0462020985506422,0.4808449181512698,0.0622169957538192,,,,34.942833333333326,13.986891419141912,4.356942904290428,6.454848844884488,1.6051310231023102,1.4991974697469743,0.576614411441144,2.306457645764576,24.798683168316828,18.34383432343234,20.4417402640264,10.811791749174915,2.0758118811881188,13.986891419141912,4.356942904290428,6.454848844884488,1.6051310231023102,24.798683168316828,1.4991974697469743,0.576614411441144,2.306457645764576
4066317,Lindy Waters III,SAS,2026-06-12,0.0,2.0,3.0,5.0,16.0,0,0,0,0,0,0,0,0,0,0,,0,0,,0,0,0,0,0.0,,,,,,,,,,0.0,0.0,0.0,0.0,0.0,0.0,0.0,0.0,0.0,0.0,0.0,0.0,0.0,,0.0,0.0,,0.0,0.0,0.0,0.0,,,,,,,,,,,,,,,,,,,0.0,0.0,0.0,0.0,0.0,0.0,0.0,0.0,0.0,0.0,0.0,0.0,,0.0,0.0,,0.0,0.0,0.0,0.0,,,,,,,,,,,,,,,,,,,1.2,2.14993539954628,0.2,0.0,0.2,0.0,0.1,0.1,0.0,0.0,0.1,0.2,,0.0,0.0,,0.0,0.0,0.1,0.2,0.1111111111111111,0.1924500897298747,0.0,0.0,0.1388888888888888,0.1272937693043289,0.0,0.0,0.0555555555555555,0.0962250448649376,0.111111111111111,0.1924500897298754,0.0,0.0,0.0,0.0,0.111111111111111,0.1924500897298754,,,,6.6,0.6759999999999999,0.0,0.6759999999999999,0.0,0.5499999999999999,0.0,0.0,1.352,0.6759999999999999,1.352,0.6759999999999999,0.5499999999999999,0.6759999999999999,0.0,0.6759999999999999,0.0,1.352,0.5499999999999999,0.0,0.0
4395630,Devin Vassell,SAS,2026-06-12,0.0,2.0,3.0,5.0,16.0,18,5,4,5,8,1,0,1,6,9,,1,1,,1,4,2,-7,40.0,0.45,0.125,0.1,0.125,0.2,0.225,0.025,0.025,0.261,0.0,38.66666666666666,1.1547005383792526,14.333333333333334,6.0,3.0,3.6666666666666665,6.333333333333333,0.3333333333333333,0.3333333333333333,0.6666666666666666,4.333333333333333,7.333333333333333,,2.0,2.333333333333333,,0.3333333333333333,5.666666666666667,2.333333333333333,3.6666666666666665,0.369298245614035,0.0802667528674345,0.1557017543859649,0.0709591652954536,0.0771929824561403,0.0686904278963224,0.094298245614035,0.0265884992389959,0.163157894736842,0.050756056636805,0.1890350877192982,0.0727898415588629,0.0609649122807017,0.0311465276799666,0.0171052631578947,0.014828194302085,0.2329649122807017,0.0579616917460544,37.0,2.6457513110645894,12.6,6.6,3.0,2.6,6.2,0.6,0.2,0.6,4.2,9.4,,1.6,1.8,,1.2,5.4,1.8,-0.4,0.3382456140350877,0.0767947262411613,0.1797846889952153,0.0647006462286023,0.081164274322169,0.0489482622616011,0.0681951089845826,0.0403961263549528,0.1675917065390749,0.0367919112359039,0.2593806485911749,0.1169975886242079,0.0487001594896331,0.0350176415247578,0.0158187134502924,0.0144738318853592,0.2966274322169059,0.1049142723126754,35.4,3.977715704047012,13.6,5.5,2.7,3.0,6.9,1.2,0.5,0.7,4.3,9.8,,2.0,2.3,,0.9,4.6,1.8,2.9,0.3847875516296569,0.1311620728365132,0.1530021878706089,0.0666937162801546,0.0766635995583363,0.039518060269002,0.0852211385106122,0.0464963245978716,0.1960857563489142,0.0654315553337686,0.2785565165828323,0.0899987743017108,0.0644617224880382,0.0587839685433782,0.0201951703267492,0.0144236147761631,0.3271148448043185,0.0831257347961685,,,,36.74838888888889,13.606398101265825,5.942546518987342,3.050160970464135,3.0186101265822787,1.3955084388185652,0.4651694796061884,0.6977542194092826,22.5991055907173,19.548944620253167,16.65655907172996,8.992707489451476,1.8606779184247535,13.606398101265825,5.942546518987342,3.050160970464135,3.0186101265822787,22.5991055907173,1.3955084388185652,0.4651694796061884,0.6977542194092826
4395723,Keldon Johnson,SAS,2026-06-12,0.0,2.0,3.0,5.0,16.0,2,4,1,0,1,1,0,0,1,5,,0,0,,2,2,2,-1,18.0,0.1111111111111111,0.2222222222222222,0.0555555555555555,0.0,0.0555555555555555,0.2777777777777778,0.0,0.0,0.2777777777777778,0.0,17.0,1.0000000000000124,4.0,3.333333333333333,1.0,0.0,1.0,1.0,0.0,1.0,1.6666666666666667,4.666666666666667,,0.6666666666666666,2.0,,1.0,2.333333333333333,2.0,2.6666666666666665,0.2367919389978213,0.1562703345163157,0.1966230936819172,0.0697912014227643,0.0601851851851851,0.0626284687892068,0.0,0.0,0.0601851851851852,0.0626284687892071,0.2739651416122005,0.0223045699667137,0.1200980392156862,0.1177236270443414,0.0600490196078431,0.0588618135221707,0.3868572984749455,0.1199355313466827,15.0,3.999999999999999,5.2,2.6,0.8,0.6,2.0,0.8,0.0,0.6,2.0,5.2,,0.6,1.6,,1.0,1.6,2.4,3.0,0.3545751633986927,0.2245638102670806,0.1554738562091503,0.1000239929673025,0.0486111111111111,0.0519674637051936,0.05,0.0684653196881457,0.1486111111111111,0.1308064964219011,0.3643790849673202,0.1248049441433222,0.0970588235294117,0.0993871793476659,0.0360294117647058,0.0530482984865522,0.4431143790849673,0.1162088709496187,16.9,4.72463990397387,7.1,3.0,0.7,0.8,2.9,0.6,0.0,1.0,2.9,7.5,,0.5,1.3,,1.6,1.4,2.8,-0.5,0.4157491201608849,0.1963588719050147,0.1669676973353444,0.0686482651869346,0.0381517094017094,0.0465968887745261,0.0515811965811965,0.0506533157337031,0.1819123931623931,0.1053495377218784,0.4405656108597285,0.1452939489267655,0.0801533433886375,0.0843079566341895,0.0568608597285067,0.0462737505502521,0.5326939416792358,0.1624365301803383,,,,16.24061111111111,6.052687878787879,2.947560606060606,0.7568545454545454,0.5568545454545454,0.6814242424242424,0.0,1.0221363636363634,9.75710303030303,9.000248484848484,6.809542424242424,3.704415151515152,0.6814242424242424,6.052687878787879,2.947560606060606,0.7568545454545454,0.5568545454545454,9.75710303030303,0.6814242424242424,0.0,1.0221363636363634
4592479,Julian Champagnie,SAS,2026-06-12,0.0,2.0,3.0,5.0,16.0,5,5,3,1,7,4,0,0,2,9,,0,0,,0,5,1,-4,33.0,0.1515151515151515,0.1515151515151515,0.0909090909090909,0.0303030303030303,0.2121212121212121,0.2727272727272727,0.0,0.0,0.2727272727272727,0.0,32.0,4.582575694955842,8.333333333333334,3.333333333333333,2.333333333333333,2.0,6.333333333333333,1.6666666666666667,0.3333333333333333,0.0,2.6666666666666665,8.0,,1.0,1.3333333333333333,,0.0,3.333333333333333,1.3333333333333333,-1.3333333333333333,0.2727272727272727,0.1528560197012277,0.0998877665544332,0.0580584384124694,0.0765993265993266,0.0434705432110281,0.0656565656565656,0.0413401655145073,0.2034231200897867,0.0606547534783169,0.2575757575757575,0.0843600661034851,0.0432098765432098,0.0385493703604839,0.0,0.0,0.2765881032547699,0.0874713346128664,33.0,4.301162633521312,12.2,5.2,1.8,3.4,7.8,1.2,0.4,0.2,3.8,9.2,,1.2,1.8,,0.8,4.4,1.6,0.8,0.3721253279827133,0.1738401643344515,0.156027736333339,0.104809363002632,0.0576743667575586,0.0402591211964995,0.1032309512784894,0.0591872916728654,0.2392015800334985,0.068418320541015,0.2834079333230437,0.07309975130242,0.054618625416588,0.031829368816183,0.0052631578947368,0.0117687788289462,0.3127032864010793,0.0800302997391921,32.0,4.2946995755750415,11.3,5.4,1.8,2.6,7.3,1.2,0.6,0.4,3.8,9.4,,1.1,1.6,,0.8,4.6,2.0,1.5,0.3570861998424787,0.2032272285595214,0.1706482414562152,0.0829252861880324,0.0583369097060918,0.02925364075525,0.0814408724646415,0.0569446322239252,0.229810423295348,0.0528878334478575,0.2986355484896554,0.0899518453087694,0.0484204238194051,0.0445579655838845,0.013298245614035,0.0234959378426609,0.3332387805842288,0.1154541323799039,,,,32.169444444444444,11.048179577464786,5.190217136150235,1.9434178403755864,2.683090375586854,1.245999608763693,0.6796361502347417,0.4530907668231611,18.18181455399061,16.23839671361502,12.991597417840373,7.133634976525821,1.925635758998435,11.048179577464786,5.190217136150235,1.9434178403755864,2.683090375586854,18.18181455399061,1.245999608763693,0.6796361502347417,0.4530907668231611
4845367,Stephon Castle,SAS,2026-06-12,0.0,2.0,3.0,5.0,16.0,13,5,5,1,3,0,0,3,2,7,,8,8,,2,3,5,-11,26.0,0.5,0.1923076923076923,0.1923076923076923,0.0384615384615384,0.1153846153846153,0.2692307692307692,0.3076923076923077,0.1153846153846153,0.52,0.0,30.666666666666668,6.429100507328626,16.666666666666668,4.666666666666667,4.666666666666667,1.6666666666666667,4.0,0.6666666666666666,0.3333333333333333,3.0,5.0,11.666666666666666,,5.0,6.0,,1.0,3.6666666666666665,4.333333333333333,-3.6666666666666665,0.5350877192982456,0.0607737125462763,0.1555812608444187,0.0323020510090358,0.1555812608444187,0.0323020510090359,0.0541738962791594,0.0165375443378488,0.129940235203393,0.0138093799499489,0.379217273954116,0.1157628103649419,0.2028147291305186,0.0911373258986257,0.1036244457297088,0.0462481274047213,0.5720802005012531,0.1166650164499987,32.4,5.176871642217914,16.6,5.6,4.6,1.2,4.0,0.6,0.2,3.4,5.8,13.2,,3.8,4.6,,2.0,3.6,4.0,-3.8,0.5099415204678361,0.0584649104527592,0.1737409133693963,0.0415782571229338,0.1443291486635139,0.0390901532125729,0.0383866907086721,0.0266869614463033,0.1240425724945848,0.0258492513927911,0.4049813447646265,0.0911512882441451,0.1501202100273307,0.0971310096781831,0.1072727066535116,0.0504793850537959,0.5783069438301637,0.0860314916552716,33.0,4.05517502019882,17.6,5.1,5.9,1.2,4.1,1.0,0.4,3.2,5.7,12.3,,5.0,5.9,,1.9,3.2,4.1,-1.8,0.5299458399787347,0.1039251152789056,0.1550905808587697,0.0371270107381029,0.1795240240925225,0.052130889966438,0.0371063095830897,0.0285425703141916,0.1234979893687324,0.0321282200130288,0.3713346573447192,0.0881820135652255,0.1814955117122299,0.1144096936016472,0.0957269491344568,0.0694070114107164,0.5469196316325573,0.1074717074715068,,,,31.531555555555556,16.295421004566208,5.032379908675798,5.280334246575342,1.2366995433789951,0.9718630136986302,0.4319391171993911,2.483649923896499,26.60813515981735,21.327800913242008,21.57575525114155,10.31271415525114,1.4038021308980213,16.295421004566208,5.032379908675798,5.280334246575342,1.2366995433789951,26.60813515981735,0.9718630136986302,0.4319391171993911,2.483649923896499
5037871,Dylan Harper,SAS,2026-06-12,0.0,2.0,3.0,5.0,16.0,21,4,3,3,6,0,0,3,8,12,,2,2,,0,4,3,12,32.0,0.65625,0.125,0.09375,0.09375,0.1875,0.375,0.0625,0.09375,0.49625,0.0,32.0,0.0,16.333333333333332,6.333333333333333,3.333333333333333,1.3333333333333333,5.666666666666667,0.3333333333333333,0.0,1.6666666666666667,6.333333333333333,14.0,,2.333333333333333,2.6666666666666665,,0.6666666666666666,5.666666666666667,2.333333333333333,5.333333333333333,0.5104166666666666,0.1301041249666333,0.1979166666666666,0.078644108700737,0.1041666666666666,0.0180421959121758,0.0416666666666666,0.0477351634891233,0.1770833333333333,0.0786441087007369,0.4375,0.1082531754730549,0.0833333333333333,0.0360843918243514,0.0520833333333333,0.0477351634891233,0.52625,0.055240949484961,30.2,2.4899799195977472,15.4,6.8,2.8,1.4,4.8,0.4,0.0,1.6,6.0,12.0,,2.0,2.2,,1.0,5.8,2.0,4.0,0.5094246031746031,0.1023767946661001,0.227744708994709,0.0696285981071371,0.0918650793650793,0.0340159895588297,0.0469576719576719,0.0370910665645765,0.1570436507936508,0.0630190715273184,0.3931878306878307,0.1000192663965983,0.0714285714285714,0.0484945557642866,0.0532076719576719,0.0364091656668925,0.477824074074074,0.0808011369421157,26.1,5.1305187088853135,12.5,5.6,2.8,1.1,3.4,0.2,0.0,1.7,4.6,9.5,,2.2,2.7,,1.0,4.6,1.7,5.0,0.4731579343858755,0.1751846416347314,0.214601664403135,0.0702404296620002,0.1094028732705203,0.0363675739148197,0.0424520980109215,0.0362567508213577,0.1265671526186232,0.0710330103921668,0.3577270958888606,0.1087804814629568,0.1102322383498854,0.0779864396127059,0.0684378059304529,0.0388697244153916,0.4746670866932631,0.0812175228615837,,,,28.801277777777777,14.650265395480224,6.35407372881356,3.0265896892655366,1.4294594632768365,0.2440786252354048,0.0,1.952629001883239,24.03092881355932,21.004339124293782,17.67685508474576,9.380663418079097,0.2440786252354048,14.650265395480224,6.35407372881356,3.0265896892655366,1.4294594632768365,24.03092881355932,0.2440786252354048,0.0,1.952629001883239
5061568,Carter Bryant,SAS,2026-06-12,0.0,2.0,3.0,5.0,16.0,5,1,0,1,1,1,0,0,2,3,,0,0,,0,1,1,6,5.0,1.0,0.2,0.0,0.2,0.2,0.6,0.0,0.0,0.6,0.0,4.0,0.9999999999999996,2.6666666666666665,0.3333333333333333,0.0,0.6666666666666666,0.6666666666666666,0.3333333333333333,0.3333333333333333,0.3333333333333333,1.0,1.3333333333333333,,0.0,0.0,,0.0,0.3333333333333333,1.6666666666666667,-1.0,0.5833333333333334,0.5204164998665332,0.0666666666666666,0.1154700538379251,0.0,0.0,0.15,0.1322875655532295,0.15,0.1322875655532295,0.2833333333333333,0.3013856886670853,0.0,0.0,0.1111111111111111,0.1924500897298752,0.3944444444444445,0.1828275852433814,3.8,0.8366600265340728,2.2,0.4,0.0,0.4,0.6,0.2,0.2,0.2,0.8,1.2,,0.2,0.4,,0.0,0.4,1.2,-1.0,0.5333333333333333,0.4022506128715722,0.1066666666666666,0.1534781924429511,0.0,0.0,0.09,0.1244989959798873,0.1399999999999999,0.1294217910554478,0.2866666666666667,0.215187256954392,0.1,0.2236067977499789,0.0666666666666666,0.1490711984999859,0.3973333333333333,0.1380700305400609,5.9,2.68535120814971,2.3,1.0,0.2,0.4,1.1,0.3,0.3,0.6,0.9,1.8,,0.1,0.2,,0.1,0.9,1.7,-3.7,0.4616666666666666,0.4773286002248268,0.1576190476190476,0.1609284287615879,0.0242857142857142,0.0521857835916094,0.075,0.1034139470499238,0.1892857142857142,0.1793870263297196,0.3251190476190476,0.2962957087343003,0.05,0.1581138830084189,0.0901190476190476,0.1134949078342653,0.4372380952380952,0.2322554522764081,,,,7.105555555555556,3.1131564625850343,1.019061224489796,0.1900136054421768,0.5760272108843538,0.2900226757369614,0.2900226757369614,0.5800453514739229,4.322231292517007,4.13221768707483,3.303170068027211,1.209074829931973,0.5800453514739229,3.1131564625850343,1.019061224489796,0.1900136054421768,0.5760272108843538,4.322231292517007,0.2900226757369614,0.2900226757369614,0.5800453514739229
5104157,Victor Wembanyama,SAS,2026-06-12,0.0,2.0,3.0,5.0,16.0,24,13,1,2,8,0,3,0,9,25,,4,7,,5,8,1,1,44.0,0.5454545454545454,0.2954545454545454,0.0227272727272727,0.0454545454545454,0.1818181818181818,0.5681818181818182,0.1590909090909091,0.0,0.6381818181818182,0.0,41.0,2.645751311064584,28.33333333333333,10.0,3.0,2.0,6.0,1.3333333333333333,3.333333333333333,1.6666666666666667,10.333333333333334,21.33333333333333,,5.666666666666667,8.0,,3.0,7.0,2.0,4.666666666666667,0.6969891219891221,0.1396521415328588,0.2418609168609169,0.0474650379461613,0.0755244755244755,0.0691857238494075,0.0489121989121989,0.0030622605126558,0.1447940947940948,0.0398826824118265,0.5182400932400933,0.0536420882665145,0.1966200466200466,0.035958497094473,0.0418803418803418,0.0519402208691913,0.6466332556332556,0.0625705774622969,40.6,2.408318915758457,26.6,9.8,2.6,2.2,6.4,1.2,2.8,2.4,8.8,20.0,,6.8,8.8,,2.6,7.2,2.6,3.6,0.6597974832185358,0.1247435539719869,0.2416077781867255,0.0625002920688569,0.0653648106279685,0.0508921222670108,0.0541593494225073,0.0100238809306533,0.1580544017386122,0.0534738142834596,0.492898943162101,0.0861382197374238,0.2197264139369402,0.0741276924896602,0.0614690572585309,0.0656941369932182,0.6510476225528856,0.1505871563205249,37.6,4.788875998951464,26.1,9.4,3.0,2.3,6.5,1.4,2.9,2.7,8.5,18.9,,6.8,8.1,,2.6,6.8,2.3,5.7,0.7124053568832854,0.1945004351883003,0.2543164563071184,0.1061600425915543,0.0824943975707982,0.0554701369330707,0.0642791215881199,0.0376053069227816,0.1786480296497274,0.067527429438301,0.5135956794318425,0.134786584355006,0.2158065577335526,0.0886565511866674,0.0755542139837555,0.0519475391548813,0.6841047788183612,0.174411955525219,,,,39.59283333333333,27.47019469026549,9.499837463126845,2.705819469026548,2.2535162241887905,1.5183092428711895,2.9198254670599804,2.6862394296951817,39.67585162241889,36.97003215339234,30.17601415929204,12.205656932153392,4.43813470993117,27.47019469026549,9.499837463126845,2.705819469026548,2.2535162241887905,39.67585162241889,1.5183092428711895,2.9198254670599804,2.6862394296951817
