date,snapshot_ts,player_id,player_name,team,stat,side,line,price,implied_prob,model_prob,model_prob_raw,edge,ev,bookmaker,bookmaker_title,commence_time,home_team,away_team,sentiment_strength,sentiment_w,sentiment_applied
2026-05-20,2026-05-20T13:34:10.085203+00:00,4222252,Isaiah Hartenstein,OKC,ast,OVER,1.5,152,0.3968253968253968,0.45199976932170105,0.7646545468007583,0.05517437249630425,0.1390394186906867,betonlineag,BetOnline.ag,2026-05-21T00:40:00Z,Oklahoma City Thunder,San Antonio Spurs,,,False
2026-05-20,2026-05-20T13:34:10.085203+00:00,4222252,Isaiah Hartenstein,OKC,ast,OVER,1.5,137,0.4219409282700422,0.4733479710496496,0.7646545468007583,0.05140704277960739,0.12183469138766956,draftkings,DraftKings,2026-05-21T00:40:00Z,Oklahoma City Thunder,San Antonio Spurs,,,False
2026-05-20,2026-05-20T13:34:10.085203+00:00,4222252,Isaiah Hartenstein,OKC,ast,OVER,1.5,135,0.425531914893617,0.4764003096796882,0.7646545468007583,0.05086839478607119,0.11954072774726743,bovada,Bovada,2026-05-21T00:40:00Z,Oklahoma City Thunder,San Antonio Spurs,,,False
2026-05-20,2026-05-20T13:34:10.085203+00:00,4845367,Stephon Castle,SAS,ast,UNDER,5.5,150,0.4,0.44541108587771966,0.7027405725181308,0.04541108587771964,0.11352771469429912,bovada,Bovada,2026-05-21T00:40:00Z,Oklahoma City Thunder,San Antonio Spurs,,,False
2026-05-20,2026-05-20T13:34:10.085203+00:00,4278073,Shai Gilgeous-Alexander,OKC,ast,UNDER,6.5,125,0.4444444444444444,0.4933624886964204,0.7705647394576176,0.04891804425197599,0.11006559956694595,bovada,Bovada,2026-05-21T00:40:00Z,Oklahoma City Thunder,San Antonio Spurs,,,False
2026-05-20,2026-05-20T13:34:10.085203+00:00,4593803,Jalen Williams,OKC,ast,UNDER,3.5,175,0.36363636363636365,0.402400625854295,0.6220647784225726,0.03876426221793133,0.1066017210993111,bovada,Bovada,2026-05-21T00:40:00Z,Oklahoma City Thunder,San Antonio Spurs,,,False
2026-05-20,2026-05-20T13:34:10.085203+00:00,4845367,Stephon Castle,SAS,ast,UNDER,6.5,-105,0.5121951219512195,0.5613917515089435,0.8401726523360459,0.04919662955772397,0.096050562469842,betmgm,BetMGM,2026-05-21T00:40:00Z,Oklahoma City Thunder,San Antonio Spurs,,,False
2026-05-20,2026-05-20T13:34:10.085203+00:00,4592479,Julian Champagnie,SAS,ast,OVER,1.5,157,0.38910505836575876,0.426214656986357,0.6365023825030807,0.03710959862059826,0.0953716684549375,draftkings,DraftKings,2026-05-21T00:40:00Z,Oklahoma City Thunder,San Antonio Spurs,,,False
2026-05-20,2026-05-20T13:34:10.085203+00:00,4592479,Julian Champagnie,SAS,ast,OVER,1.5,155,0.39215686274509803,0.4288086907087954,0.6365023825030807,0.03665182796369737,0.09346216130742824,betmgm,BetMGM,2026-05-21T00:40:00Z,Oklahoma City Thunder,San Antonio Spurs,,,False
2026-05-20,2026-05-20T13:34:10.085203+00:00,4592479,Julian Champagnie,SAS,ast,OVER,1.5,155,0.39215686274509803,0.4288086907087954,0.6365023825030807,0.03665182796369737,0.09346216130742824,bovada,Bovada,2026-05-21T00:40:00Z,Oklahoma City Thunder,San Antonio Spurs,,,False
2026-05-20,2026-05-20T13:34:10.085203+00:00,4845367,Stephon Castle,SAS,ast,UNDER,6.5,-114,0.5327102803738317,0.5788296361681639,0.8401726523360459,0.04611935579433213,0.08657493105251812,fanduel,FanDuel,2026-05-21T00:40:00Z,Oklahoma City Thunder,San Antonio Spurs,,,False
2026-05-20,2026-05-20T13:34:10.085203+00:00,4845367,Stephon Castle,SAS,ast,UNDER,6.5,-115,0.5348837209302325,0.5806770606411045,0.8401726523360459,0.04579333971087196,0.08561363511163012,betonlineag,BetOnline.ag,2026-05-21T00:40:00Z,Oklahoma City Thunder,San Antonio Spurs,,,False
2026-05-20,2026-05-20T13:34:10.085203+00:00,4845367,Stephon Castle,SAS,ast,UNDER,6.5,-120,0.5454545454545454,0.5896622614867705,0.8401726523360459,0.044207716032225064,0.08104747939241258,williamhill_us,Caesars,2026-05-21T00:40:00Z,Oklahoma City Thunder,San Antonio Spurs,,,False
2026-05-20,2026-05-20T13:34:10.085203+00:00,4593803,Jalen Williams,OKC,ast,UNDER,4.5,-111,0.5260663507109005,0.5684204458380192,0.8084269848916923,0.04235409512711874,0.08051093758398242,betmgm,BetMGM,2026-05-21T00:40:00Z,Oklahoma City Thunder,San Antonio Spurs,,,False
2026-05-20,2026-05-20T13:34:10.085203+00:00,4592479,Julian Champagnie,SAS,ast,OVER,1.5,140,0.4166666666666667,0.4496420240421288,0.6365023825030807,0.03297535737546209,0.07914085770110912,betonlineag,BetOnline.ag,2026-05-21T00:40:00Z,Oklahoma City Thunder,San Antonio Spurs,,,False
2026-05-20,2026-05-20T13:34:10.085203+00:00,4845367,Stephon Castle,SAS,ast,UNDER,6.5,-123,0.5515695067264574,0.5948599785678957,0.8401726523360459,0.043290471841438305,0.07848597740358332,draftkings,DraftKings,2026-05-21T00:40:00Z,Oklahoma City Thunder,San Antonio Spurs,,,False
2026-05-20,2026-05-20T13:34:10.085203+00:00,4278073,Shai Gilgeous-Alexander,OKC,ast,UNDER,7.5,-138,0.5798319327731093,0.6252604746034973,0.8826888783090294,0.045428541830388025,0.0783477750408142,fanduel,FanDuel,2026-05-21T00:40:00Z,Oklahoma City Thunder,San Antonio Spurs,,,False
2026-05-20,2026-05-20T13:34:10.085203+00:00,4845367,Stephon Castle,SAS,ast,UNDER,6.5,-125,0.5555555555555556,0.5982481200726292,0.8401726523360459,0.042692564517073595,0.07684661613073251,bovada,Bovada,2026-05-21T00:40:00Z,Oklahoma City Thunder,San Antonio Spurs,,,False
2026-05-20,2026-05-20T13:34:10.085203+00:00,4592479,Julian Champagnie,SAS,ast,OVER,1.5,136,0.423728813559322,0.4556448489008858,0.6365023825030807,0.031916035341563787,0.0753218434060905,fanduel,FanDuel,2026-05-21T00:40:00Z,Oklahoma City Thunder,San Antonio Spurs,,,False
2026-05-20,2026-05-20T13:34:10.085203+00:00,4278073,Shai Gilgeous-Alexander,OKC,ast,UNDER,7.5,-143,0.588477366255144,0.6326090930632269,0.8826888783090294,0.04413172680808286,0.07499307422632256,betonlineag,BetOnline.ag,2026-05-21T00:40:00Z,Oklahoma City Thunder,San Antonio Spurs,,,False
2026-05-20,2026-05-20T13:34:10.085203+00:00,4278073,Shai Gilgeous-Alexander,OKC,ast,UNDER,7.5,-143,0.588477366255144,0.6326090930632269,0.8826888783090294,0.04413172680808286,0.07499307422632256,williamhill_us,Caesars,2026-05-21T00:40:00Z,Oklahoma City Thunder,San Antonio Spurs,,,False
2026-05-20,2026-05-20T13:34:10.085203+00:00,4278073,Shai Gilgeous-Alexander,OKC,ast,UNDER,7.5,-145,0.5918367346938775,0.6354645562361503,0.8826888783090294,0.04362782154227274,0.07371597433004706,draftkings,DraftKings,2026-05-21T00:40:00Z,Oklahoma City Thunder,San Antonio Spurs,,,False
2026-05-20,2026-05-20T13:34:10.085203+00:00,4278073,Shai Gilgeous-Alexander,OKC,ast,UNDER,7.5,-145,0.5918367346938775,0.6354645562361503,0.8826888783090294,0.04362782154227274,0.07371597433004706,bovada,Bovada,2026-05-21T00:40:00Z,Oklahoma City Thunder,San Antonio Spurs,,,False
2026-05-20,2026-05-20T13:34:10.085203+00:00,4900671,Ajay Mitchell,OKC,ast,OVER,3.5,134,0.42735042735042733,0.4583134490052772,0.6337705717160931,0.030963021654849876,0.07245347067234864,betonlineag,BetOnline.ag,2026-05-21T00:40:00Z,Oklahoma City Thunder,San Antonio Spurs,,,False
2026-05-20,2026-05-20T13:34:10.085203+00:00,4900671,Ajay Mitchell,OKC,ast,OVER,3.5,134,0.42735042735042733,0.4583134490052772,0.6337705717160931,0.030963021654849876,0.07245347067234864,williamhill_us,Caesars,2026-05-21T00:40:00Z,Oklahoma City Thunder,San Antonio Spurs,,,False
2026-05-20,2026-05-20T13:34:10.085203+00:00,4593803,Jalen Williams,OKC,ast,UNDER,4.5,-120,0.5454545454545454,0.5849004113701175,0.8084269848916923,0.03944586591557209,0.07231742084521542,fanduel,FanDuel,2026-05-21T00:40:00Z,Oklahoma City Thunder,San Antonio Spurs,,,False
2026-05-20,2026-05-20T13:34:10.085203+00:00,4593803,Jalen Williams,OKC,ast,UNDER,4.5,-120,0.5454545454545454,0.5849004113701175,0.8084269848916923,0.03944586591557209,0.07231742084521542,betonlineag,BetOnline.ag,2026-05-21T00:40:00Z,Oklahoma City Thunder,San Antonio Spurs,,,False
2026-05-20,2026-05-20T13:34:10.085203+00:00,4593803,Jalen Williams,OKC,ast,UNDER,4.5,-120,0.5454545454545454,0.5849004113701175,0.8084269848916923,0.03944586591557209,0.07231742084521542,bovada,Bovada,2026-05-21T00:40:00Z,Oklahoma City Thunder,San Antonio Spurs,,,False
2026-05-20,2026-05-20T13:34:10.085203+00:00,4593803,Jalen Williams,OKC,ast,UNDER,4.5,-120,0.5454545454545454,0.5849004113701175,0.8084269848916923,0.03944586591557209,0.07231742084521542,williamhill_us,Caesars,2026-05-21T00:40:00Z,Oklahoma City Thunder,San Antonio Spurs,,,False
2026-05-20,2026-05-20T13:34:10.085203+00:00,4593803,Jalen Williams,OKC,ast,UNDER,4.5,-121,0.5475113122171946,0.5866486631183693,0.8084269848916923,0.03913735090117465,0.0714822690013191,draftkings,DraftKings,2026-05-21T00:40:00Z,Oklahoma City Thunder,San Antonio Spurs,,,False
2026-05-20,2026-05-20T13:34:10.085203+00:00,4066259,De'Aaron Fox,SAS,ast,UNDER,4.5,125,0.4444444444444444,0.4756012396064949,0.6521564121914476,0.0311567951620505,0.07010278911461354,bovada,Bovada,2026-05-21T00:40:00Z,Oklahoma City Thunder,San Antonio Spurs,,,False
2026-05-20,2026-05-20T13:34:10.085203+00:00,4900671,Ajay Mitchell,OKC,ast,OVER,3.5,131,0.4329004329004329,0.4630309537227819,0.6337705717160931,0.030130520822349016,0.0696015030996262,draftkings,DraftKings,2026-05-21T00:40:00Z,Oklahoma City Thunder,San Antonio Spurs,,,False
2026-05-20,2026-05-20T13:34:10.085203+00:00,4900671,Ajay Mitchell,OKC,ast,OVER,3.5,130,0.43478260869565216,0.4646308031487183,0.6337705717160931,0.029848194453066135,0.06865084724205206,bovada,Bovada,2026-05-21T00:40:00Z,Oklahoma City Thunder,San Antonio Spurs,,,False
2026-05-20,2026-05-20T13:34:10.085203+00:00,4278073,Shai Gilgeous-Alexander,OKC,ast,UNDER,7.5,-155,0.6078431372549019,0.649069998413021,0.8826888783090294,0.04122686115811913,0.06782483609884105,betmgm,BetMGM,2026-05-21T00:40:00Z,Oklahoma City Thunder,San Antonio Spurs,,,False
2026-05-20,2026-05-20T13:34:10.085203+00:00,4397020,Luguentz Dort,OKC,ast,OVER,0.5,-149,0.5983935742971888,0.6361114763294405,0.849846254512201,0.03771790203225178,0.06303193024181675,draftkings,DraftKings,2026-05-21T00:40:00Z,Oklahoma City Thunder,San Antonio Spurs,,,False
2026-05-20,2026-05-20T13:34:10.085203+00:00,4397020,Luguentz Dort,OKC,ast,OVER,0.5,-150,0.6,0.6374769381768302,0.849846254512201,0.03747693817683018,0.06246156362805022,bovada,Bovada,2026-05-21T00:40:00Z,Oklahoma City Thunder,San Antonio Spurs,,,False
2026-05-20,2026-05-20T13:34:10.085203+00:00,4397020,Luguentz Dort,OKC,ast,OVER,0.5,-154,0.6062992125984252,0.6428312688854916,0.849846254512201,0.03653205628706635,0.06025417075918743,betonlineag,BetOnline.ag,2026-05-21T00:40:00Z,Oklahoma City Thunder,San Antonio Spurs,,,False
2026-05-20,2026-05-20T13:34:10.085203+00:00,4397020,Luguentz Dort,OKC,ast,OVER,0.5,-155,0.6078431372549019,0.6441436048434968,0.849846254512201,0.03630046758859484,0.0597201240973656,betmgm,BetMGM,2026-05-21T00:40:00Z,Oklahoma City Thunder,San Antonio Spurs,,,False
2026-05-20,2026-05-20T13:34:10.085203+00:00,4066259,De'Aaron Fox,SAS,ast,UNDER,5.5,-154,0.6062992125984252,0.6387515949499796,0.822648428275454,0.03245238235155434,0.05352535790451174,fanduel,FanDuel,2026-05-21T00:40:00Z,Oklahoma City Thunder,San Antonio Spurs,,,False
2026-05-20,2026-05-20T13:34:10.085203+00:00,4066259,De'Aaron Fox,SAS,ast,UNDER,5.5,-154,0.6062992125984252,0.6387515949499796,0.822648428275454,0.03245238235155434,0.05352535790451174,williamhill_us,Caesars,2026-05-21T00:40:00Z,Oklahoma City Thunder,San Antonio Spurs,,,False
2026-05-20,2026-05-20T13:34:10.085203+00:00,4066259,De'Aaron Fox,SAS,ast,UNDER,5.5,-155,0.6078431372549019,0.6400639309079847,0.822648428275454,0.032220793653082835,0.053008402461523274,draftkings,DraftKings,2026-05-21T00:40:00Z,Oklahoma City Thunder,San Antonio Spurs,,,False
2026-05-20,2026-05-20T13:34:10.085203+00:00,4066259,De'Aaron Fox,SAS,ast,UNDER,5.5,-156,0.609375,0.6413660142413181,0.822648428275454,0.031991014241318116,0.05249807465241951,betonlineag,BetOnline.ag,2026-05-21T00:40:00Z,Oklahoma City Thunder,San Antonio Spurs,,,False
2026-05-20,2026-05-20T13:34:10.085203+00:00,4066259,De'Aaron Fox,SAS,ast,UNDER,5.5,-160,0.6153846153846154,0.6464741873182412,0.822648428275454,0.031089571933625826,0.050520554392142036,betmgm,BetMGM,2026-05-21T00:40:00Z,Oklahoma City Thunder,San Antonio Spurs,,,False
2026-05-20,2026-05-20T13:34:10.085203+00:00,4066259,De'Aaron Fox,SAS,ast,UNDER,5.5,-160,0.6153846153846154,0.6464741873182412,0.822648428275454,0.031089571933625826,0.050520554392142036,bovada,Bovada,2026-05-21T00:40:00Z,Oklahoma City Thunder,San Antonio Spurs,,,False
2026-05-20,2026-05-20T13:34:10.085203+00:00,4845367,Stephon Castle,SAS,ast,UNDER,7.5,-230,0.696969696969697,0.7315619556061909,0.9275847545463224,0.034592258636493844,0.04963237108714341,bovada,Bovada,2026-05-21T00:40:00Z,Oklahoma City Thunder,San Antonio Spurs,,,False
2026-05-20,2026-05-20T13:34:10.085203+00:00,4278073,Shai Gilgeous-Alexander,OKC,ast,UNDER,8.5,-260,0.7222222222222222,0.7562566390944157,0.9491183347035121,0.03403441687219344,0.04712457720765245,bovada,Bovada,2026-05-21T00:40:00Z,Oklahoma City Thunder,San Antonio Spurs,,,False
2026-05-20,2026-05-20T13:34:10.085203+00:00,4593803,Jalen Williams,OKC,ast,UNDER,5.5,-245,0.7101449275362319,0.7422407160611467,0.9241168510356637,0.03209578852491479,0.045196110371818865,bovada,Bovada,2026-05-21T00:40:00Z,Oklahoma City Thunder,San Antonio Spurs,,,False
2026-05-20,2026-05-20T13:34:10.085203+00:00,4395630,Devin Vassell,SAS,ast,OVER,2.5,117,0.4608294930875576,0.4793111300661196,0.5840404062779707,0.018481636978561977,0.040105152243479436,betonlineag,BetOnline.ag,2026-05-21T00:40:00Z,Oklahoma City Thunder,San Antonio Spurs,,,False
2026-05-20,2026-05-20T13:34:10.085203+00:00,4395630,Devin Vassell,SAS,ast,OVER,2.5,116,0.46296296296296297,0.48112457946021414,0.5840404062779707,0.018161616497251176,0.03922909163406252,fanduel,FanDuel,2026-05-21T00:40:00Z,Oklahoma City Thunder,San Antonio Spurs,,,False
2026-05-20,2026-05-20T13:34:10.085203+00:00,4395630,Devin Vassell,SAS,ast,OVER,2.5,115,0.46511627906976744,0.4829548981509979,0.5840404062779707,0.017838619081230467,0.03835303102464549,betmgm,BetMGM,2026-05-21T00:40:00Z,Oklahoma City Thunder,San Antonio Spurs,,,False
2026-05-20,2026-05-20T13:34:10.085203+00:00,4395630,Devin Vassell,SAS,ast,OVER,2.5,115,0.46511627906976744,0.4829548981509979,0.5840404062779707,0.017838619081230467,0.03835303102464549,bovada,Bovada,2026-05-21T00:40:00Z,Oklahoma City Thunder,San Antonio Spurs,,,False
2026-05-20,2026-05-20T13:34:10.085203+00:00,4395630,Devin Vassell,SAS,ast,OVER,2.5,113,0.4694835680751174,0.4866670938055454,0.5840404062779707,0.01718352573042803,0.036600909805811654,draftkings,DraftKings,2026-05-21T00:40:00Z,Oklahoma City Thunder,San Antonio Spurs,,,False
2026-05-20,2026-05-20T13:34:10.085203+00:00,4900671,Ajay Mitchell,OKC,ast,OVER,2.5,-185,0.6491228070175439,0.671572624388505,0.7987882561572841,0.022449817370961078,0.03458485378769682,betmgm,BetMGM,2026-05-21T00:40:00Z,Oklahoma City Thunder,San Antonio Spurs,,,False
2026-05-20,2026-05-20T13:34:10.085203+00:00,4900671,Ajay Mitchell,OKC,ast,OVER,2.5,-185,0.6491228070175439,0.671572624388505,0.7987882561572841,0.022449817370961078,0.03458485378769682,bovada,Bovada,2026-05-21T00:40:00Z,Oklahoma City Thunder,San Antonio Spurs,,,False
2026-05-20,2026-05-20T13:34:10.085203+00:00,4433255,Chet Holmgren,OKC,ast,OVER,1.5,118,0.45871559633027525,0.4727786167594005,0.5524690658577771,0.014063020429125273,0.03065738453549316,betonlineag,BetOnline.ag,2026-05-21T00:40:00Z,Oklahoma City Thunder,San Antonio Spurs,,,False
2026-05-20,2026-05-20T13:34:10.085203+00:00,4433255,Chet Holmgren,OKC,ast,OVER,1.5,116,0.46296296296296297,0.4763888783971851,0.5524690658577771,0.013425915434222113,0.028999977337919702,fanduel,FanDuel,2026-05-21T00:40:00Z,Oklahoma City Thunder,San Antonio Spurs,,,False
2026-05-20,2026-05-20T13:34:10.085203+00:00,4433255,Chet Holmgren,OKC,ast,OVER,1.5,115,0.46511627906976744,0.4782191970879689,0.5524690658577771,0.01310291801820146,0.028171273739133085,fanatics,Fanatics,2026-05-21T00:40:00Z,Oklahoma City Thunder,San Antonio Spurs,,,False
2026-05-20,2026-05-20T13:34:10.085203+00:00,4433255,Chet Holmgren,OKC,ast,OVER,1.5,115,0.46511627906976744,0.4782191970879689,0.5524690658577771,0.01310291801820146,0.028171273739133085,bovada,Bovada,2026-05-21T00:40:00Z,Oklahoma City Thunder,San Antonio Spurs,,,False
2026-05-20,2026-05-20T13:34:10.085203+00:00,4433255,Chet Holmgren,OKC,ast,OVER,1.5,112,0.4716981132075472,0.48381375610508165,0.5524690658577771,0.012115642897534473,0.025685162942773232,draftkings,DraftKings,2026-05-21T00:40:00Z,Oklahoma City Thunder,San Antonio Spurs,,,False
2026-05-20,2026-05-20T13:34:10.085203+00:00,4592479,Julian Champagnie,SAS,ast,OVER,0.5,-290,0.7435897435897436,0.7606199895529462,0.8571247166777605,0.017030245963202573,0.022902744571203504,bovada,Bovada,2026-05-21T00:40:00Z,Oklahoma City Thunder,San Antonio Spurs,,,False
2026-05-20,2026-05-20T13:34:10.085203+00:00,4433255,Chet Holmgren,OKC,ast,OVER,1.5,105,0.4878048780487805,0.49750450622013,0.5524690658577771,0.009699628171349506,0.019884237751266465,betmgm,BetMGM,2026-05-21T00:40:00Z,Oklahoma City Thunder,San Antonio Spurs,,,False
2026-05-20,2026-05-20T13:34:10.085203+00:00,4395723,Keldon Johnson,SAS,ast,OVER,0.5,-190,0.6551724137931034,0.6677154950118086,0.7387929552511379,0.012543081218705177,0.019144702912760492,bovada,Bovada,2026-05-21T00:40:00Z,Oklahoma City Thunder,San Antonio Spurs,,,False
2026-05-20,2026-05-20T13:34:10.085203+00:00,4395723,Keldon Johnson,SAS,ast,OVER,0.5,-194,0.6598639455782312,0.6717032970291672,0.7387929552511379,0.011839351450935953,0.017942109930799754,draftkings,DraftKings,2026-05-21T00:40:00Z,Oklahoma City Thunder,San Antonio Spurs,,,False
2026-05-20,2026-05-20T13:34:10.085203+00:00,4395723,Keldon Johnson,SAS,ast,OVER,0.5,-200,0.6666666666666666,0.6774856099543373,0.7387929552511379,0.010818943287670635,0.016228414931505897,betonlineag,BetOnline.ag,2026-05-21T00:40:00Z,Oklahoma City Thunder,San Antonio Spurs,,,False
2026-05-20,2026-05-20T13:34:10.085203+00:00,4395630,Devin Vassell,SAS,ast,OVER,1.5,-260,0.7222222222222222,0.7308256146918224,0.7795781720195567,0.00860339246960018,0.011912389573292548,bovada,Bovada,2026-05-21T00:40:00Z,Oklahoma City Thunder,San Antonio Spurs,,,False
2026-05-20,2026-05-20T13:34:10.085203+00:00,2991350,Alex Caruso,OKC,ast,OVER,1.5,-175,0.6363636363636364,0.6425634337343945,0.6776956188353576,0.006199797370758153,0.009742538725477035,betonlineag,BetOnline.ag,2026-05-21T00:40:00Z,Oklahoma City Thunder,San Antonio Spurs,,,False
2026-05-20,2026-05-20T13:34:10.085203+00:00,4683692,Cason Wallace,OKC,ast,OVER,1.5,-114,0.5327102803738317,0.5374607179343251,0.5643798641104547,0.004750437560493426,0.008917488052154199,betonlineag,BetOnline.ag,2026-05-21T00:40:00Z,Oklahoma City Thunder,San Antonio Spurs,,,False
2026-05-20,2026-05-20T13:34:10.085203+00:00,4683692,Cason Wallace,OKC,ast,OVER,1.5,-115,0.5348837209302325,0.5393081424072659,0.5643798641104547,0.004424421477033369,0.008271744500540523,draftkings,DraftKings,2026-05-21T00:40:00Z,Oklahoma City Thunder,San Antonio Spurs,,,False
2026-05-20,2026-05-20T13:34:10.085203+00:00,4683692,Cason Wallace,OKC,ast,OVER,1.5,-115,0.5348837209302325,0.5393081424072659,0.5643798641104547,0.004424421477033369,0.008271744500540523,bovada,Bovada,2026-05-21T00:40:00Z,Oklahoma City Thunder,San Antonio Spurs,,,False
2026-05-20,2026-05-20T13:34:10.085203+00:00,4395723,Keldon Johnson,SAS,ast,OVER,0.5,-235,0.7014925373134329,0.7070876000040887,0.7387929552511379,0.005595062690655794,0.007975940431360407,betmgm,BetMGM,2026-05-21T00:40:00Z,Oklahoma City Thunder,San Antonio Spurs,,,False
2026-05-20,2026-05-20T13:34:10.085203+00:00,2991350,Alex Caruso,OKC,ast,OVER,1.5,-190,0.6551724137931034,0.6585508945494416,0.6776956188353576,0.003378480756338176,0.005156628522831885,betmgm,BetMGM,2026-05-21T00:40:00Z,Oklahoma City Thunder,San Antonio Spurs,,,False
2026-05-20,2026-05-20T13:34:10.085203+00:00,2991350,Alex Caruso,OKC,ast,OVER,1.5,-190,0.6551724137931034,0.6585508945494416,0.6776956188353576,0.003378480756338176,0.005156628522831885,bovada,Bovada,2026-05-21T00:40:00Z,Oklahoma City Thunder,San Antonio Spurs,,,False
2026-05-20,2026-05-20T13:34:10.085203+00:00,5104157,Victor Wembanyama,SAS,ast,UNDER,3.5,-215,0.6825396825396826,0.6859954225399678,0.7055779492082506,0.0034557400002852567,0.005063060930650509,bovada,Bovada,2026-05-21T00:40:00Z,Oklahoma City Thunder,San Antonio Spurs,,,False
2026-05-20,2026-05-20T13:34:10.085203+00:00,2991350,Alex Caruso,OKC,ast,OVER,2.5,154,0.3937007874015748,0.39568165786901405,0.4069065905178363,0.001980870467439222,0.005031410987295759,fanduel,FanDuel,2026-05-21T00:40:00Z,Oklahoma City Thunder,San Antonio Spurs,,,False
2026-05-20,2026-05-20T13:34:10.085203+00:00,5037871,Dylan Harper,SAS,ast,UNDER,3.5,-156,0.609375,0.6123364000161557,0.6291176667743716,0.0029614000161557463,0.004859733359845353,betonlineag,BetOnline.ag,2026-05-21T00:40:00Z,Oklahoma City Thunder,San Antonio Spurs,,,False
2026-05-20,2026-05-20T13:34:10.085203+00:00,2991350,Alex Caruso,OKC,ast,OVER,1.5,-192,0.6575342465753424,0.6605584524143447,0.6776956188353576,0.003024205839002314,0.004599313046815989,draftkings,DraftKings,2026-05-21T00:40:00Z,Oklahoma City Thunder,San Antonio Spurs,,,False
2026-05-20,2026-05-20T13:34:10.085203+00:00,2991350,Alex Caruso,OKC,ast,OVER,2.5,150,0.4,0.4010359885776755,0.4069065905178363,0.0010359885776754507,0.00258997144418871,bovada,Bovada,2026-05-21T00:40:00Z,Oklahoma City Thunder,San Antonio Spurs,,,False
2026-05-20,2026-05-20T13:34:10.085203+00:00,5104157,Victor Wembanyama,SAS,ast,UNDER,2.5,116,0.46296296296296297,0.4639444671372264,0.4695063241247195,0.000981504174263459,0.0021200490164089425,fanduel,FanDuel,2026-05-21T00:40:00Z,Oklahoma City Thunder,San Antonio Spurs,,,False
2026-05-20,2026-05-20T13:34:10.085203+00:00,5104157,Victor Wembanyama,SAS,ast,UNDER,2.5,115,0.46511627906976744,0.46577478582801024,0.4695063241247195,0.000658506758242805,0.0014157895302219226,draftkings,DraftKings,2026-05-21T00:40:00Z,Oklahoma City Thunder,San Antonio Spurs,,,False
2026-05-20,2026-05-20T13:34:10.085203+00:00,5104157,Victor Wembanyama,SAS,ast,UNDER,2.5,115,0.46511627906976744,0.46577478582801024,0.4695063241247195,0.000658506758242805,0.0014157895302219226,bovada,Bovada,2026-05-21T00:40:00Z,Oklahoma City Thunder,San Antonio Spurs,,,False
2026-05-20,2026-05-20T13:34:10.085203+00:00,5104157,Victor Wembanyama,SAS,ast,UNDER,2.5,113,0.4694835680751174,0.4694869814825577,0.4695063241247195,3.413407440311378e-06,7.270557847882664e-06,betonlineag,BetOnline.ag,2026-05-21T00:40:00Z,Oklahoma City Thunder,San Antonio Spurs,,,False
2026-05-20,2026-05-20T13:34:10.085203+00:00,5104157,Victor Wembanyama,SAS,blk,UNDER,2.5,150,0.4,0.942634741498388,0.942634741498388,0.542634741498388,1.35658685374597,bovada,Bovada,2026-05-21T00:40:00Z,Oklahoma City Thunder,San Antonio Spurs,,,False
2026-05-20,2026-05-20T13:34:10.085203+00:00,4433255,Chet Holmgren,OKC,blk,UNDER,1.5,115,0.46511627906976744,0.832718080171514,0.832718080171514,0.3676018011017466,0.7903438723687551,betmgm,BetMGM,2026-05-21T00:40:00Z,Oklahoma City Thunder,San Antonio Spurs,,,False
2026-05-20,2026-05-20T13:34:10.085203+00:00,4433255,Chet Holmgren,OKC,blk,UNDER,1.5,110,0.47619047619047616,0.832718080171514,0.832718080171514,0.3565276039810379,0.7487079683601796,bovada,Bovada,2026-05-21T00:40:00Z,Oklahoma City Thunder,San Antonio Spurs,,,False
2026-05-20,2026-05-20T13:34:10.085203+00:00,4433255,Chet Holmgren,OKC,blk,UNDER,1.5,109,0.4784688995215311,0.832718080171514,0.832718080171514,0.35424918064998295,0.7403807875584645,draftkings,DraftKings,2026-05-21T00:40:00Z,Oklahoma City Thunder,San Antonio Spurs,,,False
2026-05-20,2026-05-20T13:34:10.085203+00:00,4433255,Chet Holmgren,OKC,blk,UNDER,1.5,104,0.49019607843137253,0.832718080171514,0.832718080171514,0.3425220017401415,0.6987448835498887,fanduel,FanDuel,2026-05-21T00:40:00Z,Oklahoma City Thunder,San Antonio Spurs,,,False
2026-05-20,2026-05-20T13:34:10.085203+00:00,5104157,Victor Wembanyama,SAS,blk,UNDER,3.5,-155,0.6078431372549019,0.99,0.9957333706829823,0.3821568627450981,0.6287096774193548,betmgm,BetMGM,2026-05-21T00:40:00Z,Oklahoma City Thunder,San Antonio Spurs,,,False
2026-05-20,2026-05-20T13:34:10.085203+00:00,5104157,Victor Wembanyama,SAS,blk,UNDER,3.5,-160,0.6153846153846154,0.99,0.9957333706829823,0.3746153846153846,0.60875,bovada,Bovada,2026-05-21T00:40:00Z,Oklahoma City Thunder,San Antonio Spurs,,,False
2026-05-20,2026-05-20T13:34:10.085203+00:00,5104157,Victor Wembanyama,SAS,blk,UNDER,3.5,-161,0.6168582375478927,0.99,0.9957333706829823,0.3731417624521073,0.6049068322981366,draftkings,DraftKings,2026-05-21T00:40:00Z,Oklahoma City Thunder,San Antonio Spurs,,,False
2026-05-20,2026-05-20T13:34:10.085203+00:00,5104157,Victor Wembanyama,SAS,blk,UNDER,3.5,-172,0.6323529411764706,0.99,0.9957333706829823,0.35764705882352943,0.5655813953488372,fanduel,FanDuel,2026-05-21T00:40:00Z,Oklahoma City Thunder,San Antonio Spurs,,,False
2026-05-20,2026-05-20T13:34:10.085203+00:00,4433255,Chet Holmgren,OKC,blk,UNDER,2.5,-275,0.7333333333333333,0.9845835266836043,0.9845835266836043,0.251250193350271,0.3426139000230967,bovada,Bovada,2026-05-21T00:40:00Z,Oklahoma City Thunder,San Antonio Spurs,,,False
2026-05-20,2026-05-20T13:34:10.085203+00:00,4593803,Jalen Williams,OKC,blk,OVER,0.5,170,0.37037037037037035,0.48095485213853295,0.48095485213853295,0.1105844817681626,0.2985781007740389,betmgm,BetMGM,2026-05-21T00:40:00Z,Oklahoma City Thunder,San Antonio Spurs,,,False
2026-05-20,2026-05-20T13:34:10.085203+00:00,4397020,Luguentz Dort,OKC,blk,UNDER,0.5,-450,0.8181818181818182,0.9548595051715405,0.9548595051715405,0.13667768698972227,0.1670505063207717,betmgm,BetMGM,2026-05-21T00:40:00Z,Oklahoma City Thunder,San Antonio Spurs,,,False
2026-05-20,2026-05-20T13:34:10.085203+00:00,4066259,De'Aaron Fox,SAS,blk,OVER,0.5,260,0.2777777777777778,0.30833939359275364,0.30833939359275364,0.03056161581497585,0.11002181693391311,betmgm,BetMGM,2026-05-21T00:40:00Z,Oklahoma City Thunder,San Antonio Spurs,,,False
2026-05-20,2026-05-20T13:34:10.085203+00:00,4278073,Shai Gilgeous-Alexander,OKC,blk,UNDER,0.5,125,0.4444444444444444,0.48664010155317716,0.48664010155317716,0.04219565710873274,0.09494022849464856,betmgm,BetMGM,2026-05-21T00:40:00Z,Oklahoma City Thunder,San Antonio Spurs,,,False
2026-05-20,2026-05-20T13:34:10.085203+00:00,4278073,Shai Gilgeous-Alexander,OKC,blk,UNDER,0.5,115,0.46511627906976744,0.48664010155317716,0.48664010155317716,0.021523822483409727,0.04627621833933082,draftkings,DraftKings,2026-05-21T00:40:00Z,Oklahoma City Thunder,San Antonio Spurs,,,False
2026-05-20,2026-05-20T13:34:10.085203+00:00,4278073,Shai Gilgeous-Alexander,OKC,blk,UNDER,0.5,115,0.46511627906976744,0.48664010155317716,0.48664010155317716,0.021523822483409727,0.04627621833933082,bovada,Bovada,2026-05-21T00:40:00Z,Oklahoma City Thunder,San Antonio Spurs,,,False
2026-05-20,2026-05-20T13:34:10.085203+00:00,4845367,Stephon Castle,SAS,blk,OVER,0.5,240,0.29411764705882354,0.3016765793232401,0.3016765793232401,0.007558932264416562,0.025700369699016345,betmgm,BetMGM,2026-05-21T00:40:00Z,Oklahoma City Thunder,San Antonio Spurs,,,False
2026-05-20,2026-05-20T13:34:10.085203+00:00,5037871,Dylan Harper,SAS,dd,YES,,2500,0.038461538461538464,0.09291372369492613,0.09291372369492613,0.05445218523338767,1.4157568160680793,fanatics,Fanatics,2026-05-21T00:40:00Z,Oklahoma City Thunder,San Antonio Spurs,,,False
2026-05-20,2026-05-20T13:34:10.085203+00:00,4593803,Jalen Williams,OKC,dd,YES,,1380,0.06756756756756757,0.1484421406174921,0.1484421406174921,0.08087457304992454,1.1969436811388832,draftkings,DraftKings,2026-05-21T00:40:00Z,Oklahoma City Thunder,San Antonio Spurs,,,False
2026-05-20,2026-05-20T13:34:10.085203+00:00,4593803,Jalen Williams,OKC,dd,YES,,1100,0.08333333333333333,0.1484421406174921,0.1484421406174921,0.06510880728415878,0.7813056874099054,betmgm,BetMGM,2026-05-21T00:40:00Z,Oklahoma City Thunder,San Antonio Spurs,,,False
2026-05-20,2026-05-20T13:34:10.085203+00:00,5037871,Dylan Harper,SAS,dd,YES,,1800,0.05263157894736842,0.09291372369492613,0.09291372369492613,0.040282144747557716,0.7653607502035965,draftkings,DraftKings,2026-05-21T00:40:00Z,Oklahoma City Thunder,San Antonio Spurs,,,False
2026-05-20,2026-05-20T13:34:10.085203+00:00,5037871,Dylan Harper,SAS,dd,YES,,1800,0.05263157894736842,0.09291372369492613,0.09291372369492613,0.040282144747557716,0.7653607502035965,bovada,Bovada,2026-05-21T00:40:00Z,Oklahoma City Thunder,San Antonio Spurs,,,False
2026-05-20,2026-05-20T13:34:10.085203+00:00,4592479,Julian Champagnie,SAS,dd,YES,,2000,0.047619047619047616,0.0831874061772251,0.0831874061772251,0.035568358558177485,0.746935529721727,draftkings,DraftKings,2026-05-21T00:40:00Z,Oklahoma City Thunder,San Antonio Spurs,,,False
2026-05-20,2026-05-20T13:34:10.085203+00:00,4593803,Jalen Williams,OKC,dd,YES,,1000,0.09090909090909091,0.1484421406174921,0.1484421406174921,0.0575330497084012,0.6328635467924131,fanduel,FanDuel,2026-05-21T00:40:00Z,Oklahoma City Thunder,San Antonio Spurs,,,False
2026-05-20,2026-05-20T13:34:10.085203+00:00,4593803,Jalen Williams,OKC,dd,YES,,1000,0.09090909090909091,0.1484421406174921,0.1484421406174921,0.0575330497084012,0.6328635467924131,bovada,Bovada,2026-05-21T00:40:00Z,Oklahoma City Thunder,San Antonio Spurs,,,False
2026-05-20,2026-05-20T13:34:10.085203+00:00,4592479,Julian Champagnie,SAS,dd,YES,,1800,0.05263157894736842,0.0831874061772251,0.0831874061772251,0.030555827229856683,0.5805607173672769,fanduel,FanDuel,2026-05-21T00:40:00Z,Oklahoma City Thunder,San Antonio Spurs,,,False
2026-05-20,2026-05-20T13:34:10.085203+00:00,4592479,Julian Champagnie,SAS,dd,YES,,1800,0.05263157894736842,0.0831874061772251,0.0831874061772251,0.030555827229856683,0.5805607173672769,bovada,Bovada,2026-05-21T00:40:00Z,Oklahoma City Thunder,San Antonio Spurs,,,False
2026-05-20,2026-05-20T13:34:10.085203+00:00,5037871,Dylan Harper,SAS,dd,YES,,1600,0.058823529411764705,0.09291372369492613,0.09291372369492613,0.03409019428316143,0.5795333028137443,williamhill_us,Caesars,2026-05-21T00:40:00Z,Oklahoma City Thunder,San Antonio Spurs,,,False
2026-05-20,2026-05-20T13:34:10.085203+00:00,5037871,Dylan Harper,SAS,dd,YES,,1500,0.0625,0.09291372369492613,0.09291372369492613,0.030413723694926134,0.48661957911881804,fanduel,FanDuel,2026-05-21T00:40:00Z,Oklahoma City Thunder,San Antonio Spurs,,,False
2026-05-20,2026-05-20T13:34:10.085203+00:00,4593803,Jalen Williams,OKC,dd,YES,,900,0.1,0.1484421406174921,0.1484421406174921,0.04844214061749211,0.484421406174921,williamhill_us,Caesars,2026-05-21T00:40:00Z,Oklahoma City Thunder,San Antonio Spurs,,,False
2026-05-20,2026-05-20T13:34:10.085203+00:00,4900671,Ajay Mitchell,OKC,dd,YES,,4800,0.02040816326530612,0.02816542202731561,0.02816542202731561,0.00775725876200949,0.38010567933846484,draftkings,DraftKings,2026-05-21T00:40:00Z,Oklahoma City Thunder,San Antonio Spurs,,,False
2026-05-20,2026-05-20T13:34:10.085203+00:00,4592479,Julian Champagnie,SAS,dd,YES,,1500,0.0625,0.0831874061772251,0.0831874061772251,0.0206874061772251,0.3309984988356016,fanatics,Fanatics,2026-05-21T00:40:00Z,Oklahoma City Thunder,San Antonio Spurs,,,False
2026-05-20,2026-05-20T13:34:10.085203+00:00,4592479,Julian Champagnie,SAS,dd,YES,,1500,0.0625,0.0831874061772251,0.0831874061772251,0.0206874061772251,0.3309984988356016,williamhill_us,Caesars,2026-05-21T00:40:00Z,Oklahoma City Thunder,San Antonio Spurs,,,False
2026-05-20,2026-05-20T13:34:10.085203+00:00,4900671,Ajay Mitchell,OKC,dd,YES,,4500,0.021739130434782608,0.02816542202731561,0.02816542202731561,0.0064262915925330025,0.295609413256518,bovada,Bovada,2026-05-21T00:40:00Z,Oklahoma City Thunder,San Antonio Spurs,,,False
2026-05-20,2026-05-20T13:34:10.085203+00:00,4593803,Jalen Williams,OKC,dd,YES,,750,0.11764705882352941,0.1484421406174921,0.1484421406174921,0.030795081793962703,0.26175819524868293,fanatics,Fanatics,2026-05-21T00:40:00Z,Oklahoma City Thunder,San Antonio Spurs,,,False
2026-05-20,2026-05-20T13:34:10.085203+00:00,4222252,Isaiah Hartenstein,OKC,dd,YES,,2500,0.038461538461538464,0.04788735567983759,0.04788735567983759,0.009425817218299125,0.24507124767577726,fanduel,FanDuel,2026-05-21T00:40:00Z,Oklahoma City Thunder,San Antonio Spurs,,,False
2026-05-20,2026-05-20T13:34:10.085203+00:00,4592479,Julian Champagnie,SAS,dd,YES,,1350,0.06896551724137931,0.0831874061772251,0.0831874061772251,0.014221888935845792,0.20621738956976388,betmgm,BetMGM,2026-05-21T00:40:00Z,Oklahoma City Thunder,San Antonio Spurs,,,False
2026-05-20,2026-05-20T13:34:10.085203+00:00,4395630,Devin Vassell,SAS,dd,YES,,3500,0.027777777777777776,0.028547010897115258,0.028547010897115258,0.000769233119337482,0.027692392296149393,draftkings,DraftKings,2026-05-21T00:40:00Z,Oklahoma City Thunder,San Antonio Spurs,,,False
2026-05-20,2026-05-20T13:34:10.085203+00:00,4395630,Devin Vassell,SAS,dd,YES,,3500,0.027777777777777776,0.028547010897115258,0.028547010897115258,0.000769233119337482,0.027692392296149393,bovada,Bovada,2026-05-21T00:40:00Z,Oklahoma City Thunder,San Antonio Spurs,,,False
2026-05-20,2026-05-20T13:34:10.085203+00:00,5104157,Victor Wembanyama,SAS,pa,UNDER,26.5,120,0.45454545454545453,0.5629698566325271,0.9473836458503297,0.10842440208707255,0.23853368459155955,bovada,Bovada,2026-05-21T00:40:00Z,Oklahoma City Thunder,San Antonio Spurs,,,False
2026-05-20,2026-05-20T13:34:10.085203+00:00,4278073,Shai Gilgeous-Alexander,OKC,pa,UNDER,34.5,110,0.47619047619047616,0.5892285714285714,0.992781341437805,0.11303809523809527,0.23738000000000004,bovada,Bovada,2026-05-21T00:40:00Z,Oklahoma City Thunder,San Antonio Spurs,,,False
2026-05-20,2026-05-20T13:34:10.085203+00:00,5104157,Victor Wembanyama,SAS,pa,UNDER,27.5,100,0.5,0.6020622381992101,0.9639192645418642,0.10206223819921012,0.20412447639842024,bovada,Bovada,2026-05-21T00:40:00Z,Oklahoma City Thunder,San Antonio Spurs,,,False
2026-05-20,2026-05-20T13:34:10.085203+00:00,4278073,Shai Gilgeous-Alexander,OKC,pa,UNDER,35.5,-110,0.5238095238095238,0.6263714285714286,0.9954392655426552,0.10256190476190474,0.19579999999999997,bovada,Bovada,2026-05-21T00:40:00Z,Oklahoma City Thunder,San Antonio Spurs,,,False
2026-05-20,2026-05-20T13:34:10.085203+00:00,4278073,Shai Gilgeous-Alexander,OKC,pa,UNDER,35.5,-111,0.5260663507109005,0.6281317535545023,0.9954392655426552,0.10206540284360188,0.19401621621621623,draftkings,DraftKings,2026-05-21T00:40:00Z,Oklahoma City Thunder,San Antonio Spurs,,,False
2026-05-20,2026-05-20T13:34:10.085203+00:00,4278073,Shai Gilgeous-Alexander,OKC,pa,UNDER,35.5,-114,0.5327102803738317,0.6333140186915888,0.9954392655426552,0.10060373831775704,0.18885263157894727,fanduel,FanDuel,2026-05-21T00:40:00Z,Oklahoma City Thunder,San Antonio Spurs,,,False
2026-05-20,2026-05-20T13:34:10.085203+00:00,4278073,Shai Gilgeous-Alexander,OKC,pa,UNDER,35.5,-115,0.5348837209302325,0.6350093023255814,0.9954392655426552,0.10012558139534888,0.18719130434782605,betmgm,BetMGM,2026-05-21T00:40:00Z,Oklahoma City Thunder,San Antonio Spurs,,,False
2026-05-20,2026-05-20T13:34:10.085203+00:00,5104157,Victor Wembanyama,SAS,pa,UNDER,28.5,-120,0.5454545454545454,0.6401599875288732,0.9759338276105807,0.09470544207432774,0.17362664380293413,betmgm,BetMGM,2026-05-21T00:40:00Z,Oklahoma City Thunder,San Antonio Spurs,,,False
2026-05-20,2026-05-20T13:34:10.085203+00:00,5104157,Victor Wembanyama,SAS,pa,UNDER,28.5,-123,0.5515695067264574,0.6449296573209645,0.9759338276105807,0.09336015059450709,0.169262712053456,draftkings,DraftKings,2026-05-21T00:40:00Z,Oklahoma City Thunder,San Antonio Spurs,,,False
2026-05-20,2026-05-20T13:34:10.085203+00:00,5104157,Victor Wembanyama,SAS,pa,UNDER,28.5,-125,0.5555555555555556,0.6480387754076611,0.9759338276105807,0.0924832198521055,0.16646979573378995,bovada,Bovada,2026-05-21T00:40:00Z,Oklahoma City Thunder,San Antonio Spurs,,,False
2026-05-20,2026-05-20T13:34:10.085203+00:00,5104157,Victor Wembanyama,SAS,pa,UNDER,27.5,-122,0.5495495495495496,0.6407108868478588,0.9639192645418642,0.09116133729830922,0.16588374491987423,fanduel,FanDuel,2026-05-21T00:40:00Z,Oklahoma City Thunder,San Antonio Spurs,,,False
2026-05-20,2026-05-20T13:34:10.085203+00:00,4278073,Shai Gilgeous-Alexander,OKC,pa,UNDER,36.5,-130,0.5652173913043478,0.6586695652173913,0.9971863324807182,0.0934521739130435,0.16533846153846155,bovada,Bovada,2026-05-21T00:40:00Z,Oklahoma City Thunder,San Antonio Spurs,,,False
2026-05-20,2026-05-20T13:34:10.085203+00:00,4592479,Julian Champagnie,SAS,pa,OVER,10.5,-106,0.5145631067961165,0.5968264329845661,0.8884873167436145,0.08226332618844956,0.15987023768698683,fanduel,FanDuel,2026-05-21T00:40:00Z,Oklahoma City Thunder,San Antonio Spurs,,,False
2026-05-20,2026-05-20T13:34:10.085203+00:00,4592479,Julian Champagnie,SAS,pa,OVER,10.5,-110,0.5238095238095238,0.6040386382550238,0.8884873167436145,0.08022911444549996,0.15316467303231818,betmgm,BetMGM,2026-05-21T00:40:00Z,Oklahoma City Thunder,San Antonio Spurs,,,False
2026-05-20,2026-05-20T13:34:10.085203+00:00,4592479,Julian Champagnie,SAS,pa,OVER,10.5,-110,0.5238095238095238,0.6040386382550238,0.8884873167436145,0.08022911444549996,0.15316467303231818,bovada,Bovada,2026-05-21T00:40:00Z,Oklahoma City Thunder,San Antonio Spurs,,,False
2026-05-20,2026-05-20T13:34:10.085203+00:00,4397020,Luguentz Dort,OKC,pa,OVER,7.5,120,0.45454545454545453,0.5236571508286657,0.7686895285600506,0.06911169628321118,0.15204573182306458,bovada,Bovada,2026-05-21T00:40:00Z,Oklahoma City Thunder,San Antonio Spurs,,,False
2026-05-20,2026-05-20T13:34:10.085203+00:00,4592479,Julian Champagnie,SAS,pa,OVER,10.5,-112,0.5283018867924528,0.6075426813817084,0.8884873167436145,0.07924079458925559,0.14999150404394812,draftkings,DraftKings,2026-05-21T00:40:00Z,Oklahoma City Thunder,San Antonio Spurs,,,False
2026-05-20,2026-05-20T13:34:10.085203+00:00,4592479,Julian Champagnie,SAS,pa,OVER,9.5,-150,0.6,0.6696359136271868,0.9165268801235764,0.0696359136271868,0.11605985604531127,bovada,Bovada,2026-05-21T00:40:00Z,Oklahoma City Thunder,San Antonio Spurs,,,False
2026-05-20,2026-05-20T13:34:10.085203+00:00,4397020,Luguentz Dort,OKC,pa,OVER,6.5,-120,0.5454545454545454,0.6072445913102605,0.8263183902532506,0.061790045855715126,0.11328175073547764,draftkings,DraftKings,2026-05-21T00:40:00Z,Oklahoma City Thunder,San Antonio Spurs,,,False
2026-05-20,2026-05-20T13:34:10.085203+00:00,4397020,Luguentz Dort,OKC,pa,OVER,6.5,-120,0.5454545454545454,0.6072445913102605,0.8263183902532506,0.061790045855715126,0.11328175073547764,betmgm,BetMGM,2026-05-21T00:40:00Z,Oklahoma City Thunder,San Antonio Spurs,,,False
2026-05-20,2026-05-20T13:34:10.085203+00:00,4397020,Luguentz Dort,OKC,pa,OVER,6.5,-120,0.5454545454545454,0.6072445913102605,0.8263183902532506,0.061790045855715126,0.11328175073547764,bovada,Bovada,2026-05-21T00:40:00Z,Oklahoma City Thunder,San Antonio Spurs,,,False
2026-05-20,2026-05-20T13:34:10.085203+00:00,4683692,Cason Wallace,OKC,pa,OVER,8.5,-104,0.5098039215686274,0.5657521871698943,0.7641142197562041,0.05594826560126687,0.10974467483325423,draftkings,DraftKings,2026-05-21T00:40:00Z,Oklahoma City Thunder,San Antonio Spurs,,,False
2026-05-20,2026-05-20T13:34:10.085203+00:00,4683692,Cason Wallace,OKC,pa,OVER,8.5,-105,0.5121951219512195,0.5676173234683162,0.7641142197562041,0.05542220151709665,0.10820525058099817,bovada,Bovada,2026-05-21T00:40:00Z,Oklahoma City Thunder,San Antonio Spurs,,,False
2026-05-20,2026-05-20T13:34:10.085203+00:00,4593803,Jalen Williams,OKC,pa,UNDER,20.5,125,0.4444444444444444,0.4886545970591481,0.6453996836021885,0.04421015261470368,0.09947284338308315,bovada,Bovada,2026-05-21T00:40:00Z,Oklahoma City Thunder,San Antonio Spurs,,,False
2026-05-20,2026-05-20T13:34:10.085203+00:00,4593803,Jalen Williams,OKC,pa,UNDER,21.5,100,0.5,0.5448140960468641,0.703700436576655,0.04481409604686415,0.0896281920937283,bovada,Bovada,2026-05-21T00:40:00Z,Oklahoma City Thunder,San Antonio Spurs,,,False
2026-05-20,2026-05-20T13:34:10.085203+00:00,4593803,Jalen Williams,OKC,pa,UNDER,22.5,-120,0.5454545454545454,0.5920311595215935,0.7571664275774909,0.04657661406704805,0.08539045912292137,fanduel,FanDuel,2026-05-21T00:40:00Z,Oklahoma City Thunder,San Antonio Spurs,,,False
2026-05-20,2026-05-20T13:34:10.085203+00:00,4900671,Ajay Mitchell,OKC,pa,OVER,14.5,100,0.5,0.5424832669512366,0.6931057588692575,0.04248326695123661,0.08496653390247322,bovada,Bovada,2026-05-21T00:40:00Z,Oklahoma City Thunder,San Antonio Spurs,,,False
2026-05-20,2026-05-20T13:34:10.085203+00:00,4592479,Julian Champagnie,SAS,pa,OVER,8.5,-215,0.6825396825396826,0.7389399649457895,0.9389046025674412,0.05640028240610695,0.0826329718973195,bovada,Bovada,2026-05-21T00:40:00Z,Oklahoma City Thunder,San Antonio Spurs,,,False
2026-05-20,2026-05-20T13:34:10.085203+00:00,4593803,Jalen Williams,OKC,pa,UNDER,21.5,-105,0.5121951219512195,0.5543262911688154,0.703700436576655,0.042131169217595854,0.08225609228197284,betmgm,BetMGM,2026-05-21T00:40:00Z,Oklahoma City Thunder,San Antonio Spurs,,,False
2026-05-20,2026-05-20T13:34:10.085203+00:00,4593803,Jalen Williams,OKC,pa,UNDER,22.5,-125,0.5555555555555556,0.5999099474003814,0.7571664275774909,0.04435439184482581,0.07983790532068652,draftkings,DraftKings,2026-05-21T00:40:00Z,Oklahoma City Thunder,San Antonio Spurs,,,False
2026-05-20,2026-05-20T13:34:10.085203+00:00,4593803,Jalen Williams,OKC,pa,UNDER,22.5,-125,0.5555555555555556,0.5999099474003814,0.7571664275774909,0.04435439184482581,0.07983790532068652,bovada,Bovada,2026-05-21T00:40:00Z,Oklahoma City Thunder,San Antonio Spurs,,,False
2026-05-20,2026-05-20T13:34:10.085203+00:00,4683692,Cason Wallace,OKC,pa,OVER,7.5,-150,0.6,0.647493288692416,0.8158785849655272,0.04749328869241598,0.0791554811540266,bovada,Bovada,2026-05-21T00:40:00Z,Oklahoma City Thunder,San Antonio Spurs,,,False
2026-05-20,2026-05-20T13:34:10.085203+00:00,4397020,Luguentz Dort,OKC,pa,OVER,5.5,-185,0.6491228070175439,0.6985679624831947,0.8738735136795932,0.04944515546565087,0.07617226652816489,bovada,Bovada,2026-05-21T00:40:00Z,Oklahoma City Thunder,San Antonio Spurs,,,False
2026-05-20,2026-05-20T13:34:10.085203+00:00,2991350,Alex Caruso,OKC,pa,OVER,12.5,-105,0.5121951219512195,0.5506914151232036,0.6871782727329653,0.03849629317198411,0.07515942952625465,bovada,Bovada,2026-05-21T00:40:00Z,Oklahoma City Thunder,San Antonio Spurs,,,False
2026-05-20,2026-05-20T13:34:10.085203+00:00,4900671,Ajay Mitchell,OKC,pa,OVER,13.5,-129,0.5633187772925764,0.6050525377501463,0.7530176884633488,0.041733760457569935,0.07408551275025982,draftkings,DraftKings,2026-05-21T00:40:00Z,Oklahoma City Thunder,San Antonio Spurs,,,False
2026-05-20,2026-05-20T13:34:10.085203+00:00,4900671,Ajay Mitchell,OKC,pa,OVER,13.5,-130,0.5652173913043478,0.606533456679328,0.7530176884633488,0.041316065374980226,0.07309765412496494,bovada,Bovada,2026-05-21T00:40:00Z,Oklahoma City Thunder,San Antonio Spurs,,,False
2026-05-20,2026-05-20T13:34:10.085203+00:00,4395630,Devin Vassell,SAS,pa,OVER,14.5,105,0.4878048780487805,0.5232309785068111,0.6488326074034654,0.03542610045803063,0.07262350593896283,bovada,Bovada,2026-05-21T00:40:00Z,Oklahoma City Thunder,San Antonio Spurs,,,False
2026-05-20,2026-05-20T13:34:10.085203+00:00,2991350,Alex Caruso,OKC,pa,OVER,12.5,-107,0.5169082125603864,0.5543676257983537,0.6871782727329653,0.03745941323796731,0.07246821065662823,draftkings,DraftKings,2026-05-21T00:40:00Z,Oklahoma City Thunder,San Antonio Spurs,,,False
2026-05-20,2026-05-20T13:34:10.085203+00:00,2991350,Alex Caruso,OKC,pa,OVER,12.5,-110,0.5238095238095238,0.559750648572681,0.6871782727329653,0.03594112476315714,0.06861487454784543,fanduel,FanDuel,2026-05-21T00:40:00Z,Oklahoma City Thunder,San Antonio Spurs,,,False
2026-05-20,2026-05-20T13:34:10.085203+00:00,4900671,Ajay Mitchell,OKC,pa,OVER,12.5,-170,0.6296296296296297,0.6684377759890128,0.8060302948995528,0.03880814635938312,0.06163646774725562,bovada,Bovada,2026-05-21T00:40:00Z,Oklahoma City Thunder,San Antonio Spurs,,,False
2026-05-20,2026-05-20T13:34:10.085203+00:00,4845367,Stephon Castle,SAS,pa,UNDER,21.5,120,0.45454545454545453,0.4816110221323613,0.5775707617586672,0.027065567586906758,0.05954424869119479,bovada,Bovada,2026-05-21T00:40:00Z,Oklahoma City Thunder,San Antonio Spurs,,,False
2026-05-20,2026-05-20T13:34:10.085203+00:00,4395630,Devin Vassell,SAS,pa,OVER,13.5,-125,0.5555555555555556,0.5886184158223613,0.7058412840410362,0.033062860266805716,0.059513148480250355,bovada,Bovada,2026-05-21T00:40:00Z,Oklahoma City Thunder,San Antonio Spurs,,,False
2026-05-20,2026-05-20T13:34:10.085203+00:00,4845367,Stephon Castle,SAS,pa,UNDER,22.5,100,0.5,0.5297323260156694,0.6351469364348612,0.02973232601566944,0.05946465203133888,bovada,Bovada,2026-05-21T00:40:00Z,Oklahoma City Thunder,San Antonio Spurs,,,False
2026-05-20,2026-05-20T13:34:10.085203+00:00,4395630,Devin Vassell,SAS,pa,OVER,13.5,-126,0.5575221238938053,0.5901523391261961,0.7058412840410362,0.03263021523239085,0.05852721144857398,draftkings,DraftKings,2026-05-21T00:40:00Z,Oklahoma City Thunder,San Antonio Spurs,,,False
2026-05-20,2026-05-20T13:34:10.085203+00:00,4845367,Stephon Castle,SAS,pa,UNDER,23.5,-120,0.5454545454545454,0.5772157244414376,0.6898235408495103,0.031761178986892236,0.05822882814263569,betmgm,BetMGM,2026-05-21T00:40:00Z,Oklahoma City Thunder,San Antonio Spurs,,,False
2026-05-20,2026-05-20T13:34:10.085203+00:00,2991350,Alex Caruso,OKC,pa,OVER,11.5,-145,0.5918367346938775,0.6253966833787159,0.7443819559885976,0.03355994868483836,0.05670474088127864,bovada,Bovada,2026-05-21T00:40:00Z,Oklahoma City Thunder,San Antonio Spurs,,,False
2026-05-20,2026-05-20T13:34:10.085203+00:00,4845367,Stephon Castle,SAS,pa,UNDER,23.5,-125,0.5555555555555556,0.5850945123202256,0.6898235408495103,0.02953895676467,0.05317012217640604,bovada,Bovada,2026-05-21T00:40:00Z,Oklahoma City Thunder,San Antonio Spurs,,,False
2026-05-20,2026-05-20T13:34:10.085203+00:00,4683692,Cason Wallace,OKC,pa,OVER,6.5,-230,0.696969696969697,0.7328177748448793,0.8599155054932529,0.035848077875182294,0.051434198690478994,bovada,Bovada,2026-05-21T00:40:00Z,Oklahoma City Thunder,San Antonio Spurs,,,False
2026-05-20,2026-05-20T13:34:10.085203+00:00,4433255,Chet Holmgren,OKC,pa,OVER,15.5,110,0.47619047619047616,0.50066256810941,0.5874272576401756,0.024472091918933847,0.051391393029761034,bovada,Bovada,2026-05-21T00:40:00Z,Oklahoma City Thunder,San Antonio Spurs,,,False
2026-05-20,2026-05-20T13:34:10.085203+00:00,4845367,Stephon Castle,SAS,pa,UNDER,23.5,-127,0.5594713656387665,0.5881488441851301,0.6898235408495103,0.0286774785463636,0.051258170315153895,draftkings,DraftKings,2026-05-21T00:40:00Z,Oklahoma City Thunder,San Antonio Spurs,,,False
2026-05-20,2026-05-20T13:34:10.085203+00:00,4845367,Stephon Castle,SAS,pa,UNDER,23.5,-130,0.5652173913043478,0.5926307442042835,0.6898235408495103,0.02741335289993574,0.04850054743834781,fanduel,FanDuel,2026-05-21T00:40:00Z,Oklahoma City Thunder,San Antonio Spurs,,,False
2026-05-20,2026-05-20T13:34:10.085203+00:00,4395630,Devin Vassell,SAS,pa,OVER,12.5,-165,0.6226415094339622,0.6524545475131244,0.758155318884699,0.029813038079162135,0.047881546005927034,bovada,Bovada,2026-05-21T00:40:00Z,Oklahoma City Thunder,San Antonio Spurs,,,False
2026-05-20,2026-05-20T13:34:10.085203+00:00,2991350,Alex Caruso,OKC,pa,OVER,10.5,-190,0.6551724137931034,0.6860635681589293,0.7955867518195849,0.0308911543658259,0.04714965666362897,bovada,Bovada,2026-05-21T00:40:00Z,Oklahoma City Thunder,San Antonio Spurs,,,False
2026-05-20,2026-05-20T13:34:10.085203+00:00,4395630,Devin Vassell,SAS,pa,OVER,14.5,-115,0.5348837209302325,0.5599524759543437,0.6488326074034654,0.02506875502411121,0.046867672436381735,betmgm,BetMGM,2026-05-21T00:40:00Z,Oklahoma City Thunder,San Antonio Spurs,,,False
2026-05-20,2026-05-20T13:34:10.085203+00:00,5037871,Dylan Harper,SAS,pa,OVER,15.5,105,0.4878048780487805,0.5091800970362573,0.5849649643554935,0.02137521898747685,0.04381919892432751,bovada,Bovada,2026-05-21T00:40:00Z,Oklahoma City Thunder,San Antonio Spurs,,,False
2026-05-20,2026-05-20T13:34:10.085203+00:00,4395630,Devin Vassell,SAS,pa,OVER,14.5,-118,0.5412844036697247,0.5649450084911477,0.6488326074034654,0.02366060482142296,0.043711964839577955,fanduel,FanDuel,2026-05-21T00:40:00Z,Oklahoma City Thunder,San Antonio Spurs,,,False
2026-05-20,2026-05-20T13:34:10.085203+00:00,4433255,Chet Holmgren,OKC,pa,OVER,14.5,-120,0.5454545454545454,0.568414411457574,0.6498175727410387,0.022959866003028573,0.042093087672218976,bovada,Bovada,2026-05-21T00:40:00Z,Oklahoma City Thunder,San Antonio Spurs,,,False
2026-05-20,2026-05-20T13:34:10.085203+00:00,4433255,Chet Holmgren,OKC,pa,OVER,14.5,-122,0.5495495495495496,0.5716085146516772,0.6498175727410387,0.02205896510212757,0.04014008403829783,draftkings,DraftKings,2026-05-21T00:40:00Z,Oklahoma City Thunder,San Antonio Spurs,,,False
2026-05-20,2026-05-20T13:34:10.085203+00:00,5037871,Dylan Harper,SAS,pa,OVER,14.5,-125,0.5555555555555556,0.5777050448000182,0.6562350521212945,0.022149489244462583,0.039869080640032695,bovada,Bovada,2026-05-21T00:40:00Z,Oklahoma City Thunder,San Antonio Spurs,,,False
2026-05-20,2026-05-20T13:34:10.085203+00:00,4066259,De'Aaron Fox,SAS,pa,UNDER,18.5,115,0.46511627906976744,0.48293919295997684,0.5461295240252646,0.017822913890209402,0.03831926486395021,bovada,Bovada,2026-05-21T00:40:00Z,Oklahoma City Thunder,San Antonio Spurs,,,False
2026-05-20,2026-05-20T13:34:10.085203+00:00,5037871,Dylan Harper,SAS,pa,OVER,14.5,-127,0.5594713656387665,0.5807593766649227,0.6562350521212945,0.021288011026156184,0.03805022443257844,draftkings,DraftKings,2026-05-21T00:40:00Z,Oklahoma City Thunder,San Antonio Spurs,,,False
2026-05-20,2026-05-20T13:34:10.085203+00:00,4066259,De'Aaron Fox,SAS,pa,UNDER,19.5,-109,0.5215311004784688,0.5411735058422615,0.6108147612229812,0.019642405363792692,0.03766296074341896,draftkings,DraftKings,2026-05-21T00:40:00Z,Oklahoma City Thunder,San Antonio Spurs,,,False
2026-05-20,2026-05-20T13:34:10.085203+00:00,4066259,De'Aaron Fox,SAS,pa,UNDER,20.5,-135,0.574468085106383,0.5960487029782316,0.672561802705695,0.021580617871848617,0.03756626073988467,bovada,Bovada,2026-05-21T00:40:00Z,Oklahoma City Thunder,San Antonio Spurs,,,False
2026-05-20,2026-05-20T13:34:10.085203+00:00,4066259,De'Aaron Fox,SAS,pa,UNDER,19.5,-110,0.5238095238095238,0.5429506760404844,0.6108147612229812,0.01914115223096058,0.036542199713652024,fanduel,FanDuel,2026-05-21T00:40:00Z,Oklahoma City Thunder,San Antonio Spurs,,,False
2026-05-20,2026-05-20T13:34:10.085203+00:00,4066259,De'Aaron Fox,SAS,pa,UNDER,19.5,-110,0.5238095238095238,0.5429506760404844,0.6108147612229812,0.01914115223096058,0.036542199713652024,bovada,Bovada,2026-05-21T00:40:00Z,Oklahoma City Thunder,San Antonio Spurs,,,False
2026-05-20,2026-05-20T13:34:10.085203+00:00,4433255,Chet Holmgren,OKC,pa,OVER,15.5,-102,0.504950495049505,0.5230953828194524,0.5874272576401756,0.018144887769947493,0.03593399342675874,fanduel,FanDuel,2026-05-21T00:40:00Z,Oklahoma City Thunder,San Antonio Spurs,,,False
2026-05-20,2026-05-20T13:34:10.085203+00:00,5037871,Dylan Harper,SAS,pa,OVER,14.5,-130,0.5652173913043478,0.5852412766840761,0.6562350521212945,0.020023885379728323,0.03542687413336543,fanduel,FanDuel,2026-05-21T00:40:00Z,Oklahoma City Thunder,San Antonio Spurs,,,False
2026-05-20,2026-05-20T13:34:10.085203+00:00,5037871,Dylan Harper,SAS,pa,OVER,13.5,-165,0.6226415094339622,0.6445751839650622,0.7223400300298709,0.021933674531099956,0.03522681061055444,bovada,Bovada,2026-05-21T00:40:00Z,Oklahoma City Thunder,San Antonio Spurs,,,False
2026-05-20,2026-05-20T13:34:10.085203+00:00,4433255,Chet Holmgren,OKC,pa,OVER,13.5,-160,0.6153846153846154,0.6358485737240511,0.708402607836596,0.020463958339435706,0.03325393230158308,bovada,Bovada,2026-05-21T00:40:00Z,Oklahoma City Thunder,San Antonio Spurs,,,False
2026-05-20,2026-05-20T13:34:10.085203+00:00,4066259,De'Aaron Fox,SAS,pa,UNDER,19.5,-118,0.5412844036697247,0.5565810823314412,0.6108147612229812,0.015296678661716467,0.028259965663171016,betmgm,BetMGM,2026-05-21T00:40:00Z,Oklahoma City Thunder,San Antonio Spurs,,,False
2026-05-20,2026-05-20T13:34:10.085203+00:00,4433255,Chet Holmgren,OKC,pa,OVER,15.5,-110,0.5238095238095238,0.5378054252522673,0.5874272576401756,0.01399590144274343,0.02671944820887384,betmgm,BetMGM,2026-05-21T00:40:00Z,Oklahoma City Thunder,San Antonio Spurs,,,False
2026-05-20,2026-05-20T13:34:10.085203+00:00,5104157,Victor Wembanyama,SAS,pr,UNDER,37.5,110,0.47619047619047616,0.5880469563341422,0.9846290222980488,0.111856480143666,0.23489860830169862,bovada,Bovada,2026-05-21T00:40:00Z,Oklahoma City Thunder,San Antonio Spurs,,,False
2026-05-20,2026-05-20T13:34:10.085203+00:00,4278073,Shai Gilgeous-Alexander,OKC,pr,UNDER,31.5,105,0.4878048780487805,0.5970015896784093,0.9841535672743664,0.10919671162962885,0.22385325884073914,bovada,Bovada,2026-05-21T00:40:00Z,Oklahoma City Thunder,San Antonio Spurs,,,False
2026-05-20,2026-05-20T13:34:10.085203+00:00,5104157,Victor Wembanyama,SAS,pr,UNDER,38.5,-108,0.5192307692307693,0.6227712733976483,0.9898694245347646,0.10354050416687899,0.19941134135843375,draftkings,DraftKings,2026-05-21T00:40:00Z,Oklahoma City Thunder,San Antonio Spurs,,,False
2026-05-20,2026-05-20T13:34:10.085203+00:00,5104157,Victor Wembanyama,SAS,pr,UNDER,38.5,-110,0.5238095238095238,0.6263427019690768,0.9898694245347646,0.10253317815955298,0.19574515830460115,bovada,Bovada,2026-05-21T00:40:00Z,Oklahoma City Thunder,San Antonio Spurs,,,False
2026-05-20,2026-05-20T13:34:10.085203+00:00,4278073,Shai Gilgeous-Alexander,OKC,pr,UNDER,32.5,-113,0.5305164319248826,0.6315184990707141,0.9896167371332076,0.10100206714583149,0.19038442745187711,draftkings,DraftKings,2026-05-21T00:40:00Z,Oklahoma City Thunder,San Antonio Spurs,,,False
2026-05-20,2026-05-20T13:34:10.085203+00:00,5104157,Victor Wembanyama,SAS,pr,UNDER,39.5,-115,0.5348837209302325,0.6350093023255814,0.9934778164430164,0.10012558139534888,0.18719130434782605,betmgm,BetMGM,2026-05-21T00:40:00Z,Oklahoma City Thunder,San Antonio Spurs,,,False
2026-05-20,2026-05-20T13:34:10.085203+00:00,4278073,Shai Gilgeous-Alexander,OKC,pr,UNDER,32.5,-115,0.5348837209302325,0.634924984494887,0.9896167371332076,0.10004126356465448,0.18703366666435395,bovada,Bovada,2026-05-21T00:40:00Z,Oklahoma City Thunder,San Antonio Spurs,,,False
2026-05-20,2026-05-20T13:34:10.085203+00:00,5104157,Victor Wembanyama,SAS,pr,UNDER,38.5,-120,0.5454545454545454,0.6432258188521937,0.9898694245347646,0.09777127339764824,0.1792473345623551,fanduel,FanDuel,2026-05-21T00:40:00Z,Oklahoma City Thunder,San Antonio Spurs,,,False
2026-05-20,2026-05-20T13:34:10.085203+00:00,4278073,Shai Gilgeous-Alexander,OKC,pr,UNDER,32.5,-120,0.5454545454545454,0.6431702276238511,0.9896167371332076,0.0977156821693057,0.1791454173103938,fanduel,FanDuel,2026-05-21T00:40:00Z,Oklahoma City Thunder,San Antonio Spurs,,,False
2026-05-20,2026-05-20T13:34:10.085203+00:00,4278073,Shai Gilgeous-Alexander,OKC,pr,UNDER,32.5,-120,0.5454545454545454,0.6431702276238511,0.9896167371332076,0.0977156821693057,0.1791454173103938,betmgm,BetMGM,2026-05-21T00:40:00Z,Oklahoma City Thunder,San Antonio Spurs,,,False
2026-05-20,2026-05-20T13:34:10.085203+00:00,4592479,Julian Champagnie,SAS,pr,OVER,14.5,100,0.5,0.584411735537007,0.8836897069863953,0.08441173553700698,0.16882347107401396,fanduel,FanDuel,2026-05-21T00:40:00Z,Oklahoma City Thunder,San Antonio Spurs,,,False
2026-05-20,2026-05-20T13:34:10.085203+00:00,5104157,Victor Wembanyama,SAS,pr,UNDER,39.5,-130,0.5652173913043478,0.6586695652173913,0.9934778164430164,0.0934521739130435,0.16533846153846155,bovada,Bovada,2026-05-21T00:40:00Z,Oklahoma City Thunder,San Antonio Spurs,,,False
2026-05-20,2026-05-20T13:34:10.085203+00:00,4592479,Julian Champagnie,SAS,pr,OVER,14.5,-105,0.5121951219512195,0.5939239306589582,0.8836897069863953,0.08172880870773869,0.15956576938177547,betmgm,BetMGM,2026-05-21T00:40:00Z,Oklahoma City Thunder,San Antonio Spurs,,,False
2026-05-20,2026-05-20T13:34:10.085203+00:00,4278073,Shai Gilgeous-Alexander,OKC,pr,UNDER,33.5,-135,0.574468085106383,0.6658851063829787,0.9933594626139086,0.09141702127659568,0.1591333333333333,bovada,Bovada,2026-05-21T00:40:00Z,Oklahoma City Thunder,San Antonio Spurs,,,False
2026-05-20,2026-05-20T13:34:10.085203+00:00,4222252,Isaiah Hartenstein,OKC,pr,OVER,9.5,110,0.47619047619047616,0.5490970288722282,0.8075838974711675,0.07290655268175206,0.1531037606316793,bovada,Bovada,2026-05-21T00:40:00Z,Oklahoma City Thunder,San Antonio Spurs,,,False
2026-05-20,2026-05-20T13:34:10.085203+00:00,4683692,Cason Wallace,OKC,pr,OVER,10.5,120,0.45454545454545453,0.5240637217314734,0.7705375781182674,0.06951826718601889,0.15294018780924146,bovada,Bovada,2026-05-21T00:40:00Z,Oklahoma City Thunder,San Antonio Spurs,,,False
2026-05-20,2026-05-20T13:34:10.085203+00:00,4592479,Julian Champagnie,SAS,pr,OVER,14.5,-109,0.5215311004784688,0.6012059939102127,0.8836897069863953,0.07967489343174383,0.15277112593793074,draftkings,DraftKings,2026-05-21T00:40:00Z,Oklahoma City Thunder,San Antonio Spurs,,,False
2026-05-20,2026-05-20T13:34:10.085203+00:00,4592479,Julian Champagnie,SAS,pr,OVER,14.5,-110,0.5238095238095238,0.6029831641084356,0.8836897069863953,0.07917364029891172,0.15114967693428605,bovada,Bovada,2026-05-21T00:40:00Z,Oklahoma City Thunder,San Antonio Spurs,,,False
2026-05-20,2026-05-20T13:34:10.085203+00:00,4397020,Luguentz Dort,OKC,pr,OVER,9.5,120,0.45454545454545453,0.5174716069660079,0.7405734200934244,0.06292615242055338,0.1384375353252174,bovada,Bovada,2026-05-21T00:40:00Z,Oklahoma City Thunder,San Antonio Spurs,,,False
2026-05-20,2026-05-20T13:34:10.085203+00:00,4222252,Isaiah Hartenstein,OKC,pr,OVER,8.5,-112,0.5283018867924528,0.6009026842894428,0.8583055117787709,0.07260079749699,0.1374229381193025,fanduel,FanDuel,2026-05-21T00:40:00Z,Oklahoma City Thunder,San Antonio Spurs,,,False
2026-05-20,2026-05-20T13:34:10.085203+00:00,4397020,Luguentz Dort,OKC,pr,OVER,8.5,-106,0.5145631067961165,0.5774741574389312,0.8005224278998196,0.06291105064281466,0.12226109841905486,fanduel,FanDuel,2026-05-21T00:40:00Z,Oklahoma City Thunder,San Antonio Spurs,,,False
2026-05-20,2026-05-20T13:34:10.085203+00:00,4683692,Cason Wallace,OKC,pr,OVER,9.5,-112,0.5283018867924528,0.5924522872325535,0.8198946160656375,0.06415040044010067,0.1214275436901906,fanduel,FanDuel,2026-05-21T00:40:00Z,Oklahoma City Thunder,San Antonio Spurs,,,False
2026-05-20,2026-05-20T13:34:10.085203+00:00,4222252,Isaiah Hartenstein,OKC,pr,OVER,8.5,-125,0.5555555555555556,0.622160545924663,0.8583055117787709,0.06660499036910739,0.11988898266439335,bovada,Bovada,2026-05-21T00:40:00Z,Oklahoma City Thunder,San Antonio Spurs,,,False
2026-05-20,2026-05-20T13:34:10.085203+00:00,4592479,Julian Champagnie,SAS,pr,OVER,13.5,-145,0.5918367346938775,0.6621104820997006,0.9112628592658003,0.07027374740582304,0.11873840078914927,bovada,Bovada,2026-05-21T00:40:00Z,Oklahoma City Thunder,San Antonio Spurs,,,False
2026-05-20,2026-05-20T13:34:10.085203+00:00,4222252,Isaiah Hartenstein,OKC,pr,OVER,8.5,-127,0.5594713656387665,0.6252148777895675,0.8583055117787709,0.06574351215080099,0.11751005715143176,draftkings,DraftKings,2026-05-21T00:40:00Z,Oklahoma City Thunder,San Antonio Spurs,,,False
2026-05-20,2026-05-20T13:34:10.085203+00:00,4683692,Cason Wallace,OKC,pr,OVER,9.5,-115,0.5348837209302325,0.5975861178600216,0.8198946160656375,0.06270239692978907,0.11722622034699681,draftkings,DraftKings,2026-05-21T00:40:00Z,Oklahoma City Thunder,San Antonio Spurs,,,False
2026-05-20,2026-05-20T13:34:10.085203+00:00,4683692,Cason Wallace,OKC,pr,OVER,9.5,-115,0.5348837209302325,0.5975861178600216,0.8198946160656375,0.06270239692978907,0.11722622034699681,bovada,Bovada,2026-05-21T00:40:00Z,Oklahoma City Thunder,San Antonio Spurs,,,False
2026-05-20,2026-05-20T13:34:10.085203+00:00,4397020,Luguentz Dort,OKC,pr,OVER,8.5,-115,0.5348837209302325,0.5933242364635417,0.8005224278998196,0.0584405155333092,0.10925835512749105,bovada,Bovada,2026-05-21T00:40:00Z,Oklahoma City Thunder,San Antonio Spurs,,,False
2026-05-20,2026-05-20T13:34:10.085203+00:00,4397020,Luguentz Dort,OKC,pr,OVER,8.5,-116,0.5370370370370371,0.5950038230268493,0.8005224278998196,0.0579667859898122,0.10793815322240896,draftkings,DraftKings,2026-05-21T00:40:00Z,Oklahoma City Thunder,San Antonio Spurs,,,False
2026-05-20,2026-05-20T13:34:10.085203+00:00,5037871,Dylan Harper,SAS,pr,OVER,16.5,-102,0.504950495049505,0.558889248486366,0.7501266470352369,0.05393875343686105,0.10681988425731304,fanduel,FanDuel,2026-05-21T00:40:00Z,Oklahoma City Thunder,San Antonio Spurs,,,False
2026-05-20,2026-05-20T13:34:10.085203+00:00,4397020,Luguentz Dort,OKC,pr,OVER,8.5,-118,0.5412844036697247,0.5983167690003456,0.8005224278998196,0.05703236533062084,0.10536487832267227,betmgm,BetMGM,2026-05-21T00:40:00Z,Oklahoma City Thunder,San Antonio Spurs,,,False
2026-05-20,2026-05-20T13:34:10.085203+00:00,5037871,Dylan Harper,SAS,pr,OVER,16.5,-105,0.5121951219512195,0.5645400574697034,0.7501266470352369,0.05234493551848385,0.10219725505989707,bovada,Bovada,2026-05-21T00:40:00Z,Oklahoma City Thunder,San Antonio Spurs,,,False
2026-05-20,2026-05-20T13:34:10.085203+00:00,5037871,Dylan Harper,SAS,pr,OVER,16.5,-107,0.5169082125603864,0.5682162681448535,0.7501266470352369,0.05130805558446705,0.0992595094017259,draftkings,DraftKings,2026-05-21T00:40:00Z,Oklahoma City Thunder,San Antonio Spurs,,,False
2026-05-20,2026-05-20T13:34:10.085203+00:00,4592479,Julian Champagnie,SAS,pr,OVER,12.5,-190,0.6551724137931034,0.7164366418945284,0.9336461778904898,0.061264228101424956,0.09350855868112223,bovada,Bovada,2026-05-21T00:40:00Z,Oklahoma City Thunder,San Antonio Spurs,,,False
2026-05-20,2026-05-20T13:34:10.085203+00:00,2991350,Alex Caruso,OKC,pr,OVER,14.5,110,0.47619047619047616,0.5201804493833,0.6761448997942207,0.04398997319282383,0.09237894370493005,bovada,Bovada,2026-05-21T00:40:00Z,Oklahoma City Thunder,San Antonio Spurs,,,False
2026-05-20,2026-05-20T13:34:10.085203+00:00,4900671,Ajay Mitchell,OKC,pr,OVER,14.5,100,0.5,0.5460695197480662,0.7094069079457554,0.04606951974806617,0.09213903949613234,bovada,Bovada,2026-05-21T00:40:00Z,Oklahoma City Thunder,San Antonio Spurs,,,False
2026-05-20,2026-05-20T13:34:10.085203+00:00,4900671,Ajay Mitchell,OKC,pr,OVER,14.5,-102,0.504950495049505,0.54993090588668,0.7094069079457554,0.04498041083717508,0.08907885283440553,draftkings,DraftKings,2026-05-21T00:40:00Z,Oklahoma City Thunder,San Antonio Spurs,,,False
2026-05-20,2026-05-20T13:34:10.085203+00:00,4683692,Cason Wallace,OKC,pr,OVER,8.5,-160,0.6153846153846154,0.6696380449691349,0.8619911134960675,0.05425342958451951,0.08816182307484427,bovada,Bovada,2026-05-21T00:40:00Z,Oklahoma City Thunder,San Antonio Spurs,,,False
2026-05-20,2026-05-20T13:34:10.085203+00:00,4222252,Isaiah Hartenstein,OKC,pr,OVER,7.5,-180,0.6428571428571429,0.6992308586009139,0.8991013053288295,0.056373715743771036,0.08769244671253279,bovada,Bovada,2026-05-21T00:40:00Z,Oklahoma City Thunder,San Antonio Spurs,,,False
2026-05-20,2026-05-20T13:34:10.085203+00:00,5037871,Dylan Harper,SAS,pr,OVER,15.5,-135,0.574468085106383,0.6246217430377631,0.8024392575217467,0.05015365793138005,0.08730451565832831,bovada,Bovada,2026-05-21T00:40:00Z,Oklahoma City Thunder,San Antonio Spurs,,,False
2026-05-20,2026-05-20T13:34:10.085203+00:00,4900671,Ajay Mitchell,OKC,pr,OVER,13.5,-122,0.5495495495495496,0.5974990669930308,0.767501901565373,0.04794951744348119,0.08725240059387573,fanduel,FanDuel,2026-05-21T00:40:00Z,Oklahoma City Thunder,San Antonio Spurs,,,False
2026-05-20,2026-05-20T13:34:10.085203+00:00,4397020,Luguentz Dort,OKC,pr,OVER,7.5,-165,0.6226415094339622,0.6729381215545678,0.8512624736185328,0.050296612120605544,0.08077940734521494,bovada,Bovada,2026-05-21T00:40:00Z,Oklahoma City Thunder,San Antonio Spurs,,,False
2026-05-20,2026-05-20T13:34:10.085203+00:00,4900671,Ajay Mitchell,OKC,pr,OVER,13.5,-130,0.5652173913043478,0.6097199835617734,0.767501901565373,0.04450259225742559,0.07873535553236832,bovada,Bovada,2026-05-21T00:40:00Z,Oklahoma City Thunder,San Antonio Spurs,,,False
2026-05-20,2026-05-20T13:34:10.085203+00:00,2991350,Alex Caruso,OKC,pr,OVER,13.5,-118,0.5412844036697247,0.5834357675075709,0.732881512023571,0.04215136383784612,0.07787285861568177,draftkings,DraftKings,2026-05-21T00:40:00Z,Oklahoma City Thunder,San Antonio Spurs,,,False
2026-05-20,2026-05-20T13:34:10.085203+00:00,2991350,Alex Caruso,OKC,pr,OVER,13.5,-120,0.5454545454545454,0.586688478099731,0.732881512023571,0.0412339326451856,0.07559554318284023,bovada,Bovada,2026-05-21T00:40:00Z,Oklahoma City Thunder,San Antonio Spurs,,,False
2026-05-20,2026-05-20T13:34:10.085203+00:00,2991350,Alex Caruso,OKC,pr,OVER,13.5,-125,0.5555555555555556,0.5945672659785189,0.732881512023571,0.039011710422963364,0.0702210787613341,fanduel,FanDuel,2026-05-21T00:40:00Z,Oklahoma City Thunder,San Antonio Spurs,,,False
2026-05-20,2026-05-20T13:34:10.085203+00:00,5037871,Dylan Harper,SAS,pr,OVER,14.5,-180,0.6428571428571429,0.6878824184432599,0.8475174864304023,0.04502527558611702,0.07003931757840437,bovada,Bovada,2026-05-21T00:40:00Z,Oklahoma City Thunder,San Antonio Spurs,,,False
2026-05-20,2026-05-20T13:34:10.085203+00:00,4395630,Devin Vassell,SAS,pr,OVER,16.5,105,0.4878048780487805,0.5201739699192942,0.6349371138238431,0.03236909187051373,0.06635663833455319,bovada,Bovada,2026-05-21T00:40:00Z,Oklahoma City Thunder,San Antonio Spurs,,,False
2026-05-20,2026-05-20T13:34:10.085203+00:00,4900671,Ajay Mitchell,OKC,pr,OVER,12.5,-170,0.6296296296296297,0.6711795436940876,0.8184928753771659,0.04154991406445796,0.06599103998472738,bovada,Bovada,2026-05-21T00:40:00Z,Oklahoma City Thunder,San Antonio Spurs,,,False
2026-05-20,2026-05-20T13:34:10.085203+00:00,2991350,Alex Caruso,OKC,pr,OVER,12.5,-160,0.6153846153846154,0.6525046896029035,0.7841122254677434,0.03712007421828811,0.06032012060471825,bovada,Bovada,2026-05-21T00:40:00Z,Oklahoma City Thunder,San Antonio Spurs,,,False
2026-05-20,2026-05-20T13:34:10.085203+00:00,4395630,Devin Vassell,SAS,pr,OVER,15.5,-125,0.5555555555555556,0.5855362260687359,0.6918313306154663,0.02998067051318032,0.05396520692372464,draftkings,DraftKings,2026-05-21T00:40:00Z,Oklahoma City Thunder,San Antonio Spurs,,,False
2026-05-20,2026-05-20T13:34:10.085203+00:00,4395630,Devin Vassell,SAS,pr,OVER,15.5,-125,0.5555555555555556,0.5855362260687359,0.6918313306154663,0.02998067051318032,0.05396520692372464,bovada,Bovada,2026-05-21T00:40:00Z,Oklahoma City Thunder,San Antonio Spurs,,,False
2026-05-20,2026-05-20T13:34:10.085203+00:00,4395630,Devin Vassell,SAS,pr,OVER,16.5,-110,0.5238095238095238,0.5482575936126741,0.6349371138238431,0.024448069803150285,0.046673587806014216,betmgm,BetMGM,2026-05-21T00:40:00Z,Oklahoma City Thunder,San Antonio Spurs,,,False
2026-05-20,2026-05-20T13:34:10.085203+00:00,4395630,Devin Vassell,SAS,pr,OVER,16.5,-112,0.5283018867924528,0.5517616367393587,0.6349371138238431,0.023459749946905917,0.04440595525664337,fanduel,FanDuel,2026-05-21T00:40:00Z,Oklahoma City Thunder,San Antonio Spurs,,,False
2026-05-20,2026-05-20T13:34:10.085203+00:00,4395630,Devin Vassell,SAS,pr,OVER,14.5,-165,0.6226415094339622,0.649440215903322,0.7444538115674157,0.02679870646935978,0.043040346753820236,bovada,Bovada,2026-05-21T00:40:00Z,Oklahoma City Thunder,San Antonio Spurs,,,False
2026-05-20,2026-05-20T13:34:10.085203+00:00,4433255,Chet Holmgren,OKC,pr,OVER,22.5,-115,0.5348837209302325,0.5439986619620865,0.5763152710750232,0.009114941031853951,0.01704097671172683,draftkings,DraftKings,2026-05-21T00:40:00Z,Oklahoma City Thunder,San Antonio Spurs,,,False
2026-05-20,2026-05-20T13:34:10.085203+00:00,4433255,Chet Holmgren,OKC,pr,OVER,22.5,-115,0.5348837209302325,0.5439986619620865,0.5763152710750232,0.009114941031853951,0.01704097671172683,bovada,Bovada,2026-05-21T00:40:00Z,Oklahoma City Thunder,San Antonio Spurs,,,False
2026-05-20,2026-05-20T13:34:10.085203+00:00,4433255,Chet Holmgren,OKC,pr,OVER,21.5,-145,0.5918367346938775,0.6014020997516235,0.6353156667745412,0.009565365057745967,0.016162168545846622,bovada,Bovada,2026-05-21T00:40:00Z,Oklahoma City Thunder,San Antonio Spurs,,,False
2026-05-20,2026-05-20T13:34:10.085203+00:00,4395723,Keldon Johnson,SAS,pr,UNDER,12.5,-124,0.5535714285714286,0.5613980963175027,0.5891471910535835,0.0078266677460741,0.01413849657355326,draftkings,DraftKings,2026-05-21T00:40:00Z,Oklahoma City Thunder,San Antonio Spurs,,,False
2026-05-20,2026-05-20T13:34:10.085203+00:00,4395723,Keldon Johnson,SAS,pr,UNDER,11.5,110,0.47619047619047616,0.4827224497740254,0.5058812652066091,0.006531973583549233,0.013717144525453473,bovada,Bovada,2026-05-21T00:40:00Z,Oklahoma City Thunder,San Antonio Spurs,,,False
2026-05-20,2026-05-20T13:34:10.085203+00:00,4395723,Keldon Johnson,SAS,pr,UNDER,12.5,-125,0.5555555555555556,0.5629457153651217,0.5891471910535835,0.007390159809566144,0.013302287657219136,fanduel,FanDuel,2026-05-21T00:40:00Z,Oklahoma City Thunder,San Antonio Spurs,,,False
2026-05-20,2026-05-20T13:34:10.085203+00:00,4395723,Keldon Johnson,SAS,pr,UNDER,12.5,-125,0.5555555555555556,0.5629457153651217,0.5891471910535835,0.007390159809566144,0.013302287657219136,bovada,Bovada,2026-05-21T00:40:00Z,Oklahoma City Thunder,San Antonio Spurs,,,False
2026-05-20,2026-05-20T13:34:10.085203+00:00,4433255,Chet Holmgren,OKC,pr,OVER,23.5,105,0.4878048780487805,0.4939086732816168,0.5155494018344002,0.006103795232836329,0.012512780227314502,bovada,Bovada,2026-05-21T00:40:00Z,Oklahoma City Thunder,San Antonio Spurs,,,False
2026-05-20,2026-05-20T13:34:10.085203+00:00,4395723,Keldon Johnson,SAS,pr,UNDER,10.5,145,0.40816326530612246,0.4112859586005636,0.4223573257354003,0.003122693294441148,0.00765059857138084,bovada,Bovada,2026-05-21T00:40:00Z,Oklahoma City Thunder,San Antonio Spurs,,,False
2026-05-20,2026-05-20T13:34:10.085203+00:00,4433255,Chet Holmgren,OKC,pr,OVER,22.5,-128,0.5614035087719298,0.5646840964786104,0.5763152710750232,0.0032805877066806044,0.00584354685252475,fanduel,FanDuel,2026-05-21T00:40:00Z,Oklahoma City Thunder,San Antonio Spurs,,,False
2026-05-20,2026-05-20T13:34:10.085203+00:00,4845367,Stephon Castle,SAS,pr,UNDER,21.5,-103,0.5073891625615764,0.5096667053276401,0.5177416296800481,0.0022775427660637337,0.004488749335057773,draftkings,DraftKings,2026-05-21T00:40:00Z,Oklahoma City Thunder,San Antonio Spurs,,,False
2026-05-20,2026-05-20T13:34:10.085203+00:00,4845367,Stephon Castle,SAS,pr,UNDER,22.5,-130,0.5652173913043478,0.5676845807149976,0.5764318886254836,0.0024671894106498282,0.004365027418841927,bovada,Bovada,2026-05-21T00:40:00Z,Oklahoma City Thunder,San Antonio Spurs,,,False
2026-05-20,2026-05-20T13:34:10.085203+00:00,4845367,Stephon Castle,SAS,pr,UNDER,21.5,-105,0.5121951219512195,0.5134153536515618,0.5177416296800481,0.0012202317003422447,0.0023823571292396206,betmgm,BetMGM,2026-05-21T00:40:00Z,Oklahoma City Thunder,San Antonio Spurs,,,False
2026-05-20,2026-05-20T13:34:10.085203+00:00,4845367,Stephon Castle,SAS,pr,UNDER,21.5,-105,0.5121951219512195,0.5134153536515618,0.5177416296800481,0.0012202317003422447,0.0023823571292396206,bovada,Bovada,2026-05-21T00:40:00Z,Oklahoma City Thunder,San Antonio Spurs,,,False
2026-05-20,2026-05-20T13:34:10.085203+00:00,4845367,Stephon Castle,SAS,pr,UNDER,20.5,120,0.45454545454545453,0.4554514292541995,0.4586635214033862,0.0009059747087449832,0.0019931443592389186,bovada,Bovada,2026-05-21T00:40:00Z,Oklahoma City Thunder,San Antonio Spurs,,,False
2026-05-20,2026-05-20T13:34:10.085203+00:00,4433255,Chet Holmgren,OKC,pr,OVER,23.5,-105,0.5121951219512195,0.5129330635255193,0.5155494018344002,0.0007379415742997386,0.0014407430736328442,betmgm,BetMGM,2026-05-21T00:40:00Z,Oklahoma City Thunder,San Antonio Spurs,,,False
2026-05-20,2026-05-20T13:34:10.085203+00:00,4278073,Shai Gilgeous-Alexander,OKC,pra,UNDER,37.5,130,0.43478260869565216,0.5400539310467144,0.9711156308259459,0.10527132235106224,0.24212404140744315,bovada,Bovada,2026-05-21T00:40:00Z,Oklahoma City Thunder,San Antonio Spurs,,,False
2026-05-20,2026-05-20T13:34:10.085203+00:00,5104157,Victor Wembanyama,SAS,pra,UNDER,39.5,125,0.4444444444444444,0.5435343339546714,0.9551168289473294,0.09908988951022701,0.22295225139801067,bovada,Bovada,2026-05-21T00:40:00Z,Oklahoma City Thunder,San Antonio Spurs,,,False
2026-05-20,2026-05-20T13:34:10.085203+00:00,4222252,Isaiah Hartenstein,OKC,pra,OVER,12.5,160,0.38461538461538464,0.4670859744875827,0.7404912827861867,0.08247058987219807,0.21442353366771505,bovada,Bovada,2026-05-21T00:40:00Z,Oklahoma City Thunder,San Antonio Spurs,,,False
2026-05-20,2026-05-20T13:34:10.085203+00:00,4397020,Luguentz Dort,OKC,pra,OVER,11.5,165,0.37735849056603776,0.4551807801353013,0.6994157786707242,0.07782228956926351,0.2062290673585483,bovada,Bovada,2026-05-21T00:40:00Z,Oklahoma City Thunder,San Antonio Spurs,,,False
2026-05-20,2026-05-20T13:34:10.085203+00:00,4592479,Julian Champagnie,SAS,pra,OVER,17.5,140,0.4166666666666667,0.49922285925058707,0.8050830052414499,0.08255619258392038,0.19813486220140897,bovada,Bovada,2026-05-21T00:40:00Z,Oklahoma City Thunder,San Antonio Spurs,,,False
2026-05-20,2026-05-20T13:34:10.085203+00:00,4278073,Shai Gilgeous-Alexander,OKC,pra,UNDER,38.5,110,0.47619047619047616,0.5683223088316847,0.9788485674735723,0.0921318326412085,0.1934768485465378,bovada,Bovada,2026-05-21T00:40:00Z,Oklahoma City Thunder,San Antonio Spurs,,,False
2026-05-20,2026-05-20T13:34:10.085203+00:00,5104157,Victor Wembanyama,SAS,pra,UNDER,40.5,110,0.47619047619047616,0.5661303442565897,0.966323055615887,0.08993986806611354,0.18887372293883842,bovada,Bovada,2026-05-21T00:40:00Z,Oklahoma City Thunder,San Antonio Spurs,,,False
2026-05-20,2026-05-20T13:34:10.085203+00:00,4278073,Shai Gilgeous-Alexander,OKC,pra,UNDER,39.5,-105,0.5121951219512195,0.5927585645237905,0.9847527728885588,0.08056344257257098,0.15729053073692423,bovada,Bovada,2026-05-21T00:40:00Z,Oklahoma City Thunder,San Antonio Spurs,,,False
2026-05-20,2026-05-20T13:34:10.085203+00:00,4278073,Shai Gilgeous-Alexander,OKC,pra,UNDER,39.5,-107,0.5169082125603864,0.595822073419749,0.9847527728885588,0.07891386085936258,0.1526651326905425,draftkings,DraftKings,2026-05-21T00:40:00Z,Oklahoma City Thunder,San Antonio Spurs,,,False
2026-05-20,2026-05-20T13:34:10.085203+00:00,4222252,Isaiah Hartenstein,OKC,pra,OVER,11.5,120,0.45454545454545453,0.5210906084557331,0.7893489314353577,0.06654515391027854,0.14639933860261278,bovada,Bovada,2026-05-21T00:40:00Z,Oklahoma City Thunder,San Antonio Spurs,,,False
2026-05-20,2026-05-20T13:34:10.085203+00:00,4278073,Shai Gilgeous-Alexander,OKC,pra,UNDER,39.5,-110,0.5238095238095238,0.6003079257316882,0.9847527728885588,0.0764984019221644,0.14604240366958665,fanduel,FanDuel,2026-05-21T00:40:00Z,Oklahoma City Thunder,San Antonio Spurs,,,False
2026-05-20,2026-05-20T13:34:10.085203+00:00,4278073,Shai Gilgeous-Alexander,OKC,pra,UNDER,39.5,-111,0.5260663507109005,0.6017748632175831,0.9847527728885588,0.07570851250668265,0.14391437962982012,betonlineag,BetOnline.ag,2026-05-21T00:40:00Z,Oklahoma City Thunder,San Antonio Spurs,,,False
2026-05-20,2026-05-20T13:34:10.085203+00:00,5104157,Victor Wembanyama,SAS,pra,UNDER,41.5,-110,0.5238095238095238,0.5986217591809456,0.9751175354557438,0.07481223537142179,0.14282335843635074,bovada,Bovada,2026-05-21T00:40:00Z,Oklahoma City Thunder,San Antonio Spurs,,,False
2026-05-20,2026-05-20T13:34:10.085203+00:00,4592479,Julian Champagnie,SAS,pra,OVER,16.5,110,0.47619047619047616,0.5437675031243006,0.8385353920028062,0.06757702693382439,0.14191175656103117,bovada,Bovada,2026-05-21T00:40:00Z,Oklahoma City Thunder,San Antonio Spurs,,,False
2026-05-20,2026-05-20T13:34:10.085203+00:00,4278073,Shai Gilgeous-Alexander,OKC,pra,UNDER,39.5,-115,0.5348837209302325,0.607506153860149,0.9847527728885588,0.07262243292991644,0.13577237460810454,betmgm,BetMGM,2026-05-21T00:40:00Z,Oklahoma City Thunder,San Antonio Spurs,,,False
2026-05-20,2026-05-20T13:34:10.085203+00:00,5104157,Victor Wembanyama,SAS,pra,UNDER,42.5,-115,0.5348837209302325,0.607006754549603,0.9818990625425821,0.07212303361937045,0.13483871502751854,betmgm,BetMGM,2026-05-21T00:40:00Z,Oklahoma City Thunder,San Antonio Spurs,,,False
2026-05-20,2026-05-20T13:34:10.085203+00:00,4397020,Luguentz Dort,OKC,pra,OVER,10.5,120,0.45454545454545453,0.5149370656998821,0.7541858299733519,0.06039161115442754,0.13286154453974053,bovada,Bovada,2026-05-21T00:40:00Z,Oklahoma City Thunder,San Antonio Spurs,,,False
2026-05-20,2026-05-20T13:34:10.085203+00:00,5104157,Victor Wembanyama,SAS,pra,UNDER,41.5,-115,0.5348837209302325,0.6058199873094063,0.9751175354557438,0.07093626637917383,0.1326199762741075,betonlineag,BetOnline.ag,2026-05-21T00:40:00Z,Oklahoma City Thunder,San Antonio Spurs,,,False
2026-05-20,2026-05-20T13:34:10.085203+00:00,4683692,Cason Wallace,OKC,pra,OVER,12.5,125,0.4444444444444444,0.502649495518065,0.7214891807381498,0.05820505107362062,0.13096136491564636,bovada,Bovada,2026-05-21T00:40:00Z,Oklahoma City Thunder,San Antonio Spurs,,,False
2026-05-20,2026-05-20T13:34:10.085203+00:00,5104157,Victor Wembanyama,SAS,pra,UNDER,41.5,-120,0.5454545454545454,0.6126910232502096,0.9751175354557438,0.06723647779566422,0.12326687595871766,fanduel,FanDuel,2026-05-21T00:40:00Z,Oklahoma City Thunder,San Antonio Spurs,,,False
2026-05-20,2026-05-20T13:34:10.085203+00:00,5104157,Victor Wembanyama,SAS,pra,UNDER,42.5,-123,0.5515695067264574,0.6178525153171492,0.9818990625425821,0.0662830085906918,0.12017163346117299,draftkings,DraftKings,2026-05-21T00:40:00Z,Oklahoma City Thunder,San Antonio Spurs,,,False
2026-05-20,2026-05-20T13:34:10.085203+00:00,4278073,Shai Gilgeous-Alexander,OKC,pra,UNDER,40.5,-125,0.5555555555555556,0.6217179082705564,0.9891816980539732,0.06616235271500082,0.11909223488700155,bovada,Bovada,2026-05-21T00:40:00Z,Oklahoma City Thunder,San Antonio Spurs,,,False
2026-05-20,2026-05-20T13:34:10.085203+00:00,5104157,Victor Wembanyama,SAS,pra,UNDER,42.5,-125,0.5555555555555556,0.620443447056063,0.9818990625425821,0.06488789150050744,0.11679820470091345,bovada,Bovada,2026-05-21T00:40:00Z,Oklahoma City Thunder,San Antonio Spurs,,,False
2026-05-20,2026-05-20T13:34:10.085203+00:00,4222252,Isaiah Hartenstein,OKC,pra,OVER,10.5,100,0.5,0.5581601246317242,0.8323435693241378,0.05816012463172415,0.1163202492634483,betonlineag,BetOnline.ag,2026-05-21T00:40:00Z,Oklahoma City Thunder,San Antonio Spurs,,,False
2026-05-20,2026-05-20T13:34:10.085203+00:00,4397020,Luguentz Dort,OKC,pra,OVER,9.5,-102,0.504950495049505,0.5562591162719099,0.8030931113698956,0.05130862122240498,0.1016111910482922,fanduel,FanDuel,2026-05-21T00:40:00Z,Oklahoma City Thunder,San Antonio Spurs,,,False
2026-05-20,2026-05-20T13:34:10.085203+00:00,4592479,Julian Champagnie,SAS,pra,OVER,15.5,-114,0.5327102803738317,0.5856619616379688,0.8680015965427321,0.052951681264137074,0.09940052447829228,fanduel,FanDuel,2026-05-21T00:40:00Z,Oklahoma City Thunder,San Antonio Spurs,,,False
2026-05-20,2026-05-20T13:34:10.085203+00:00,4592479,Julian Champagnie,SAS,pra,OVER,15.5,-114,0.5327102803738317,0.5856619616379688,0.8680015965427321,0.052951681264137074,0.09940052447829228,betonlineag,BetOnline.ag,2026-05-21T00:40:00Z,Oklahoma City Thunder,San Antonio Spurs,,,False
2026-05-20,2026-05-20T13:34:10.085203+00:00,4222252,Isaiah Hartenstein,OKC,pra,OVER,10.5,-108,0.5192307692307693,0.5706601246317241,0.8323435693241378,0.051429355400954835,0.09904912892035755,draftkings,DraftKings,2026-05-21T00:40:00Z,Oklahoma City Thunder,San Antonio Spurs,,,False
2026-05-20,2026-05-20T13:34:10.085203+00:00,4592479,Julian Champagnie,SAS,pra,OVER,15.5,-115,0.5348837209302325,0.5870746979996293,0.8680015965427321,0.05219097706939679,0.09757443539061128,betmgm,BetMGM,2026-05-21T00:40:00Z,Oklahoma City Thunder,San Antonio Spurs,,,False
2026-05-20,2026-05-20T13:34:10.085203+00:00,4592479,Julian Champagnie,SAS,pra,OVER,15.5,-115,0.5348837209302325,0.5870746979996293,0.8680015965427321,0.05219097706939679,0.09757443539061128,bovada,Bovada,2026-05-21T00:40:00Z,Oklahoma City Thunder,San Antonio Spurs,,,False
2026-05-20,2026-05-20T13:34:10.085203+00:00,4900671,Ajay Mitchell,OKC,pra,OVER,18.5,115,0.46511627906976744,0.5100089179989125,0.686761923448935,0.04489263892914502,0.09651917369766172,bovada,Bovada,2026-05-21T00:40:00Z,Oklahoma City Thunder,San Antonio Spurs,,,False
2026-05-20,2026-05-20T13:34:10.085203+00:00,4592479,Julian Champagnie,SAS,pra,OVER,15.5,-116,0.5370370370370371,0.5884743534690522,0.8680015965427321,0.0514373164320151,0.09577983059754547,draftkings,DraftKings,2026-05-21T00:40:00Z,Oklahoma City Thunder,San Antonio Spurs,,,False
2026-05-20,2026-05-20T13:34:10.085203+00:00,4397020,Luguentz Dort,OKC,pra,OVER,9.5,-105,0.5121951219512195,0.5609681237580244,0.8030931113698956,0.04877300180680488,0.09522347971804757,betonlineag,BetOnline.ag,2026-05-21T00:40:00Z,Oklahoma City Thunder,San Antonio Spurs,,,False
2026-05-20,2026-05-20T13:34:10.085203+00:00,4222252,Isaiah Hartenstein,OKC,pra,OVER,10.5,-110,0.5238095238095238,0.5736363151079146,0.8323435693241378,0.04982679129839074,0.09512387429692781,bovada,Bovada,2026-05-21T00:40:00Z,Oklahoma City Thunder,San Antonio Spurs,,,False
2026-05-20,2026-05-20T13:34:10.085203+00:00,2991350,Alex Caruso,OKC,pra,OVER,17.5,130,0.43478260869565216,0.47600830169299163,0.6051406059475299,0.04122569299733947,0.09481909389388088,bovada,Bovada,2026-05-21T00:40:00Z,Oklahoma City Thunder,San Antonio Spurs,,,False
2026-05-20,2026-05-20T13:34:10.085203+00:00,4683778,Jared McCain,OKC,pra,OVER,7.5,-110,0.5238095238095238,0.572459819591079,0.8256207377993632,0.04865029578155522,0.09287783740115085,betmgm,BetMGM,2026-05-21T00:40:00Z,Oklahoma City Thunder,San Antonio Spurs,,,False
2026-05-20,2026-05-20T13:34:10.085203+00:00,4278073,Shai Gilgeous-Alexander,OKC,pra,UNDER,41.5,-145,0.5918367346938775,0.6458718812161373,0.9924457352292388,0.054035146522259714,0.09130076481347332,bovada,Bovada,2026-05-21T00:40:00Z,Oklahoma City Thunder,San Antonio Spurs,,,False
2026-05-20,2026-05-20T13:34:10.085203+00:00,5104157,Victor Wembanyama,SAS,pra,UNDER,43.5,-145,0.5918367346938775,0.644925399374318,0.987037267561701,0.05308866468044049,0.08970153687384774,bovada,Bovada,2026-05-21T00:40:00Z,Oklahoma City Thunder,San Antonio Spurs,,,False
2026-05-20,2026-05-20T13:34:10.085203+00:00,4683692,Cason Wallace,OKC,pra,OVER,11.5,-103,0.5073891625615764,0.5518987130795187,0.7691186137971087,0.044509550517942253,0.08772270636060475,betonlineag,BetOnline.ag,2026-05-21T00:40:00Z,Oklahoma City Thunder,San Antonio Spurs,,,False
2026-05-20,2026-05-20T13:34:10.085203+00:00,4222252,Isaiah Hartenstein,OKC,pra,OVER,9.5,-122,0.5495495495495496,0.5968229234516801,0.8692326642541304,0.04727337390213049,0.08602204103502442,fanduel,FanDuel,2026-05-21T00:40:00Z,Oklahoma City Thunder,San Antonio Spurs,,,False
2026-05-20,2026-05-20T13:34:10.085203+00:00,5037871,Dylan Harper,SAS,pra,OVER,20.5,115,0.46511627906976744,0.5051117410052397,0.6587780549136621,0.039995461935472265,0.08599024316126536,bovada,Bovada,2026-05-21T00:40:00Z,Oklahoma City Thunder,San Antonio Spurs,,,False
2026-05-20,2026-05-20T13:34:10.085203+00:00,4683692,Cason Wallace,OKC,pra,OVER,11.5,-104,0.5098039215686274,0.5534683064341018,0.7691186137971087,0.043664384865474415,0.08564937031304587,draftkings,DraftKings,2026-05-21T00:40:00Z,Oklahoma City Thunder,San Antonio Spurs,,,False
2026-05-20,2026-05-20T13:34:10.085203+00:00,4397020,Luguentz Dort,OKC,pra,OVER,9.5,-110,0.5238095238095238,0.5685174849659222,0.8030931113698956,0.04470796115639841,0.0853515622076697,draftkings,DraftKings,2026-05-21T00:40:00Z,Oklahoma City Thunder,San Antonio Spurs,,,False
2026-05-20,2026-05-20T13:34:10.085203+00:00,4397020,Luguentz Dort,OKC,pra,OVER,9.5,-110,0.5238095238095238,0.5685174849659222,0.8030931113698956,0.04470796115639841,0.0853515622076697,betmgm,BetMGM,2026-05-21T00:40:00Z,Oklahoma City Thunder,San Antonio Spurs,,,False
2026-05-20,2026-05-20T13:34:10.085203+00:00,4397020,Luguentz Dort,OKC,pra,OVER,9.5,-110,0.5238095238095238,0.5685174849659222,0.8030931113698956,0.04470796115639841,0.0853515622076697,bovada,Bovada,2026-05-21T00:40:00Z,Oklahoma City Thunder,San Antonio Spurs,,,False
2026-05-20,2026-05-20T13:34:10.085203+00:00,4683692,Cason Wallace,OKC,pra,OVER,11.5,-105,0.5121951219512195,0.5550225866827867,0.7691186137971087,0.04282746473156718,0.08361552638067882,bovada,Bovada,2026-05-21T00:40:00Z,Oklahoma City Thunder,San Antonio Spurs,,,False
2026-05-20,2026-05-20T13:34:10.085203+00:00,4395723,Keldon Johnson,SAS,pra,UNDER,10.5,190,0.3448275862068966,0.37362764078606514,0.354226912866185,0.028800054579168566,0.08352015827958892,bovada,Bovada,2026-05-21T00:40:00Z,Oklahoma City Thunder,San Antonio Spurs,,,False
2026-05-20,2026-05-20T13:34:10.085203+00:00,4066259,De'Aaron Fox,SAS,pra,UNDER,20.5,160,0.38461538461538464,0.415185563934403,0.44391750819658826,0.030570179319018342,0.07948246622944777,bovada,Bovada,2026-05-21T00:40:00Z,Oklahoma City Thunder,San Antonio Spurs,,,False
2026-05-20,2026-05-20T13:34:10.085203+00:00,4900671,Ajay Mitchell,OKC,pra,OVER,17.5,-103,0.5073891625615764,0.5463529237243673,0.7374283889105291,0.03896376116279088,0.07679265549559766,betonlineag,BetOnline.ag,2026-05-21T00:40:00Z,Oklahoma City Thunder,San Antonio Spurs,,,False
2026-05-20,2026-05-20T13:34:10.085203+00:00,4683692,Cason Wallace,OKC,pra,OVER,11.5,-110,0.5238095238095238,0.5625719478906845,0.7691186137971087,0.03876242408116071,0.07400099142767047,betmgm,BetMGM,2026-05-21T00:40:00Z,Oklahoma City Thunder,San Antonio Spurs,,,False
2026-05-20,2026-05-20T13:34:10.085203+00:00,4900671,Ajay Mitchell,OKC,pra,OVER,17.5,-105,0.5121951219512195,0.5494767973276353,0.7374283889105291,0.0372816753764158,0.07278803287776414,betmgm,BetMGM,2026-05-21T00:40:00Z,Oklahoma City Thunder,San Antonio Spurs,,,False
2026-05-20,2026-05-20T13:34:10.085203+00:00,4845367,Stephon Castle,SAS,pra,UNDER,26.5,130,0.43478260869565216,0.4654710684386773,0.5449278444943051,0.030688459743025143,0.07058345740895788,bovada,Bovada,2026-05-21T00:40:00Z,Oklahoma City Thunder,San Antonio Spurs,,,False
2026-05-20,2026-05-20T13:34:10.085203+00:00,4432823,Jaylin Williams,OKC,pra,OVER,6.5,100,0.5,0.534050044464444,0.6945716826539658,0.03405004446444404,0.06810008892888808,betmgm,BetMGM,2026-05-21T00:40:00Z,Oklahoma City Thunder,San Antonio Spurs,,,False
2026-05-20,2026-05-20T13:34:10.085203+00:00,4395630,Devin Vassell,SAS,pra,OVER,19.5,115,0.46511627906976744,0.4965175282237539,0.609668267590886,0.031401249153986455,0.06751268568107083,bovada,Bovada,2026-05-21T00:40:00Z,Oklahoma City Thunder,San Antonio Spurs,,,False
2026-05-20,2026-05-20T13:34:10.085203+00:00,4900671,Ajay Mitchell,OKC,pra,OVER,17.5,-108,0.5192307692307693,0.5540499680593426,0.7374283889105291,0.03481919882857332,0.06705919774391911,draftkings,DraftKings,2026-05-21T00:40:00Z,Oklahoma City Thunder,San Antonio Spurs,,,False
2026-05-20,2026-05-20T13:34:10.085203+00:00,4900671,Ajay Mitchell,OKC,pra,OVER,17.5,-110,0.5238095238095238,0.5570261585355331,0.7374283889105291,0.03321663472600922,0.06341357538601766,bovada,Bovada,2026-05-21T00:40:00Z,Oklahoma City Thunder,San Antonio Spurs,,,False
2026-05-20,2026-05-20T13:34:10.085203+00:00,2991350,Alex Caruso,OKC,pra,OVER,15.5,-105,0.5121951219512195,0.543985668187234,0.7060505081082364,0.031790546236014516,0.062067256936980675,betmgm,BetMGM,2026-05-21T00:40:00Z,Oklahoma City Thunder,San Antonio Spurs,,,False
2026-05-20,2026-05-20T13:34:10.085203+00:00,4592479,Julian Champagnie,SAS,pra,OVER,14.5,-150,0.6,0.6338680799968647,0.8935318856963699,0.0338680799968647,0.05644679999477442,bovada,Bovada,2026-05-21T00:40:00Z,Oklahoma City Thunder,San Antonio Spurs,,,False
2026-05-20,2026-05-20T13:34:10.085203+00:00,2991350,Alex Caruso,OKC,pra,OVER,16.5,100,0.5,0.5274743702151072,0.6569964012291843,0.027474370215107236,0.05494874043021447,bovada,Bovada,2026-05-21T00:40:00Z,Oklahoma City Thunder,San Antonio Spurs,,,False
2026-05-20,2026-05-20T13:34:10.085203+00:00,5037871,Dylan Harper,SAS,pra,OVER,19.5,-110,0.5238095238095238,0.5523440338975498,0.7106733909791965,0.02853451008802599,0.05447497380441324,bovada,Bovada,2026-05-21T00:40:00Z,Oklahoma City Thunder,San Antonio Spurs,,,False
2026-05-20,2026-05-20T13:34:10.085203+00:00,4066259,De'Aaron Fox,SAS,pra,UNDER,21.5,130,0.43478260869565216,0.4570688847431052,0.4969153662338931,0.022286276047453035,0.05125843490914206,bovada,Bovada,2026-05-21T00:40:00Z,Oklahoma City Thunder,San Antonio Spurs,,,False
2026-05-20,2026-05-20T13:34:10.085203+00:00,4845367,Stephon Castle,SAS,pra,UNDER,27.5,110,0.47619047619047616,0.50055312917581,0.5915961122971456,0.0243626529853338,0.051161571269200956,bovada,Bovada,2026-05-21T00:40:00Z,Oklahoma City Thunder,San Antonio Spurs,,,False
2026-05-20,2026-05-20T13:34:10.085203+00:00,5037871,Dylan Harper,SAS,pra,OVER,19.5,-112,0.5283018867924528,0.5552640698364537,0.7106733909791965,0.026962183044000887,0.051035560761858834,fanduel,FanDuel,2026-05-21T00:40:00Z,Oklahoma City Thunder,San Antonio Spurs,,,False
2026-05-20,2026-05-20T13:34:10.085203+00:00,5037871,Dylan Harper,SAS,pra,OVER,19.5,-112,0.5283018867924528,0.5552640698364537,0.7106733909791965,0.026962183044000887,0.051035560761858834,draftkings,DraftKings,2026-05-21T00:40:00Z,Oklahoma City Thunder,San Antonio Spurs,,,False
2026-05-20,2026-05-20T13:34:10.085203+00:00,2991350,Alex Caruso,OKC,pra,OVER,16.5,-102,0.504950495049505,0.5306921919972855,0.6569964012291843,0.0257416969477805,0.050978654739722185,fanduel,FanDuel,2026-05-21T00:40:00Z,Oklahoma City Thunder,San Antonio Spurs,,,False
2026-05-20,2026-05-20T13:34:10.085203+00:00,4222252,Isaiah Hartenstein,OKC,pra,OVER,9.5,-150,0.6,0.6296157162444728,0.8692326642541304,0.02961571624447279,0.04935952707412128,bovada,Bovada,2026-05-21T00:40:00Z,Oklahoma City Thunder,San Antonio Spurs,,,False
2026-05-20,2026-05-20T13:34:10.085203+00:00,5037871,Dylan Harper,SAS,pra,OVER,19.5,-114,0.5327102803738317,0.55812952566435,0.7106733909791965,0.02541924529051831,0.047716828878692163,betonlineag,BetOnline.ag,2026-05-21T00:40:00Z,Oklahoma City Thunder,San Antonio Spurs,,,False
2026-05-20,2026-05-20T13:34:10.085203+00:00,5037871,Dylan Harper,SAS,pra,OVER,18.5,-125,0.5555555555555556,0.5813535154614183,0.7585280248588986,0.025797959905862755,0.046436327830553015,betmgm,BetMGM,2026-05-21T00:40:00Z,Oklahoma City Thunder,San Antonio Spurs,,,False
2026-05-20,2026-05-20T13:34:10.085203+00:00,4593803,Jalen Williams,OKC,pra,UNDER,24.5,140,0.4166666666666667,0.4358561583985583,0.44298757180128545,0.019189491731891606,0.046054780156539854,bovada,Bovada,2026-05-21T00:40:00Z,Oklahoma City Thunder,San Antonio Spurs,,,False
2026-05-20,2026-05-20T13:34:10.085203+00:00,4395723,Keldon Johnson,SAS,pra,UNDER,11.5,145,0.40816326530612246,0.4266491398484236,0.4219600994253945,0.01848587454230116,0.045290392628637766,bovada,Bovada,2026-05-21T00:40:00Z,Oklahoma City Thunder,San Antonio Spurs,,,False
2026-05-20,2026-05-20T13:34:10.085203+00:00,3064560,Luke Kornet,SAS,pra,OVER,5.5,-120,0.5454545454545454,0.5697521033938552,0.7297522791337179,0.024297557939309766,0.044545522888734534,betmgm,BetMGM,2026-05-21T00:40:00Z,Oklahoma City Thunder,San Antonio Spurs,,,False
2026-05-20,2026-05-20T13:34:10.085203+00:00,4397020,Luguentz Dort,OKC,pra,OVER,8.5,-150,0.6,0.6254791058425605,0.8455948905289175,0.025479105842560523,0.0424651764042675,bovada,Bovada,2026-05-21T00:40:00Z,Oklahoma City Thunder,San Antonio Spurs,,,False
2026-05-20,2026-05-20T13:34:10.085203+00:00,4900671,Ajay Mitchell,OKC,pra,OVER,16.5,-135,0.574468085106383,0.598022588255102,0.7835333310625892,0.023554503148718986,0.04100228325888128,bovada,Bovada,2026-05-21T00:40:00Z,Oklahoma City Thunder,San Antonio Spurs,,,False
2026-05-20,2026-05-20T13:34:10.085203+00:00,4683692,Cason Wallace,OKC,pra,OVER,10.5,-145,0.5918367346938775,0.614262399684206,0.8118201264753462,0.022425664990328498,0.03789164084572749,bovada,Bovada,2026-05-21T00:40:00Z,Oklahoma City Thunder,San Antonio Spurs,,,False
2026-05-20,2026-05-20T13:34:10.085203+00:00,4395630,Devin Vassell,SAS,pra,OVER,18.5,-110,0.5238095238095238,0.5434263804179934,0.6597153710960166,0.01961685660846957,0.037450362616169186,draftkings,DraftKings,2026-05-21T00:40:00Z,Oklahoma City Thunder,San Antonio Spurs,,,False
2026-05-20,2026-05-20T13:34:10.085203+00:00,4395630,Devin Vassell,SAS,pra,OVER,18.5,-110,0.5238095238095238,0.5434263804179934,0.6597153710960166,0.01961685660846957,0.037450362616169186,bovada,Bovada,2026-05-21T00:40:00Z,Oklahoma City Thunder,San Antonio Spurs,,,False
2026-05-20,2026-05-20T13:34:10.085203+00:00,4433255,Chet Holmgren,OKC,pra,OVER,25.5,120,0.45454545454545453,0.4697597819143469,0.49602992262743695,0.015214327368892389,0.03347152021156319,bovada,Bovada,2026-05-21T00:40:00Z,Oklahoma City Thunder,San Antonio Spurs,,,False
2026-05-20,2026-05-20T13:34:10.085203+00:00,5037871,Dylan Harper,SAS,pra,OVER,18.5,-135,0.574468085106383,0.5936466596694562,0.7585280248588986,0.019178574563073147,0.033384926091275524,bovada,Bovada,2026-05-21T00:40:00Z,Oklahoma City Thunder,San Antonio Spurs,,,False
2026-05-20,2026-05-20T13:34:10.085203+00:00,2991350,Alex Caruso,OKC,pra,OVER,15.5,-123,0.5515695067264574,0.5695790182911387,0.7060505081082364,0.018009511564681224,0.03265139088556035,draftkings,DraftKings,2026-05-21T00:40:00Z,Oklahoma City Thunder,San Antonio Spurs,,,False
2026-05-20,2026-05-20T13:34:10.085203+00:00,4845367,Stephon Castle,SAS,pra,UNDER,28.5,-109,0.5215311004784688,0.5379700622040927,0.6369991251033598,0.01643896172562387,0.031520577987664056,draftkings,DraftKings,2026-05-21T00:40:00Z,Oklahoma City Thunder,San Antonio Spurs,,,False
2026-05-20,2026-05-20T13:34:10.085203+00:00,4395630,Devin Vassell,SAS,pra,OVER,18.5,-114,0.5327102803738317,0.5492118721847935,0.6597153710960166,0.01650159181096178,0.030976672346893053,betonlineag,BetOnline.ag,2026-05-21T00:40:00Z,Oklahoma City Thunder,San Antonio Spurs,,,False
2026-05-20,2026-05-20T13:34:10.085203+00:00,5061568,Carter Bryant,SAS,pra,OVER,6.5,-118,0.5412844036697247,0.5578556470448981,0.6772616266261544,0.01657124337517335,0.03061466996430323,betmgm,BetMGM,2026-05-21T00:40:00Z,Oklahoma City Thunder,San Antonio Spurs,,,False
2026-05-20,2026-05-20T13:34:10.085203+00:00,2991350,Alex Caruso,OKC,pra,OVER,15.5,-125,0.5555555555555556,0.5721699500300526,0.7060505081082364,0.016614394474496974,0.029905910054094598,bovada,Bovada,2026-05-21T00:40:00Z,Oklahoma City Thunder,San Antonio Spurs,,,False
2026-05-20,2026-05-20T13:34:10.085203+00:00,4845367,Stephon Castle,SAS,pra,UNDER,28.5,-110,0.5238095238095238,0.5394510373692785,0.6369991251033598,0.015641513559754627,0.0298610713413498,bovada,Bovada,2026-05-21T00:40:00Z,Oklahoma City Thunder,San Antonio Spurs,,,False
2026-05-20,2026-05-20T13:34:10.085203+00:00,4066259,De'Aaron Fox,SAS,pra,UNDER,22.5,105,0.4878048780487805,0.5008175380389698,0.5499678131843571,0.013012659990189301,0.026675952979888118,bovada,Bovada,2026-05-21T00:40:00Z,Oklahoma City Thunder,San Antonio Spurs,,,False
2026-05-20,2026-05-20T13:34:10.085203+00:00,4593803,Jalen Williams,OKC,pra,UNDER,25.5,115,0.46511627906976744,0.4763989633359955,0.4947050396608381,0.011282684266228082,0.024257771172390363,bovada,Bovada,2026-05-21T00:40:00Z,Oklahoma City Thunder,San Antonio Spurs,,,False
2026-05-20,2026-05-20T13:34:10.085203+00:00,4845367,Stephon Castle,SAS,pra,UNDER,28.5,-114,0.5327102803738317,0.5452365291360786,0.6369991251033598,0.012526248762246839,0.023514186272989568,fanduel,FanDuel,2026-05-21T00:40:00Z,Oklahoma City Thunder,San Antonio Spurs,,,False
2026-05-20,2026-05-20T13:34:10.085203+00:00,4845367,Stephon Castle,SAS,pra,UNDER,28.5,-114,0.5327102803738317,0.5452365291360786,0.6369991251033598,0.012526248762246839,0.023514186272989568,betonlineag,BetOnline.ag,2026-05-21T00:40:00Z,Oklahoma City Thunder,San Antonio Spurs,,,False
2026-05-20,2026-05-20T13:34:10.085203+00:00,2991350,Alex Caruso,OKC,pra,OVER,15.5,-130,0.5652173913043478,0.5784501432667675,0.7060505081082364,0.013232751962419687,0.023411791933511727,betonlineag,BetOnline.ag,2026-05-21T00:40:00Z,Oklahoma City Thunder,San Antonio Spurs,,,False
2026-05-20,2026-05-20T13:34:10.085203+00:00,4592479,Julian Champagnie,SAS,pra,OVER,13.5,-200,0.6666666666666666,0.6810090872048256,0.9152900221228131,0.014342420538158929,0.021513630807238338,bovada,Bovada,2026-05-21T00:40:00Z,Oklahoma City Thunder,San Antonio Spurs,,,False
2026-05-20,2026-05-20T13:34:10.085203+00:00,4395630,Devin Vassell,SAS,pra,OVER,17.5,-135,0.574468085106383,0.584645908378834,0.7070951603410576,0.010177823272450981,0.01771695162241471,bovada,Bovada,2026-05-21T00:40:00Z,Oklahoma City Thunder,San Antonio Spurs,,,False
2026-05-20,2026-05-20T13:34:10.085203+00:00,4845367,Stephon Castle,SAS,pra,UNDER,28.5,-118,0.5412844036697247,0.550809709278409,0.6369991251033598,0.009525305608684254,0.01759759849739967,betmgm,BetMGM,2026-05-21T00:40:00Z,Oklahoma City Thunder,San Antonio Spurs,,,False
2026-05-20,2026-05-20T13:34:10.085203+00:00,4845367,Stephon Castle,SAS,pra,UNDER,29.5,-130,0.5652173913043478,0.5739880553124163,0.6805528626548014,0.008770664008068474,0.015517328629659544,bovada,Bovada,2026-05-21T00:40:00Z,Oklahoma City Thunder,San Antonio Spurs,,,False
2026-05-20,2026-05-20T13:34:10.085203+00:00,4395630,Devin Vassell,SAS,pra,OVER,18.5,-125,0.5555555555555556,0.5640613010529141,0.6597153710960166,0.008505745497358497,0.015310341895245383,fanduel,FanDuel,2026-05-21T00:40:00Z,Oklahoma City Thunder,San Antonio Spurs,,,False
2026-05-20,2026-05-20T13:34:10.085203+00:00,4395630,Devin Vassell,SAS,pra,OVER,18.5,-125,0.5555555555555556,0.5640613010529141,0.6597153710960166,0.008505745497358497,0.015310341895245383,betmgm,BetMGM,2026-05-21T00:40:00Z,Oklahoma City Thunder,San Antonio Spurs,,,False
2026-05-20,2026-05-20T13:34:10.085203+00:00,4395723,Keldon Johnson,SAS,pra,UNDER,12.5,110,0.47619047619047616,0.483139480664203,0.492089549373677,0.006949004473726816,0.01459290939482627,bovada,Bovada,2026-05-21T00:40:00Z,Oklahoma City Thunder,San Antonio Spurs,,,False
2026-05-20,2026-05-20T13:34:10.085203+00:00,5037871,Dylan Harper,SAS,pra,OVER,17.5,-170,0.6296296296296297,0.637061087816808,0.8017247346145644,0.007431458187178386,0.011802904179636309,bovada,Bovada,2026-05-21T00:40:00Z,Oklahoma City Thunder,San Antonio Spurs,,,False
2026-05-20,2026-05-20T13:34:10.085203+00:00,4222252,Isaiah Hartenstein,OKC,pra,OVER,8.5,-210,0.6774193548387096,0.6853386435450259,0.9000917879992266,0.007919288706316308,0.01169037856646682,bovada,Bovada,2026-05-21T00:40:00Z,Oklahoma City Thunder,San Antonio Spurs,,,False
2026-05-20,2026-05-20T13:34:10.085203+00:00,4900671,Ajay Mitchell,OKC,pra,OVER,15.5,-180,0.6428571428571429,0.6496570802220396,0.8245710706565527,0.006799937364896702,0.010577680345394969,bovada,Bovada,2026-05-21T00:40:00Z,Oklahoma City Thunder,San Antonio Spurs,,,False
2026-05-20,2026-05-20T13:34:10.085203+00:00,4593803,Jalen Williams,OKC,pra,UNDER,27.5,-114,0.5327102803738317,0.5383308026698853,0.597537831010827,0.005620522296053587,0.01055080501188993,fanduel,FanDuel,2026-05-21T00:40:00Z,Oklahoma City Thunder,San Antonio Spurs,,,False
2026-05-20,2026-05-20T13:34:10.085203+00:00,4683692,Cason Wallace,OKC,pra,OVER,9.5,-190,0.6551724137931034,0.6619839959314278,0.849268154090917,0.006811582138324335,0.010396625369021306,bovada,Bovada,2026-05-21T00:40:00Z,Oklahoma City Thunder,San Antonio Spurs,,,False
2026-05-20,2026-05-20T13:34:10.085203+00:00,4066259,De'Aaron Fox,SAS,pra,UNDER,22.5,-105,0.5121951219512195,0.5166711965755552,0.5499678131843571,0.004476074624335635,0.008739002837988619,fanatics,Fanatics,2026-05-21T00:40:00Z,Oklahoma City Thunder,San Antonio Spurs,,,False
2026-05-20,2026-05-20T13:34:10.085203+00:00,4433255,Chet Holmgren,OKC,pra,OVER,24.5,-105,0.5121951219512195,0.5163532557322352,0.548151008365386,0.004158133781015705,0.008118261191506826,bovada,Bovada,2026-05-21T00:40:00Z,Oklahoma City Thunder,San Antonio Spurs,,,False
2026-05-20,2026-05-20T13:34:10.085203+00:00,4593803,Jalen Williams,OKC,pra,UNDER,26.5,-105,0.5121951219512195,0.5160663977851254,0.5465118200961872,0.003871275833905896,0.007558205199530543,bovada,Bovada,2026-05-21T00:40:00Z,Oklahoma City Thunder,San Antonio Spurs,,,False
2026-05-20,2026-05-20T13:34:10.085203+00:00,4433255,Chet Holmgren,OKC,pra,OVER,24.5,-106,0.5145631067961165,0.5178924458814183,0.548151008365386,0.0033293390853017524,0.0064702250148316875,betonlineag,BetOnline.ag,2026-05-21T00:40:00Z,Oklahoma City Thunder,San Antonio Spurs,,,False
2026-05-20,2026-05-20T13:34:10.085203+00:00,2991350,Alex Caruso,OKC,pra,OVER,14.5,-160,0.6153846153846154,0.6190274216104047,0.7515852663451693,0.0036428062257892746,0.005919560116907641,bovada,Bovada,2026-05-21T00:40:00Z,Oklahoma City Thunder,San Antonio Spurs,,,False
2026-05-20,2026-05-20T13:34:10.085203+00:00,4395723,Keldon Johnson,SAS,pra,UNDER,13.5,-110,0.5238095238095238,0.526407576181396,0.5624650611726032,0.0025980523718721615,0.004959918164483268,betmgm,BetMGM,2026-05-21T00:40:00Z,Oklahoma City Thunder,San Antonio Spurs,,,False
2026-05-20,2026-05-20T13:34:10.085203+00:00,4066259,De'Aaron Fox,SAS,pra,UNDER,23.5,-120,0.5454545454545454,0.5474200822386274,0.6021407296752732,0.001965536784081956,0.0036034841041501786,bovada,Bovada,2026-05-21T00:40:00Z,Oklahoma City Thunder,San Antonio Spurs,,,False
2026-05-20,2026-05-20T13:34:10.085203+00:00,4593803,Jalen Williams,OKC,pra,UNDER,27.5,-120,0.5454545454545454,0.5466145749723492,0.597537831010827,0.0011600295178038067,0.0021267207826402568,betonlineag,BetOnline.ag,2026-05-21T00:40:00Z,Oklahoma City Thunder,San Antonio Spurs,,,False
2026-05-20,2026-05-20T13:34:10.085203+00:00,4397020,Luguentz Dort,OKC,pra,OVER,7.5,-220,0.6875,0.6886445577195317,0.8815403298258953,0.0011445577195317025,0.0016648112284097238,bovada,Bovada,2026-05-21T00:40:00Z,Oklahoma City Thunder,San Antonio Spurs,,,False
2026-05-20,2026-05-20T13:34:10.085203+00:00,4066259,De'Aaron Fox,SAS,pra,UNDER,23.5,-122,0.5495495495495496,0.5500818349003801,0.6021407296752732,0.000532285350830497,0.0009685848187244717,draftkings,DraftKings,2026-05-21T00:40:00Z,Oklahoma City Thunder,San Antonio Spurs,,,False
2026-05-20,2026-05-20T13:34:10.085203+00:00,4066259,De'Aaron Fox,SAS,pra,UNDER,22.5,-110,0.5238095238095238,0.524220557783453,0.5499678131843571,0.00041103397392916463,0.0007847012229557082,betmgm,BetMGM,2026-05-21T00:40:00Z,Oklahoma City Thunder,San Antonio Spurs,,,False
2026-05-20,2026-05-20T13:34:10.085203+00:00,4433255,Chet Holmgren,OKC,pra,OVER,24.5,-110,0.5238095238095238,0.5239026169401331,0.548151008365386,9.309313060923419e-05,0.0001777232493449521,fanduel,FanDuel,2026-05-21T00:40:00Z,Oklahoma City Thunder,San Antonio Spurs,,,False
2026-05-20,2026-05-20T13:34:10.085203+00:00,4278073,Shai Gilgeous-Alexander,OKC,pts,UNDER,23.5,215,0.31746031746031744,0.6880706312889582,0.9179347361976848,0.37061031382864074,1.1674224885602182,bovada,Bovada,2026-05-21T00:40:00Z,Oklahoma City Thunder,San Antonio Spurs,,,False
2026-05-20,2026-05-20T13:34:10.085203+00:00,4278073,Shai Gilgeous-Alexander,OKC,pts,UNDER,24.5,175,0.36363636363636365,0.6975081702098913,0.9389070449108695,0.33387180657352766,0.918147468077201,bovada,Bovada,2026-05-21T00:40:00Z,Oklahoma City Thunder,San Antonio Spurs,,,False
2026-05-20,2026-05-20T13:34:10.085203+00:00,5104157,Victor Wembanyama,SAS,pts,UNDER,21.5,175,0.36363636363636365,0.665515197285061,0.867811549522358,0.3018788336486974,0.8301667925339178,bovada,Bovada,2026-05-21T00:40:00Z,Oklahoma City Thunder,San Antonio Spurs,,,False
2026-05-20,2026-05-20T13:34:10.085203+00:00,4278073,Shai Gilgeous-Alexander,OKC,pts,UNDER,25.5,145,0.40816326530612246,0.7049461145923537,0.9554358102052303,0.2967828492862312,0.7271179807512664,bovada,Bovada,2026-05-21T00:40:00Z,Oklahoma City Thunder,San Antonio Spurs,,,False
2026-05-20,2026-05-20T13:34:10.085203+00:00,4592479,Julian Champagnie,SAS,pts,OVER,11.5,180,0.35714285714285715,0.6117835431233971,0.7484078736075492,0.25464068598053996,0.712993920745512,bovada,Bovada,2026-05-21T00:40:00Z,Oklahoma City Thunder,San Antonio Spurs,,,False
2026-05-20,2026-05-20T13:34:10.085203+00:00,5104157,Victor Wembanyama,SAS,pts,UNDER,22.5,145,0.40816326530612246,0.6800506240313599,0.9001124978474663,0.2718873587252374,0.6661240288768316,bovada,Bovada,2026-05-21T00:40:00Z,Oklahoma City Thunder,San Antonio Spurs,,,False
2026-05-20,2026-05-20T13:34:10.085203+00:00,4683692,Cason Wallace,OKC,pts,OVER,8.5,170,0.37037037037037035,0.5663394697593966,0.6474210439097704,0.1959690993890263,0.5291165683503709,bovada,Bovada,2026-05-21T00:40:00Z,Oklahoma City Thunder,San Antonio Spurs,,,False
2026-05-20,2026-05-20T13:34:10.085203+00:00,4278073,Shai Gilgeous-Alexander,OKC,pts,UNDER,26.5,115,0.46511627906976744,0.7106703952457079,0.9681564338793509,0.24555411617594042,0.5279413497782718,bovada,Bovada,2026-05-21T00:40:00Z,Oklahoma City Thunder,San Antonio Spurs,,,False
2026-05-20,2026-05-20T13:34:10.085203+00:00,4397020,Luguentz Dort,OKC,pts,OVER,7.5,170,0.37037037037037035,0.5560701773163702,0.6246003940363783,0.18569980694599986,0.5013894787541995,bovada,Bovada,2026-05-21T00:40:00Z,Oklahoma City Thunder,San Antonio Spurs,,,False
2026-05-20,2026-05-20T13:34:10.085203+00:00,5104157,Victor Wembanyama,SAS,pts,UNDER,23.5,115,0.46511627906976744,0.6918037812177572,0.9262306249283493,0.22668750214798977,0.48737812961817795,bovada,Bovada,2026-05-21T00:40:00Z,Oklahoma City Thunder,San Antonio Spurs,,,False
2026-05-20,2026-05-20T13:34:10.085203+00:00,4592479,Julian Champagnie,SAS,pts,OVER,10.5,135,0.425531914893617,0.6321824579341118,0.7937387954091374,0.20665054304049474,0.48562877614516275,bovada,Bovada,2026-05-21T00:40:00Z,Oklahoma City Thunder,San Antonio Spurs,,,False
2026-05-20,2026-05-20T13:34:10.085203+00:00,4395630,Devin Vassell,SAS,pts,OVER,14.5,200,0.3333333333333333,0.48729333725167107,0.47176297167038017,0.15396000391833775,0.46188001175501314,bovada,Bovada,2026-05-21T00:40:00Z,Oklahoma City Thunder,San Antonio Spurs,,,False
2026-05-20,2026-05-20T13:34:10.085203+00:00,2991350,Alex Caruso,OKC,pts,OVER,12.5,175,0.36363636363636365,0.5201792315242336,0.5448427367205191,0.15654286788786997,0.43049288669164243,bovada,Bovada,2026-05-21T00:40:00Z,Oklahoma City Thunder,San Antonio Spurs,,,False
2026-05-20,2026-05-20T13:34:10.085203+00:00,4900671,Ajay Mitchell,OKC,pts,OVER,13.5,190,0.3448275862068966,0.48841287533946826,0.4742508340877072,0.14358528913257168,0.4163973384844579,bovada,Bovada,2026-05-21T00:40:00Z,Oklahoma City Thunder,San Antonio Spurs,,,False
2026-05-20,2026-05-20T13:34:10.085203+00:00,4222252,Isaiah Hartenstein,OKC,pts,OVER,5.5,150,0.4,0.559259050473782,0.6316867788306266,0.15925905047378197,0.398147626184455,bovada,Bovada,2026-05-21T00:40:00Z,Oklahoma City Thunder,San Antonio Spurs,,,False
2026-05-20,2026-05-20T13:34:10.085203+00:00,4278073,Shai Gilgeous-Alexander,OKC,pts,UNDER,27.5,-105,0.5121951219512195,0.714972319209026,0.9777162649089467,0.20277719725780652,0.3958983375033365,bovada,Bovada,2026-05-21T00:40:00Z,Oklahoma City Thunder,San Antonio Spurs,,,False
2026-05-20,2026-05-20T13:34:10.085203+00:00,5104157,Victor Wembanyama,SAS,pts,UNDER,24.5,-105,0.5121951219512195,0.7010492453108125,0.9467761006906943,0.18885412335959295,0.368715193225872,draftkings,DraftKings,2026-05-21T00:40:00Z,Oklahoma City Thunder,San Antonio Spurs,,,False
2026-05-20,2026-05-20T13:34:10.085203+00:00,5104157,Victor Wembanyama,SAS,pts,UNDER,24.5,-105,0.5121951219512195,0.7010492453108125,0.9467761006906943,0.18885412335959295,0.368715193225872,bovada,Bovada,2026-05-21T00:40:00Z,Oklahoma City Thunder,San Antonio Spurs,,,False
2026-05-20,2026-05-20T13:34:10.085203+00:00,4593803,Jalen Williams,OKC,pts,UNDER,14.5,185,0.3508771929824561,0.47957495753064633,0.45461101673476967,0.1286977645481902,0.366788628962342,bovada,Bovada,2026-05-21T00:40:00Z,Oklahoma City Thunder,San Antonio Spurs,,,False
2026-05-20,2026-05-20T13:34:10.085203+00:00,5104157,Victor Wembanyama,SAS,pts,UNDER,24.5,-107,0.5169082125603864,0.7010492453108125,0.9467761006906943,0.18414103275042604,0.3562354558816653,williamhill_us,Caesars,2026-05-21T00:40:00Z,Oklahoma City Thunder,San Antonio Spurs,,,False
2026-05-20,2026-05-20T13:34:10.085203+00:00,4433255,Chet Holmgren,OKC,pts,OVER,16.5,190,0.3448275862068966,0.4646988829190677,0.4215530731534838,0.11987129671217112,0.3476267604652963,bovada,Bovada,2026-05-21T00:40:00Z,Oklahoma City Thunder,San Antonio Spurs,,,False
2026-05-20,2026-05-20T13:34:10.085203+00:00,5104157,Victor Wembanyama,SAS,pts,UNDER,24.5,-110,0.5238095238095238,0.7010492453108125,0.9467761006906943,0.17723972150128864,0.33836674104791475,betonlineag,BetOnline.ag,2026-05-21T00:40:00Z,Oklahoma City Thunder,San Antonio Spurs,,,False
2026-05-20,2026-05-20T13:34:10.085203+00:00,4683692,Cason Wallace,OKC,pts,OVER,7.5,125,0.4444444444444444,0.5929653083451634,0.7065895741003629,0.14852086390071895,0.3341719437766175,bovada,Bovada,2026-05-21T00:40:00Z,Oklahoma City Thunder,San Antonio Spurs,,,False
2026-05-20,2026-05-20T13:34:10.085203+00:00,5104157,Victor Wembanyama,SAS,pts,UNDER,24.5,-115,0.5348837209302325,0.7010492453108125,0.9467761006906943,0.16616552438057997,0.310657284711519,fanatics,Fanatics,2026-05-21T00:40:00Z,Oklahoma City Thunder,San Antonio Spurs,,,False
2026-05-20,2026-05-20T13:34:10.085203+00:00,4395630,Devin Vassell,SAS,pts,OVER,13.5,155,0.39215686274509803,0.5138740780868731,0.5308312846374957,0.1217172153417751,0.3103788991215265,bovada,Bovada,2026-05-21T00:40:00Z,Oklahoma City Thunder,San Antonio Spurs,,,False
2026-05-20,2026-05-20T13:34:10.085203+00:00,5037871,Dylan Harper,SAS,pts,OVER,14.5,175,0.36363636363636365,0.474513345522149,0.4433629900492201,0.11087698188578538,0.30491170018590985,bovada,Bovada,2026-05-21T00:40:00Z,Oklahoma City Thunder,San Antonio Spurs,,,False
2026-05-20,2026-05-20T13:34:10.085203+00:00,4278073,Shai Gilgeous-Alexander,OKC,pts,UNDER,28.5,-123,0.5515695067264574,0.7181293466276134,0.9847318813946965,0.16655983990115597,0.30197434388583566,draftkings,DraftKings,2026-05-21T00:40:00Z,Oklahoma City Thunder,San Antonio Spurs,,,False
2026-05-20,2026-05-20T13:34:10.085203+00:00,4592479,Julian Champagnie,SAS,pts,OVER,9.5,100,0.5,0.6502264549888619,0.8338365666419152,0.1502264549888619,0.3004529099777238,betonlineag,BetOnline.ag,2026-05-21T00:40:00Z,Oklahoma City Thunder,San Antonio Spurs,,,False
2026-05-20,2026-05-20T13:34:10.085203+00:00,4592479,Julian Champagnie,SAS,pts,OVER,9.5,100,0.5,0.6502264549888619,0.8338365666419152,0.1502264549888619,0.3004529099777238,bovada,Bovada,2026-05-21T00:40:00Z,Oklahoma City Thunder,San Antonio Spurs,,,False
2026-05-20,2026-05-20T13:34:10.085203+00:00,4278073,Shai Gilgeous-Alexander,OKC,pts,UNDER,28.5,-124,0.5535714285714286,0.7181293466276134,0.9847318813946965,0.1645579180561848,0.2972659164885919,williamhill_us,Caesars,2026-05-21T00:40:00Z,Oklahoma City Thunder,San Antonio Spurs,,,False
2026-05-20,2026-05-20T13:34:10.085203+00:00,4592479,Julian Champagnie,SAS,pts,OVER,9.5,-101,0.5024875621890548,0.6502264549888619,0.8338365666419152,0.14773889279980712,0.2940150242847648,draftkings,DraftKings,2026-05-21T00:40:00Z,Oklahoma City Thunder,San Antonio Spurs,,,False
2026-05-20,2026-05-20T13:34:10.085203+00:00,4278073,Shai Gilgeous-Alexander,OKC,pts,UNDER,28.5,-125,0.5555555555555556,0.7181293466276134,0.9847318813946965,0.16257379107205783,0.29263282392970413,betmgm,BetMGM,2026-05-21T00:40:00Z,Oklahoma City Thunder,San Antonio Spurs,,,False
2026-05-20,2026-05-20T13:34:10.085203+00:00,4278073,Shai Gilgeous-Alexander,OKC,pts,UNDER,28.5,-125,0.5555555555555556,0.7181293466276134,0.9847318813946965,0.16257379107205783,0.29263282392970413,bovada,Bovada,2026-05-21T00:40:00Z,Oklahoma City Thunder,San Antonio Spurs,,,False
2026-05-20,2026-05-20T13:34:10.085203+00:00,4397020,Luguentz Dort,OKC,pts,OVER,6.5,120,0.45454545454545453,0.5874928312239548,0.6944285138310107,0.13294737667850026,0.2924842286927005,bovada,Bovada,2026-05-21T00:40:00Z,Oklahoma City Thunder,San Antonio Spurs,,,False
2026-05-20,2026-05-20T13:34:10.085203+00:00,5104157,Victor Wembanyama,SAS,pts,UNDER,24.5,-120,0.5454545454545454,0.7010492453108125,0.9467761006906943,0.15559469985626706,0.2852569497364895,fanduel,FanDuel,2026-05-21T00:40:00Z,Oklahoma City Thunder,San Antonio Spurs,,,False
2026-05-20,2026-05-20T13:34:10.085203+00:00,4278073,Shai Gilgeous-Alexander,OKC,pts,UNDER,28.5,-127,0.5594713656387665,0.7181293466276134,0.9847318813946965,0.15865798098884687,0.28358552507455315,betonlineag,BetOnline.ag,2026-05-21T00:40:00Z,Oklahoma City Thunder,San Antonio Spurs,,,False
2026-05-20,2026-05-20T13:34:10.085203+00:00,5104157,Victor Wembanyama,SAS,pts,UNDER,25.5,-125,0.5555555555555556,0.7081246339805642,0.962499186623476,0.15256907842500866,0.27462434116501566,betmgm,BetMGM,2026-05-21T00:40:00Z,Oklahoma City Thunder,San Antonio Spurs,,,False
2026-05-20,2026-05-20T13:34:10.085203+00:00,4900671,Ajay Mitchell,OKC,pts,OVER,12.5,145,0.40816326530612246,0.5192062619479852,0.5426805821066338,0.11104299664186279,0.27205534177256385,bovada,Bovada,2026-05-21T00:40:00Z,Oklahoma City Thunder,San Antonio Spurs,,,False
2026-05-20,2026-05-20T13:34:10.085203+00:00,4278073,Shai Gilgeous-Alexander,OKC,pts,UNDER,28.5,-130,0.5652173913043478,0.7181293466276134,0.9847318813946965,0.15291195532326562,0.27053653634116226,fanduel,FanDuel,2026-05-21T00:40:00Z,Oklahoma City Thunder,San Antonio Spurs,,,False
2026-05-20,2026-05-20T13:34:10.085203+00:00,4592479,Julian Champagnie,SAS,pts,OVER,9.5,-105,0.5121951219512195,0.6502264549888619,0.8338365666419152,0.13803133303764237,0.2694897454544446,betmgm,BetMGM,2026-05-21T00:40:00Z,Oklahoma City Thunder,San Antonio Spurs,,,False
2026-05-20,2026-05-20T13:34:10.085203+00:00,4592479,Julian Champagnie,SAS,pts,OVER,9.5,-105,0.5121951219512195,0.6502264549888619,0.8338365666419152,0.13803133303764237,0.2694897454544446,williamhill_us,Caesars,2026-05-21T00:40:00Z,Oklahoma City Thunder,San Antonio Spurs,,,False
2026-05-20,2026-05-20T13:34:10.085203+00:00,2991350,Alex Caruso,OKC,pts,OVER,11.5,130,0.43478260869565216,0.5475814955636675,0.6057366568081501,0.11279888686801537,0.2594374397964353,bovada,Bovada,2026-05-21T00:40:00Z,Oklahoma City Thunder,San Antonio Spurs,,,False
2026-05-20,2026-05-20T13:34:10.085203+00:00,5104157,Victor Wembanyama,SAS,pts,UNDER,25.5,-130,0.5652173913043478,0.7081246339805642,0.962499186623476,0.14290724267621646,0.25283589088869063,bovada,Bovada,2026-05-21T00:40:00Z,Oklahoma City Thunder,San Antonio Spurs,,,False
2026-05-20,2026-05-20T13:34:10.085203+00:00,4066259,De'Aaron Fox,SAS,pts,UNDER,11.5,190,0.3448275862068966,0.43111530582192664,0.34692290182650365,0.08628771961503007,0.2502343868835871,bovada,Bovada,2026-05-21T00:40:00Z,Oklahoma City Thunder,San Antonio Spurs,,,False
2026-05-20,2026-05-20T13:34:10.085203+00:00,4593803,Jalen Williams,OKC,pts,UNDER,15.5,145,0.40816326530612246,0.5066767890338784,0.5148373089641742,0.0985135237277559,0.24135813313300192,bovada,Bovada,2026-05-21T00:40:00Z,Oklahoma City Thunder,San Antonio Spurs,,,False
2026-05-20,2026-05-20T13:34:10.085203+00:00,4845367,Stephon Castle,SAS,pts,UNDER,13.5,180,0.35714285714285715,0.44157274061184715,0.3701616458041048,0.08442988346899,0.23640367371317206,bovada,Bovada,2026-05-21T00:40:00Z,Oklahoma City Thunder,San Antonio Spurs,,,False
2026-05-20,2026-05-20T13:34:10.085203+00:00,4433255,Chet Holmgren,OKC,pts,OVER,15.5,150,0.4,0.49134885247064786,0.48077522771255077,0.09134885247064783,0.2283721311766197,bovada,Bovada,2026-05-21T00:40:00Z,Oklahoma City Thunder,San Antonio Spurs,,,False
2026-05-20,2026-05-20T13:34:10.085203+00:00,4222252,Isaiah Hartenstein,OKC,pts,OVER,4.5,105,0.4878048780487805,0.5939779941593891,0.7088399870208648,0.10617311611060865,0.2176548880267477,betonlineag,BetOnline.ag,2026-05-21T00:40:00Z,Oklahoma City Thunder,San Antonio Spurs,,,False
2026-05-20,2026-05-20T13:34:10.085203+00:00,4222252,Isaiah Hartenstein,OKC,pts,OVER,4.5,103,0.49261083743842365,0.5939779941593891,0.7088399870208648,0.10136715672096547,0.20577532814355992,williamhill_us,Caesars,2026-05-21T00:40:00Z,Oklahoma City Thunder,San Antonio Spurs,,,False
2026-05-20,2026-05-20T13:34:10.085203+00:00,4683692,Cason Wallace,OKC,pts,OVER,6.5,-105,0.5121951219512195,0.6173114100047427,0.7606920222327614,0.10511628805352313,0.20522703858068803,betmgm,BetMGM,2026-05-21T00:40:00Z,Oklahoma City Thunder,San Antonio Spurs,,,False
2026-05-20,2026-05-20T13:34:10.085203+00:00,4278073,Shai Gilgeous-Alexander,OKC,pts,UNDER,29.5,-150,0.6,0.7203917382149144,0.9897594182553653,0.12039173821491445,0.20065289702485734,bovada,Bovada,2026-05-21T00:40:00Z,Oklahoma City Thunder,San Antonio Spurs,,,False
2026-05-20,2026-05-20T13:34:10.085203+00:00,4222252,Isaiah Hartenstein,OKC,pts,OVER,4.5,102,0.49504950495049505,0.5939779941593891,0.7088399870208648,0.09892848920889408,0.19983554820196603,fanduel,FanDuel,2026-05-21T00:40:00Z,Oklahoma City Thunder,San Antonio Spurs,,,False
2026-05-20,2026-05-20T13:34:10.085203+00:00,5037871,Dylan Harper,SAS,pts,OVER,13.5,135,0.425531914893617,0.5060755782006712,0.5135012848903804,0.08054366330705415,0.1892776087715773,bovada,Bovada,2026-05-21T00:40:00Z,Oklahoma City Thunder,San Antonio Spurs,,,False
2026-05-20,2026-05-20T13:34:10.085203+00:00,4395630,Devin Vassell,SAS,pts,OVER,12.5,120,0.45454545454545453,0.5401523147182064,0.5892273660404586,0.08560686017275182,0.18833509238005397,bovada,Bovada,2026-05-21T00:40:00Z,Oklahoma City Thunder,San Antonio Spurs,,,False
2026-05-20,2026-05-20T13:34:10.085203+00:00,4222252,Isaiah Hartenstein,OKC,pts,OVER,4.5,100,0.5,0.5939779941593891,0.7088399870208648,0.09397799415938912,0.18795598831877824,draftkings,DraftKings,2026-05-21T00:40:00Z,Oklahoma City Thunder,San Antonio Spurs,,,False
2026-05-20,2026-05-20T13:34:10.085203+00:00,4222252,Isaiah Hartenstein,OKC,pts,OVER,4.5,100,0.5,0.5939779941593891,0.7088399870208648,0.09397799415938912,0.18795598831877824,bovada,Bovada,2026-05-21T00:40:00Z,Oklahoma City Thunder,San Antonio Spurs,,,False
2026-05-20,2026-05-20T13:34:10.085203+00:00,4592479,Julian Champagnie,SAS,pts,OVER,8.5,-130,0.5652173913043478,0.6658330587965884,0.868517908436863,0.1006156674922406,0.17801233479396406,fanduel,FanDuel,2026-05-21T00:40:00Z,Oklahoma City Thunder,San Antonio Spurs,,,False
2026-05-20,2026-05-20T13:34:10.085203+00:00,4395723,Keldon Johnson,SAS,pts,OVER,10.5,175,0.36363636363636365,0.4267304213593831,0.33717871413196243,0.06309405772301946,0.17350865873830357,bovada,Bovada,2026-05-21T00:40:00Z,Oklahoma City Thunder,San Antonio Spurs,,,False
2026-05-20,2026-05-20T13:34:10.085203+00:00,4683692,Cason Wallace,OKC,pts,OVER,6.5,-113,0.5305164319248826,0.6173114100047427,0.7606920222327614,0.08679497807986003,0.16360469319478044,draftkings,DraftKings,2026-05-21T00:40:00Z,Oklahoma City Thunder,San Antonio Spurs,,,False
2026-05-20,2026-05-20T13:34:10.085203+00:00,4683692,Cason Wallace,OKC,pts,OVER,6.5,-113,0.5305164319248826,0.6173114100047427,0.7606920222327614,0.08679497807986003,0.16360469319478044,williamhill_us,Caesars,2026-05-21T00:40:00Z,Oklahoma City Thunder,San Antonio Spurs,,,False
2026-05-20,2026-05-20T13:34:10.085203+00:00,4066259,De'Aaron Fox,SAS,pts,OVER,17.5,185,0.3508771929824561,0.40769998490984766,0.294888855355217,0.056822791927391536,0.16194495699306588,bovada,Bovada,2026-05-21T00:40:00Z,Oklahoma City Thunder,San Antonio Spurs,,,False
2026-05-20,2026-05-20T13:34:10.085203+00:00,5104157,Victor Wembanyama,SAS,pts,UNDER,26.5,-160,0.6153846153846154,0.7133923129271832,0.9742051398381848,0.09800769754256777,0.15926250850667267,bovada,Bovada,2026-05-21T00:40:00Z,Oklahoma City Thunder,San Antonio Spurs,,,False
2026-05-20,2026-05-20T13:34:10.085203+00:00,4592479,Julian Champagnie,SAS,pts,OVER,8.5,-135,0.574468085106383,0.6658330587965884,0.868517908436863,0.09136497369020535,0.1590427319792464,bovada,Bovada,2026-05-21T00:40:00Z,Oklahoma City Thunder,San Antonio Spurs,,,False
2026-05-20,2026-05-20T13:34:10.085203+00:00,4683692,Cason Wallace,OKC,pts,OVER,6.5,-114,0.5327102803738317,0.6173114100047427,0.7606920222327614,0.08460112963091093,0.15881264685100815,fanduel,FanDuel,2026-05-21T00:40:00Z,Oklahoma City Thunder,San Antonio Spurs,,,False
2026-05-20,2026-05-20T13:34:10.085203+00:00,4683692,Cason Wallace,OKC,pts,OVER,6.5,-115,0.5348837209302325,0.6173114100047427,0.7606920222327614,0.08242768907451015,0.15410394044364928,bovada,Bovada,2026-05-21T00:40:00Z,Oklahoma City Thunder,San Antonio Spurs,,,False
2026-05-20,2026-05-20T13:34:10.085203+00:00,4900671,Ajay Mitchell,OKC,pts,OVER,11.5,110,0.47619047619047616,0.5494391683723352,0.6098648186051894,0.07324869218185903,0.15382225358190393,bovada,Bovada,2026-05-21T00:40:00Z,Oklahoma City Thunder,San Antonio Spurs,,,False
2026-05-20,2026-05-20T13:34:10.085203+00:00,4433255,Chet Holmgren,OKC,pts,UNDER,10.5,200,0.3333333333333333,0.38383273616836405,0.24185052481858682,0.05049940283503074,0.1514982085050921,bovada,Bovada,2026-05-21T00:40:00Z,Oklahoma City Thunder,San Antonio Spurs,,,False
2026-05-20,2026-05-20T13:34:10.085203+00:00,4845367,Stephon Castle,SAS,pts,OVER,19.5,180,0.35714285714285715,0.4111706597075387,0.30260146601675264,0.05402780256468154,0.15127784718110826,bovada,Bovada,2026-05-21T00:40:00Z,Oklahoma City Thunder,San Antonio Spurs,,,False
2026-05-20,2026-05-20T13:34:10.085203+00:00,2991350,Alex Caruso,OKC,pts,OVER,10.5,100,0.5,0.5738660066103207,0.6641466813562682,0.07386600661032072,0.14773201322064144,bovada,Bovada,2026-05-21T00:40:00Z,Oklahoma City Thunder,San Antonio Spurs,,,False
2026-05-20,2026-05-20T13:34:10.085203+00:00,4593803,Jalen Williams,OKC,pts,UNDER,16.5,115,0.46511627906976744,0.5336268313646299,0.5747262919213996,0.06851055229486241,0.1472976874339541,bovada,Bovada,2026-05-21T00:40:00Z,Oklahoma City Thunder,San Antonio Spurs,,,False
2026-05-20,2026-05-20T13:34:10.085203+00:00,2991350,Alex Caruso,OKC,pts,OVER,10.5,-101,0.5024875621890548,0.5738660066103207,0.6641466813562682,0.07137844442126595,0.14205017157103428,draftkings,DraftKings,2026-05-21T00:40:00Z,Oklahoma City Thunder,San Antonio Spurs,,,False
2026-05-20,2026-05-20T13:34:10.085203+00:00,4395630,Devin Vassell,SAS,pts,UNDER,8.5,210,0.3225806451612903,0.36796020164841275,0.20657822588536168,0.04537955648712244,0.1406766251100795,bovada,Bovada,2026-05-21T00:40:00Z,Oklahoma City Thunder,San Antonio Spurs,,,False
2026-05-20,2026-05-20T13:34:10.085203+00:00,4433255,Chet Holmgren,OKC,pts,OVER,14.5,120,0.45454545454545453,0.5181915547522187,0.5404256772271527,0.06364610020676414,0.14002142045488108,bovada,Bovada,2026-05-21T00:40:00Z,Oklahoma City Thunder,San Antonio Spurs,,,False
2026-05-20,2026-05-20T13:34:10.085203+00:00,4683692,Cason Wallace,OKC,pts,OVER,6.5,-120,0.5454545454545454,0.6173114100047427,0.7606920222327614,0.07185686455019724,0.13173758500869492,betonlineag,BetOnline.ag,2026-05-21T00:40:00Z,Oklahoma City Thunder,San Antonio Spurs,,,False
2026-05-20,2026-05-20T13:34:10.085203+00:00,4397020,Luguentz Dort,OKC,pts,OVER,5.5,-120,0.5454545454545454,0.6160178904589388,0.7578175343531974,0.07056334500439343,0.12936613250805462,bovada,Bovada,2026-05-21T00:40:00Z,Oklahoma City Thunder,San Antonio Spurs,,,False
2026-05-20,2026-05-20T13:34:10.085203+00:00,2991350,Alex Caruso,OKC,pts,OVER,10.5,-104,0.5098039215686274,0.5738660066103207,0.6641466813562682,0.0640620850416933,0.12566024373562912,fanduel,FanDuel,2026-05-21T00:40:00Z,Oklahoma City Thunder,San Antonio Spurs,,,False
2026-05-20,2026-05-20T13:34:10.085203+00:00,4395723,Keldon Johnson,SAS,pts,UNDER,6.5,160,0.38461538461538464,0.4323362380293402,0.3496360845096449,0.047720853413955544,0.12407421887628456,bovada,Bovada,2026-05-21T00:40:00Z,Oklahoma City Thunder,San Antonio Spurs,,,False
2026-05-20,2026-05-20T13:34:10.085203+00:00,4278073,Shai Gilgeous-Alexander,OKC,pts,UNDER,30.5,-180,0.6428571428571429,0.7219749207263559,0.9932776016141243,0.07911777786921304,0.1230720989076648,bovada,Bovada,2026-05-21T00:40:00Z,Oklahoma City Thunder,San Antonio Spurs,,,False
2026-05-20,2026-05-20T13:34:10.085203+00:00,4066259,De'Aaron Fox,SAS,pts,UNDER,12.5,145,0.40816326530612246,0.45764274896582224,0.405872775479605,0.049479483659699786,0.12122473496626451,bovada,Bovada,2026-05-21T00:40:00Z,Oklahoma City Thunder,San Antonio Spurs,,,False
2026-05-20,2026-05-20T13:34:10.085203+00:00,4593803,Jalen Williams,OKC,pts,UNDER,17.5,100,0.5,0.5598212712521693,0.6329361583381541,0.059821271252169295,0.11964254250433859,betonlineag,BetOnline.ag,2026-05-21T00:40:00Z,Oklahoma City Thunder,San Antonio Spurs,,,False
2026-05-20,2026-05-20T13:34:10.085203+00:00,4845367,Stephon Castle,SAS,pts,UNDER,14.5,140,0.4166666666666667,0.46608887569538926,0.4246419459897539,0.049422209028722575,0.11861330166893413,bovada,Bovada,2026-05-21T00:40:00Z,Oklahoma City Thunder,San Antonio Spurs,,,False
2026-05-20,2026-05-20T13:34:10.085203+00:00,4900671,Ajay Mitchell,OKC,pts,OVER,10.5,-108,0.5192307692307693,0.5782608954115377,0.6739131009145283,0.059030126180768416,0.11368765042222073,fanduel,FanDuel,2026-05-21T00:40:00Z,Oklahoma City Thunder,San Antonio Spurs,,,False
2026-05-20,2026-05-20T13:34:10.085203+00:00,4397020,Luguentz Dort,OKC,pts,OVER,5.5,-125,0.5555555555555556,0.6160178904589388,0.7578175343531974,0.060462334903383264,0.10883220282608996,fanduel,FanDuel,2026-05-21T00:40:00Z,Oklahoma City Thunder,San Antonio Spurs,,,False
2026-05-20,2026-05-20T13:34:10.085203+00:00,4900671,Ajay Mitchell,OKC,pts,OVER,10.5,-109,0.5215311004784688,0.5782608954115377,0.6739131009145283,0.056729794933068844,0.10877547835790258,betonlineag,BetOnline.ag,2026-05-21T00:40:00Z,Oklahoma City Thunder,San Antonio Spurs,,,False
2026-05-20,2026-05-20T13:34:10.085203+00:00,2991350,Alex Caruso,OKC,pts,OVER,10.5,-108,0.5192307692307693,0.5738660066103207,0.6641466813562682,0.05463523737955145,0.10522342013839547,williamhill_us,Caesars,2026-05-21T00:40:00Z,Oklahoma City Thunder,San Antonio Spurs,,,False
2026-05-20,2026-05-20T13:34:10.085203+00:00,4395630,Devin Vassell,SAS,pts,OVER,11.5,-105,0.5121951219512195,0.5655682456053854,0.645707212456412,0.05337312365416591,0.10420466999146671,betmgm,BetMGM,2026-05-21T00:40:00Z,Oklahoma City Thunder,San Antonio Spurs,,,False
2026-05-20,2026-05-20T13:34:10.085203+00:00,5037871,Dylan Harper,SAS,pts,OVER,12.5,105,0.4878048780487805,0.5374504675115932,0.5832232611368738,0.04964558946281272,0.10177345839876606,bovada,Bovada,2026-05-21T00:40:00Z,Oklahoma City Thunder,San Antonio Spurs,,,False
2026-05-20,2026-05-20T13:34:10.085203+00:00,2991350,Alex Caruso,OKC,pts,UNDER,7.5,205,0.32786885245901637,0.3589628450802165,0.18658410017825888,0.031093992621200106,0.09483667749466018,bovada,Bovada,2026-05-21T00:40:00Z,Oklahoma City Thunder,San Antonio Spurs,,,False
2026-05-20,2026-05-20T13:34:10.085203+00:00,5104157,Victor Wembanyama,SAS,pts,UNDER,27.5,-190,0.6551724137931034,0.7172076744279187,0.9826837209509303,0.06203526063481524,0.09468539781103374,bovada,Bovada,2026-05-21T00:40:00Z,Oklahoma City Thunder,San Antonio Spurs,,,False
2026-05-20,2026-05-20T13:34:10.085203+00:00,4593803,Jalen Williams,OKC,pts,OVER,21.5,210,0.3225806451612903,0.35260343342588013,0.17245207427973364,0.030022788264589817,0.09307064362022843,bovada,Bovada,2026-05-21T00:40:00Z,Oklahoma City Thunder,San Antonio Spurs,,,False
2026-05-20,2026-05-20T13:34:10.085203+00:00,4397020,Luguentz Dort,OKC,pts,OVER,5.5,-130,0.5652173913043478,0.6160178904589388,0.7578175343531974,0.05080049915459106,0.08987780619658414,betonlineag,BetOnline.ag,2026-05-21T00:40:00Z,Oklahoma City Thunder,San Antonio Spurs,,,False
2026-05-20,2026-05-20T13:34:10.085203+00:00,4395630,Devin Vassell,SAS,pts,OVER,11.5,-108,0.5192307692307693,0.5655682456053854,0.645707212456412,0.04633747637461616,0.08924254709185342,draftkings,DraftKings,2026-05-21T00:40:00Z,Oklahoma City Thunder,San Antonio Spurs,,,False
2026-05-20,2026-05-20T13:34:10.085203+00:00,4395630,Devin Vassell,SAS,pts,OVER,11.5,-109,0.5215311004784688,0.5655682456053854,0.645707212456412,0.04403714512691659,0.08443819570206934,betonlineag,BetOnline.ag,2026-05-21T00:40:00Z,Oklahoma City Thunder,San Antonio Spurs,,,False
2026-05-20,2026-05-20T13:34:10.085203+00:00,4066259,De'Aaron Fox,SAS,pts,OVER,16.5,150,0.4,0.4327715932918663,0.3506035406485919,0.0327715932918663,0.0819289832296658,bovada,Bovada,2026-05-21T00:40:00Z,Oklahoma City Thunder,San Antonio Spurs,,,False
2026-05-20,2026-05-20T13:34:10.085203+00:00,4222252,Isaiah Hartenstein,OKC,pts,UNDER,2.5,210,0.3225806451612903,0.3488892366020355,0.16419830356007903,0.02630859144074521,0.08155663346631015,bovada,Bovada,2026-05-21T00:40:00Z,Oklahoma City Thunder,San Antonio Spurs,,,False
2026-05-20,2026-05-20T13:34:10.085203+00:00,4900671,Ajay Mitchell,OKC,pts,OVER,10.5,-115,0.5348837209302325,0.5782608954115377,0.6739131009145283,0.04337717448130518,0.0810964566389617,williamhill_us,Caesars,2026-05-21T00:40:00Z,Oklahoma City Thunder,San Antonio Spurs,,,False
2026-05-20,2026-05-20T13:34:10.085203+00:00,4395630,Devin Vassell,SAS,pts,OVER,11.5,-110,0.5238095238095238,0.5655682456053854,0.645707212456412,0.0417587217958616,0.07972119615573581,bovada,Bovada,2026-05-21T00:40:00Z,Oklahoma City Thunder,San Antonio Spurs,,,False
2026-05-20,2026-05-20T13:34:10.085203+00:00,2991350,Alex Caruso,OKC,pts,OVER,10.5,-114,0.5327102803738317,0.5738660066103207,0.6641466813562682,0.041155726236489,0.07725724047902305,betonlineag,BetOnline.ag,2026-05-21T00:40:00Z,Oklahoma City Thunder,San Antonio Spurs,,,False
2026-05-20,2026-05-20T13:34:10.085203+00:00,4397020,Luguentz Dort,OKC,pts,OVER,5.5,-134,0.5726495726495726,0.6160178904589388,0.7578175343531974,0.04336831780936623,0.07573273408501263,williamhill_us,Caesars,2026-05-21T00:40:00Z,Oklahoma City Thunder,San Antonio Spurs,,,False
2026-05-20,2026-05-20T13:34:10.085203+00:00,4433255,Chet Holmgren,OKC,pts,OVER,13.5,-103,0.5073891625615764,0.5446301152914844,0.5991780339810765,0.03724095272990802,0.07339721751622663,betonlineag,BetOnline.ag,2026-05-21T00:40:00Z,Oklahoma City Thunder,San Antonio Spurs,,,False
2026-05-20,2026-05-20T13:34:10.085203+00:00,4900671,Ajay Mitchell,OKC,pts,OVER,9.5,-130,0.5652173913043478,0.6049402900328663,0.7332006445174807,0.03972289872851853,0.07027897467353272,betmgm,BetMGM,2026-05-21T00:40:00Z,Oklahoma City Thunder,San Antonio Spurs,,,False
2026-05-20,2026-05-20T13:34:10.085203+00:00,4395630,Devin Vassell,SAS,pts,OVER,12.5,-102,0.504950495049505,0.5401523147182064,0.5892273660404586,0.035201819668701395,0.06971340757919298,fanduel,FanDuel,2026-05-21T00:40:00Z,Oklahoma City Thunder,San Antonio Spurs,,,False
2026-05-20,2026-05-20T13:34:10.085203+00:00,4397020,Luguentz Dort,OKC,pts,OVER,5.5,-136,0.576271186440678,0.6160178904589388,0.7578175343531974,0.03974670401826086,0.06897222167874684,draftkings,DraftKings,2026-05-21T00:40:00Z,Oklahoma City Thunder,San Antonio Spurs,,,False
2026-05-20,2026-05-20T13:34:10.085203+00:00,4593803,Jalen Williams,OKC,pts,UNDER,17.5,-111,0.5260663507109005,0.5598212712521693,0.6329361583381541,0.03375492054126883,0.06416475886673623,draftkings,DraftKings,2026-05-21T00:40:00Z,Oklahoma City Thunder,San Antonio Spurs,,,False
2026-05-20,2026-05-20T13:34:10.085203+00:00,4845367,Stephon Castle,SAS,pts,OVER,18.5,145,0.40816326530612246,0.4341332691310117,0.3536294869578037,0.025970003824889232,0.06362650937097858,bovada,Bovada,2026-05-21T00:40:00Z,Oklahoma City Thunder,San Antonio Spurs,,,False
2026-05-20,2026-05-20T13:34:10.085203+00:00,4433255,Chet Holmgren,OKC,pts,OVER,13.5,-105,0.5121951219512195,0.5446301152914844,0.5991780339810765,0.032434993340264895,0.06332546318813626,draftkings,DraftKings,2026-05-21T00:40:00Z,Oklahoma City Thunder,San Antonio Spurs,,,False
2026-05-20,2026-05-20T13:34:10.085203+00:00,4395723,Keldon Johnson,SAS,pts,OVER,9.5,130,0.43478260869565216,0.46107415578556715,0.41349812396792696,0.02629154708991499,0.06047055830680437,bovada,Bovada,2026-05-21T00:40:00Z,Oklahoma City Thunder,San Antonio Spurs,,,False
2026-05-20,2026-05-20T13:34:10.085203+00:00,4900671,Ajay Mitchell,OKC,pts,OVER,10.5,-120,0.5454545454545454,0.5782608954115377,0.6739131009145283,0.032806349956992276,0.06014497492115245,draftkings,DraftKings,2026-05-21T00:40:00Z,Oklahoma City Thunder,San Antonio Spurs,,,False
2026-05-20,2026-05-20T13:34:10.085203+00:00,4900671,Ajay Mitchell,OKC,pts,OVER,10.5,-120,0.5454545454545454,0.5782608954115377,0.6739131009145283,0.032806349956992276,0.06014497492115245,bovada,Bovada,2026-05-21T00:40:00Z,Oklahoma City Thunder,San Antonio Spurs,,,False
2026-05-20,2026-05-20T13:34:10.085203+00:00,4593803,Jalen Williams,OKC,pts,UNDER,17.5,-112,0.5283018867924528,0.5598212712521693,0.6329361583381541,0.03151938445971647,0.059661692013034784,fanduel,FanDuel,2026-05-21T00:40:00Z,Oklahoma City Thunder,San Antonio Spurs,,,False
2026-05-20,2026-05-20T13:34:10.085203+00:00,2991350,Alex Caruso,OKC,pts,OVER,10.5,-120,0.5454545454545454,0.5738660066103207,0.6641466813562682,0.02841146115577531,0.05208767878558801,betmgm,BetMGM,2026-05-21T00:40:00Z,Oklahoma City Thunder,San Antonio Spurs,,,False
2026-05-20,2026-05-20T13:34:10.085203+00:00,4278073,Shai Gilgeous-Alexander,OKC,pts,UNDER,31.5,-220,0.6875,0.7230567729806238,0.9956817177347195,0.03555677298062376,0.05171894251727094,bovada,Bovada,2026-05-21T00:40:00Z,Oklahoma City Thunder,San Antonio Spurs,,,False
2026-05-20,2026-05-20T13:34:10.085203+00:00,4593803,Jalen Williams,OKC,pts,UNDER,17.5,-114,0.5327102803738317,0.5598212712521693,0.6329361583381541,0.02711099087833757,0.05089256182424762,williamhill_us,Caesars,2026-05-21T00:40:00Z,Oklahoma City Thunder,San Antonio Spurs,,,False
2026-05-20,2026-05-20T13:34:10.085203+00:00,5037871,Dylan Harper,SAS,pts,OVER,11.5,-118,0.5412844036697247,0.5676871707622276,0.6504159350271724,0.026402767092502888,0.04877799344208156,fanduel,FanDuel,2026-05-21T00:40:00Z,Oklahoma City Thunder,San Antonio Spurs,,,False
2026-05-20,2026-05-20T13:34:10.085203+00:00,5037871,Dylan Harper,SAS,pts,OVER,11.5,-118,0.5412844036697247,0.5676871707622276,0.6504159350271724,0.026402767092502888,0.04877799344208156,betonlineag,BetOnline.ag,2026-05-21T00:40:00Z,Oklahoma City Thunder,San Antonio Spurs,,,False
2026-05-20,2026-05-20T13:34:10.085203+00:00,4593803,Jalen Williams,OKC,pts,UNDER,17.5,-115,0.5348837209302325,0.5598212712521693,0.6329361583381541,0.024937550321936786,0.04662237668883823,betmgm,BetMGM,2026-05-21T00:40:00Z,Oklahoma City Thunder,San Antonio Spurs,,,False
2026-05-20,2026-05-20T13:34:10.085203+00:00,4593803,Jalen Williams,OKC,pts,UNDER,17.5,-115,0.5348837209302325,0.5598212712521693,0.6329361583381541,0.024937550321936786,0.04662237668883823,bovada,Bovada,2026-05-21T00:40:00Z,Oklahoma City Thunder,San Antonio Spurs,,,False
2026-05-20,2026-05-20T13:34:10.085203+00:00,2991350,Alex Caruso,OKC,pts,OVER,9.5,-135,0.574468085106383,0.5984765632034593,0.7188368071187985,0.02400847809707629,0.04179253594676252,bovada,Bovada,2026-05-21T00:40:00Z,Oklahoma City Thunder,San Antonio Spurs,,,False
2026-05-20,2026-05-20T13:34:10.085203+00:00,5037871,Dylan Harper,SAS,pts,UNDER,9.5,175,0.36363636363636365,0.3784738514661061,0.22994189214690253,0.01483748782974248,0.040803091531791846,bovada,Bovada,2026-05-21T00:40:00Z,Oklahoma City Thunder,San Antonio Spurs,,,False
2026-05-20,2026-05-20T13:34:10.085203+00:00,4433255,Chet Holmgren,OKC,pts,OVER,13.5,-110,0.5238095238095238,0.5446301152914844,0.5991780339810765,0.020820591481960582,0.03974840192010659,bovada,Bovada,2026-05-21T00:40:00Z,Oklahoma City Thunder,San Antonio Spurs,,,False
2026-05-20,2026-05-20T13:34:10.085203+00:00,5104157,Victor Wembanyama,SAS,pts,UNDER,28.5,-230,0.696969696969697,0.7198961089798039,0.9886580199551198,0.022926412010106922,0.032894417231892625,bovada,Bovada,2026-05-21T00:40:00Z,Oklahoma City Thunder,San Antonio Spurs,,,False
2026-05-20,2026-05-20T13:34:10.085203+00:00,4845367,Stephon Castle,SAS,pts,UNDER,15.5,110,0.47619047619047616,0.491271517656703,0.48060337257045116,0.015081041466226852,0.03167018707907643,bovada,Bovada,2026-05-21T00:40:00Z,Oklahoma City Thunder,San Antonio Spurs,,,False
2026-05-20,2026-05-20T13:34:10.085203+00:00,4433255,Chet Holmgren,OKC,pts,OVER,13.5,-112,0.5283018867924528,0.5446301152914844,0.5991780339810765,0.016328228499031594,0.030907003944595557,williamhill_us,Caesars,2026-05-21T00:40:00Z,Oklahoma City Thunder,San Antonio Spurs,,,False
2026-05-20,2026-05-20T13:34:10.085203+00:00,4683692,Cason Wallace,OKC,pts,UNDER,4.5,200,0.3333333333333333,0.34226313952486853,0.1494736433885968,0.008929806191535217,0.026789418574605595,bovada,Bovada,2026-05-21T00:40:00Z,Oklahoma City Thunder,San Antonio Spurs,,,False
2026-05-20,2026-05-20T13:34:10.085203+00:00,4397020,Luguentz Dort,OKC,pts,OVER,5.5,-150,0.6,0.6160178904589388,0.7578175343531974,0.016017890458938866,0.026696484098231388,betmgm,BetMGM,2026-05-21T00:40:00Z,Oklahoma City Thunder,San Antonio Spurs,,,False
2026-05-20,2026-05-20T13:34:10.085203+00:00,5037871,Dylan Harper,SAS,pts,OVER,11.5,-124,0.5535714285714286,0.5676871707622276,0.6504159350271724,0.01411574219079903,0.02549940524789507,draftkings,DraftKings,2026-05-21T00:40:00Z,Oklahoma City Thunder,San Antonio Spurs,,,False
2026-05-20,2026-05-20T13:34:10.085203+00:00,5037871,Dylan Harper,SAS,pts,OVER,11.5,-125,0.5555555555555556,0.5676871707622276,0.6504159350271724,0.012131615206672053,0.021836907372009773,bovada,Bovada,2026-05-21T00:40:00Z,Oklahoma City Thunder,San Antonio Spurs,,,False
2026-05-20,2026-05-20T13:34:10.085203+00:00,4066259,De'Aaron Fox,SAS,pts,UNDER,13.5,110,0.47619047619047616,0.4851687819527732,0.4670417376728293,0.008978305762297023,0.018854442100823765,bovada,Bovada,2026-05-21T00:40:00Z,Oklahoma City Thunder,San Antonio Spurs,,,False
2026-05-20,2026-05-20T13:34:10.085203+00:00,4592479,Julian Champagnie,SAS,pts,OVER,7.5,-200,0.6666666666666666,0.6790318442519678,0.8978485427821508,0.012365177585301201,0.018547766377951747,bovada,Bovada,2026-05-21T00:40:00Z,Oklahoma City Thunder,San Antonio Spurs,,,False
2026-05-20,2026-05-20T13:34:10.085203+00:00,4433255,Chet Holmgren,OKC,pts,OVER,13.5,-115,0.5348837209302325,0.5446301152914844,0.5991780339810765,0.009746394361251909,0.018221519892775206,betmgm,BetMGM,2026-05-21T00:40:00Z,Oklahoma City Thunder,San Antonio Spurs,,,False
2026-05-20,2026-05-20T13:34:10.085203+00:00,4395630,Devin Vassell,SAS,pts,OVER,11.5,-125,0.5555555555555556,0.5655682456053854,0.645707212456412,0.010012690049829853,0.01802284208969379,williamhill_us,Caesars,2026-05-21T00:40:00Z,Oklahoma City Thunder,San Antonio Spurs,,,False
2026-05-20,2026-05-20T13:34:10.085203+00:00,4222252,Isaiah Hartenstein,OKC,pts,OVER,3.5,-160,0.6153846153846154,0.6248611306560174,0.7774691792355943,0.00947651527140203,0.015399337316028383,bovada,Bovada,2026-05-21T00:40:00Z,Oklahoma City Thunder,San Antonio Spurs,,,False
2026-05-20,2026-05-20T13:34:10.085203+00:00,4683692,Cason Wallace,OKC,pts,OVER,5.5,-170,0.6296296296296297,0.6389758362391841,0.8088351916426313,0.00934620660955443,0.01484397520341002,bovada,Bovada,2026-05-21T00:40:00Z,Oklahoma City Thunder,San Antonio Spurs,,,False
2026-05-20,2026-05-20T13:34:10.085203+00:00,5037871,Dylan Harper,SAS,pts,OVER,11.5,-128,0.5614035087719298,0.5676871707622276,0.6504159350271724,0.00628366199029784,0.011192772920217975,williamhill_us,Caesars,2026-05-21T00:40:00Z,Oklahoma City Thunder,San Antonio Spurs,,,False
2026-05-20,2026-05-20T13:34:10.085203+00:00,4433255,Chet Holmgren,OKC,pts,OVER,13.5,-118,0.5412844036697247,0.5446301152914844,0.5991780339810765,0.0033457116217596727,0.006181060453759324,fanduel,FanDuel,2026-05-21T00:40:00Z,Oklahoma City Thunder,San Antonio Spurs,,,False
2026-05-20,2026-05-20T13:34:10.085203+00:00,5037871,Dylan Harper,SAS,pts,OVER,11.5,-130,0.5652173913043478,0.5676871707622276,0.6504159350271724,0.0024697794578798504,0.004369609810095043,betmgm,BetMGM,2026-05-21T00:40:00Z,Oklahoma City Thunder,San Antonio Spurs,,,False
2026-05-20,2026-05-20T13:34:10.085203+00:00,4593803,Jalen Williams,OKC,pts,OVER,20.5,170,0.37037037037037035,0.37121071509994663,0.21380158911099245,0.0008403447295762811,0.0022689307698559036,bovada,Bovada,2026-05-21T00:40:00Z,Oklahoma City Thunder,San Antonio Spurs,,,False
2026-05-20,2026-05-20T13:34:10.085203+00:00,4278073,Shai Gilgeous-Alexander,OKC,pts,UNDER,32.5,-260,0.7222222222222222,0.7237786756836051,0.9972859459635668,0.0015564534613828895,0.0021550894080686334,bovada,Bovada,2026-05-21T00:40:00Z,Oklahoma City Thunder,San Antonio Spurs,,,False
2026-05-20,2026-05-20T13:34:10.085203+00:00,4900671,Ajay Mitchell,OKC,pts,UNDER,8.5,170,0.37037037037037035,0.3710797497627827,0.213510555028406,0.0007093793924123348,0.0019153243595132485,bovada,Bovada,2026-05-21T00:40:00Z,Oklahoma City Thunder,San Antonio Spurs,,,False
2026-05-20,2026-05-20T13:34:10.085203+00:00,4222252,Isaiah Hartenstein,OKC,ra,OVER,6.5,150,0.4,0.49438006963155073,0.8290003165070488,0.09438006963155071,0.23595017407887686,bovada,Bovada,2026-05-21T00:40:00Z,Oklahoma City Thunder,San Antonio Spurs,,,False
2026-05-20,2026-05-20T13:34:10.085203+00:00,4397020,Luguentz Dort,OKC,ra,OVER,4.5,205,0.32786885245901637,0.40252573554698623,0.6672183210406977,0.07465688308796986,0.22770349341830798,bovada,Bovada,2026-05-21T00:40:00Z,Oklahoma City Thunder,San Antonio Spurs,,,False
2026-05-20,2026-05-20T13:34:10.085203+00:00,5104157,Victor Wembanyama,SAS,ra,UNDER,15.5,135,0.425531914893617,0.5179963945883412,0.8458250044150909,0.09246447969472421,0.21729152728260193,bovada,Bovada,2026-05-21T00:40:00Z,Oklahoma City Thunder,San Antonio Spurs,,,False
2026-05-20,2026-05-20T13:34:10.085203+00:00,5104157,Victor Wembanyama,SAS,ra,UNDER,16.5,-105,0.5121951219512195,0.598373917047597,0.9039169178438442,0.08617879509637749,0.16825383804530847,betmgm,BetMGM,2026-05-21T00:40:00Z,Oklahoma City Thunder,San Antonio Spurs,,,False
2026-05-20,2026-05-20T13:34:10.085203+00:00,5104157,Victor Wembanyama,SAS,ra,UNDER,16.5,-105,0.5121951219512195,0.598373917047597,0.9039169178438442,0.08617879509637749,0.16825383804530847,bovada,Bovada,2026-05-21T00:40:00Z,Oklahoma City Thunder,San Antonio Spurs,,,False
2026-05-20,2026-05-20T13:34:10.085203+00:00,5104157,Victor Wembanyama,SAS,ra,UNDER,16.5,-106,0.5145631067961165,0.6002209452266166,0.9039169178438442,0.08565783843050012,0.16646711996870778,draftkings,DraftKings,2026-05-21T00:40:00Z,Oklahoma City Thunder,San Antonio Spurs,,,False
2026-05-20,2026-05-20T13:34:10.085203+00:00,5104157,Victor Wembanyama,SAS,ra,UNDER,16.5,-108,0.5192307692307693,0.6038617219256458,0.9039169178438442,0.08463095269487653,0.16299294593087343,fanduel,FanDuel,2026-05-21T00:40:00Z,Oklahoma City Thunder,San Antonio Spurs,,,False
2026-05-20,2026-05-20T13:34:10.085203+00:00,4278073,Shai Gilgeous-Alexander,OKC,ra,UNDER,9.5,190,0.3448275862068966,0.40083181071133206,0.5993922430452396,0.056004224504435485,0.16241225106286283,bovada,Bovada,2026-05-21T00:40:00Z,Oklahoma City Thunder,San Antonio Spurs,,,False
2026-05-20,2026-05-20T13:34:10.085203+00:00,4397020,Luguentz Dort,OKC,ra,OVER,3.5,115,0.46511627906976744,0.5400815333543051,0.8058674349085748,0.07496525428453765,0.1611752967117559,betmgm,BetMGM,2026-05-21T00:40:00Z,Oklahoma City Thunder,San Antonio Spurs,,,False
2026-05-20,2026-05-20T13:34:10.085203+00:00,4222252,Isaiah Hartenstein,OKC,ra,OVER,5.5,-113,0.5305164319248826,0.6113430046258491,0.8979099442020029,0.08082657270096649,0.1523545131442997,draftkings,DraftKings,2026-05-21T00:40:00Z,Oklahoma City Thunder,San Antonio Spurs,,,False
2026-05-20,2026-05-20T13:34:10.085203+00:00,4222252,Isaiah Hartenstein,OKC,ra,OVER,5.5,-115,0.5348837209302325,0.614749490050022,0.8979099442020029,0.07986576911978949,0.1493142640065629,bovada,Bovada,2026-05-21T00:40:00Z,Oklahoma City Thunder,San Antonio Spurs,,,False
2026-05-20,2026-05-20T13:34:10.085203+00:00,5037871,Dylan Harper,SAS,ra,OVER,8.5,160,0.38461538461538464,0.4406888904639167,0.6394949566541667,0.056073505848532046,0.14579111520618337,bovada,Bovada,2026-05-21T00:40:00Z,Oklahoma City Thunder,San Antonio Spurs,,,False
2026-05-20,2026-05-20T13:34:10.085203+00:00,4397020,Luguentz Dort,OKC,ra,OVER,3.5,105,0.4878048780487805,0.5577786405579352,0.8058674349085748,0.06997376250915477,0.14344621314376726,bovada,Bovada,2026-05-21T00:40:00Z,Oklahoma City Thunder,San Antonio Spurs,,,False
2026-05-20,2026-05-20T13:34:10.085203+00:00,4592479,Julian Champagnie,SAS,ra,OVER,7.5,175,0.36363636363636365,0.4157149904762061,0.6003573947265566,0.052078626839842435,0.14321622380956667,bovada,Bovada,2026-05-21T00:40:00Z,Oklahoma City Thunder,San Antonio Spurs,,,False
2026-05-20,2026-05-20T13:34:10.085203+00:00,4900671,Ajay Mitchell,OKC,ra,OVER,7.5,150,0.4,0.45612758866916275,0.6551254030416489,0.05612758866916273,0.14031897167290686,bovada,Bovada,2026-05-21T00:40:00Z,Oklahoma City Thunder,San Antonio Spurs,,,False
2026-05-20,2026-05-20T13:34:10.085203+00:00,4397020,Luguentz Dort,OKC,ra,OVER,3.5,102,0.49504950495049505,0.5634294495412726,0.8058674349085748,0.06837994459077756,0.13812748807337072,draftkings,DraftKings,2026-05-21T00:40:00Z,Oklahoma City Thunder,San Antonio Spurs,,,False
2026-05-20,2026-05-20T13:34:10.085203+00:00,4278073,Shai Gilgeous-Alexander,OKC,ra,UNDER,10.5,125,0.4444444444444444,0.5056090295647061,0.7224652859001791,0.06116458512026168,0.1376203165205887,bovada,Bovada,2026-05-21T00:40:00Z,Oklahoma City Thunder,San Antonio Spurs,,,False
2026-05-20,2026-05-20T13:34:10.085203+00:00,5104157,Victor Wembanyama,SAS,ra,UNDER,17.5,-145,0.5918367346938775,0.6693235130853727,0.9440493637461287,0.0774867783914952,0.13092593590287122,bovada,Bovada,2026-05-21T00:40:00Z,Oklahoma City Thunder,San Antonio Spurs,,,False
2026-05-20,2026-05-20T13:34:10.085203+00:00,4900671,Ajay Mitchell,OKC,ra,OVER,6.5,-103,0.5073891625615764,0.5657016865633283,0.7724460898422667,0.05831252400175191,0.11492662497432671,draftkings,DraftKings,2026-05-21T00:40:00Z,Oklahoma City Thunder,San Antonio Spurs,,,False
2026-05-20,2026-05-20T13:34:10.085203+00:00,4278073,Shai Gilgeous-Alexander,OKC,ra,UNDER,11.5,-118,0.5412844036697247,0.6033604944718342,0.8234484527702218,0.06207609080210941,0.11468294741406648,fanduel,FanDuel,2026-05-21T00:40:00Z,Oklahoma City Thunder,San Antonio Spurs,,,False
2026-05-20,2026-05-20T13:34:10.085203+00:00,4278073,Shai Gilgeous-Alexander,OKC,ra,UNDER,11.5,-120,0.5454545454545454,0.6066132050639942,0.8234484527702218,0.06115865960944877,0.11212420928398936,bovada,Bovada,2026-05-21T00:40:00Z,Oklahoma City Thunder,San Antonio Spurs,,,False
2026-05-20,2026-05-20T13:34:10.085203+00:00,4900671,Ajay Mitchell,OKC,ra,OVER,6.5,-105,0.5121951219512195,0.5694503348872499,0.7724460898422667,0.05725521293603042,0.11178398716082127,bovada,Bovada,2026-05-21T00:40:00Z,Oklahoma City Thunder,San Antonio Spurs,,,False
2026-05-20,2026-05-20T13:34:10.085203+00:00,4278073,Shai Gilgeous-Alexander,OKC,ra,UNDER,11.5,-121,0.5475113122171946,0.6082174831388606,0.8234484527702218,0.06070617092166597,0.11087656011312552,draftkings,DraftKings,2026-05-21T00:40:00Z,Oklahoma City Thunder,San Antonio Spurs,,,False
2026-05-20,2026-05-20T13:34:10.085203+00:00,5037871,Dylan Harper,SAS,ra,OVER,7.5,100,0.5,0.5553840029789409,0.7517454680860947,0.05538400297894086,0.11076800595788172,bovada,Bovada,2026-05-21T00:40:00Z,Oklahoma City Thunder,San Antonio Spurs,,,False
2026-05-20,2026-05-20T13:34:10.085203+00:00,5037871,Dylan Harper,SAS,ra,OVER,7.5,-101,0.5024875621890548,0.5573243014864036,0.7517454680860947,0.05483673929734878,0.10913054058185256,draftkings,DraftKings,2026-05-21T00:40:00Z,Oklahoma City Thunder,San Antonio Spurs,,,False
2026-05-20,2026-05-20T13:34:10.085203+00:00,4592479,Julian Champagnie,SAS,ra,OVER,6.5,105,0.4878048780487805,0.5404822792657491,0.7272476108531833,0.05267740121696862,0.10798867249478572,bovada,Bovada,2026-05-21T00:40:00Z,Oklahoma City Thunder,San Antonio Spurs,,,False
2026-05-20,2026-05-20T13:34:10.085203+00:00,4592479,Julian Champagnie,SAS,ra,OVER,6.5,102,0.49504950495049505,0.5461330882490865,0.7272476108531833,0.05108358329859142,0.10318883826315461,draftkings,DraftKings,2026-05-21T00:40:00Z,Oklahoma City Thunder,San Antonio Spurs,,,False
2026-05-20,2026-05-20T13:34:10.085203+00:00,4845367,Stephon Castle,SAS,ra,UNDER,10.5,145,0.40816326530612246,0.44989359905039067,0.5978466005073416,0.04173033374426821,0.10223931767345718,bovada,Bovada,2026-05-21T00:40:00Z,Oklahoma City Thunder,San Antonio Spurs,,,False
2026-05-20,2026-05-20T13:34:10.085203+00:00,5037871,Dylan Harper,SAS,ra,OVER,7.5,-106,0.5145631067961165,0.5667432262799117,0.7517454680860947,0.052180119483795195,0.1014066472986963,fanduel,FanDuel,2026-05-21T00:40:00Z,Oklahoma City Thunder,San Antonio Spurs,,,False
2026-05-20,2026-05-20T13:34:10.085203+00:00,4592479,Julian Champagnie,SAS,ra,OVER,6.5,100,0.5,0.5499944743877003,0.7272476108531833,0.04999447438770033,0.09998894877540065,fanduel,FanDuel,2026-05-21T00:40:00Z,Oklahoma City Thunder,San Antonio Spurs,,,False
2026-05-20,2026-05-20T13:34:10.085203+00:00,4592479,Julian Champagnie,SAS,ra,OVER,6.5,100,0.5,0.5499944743877003,0.7272476108531833,0.04999447438770033,0.09998894877540065,betmgm,BetMGM,2026-05-21T00:40:00Z,Oklahoma City Thunder,San Antonio Spurs,,,False
2026-05-20,2026-05-20T13:34:10.085203+00:00,4683692,Cason Wallace,OKC,ra,OVER,5.5,175,0.36363636363636365,0.39971312612125626,0.5276216476586029,0.03607676248489261,0.09921109683345475,bovada,Bovada,2026-05-21T00:40:00Z,Oklahoma City Thunder,San Antonio Spurs,,,False
2026-05-20,2026-05-20T13:34:10.085203+00:00,4845367,Stephon Castle,SAS,ra,UNDER,11.5,100,0.5,0.5466852063598908,0.7122054834540493,0.04668520635989082,0.09337041271978164,fanduel,FanDuel,2026-05-21T00:40:00Z,Oklahoma City Thunder,San Antonio Spurs,,,False
2026-05-20,2026-05-20T13:34:10.085203+00:00,4845367,Stephon Castle,SAS,ra,UNDER,11.5,-103,0.5073891625615764,0.5524487531579204,0.7122054834540493,0.04505959059634401,0.0888067659326004,draftkings,DraftKings,2026-05-21T00:40:00Z,Oklahoma City Thunder,San Antonio Spurs,,,False
2026-05-20,2026-05-20T13:34:10.085203+00:00,4278073,Shai Gilgeous-Alexander,OKC,ra,UNDER,11.5,-145,0.5918367346938775,0.6427913126706732,0.8234484527702218,0.0509545779767957,0.08609566623665482,betmgm,BetMGM,2026-05-21T00:40:00Z,Oklahoma City Thunder,San Antonio Spurs,,,False
2026-05-20,2026-05-20T13:34:10.085203+00:00,4845367,Stephon Castle,SAS,ra,UNDER,11.5,-105,0.5121951219512195,0.556197401481842,0.7122054834540493,0.04400227953062252,0.08590921241692973,bovada,Bovada,2026-05-21T00:40:00Z,Oklahoma City Thunder,San Antonio Spurs,,,False
2026-05-20,2026-05-20T13:34:10.085203+00:00,4222252,Isaiah Hartenstein,OKC,ra,OVER,4.5,-215,0.6825396825396826,0.7400603144615949,0.9439971003665569,0.05752063192191237,0.08427441421117393,bovada,Bovada,2026-05-21T00:40:00Z,Oklahoma City Thunder,San Antonio Spurs,,,False
2026-05-20,2026-05-20T13:34:10.085203+00:00,4845367,Stephon Castle,SAS,ra,UNDER,11.5,-110,0.5238095238095238,0.5652566349313195,0.7122054834540493,0.041447111121795666,0.0791263030507009,betmgm,BetMGM,2026-05-21T00:40:00Z,Oklahoma City Thunder,San Antonio Spurs,,,False
2026-05-20,2026-05-20T13:34:10.085203+00:00,4683692,Cason Wallace,OKC,ra,OVER,4.5,-105,0.5121951219512195,0.5522409710657413,0.6942217088354093,0.0400458491145218,0.07818475303311401,bovada,Bovada,2026-05-21T00:40:00Z,Oklahoma City Thunder,San Antonio Spurs,,,False
2026-05-20,2026-05-20T13:34:10.085203+00:00,4683692,Cason Wallace,OKC,ra,OVER,4.5,-106,0.5145631067961165,0.5540879992447609,0.6942217088354093,0.03952489244864443,0.07681252683415807,draftkings,DraftKings,2026-05-21T00:40:00Z,Oklahoma City Thunder,San Antonio Spurs,,,False
2026-05-20,2026-05-20T13:34:10.085203+00:00,5037871,Dylan Harper,SAS,ra,OVER,6.5,-170,0.6296296296296297,0.6763598430559662,0.8420396906584322,0.04673021342633654,0.0742185742653581,bovada,Bovada,2026-05-21T00:40:00Z,Oklahoma City Thunder,San Antonio Spurs,,,False
2026-05-20,2026-05-20T13:34:10.085203+00:00,4592479,Julian Champagnie,SAS,ra,OVER,5.5,-165,0.6226415094339622,0.6682927576137344,0.8301471829783813,0.045651248179772175,0.07331867131902803,bovada,Bovada,2026-05-21T00:40:00Z,Oklahoma City Thunder,San Antonio Spurs,,,False
2026-05-20,2026-05-20T13:34:10.085203+00:00,4397020,Luguentz Dort,OKC,ra,OVER,2.5,-215,0.6825396825396826,0.7308307921082515,0.9020447260331776,0.04829110956856897,0.07075209076325223,bovada,Bovada,2026-05-21T00:40:00Z,Oklahoma City Thunder,San Antonio Spurs,,,False
2026-05-20,2026-05-20T13:34:10.085203+00:00,4900671,Ajay Mitchell,OKC,ra,OVER,5.5,-190,0.6551724137931034,0.7009311593483313,0.8631667117714117,0.04575874555522785,0.069842295847453,bovada,Bovada,2026-05-21T00:40:00Z,Oklahoma City Thunder,San Antonio Spurs,,,False
2026-05-20,2026-05-20T13:34:10.085203+00:00,4845367,Stephon Castle,SAS,ra,UNDER,12.5,-160,0.6153846153846154,0.657841153982246,0.8083688817374816,0.042456538597630544,0.06899187522114969,bovada,Bovada,2026-05-21T00:40:00Z,Oklahoma City Thunder,San Antonio Spurs,,,False
2026-05-20,2026-05-20T13:34:10.085203+00:00,4395630,Devin Vassell,SAS,ra,OVER,7.5,145,0.40816326530612246,0.4304835415577451,0.5096190664498617,0.02232027625162264,0.054684676816475375,bovada,Bovada,2026-05-21T00:40:00Z,Oklahoma City Thunder,San Antonio Spurs,,,False
2026-05-20,2026-05-20T13:34:10.085203+00:00,4395630,Devin Vassell,SAS,ra,OVER,6.5,-108,0.5192307692307693,0.5474620210090196,0.6475546409500893,0.028231251778250366,0.054371299721074906,fanduel,FanDuel,2026-05-21T00:40:00Z,Oklahoma City Thunder,San Antonio Spurs,,,False
2026-05-20,2026-05-20T13:34:10.085203+00:00,4593803,Jalen Williams,OKC,ra,OVER,9.5,105,0.4878048780487805,0.5133382432461013,0.6038656289456935,0.025533365197320856,0.05234339865450777,bovada,Bovada,2026-05-21T00:40:00Z,Oklahoma City Thunder,San Antonio Spurs,,,False
2026-05-20,2026-05-20T13:34:10.085203+00:00,4395630,Devin Vassell,SAS,ra,OVER,6.5,-110,0.5238095238095238,0.5510334495804482,0.6475546409500893,0.027223925770924362,0.0519729491990375,betmgm,BetMGM,2026-05-21T00:40:00Z,Oklahoma City Thunder,San Antonio Spurs,,,False
2026-05-20,2026-05-20T13:34:10.085203+00:00,4683692,Cason Wallace,OKC,ra,OVER,3.5,-210,0.6774193548387096,0.7105539150714049,0.8280309922600517,0.03313456023269523,0.04891292224826432,bovada,Bovada,2026-05-21T00:40:00Z,Oklahoma City Thunder,San Antonio Spurs,,,False
2026-05-20,2026-05-20T13:34:10.085203+00:00,4593803,Jalen Williams,OKC,ra,OVER,9.5,102,0.49504950495049505,0.5189890522294387,0.6038656289456935,0.02393954727894365,0.0483578855034662,draftkings,DraftKings,2026-05-21T00:40:00Z,Oklahoma City Thunder,San Antonio Spurs,,,False
2026-05-20,2026-05-20T13:34:10.085203+00:00,4395630,Devin Vassell,SAS,ra,OVER,6.5,-115,0.5348837209302325,0.559671323334601,0.6475546409500893,0.024787602404368503,0.04634203927773234,bovada,Bovada,2026-05-21T00:40:00Z,Oklahoma City Thunder,San Antonio Spurs,,,False
2026-05-20,2026-05-20T13:34:10.085203+00:00,4395630,Devin Vassell,SAS,ra,OVER,6.5,-116,0.5370370370370371,0.5613509098979086,0.6475546409500893,0.0243138728608715,0.04527410808576077,draftkings,DraftKings,2026-05-21T00:40:00Z,Oklahoma City Thunder,San Antonio Spurs,,,False
2026-05-20,2026-05-20T13:34:10.085203+00:00,2991350,Alex Caruso,OKC,ra,OVER,6.5,165,0.37735849056603776,0.3941431501628058,0.4536523978240743,0.01678465959676806,0.04447934793143549,bovada,Bovada,2026-05-21T00:40:00Z,Oklahoma City Thunder,San Antonio Spurs,,,False
2026-05-20,2026-05-20T13:34:10.085203+00:00,4066259,De'Aaron Fox,SAS,ra,UNDER,8.5,-114,0.5327102803738317,0.5561347723340653,0.6391852438294385,0.02342449196023355,0.04397229192535057,fanduel,FanDuel,2026-05-21T00:40:00Z,Oklahoma City Thunder,San Antonio Spurs,,,False
2026-05-20,2026-05-20T13:34:10.085203+00:00,2991350,Alex Caruso,OKC,ra,OVER,5.5,-105,0.5121951219512195,0.5346704424976584,0.6143556698895778,0.02247532054643886,0.04388038773352343,bovada,Bovada,2026-05-21T00:40:00Z,Oklahoma City Thunder,San Antonio Spurs,,,False
2026-05-20,2026-05-20T13:34:10.085203+00:00,4593803,Jalen Williams,OKC,ra,OVER,8.5,-150,0.6,0.6257389696882061,0.7169953167645731,0.025738969688206104,0.0428982828136768,bovada,Bovada,2026-05-21T00:40:00Z,Oklahoma City Thunder,San Antonio Spurs,,,False
2026-05-20,2026-05-20T13:34:10.085203+00:00,2991350,Alex Caruso,OKC,ra,OVER,5.5,-107,0.5169082125603864,0.5383466531728085,0.6143556698895778,0.02143844061242206,0.04147436641842395,draftkings,DraftKings,2026-05-21T00:40:00Z,Oklahoma City Thunder,San Antonio Spurs,,,False
2026-05-20,2026-05-20T13:34:10.085203+00:00,4593803,Jalen Williams,OKC,ra,OVER,8.5,-155,0.6078431372549019,0.6318566167470295,0.7169953167645731,0.02401347949212762,0.039506046906403414,betmgm,BetMGM,2026-05-21T00:40:00Z,Oklahoma City Thunder,San Antonio Spurs,,,False
2026-05-20,2026-05-20T13:34:10.085203+00:00,4593803,Jalen Williams,OKC,ra,OVER,9.5,-108,0.5192307692307693,0.5378504383680526,0.6038656289456935,0.0186196691372833,0.03586010352365682,fanduel,FanDuel,2026-05-21T00:40:00Z,Oklahoma City Thunder,San Antonio Spurs,,,False
2026-05-20,2026-05-20T13:34:10.085203+00:00,2991350,Alex Caruso,OKC,ra,OVER,4.5,-190,0.6551724137931034,0.6776524867388647,0.7573545635465639,0.022480072945761265,0.03431169028563558,bovada,Bovada,2026-05-21T00:40:00Z,Oklahoma City Thunder,San Antonio Spurs,,,False
2026-05-20,2026-05-20T13:34:10.085203+00:00,2991350,Alex Caruso,OKC,ra,OVER,5.5,-114,0.5327102803738317,0.5506722660672959,0.6143556698895778,0.01796198569346419,0.03371811349474846,fanduel,FanDuel,2026-05-21T00:40:00Z,Oklahoma City Thunder,San Antonio Spurs,,,False
2026-05-20,2026-05-20T13:34:10.085203+00:00,4395630,Devin Vassell,SAS,ra,OVER,5.5,-200,0.6666666666666666,0.6890313816378244,0.7683244619901111,0.022364714971157773,0.033547072456736604,bovada,Bovada,2026-05-21T00:40:00Z,Oklahoma City Thunder,San Antonio Spurs,,,False
2026-05-20,2026-05-20T13:34:10.085203+00:00,4066259,De'Aaron Fox,SAS,ra,UNDER,8.5,-125,0.5555555555555556,0.5739540869758099,0.6391852438294385,0.01839853142025427,0.033117356556457755,bovada,Bovada,2026-05-21T00:40:00Z,Oklahoma City Thunder,San Antonio Spurs,,,False
2026-05-20,2026-05-20T13:34:10.085203+00:00,4066259,De'Aaron Fox,SAS,ra,UNDER,9.5,-200,0.6666666666666666,0.68827263370188,0.7648756077358181,0.021605967035213336,0.03240895055281995,bovada,Bovada,2026-05-21T00:40:00Z,Oklahoma City Thunder,San Antonio Spurs,,,False
2026-05-20,2026-05-20T13:34:10.085203+00:00,4066259,De'Aaron Fox,SAS,ra,UNDER,8.5,-126,0.5575221238938053,0.5754880102796446,0.6391852438294385,0.01796588638583929,0.03222452637460055,draftkings,DraftKings,2026-05-21T00:40:00Z,Oklahoma City Thunder,San Antonio Spurs,,,False
2026-05-20,2026-05-20T13:34:10.085203+00:00,4395723,Keldon Johnson,SAS,ra,UNDER,5.5,-185,0.6491228070175439,0.6693274893196719,0.7409622720272165,0.02020468230212802,0.031126132195170242,bovada,Bovada,2026-05-21T00:40:00Z,Oklahoma City Thunder,San Antonio Spurs,,,False
2026-05-20,2026-05-20T13:34:10.085203+00:00,4066259,De'Aaron Fox,SAS,ra,UNDER,7.5,130,0.43478260869565216,0.44829572609597984,0.4962058696062326,0.013513117400327679,0.031080170020753695,bovada,Bovada,2026-05-21T00:40:00Z,Oklahoma City Thunder,San Antonio Spurs,,,False
2026-05-20,2026-05-20T13:34:10.085203+00:00,4593803,Jalen Williams,OKC,ra,OVER,7.5,-250,0.7142857142857143,0.7357366271720387,0.8117898637690071,0.02145091288632439,0.030031278040854203,bovada,Bovada,2026-05-21T00:40:00Z,Oklahoma City Thunder,San Antonio Spurs,,,False
2026-05-20,2026-05-20T13:34:10.085203+00:00,4395723,Keldon Johnson,SAS,ra,UNDER,4.5,100,0.5,0.513174436935905,0.5598838042541139,0.013174436935905032,0.026348873871810063,bovada,Bovada,2026-05-21T00:40:00Z,Oklahoma City Thunder,San Antonio Spurs,,,False
2026-05-20,2026-05-20T13:34:10.085203+00:00,4395723,Keldon Johnson,SAS,ra,UNDER,4.5,-102,0.504950495049505,0.5170358230745189,0.5598838042541139,0.012085328025013942,0.023933688833851163,draftkings,DraftKings,2026-05-21T00:40:00Z,Oklahoma City Thunder,San Antonio Spurs,,,False
2026-05-20,2026-05-20T13:34:10.085203+00:00,4066259,De'Aaron Fox,SAS,ra,UNDER,8.5,-145,0.5918367346938775,0.602253406703701,0.6391852438294385,0.010416672009823436,0.017600583740736142,betmgm,BetMGM,2026-05-21T00:40:00Z,Oklahoma City Thunder,San Antonio Spurs,,,False
2026-05-20,2026-05-20T13:34:10.085203+00:00,4395723,Keldon Johnson,SAS,ra,UNDER,3.5,190,0.3448275862068966,0.349278745668222,0.3650601292129212,0.004451159461325405,0.012908362437843768,bovada,Bovada,2026-05-21T00:40:00Z,Oklahoma City Thunder,San Antonio Spurs,,,False
2026-05-20,2026-05-20T13:34:10.085203+00:00,4433255,Chet Holmgren,OKC,ra,UNDER,11.5,-170,0.6296296296296297,0.637645699636991,0.6660663114812724,0.008016070007361376,0.012731405305809296,bovada,Bovada,2026-05-21T00:40:00Z,Oklahoma City Thunder,San Antonio Spurs,,,False
2026-05-20,2026-05-20T13:34:10.085203+00:00,4433255,Chet Holmgren,OKC,ra,UNDER,10.5,-114,0.5327102803738317,0.5331323144708315,0.5346286171783763,0.00042203409699981265,0.0007922394452451464,fanduel,FanDuel,2026-05-21T00:40:00Z,Oklahoma City Thunder,San Antonio Spurs,,,False
2026-05-20,2026-05-20T13:34:10.085203+00:00,5104157,Victor Wembanyama,SAS,reb,UNDER,11.5,205,0.32786885245901637,0.3926722742008748,0.7598916640714057,0.06480342174185844,0.1976504363126681,bovada,Bovada,2026-05-21T00:40:00Z,Oklahoma City Thunder,San Antonio Spurs,,,False
2026-05-20,2026-05-20T13:34:10.085203+00:00,4222252,Isaiah Hartenstein,OKC,reb,OVER,5.5,200,0.3333333333333333,0.38506410048932116,0.6782051143732525,0.051730767155987845,0.15519230146796348,bovada,Bovada,2026-05-21T00:40:00Z,Oklahoma City Thunder,San Antonio Spurs,,,False
2026-05-20,2026-05-20T13:34:10.085203+00:00,5104157,Victor Wembanyama,SAS,reb,UNDER,12.5,135,0.425531914893617,0.4889063623050079,0.8480282309695562,0.06337444741139087,0.14892995141676857,bovada,Bovada,2026-05-21T00:40:00Z,Oklahoma City Thunder,San Antonio Spurs,,,False
2026-05-20,2026-05-20T13:34:10.085203+00:00,4593803,Jalen Williams,OKC,reb,OVER,5.5,150,0.4,0.4541353534207717,0.760902356138478,0.05413535342077169,0.1353383835519293,bovada,Bovada,2026-05-21T00:40:00Z,Oklahoma City Thunder,San Antonio Spurs,,,False
2026-05-20,2026-05-20T13:34:10.085203+00:00,5104157,Victor Wembanyama,SAS,reb,UNDER,13.5,-104,0.5098039215686274,0.570058883923076,0.9115036705982844,0.060254962354448605,0.11819242615680303,fanduel,FanDuel,2026-05-21T00:40:00Z,Oklahoma City Thunder,San Antonio Spurs,,,False
2026-05-20,2026-05-20T13:34:10.085203+00:00,5037871,Dylan Harper,SAS,reb,OVER,4.5,120,0.45454545454545453,0.5056364699006561,0.7951522235801318,0.05109101535520161,0.11240023378144348,fanatics,Fanatics,2026-05-21T00:40:00Z,Oklahoma City Thunder,San Antonio Spurs,,,False
2026-05-20,2026-05-20T13:34:10.085203+00:00,5104157,Victor Wembanyama,SAS,reb,UNDER,13.5,-110,0.5238095238095238,0.5819636458278379,0.9115036705982844,0.05815412201831405,0.11102150567132685,bovada,Bovada,2026-05-21T00:40:00Z,Oklahoma City Thunder,San Antonio Spurs,,,False
2026-05-20,2026-05-20T13:34:10.085203+00:00,5104157,Victor Wembanyama,SAS,reb,UNDER,13.5,-110,0.5238095238095238,0.5819636458278379,0.9115036705982844,0.05815412201831405,0.11102150567132685,williamhill_us,Caesars,2026-05-21T00:40:00Z,Oklahoma City Thunder,San Antonio Spurs,,,False
2026-05-20,2026-05-20T13:34:10.085203+00:00,5104157,Victor Wembanyama,SAS,reb,UNDER,13.5,-111,0.5260663507109005,0.5838819486940081,0.9115036705982844,0.05781559798310765,0.10990172229221362,betonlineag,BetOnline.ag,2026-05-21T00:40:00Z,Oklahoma City Thunder,San Antonio Spurs,,,False
2026-05-20,2026-05-20T13:34:10.085203+00:00,5104157,Victor Wembanyama,SAS,reb,UNDER,13.5,-112,0.5283018867924528,0.5857821543633276,0.9115036705982844,0.057480267570874766,0.10880193504487012,draftkings,DraftKings,2026-05-21T00:40:00Z,Oklahoma City Thunder,San Antonio Spurs,,,False
2026-05-20,2026-05-20T13:34:10.085203+00:00,5037871,Dylan Harper,SAS,reb,OVER,4.5,116,0.46296296296296297,0.5127913520555383,0.7951522235801318,0.04982838909257531,0.10762932043996265,draftkings,DraftKings,2026-05-21T00:40:00Z,Oklahoma City Thunder,San Antonio Spurs,,,False
2026-05-20,2026-05-20T13:34:10.085203+00:00,5037871,Dylan Harper,SAS,reb,OVER,4.5,115,0.46511627906976744,0.514621670746322,0.7951522235801318,0.0495053916765546,0.10643659210459233,bovada,Bovada,2026-05-21T00:40:00Z,Oklahoma City Thunder,San Antonio Spurs,,,False
2026-05-20,2026-05-20T13:34:10.085203+00:00,5037871,Dylan Harper,SAS,reb,OVER,4.5,113,0.4694835680751174,0.5183338664008695,0.7951522235801318,0.04885029832575216,0.10405113543385203,williamhill_us,Caesars,2026-05-21T00:40:00Z,Oklahoma City Thunder,San Antonio Spurs,,,False
2026-05-20,2026-05-20T13:34:10.085203+00:00,4222252,Isaiah Hartenstein,OKC,reb,OVER,4.5,109,0.4784688995215311,0.5270843840157855,0.8025721294832269,0.0486154844942544,0.10160636259299172,betonlineag,BetOnline.ag,2026-05-21T00:40:00Z,Oklahoma City Thunder,San Antonio Spurs,,,False
2026-05-20,2026-05-20T13:34:10.085203+00:00,5104157,Victor Wembanyama,SAS,reb,UNDER,13.5,-120,0.5454545454545454,0.6003619142261063,0.9115036705982844,0.05490736877156088,0.10066350941452828,betmgm,BetMGM,2026-05-21T00:40:00Z,Oklahoma City Thunder,San Antonio Spurs,,,False
2026-05-20,2026-05-20T13:34:10.085203+00:00,4222252,Isaiah Hartenstein,OKC,reb,OVER,4.5,108,0.4807692307692308,0.5290396655763302,0.8025721294832269,0.048270434807099416,0.10040250439876686,fanduel,FanDuel,2026-05-21T00:40:00Z,Oklahoma City Thunder,San Antonio Spurs,,,False
2026-05-20,2026-05-20T13:34:10.085203+00:00,4222252,Isaiah Hartenstein,OKC,reb,OVER,4.5,105,0.4878048780487805,0.5350199657639474,0.8025721294832269,0.047215087715166915,0.09679092981609216,bovada,Bovada,2026-05-21T00:40:00Z,Oklahoma City Thunder,San Antonio Spurs,,,False
2026-05-20,2026-05-20T13:34:10.085203+00:00,4222252,Isaiah Hartenstein,OKC,reb,OVER,4.5,102,0.49504950495049505,0.5411778986304048,0.8025721294832269,0.04612839367990973,0.0931793552334177,draftkings,DraftKings,2026-05-21T00:40:00Z,Oklahoma City Thunder,San Antonio Spurs,,,False
2026-05-20,2026-05-20T13:34:10.085203+00:00,4222252,Isaiah Hartenstein,OKC,reb,OVER,4.5,102,0.49504950495049505,0.5411778986304048,0.8025721294832269,0.04612839367990973,0.0931793552334177,williamhill_us,Caesars,2026-05-21T00:40:00Z,Oklahoma City Thunder,San Antonio Spurs,,,False
2026-05-20,2026-05-20T13:34:10.085203+00:00,5037871,Dylan Harper,SAS,reb,OVER,4.5,100,0.5,0.5442728335370197,0.7951522235801318,0.04427283353701972,0.08854566707403944,betmgm,BetMGM,2026-05-21T00:40:00Z,Oklahoma City Thunder,San Antonio Spurs,,,False
2026-05-20,2026-05-20T13:34:10.085203+00:00,5037871,Dylan Harper,SAS,reb,OVER,4.5,100,0.5,0.5442728335370197,0.7951522235801318,0.04427283353701972,0.08854566707403944,betonlineag,BetOnline.ag,2026-05-21T00:40:00Z,Oklahoma City Thunder,San Antonio Spurs,,,False
2026-05-20,2026-05-20T13:34:10.085203+00:00,4683692,Cason Wallace,OKC,reb,OVER,3.5,165,0.37735849056603776,0.40991075172736957,0.5943735649749164,0.03255226116133181,0.08626349207752937,bovada,Bovada,2026-05-21T00:40:00Z,Oklahoma City Thunder,San Antonio Spurs,,,False
2026-05-20,2026-05-20T13:34:10.085203+00:00,4397020,Luguentz Dort,OKC,reb,OVER,3.5,200,0.3333333333333333,0.36113663015325687,0.518688645466157,0.02780329681992355,0.08340989045977054,bovada,Bovada,2026-05-21T00:40:00Z,Oklahoma City Thunder,San Antonio Spurs,,,False
2026-05-20,2026-05-20T13:34:10.085203+00:00,4593803,Jalen Williams,OKC,reb,OVER,4.5,-125,0.5555555555555556,0.6012810504291477,0.8603921880461698,0.04572549487359212,0.08230589077246586,bovada,Bovada,2026-05-21T00:40:00Z,Oklahoma City Thunder,San Antonio Spurs,,,False
2026-05-20,2026-05-20T13:34:10.085203+00:00,5104157,Victor Wembanyama,SAS,reb,UNDER,14.5,-160,0.6153846153846154,0.6659895523510966,0.9527508618278231,0.05060493696648116,0.08223302257053194,bovada,Bovada,2026-05-21T00:40:00Z,Oklahoma City Thunder,San Antonio Spurs,,,False
2026-05-20,2026-05-20T13:34:10.085203+00:00,4593803,Jalen Williams,OKC,reb,OVER,4.5,-126,0.5575221238938053,0.60295263351666,0.8603921880461698,0.045430509622854665,0.08148646964099321,draftkings,DraftKings,2026-05-21T00:40:00Z,Oklahoma City Thunder,San Antonio Spurs,,,False
2026-05-20,2026-05-20T13:34:10.085203+00:00,4593803,Jalen Williams,OKC,reb,OVER,4.5,-132,0.5689655172413793,0.612679517862098,0.8603921880461698,0.04371400062071862,0.0768306677576267,williamhill_us,Caesars,2026-05-21T00:40:00Z,Oklahoma City Thunder,San Antonio Spurs,,,False
2026-05-20,2026-05-20T13:34:10.085203+00:00,4593803,Jalen Williams,OKC,reb,OVER,4.5,-138,0.5798319327731093,0.6219159710640684,0.8603921880461698,0.04208403829095908,0.07257971821194403,fanduel,FanDuel,2026-05-21T00:40:00Z,Oklahoma City Thunder,San Antonio Spurs,,,False
2026-05-20,2026-05-20T13:34:10.085203+00:00,4900671,Ajay Mitchell,OKC,reb,OVER,3.5,118,0.45871559633027525,0.49190648636183415,0.679988196540668,0.033190890031558895,0.07235614026879833,betonlineag,BetOnline.ag,2026-05-21T00:40:00Z,Oklahoma City Thunder,San Antonio Spurs,,,False
2026-05-20,2026-05-20T13:34:10.085203+00:00,4593803,Jalen Williams,OKC,reb,OVER,4.5,-140,0.5833333333333334,0.6248921615402588,0.8603921880461698,0.04155882820692547,0.07124370549758657,betmgm,BetMGM,2026-05-21T00:40:00Z,Oklahoma City Thunder,San Antonio Spurs,,,False
2026-05-20,2026-05-20T13:34:10.085203+00:00,4900671,Ajay Mitchell,OKC,reb,OVER,3.5,116,0.46296296296296297,0.4955167479996187,0.679988196540668,0.032553785036655736,0.07031617567917636,draftkings,DraftKings,2026-05-21T00:40:00Z,Oklahoma City Thunder,San Antonio Spurs,,,False
2026-05-20,2026-05-20T13:34:10.085203+00:00,4900671,Ajay Mitchell,OKC,reb,OVER,3.5,115,0.46511627906976744,0.4973470666904025,0.679988196540668,0.03223078762063508,0.06929619338436532,bovada,Bovada,2026-05-21T00:40:00Z,Oklahoma City Thunder,San Antonio Spurs,,,False
2026-05-20,2026-05-20T13:34:10.085203+00:00,4900671,Ajay Mitchell,OKC,reb,OVER,3.5,112,0.4716981132075472,0.5029416257075153,0.679988196540668,0.03124351249996815,0.06623624649993254,williamhill_us,Caesars,2026-05-21T00:40:00Z,Oklahoma City Thunder,San Antonio Spurs,,,False
2026-05-20,2026-05-20T13:34:10.085203+00:00,4593803,Jalen Williams,OKC,reb,OVER,4.5,-149,0.5983935742971888,0.6376933663595359,0.8603921880461698,0.03929979206234713,0.0656754914330499,betonlineag,BetOnline.ag,2026-05-21T00:40:00Z,Oklahoma City Thunder,San Antonio Spurs,,,False
2026-05-20,2026-05-20T13:34:10.085203+00:00,4900671,Ajay Mitchell,OKC,reb,OVER,3.5,105,0.4878048780487805,0.5166323758225636,0.679988196540668,0.02882749777378313,0.059096370436255374,betmgm,BetMGM,2026-05-21T00:40:00Z,Oklahoma City Thunder,San Antonio Spurs,,,False
2026-05-20,2026-05-20T13:34:10.085203+00:00,5037871,Dylan Harper,SAS,reb,OVER,3.5,-178,0.6402877697841727,0.6771921886463563,0.8863172288653968,0.03690441886218365,0.05763723844768015,fanduel,FanDuel,2026-05-21T00:40:00Z,Oklahoma City Thunder,San Antonio Spurs,,,False
2026-05-20,2026-05-20T13:34:10.085203+00:00,5104157,Victor Wembanyama,SAS,reb,UNDER,15.5,-240,0.7058823529411765,0.7465401648423244,0.9769344322821629,0.04065781190114792,0.05759856685995962,bovada,Bovada,2026-05-21T00:40:00Z,Oklahoma City Thunder,San Antonio Spurs,,,False
2026-05-20,2026-05-20T13:34:10.085203+00:00,5037871,Dylan Harper,SAS,reb,OVER,3.5,-180,0.6428571428571429,0.679376155758381,0.8863172288653968,0.036519012901238046,0.05680735340192594,bovada,Bovada,2026-05-21T00:40:00Z,Oklahoma City Thunder,San Antonio Spurs,,,False
2026-05-20,2026-05-20T13:34:10.085203+00:00,4397020,Luguentz Dort,OKC,reb,OVER,2.5,-110,0.5238095238095238,0.5530637112626732,0.718837440163853,0.02925418745314934,0.05584890331964876,draftkings,DraftKings,2026-05-21T00:40:00Z,Oklahoma City Thunder,San Antonio Spurs,,,False
2026-05-20,2026-05-20T13:34:10.085203+00:00,4397020,Luguentz Dort,OKC,reb,OVER,2.5,-110,0.5238095238095238,0.5530637112626732,0.718837440163853,0.02925418745314934,0.05584890331964876,bovada,Bovada,2026-05-21T00:40:00Z,Oklahoma City Thunder,San Antonio Spurs,,,False
2026-05-20,2026-05-20T13:34:10.085203+00:00,4397020,Luguentz Dort,OKC,reb,OVER,2.5,-112,0.5283018867924528,0.5568822197981629,0.718837440163853,0.028580333005710057,0.05409848747509405,betonlineag,BetOnline.ag,2026-05-21T00:40:00Z,Oklahoma City Thunder,San Antonio Spurs,,,False
2026-05-20,2026-05-20T13:34:10.085203+00:00,4592479,Julian Champagnie,SAS,reb,OVER,5.5,120,0.45454545454545453,0.47886986396468323,0.6167081840069792,0.0243244094192287,0.053513700722303104,bovada,Bovada,2026-05-21T00:40:00Z,Oklahoma City Thunder,San Antonio Spurs,,,False
2026-05-20,2026-05-20T13:34:10.085203+00:00,4683692,Cason Wallace,OKC,reb,OVER,2.5,-135,0.574468085106383,0.6048664876595137,0.777124102127254,0.030398402553130643,0.052915737777671945,bovada,Bovada,2026-05-21T00:40:00Z,Oklahoma City Thunder,San Antonio Spurs,,,False
2026-05-20,2026-05-20T13:34:10.085203+00:00,4397020,Luguentz Dort,OKC,reb,OVER,2.5,-114,0.5327102803738317,0.560629354342335,0.718837440163853,0.02791907396850324,0.052409489730348036,fanduel,FanDuel,2026-05-21T00:40:00Z,Oklahoma City Thunder,San Antonio Spurs,,,False
2026-05-20,2026-05-20T13:34:10.085203+00:00,4222252,Isaiah Hartenstein,OKC,reb,OVER,3.5,-200,0.6666666666666666,0.7005158497667324,0.8923278873337717,0.033849183100065794,0.050773774650098635,bovada,Bovada,2026-05-21T00:40:00Z,Oklahoma City Thunder,San Antonio Spurs,,,False
2026-05-20,2026-05-20T13:34:10.085203+00:00,4683692,Cason Wallace,OKC,reb,OVER,2.5,-141,0.5850622406639004,0.6138715198834035,0.777124102127254,0.028809279219503048,0.049241392141136486,draftkings,DraftKings,2026-05-21T00:40:00Z,Oklahoma City Thunder,San Antonio Spurs,,,False
2026-05-20,2026-05-20T13:34:10.085203+00:00,4592479,Julian Champagnie,SAS,reb,OVER,5.5,115,0.46511627906976744,0.4878550648103492,0.6167081840069792,0.022738785740581746,0.048888389342250704,betmgm,BetMGM,2026-05-21T00:40:00Z,Oklahoma City Thunder,San Antonio Spurs,,,False
2026-05-20,2026-05-20T13:34:10.085203+00:00,4683692,Cason Wallace,OKC,reb,OVER,2.5,-143,0.588477366255144,0.6167743766359606,0.777124102127254,0.028297010380816556,0.04808512952824068,betonlineag,BetOnline.ag,2026-05-21T00:40:00Z,Oklahoma City Thunder,San Antonio Spurs,,,False
2026-05-20,2026-05-20T13:34:10.085203+00:00,4395723,Keldon Johnson,SAS,reb,UNDER,3.5,115,0.46511627906976744,0.487103117990705,0.6116952052093512,0.021986838920937557,0.047271703680015764,betmgm,BetMGM,2026-05-21T00:40:00Z,Oklahoma City Thunder,San Antonio Spurs,,,False
2026-05-20,2026-05-20T13:34:10.085203+00:00,2991350,Alex Caruso,OKC,reb,OVER,4.5,215,0.31746031746031744,0.33150421862674384,0.41108632523649336,0.014043901166426398,0.044238288674243065,bovada,Bovada,2026-05-21T00:40:00Z,Oklahoma City Thunder,San Antonio Spurs,,,False
2026-05-20,2026-05-20T13:34:10.085203+00:00,4593803,Jalen Williams,OKC,reb,OVER,3.5,-260,0.7222222222222222,0.7529628228406016,0.9271595596780845,0.030740600618379355,0.042563908548525264,bovada,Bovada,2026-05-21T00:40:00Z,Oklahoma City Thunder,San Antonio Spurs,,,False
2026-05-20,2026-05-20T13:34:10.085203+00:00,4397020,Luguentz Dort,OKC,reb,OVER,2.5,-130,0.5652173913043478,0.5882603986332735,0.718837440163853,0.023043007328925724,0.04076839758194545,betmgm,BetMGM,2026-05-21T00:40:00Z,Oklahoma City Thunder,San Antonio Spurs,,,False
2026-05-20,2026-05-20T13:34:10.085203+00:00,4395630,Devin Vassell,SAS,reb,OVER,4.5,134,0.42735042735042733,0.4434052182401501,0.5343823666152459,0.01605479088972278,0.037568210681951264,fanduel,FanDuel,2026-05-21T00:40:00Z,Oklahoma City Thunder,San Antonio Spurs,,,False
2026-05-20,2026-05-20T13:34:10.085203+00:00,4592479,Julian Champagnie,SAS,reb,OVER,4.5,-154,0.6062992125984252,0.6289656080933831,0.7574085158981446,0.02266639549495786,0.03738483412804744,betonlineag,BetOnline.ag,2026-05-21T00:40:00Z,Oklahoma City Thunder,San Antonio Spurs,,,False
2026-05-20,2026-05-20T13:34:10.085203+00:00,2991350,Alex Caruso,OKC,reb,OVER,3.5,105,0.4878048780487805,0.5059963701772495,0.6090814922385743,0.018191492128469045,0.03729255886336158,bovada,Bovada,2026-05-21T00:40:00Z,Oklahoma City Thunder,San Antonio Spurs,,,False
2026-05-20,2026-05-20T13:34:10.085203+00:00,4683692,Cason Wallace,OKC,reb,OVER,2.5,-165,0.6226415094339622,0.645813898337956,0.777124102127254,0.023172388903993757,0.03721626096702024,betmgm,BetMGM,2026-05-21T00:40:00Z,Oklahoma City Thunder,San Antonio Spurs,,,False
2026-05-20,2026-05-20T13:34:10.085203+00:00,4900671,Ajay Mitchell,OKC,reb,OVER,2.5,-200,0.6666666666666666,0.6912299794003713,0.8304220848913647,0.024563312733704712,0.03684496910055701,bovada,Bovada,2026-05-21T00:40:00Z,Oklahoma City Thunder,San Antonio Spurs,,,False
2026-05-20,2026-05-20T13:34:10.085203+00:00,4592479,Julian Champagnie,SAS,reb,OVER,4.5,-156,0.609375,0.6315800273847217,0.7574085158981446,0.022205027384721743,0.03643901929800497,draftkings,DraftKings,2026-05-21T00:40:00Z,Oklahoma City Thunder,San Antonio Spurs,,,False
2026-05-20,2026-05-20T13:34:10.085203+00:00,2991350,Alex Caruso,OKC,reb,OVER,3.5,104,0.49019607843137253,0.5080288905024528,0.6090814922385743,0.017832812071080284,0.0363789366250038,draftkings,DraftKings,2026-05-21T00:40:00Z,Oklahoma City Thunder,San Antonio Spurs,,,False
2026-05-20,2026-05-20T13:34:10.085203+00:00,2991350,Alex Caruso,OKC,reb,OVER,3.5,104,0.49019607843137253,0.5080288905024528,0.6090814922385743,0.017832812071080284,0.0363789366250038,betonlineag,BetOnline.ag,2026-05-21T00:40:00Z,Oklahoma City Thunder,San Antonio Spurs,,,False
2026-05-20,2026-05-20T13:34:10.085203+00:00,4066259,De'Aaron Fox,SAS,reb,OVER,3.5,125,0.4444444444444444,0.4605034366188889,0.5515043922740741,0.016058992174444453,0.03613273239250003,bovada,Bovada,2026-05-21T00:40:00Z,Oklahoma City Thunder,San Antonio Spurs,,,False
2026-05-20,2026-05-20T13:34:10.085203+00:00,4592479,Julian Champagnie,SAS,reb,OVER,4.5,-158,0.6124031007751938,0.6341539130436364,0.7574085158981446,0.021750812268442665,0.03551714914720383,fanduel,FanDuel,2026-05-21T00:40:00Z,Oklahoma City Thunder,San Antonio Spurs,,,False
2026-05-20,2026-05-20T13:34:10.085203+00:00,4395723,Keldon Johnson,SAS,reb,UNDER,3.5,102,0.49504950495049505,0.5125463599893234,0.6116952052093512,0.017496855038828363,0.0353436471784333,betonlineag,BetOnline.ag,2026-05-21T00:40:00Z,Oklahoma City Thunder,San Antonio Spurs,,,False
2026-05-20,2026-05-20T13:34:10.085203+00:00,4066259,De'Aaron Fox,SAS,reb,OVER,3.5,124,0.44642857142857145,0.46218994455539686,0.5515043922740741,0.015761373126825406,0.03530547580408894,draftkings,DraftKings,2026-05-21T00:40:00Z,Oklahoma City Thunder,San Antonio Spurs,,,False
2026-05-20,2026-05-20T13:34:10.085203+00:00,4592479,Julian Champagnie,SAS,reb,OVER,4.5,-160,0.6153846153846154,0.6366882004616448,0.7574085158981446,0.02130358507702934,0.03461832575017276,bovada,Bovada,2026-05-21T00:40:00Z,Oklahoma City Thunder,San Antonio Spurs,,,False
2026-05-20,2026-05-20T13:34:10.085203+00:00,4592479,Julian Champagnie,SAS,reb,OVER,4.5,-160,0.6153846153846154,0.6366882004616448,0.7574085158981446,0.02130358507702934,0.03461832575017276,williamhill_us,Caesars,2026-05-21T00:40:00Z,Oklahoma City Thunder,San Antonio Spurs,,,False
2026-05-20,2026-05-20T13:34:10.085203+00:00,2991350,Alex Caruso,OKC,reb,OVER,3.5,102,0.49504950495049505,0.5121543030437069,0.6090814922385743,0.01710479809321186,0.034551692148287905,williamhill_us,Caesars,2026-05-21T00:40:00Z,Oklahoma City Thunder,San Antonio Spurs,,,False
2026-05-20,2026-05-20T13:34:10.085203+00:00,4395723,Keldon Johnson,SAS,reb,UNDER,3.5,101,0.4975124378109453,0.5146398529207061,0.6116952052093512,0.017127415109760846,0.034426104370619326,draftkings,DraftKings,2026-05-21T00:40:00Z,Oklahoma City Thunder,San Antonio Spurs,,,False
2026-05-20,2026-05-20T13:34:10.085203+00:00,4395723,Keldon Johnson,SAS,reb,UNDER,3.5,100,0.5,0.5167542807814027,0.6116952052093512,0.01675428078140273,0.03350856156280546,bovada,Bovada,2026-05-21T00:40:00Z,Oklahoma City Thunder,San Antonio Spurs,,,False
2026-05-20,2026-05-20T13:34:10.085203+00:00,2991350,Alex Caruso,OKC,reb,OVER,3.5,100,0.5,0.5163622238357861,0.6090814922385743,0.016362223835786116,0.03272444767157223,betmgm,BetMGM,2026-05-21T00:40:00Z,Oklahoma City Thunder,San Antonio Spurs,,,False
2026-05-20,2026-05-20T13:34:10.085203+00:00,4066259,De'Aaron Fox,SAS,reb,OVER,3.5,120,0.45454545454545453,0.46908929520474746,0.5515043922740741,0.014543840659292928,0.03199644945044433,williamhill_us,Caesars,2026-05-21T00:40:00Z,Oklahoma City Thunder,San Antonio Spurs,,,False
2026-05-20,2026-05-20T13:34:10.085203+00:00,4395723,Keldon Johnson,SAS,reb,UNDER,3.5,-102,0.504950495049505,0.5209622015734818,0.6116952052093512,0.016011706523976876,0.03170945801807179,williamhill_us,Caesars,2026-05-21T00:40:00Z,Oklahoma City Thunder,San Antonio Spurs,,,False
2026-05-20,2026-05-20T13:34:10.085203+00:00,4066259,De'Aaron Fox,SAS,reb,OVER,3.5,118,0.45871559633027525,0.4726339157218451,0.5515043922740741,0.013918319391569844,0.03034193627362225,betonlineag,BetOnline.ag,2026-05-21T00:40:00Z,Oklahoma City Thunder,San Antonio Spurs,,,False
2026-05-20,2026-05-20T13:34:10.085203+00:00,2991350,Alex Caruso,OKC,reb,OVER,3.5,-104,0.5098039215686274,0.5246955571691194,0.6090814922385743,0.014891635600492004,0.029210515985580443,fanduel,FanDuel,2026-05-21T00:40:00Z,Oklahoma City Thunder,San Antonio Spurs,,,False
2026-05-20,2026-05-20T13:34:10.085203+00:00,4395723,Keldon Johnson,SAS,reb,UNDER,4.5,-210,0.6774193548387096,0.6968841146277882,0.8071844200992334,0.01946475978907858,0.02873369302197304,bovada,Bovada,2026-05-21T00:40:00Z,Oklahoma City Thunder,San Antonio Spurs,,,False
2026-05-20,2026-05-20T13:34:10.085203+00:00,4066259,De'Aaron Fox,SAS,reb,OVER,3.5,116,0.46296296296296297,0.47624417735962965,0.5515043922740741,0.013281214396666685,0.028687423096800058,fanduel,FanDuel,2026-05-21T00:40:00Z,Oklahoma City Thunder,San Antonio Spurs,,,False
2026-05-20,2026-05-20T13:34:10.085203+00:00,4395723,Keldon Johnson,SAS,reb,UNDER,3.5,-106,0.5145631067961165,0.5291329215581017,0.6116952052093512,0.014569814761985156,0.028314923028008865,fanduel,FanDuel,2026-05-21T00:40:00Z,Oklahoma City Thunder,San Antonio Spurs,,,False
2026-05-20,2026-05-20T13:34:10.085203+00:00,4395630,Devin Vassell,SAS,reb,OVER,4.5,118,0.45871559633027525,0.47006561187302087,0.5343823666152459,0.011350015542745617,0.02474303388318544,betonlineag,BetOnline.ag,2026-05-21T00:40:00Z,Oklahoma City Thunder,San Antonio Spurs,,,False
2026-05-20,2026-05-20T13:34:10.085203+00:00,4395630,Devin Vassell,SAS,reb,OVER,4.5,115,0.46511627906976744,0.4755061922015892,0.5343823666152459,0.010389913131821749,0.02233831323341673,bovada,Bovada,2026-05-21T00:40:00Z,Oklahoma City Thunder,San Antonio Spurs,,,False
2026-05-20,2026-05-20T13:34:10.085203+00:00,4395630,Devin Vassell,SAS,reb,OVER,4.5,115,0.46511627906976744,0.4755061922015892,0.5343823666152459,0.010389913131821749,0.02233831323341673,williamhill_us,Caesars,2026-05-21T00:40:00Z,Oklahoma City Thunder,San Antonio Spurs,,,False
2026-05-20,2026-05-20T13:34:10.085203+00:00,2991350,Alex Caruso,OKC,reb,OVER,2.5,-220,0.6875,0.7016589949022034,0.7818932993480227,0.014158994902203403,0.020594901675932198,bovada,Bovada,2026-05-21T00:40:00Z,Oklahoma City Thunder,San Antonio Spurs,,,False
2026-05-20,2026-05-20T13:34:10.085203+00:00,4066259,De'Aaron Fox,SAS,reb,OVER,2.5,-185,0.6491228070175439,0.6621639981656852,0.7360640813384859,0.013041191148141285,0.020090483660650138,bovada,Bovada,2026-05-21T00:40:00Z,Oklahoma City Thunder,San Antonio Spurs,,,False
2026-05-20,2026-05-20T13:34:10.085203+00:00,4395630,Devin Vassell,SAS,reb,OVER,4.5,112,0.4716981132075472,0.481100751218702,0.5343823666152459,0.009402638011154818,0.01993359258364824,draftkings,DraftKings,2026-05-21T00:40:00Z,Oklahoma City Thunder,San Antonio Spurs,,,False
2026-05-20,2026-05-20T13:34:10.085203+00:00,4066259,De'Aaron Fox,SAS,reb,OVER,3.5,100,0.5,0.5077256588411111,0.5515043922740741,0.007725658841111094,0.015451317682222188,betmgm,BetMGM,2026-05-21T00:40:00Z,Oklahoma City Thunder,San Antonio Spurs,,,False
2026-05-20,2026-05-20T13:34:10.085203+00:00,4395630,Devin Vassell,SAS,reb,OVER,3.5,-180,0.6428571428571429,0.6525116969915232,0.7072208370863451,0.009654554134380322,0.015018195320147254,bovada,Bovada,2026-05-21T00:40:00Z,Oklahoma City Thunder,San Antonio Spurs,,,False
2026-05-20,2026-05-20T13:34:10.085203+00:00,4395630,Devin Vassell,SAS,reb,OVER,4.5,105,0.4878048780487805,0.49479150133375027,0.5343823666152459,0.006986623284969795,0.014322577734188102,betmgm,BetMGM,2026-05-21T00:40:00Z,Oklahoma City Thunder,San Antonio Spurs,,,False
2026-05-20,2026-05-20T13:34:10.085203+00:00,4433255,Chet Holmgren,OKC,reb,UNDER,10.5,-240,0.7058823529411765,0.7152562699693239,0.7683751331288259,0.009373917028147383,0.013279715789875524,bovada,Bovada,2026-05-21T00:40:00Z,Oklahoma City Thunder,San Antonio Spurs,,,False
2026-05-20,2026-05-20T13:34:10.085203+00:00,4433255,Chet Holmgren,OKC,reb,UNDER,9.5,-145,0.5918367346938775,0.5987133132863688,0.6376805919771527,0.006876578592491245,0.011619046587312831,bovada,Bovada,2026-05-21T00:40:00Z,Oklahoma City Thunder,San Antonio Spurs,,,False
2026-05-20,2026-05-20T13:34:10.085203+00:00,4433255,Chet Holmgren,OKC,reb,UNDER,9.5,-146,0.5934959349593496,0.60012363351202,0.6376805919771527,0.006627698552670425,0.011167218109293997,draftkings,DraftKings,2026-05-21T00:40:00Z,Oklahoma City Thunder,San Antonio Spurs,,,False
2026-05-20,2026-05-20T13:34:10.085203+00:00,4845367,Stephon Castle,SAS,reb,OVER,5.5,118,0.45871559633027525,0.46126949497642517,0.475741587304608,0.0025538986461499102,0.005567499048606761,fanduel,FanDuel,2026-05-21T00:40:00Z,Oklahoma City Thunder,San Antonio Spurs,,,False
2026-05-20,2026-05-20T13:34:10.085203+00:00,4278073,Shai Gilgeous-Alexander,OKC,reb,UNDER,4.5,-150,0.6,0.6029634760954748,0.6197565073031659,0.0029634760954748707,0.004939126825791396,bovada,Bovada,2026-05-21T00:40:00Z,Oklahoma City Thunder,San Antonio Spurs,,,False
2026-05-20,2026-05-20T13:34:10.085203+00:00,4278073,Shai Gilgeous-Alexander,OKC,reb,UNDER,4.5,-151,0.601593625498008,0.6043180577687817,0.6197565073031659,0.00272443227077368,0.0045286920527430885,draftkings,DraftKings,2026-05-21T00:40:00Z,Oklahoma City Thunder,San Antonio Spurs,,,False
2026-05-20,2026-05-20T13:34:10.085203+00:00,4433255,Chet Holmgren,OKC,reb,UNDER,8.5,110,0.47619047619047616,0.4780282842146862,0.48844252968520974,0.0018378080242100192,0.0038593968508410237,bovada,Bovada,2026-05-21T00:40:00Z,Oklahoma City Thunder,San Antonio Spurs,,,False
2026-05-20,2026-05-20T13:34:10.085203+00:00,4845367,Stephon Castle,SAS,reb,OVER,4.5,-170,0.6296296296296297,0.6313661388228231,0.6412063575842526,0.0017365091931934584,0.0027579851891896823,bovada,Bovada,2026-05-21T00:40:00Z,Oklahoma City Thunder,San Antonio Spurs,,,False
2026-05-20,2026-05-20T13:34:10.085203+00:00,4845367,Stephon Castle,SAS,reb,OVER,5.5,113,0.4694835680751174,0.470422270959541,0.475741587304608,0.0009387028844236034,0.0019994371438222247,betonlineag,BetOnline.ag,2026-05-21T00:40:00Z,Oklahoma City Thunder,San Antonio Spurs,,,False
2026-05-20,2026-05-20T13:34:10.085203+00:00,4278073,Shai Gilgeous-Alexander,OKC,reb,UNDER,4.5,-159,0.6138996138996139,0.6147781479101467,0.6197565073031659,0.0008785340105328387,0.001431071124075478,williamhill_us,Caesars,2026-05-21T00:40:00Z,Oklahoma City Thunder,San Antonio Spurs,,,False
2026-05-20,2026-05-20T13:34:10.085203+00:00,4278073,Shai Gilgeous-Alexander,OKC,reb,UNDER,4.5,-162,0.6183206106870229,0.6185359951794444,0.6197565073031659,0.0002153844924214221,0.00034833788280502764,fanduel,FanDuel,2026-05-21T00:40:00Z,Oklahoma City Thunder,San Antonio Spurs,,,False
2026-05-20,2026-05-20T13:34:10.085203+00:00,5104157,Victor Wembanyama,SAS,stl,UNDER,0.5,175,0.36363636363636365,0.5708099403991176,0.5708099403991176,0.20717357676275394,0.5697273360975734,bovada,Bovada,2026-05-21T00:40:00Z,Oklahoma City Thunder,San Antonio Spurs,,,False
2026-05-20,2026-05-20T13:34:10.085203+00:00,5104157,Victor Wembanyama,SAS,stl,UNDER,0.5,173,0.3663003663003663,0.5708099403991176,0.5708099403991176,0.2045095740987513,0.558311137289591,draftkings,DraftKings,2026-05-21T00:40:00Z,Oklahoma City Thunder,San Antonio Spurs,,,False
2026-05-20,2026-05-20T13:34:10.085203+00:00,5104157,Victor Wembanyama,SAS,stl,UNDER,0.5,164,0.3787878787878788,0.5708099403991176,0.5708099403991176,0.1920220616112388,0.5069382426536704,fanduel,FanDuel,2026-05-21T00:40:00Z,Oklahoma City Thunder,San Antonio Spurs,,,False
2026-05-20,2026-05-20T13:34:10.085203+00:00,4397020,Luguentz Dort,OKC,stl,UNDER,0.5,115,0.46511627906976744,0.6426266042676827,0.6426266042676827,0.17751032519791526,0.3816471991755177,bovada,Bovada,2026-05-21T00:40:00Z,Oklahoma City Thunder,San Antonio Spurs,,,False
2026-05-20,2026-05-20T13:34:10.085203+00:00,4397020,Luguentz Dort,OKC,stl,UNDER,0.5,112,0.4716981132075472,0.6426266042676827,0.6426266042676827,0.17092849106013552,0.36236840104748735,draftkings,DraftKings,2026-05-21T00:40:00Z,Oklahoma City Thunder,San Antonio Spurs,,,False
2026-05-20,2026-05-20T13:34:10.085203+00:00,4593803,Jalen Williams,OKC,stl,UNDER,0.5,186,0.34965034965034963,0.46814660226426086,0.46814660226426086,0.11849625261391122,0.33889928247578605,draftkings,DraftKings,2026-05-21T00:40:00Z,Oklahoma City Thunder,San Antonio Spurs,,,False
2026-05-20,2026-05-20T13:34:10.085203+00:00,4593803,Jalen Williams,OKC,stl,UNDER,0.5,185,0.3508771929824561,0.46814660226426086,0.46814660226426086,0.11726940928180474,0.3342178164531435,bovada,Bovada,2026-05-21T00:40:00Z,Oklahoma City Thunder,San Antonio Spurs,,,False
2026-05-20,2026-05-20T13:34:10.085203+00:00,4222252,Isaiah Hartenstein,OKC,stl,OVER,0.5,122,0.45045045045045046,0.5960564057767623,0.5960564057767623,0.14560595532631188,0.3232452208244123,draftkings,DraftKings,2026-05-21T00:40:00Z,Oklahoma City Thunder,San Antonio Spurs,,,False
2026-05-20,2026-05-20T13:34:10.085203+00:00,4845367,Stephon Castle,SAS,stl,UNDER,0.5,178,0.3597122302158273,0.473456604725766,0.473456604725766,0.11374437450993868,0.31620936113762954,fanduel,FanDuel,2026-05-21T00:40:00Z,Oklahoma City Thunder,San Antonio Spurs,,,False
2026-05-20,2026-05-20T13:34:10.085203+00:00,4683692,Cason Wallace,OKC,stl,UNDER,1.5,-165,0.6226415094339622,0.8171713544813559,0.8171713544813559,0.19452984504739368,0.31242672083369283,bovada,Bovada,2026-05-21T00:40:00Z,Oklahoma City Thunder,San Antonio Spurs,,,False
2026-05-20,2026-05-20T13:34:10.085203+00:00,4222252,Isaiah Hartenstein,OKC,stl,OVER,0.5,120,0.45454545454545453,0.5960564057767623,0.5960564057767623,0.1415109512313078,0.31132409270887706,bovada,Bovada,2026-05-21T00:40:00Z,Oklahoma City Thunder,San Antonio Spurs,,,False
2026-05-20,2026-05-20T13:34:10.085203+00:00,4683692,Cason Wallace,OKC,stl,UNDER,1.5,-166,0.6240601503759399,0.8171713544813559,0.8171713544813559,0.19311120410541605,0.3094432547713294,draftkings,DraftKings,2026-05-21T00:40:00Z,Oklahoma City Thunder,San Antonio Spurs,,,False
2026-05-20,2026-05-20T13:34:10.085203+00:00,4397020,Luguentz Dort,OKC,stl,UNDER,0.5,102,0.49504950495049505,0.6426266042676827,0.6426266042676827,0.14757709931718765,0.29810574062071904,fanduel,FanDuel,2026-05-21T00:40:00Z,Oklahoma City Thunder,San Antonio Spurs,,,False
2026-05-20,2026-05-20T13:34:10.085203+00:00,5104157,Victor Wembanyama,SAS,stl,UNDER,1.5,-300,0.75,0.9664219151483477,0.9664219151483477,0.21642191514834774,0.2885625535311303,bovada,Bovada,2026-05-21T00:40:00Z,Oklahoma City Thunder,San Antonio Spurs,,,False
2026-05-20,2026-05-20T13:34:10.085203+00:00,4278073,Shai Gilgeous-Alexander,OKC,stl,UNDER,1.5,-150,0.6,0.7713328081777214,0.7713328081777214,0.17133280817772145,0.28555468029620235,bovada,Bovada,2026-05-21T00:40:00Z,Oklahoma City Thunder,San Antonio Spurs,,,False
2026-05-20,2026-05-20T13:34:10.085203+00:00,4278073,Shai Gilgeous-Alexander,OKC,stl,UNDER,1.5,-152,0.6031746031746031,0.7713328081777214,0.7713328081777214,0.1681582050031183,0.27878860303148556,draftkings,DraftKings,2026-05-21T00:40:00Z,Oklahoma City Thunder,San Antonio Spurs,,,False
2026-05-20,2026-05-20T13:34:10.085203+00:00,4845367,Stephon Castle,SAS,stl,UNDER,0.5,170,0.37037037037037035,0.473456604725766,0.473456604725766,0.10308623435539566,0.2783328327595682,draftkings,DraftKings,2026-05-21T00:40:00Z,Oklahoma City Thunder,San Antonio Spurs,,,False
2026-05-20,2026-05-20T13:34:10.085203+00:00,4845367,Stephon Castle,SAS,stl,UNDER,0.5,170,0.37037037037037035,0.473456604725766,0.473456604725766,0.10308623435539566,0.2783328327595682,bovada,Bovada,2026-05-21T00:40:00Z,Oklahoma City Thunder,San Antonio Spurs,,,False
2026-05-20,2026-05-20T13:34:10.085203+00:00,4593803,Jalen Williams,OKC,stl,UNDER,1.5,-270,0.7297297297297297,0.9110717089146264,0.9110717089146264,0.1813419791848967,0.24850567517930283,fanduel,FanDuel,2026-05-21T00:40:00Z,Oklahoma City Thunder,San Antonio Spurs,,,False
2026-05-20,2026-05-20T13:34:10.085203+00:00,4593803,Jalen Williams,OKC,stl,UNDER,1.5,-280,0.7368421052631579,0.9110717089146264,0.9110717089146264,0.17422960365146856,0.23645446209842158,bovada,Bovada,2026-05-21T00:40:00Z,Oklahoma City Thunder,San Antonio Spurs,,,False
2026-05-20,2026-05-20T13:34:10.085203+00:00,4278073,Shai Gilgeous-Alexander,OKC,stl,UNDER,1.5,-168,0.6268656716417911,0.7713328081777214,0.7713328081777214,0.14446713653593035,0.23045947971207942,fanduel,FanDuel,2026-05-21T00:40:00Z,Oklahoma City Thunder,San Antonio Spurs,,,False
2026-05-20,2026-05-20T13:34:10.085203+00:00,2991350,Alex Caruso,OKC,stl,UNDER,1.5,-170,0.6296296296296297,0.749908289747151,0.749908289747151,0.12027866011752131,0.191030813127828,bovada,Bovada,2026-05-21T00:40:00Z,Oklahoma City Thunder,San Antonio Spurs,,,False
2026-05-20,2026-05-20T13:34:10.085203+00:00,2991350,Alex Caruso,OKC,stl,UNDER,1.5,-172,0.6323529411764706,0.749908289747151,0.749908289747151,0.1175553485706804,0.18590148146061086,draftkings,DraftKings,2026-05-21T00:40:00Z,Oklahoma City Thunder,San Antonio Spurs,,,False
2026-05-20,2026-05-20T13:34:10.085203+00:00,4395630,Devin Vassell,SAS,stl,UNDER,0.5,164,0.3787878787878788,0.42407321501544126,0.42407321501544126,0.04528533622756248,0.1195532876407649,fanduel,FanDuel,2026-05-21T00:40:00Z,Oklahoma City Thunder,San Antonio Spurs,,,False
2026-05-20,2026-05-20T13:34:10.085203+00:00,4395630,Devin Vassell,SAS,stl,UNDER,0.5,160,0.38461538461538464,0.42407321501544126,0.42407321501544126,0.039457830400056626,0.10259035904014735,draftkings,DraftKings,2026-05-21T00:40:00Z,Oklahoma City Thunder,San Antonio Spurs,,,False
2026-05-20,2026-05-20T13:34:10.085203+00:00,4395630,Devin Vassell,SAS,stl,UNDER,0.5,160,0.38461538461538464,0.42407321501544126,0.42407321501544126,0.039457830400056626,0.10259035904014735,bovada,Bovada,2026-05-21T00:40:00Z,Oklahoma City Thunder,San Antonio Spurs,,,False
2026-05-20,2026-05-20T13:34:10.085203+00:00,4066259,De'Aaron Fox,SAS,stl,UNDER,0.5,178,0.3597122302158273,0.39453996573407124,0.39453996573407124,0.03482773551824392,0.09682110474071803,fanduel,FanDuel,2026-05-21T00:40:00Z,Oklahoma City Thunder,San Antonio Spurs,,,False
2026-05-20,2026-05-20T13:34:10.085203+00:00,4592479,Julian Champagnie,SAS,stl,OVER,0.5,-150,0.6,0.657720326701746,0.657720326701746,0.05772032670174598,0.09620054450290993,draftkings,DraftKings,2026-05-21T00:40:00Z,Oklahoma City Thunder,San Antonio Spurs,,,False
2026-05-20,2026-05-20T13:34:10.085203+00:00,4592479,Julian Champagnie,SAS,stl,OVER,0.5,-150,0.6,0.657720326701746,0.657720326701746,0.05772032670174598,0.09620054450290993,bovada,Bovada,2026-05-21T00:40:00Z,Oklahoma City Thunder,San Antonio Spurs,,,False
2026-05-20,2026-05-20T13:34:10.085203+00:00,4433255,Chet Holmgren,OKC,stl,OVER,0.5,-150,0.6,0.6253596785492577,0.6253596785492577,0.02535967854925769,0.04226613091542941,bovada,Bovada,2026-05-21T00:40:00Z,Oklahoma City Thunder,San Antonio Spurs,,,False
2026-05-20,2026-05-20T13:34:10.085203+00:00,4433255,Chet Holmgren,OKC,stl,OVER,0.5,-153,0.6047430830039525,0.6253596785492577,0.6253596785492577,0.02061659554530515,0.03409149459452415,draftkings,DraftKings,2026-05-21T00:40:00Z,Oklahoma City Thunder,San Antonio Spurs,,,False
2026-05-20,2026-05-20T13:34:10.085203+00:00,5037871,Dylan Harper,SAS,stl,OVER,0.5,-218,0.6855345911949685,0.7066756187955932,0.7066756187955932,0.02114102760062464,0.030838746683479912,draftkings,DraftKings,2026-05-21T00:40:00Z,Oklahoma City Thunder,San Antonio Spurs,,,False
2026-05-20,2026-05-20T13:34:10.085203+00:00,5037871,Dylan Harper,SAS,stl,OVER,0.5,-220,0.6875,0.7066756187955932,0.7066756187955932,0.019175618795593152,0.027891809157226388,bovada,Bovada,2026-05-21T00:40:00Z,Oklahoma City Thunder,San Antonio Spurs,,,False
2026-05-20,2026-05-20T13:34:10.085203+00:00,4066259,De'Aaron Fox,SAS,stl,UNDER,0.5,160,0.38461538461538464,0.39453996573407124,0.39453996573407124,0.009924581118686604,0.025803910908585248,draftkings,DraftKings,2026-05-21T00:40:00Z,Oklahoma City Thunder,San Antonio Spurs,,,False
2026-05-20,2026-05-20T13:34:10.085203+00:00,4066259,De'Aaron Fox,SAS,stl,UNDER,0.5,160,0.38461538461538464,0.39453996573407124,0.39453996573407124,0.009924581118686604,0.025803910908585248,bovada,Bovada,2026-05-21T00:40:00Z,Oklahoma City Thunder,San Antonio Spurs,,,False
2026-05-20,2026-05-20T13:34:10.085203+00:00,4433255,Chet Holmgren,OKC,stl,OVER,0.5,-158,0.6124031007751938,0.6253596785492577,0.6253596785492577,0.012956577774063893,0.021156943453851162,fanduel,FanDuel,2026-05-21T00:40:00Z,Oklahoma City Thunder,San Antonio Spurs,,,False
2026-05-20,2026-05-20T13:34:10.085203+00:00,4433255,Chet Holmgren,OKC,threes,OVER,1.5,155,0.39215686274509803,0.5527221178616692,0.5527221178616692,0.16056525511657121,0.40944140054725664,betmgm,BetMGM,2026-05-21T00:40:00Z,Oklahoma City Thunder,San Antonio Spurs,,,False
2026-05-20,2026-05-20T13:34:10.085203+00:00,4683692,Cason Wallace,OKC,threes,OVER,1.5,175,0.36363636363636365,0.4967872445428143,0.4967872445428143,0.13315088090645066,0.36616492249273935,draftkings,DraftKings,2026-05-21T00:40:00Z,Oklahoma City Thunder,San Antonio Spurs,,,False
2026-05-20,2026-05-20T13:34:10.085203+00:00,4683692,Cason Wallace,OKC,threes,OVER,1.5,175,0.36363636363636365,0.4967872445428143,0.4967872445428143,0.13315088090645066,0.36616492249273935,bovada,Bovada,2026-05-21T00:40:00Z,Oklahoma City Thunder,San Antonio Spurs,,,False
2026-05-20,2026-05-20T13:34:10.085203+00:00,4683692,Cason Wallace,OKC,threes,OVER,1.5,174,0.36496350364963503,0.4967872445428143,0.4967872445428143,0.13182374089317928,0.3611970500473112,betonlineag,BetOnline.ag,2026-05-21T00:40:00Z,Oklahoma City Thunder,San Antonio Spurs,,,False
2026-05-20,2026-05-20T13:34:10.085203+00:00,4433255,Chet Holmgren,OKC,threes,OVER,1.5,144,0.4098360655737705,0.5527221178616692,0.5527221178616692,0.14288605228789875,0.3486419675824729,betonlineag,BetOnline.ag,2026-05-21T00:40:00Z,Oklahoma City Thunder,San Antonio Spurs,,,False
2026-05-20,2026-05-20T13:34:10.085203+00:00,4683692,Cason Wallace,OKC,threes,OVER,1.5,165,0.37735849056603776,0.4967872445428143,0.4967872445428143,0.11942875397677655,0.3164861980384579,williamhill_us,Caesars,2026-05-21T00:40:00Z,Oklahoma City Thunder,San Antonio Spurs,,,False
2026-05-20,2026-05-20T13:34:10.085203+00:00,4433255,Chet Holmgren,OKC,threes,OVER,1.5,138,0.42016806722689076,0.5527221178616692,0.5527221178616692,0.1325540506347785,0.3154786405107728,fanduel,FanDuel,2026-05-21T00:40:00Z,Oklahoma City Thunder,San Antonio Spurs,,,False
2026-05-20,2026-05-20T13:34:10.085203+00:00,4433255,Chet Holmgren,OKC,threes,OVER,1.5,135,0.425531914893617,0.5527221178616692,0.5527221178616692,0.12719020296805222,0.2988969769749228,bovada,Bovada,2026-05-21T00:40:00Z,Oklahoma City Thunder,San Antonio Spurs,,,False
2026-05-20,2026-05-20T13:34:10.085203+00:00,4433255,Chet Holmgren,OKC,threes,OVER,1.5,133,0.4291845493562232,0.5527221178616692,0.5527221178616692,0.12353756850544606,0.2878425346176894,draftkings,DraftKings,2026-05-21T00:40:00Z,Oklahoma City Thunder,San Antonio Spurs,,,False
2026-05-20,2026-05-20T13:34:10.085203+00:00,4433255,Chet Holmgren,OKC,threes,OVER,1.5,133,0.4291845493562232,0.5527221178616692,0.5527221178616692,0.12353756850544606,0.2878425346176894,williamhill_us,Caesars,2026-05-21T00:40:00Z,Oklahoma City Thunder,San Antonio Spurs,,,False
2026-05-20,2026-05-20T13:34:10.085203+00:00,4845367,Stephon Castle,SAS,threes,OVER,1.5,100,0.5,0.6313356958870524,0.6313356958870524,0.1313356958870524,0.2626713917741048,fanduel,FanDuel,2026-05-21T00:40:00Z,Oklahoma City Thunder,San Antonio Spurs,,,False
2026-05-20,2026-05-20T13:34:10.085203+00:00,4845367,Stephon Castle,SAS,threes,OVER,1.5,-103,0.5073891625615764,0.6313356958870524,0.6313356958870524,0.123946533325476,0.24428297344729744,betonlineag,BetOnline.ag,2026-05-21T00:40:00Z,Oklahoma City Thunder,San Antonio Spurs,,,False
2026-05-20,2026-05-20T13:34:10.085203+00:00,4683692,Cason Wallace,OKC,threes,OVER,1.5,150,0.4,0.4967872445428143,0.4967872445428143,0.09678724454281429,0.24196811135703578,betmgm,BetMGM,2026-05-21T00:40:00Z,Oklahoma City Thunder,San Antonio Spurs,,,False
2026-05-20,2026-05-20T13:34:10.085203+00:00,4845367,Stephon Castle,SAS,threes,OVER,1.5,-105,0.5121951219512195,0.6313356958870524,0.6313356958870524,0.11914057393583288,0.23260778720805464,betmgm,BetMGM,2026-05-21T00:40:00Z,Oklahoma City Thunder,San Antonio Spurs,,,False
2026-05-20,2026-05-20T13:34:10.085203+00:00,4845367,Stephon Castle,SAS,threes,OVER,1.5,-105,0.5121951219512195,0.6313356958870524,0.6313356958870524,0.11914057393583288,0.23260778720805464,williamhill_us,Caesars,2026-05-21T00:40:00Z,Oklahoma City Thunder,San Antonio Spurs,,,False
2026-05-20,2026-05-20T13:34:10.085203+00:00,4845367,Stephon Castle,SAS,threes,OVER,1.5,-110,0.5238095238095238,0.6313356958870524,0.6313356958870524,0.10752617207752857,0.20527723760255456,bovada,Bovada,2026-05-21T00:40:00Z,Oklahoma City Thunder,San Antonio Spurs,,,False
2026-05-20,2026-05-20T13:34:10.085203+00:00,4066259,De'Aaron Fox,SAS,threes,OVER,1.5,120,0.45454545454545453,0.5449660156814142,0.5449660156814142,0.0904205611359597,0.19892523449911126,fanatics,Fanatics,2026-05-21T00:40:00Z,Oklahoma City Thunder,San Antonio Spurs,,,False
2026-05-20,2026-05-20T13:34:10.085203+00:00,4066259,De'Aaron Fox,SAS,threes,OVER,1.5,120,0.45454545454545453,0.5449660156814142,0.5449660156814142,0.0904205611359597,0.19892523449911126,bovada,Bovada,2026-05-21T00:40:00Z,Oklahoma City Thunder,San Antonio Spurs,,,False
2026-05-20,2026-05-20T13:34:10.085203+00:00,4845367,Stephon Castle,SAS,threes,OVER,1.5,-112,0.5283018867924528,0.6313356958870524,0.6313356958870524,0.10303380909459958,0.19502828150049212,draftkings,DraftKings,2026-05-21T00:40:00Z,Oklahoma City Thunder,San Antonio Spurs,,,False
2026-05-20,2026-05-20T13:34:10.085203+00:00,4066259,De'Aaron Fox,SAS,threes,OVER,1.5,117,0.4608294930875576,0.5449660156814142,0.5449660156814142,0.08413652259385662,0.18257625402866884,draftkings,DraftKings,2026-05-21T00:40:00Z,Oklahoma City Thunder,San Antonio Spurs,,,False
2026-05-20,2026-05-20T13:34:10.085203+00:00,4066259,De'Aaron Fox,SAS,threes,OVER,1.5,115,0.46511627906976744,0.5449660156814142,0.5449660156814142,0.0798497366116468,0.17167693371504056,betonlineag,BetOnline.ag,2026-05-21T00:40:00Z,Oklahoma City Thunder,San Antonio Spurs,,,False
2026-05-20,2026-05-20T13:34:10.085203+00:00,4593803,Jalen Williams,OKC,threes,OVER,0.5,-175,0.6363636363636364,0.7450191621990745,0.7450191621990745,0.10865552583543814,0.17074439774140276,betmgm,BetMGM,2026-05-21T00:40:00Z,Oklahoma City Thunder,San Antonio Spurs,,,False
2026-05-20,2026-05-20T13:34:10.085203+00:00,4066259,De'Aaron Fox,SAS,threes,OVER,1.5,112,0.4716981132075472,0.5449660156814142,0.5449660156814142,0.07326790247386705,0.15532795324459825,williamhill_us,Caesars,2026-05-21T00:40:00Z,Oklahoma City Thunder,San Antonio Spurs,,,False
2026-05-20,2026-05-20T13:34:10.085203+00:00,4592479,Julian Champagnie,SAS,threes,OVER,2.5,145,0.40816326530612246,0.46302241854363413,0.46302241854363413,0.05485915323751167,0.13440492543190363,bovada,Bovada,2026-05-21T00:40:00Z,Oklahoma City Thunder,San Antonio Spurs,,,False
2026-05-20,2026-05-20T13:34:10.085203+00:00,4066259,De'Aaron Fox,SAS,threes,OVER,1.5,108,0.4807692307692308,0.5449660156814142,0.5449660156814142,0.06419678491218345,0.1335293126173417,fanduel,FanDuel,2026-05-21T00:40:00Z,Oklahoma City Thunder,San Antonio Spurs,,,False
2026-05-20,2026-05-20T13:34:10.085203+00:00,4592479,Julian Champagnie,SAS,threes,OVER,2.5,143,0.411522633744856,0.46302241854363413,0.46302241854363413,0.05149978479877815,0.12514447706103093,draftkings,DraftKings,2026-05-21T00:40:00Z,Oklahoma City Thunder,San Antonio Spurs,,,False
2026-05-20,2026-05-20T13:34:10.085203+00:00,4593803,Jalen Williams,OKC,threes,OVER,0.5,-200,0.6666666666666666,0.7450191621990745,0.7450191621990745,0.07835249553240786,0.11752874329861174,betonlineag,BetOnline.ag,2026-05-21T00:40:00Z,Oklahoma City Thunder,San Antonio Spurs,,,False
2026-05-20,2026-05-20T13:34:10.085203+00:00,4395723,Keldon Johnson,SAS,threes,OVER,0.5,-185,0.6491228070175439,0.7170891385957316,0.7170891385957316,0.06796633157818777,0.10470488918801907,betonlineag,BetOnline.ag,2026-05-21T00:40:00Z,Oklahoma City Thunder,San Antonio Spurs,,,False
2026-05-20,2026-05-20T13:34:10.085203+00:00,4593803,Jalen Williams,OKC,threes,OVER,0.5,-209,0.6763754045307443,0.7450191621990745,0.7450191621990745,0.0686437576683302,0.10148766085891875,draftkings,DraftKings,2026-05-21T00:40:00Z,Oklahoma City Thunder,San Antonio Spurs,,,False
2026-05-20,2026-05-20T13:34:10.085203+00:00,5037871,Dylan Harper,SAS,threes,OVER,0.5,-200,0.6666666666666666,0.733609304083162,0.733609304083162,0.06694263741649542,0.10041395612474308,betonlineag,BetOnline.ag,2026-05-21T00:40:00Z,Oklahoma City Thunder,San Antonio Spurs,,,False
2026-05-20,2026-05-20T13:34:10.085203+00:00,5037871,Dylan Harper,SAS,threes,OVER,0.5,-200,0.6666666666666666,0.733609304083162,0.733609304083162,0.06694263741649542,0.10041395612474308,bovada,Bovada,2026-05-21T00:40:00Z,Oklahoma City Thunder,San Antonio Spurs,,,False
2026-05-20,2026-05-20T13:34:10.085203+00:00,4593803,Jalen Williams,OKC,threes,OVER,0.5,-210,0.6774193548387096,0.7450191621990745,0.7450191621990745,0.06759980736036486,0.0997901918176814,bovada,Bovada,2026-05-21T00:40:00Z,Oklahoma City Thunder,San Antonio Spurs,,,False
2026-05-20,2026-05-20T13:34:10.085203+00:00,5037871,Dylan Harper,SAS,threes,OVER,0.5,-203,0.66996699669967,0.733609304083162,0.733609304083162,0.06364230738349208,0.09499319772018772,draftkings,DraftKings,2026-05-21T00:40:00Z,Oklahoma City Thunder,San Antonio Spurs,,,False
2026-05-20,2026-05-20T13:34:10.085203+00:00,4395723,Keldon Johnson,SAS,threes,OVER,0.5,-190,0.6551724137931034,0.7170891385957316,0.7170891385957316,0.06191672480262822,0.09450447469874829,betmgm,BetMGM,2026-05-21T00:40:00Z,Oklahoma City Thunder,San Antonio Spurs,,,False
2026-05-20,2026-05-20T13:34:10.085203+00:00,4395723,Keldon Johnson,SAS,threes,OVER,0.5,-190,0.6551724137931034,0.7170891385957316,0.7170891385957316,0.06191672480262822,0.09450447469874829,bovada,Bovada,2026-05-21T00:40:00Z,Oklahoma City Thunder,San Antonio Spurs,,,False
2026-05-20,2026-05-20T13:34:10.085203+00:00,4592479,Julian Champagnie,SAS,threes,OVER,2.5,136,0.423728813559322,0.46302241854363413,0.46302241854363413,0.039293604984312114,0.0927329077629766,betonlineag,BetOnline.ag,2026-05-21T00:40:00Z,Oklahoma City Thunder,San Antonio Spurs,,,False
2026-05-20,2026-05-20T13:34:10.085203+00:00,4395723,Keldon Johnson,SAS,threes,OVER,0.5,-192,0.6575342465753424,0.7170891385957316,0.7170891385957316,0.059554892020389216,0.09057306494767525,draftkings,DraftKings,2026-05-21T00:40:00Z,Oklahoma City Thunder,San Antonio Spurs,,,False
2026-05-20,2026-05-20T13:34:10.085203+00:00,4066259,De'Aaron Fox,SAS,threes,OVER,1.5,100,0.5,0.5449660156814142,0.5449660156814142,0.04496601568141423,0.08993203136282846,betmgm,BetMGM,2026-05-21T00:40:00Z,Oklahoma City Thunder,San Antonio Spurs,,,False
2026-05-20,2026-05-20T13:34:10.085203+00:00,5037871,Dylan Harper,SAS,threes,OVER,0.5,-210,0.6774193548387096,0.733609304083162,0.733609304083162,0.05618994924445242,0.08294706793228684,betmgm,BetMGM,2026-05-21T00:40:00Z,Oklahoma City Thunder,San Antonio Spurs,,,False
2026-05-20,2026-05-20T13:34:10.085203+00:00,4395630,Devin Vassell,SAS,threes,UNDER,2.5,-185,0.6491228070175439,0.7029203508240803,0.7029203508240803,0.05379754380653645,0.0828772972154751,betmgm,BetMGM,2026-05-21T00:40:00Z,Oklahoma City Thunder,San Antonio Spurs,,,False
2026-05-20,2026-05-20T13:34:10.085203+00:00,4593803,Jalen Williams,OKC,threes,OVER,0.5,-225,0.6923076923076923,0.7450191621990745,0.7450191621990745,0.0527114698913822,0.07613878984310757,fanduel,FanDuel,2026-05-21T00:40:00Z,Oklahoma City Thunder,San Antonio Spurs,,,False
2026-05-20,2026-05-20T13:34:10.085203+00:00,4900671,Ajay Mitchell,OKC,threes,UNDER,1.5,-260,0.7222222222222222,0.776106012931346,0.776106012931346,0.05388379070912375,0.07460832559724828,bovada,Bovada,2026-05-21T00:40:00Z,Oklahoma City Thunder,San Antonio Spurs,,,False
2026-05-20,2026-05-20T13:34:10.085203+00:00,4592479,Julian Champagnie,SAS,threes,OVER,2.5,132,0.43103448275862066,0.46302241854363413,0.46302241854363413,0.031987935785013466,0.0742120110212312,williamhill_us,Caesars,2026-05-21T00:40:00Z,Oklahoma City Thunder,San Antonio Spurs,,,False
2026-05-20,2026-05-20T13:34:10.085203+00:00,4683692,Cason Wallace,OKC,threes,OVER,0.5,-275,0.7333333333333333,0.7873537749999515,0.7873537749999515,0.054020441666618235,0.07366423863629751,bovada,Bovada,2026-05-21T00:40:00Z,Oklahoma City Thunder,San Antonio Spurs,,,False
2026-05-20,2026-05-20T13:34:10.085203+00:00,4592479,Julian Champagnie,SAS,threes,OVER,1.5,-210,0.6774193548387096,0.7257069478996477,0.7257069478996477,0.048287593060938105,0.07128168499471804,bovada,Bovada,2026-05-21T00:40:00Z,Oklahoma City Thunder,San Antonio Spurs,,,False
2026-05-20,2026-05-20T13:34:10.085203+00:00,4395630,Devin Vassell,SAS,threes,UNDER,2.5,-192,0.6575342465753424,0.7029203508240803,0.7029203508240803,0.0453861042487379,0.06902470021162221,betonlineag,BetOnline.ag,2026-05-21T00:40:00Z,Oklahoma City Thunder,San Antonio Spurs,,,False
2026-05-20,2026-05-20T13:34:10.085203+00:00,5104157,Victor Wembanyama,SAS,threes,OVER,1.5,155,0.39215686274509803,0.41906904157956837,0.41906904157956837,0.026912178834470335,0.0686260560278994,williamhill_us,Caesars,2026-05-21T00:40:00Z,Oklahoma City Thunder,San Antonio Spurs,,,False
2026-05-20,2026-05-20T13:34:10.085203+00:00,4395630,Devin Vassell,SAS,threes,UNDER,2.5,-193,0.658703071672355,0.7029203508240803,0.7029203508240803,0.04421727915172535,0.06712778648422557,williamhill_us,Caesars,2026-05-21T00:40:00Z,Oklahoma City Thunder,San Antonio Spurs,,,False
2026-05-20,2026-05-20T13:34:10.085203+00:00,4592479,Julian Champagnie,SAS,threes,OVER,2.5,130,0.43478260869565216,0.46302241854363413,0.46302241854363413,0.028239809847981967,0.06495156265035851,fanduel,FanDuel,2026-05-21T00:40:00Z,Oklahoma City Thunder,San Antonio Spurs,,,False
2026-05-20,2026-05-20T13:34:10.085203+00:00,4395630,Devin Vassell,SAS,threes,UNDER,2.5,-200,0.6666666666666666,0.7029203508240803,0.7029203508240803,0.0362536841574137,0.0543805262361205,fanduel,FanDuel,2026-05-21T00:40:00Z,Oklahoma City Thunder,San Antonio Spurs,,,False
2026-05-20,2026-05-20T13:34:10.085203+00:00,4397020,Luguentz Dort,OKC,threes,UNDER,1.5,-118,0.5412844036697247,0.5695689331648875,0.5695689331648875,0.028284529495162802,0.05225446974530068,betmgm,BetMGM,2026-05-21T00:40:00Z,Oklahoma City Thunder,San Antonio Spurs,,,False
2026-05-20,2026-05-20T13:34:10.085203+00:00,4592479,Julian Champagnie,SAS,threes,OVER,2.5,125,0.4444444444444444,0.46302241854363413,0.46302241854363413,0.01857797409918971,0.04180044172317676,betmgm,BetMGM,2026-05-21T00:40:00Z,Oklahoma City Thunder,San Antonio Spurs,,,False
2026-05-20,2026-05-20T13:34:10.085203+00:00,4397020,Luguentz Dort,OKC,threes,UNDER,1.5,-121,0.5475113122171946,0.5695689331648875,0.5695689331648875,0.022057620947692924,0.040287059747439236,williamhill_us,Caesars,2026-05-21T00:40:00Z,Oklahoma City Thunder,San Antonio Spurs,,,False
2026-05-20,2026-05-20T13:34:10.085203+00:00,5104157,Victor Wembanyama,SAS,threes,OVER,1.5,148,0.4032258064516129,0.41906904157956837,0.41906904157956837,0.01584323512795549,0.03929122311732958,fanduel,FanDuel,2026-05-21T00:40:00Z,Oklahoma City Thunder,San Antonio Spurs,,,False
2026-05-20,2026-05-20T13:34:10.085203+00:00,4397020,Luguentz Dort,OKC,threes,UNDER,1.5,-123,0.5515695067264574,0.5695689331648875,0.5695689331648875,0.01799942643843011,0.032633106469674156,betonlineag,BetOnline.ag,2026-05-21T00:40:00Z,Oklahoma City Thunder,San Antonio Spurs,,,False
2026-05-20,2026-05-20T13:34:10.085203+00:00,5104157,Victor Wembanyama,SAS,threes,OVER,1.5,145,0.40816326530612246,0.41906904157956837,0.41906904157956837,0.01090577627344591,0.026719151869942448,bovada,Bovada,2026-05-21T00:40:00Z,Oklahoma City Thunder,San Antonio Spurs,,,False
2026-05-20,2026-05-20T13:34:10.085203+00:00,4397020,Luguentz Dort,OKC,threes,UNDER,1.5,-125,0.5555555555555556,0.5695689331648875,0.5695689331648875,0.014013377609331967,0.02522407969679763,draftkings,DraftKings,2026-05-21T00:40:00Z,Oklahoma City Thunder,San Antonio Spurs,,,False
2026-05-20,2026-05-20T13:34:10.085203+00:00,4397020,Luguentz Dort,OKC,threes,UNDER,1.5,-125,0.5555555555555556,0.5695689331648875,0.5695689331648875,0.014013377609331967,0.02522407969679763,bovada,Bovada,2026-05-21T00:40:00Z,Oklahoma City Thunder,San Antonio Spurs,,,False
2026-05-20,2026-05-20T13:34:10.085203+00:00,4395630,Devin Vassell,SAS,threes,UNDER,2.5,-220,0.6875,0.7029203508240803,0.7029203508240803,0.015420350824080331,0.022429601198662275,bovada,Bovada,2026-05-21T00:40:00Z,Oklahoma City Thunder,San Antonio Spurs,,,False
2026-05-20,2026-05-20T13:34:10.085203+00:00,4395630,Devin Vassell,SAS,threes,UNDER,1.5,142,0.4132231404958678,0.4218864741552837,0.4218864741552837,0.008663333659415906,0.02096526745578653,draftkings,DraftKings,2026-05-21T00:40:00Z,Oklahoma City Thunder,San Antonio Spurs,,,False
2026-05-20,2026-05-20T13:34:10.085203+00:00,4395630,Devin Vassell,SAS,threes,UNDER,1.5,140,0.4166666666666667,0.4218864741552837,0.4218864741552837,0.005219807488617001,0.012527537972680802,bovada,Bovada,2026-05-21T00:40:00Z,Oklahoma City Thunder,San Antonio Spurs,,,False
2026-05-20,2026-05-20T13:34:10.085203+00:00,5104157,Victor Wembanyama,SAS,threes,OVER,1.5,140,0.4166666666666667,0.41906904157956837,0.41906904157956837,0.0024023749129016836,0.005765699790964085,betmgm,BetMGM,2026-05-21T00:40:00Z,Oklahoma City Thunder,San Antonio Spurs,,,False
2026-05-20,2026-05-20T13:34:10.085203+00:00,5104157,Victor Wembanyama,SAS,threes,OVER,1.5,140,0.4166666666666667,0.41906904157956837,0.41906904157956837,0.0024023749129016836,0.005765699790964085,betonlineag,BetOnline.ag,2026-05-21T00:40:00Z,Oklahoma City Thunder,San Antonio Spurs,,,False
2026-05-20,2026-05-20T13:34:10.085203+00:00,4900671,Ajay Mitchell,OKC,threes,UNDER,0.5,180,0.35714285714285715,0.3579914348655566,0.3579914348655566,0.0008485777226994728,0.002376017623558546,draftkings,DraftKings,2026-05-21T00:40:00Z,Oklahoma City Thunder,San Antonio Spurs,,,False
2026-05-20,2026-05-20T13:34:10.085203+00:00,4900671,Ajay Mitchell,OKC,threes,UNDER,0.5,180,0.35714285714285715,0.3579914348655566,0.3579914348655566,0.0008485777226994728,0.002376017623558546,bovada,Bovada,2026-05-21T00:40:00Z,Oklahoma City Thunder,San Antonio Spurs,,,False
2026-05-20,2026-05-20T13:34:10.085203+00:00,2991350,Alex Caruso,OKC,threes,UNDER,2.5,-155,0.6078431372549019,0.6089386764869043,0.6089386764869043,0.0010955392320023405,0.0018023387365198595,betmgm,BetMGM,2026-05-21T00:40:00Z,Oklahoma City Thunder,San Antonio Spurs,,,False
2026-05-20,2026-05-20T13:34:10.085203+00:00,5104157,Victor Wembanyama,SAS,threes,OVER,1.5,139,0.41841004184100417,0.41906904157956837,0.41906904157956837,0.0006589997385642032,0.0015750093751684124,draftkings,DraftKings,2026-05-21T00:40:00Z,Oklahoma City Thunder,San Antonio Spurs,,,False
2026-05-20,2026-05-20T13:34:10.085203+00:00,4397020,Luguentz Dort,OKC,threes,UNDER,1.5,-132,0.5689655172413793,0.5695689331648875,0.5695689331648875,0.0006034159235082104,0.001060549198893257,fanduel,FanDuel,2026-05-21T00:40:00Z,Oklahoma City Thunder,San Antonio Spurs,,,False
