stat,rmse,mae,r2,n
pts,5.510617490562025,4.288198419508387,0.569019451341203,231
reb,2.46373795993532,1.9253217098656863,0.49523046824375916,231
ast,1.9789272275429777,1.4343924616885269,0.45216115934674694,231
threes,1.1130427144890604,0.8507539879572146,0.3961284492736554,231
pra,7.235974506439385,5.697078227262266,0.6180407915247934,231
