stat,rmse,mae,r2,n
pts,8.722550507782195,6.30607257601694,-0.06826398248706389,297
reb,3.5300475367755926,2.662834517435959,0.014837461425264542,297
ast,2.255220581660839,1.6530322540359013,0.13350215182395042,297
threes,1.5669372894669642,1.098143492534511,0.14427488044446224,297
pra,12.27980989438645,9.202512875207436,-0.1401879506930186,297
