player_id,player_name,team,asof_date,is_home,days_rest,games_last7,games_last14,season_game_number,lag1_pts,lag1_reb,lag1_ast,lag1_threes,lag1_fg3a,lag1_stl,lag1_blk,lag1_tov,lag1_fgm,lag1_fga,lag1_fg_pct,lag1_ftm,lag1_fta,lag1_ft_pct,lag1_oreb,lag1_dreb,lag1_pf,lag1_plus_minus,lag1_min,lag1_pts_per_min,lag1_reb_per_min,lag1_ast_per_min,lag1_fg3m_per_min,lag1_fg3a_per_min,lag1_fga_per_min,lag1_fta_per_min,lag1_tov_per_min,lag1_usage_per_min,b2b,roll3_min,roll3_min_std,roll3_pts,roll3_reb,roll3_ast,roll3_threes,roll3_fg3a,roll3_stl,roll3_blk,roll3_tov,roll3_fgm,roll3_fga,roll3_fg_pct,roll3_ftm,roll3_fta,roll3_ft_pct,roll3_oreb,roll3_dreb,roll3_pf,roll3_plus_minus,roll3_pts_per_min,roll3_pts_per_min_std,roll3_reb_per_min,roll3_reb_per_min_std,roll3_ast_per_min,roll3_ast_per_min_std,roll3_fg3m_per_min,roll3_fg3m_per_min_std,roll3_fg3a_per_min,roll3_fg3a_per_min_std,roll3_fga_per_min,roll3_fga_per_min_std,roll3_fta_per_min,roll3_fta_per_min_std,roll3_tov_per_min,roll3_tov_per_min_std,roll3_usage_per_min,roll3_usage_per_min_std,roll5_min,roll5_min_std,roll5_pts,roll5_reb,roll5_ast,roll5_threes,roll5_fg3a,roll5_stl,roll5_blk,roll5_tov,roll5_fgm,roll5_fga,roll5_fg_pct,roll5_ftm,roll5_fta,roll5_ft_pct,roll5_oreb,roll5_dreb,roll5_pf,roll5_plus_minus,roll5_pts_per_min,roll5_pts_per_min_std,roll5_reb_per_min,roll5_reb_per_min_std,roll5_ast_per_min,roll5_ast_per_min_std,roll5_fg3m_per_min,roll5_fg3m_per_min_std,roll5_fg3a_per_min,roll5_fg3a_per_min_std,roll5_fga_per_min,roll5_fga_per_min_std,roll5_fta_per_min,roll5_fta_per_min_std,roll5_tov_per_min,roll5_tov_per_min_std,roll5_usage_per_min,roll5_usage_per_min_std,roll10_min,roll10_min_std,roll10_pts,roll10_reb,roll10_ast,roll10_threes,roll10_fg3a,roll10_stl,roll10_blk,roll10_tov,roll10_fgm,roll10_fga,roll10_fg_pct,roll10_ftm,roll10_fta,roll10_ft_pct,roll10_oreb,roll10_dreb,roll10_pf,roll10_plus_minus,roll10_pts_per_min,roll10_pts_per_min_std,roll10_reb_per_min,roll10_reb_per_min_std,roll10_ast_per_min,roll10_ast_per_min_std,roll10_fg3m_per_min,roll10_fg3m_per_min_std,roll10_fg3a_per_min,roll10_fg3a_per_min_std,roll10_fga_per_min,roll10_fga_per_min_std,roll10_fta_per_min,roll10_fta_per_min_std,roll10_tov_per_min,roll10_tov_per_min_std,roll10_usage_per_min,roll10_usage_per_min_std,injury_status,team_on_slate,playing_today,pred_min,pred_pts,pred_reb,pred_ast,pred_threes,pred_stl,pred_blk,pred_tov,pred_pra,pred_pr,pred_pa,pred_ra,pred_stocks,mean_pts,mean_reb,mean_ast,mean_threes,mean_pra,mean_stl,mean_blk,mean_tov
3992,James Harden,CLE,2026-06-18,0.0,24.0,0.0,0.0,7.0,12,4,2,0,6,1,1,5,2,8,,8,9,,0,4,2,-19,33.0,0.3636363636363636,0.1212121212121212,0.0606060606060606,0.0,0.1818181818181818,0.2424242424242424,0.2727272727272727,0.1515151515151515,0.5139393939393939,0.0,35.333333333333336,4.932882862316246,16.333333333333332,5.0,3.0,1.3333333333333333,6.666666666666667,1.3333333333333333,0.3333333333333333,3.6666666666666665,5.333333333333333,12.666666666666666,,4.333333333333333,5.0,,0.0,5.0,2.0,-16.333333333333332,0.4631836659275683,0.0994320193734428,0.1435544469081054,0.0380597595103895,0.0816857600394185,0.0348837665902398,0.039380081300813,0.0486393569439632,0.1904332963784183,0.0251416836590214,0.3590093003202759,0.113318008564857,0.1465493348115299,0.109756688103128,0.0992855383099285,0.0860227025282255,0.5227765459472776,0.0188213618164348,36.8,4.549725266430929,14.6,4.8,3.6,1.0,6.8,1.0,0.4,3.6,4.6,12.8,,4.4,5.8,,0.2,4.6,3.0,-4.8,0.3993387709851125,0.1184108614616159,0.13295806497026,0.0342487638734767,0.0966305036426987,0.0464865355387807,0.0283899535423925,0.0384736683036616,0.1856885492556224,0.0207153319782917,0.3471516119381973,0.0895251044450341,0.1609454739027909,0.0848481514730276,0.0936983071129412,0.0735791571666502,0.5116659275683666,0.0678967721665017,36.833333333333336,4.070217029430577,16.0,5.166666666666667,3.6666666666666665,1.3333333333333333,7.0,1.5,0.3333333333333333,4.333333333333333,4.833333333333333,12.833333333333334,,5.0,6.5,,0.1666666666666666,5.0,3.0,-4.833333333333333,0.436385912757864,0.1394698891189338,0.1423299190067482,0.0382801795969712,0.0985434377202669,0.0418420158432811,0.0371718081321739,0.0405820692228542,0.1907764937490547,0.0223298691932164,0.3478515685070563,0.0800920414017843,0.1791662732973708,0.0880417641246301,0.1141179586301537,0.0826612781415221,0.5408026873880533,0.0937106289235351,,,,35.79666666666667,15.009999999999998,4.8133333333333335,3.1933333333333334,1.0166666666666666,0.7875266666666666,0.6443399999999999,2.1478,23.016666666666666,19.82333333333333,18.203333333333333,8.006666666666668,1.4318666666666666,15.009999999999998,4.8133333333333335,3.1933333333333334,1.0166666666666666,23.016666666666666,0.7875266666666666,0.6443399999999999,2.1478
2580365,Larry Nance Jr.,CLE,2026-06-18,0.0,24.0,0.0,0.0,6.0,0,0,0,0,0,0,0,0,0,0,,0,0,,0,0,0,0,0.0,,,,,,,,,,0.0,0.0,0.0,0.0,0.0,0.0,0.0,0.0,0.0,0.0,0.0,0.0,0.0,,0.0,0.0,,0.0,0.0,0.0,0.0,,,,,,,,,,,,,,,,,,,0.0,0.0,0.0,0.0,0.0,0.0,0.0,0.0,0.0,0.0,0.0,0.0,,0.0,0.0,,0.0,0.0,0.0,0.0,,,,,,,,,,,,,,,,,,,0.0,0.0,0.0,0.0,0.0,0.0,0.0,0.0,0.0,0.0,0.0,0.0,,0.0,0.0,,0.0,0.0,0.0,0.0,,,,,,,,,,,,,,,,,,,,,,8.0,0.0,0.0,0.0,0.0,0.176,0.144,0.48,0.0,0.0,0.0,0.0,0.3199999999999999,0.0,0.0,0.0,0.0,0.0,0.176,0.144,0.48
3032979,Dennis Schroder,CLE,2026-06-18,0.0,26.0,0.0,0.0,6.0,3,0,2,1,1,0,0,0,1,1,,0,0,,0,0,1,2,9.0,0.3333333333333333,0.0,0.2222222222222222,0.1111111111111111,0.1111111111111111,0.1111111111111111,0.0,0.0,0.1111111111111111,0.0,15.0,5.196152422706632,3.333333333333333,1.3333333333333333,3.333333333333333,0.6666666666666666,2.0,0.3333333333333333,0.0,0.0,1.3333333333333333,5.0,,0.0,0.6666666666666666,,0.3333333333333333,1.0,1.6666666666666667,1.0,0.2407407407407407,0.0848625128695525,0.074074074074074,0.1283000598199168,0.2222222222222222,0.0555555555555555,0.0555555555555555,0.0555555555555555,0.1296296296296296,0.0848625128695525,0.2962962962962963,0.1951046991269025,0.037037037037037,0.0641500299099584,0.0,0.0,0.3125925925925926,0.1948260805079508,15.6,3.911521443121589,2.4,1.8,3.2,0.4,1.4,0.4,0.0,1.0,1.0,4.0,,0.0,0.4,,0.4,1.4,1.6,2.2,0.1666666666666666,0.1242259987499883,0.1044444444444444,0.1004926138186223,0.2066666666666667,0.0462147429846342,0.0333333333333333,0.0496903994999953,0.0911111111111111,0.0832962880621836,0.2422222222222222,0.1734543736925835,0.0222222222222222,0.0496903994999953,0.0622222222222222,0.0908125188520113,0.3142222222222222,0.173878061430744,15.6,3.911521443121589,2.4,1.8,3.2,0.4,1.4,0.4,0.0,1.0,1.0,4.0,,0.0,0.4,,0.4,1.4,1.6,2.2,0.1666666666666666,0.1242259987499883,0.1044444444444444,0.1004926138186223,0.2066666666666667,0.0462147429846342,0.0333333333333333,0.0496903994999953,0.0911111111111111,0.0832962880621836,0.2422222222222222,0.1734543736925835,0.0222222222222222,0.0496903994999953,0.0622222222222222,0.0908125188520113,0.3142222222222222,0.173878061430744,,,,14.43,2.77,1.39,3.06,0.5700000000000001,0.3174599999999999,0.2597399999999999,0.8657999999999999,7.220000000000001,4.16,5.83,4.45,0.5771999999999999,2.77,1.39,3.06,0.5700000000000001,7.220000000000001,0.3174599999999999,0.2597399999999999,0.8657999999999999
3908809,Donovan Mitchell,CLE,2026-06-18,0.0,24.0,0.0,0.0,7.0,31,4,1,5,9,1,0,4,9,18,,8,10,,0,4,3,-23,32.0,0.96875,0.125,0.03125,0.15625,0.28125,0.5625,0.3125,0.125,0.825,0.0,36.333333333333336,3.7859388972001833,26.666666666666668,3.0,2.0,3.333333333333333,8.666666666666666,1.3333333333333333,0.3333333333333333,3.333333333333333,8.666666666666666,19.0,,6.0,8.333333333333334,,0.0,3.0,4.0,-17.666666666666668,0.7468932748538011,0.1945710733686359,0.0846266306792622,0.0517296629122511,0.0540513945119208,0.0444392695700892,0.0954931399010346,0.0544048663256727,0.2412983580746738,0.0542890174620487,0.5255566801619433,0.0556605396157005,0.233721322537112,0.0773448962982365,0.0940733243364822,0.0593553305582342,0.7224673864147548,0.1211947586334598,36.2,4.438468204234429,27.0,4.0,3.4,3.2,8.6,2.2,0.6,2.8,9.6,20.4,,4.6,6.4,,0.4,3.6,4.6,-9.8,0.757341315030298,0.1459165214992262,0.1138758997293512,0.0598568945544936,0.0986778862744223,0.0948406312867177,0.0897113048690236,0.040977072934216,0.237147228849525,0.0469499434701039,0.5694646139193533,0.0890387630205662,0.1838205197221098,0.1060039864617252,0.0759561897238405,0.0597220892166637,0.7263018323209222,0.0966573537917387,36.333333333333336,3.983298465677241,25.5,4.0,3.333333333333333,3.0,8.166666666666666,2.0,0.5,2.833333333333333,9.0,20.33333333333333,,4.5,6.0,,0.6666666666666666,3.333333333333333,4.166666666666667,-12.333333333333334,0.7121988436063295,0.1710566027802792,0.1129146011258107,0.053589391026557,0.0957450854088654,0.0851316874012995,0.0837684297331953,0.0394360621041848,0.2246497177349645,0.0519669554412045,0.5646439350228846,0.080509345583747,0.1712017844531095,0.0997239740250897,0.0768103382833806,0.0534580187707428,0.7167830584656333,0.0895419318971054,,,,35.63666666666666,27.2,3.7,2.6066666666666665,3.47,0.7840066666666665,0.6414599999999999,2.1382,33.50666666666667,30.9,29.806666666666665,6.306666666666667,1.4254666666666664,27.2,3.7,2.6066666666666665,3.47,33.50666666666667,0.7840066666666665,0.6414599999999999,2.1382
3912848,Dean Wade,CLE,2026-06-18,0.0,24.0,0.0,0.0,7.0,0,1,1,0,1,2,1,0,0,1,,0,0,,1,0,0,-14,12.0,0.0,0.0833333333333333,0.0833333333333333,0.0,0.0833333333333333,0.0833333333333333,0.0,0.0,0.0833333333333333,0.0,16.666666666666668,4.509249752822893,1.0,2.0,1.6666666666666667,0.3333333333333333,1.6666666666666667,1.0,0.3333333333333333,0.6666666666666666,0.3333333333333333,1.6666666666666667,,0.0,0.0,,0.6666666666666666,1.3333333333333333,1.0,-8.333333333333334,0.0476190476190476,0.0824786098842322,0.1146125116713352,0.0298777062769359,0.0950046685340803,0.0432154728794902,0.0158730158730158,0.0274928699614107,0.0950046685340803,0.0432154728794902,0.0950046685340803,0.0432154728794902,0.0,0.0,0.0317460317460317,0.0549857399228215,0.126750700280112,0.0972028147638557,20.0,6.244997998398398,3.6,3.4,1.8,1.0,2.2,0.6,0.2,0.4,1.2,2.4,,0.2,0.2,,1.2,2.2,1.0,-1.4,0.1451559934318555,0.1505425668476067,0.1603931227663479,0.0773350472286287,0.0872162658166715,0.0379095953624067,0.0397372742200328,0.042841096971642,0.1010093692649473,0.0542965046622677,0.1105331787887568,0.046156549083987,0.0068965517241379,0.0154211584655157,0.019047619047619,0.0425917709999959,0.1326152805949966,0.0765160294096885,20.33333333333333,5.645056834671079,3.5,3.333333333333333,1.5,1.0,2.1666666666666665,0.5,0.1666666666666666,0.3333333333333333,1.1666666666666667,2.333333333333333,,0.1666666666666666,0.1666666666666666,,1.1666666666666667,2.1666666666666665,0.8333333333333334,-3.8333333333333335,0.1436906005871523,0.1346972004296628,0.1563882083658959,0.0698627487292983,0.0726802215138929,0.0491679716916122,0.0406901527591182,0.038389263301715,0.0993259895389712,0.0487390083879708,0.1072624974754792,0.0420538435364966,0.0057471264367816,0.0140775272573745,0.0158730158730158,0.0388807895679869,0.125664248980679,0.0705242032802846,,,,17.866666666666667,2.26,2.6066666666666665,1.58,0.6499999999999999,0.3930666666666667,0.3216,1.072,6.446666666666667,4.866666666666667,3.84,4.1866666666666665,0.7146666666666667,2.26,2.6066666666666665,1.58,0.6499999999999999,6.446666666666667,0.3930666666666667,0.3216,1.072
3934723,Thomas Bryant,CLE,2026-06-18,0.0,24.0,0.0,0.0,7.0,10,3,0,2,5,0,0,0,4,7,,0,0,,0,3,0,-4,9.0,1.1111111111111112,0.3333333333333333,0.0,0.2222222222222222,0.5555555555555556,0.7777777777777778,0.0,0.0,0.7777777777777778,0.0,3.333333333333333,4.932882862316247,3.333333333333333,1.3333333333333333,0.0,0.6666666666666666,1.6666666666666667,0.0,0.0,0.0,1.3333333333333333,2.6666666666666665,,0.0,0.0,,0.0,1.3333333333333333,0.0,-0.6666666666666666,0.5555555555555556,0.7856742013183862,0.6666666666666666,0.4714045207910317,0.0,0.0,0.1111111111111111,0.1571348402636772,0.2777777777777778,0.3928371006591931,0.8888888888888888,0.1571348402636772,0.0,0.0,0.0,0.0,0.8888888888888888,0.1571348402636772,2.8,3.8340579025361623,2.0,1.6,0.2,0.4,1.4,0.0,0.0,0.2,0.8,2.4,,0.0,0.0,,0.4,1.2,0.2,-0.2,0.3703703703703704,0.6415002990995842,0.7777777777777778,0.3849001794597505,0.0833333333333333,0.1443375672974064,0.074074074074074,0.1283000598199168,0.3518518518518518,0.3059761415158946,0.925925925925926,0.1283000598199168,0.0,0.0,0.0833333333333333,0.1443375672974064,1.0092592592592593,0.2362472374476495,2.6666666666666665,3.444802848737017,1.6666666666666667,1.3333333333333333,0.1666666666666666,0.3333333333333333,1.3333333333333333,0.0,0.0,0.1666666666666666,0.6666666666666666,2.333333333333333,,0.0,0.0,,0.3333333333333333,1.0,0.1666666666666666,-0.1666666666666666,0.2777777777777778,0.5555555555555556,0.5833333333333334,0.5,0.0625,0.125,0.0555555555555555,0.1111111111111111,0.3888888888888889,0.2605786533235238,0.9444444444444444,0.1111111111111111,0.0,0.0,0.0625,0.125,1.0069444444444444,0.1929506109645805,,,,8.0,3.5333333333333337,1.6766666666666663,0.1033333333333333,0.7066666666666667,0.176,0.144,0.48,5.3133333333333335,5.21,3.636666666666667,1.7799999999999996,0.3199999999999999,3.5333333333333337,1.6766666666666663,0.1033333333333333,0.7066666666666667,5.3133333333333335,0.176,0.144,0.48
4065778,Max Strus,CLE,2026-06-18,0.0,24.0,0.0,0.0,7.0,5,2,2,1,4,0,0,2,2,6,,0,0,,0,2,3,-9,22.0,0.2272727272727272,0.0909090909090909,0.0909090909090909,0.0454545454545454,0.1818181818181818,0.2727272727272727,0.0,0.0909090909090909,0.3636363636363636,0.0,26.33333333333333,4.509249752822894,7.666666666666667,4.333333333333333,3.6666666666666665,2.0,6.333333333333333,0.6666666666666666,0.0,1.6666666666666667,2.333333333333333,8.333333333333334,,1.0,1.0,,2.0,2.333333333333333,4.666666666666667,-9.666666666666666,0.279645086096699,0.1222487204387483,0.1568538987893827,0.0674989583508238,0.1332806977968268,0.053608848194624,0.0709827806602,0.0503937685322968,0.230167681780585,0.1088703700960776,0.3096849387171967,0.0670634072206189,0.0363937138130686,0.0386279385569416,0.0687645687645687,0.0607962767167597,0.3944627415595157,0.0280430355989292,26.4,3.361547262794322,8.0,3.6,2.8,1.8,6.0,1.2,0.0,1.6,2.4,7.6,,1.4,1.4,,1.6,2.0,4.2,-5.8,0.2960727659437337,0.0893231978472848,0.131540910702201,0.0597624283059489,0.1022541329638103,0.0580119657927551,0.0657325255389771,0.0395803451853184,0.2218148947826367,0.0808014813344093,0.283810963230318,0.0593000226228753,0.0521219425735554,0.0349152503133008,0.0652587412587412,0.060589924335644,0.3720033592214237,0.0543782391756159,27.0,3.3466401061363023,7.666666666666667,4.333333333333333,2.333333333333333,1.8333333333333333,6.166666666666667,1.0,0.0,1.5,2.333333333333333,7.833333333333333,,1.1666666666666667,1.1666666666666667,,1.8333333333333333,2.5,4.0,-7.5,0.2800606382864447,0.0890013276957825,0.1540618700296119,0.0768140607166444,0.0852117774698419,0.0665955090438432,0.0658882157269254,0.0354037909919108,0.2237346345410861,0.0724238628706653,0.286509136025265,0.0534497424226457,0.0434349521446295,0.0377894506420226,0.0599378399378399,0.0557385242897573,0.365558354906742,0.0511353380781821,,,,25.84,7.383333333333333,3.7266666666666666,2.8466666666666667,1.7466666666666666,0.5684799999999999,0.4651199999999999,1.5503999999999998,13.956666666666669,11.11,10.23,6.573333333333333,1.0336,7.383333333333333,3.7266666666666666,2.8466666666666667,1.7466666666666666,13.956666666666669,0.5684799999999999,0.4651199999999999,1.5503999999999998
4066328,Jarrett Allen,CLE,2026-06-18,0.0,24.0,0.0,0.0,7.0,6,3,1,0,0,2,2,1,3,5,,0,0,,0,3,0,-22,26.0,0.2307692307692307,0.1153846153846153,0.0384615384615384,0.0,0.0,0.1923076923076923,0.0,0.0384615384615384,0.2307692307692307,0.0,30.33333333333333,5.131601439446884,12.0,6.666666666666667,0.3333333333333333,0.0,0.0,1.0,1.3333333333333333,0.3333333333333333,5.0,8.0,,2.0,3.333333333333333,,3.0,3.6666666666666665,1.0,-18.666666666666668,0.3837557716868061,0.1330301406358389,0.2182188820119854,0.1165544384662301,0.0128205128205128,0.0222057795842163,0.0,0.0,0.0,0.0,0.2623784261715296,0.0770097304541389,0.1060025542784163,0.103542835548962,0.0128205128205128,0.0222057795842163,0.3218400628745457,0.1044549441641798,30.2,5.06951674225463,13.8,6.8,1.0,0.0,0.0,1.0,1.2,0.8,5.2,8.8,,3.4,6.2,,3.6,3.2,1.4,-11.4,0.4713963201549408,0.2711824631715321,0.2269313292071912,0.0879476758836267,0.0328351648351648,0.0354805878882255,0.0,0.0,0.0,0.0,0.303712769988632,0.1582473021580359,0.2133158182813355,0.1938288990589957,0.0294065934065934,0.0330600884471636,0.4269783234390131,0.2579578110726031,30.166666666666668,4.535048695071164,13.666666666666666,7.0,1.0,0.0,0.0,1.0,1.1666666666666667,0.8333333333333334,5.166666666666667,8.333333333333334,,3.333333333333333,5.833333333333333,,4.166666666666667,2.833333333333333,1.3333333333333333,-10.333333333333334,0.4650524890180063,0.243050216676281,0.2335538854504371,0.0803180207788693,0.0329181929181929,0.0317354542348255,0.0,0.0,0.0,0.0,0.28642730832386,0.1477379099013628,0.1999854041233351,0.176414039515229,0.03006105006105,0.0296132645884036,0.4044819361991775,0.2372136388738279,,,,29.60333333333333,12.063333333333333,6.23,0.8,0.0,0.6512733333333334,0.53286,1.7762,19.093333333333334,18.293333333333333,12.863333333333332,7.03,1.1841333333333337,12.063333333333333,6.23,0.8,0.0,19.093333333333334,0.6512733333333334,0.53286,1.7762
4066757,Sam Merrill,CLE,2026-06-18,0.0,24.0,0.0,0.0,7.0,5,1,1,1,2,0,0,1,2,4,,0,0,,1,0,3,-13,18.0,0.2777777777777778,0.0555555555555555,0.0555555555555555,0.0555555555555555,0.1111111111111111,0.2222222222222222,0.0,0.0555555555555555,0.2777777777777778,0.0,21.666666666666668,3.21455025366432,5.0,1.3333333333333333,0.6666666666666666,1.0,4.333333333333333,0.3333333333333333,0.0,0.6666666666666666,1.6666666666666667,5.666666666666667,,0.6666666666666666,1.3333333333333333,,0.3333333333333333,1.0,3.0,-7.333333333333333,0.2338969404186795,0.0537722247418399,0.0601851851851851,0.0626284687892068,0.0324074074074074,0.0289120277703629,0.0462962962962963,0.0424312564347762,0.1940418679549114,0.0994844622935811,0.2594605475040257,0.076841243682608,0.0579710144927536,0.1004087424677609,0.0330112721417069,0.0292193998576876,0.3179790660225443,0.1343362571242042,23.6,3.646916505762094,10.0,1.2,1.2,2.2,5.8,0.6,0.0,0.8,3.2,7.2,,1.4,1.8,,0.4,0.8,3.4,-3.4,0.4100524499654934,0.299693448082065,0.0512539682539682,0.0459676072040793,0.0497301587301587,0.0314608019759912,0.0892063492063492,0.0736912347919343,0.237567977915804,0.0929932637885462,0.2999620427881297,0.0824600987707383,0.0739254658385093,0.0863081461954056,0.0358067632850241,0.0352354843750572,0.3682960110420979,0.1394813846153246,23.0,3.5777087639996634,10.0,1.1666666666666667,1.1666666666666667,2.1666666666666665,5.666666666666667,0.5,0.0,0.6666666666666666,3.1666666666666665,7.0,,1.5,1.8333333333333333,,0.3333333333333333,0.8333333333333334,3.5,-4.5,0.4250437083045779,0.2705574933691339,0.0510449735449735,0.0411178647595561,0.0497751322751322,0.0281396123728901,0.091005291005291,0.0660585771698412,0.2396399815965033,0.0833304079166417,0.2999683689901081,0.0737545561409525,0.0782712215320911,0.0779268274411309,0.0298389694041868,0.0347407379043808,0.364246675868415,0.1251496225142507,,,,22.06,7.75,1.2033333333333334,1.0033333333333334,1.653333333333333,0.48532,0.39708,1.3236,9.956666666666669,8.953333333333333,8.753333333333334,2.206666666666667,0.8824000000000001,7.75,1.2033333333333334,1.0033333333333334,1.653333333333333,9.956666666666669,0.48532,0.39708,1.3236
4432158,Evan Mobley,CLE,2026-06-18,0.0,24.0,0.0,0.0,7.0,15,7,4,1,4,1,0,3,7,15,,0,1,,2,5,1,-30,33.0,0.4545454545454545,0.2121212121212121,0.1212121212121212,0.0303030303030303,0.1212121212121212,0.4545454545454545,0.0303030303030303,0.0909090909090909,0.5587878787878787,0.0,35.333333333333336,2.081665999466131,17.666666666666668,6.333333333333333,3.0,1.3333333333333333,4.333333333333333,0.3333333333333333,1.0,3.0,7.333333333333333,13.666666666666666,,1.6666666666666667,3.0,,1.6666666666666667,4.666666666666667,1.0,-18.666666666666668,0.4998634998634998,0.1493915265824474,0.1803166803166803,0.0276354631350171,0.0859495859495859,0.0330979290620232,0.0373782873782873,0.0144967279324519,0.122986622986623,0.0428203778289926,0.3902538902538903,0.1524249419024084,0.0831740831740831,0.0458122874404811,0.0856083356083356,0.0561190033755895,0.5124588224588225,0.2024980970552413,36.4,2.509980079602226,17.8,9.0,3.6,1.4,5.0,0.6,1.6,2.8,7.0,13.4,,2.4,4.4,,1.6,7.4,1.2,-6.2,0.4915847665847666,0.129277875140538,0.2448566748566748,0.0907013068379276,0.0999030849030849,0.0443074082494058,0.0379825279825279,0.0129418132621608,0.136014196014196,0.0471451727147159,0.3697078897078897,0.1194800168110197,0.121015561015561,0.1090775907186208,0.0774761124761124,0.0417843457160016,0.5004308490308491,0.1445017031419271,36.333333333333336,2.250925735484551,17.833333333333332,8.5,3.333333333333333,1.5,5.0,0.8333333333333334,1.6666666666666667,2.833333333333333,6.833333333333333,13.5,,2.6666666666666665,5.0,,1.6666666666666667,6.833333333333333,1.3333333333333333,-9.166666666666666,0.4929873054873055,0.1156806720801744,0.2318250068250068,0.0871798593702232,0.09251183001183,0.0435694965982923,0.0409113659113659,0.0136184057103066,0.1364933114933114,0.0421842524894573,0.3729047229047229,0.1071526854010644,0.1378833378833378,0.1059503091847768,0.0784523159523159,0.037449473653086,0.5120257075257075,0.1323300352521258,,,,35.556666666666665,17.346666666666664,7.8,3.4266666666666667,1.34,0.7822466666666665,0.6400199999999999,2.1334,28.57333333333333,25.146666666666665,20.77333333333333,11.226666666666668,1.4222666666666663,17.346666666666664,7.8,3.4266666666666667,1.34,28.57333333333333,0.7822466666666665,0.6400199999999999,2.1334
4683747,Jaylon Tyson,CLE,2026-06-18,0.0,24.0,0.0,0.0,7.0,2,3,2,0,4,1,0,2,1,6,,0,0,,1,2,2,-21,16.0,0.125,0.1875,0.125,0.0,0.25,0.375,0.0,0.125,0.5,0.0,11.666666666666666,3.785938897200184,3.0,3.0,1.0,0.0,2.6666666666666665,0.3333333333333333,0.0,1.0,1.0,4.0,,1.0,1.0,,0.6666666666666666,2.333333333333333,1.3333333333333333,-6.0,0.2861111111111111,0.1434527925963928,0.2736111111111111,0.0764141372415495,0.0787037037037037,0.0685122619766145,0.0,0.0,0.2203703703703703,0.0978682241609171,0.3324074074074074,0.0962384085265345,0.1037037037037037,0.1002055500627309,0.0787037037037037,0.0685122619766145,0.4567407407407407,0.0648132486583267,7.8,6.099180272790763,1.8,1.8,0.6,0.0,1.8,0.2,0.0,0.6,0.6,2.6,,0.6,0.6,,0.4,1.4,0.8,-3.4,0.2145833333333333,0.1848892311027816,0.2052083333333333,0.1503612547980511,0.0590277777777777,0.0683948458458062,0.0,0.0,0.2277777777777777,0.0812707713240433,0.3118055555555555,0.0887259791871357,0.0777777777777777,0.0968644209675705,0.0590277777777777,0.0683948458458062,0.4050555555555555,0.1161289725762048,6.833333333333333,5.946988033169957,1.8333333333333333,1.5,0.5,0.0,1.5,0.1666666666666666,0.0,0.5,0.6666666666666666,2.333333333333333,,0.5,0.5,,0.3333333333333333,1.1666666666666667,0.8333333333333334,-2.833333333333333,0.3716666666666667,0.3860231714403798,0.1641666666666666,0.1593062215427326,0.0472222222222222,0.0648478751662708,0.0,0.0,0.1822222222222222,0.1238153743021449,0.3494444444444444,0.1139633902662941,0.0622222222222222,0.0908125188520113,0.0472222222222222,0.0648478751662708,0.4240444444444444,0.1091665846762485,,,,9.996666666666666,2.1966666666666668,2.28,0.91,0.0,0.2199266666666666,0.17994,0.5998,5.386666666666667,4.476666666666667,3.1066666666666665,3.1900000000000004,0.3998666666666666,2.1966666666666668,2.28,0.91,0.0,5.386666666666667,0.2199266666666666,0.17994,0.5998
4701233,Craig Porter Jr.,CLE,2026-06-18,0.0,24.0,0.0,0.0,7.0,0,1,3,0,0,0,0,3,0,0,,0,0,,0,1,1,-4,9.0,0.0,0.1111111111111111,0.3333333333333333,0.0,0.0,0.0,0.0,0.3333333333333333,0.3333333333333333,0.0,3.333333333333333,4.932882862316247,0.0,0.3333333333333333,1.0,0.0,0.0,0.0,0.0,1.0,0.0,0.0,,0.0,0.0,,0.0,0.3333333333333333,0.3333333333333333,-0.6666666666666666,0.0,0.0,0.0555555555555555,0.0785674201318386,0.1666666666666666,0.2357022603955158,0.0,0.0,0.0,0.0,0.0,0.0,0.0,0.0,0.1666666666666666,0.2357022603955158,0.1666666666666666,0.2357022603955158,2.8,3.8340579025361623,0.4,0.6,0.8,0.0,0.0,0.0,0.0,0.6,0.2,0.4,,0.0,0.0,,0.0,0.6,0.2,-0.2,0.1666666666666666,0.2886751345948129,0.2037037037037037,0.2625453125695893,0.1944444444444444,0.1734721666221777,0.0,0.0,0.0,0.0,0.1666666666666666,0.2886751345948129,0.0,0.0,0.1111111111111111,0.1924500897298752,0.2777777777777777,0.2545875386086578,2.6666666666666665,3.444802848737017,0.3333333333333333,0.5,0.6666666666666666,0.0,0.0,0.0,0.0,0.5,0.1666666666666666,0.3333333333333333,,0.0,0.0,,0.0,0.5,0.1666666666666666,-0.1666666666666666,0.125,0.25,0.1527777777777778,0.2373334373699314,0.1458333333333333,0.1717960677340692,0.0,0.0,0.0,0.0,0.125,0.25,0.0,0.0,0.0833333333333333,0.1666666666666666,0.2083333333333333,0.25,,,,8.0,0.2066666666666666,0.5599999999999999,1.163333333333333,0.0,0.176,0.144,0.48,1.93,0.7666666666666666,1.37,1.7233333333333332,0.3199999999999999,0.2066666666666666,0.5599999999999999,1.163333333333333,0.0,1.93,0.176,0.144,0.48
4702177,Keon Ellis,CLE,2026-06-18,0.0,24.0,0.0,0.0,7.0,5,2,1,1,3,1,0,0,1,3,,2,2,,0,2,1,-20,16.0,0.3125,0.125,0.0625,0.0625,0.1875,0.1875,0.125,0.0,0.2425,0.0,5.666666666666667,8.962886439832502,1.6666666666666667,0.6666666666666666,0.3333333333333333,0.3333333333333333,1.0,0.3333333333333333,0.0,0.0,0.3333333333333333,1.0,,0.6666666666666666,0.6666666666666666,,0.0,0.6666666666666666,0.3333333333333333,-6.0,0.15625,0.2209708691207961,0.0625,0.0883883476483184,0.03125,0.0441941738241592,0.03125,0.0441941738241592,0.09375,0.1325825214724776,0.09375,0.1325825214724776,0.0625,0.0883883476483184,0.0,0.0,0.12125,0.1714733944377377,5.2,6.3796551630946325,2.0,0.4,0.2,0.4,0.8,0.2,0.0,0.6,0.4,0.8,,0.8,0.8,,0.0,0.4,0.6,-2.2,0.365625,0.3084529610275555,0.03125,0.0625,0.015625,0.03125,0.078125,0.1183105905375057,0.109375,0.1288470508005519,0.109375,0.1288470508005519,0.13125,0.1886078382959379,0.1625,0.1973786547054502,0.329625,0.2620252452850043,4.666666666666667,5.853773711604051,1.6666666666666667,0.3333333333333333,0.3333333333333333,0.3333333333333333,0.6666666666666666,0.3333333333333333,0.0,0.6666666666666666,0.3333333333333333,0.6666666666666666,,0.6666666666666666,0.6666666666666666,,0.0,0.3333333333333333,0.5,-1.8333333333333333,0.2925,0.3131992177512581,0.025,0.0559016994374947,0.1125,0.2183031149571622,0.0625,0.1082531754730548,0.0875,0.121834929310112,0.0875,0.121834929310112,0.105,0.1735655495770978,0.2299999999999999,0.2280350850198276,0.3637,0.2393709464408744,,,,8.0,2.283333333333333,0.7066666666666667,0.3866666666666666,0.4566666666666666,0.176,0.144,0.48,3.3766666666666665,2.99,2.67,1.0933333333333333,0.3199999999999999,2.283333333333333,0.7066666666666667,0.3866666666666666,0.4566666666666666,3.3766666666666665,0.176,0.144,0.48
5023693,Tyrese Proctor,CLE,2026-06-18,0.0,24.0,0.0,0.0,7.0,0,1,2,0,2,0,0,1,0,2,,0,0,,0,1,1,-4,9.0,0.0,0.1111111111111111,0.2222222222222222,0.0,0.2222222222222222,0.2222222222222222,0.0,0.1111111111111111,0.3333333333333333,0.0,3.333333333333333,4.932882862316247,0.0,0.3333333333333333,0.6666666666666666,0.0,0.6666666666666666,0.0,0.0,0.3333333333333333,0.0,0.6666666666666666,,0.0,0.0,,0.0,0.3333333333333333,0.3333333333333333,-0.6666666666666666,0.0,0.0,0.0555555555555555,0.0785674201318386,0.1111111111111111,0.1571348402636772,0.0,0.0,0.1111111111111111,0.1571348402636772,0.1111111111111111,0.1571348402636772,0.0,0.0,0.0555555555555555,0.0785674201318386,0.1666666666666666,0.2357022603955158,2.0,3.9370039370059056,0.0,0.2,0.4,0.0,0.4,0.0,0.0,0.2,0.0,0.4,,0.0,0.0,,0.0,0.2,0.2,-0.4,0.0,0.0,0.0555555555555555,0.0785674201318386,0.1111111111111111,0.1571348402636772,0.0,0.0,0.1111111111111111,0.1571348402636772,0.1111111111111111,0.1571348402636772,0.0,0.0,0.0555555555555555,0.0785674201318386,0.1666666666666666,0.2357022603955158,1.6666666666666667,3.614784456460256,0.0,0.1666666666666666,0.3333333333333333,0.0,0.3333333333333333,0.0,0.0,0.1666666666666666,0.0,0.3333333333333333,,0.0,0.0,,0.0,0.1666666666666666,0.1666666666666666,-0.3333333333333333,0.0,0.0,0.0555555555555555,0.0785674201318386,0.1111111111111111,0.1571348402636772,0.0,0.0,0.1111111111111111,0.1571348402636772,0.1111111111111111,0.1571348402636772,0.0,0.0,0.0555555555555555,0.0785674201318386,0.1666666666666666,0.2357022603955158,,,,8.0,0.0,0.3533333333333333,0.7066666666666667,0.0,0.176,0.144,0.48,1.06,0.3533333333333333,0.7066666666666667,1.06,0.3199999999999999,0.0,0.3533333333333333,0.7066666666666667,0.0,1.06,0.176,0.144,0.48
5106268,Nae'Qwan Tomlin,CLE,2026-06-18,0.0,24.0,0.0,0.0,7.0,2,1,1,0,0,0,0,0,1,2,,0,0,,1,0,1,-2,7.0,0.2857142857142857,0.1428571428571428,0.1428571428571428,0.0,0.0,0.2857142857142857,0.0,0.0,0.2857142857142857,0.0,2.6666666666666665,3.7859388972001824,1.3333333333333333,0.6666666666666666,0.3333333333333333,0.0,0.0,0.0,0.0,0.0,0.6666666666666666,1.0,,0.0,0.0,,0.6666666666666666,0.0,0.3333333333333333,0.0,1.1428571428571428,1.212183053462653,0.5714285714285714,0.6060915267313265,0.0714285714285714,0.101015254455221,0.0,0.0,0.0,0.0,0.6428571428571428,0.5050762722761053,0.0,0.0,0.0,0.0,0.6428571428571428,0.5050762722761053,2.4,3.049590136395381,1.2,0.6,0.2,0.0,0.0,0.2,0.0,0.0,0.6,0.8,,0.0,0.0,,0.4,0.2,0.2,0.2,0.9285714285714284,0.9340497736158586,0.4642857142857142,0.4670248868079293,0.0476190476190476,0.0824786098842322,0.0,0.0,0.0,0.0,0.5119047619047619,0.4230798962837347,0.0,0.0,0.0,0.0,0.5119047619047619,0.4230798962837347,2.333333333333333,2.7325202042558927,1.1666666666666667,0.6666666666666666,0.1666666666666666,0.0,0.0,0.1666666666666666,0.0,0.0,0.5,0.6666666666666666,,0.1666666666666666,0.3333333333333333,,0.5,0.1666666666666666,0.1666666666666666,0.1666666666666666,0.8214285714285714,0.7921811790292441,0.4732142857142857,0.381742112971999,0.0357142857142857,0.0714285714285714,0.0,0.0,0.0,0.0,0.3839285714285714,0.429933351898675,0.25,0.5,0.0,0.0,0.4939285714285714,0.347309141048407,,,,8.0,1.3533333333333333,0.6933333333333332,0.3533333333333333,0.0,0.176,0.144,0.48,2.4,2.0466666666666664,1.7066666666666666,1.0466666666666666,0.3199999999999999,1.3533333333333333,0.6933333333333332,0.3533333333333333,0.0,2.4,0.176,0.144,0.48
6440,Tobias Harris,DET,2026-06-18,0.0,32.0,0.0,0.0,3.0,5,5,2,0,2,1,1,1,0,6,,5,6,,1,4,3,-23,23.0,0.217391304347826,0.217391304347826,0.0869565217391304,0.0,0.0869565217391304,0.2608695652173913,0.2608695652173913,0.0434782608695652,0.4191304347826087,0.0,24.0,1.4142135623730951,5.5,5.0,2.5,0.0,2.0,1.5,0.5,1.5,1.0,6.5,,3.5,4.0,,0.5,4.5,3.5,-8.5,0.228695652173913,0.0159867620094349,0.208695652173913,0.0122975092380268,0.1034782608695652,0.0233652675522511,0.0,0.0,0.0834782608695652,0.0049190036952107,0.2704347826086957,0.0135272601618296,0.1704347826086956,0.1278940960754798,0.0617391304347826,0.0258247693998565,0.4071652173913043,0.016921372711525,24.0,1.4142135623730951,5.5,5.0,2.5,0.0,2.0,1.5,0.5,1.5,1.0,6.5,,3.5,4.0,,0.5,4.5,3.5,-8.5,0.228695652173913,0.0159867620094349,0.208695652173913,0.0122975092380268,0.1034782608695652,0.0233652675522511,0.0,0.0,0.0834782608695652,0.0049190036952107,0.2704347826086957,0.0135272601618296,0.1704347826086956,0.1278940960754798,0.0617391304347826,0.0258247693998565,0.4071652173913043,0.016921372711525,24.0,1.4142135623730951,5.5,5.0,2.5,0.0,2.0,1.5,0.5,1.5,1.0,6.5,,3.5,4.0,,0.5,4.5,3.5,-8.5,0.228695652173913,0.0159867620094349,0.208695652173913,0.0122975092380268,0.1034782608695652,0.0233652675522511,0.0,0.0,0.0834782608695652,0.0049190036952107,0.2704347826086957,0.0135272601618296,0.1704347826086956,0.1278940960754798,0.0617391304347826,0.0258247693998565,0.4071652173913043,0.016921372711525,,,,23.85,5.424999999999999,5.0,2.425,0.0,0.5246999999999999,0.4292999999999999,1.4309999999999998,12.849999999999998,10.425,7.849999999999999,7.425,0.9539999999999998,5.424999999999999,5.0,2.425,0.0,12.849999999999998,0.5246999999999999,0.4292999999999999,1.4309999999999998
2596112,Javonte Green,DET,2026-06-18,0.0,32.0,0.0,0.0,3.0,0,0,0,0,0,0,0,0,0,0,,0,0,,0,0,0,0,0.0,,,,,,,,,,0.0,0.0,0.0,0.0,0.0,0.0,0.0,0.0,0.0,0.0,0.0,0.0,0.0,,0.0,0.0,,0.0,0.0,0.0,0.0,,,,,,,,,,,,,,,,,,,0.0,0.0,0.0,0.0,0.0,0.0,0.0,0.0,0.0,0.0,0.0,0.0,,0.0,0.0,,0.0,0.0,0.0,0.0,,,,,,,,,,,,,,,,,,,0.0,0.0,0.0,0.0,0.0,0.0,0.0,0.0,0.0,0.0,0.0,0.0,,0.0,0.0,,0.0,0.0,0.0,0.0,,,,,,,,,,,,,,,,,,,,,,8.0,0.0,0.0,0.0,0.0,0.176,0.144,0.48,0.0,0.0,0.0,0.0,0.3199999999999999,0.0,0.0,0.0,0.0,0.0,0.176,0.144,0.48
2991043,Caris LeVert,DET,2026-06-18,0.0,32.0,0.0,0.0,3.0,11,2,2,2,4,1,0,1,3,5,,3,4,,0,2,3,-14,17.0,0.6470588235294118,0.1176470588235294,0.1176470588235294,0.1176470588235294,0.2352941176470588,0.2941176470588235,0.2352941176470588,0.0588235294117647,0.4564705882352941,0.0,23.0,8.48528137423857,9.5,2.5,2.5,2.0,4.5,1.0,0.5,1.5,3.0,6.0,,1.5,2.0,,0.0,2.5,3.5,-1.0,0.4614604462474645,0.2624757423065684,0.1105476673427992,0.0100400557166446,0.1105476673427992,0.0100400557166446,0.0933062880324543,0.0344230481713532,0.2038539553752535,0.0444631038879979,0.2677484787018255,0.037291635518966,0.1176470588235294,0.1663780661615406,0.063894523326572,0.0071714683690319,0.3834077079107505,0.1033265162610119,23.0,8.48528137423857,9.5,2.5,2.5,2.0,4.5,1.0,0.5,1.5,3.0,6.0,,1.5,2.0,,0.0,2.5,3.5,-1.0,0.4614604462474645,0.2624757423065684,0.1105476673427992,0.0100400557166446,0.1105476673427992,0.0100400557166446,0.0933062880324543,0.0344230481713532,0.2038539553752535,0.0444631038879979,0.2677484787018255,0.037291635518966,0.1176470588235294,0.1663780661615406,0.063894523326572,0.0071714683690319,0.3834077079107505,0.1033265162610119,23.0,8.48528137423857,9.5,2.5,2.5,2.0,4.5,1.0,0.5,1.5,3.0,6.0,,1.5,2.0,,0.0,2.5,3.5,-1.0,0.4614604462474645,0.2624757423065684,0.1105476673427992,0.0100400557166446,0.1105476673427992,0.0100400557166446,0.0933062880324543,0.0344230481713532,0.2038539553752535,0.0444631038879979,0.2677484787018255,0.037291635518966,0.1176470588235294,0.1663780661615406,0.063894523326572,0.0071714683690319,0.3834077079107505,0.1033265162610119,,,,22.1,9.725,2.425,2.425,2.0,0.4862,0.3978,1.326,14.575,12.15,12.15,4.85,0.884,9.725,2.425,2.425,2.0,14.575,0.4862,0.3978,1.326
3157465,Duncan Robinson,DET,2026-06-18,0.0,32.0,0.0,0.0,3.0,13,1,1,3,5,1,0,3,4,7,,2,3,,0,1,3,-20,22.0,0.5909090909090909,0.0454545454545454,0.0454545454545454,0.1363636363636363,0.2272727272727272,0.3181818181818182,0.1363636363636363,0.1363636363636363,0.5145454545454545,0.0,21.0,1.4142135623730951,13.5,1.5,1.5,3.5,6.0,0.5,0.0,1.5,4.0,7.0,,2.0,3.0,,0.0,1.5,2.5,-8.5,0.6454545454545455,0.0771389215839869,0.0727272727272727,0.0385694607919935,0.0727272727272727,0.0385694607919935,0.1681818181818181,0.0449977042573257,0.2886363636363636,0.0867812867819853,0.3340909090909091,0.0224988521286628,0.1431818181818182,0.0096423651979983,0.0681818181818181,0.0964236519799837,0.4652727272727273,0.0696821591642015,21.0,1.4142135623730951,13.5,1.5,1.5,3.5,6.0,0.5,0.0,1.5,4.0,7.0,,2.0,3.0,,0.0,1.5,2.5,-8.5,0.6454545454545455,0.0771389215839869,0.0727272727272727,0.0385694607919935,0.0727272727272727,0.0385694607919935,0.1681818181818181,0.0449977042573257,0.2886363636363636,0.0867812867819853,0.3340909090909091,0.0224988521286628,0.1431818181818182,0.0096423651979983,0.0681818181818181,0.0964236519799837,0.4652727272727273,0.0696821591642015,21.0,1.4142135623730951,13.5,1.5,1.5,3.5,6.0,0.5,0.0,1.5,4.0,7.0,,2.0,3.0,,0.0,1.5,2.5,-8.5,0.6454545454545455,0.0771389215839869,0.0727272727272727,0.0385694607919935,0.0727272727272727,0.0385694607919935,0.1681818181818181,0.0449977042573257,0.2886363636363636,0.0867812867819853,0.3340909090909091,0.0224988521286628,0.1431818181818182,0.0096423651979983,0.0681818181818181,0.0964236519799837,0.4652727272727273,0.0696821591642015,,,,21.15,13.425,1.425,1.425,3.425,0.4652999999999999,0.3806999999999999,1.269,16.275000000000002,14.85,14.85,2.85,0.8459999999999999,13.425,1.425,1.425,3.425,16.275000000000002,0.4652999999999999,0.3806999999999999,1.269
4066372,Kevin Huerter,DET,2026-06-18,0.0,32.0,0.0,0.0,3.0,0,0,0,0,0,0,0,0,0,0,,0,0,,0,0,0,0,0.0,,,,,,,,,,0.0,0.0,0.0,0.0,0.0,0.0,0.0,0.0,0.0,0.0,0.0,0.0,0.0,,0.0,0.0,,0.0,0.0,0.0,0.0,,,,,,,,,,,,,,,,,,,0.0,0.0,0.0,0.0,0.0,0.0,0.0,0.0,0.0,0.0,0.0,0.0,,0.0,0.0,,0.0,0.0,0.0,0.0,,,,,,,,,,,,,,,,,,,0.0,0.0,0.0,0.0,0.0,0.0,0.0,0.0,0.0,0.0,0.0,0.0,,0.0,0.0,,0.0,0.0,0.0,0.0,,,,,,,,,,,,,,,,,,,,,,8.0,0.0,0.0,0.0,0.0,0.176,0.144,0.48,0.0,0.0,0.0,0.0,0.3199999999999999,0.0,0.0,0.0,0.0,0.0,0.176,0.144,0.48
4278562,Paul Reed,DET,2026-06-18,0.0,32.0,0.0,0.0,3.0,4,4,1,0,0,0,0,0,2,5,,0,0,,3,1,1,-7,8.0,0.5,0.5,0.125,0.0,0.0,0.625,0.0,0.0,0.625,0.0,12.0,5.656854249492381,10.5,5.0,1.0,0.5,0.5,0.0,0.5,1.5,4.5,7.0,,1.0,1.5,,3.0,2.0,1.0,0.5,0.78125,0.397747564417433,0.4375,0.0883883476483184,0.09375,0.0441941738241592,0.03125,0.0441941738241592,0.03125,0.0441941738241592,0.59375,0.0441941738241592,0.09375,0.1325825214724776,0.09375,0.1325825214724776,0.72875,0.1467246570962086,12.0,5.656854249492381,10.5,5.0,1.0,0.5,0.5,0.0,0.5,1.5,4.5,7.0,,1.0,1.5,,3.0,2.0,1.0,0.5,0.78125,0.397747564417433,0.4375,0.0883883476483184,0.09375,0.0441941738241592,0.03125,0.0441941738241592,0.03125,0.0441941738241592,0.59375,0.0441941738241592,0.09375,0.1325825214724776,0.09375,0.1325825214724776,0.72875,0.1467246570962086,12.0,5.656854249492381,10.5,5.0,1.0,0.5,0.5,0.0,0.5,1.5,4.5,7.0,,1.0,1.5,,3.0,2.0,1.0,0.5,0.78125,0.397747564417433,0.4375,0.0883883476483184,0.09375,0.0441941738241592,0.03125,0.0441941738241592,0.03125,0.0441941738241592,0.59375,0.0441941738241592,0.09375,0.1325825214724776,0.09375,0.1325825214724776,0.72875,0.1467246570962086,,,,11.4,9.525,4.85,1.0,0.4249999999999999,0.2507999999999999,0.2052,0.6839999999999999,15.375,14.375,10.525,5.85,0.4559999999999999,9.525,4.85,1.0,0.4249999999999999,15.375,0.2507999999999999,0.2052,0.6839999999999999
4397882,Tolu Smith,DET,2026-06-18,0.0,32.0,0.0,0.0,3.0,4,2,0,0,0,1,0,1,2,2,,0,0,,0,2,0,4,5.0,0.8,0.4,0.0,0.0,0.0,0.4,0.0,0.2,0.6,0.0,2.5,3.5355339059327378,2.0,1.0,0.0,0.0,0.0,0.5,0.0,0.5,1.0,1.0,,0.0,0.0,,0.0,1.0,0.0,2.0,0.8,,0.4,,0.0,,0.0,,0.0,,0.4,,0.0,,0.2,,0.6,,2.5,3.5355339059327378,2.0,1.0,0.0,0.0,0.0,0.5,0.0,0.5,1.0,1.0,,0.0,0.0,,0.0,1.0,0.0,2.0,0.8,,0.4,,0.0,,0.0,,0.0,,0.4,,0.0,,0.2,,0.6,,2.5,3.5355339059327378,2.0,1.0,0.0,0.0,0.0,0.5,0.0,0.5,1.0,1.0,,0.0,0.0,,0.0,1.0,0.0,2.0,0.8,,0.4,,0.0,,0.0,,0.0,,0.4,,0.0,,0.2,,0.6,,,,,8.0,2.3,1.15,0.0,0.0,0.176,0.144,0.48,3.45,3.45,2.3,1.15,0.3199999999999999,2.3,1.15,0.0,0.0,3.45,0.176,0.144,0.48
4432107,Marcus Sasser,DET,2026-06-18,0.0,32.0,0.0,0.0,3.0,9,2,1,3,9,1,0,0,3,12,,0,0,,2,0,3,-16,23.0,0.391304347826087,0.0869565217391304,0.0434782608695652,0.1304347826086956,0.391304347826087,0.5217391304347826,0.0,0.0,0.5217391304347826,0.0,20.5,3.5355339059327378,9.0,1.5,1.0,2.0,5.5,1.0,0.0,0.5,3.5,8.5,,0.0,0.0,,1.0,0.5,1.5,5.5,0.4456521739130434,0.0768594327376681,0.0712560386473429,0.0222038361242152,0.0495169082125603,0.008539936970852,0.0929951690821256,0.0529476092192825,0.251207729468599,0.1981265377237669,0.3997584541062802,0.1725067268112108,0.0,0.0,0.0277777777777777,0.0392837100659193,0.427536231884058,0.1332230167452915,20.5,3.5355339059327378,9.0,1.5,1.0,2.0,5.5,1.0,0.0,0.5,3.5,8.5,,0.0,0.0,,1.0,0.5,1.5,5.5,0.4456521739130434,0.0768594327376681,0.0712560386473429,0.0222038361242152,0.0495169082125603,0.008539936970852,0.0929951690821256,0.0529476092192825,0.251207729468599,0.1981265377237669,0.3997584541062802,0.1725067268112108,0.0,0.0,0.0277777777777777,0.0392837100659193,0.427536231884058,0.1332230167452915,20.5,3.5355339059327378,9.0,1.5,1.0,2.0,5.5,1.0,0.0,0.5,3.5,8.5,,0.0,0.0,,1.0,0.5,1.5,5.5,0.4456521739130434,0.0768594327376681,0.0712560386473429,0.0222038361242152,0.0495169082125603,0.008539936970852,0.0929951690821256,0.0529476092192825,0.251207729468599,0.1981265377237669,0.3997584541062802,0.1725067268112108,0.0,0.0,0.0277777777777777,0.0392837100659193,0.427536231884058,0.1332230167452915,,,,20.875,9.0,1.575,1.0,2.15,0.45925,0.37575,1.2525,11.575,10.575,10.0,2.575,0.835,9.0,1.575,1.0,2.15,11.575,0.45925,0.37575,1.2525
4432166,Cade Cunningham,DET,2026-06-18,0.0,32.0,0.0,0.0,3.0,13,4,5,0,7,2,0,3,5,16,,3,3,,0,4,4,-32,37.0,0.3513513513513513,0.1081081081081081,0.1351351351351351,0.0,0.1891891891891892,0.4324324324324324,0.081081081081081,0.081081081081081,0.5491891891891892,0.0,39.5,3.5355339059327378,17.0,3.0,6.5,2.5,8.5,1.0,0.0,5.0,6.0,17.5,,2.5,2.5,,0.0,3.0,3.0,-9.5,0.4256756756756756,0.1051104674736759,0.0778635778635778,0.0427722248594179,0.1628056628056628,0.0391320355096802,0.0595238095238095,0.0841793787126842,0.2136422136422136,0.0345817988225081,0.4424066924066924,0.0141057337302335,0.0643500643500643,0.023661230773295,0.1238738738738738,0.0605181479393891,0.5945945945945946,0.0642129401293729,39.5,3.5355339059327378,17.0,3.0,6.5,2.5,8.5,1.0,0.0,5.0,6.0,17.5,,2.5,2.5,,0.0,3.0,3.0,-9.5,0.4256756756756756,0.1051104674736759,0.0778635778635778,0.0427722248594179,0.1628056628056628,0.0391320355096802,0.0595238095238095,0.0841793787126842,0.2136422136422136,0.0345817988225081,0.4424066924066924,0.0141057337302335,0.0643500643500643,0.023661230773295,0.1238738738738738,0.0605181479393891,0.5945945945945946,0.0642129401293729,39.5,3.5355339059327378,17.0,3.0,6.5,2.5,8.5,1.0,0.0,5.0,6.0,17.5,,2.5,2.5,,0.0,3.0,3.0,-9.5,0.4256756756756756,0.1051104674736759,0.0778635778635778,0.0427722248594179,0.1628056628056628,0.0391320355096802,0.0595238095238095,0.0841793787126842,0.2136422136422136,0.0345817988225081,0.4424066924066924,0.0141057337302335,0.0643500643500643,0.023661230773295,0.1238738738738738,0.0605181479393891,0.5945945945945946,0.0642129401293729,,,,39.125,16.4,3.15,6.275,2.125,0.8607499999999999,0.7042499999999999,2.3475,25.825,19.55,22.675,9.425,1.565,16.4,3.15,6.275,2.125,25.825,0.8607499999999999,0.7042499999999999,2.3475
4432810,Isaiah Stewart,DET,2026-06-18,0.0,32.0,0.0,0.0,3.0,3,0,0,0,0,0,0,0,1,1,,1,1,,0,0,2,-8,6.0,0.5,0.0,0.0,0.0,0.0,0.1666666666666666,0.1666666666666666,0.0,0.24,0.0,5.0,1.4142135623730951,1.5,0.5,0.0,0.0,0.5,0.0,0.0,0.0,0.5,1.0,,0.5,0.5,,0.0,0.5,1.0,-3.0,0.25,0.3535533905932738,0.125,0.1767766952966369,0.0,0.0,0.0,0.0,0.125,0.1767766952966369,0.2083333333333333,0.0589255650988789,0.0833333333333333,0.1178511301977579,0.0,0.0,0.245,0.0070710678118654,5.0,1.4142135623730951,1.5,0.5,0.0,0.0,0.5,0.0,0.0,0.0,0.5,1.0,,0.5,0.5,,0.0,0.5,1.0,-3.0,0.25,0.3535533905932738,0.125,0.1767766952966369,0.0,0.0,0.0,0.0,0.125,0.1767766952966369,0.2083333333333333,0.0589255650988789,0.0833333333333333,0.1178511301977579,0.0,0.0,0.245,0.0070710678118654,5.0,1.4142135623730951,1.5,0.5,0.0,0.0,0.5,0.0,0.0,0.0,0.5,1.0,,0.5,0.5,,0.0,0.5,1.0,-3.0,0.25,0.3535533905932738,0.125,0.1767766952966369,0.0,0.0,0.0,0.0,0.125,0.1767766952966369,0.2083333333333333,0.0589255650988789,0.0833333333333333,0.1178511301977579,0.0,0.0,0.245,0.0070710678118654,,,,8.0,1.725,0.4249999999999999,0.0,0.0,0.176,0.144,0.48,2.15,2.15,1.725,0.4249999999999999,0.3199999999999999,1.725,0.4249999999999999,0.0,0.0,2.15,0.176,0.144,0.48
4433621,Jalen Duren,DET,2026-06-18,0.0,32.0,0.0,0.0,3.0,7,9,3,0,0,0,2,3,3,7,,1,2,,2,7,5,-18,26.0,0.2692307692307692,0.3461538461538461,0.1153846153846153,0.0,0.0,0.2692307692307692,0.0769230769230769,0.1153846153846153,0.4184615384615384,0.0,26.5,0.7071067811865476,11.0,10.0,1.5,0.0,0.0,0.5,2.5,1.5,5.0,8.5,,1.0,3.0,,3.0,7.0,3.5,-4.5,0.4123931623931623,0.2024621980320456,0.3767806267806267,0.0433128085342186,0.0576923076923076,0.0815892439830631,0.0,0.0,0.0,0.0,0.3198005698005698,0.0715164978123146,0.1125356125356125,0.0503637308537426,0.0576923076923076,0.0815892439830631,0.4270085470085469,0.0120872954048982,26.5,0.7071067811865476,11.0,10.0,1.5,0.0,0.0,0.5,2.5,1.5,5.0,8.5,,1.0,3.0,,3.0,7.0,3.5,-4.5,0.4123931623931623,0.2024621980320456,0.3767806267806267,0.0433128085342186,0.0576923076923076,0.0815892439830631,0.0,0.0,0.0,0.0,0.3198005698005698,0.0715164978123146,0.1125356125356125,0.0503637308537426,0.0576923076923076,0.0815892439830631,0.4270085470085469,0.0120872954048982,26.5,0.7071067811865476,11.0,10.0,1.5,0.0,0.0,0.5,2.5,1.5,5.0,8.5,,1.0,3.0,,3.0,7.0,3.5,-4.5,0.4123931623931623,0.2024621980320456,0.3767806267806267,0.0433128085342186,0.0576923076923076,0.0815892439830631,0.0,0.0,0.0,0.0,0.3198005698005698,0.0715164978123146,0.1125356125356125,0.0503637308537426,0.0576923076923076,0.0815892439830631,0.4270085470085469,0.0120872954048982,,,,26.425,10.4,9.85,1.725,0.0,0.58135,0.4756499999999999,1.5855,21.975,20.25,12.124999999999998,11.575,1.057,10.4,9.85,1.725,0.0,21.975,0.58135,0.4756499999999999,1.5855
4683771,Ronald Holland II,DET,2026-06-18,0.0,32.0,0.0,0.0,3.0,3,2,0,1,2,0,0,0,1,3,,0,0,,0,2,0,4,6.0,0.5,0.3333333333333333,0.0,0.1666666666666666,0.3333333333333333,0.5,0.0,0.0,0.5,0.0,4.0,2.8284271247461903,1.5,1.0,0.0,0.5,1.0,0.0,0.0,0.0,0.5,1.5,,0.0,0.0,,0.0,1.0,0.5,3.0,0.25,0.3535533905932738,0.1666666666666666,0.2357022603955158,0.0,0.0,0.0833333333333333,0.1178511301977579,0.1666666666666666,0.2357022603955158,0.25,0.3535533905932738,0.0,0.0,0.0,0.0,0.25,0.3535533905932738,4.0,2.8284271247461903,1.5,1.0,0.0,0.5,1.0,0.0,0.0,0.0,0.5,1.5,,0.0,0.0,,0.0,1.0,0.5,3.0,0.25,0.3535533905932738,0.1666666666666666,0.2357022603955158,0.0,0.0,0.0833333333333333,0.1178511301977579,0.1666666666666666,0.2357022603955158,0.25,0.3535533905932738,0.0,0.0,0.0,0.0,0.25,0.3535533905932738,4.0,2.8284271247461903,1.5,1.0,0.0,0.5,1.0,0.0,0.0,0.0,0.5,1.5,,0.0,0.0,,0.0,1.0,0.5,3.0,0.25,0.3535533905932738,0.1666666666666666,0.2357022603955158,0.0,0.0,0.0833333333333333,0.1178511301977579,0.1666666666666666,0.2357022603955158,0.25,0.3535533905932738,0.0,0.0,0.0,0.0,0.25,0.3535533905932738,,,,8.0,1.725,1.15,0.0,0.575,0.176,0.144,0.48,2.875,2.875,1.725,1.15,0.3199999999999999,1.725,1.15,0.0,0.575,2.875,0.176,0.144,0.48
4684742,Ausar Thompson,DET,2026-06-18,0.0,32.0,0.0,0.0,3.0,5,7,0,1,2,0,2,1,2,7,,0,2,,1,6,4,-14,29.0,0.1724137931034483,0.2413793103448276,0.0,0.0344827586206896,0.0689655172413793,0.2413793103448276,0.0689655172413793,0.0344827586206896,0.3062068965517241,0.0,26.5,3.5355339059327378,7.5,8.0,2.0,0.5,1.5,2.0,1.5,1.5,3.0,6.5,,1.0,2.5,,3.0,5.0,5.0,-1.0,0.2945402298850574,0.1727128632208521,0.3081896551724138,0.0944840957619955,0.0833333333333333,0.1178511301977579,0.0172413793103448,0.0243829924547085,0.0553160919540229,0.0193032023599775,0.2456896551724138,0.0060957481136771,0.0969827586206896,0.0396223627389013,0.0589080459770114,0.0345425726441704,0.3472701149425287,0.0580721603629642,26.5,3.5355339059327378,7.5,8.0,2.0,0.5,1.5,2.0,1.5,1.5,3.0,6.5,,1.0,2.5,,3.0,5.0,5.0,-1.0,0.2945402298850574,0.1727128632208521,0.3081896551724138,0.0944840957619955,0.0833333333333333,0.1178511301977579,0.0172413793103448,0.0243829924547085,0.0553160919540229,0.0193032023599775,0.2456896551724138,0.0060957481136771,0.0969827586206896,0.0396223627389013,0.0589080459770114,0.0345425726441704,0.3472701149425287,0.0580721603629642,26.5,3.5355339059327378,7.5,8.0,2.0,0.5,1.5,2.0,1.5,1.5,3.0,6.5,,1.0,2.5,,3.0,5.0,5.0,-1.0,0.2945402298850574,0.1727128632208521,0.3081896551724138,0.0944840957619955,0.0833333333333333,0.1178511301977579,0.0172413793103448,0.0243829924547085,0.0553160919540229,0.0193032023599775,0.2456896551724138,0.0060957481136771,0.0969827586206896,0.0396223627389013,0.0589080459770114,0.0345425726441704,0.3472701149425287,0.0580721603629642,,,,26.875,7.125,7.85,1.6999999999999995,0.575,0.5912499999999999,0.4837499999999999,1.6124999999999998,16.675,14.975,8.825,9.55,1.0749999999999995,7.125,7.85,1.6999999999999995,0.575,16.675,0.5912499999999999,0.4837499999999999,1.6124999999999998
4700852,Chaz Lanier,DET,2026-06-18,0.0,32.0,0.0,0.0,3.0,0,0,1,0,1,0,0,0,0,2,,0,0,,0,0,0,4,5.0,0.0,0.0,0.2,0.0,0.2,0.4,0.0,0.0,0.4,0.0,3.0,2.8284271247461903,0.0,0.0,0.5,0.0,0.5,0.0,0.0,0.0,0.0,1.0,,0.0,0.0,,0.0,0.0,0.0,1.5,0.0,0.0,0.0,0.0,0.1,0.1414213562373095,0.0,0.0,0.1,0.1414213562373095,0.2,0.282842712474619,0.0,0.0,0.0,0.0,0.2,0.282842712474619,3.0,2.8284271247461903,0.0,0.0,0.5,0.0,0.5,0.0,0.0,0.0,0.0,1.0,,0.0,0.0,,0.0,0.0,0.0,1.5,0.0,0.0,0.0,0.0,0.1,0.1414213562373095,0.0,0.0,0.1,0.1414213562373095,0.2,0.282842712474619,0.0,0.0,0.0,0.0,0.2,0.282842712474619,3.0,2.8284271247461903,0.0,0.0,0.5,0.0,0.5,0.0,0.0,0.0,0.0,1.0,,0.0,0.0,,0.0,0.0,0.0,1.5,0.0,0.0,0.0,0.0,0.1,0.1414213562373095,0.0,0.0,0.1,0.1414213562373095,0.2,0.282842712474619,0.0,0.0,0.0,0.0,0.2,0.282842712474619,,,,8.0,0.0,0.0,0.575,0.0,0.176,0.144,0.48,0.575,0.0,0.575,0.575,0.3199999999999999,0.0,0.0,0.575,0.0,0.575,0.176,0.144,0.48
5107199,Daniss Jenkins,DET,2026-06-18,0.0,32.0,0.0,0.0,3.0,17,3,5,2,7,0,0,1,4,12,,7,8,,1,2,3,-15,34.0,0.5,0.088235294117647,0.1470588235294117,0.0588235294117647,0.2058823529411764,0.3529411764705882,0.2352941176470588,0.0294117647058823,0.4858823529411764,0.0,32.5,2.1213203435596424,16.0,3.0,4.0,2.5,7.0,0.0,0.0,0.5,4.5,11.5,,4.5,5.0,,1.0,2.0,1.5,-1.5,0.4919354838709677,0.0114049480836539,0.092504743833017,0.0060379136913462,0.1219165085388994,0.0355566028490389,0.0777988614800758,0.0268351719615387,0.2158444022770398,0.0140884652798078,0.3538899430740038,0.0013417585980769,0.1499051233396584,0.1207582738269246,0.0147058823529411,0.0207972582701925,0.4345540796963947,0.0725891401559624,32.5,2.1213203435596424,16.0,3.0,4.0,2.5,7.0,0.0,0.0,0.5,4.5,11.5,,4.5,5.0,,1.0,2.0,1.5,-1.5,0.4919354838709677,0.0114049480836539,0.092504743833017,0.0060379136913462,0.1219165085388994,0.0355566028490389,0.0777988614800758,0.0268351719615387,0.2158444022770398,0.0140884652798078,0.3538899430740038,0.0013417585980769,0.1499051233396584,0.1207582738269246,0.0147058823529411,0.0207972582701925,0.4345540796963947,0.0725891401559624,32.5,2.1213203435596424,16.0,3.0,4.0,2.5,7.0,0.0,0.0,0.5,4.5,11.5,,4.5,5.0,,1.0,2.0,1.5,-1.5,0.4919354838709677,0.0114049480836539,0.092504743833017,0.0060379136913462,0.1219165085388994,0.0355566028490389,0.0777988614800758,0.0268351719615387,0.2158444022770398,0.0140884652798078,0.3538899430740038,0.0013417585980769,0.1499051233396584,0.1207582738269246,0.0147058823529411,0.0207972582701925,0.4345540796963947,0.0725891401559624,,,,32.725,16.15,3.0,4.15,2.425,0.71995,0.58905,1.9635,23.3,19.15,20.3,7.149999999999999,1.309,16.15,3.0,4.15,2.425,23.3,0.71995,0.58905,1.9635
3195,Mike Conley,MIN,2026-06-18,0.0,34.0,0.0,0.0,2.0,6,0,4,2,3,3,0,0,2,3,,0,0,,0,0,0,-5,19.0,0.3157894736842105,0.0,0.2105263157894736,0.1052631578947368,0.1578947368421052,0.1578947368421052,0.0,0.0,0.1578947368421052,0.0,19.0,,6.0,0.0,4.0,2.0,3.0,3.0,0.0,0.0,2.0,3.0,,0.0,0.0,,0.0,0.0,0.0,-5.0,0.3157894736842105,,0.0,,0.2105263157894736,,0.1052631578947368,,0.1578947368421052,,0.1578947368421052,,0.0,,0.0,,0.1578947368421052,,19.0,,6.0,0.0,4.0,2.0,3.0,3.0,0.0,0.0,2.0,3.0,,0.0,0.0,,0.0,0.0,0.0,-5.0,0.3157894736842105,,0.0,,0.2105263157894736,,0.1052631578947368,,0.1578947368421052,,0.1578947368421052,,0.0,,0.0,,0.1578947368421052,,19.0,,6.0,0.0,4.0,2.0,3.0,3.0,0.0,0.0,2.0,3.0,,0.0,0.0,,0.0,0.0,0.0,-5.0,0.3157894736842105,,0.0,,0.2105263157894736,,0.1052631578947368,,0.1578947368421052,,0.1578947368421052,,0.0,,0.0,,0.1578947368421052,,,,,19.0,5.999999999999999,0.0,4.0,2.0,0.418,0.3419999999999999,1.14,10.0,5.999999999999999,10.0,4.0,0.76,5.999999999999999,0.0,4.0,2.0,10.0,0.418,0.3419999999999999,1.14
2968436,Joe Ingles,MIN,2026-06-18,0.0,34.0,0.0,0.0,2.0,0,0,0,0,0,0,0,0,0,0,,0,0,,0,0,0,0,0.0,,,,,,,,,,0.0,0.0,,0.0,0.0,0.0,0.0,0.0,0.0,0.0,0.0,0.0,0.0,,0.0,0.0,,0.0,0.0,0.0,0.0,,,,,,,,,,,,,,,,,,,0.0,,0.0,0.0,0.0,0.0,0.0,0.0,0.0,0.0,0.0,0.0,,0.0,0.0,,0.0,0.0,0.0,0.0,,,,,,,,,,,,,,,,,,,0.0,,0.0,0.0,0.0,0.0,0.0,0.0,0.0,0.0,0.0,0.0,,0.0,0.0,,0.0,0.0,0.0,0.0,,,,,,,,,,,,,,,,,,,,,,8.0,0.0,0.0,0.0,0.0,0.176,0.144,0.48,0.0,0.0,0.0,0.0,0.3199999999999999,0.0,0.0,0.0,0.0,0.0,0.176,0.144,0.48
2993874,Kyle Anderson,MIN,2026-06-18,0.0,34.0,0.0,0.0,2.0,2,0,3,0,0,0,0,0,1,3,,0,0,,0,0,0,3,8.0,0.25,0.0,0.375,0.0,0.0,0.375,0.0,0.0,0.375,0.0,8.0,,2.0,0.0,3.0,0.0,0.0,0.0,0.0,0.0,1.0,3.0,,0.0,0.0,,0.0,0.0,0.0,3.0,0.25,,0.0,,0.375,,0.0,,0.0,,0.375,,0.0,,0.0,,0.375,,8.0,,2.0,0.0,3.0,0.0,0.0,0.0,0.0,0.0,1.0,3.0,,0.0,0.0,,0.0,0.0,0.0,3.0,0.25,,0.0,,0.375,,0.0,,0.0,,0.375,,0.0,,0.0,,0.375,,8.0,,2.0,0.0,3.0,0.0,0.0,0.0,0.0,0.0,1.0,3.0,,0.0,0.0,,0.0,0.0,0.0,3.0,0.25,,0.0,,0.375,,0.0,,0.0,,0.375,,0.0,,0.0,,0.375,,,,,8.0,2.0,0.0,3.0,0.0,0.176,0.144,0.48,5.0,2.0,5.0,3.0,0.3199999999999999,2.0,0.0,3.0,0.0,5.0,0.176,0.144,0.48
3032976,Rudy Gobert,MIN,2026-06-18,0.0,34.0,0.0,0.0,2.0,0,3,0,0,0,0,0,0,0,4,,0,0,,1,2,3,-10,22.0,0.0,0.1363636363636363,0.0,0.0,0.0,0.1818181818181818,0.0,0.0,0.1818181818181818,0.0,22.0,,0.0,3.0,0.0,0.0,0.0,0.0,0.0,0.0,0.0,4.0,,0.0,0.0,,1.0,2.0,3.0,-10.0,0.0,,0.1363636363636363,,0.0,,0.0,,0.0,,0.1818181818181818,,0.0,,0.0,,0.1818181818181818,,22.0,,0.0,3.0,0.0,0.0,0.0,0.0,0.0,0.0,0.0,4.0,,0.0,0.0,,1.0,2.0,3.0,-10.0,0.0,,0.1363636363636363,,0.0,,0.0,,0.0,,0.1818181818181818,,0.0,,0.0,,0.1818181818181818,,22.0,,0.0,3.0,0.0,0.0,0.0,0.0,0.0,0.0,0.0,4.0,,0.0,0.0,,1.0,2.0,3.0,-10.0,0.0,,0.1363636363636363,,0.0,,0.0,,0.0,,0.1818181818181818,,0.0,,0.0,,0.1818181818181818,,,,,22.0,0.0,3.0,0.0,0.0,0.484,0.3959999999999999,1.3199999999999998,3.0,3.0,0.0,3.0,0.8799999999999999,0.0,3.0,0.0,0.0,3.0,0.484,0.3959999999999999,1.3199999999999998
3064514,Julius Randle,MIN,2026-06-18,0.0,34.0,0.0,0.0,2.0,3,7,1,0,2,0,0,0,1,8,,1,2,,2,5,3,-34,24.0,0.125,0.2916666666666667,0.0416666666666666,0.0,0.0833333333333333,0.3333333333333333,0.0833333333333333,0.0,0.37,0.0,24.0,,3.0,7.0,1.0,0.0,2.0,0.0,0.0,0.0,1.0,8.0,,1.0,2.0,,2.0,5.0,3.0,-34.0,0.125,,0.2916666666666667,,0.0416666666666666,,0.0,,0.0833333333333333,,0.3333333333333333,,0.0833333333333333,,0.0,,0.37,,24.0,,3.0,7.0,1.0,0.0,2.0,0.0,0.0,0.0,1.0,8.0,,1.0,2.0,,2.0,5.0,3.0,-34.0,0.125,,0.2916666666666667,,0.0416666666666666,,0.0,,0.0833333333333333,,0.3333333333333333,,0.0833333333333333,,0.0,,0.37,,24.0,,3.0,7.0,1.0,0.0,2.0,0.0,0.0,0.0,1.0,8.0,,1.0,2.0,,2.0,5.0,3.0,-34.0,0.125,,0.2916666666666667,,0.0416666666666666,,0.0,,0.0833333333333333,,0.3333333333333333,,0.0833333333333333,,0.0,,0.37,,,,,24.0,3.0,7.0,1.0,0.0,0.5279999999999999,0.4319999999999999,1.4399999999999995,11.0,10.0,4.0,8.0,0.9599999999999996,3.0,7.0,1.0,0.0,11.0,0.5279999999999999,0.4319999999999999,1.4399999999999995
4396971,Naz Reid,MIN,2026-06-18,0.0,34.0,0.0,0.0,2.0,18,7,1,3,7,0,0,0,7,13,,1,1,,1,6,0,-15,32.0,0.5625,0.21875,0.03125,0.09375,0.21875,0.40625,0.03125,0.0,0.42,0.0,32.0,,18.0,7.0,1.0,3.0,7.0,0.0,0.0,0.0,7.0,13.0,,1.0,1.0,,1.0,6.0,0.0,-15.0,0.5625,,0.21875,,0.03125,,0.09375,,0.21875,,0.40625,,0.03125,,0.0,,0.42,,32.0,,18.0,7.0,1.0,3.0,7.0,0.0,0.0,0.0,7.0,13.0,,1.0,1.0,,1.0,6.0,0.0,-15.0,0.5625,,0.21875,,0.03125,,0.09375,,0.21875,,0.40625,,0.03125,,0.0,,0.42,,32.0,,18.0,7.0,1.0,3.0,7.0,0.0,0.0,0.0,7.0,13.0,,1.0,1.0,,1.0,6.0,0.0,-15.0,0.5625,,0.21875,,0.03125,,0.09375,,0.21875,,0.40625,,0.03125,,0.0,,0.42,,,,,32.0,18.0,7.0,1.0,3.0,0.704,0.576,1.92,26.0,25.0,19.0,8.0,1.2799999999999998,18.0,7.0,1.0,3.0,26.0,0.704,0.576,1.92
4397002,Ayo Dosunmu,MIN,2026-06-18,0.0,34.0,0.0,0.0,2.0,10,1,9,0,1,0,0,0,4,8,,2,2,,0,1,3,-28,23.0,0.4347826086956521,0.0434782608695652,0.391304347826087,0.0,0.0434782608695652,0.3478260869565217,0.0869565217391304,0.0,0.3860869565217392,0.0,23.0,,10.0,1.0,9.0,0.0,1.0,0.0,0.0,0.0,4.0,8.0,,2.0,2.0,,0.0,1.0,3.0,-28.0,0.4347826086956521,,0.0434782608695652,,0.391304347826087,,0.0,,0.0434782608695652,,0.3478260869565217,,0.0869565217391304,,0.0,,0.3860869565217392,,23.0,,10.0,1.0,9.0,0.0,1.0,0.0,0.0,0.0,4.0,8.0,,2.0,2.0,,0.0,1.0,3.0,-28.0,0.4347826086956521,,0.0434782608695652,,0.391304347826087,,0.0,,0.0434782608695652,,0.3478260869565217,,0.0869565217391304,,0.0,,0.3860869565217392,,23.0,,10.0,1.0,9.0,0.0,1.0,0.0,0.0,0.0,4.0,8.0,,2.0,2.0,,0.0,1.0,3.0,-28.0,0.4347826086956521,,0.0434782608695652,,0.391304347826087,,0.0,,0.0434782608695652,,0.3478260869565217,,0.0869565217391304,,0.0,,0.3860869565217392,,,,,23.0,10.0,1.0,9.0,0.0,0.506,0.414,1.38,20.0,11.0,19.0,10.0,0.92,10.0,1.0,9.0,0.0,20.0,0.506,0.414,1.38
4431671,Jaden McDaniels,MIN,2026-06-18,0.0,34.0,0.0,0.0,2.0,13,1,3,2,4,0,1,0,4,13,,3,3,,1,0,5,-21,23.0,0.5652173913043478,0.0434782608695652,0.1304347826086956,0.0869565217391304,0.1739130434782608,0.5652173913043478,0.1304347826086956,0.0,0.6226086956521739,0.0,23.0,,13.0,1.0,3.0,2.0,4.0,0.0,1.0,0.0,4.0,13.0,,3.0,3.0,,1.0,0.0,5.0,-21.0,0.5652173913043478,,0.0434782608695652,,0.1304347826086956,,0.0869565217391304,,0.1739130434782608,,0.5652173913043478,,0.1304347826086956,,0.0,,0.6226086956521739,,23.0,,13.0,1.0,3.0,2.0,4.0,0.0,1.0,0.0,4.0,13.0,,3.0,3.0,,1.0,0.0,5.0,-21.0,0.5652173913043478,,0.0434782608695652,,0.1304347826086956,,0.0869565217391304,,0.1739130434782608,,0.5652173913043478,,0.1304347826086956,,0.0,,0.6226086956521739,,23.0,,13.0,1.0,3.0,2.0,4.0,0.0,1.0,0.0,4.0,13.0,,3.0,3.0,,1.0,0.0,5.0,-21.0,0.5652173913043478,,0.0434782608695652,,0.1304347826086956,,0.0869565217391304,,0.1739130434782608,,0.5652173913043478,,0.1304347826086956,,0.0,,0.6226086956521739,,,,,23.0,12.999999999999998,1.0,3.0,2.0,0.506,0.414,1.38,16.999999999999996,13.999999999999998,15.999999999999998,4.0,0.92,12.999999999999998,1.0,3.0,2.0,16.999999999999996,0.506,0.414,1.38
4432247,Jaylen Clark,MIN,2026-06-18,0.0,34.0,0.0,0.0,2.0,2,3,0,0,1,0,0,0,0,2,,2,2,,0,3,0,3,8.0,0.25,0.375,0.0,0.0,0.125,0.25,0.25,0.0,0.36,0.0,8.0,,2.0,3.0,0.0,0.0,1.0,0.0,0.0,0.0,0.0,2.0,,2.0,2.0,,0.0,3.0,0.0,3.0,0.25,,0.375,,0.0,,0.0,,0.125,,0.25,,0.25,,0.0,,0.36,,8.0,,2.0,3.0,0.0,0.0,1.0,0.0,0.0,0.0,0.0,2.0,,2.0,2.0,,0.0,3.0,0.0,3.0,0.25,,0.375,,0.0,,0.0,,0.125,,0.25,,0.25,,0.0,,0.36,,8.0,,2.0,3.0,0.0,0.0,1.0,0.0,0.0,0.0,0.0,2.0,,2.0,2.0,,0.0,3.0,0.0,3.0,0.25,,0.375,,0.0,,0.0,,0.125,,0.25,,0.25,,0.0,,0.36,,,,,8.0,2.0,3.0,0.0,0.0,0.176,0.144,0.48,5.0,5.0,2.0,3.0,0.3199999999999999,2.0,3.0,0.0,0.0,5.0,0.176,0.144,0.48
4432847,Terrence Shannon Jr.,MIN,2026-06-18,0.0,34.0,0.0,0.0,2.0,21,2,1,1,3,1,0,1,8,15,,4,4,,1,1,3,-21,22.0,0.9545454545454546,0.0909090909090909,0.0454545454545454,0.0454545454545454,0.1363636363636363,0.6818181818181818,0.1818181818181818,0.0454545454545454,0.8072727272727274,0.0,22.0,,21.0,2.0,1.0,1.0,3.0,1.0,0.0,1.0,8.0,15.0,,4.0,4.0,,1.0,1.0,3.0,-21.0,0.9545454545454546,,0.0909090909090909,,0.0454545454545454,,0.0454545454545454,,0.1363636363636363,,0.6818181818181818,,0.1818181818181818,,0.0454545454545454,,0.8072727272727274,,22.0,,21.0,2.0,1.0,1.0,3.0,1.0,0.0,1.0,8.0,15.0,,4.0,4.0,,1.0,1.0,3.0,-21.0,0.9545454545454546,,0.0909090909090909,,0.0454545454545454,,0.0454545454545454,,0.1363636363636363,,0.6818181818181818,,0.1818181818181818,,0.0454545454545454,,0.8072727272727274,,22.0,,21.0,2.0,1.0,1.0,3.0,1.0,0.0,1.0,8.0,15.0,,4.0,4.0,,1.0,1.0,3.0,-21.0,0.9545454545454546,,0.0909090909090909,,0.0454545454545454,,0.0454545454545454,,0.1363636363636363,,0.6818181818181818,,0.1818181818181818,,0.0454545454545454,,0.8072727272727274,,,,,22.0,21.0,2.0,1.0,1.0,0.484,0.3959999999999999,1.3199999999999998,24.0,23.0,22.0,3.0,0.8799999999999999,21.0,2.0,1.0,1.0,24.0,0.484,0.3959999999999999,1.3199999999999998
4592492,Bones Hyland,MIN,2026-06-18,0.0,34.0,0.0,0.0,2.0,3,1,0,1,4,0,0,0,1,6,,0,0,,1,0,1,3,8.0,0.375,0.125,0.0,0.125,0.5,0.75,0.0,0.0,0.75,0.0,8.0,,3.0,1.0,0.0,1.0,4.0,0.0,0.0,0.0,1.0,6.0,,0.0,0.0,,1.0,0.0,1.0,3.0,0.375,,0.125,,0.0,,0.125,,0.5,,0.75,,0.0,,0.0,,0.75,,8.0,,3.0,1.0,0.0,1.0,4.0,0.0,0.0,0.0,1.0,6.0,,0.0,0.0,,1.0,0.0,1.0,3.0,0.375,,0.125,,0.0,,0.125,,0.5,,0.75,,0.0,,0.0,,0.75,,8.0,,3.0,1.0,0.0,1.0,4.0,0.0,0.0,0.0,1.0,6.0,,0.0,0.0,,1.0,0.0,1.0,3.0,0.375,,0.125,,0.0,,0.125,,0.5,,0.75,,0.0,,0.0,,0.75,,,,,8.0,3.0,1.0,0.0,1.0,0.176,0.144,0.48,4.0,4.0,3.0,1.0,0.3199999999999999,3.0,1.0,0.0,1.0,4.0,0.176,0.144,0.48
4594268,Anthony Edwards,MIN,2026-06-18,0.0,34.0,0.0,0.0,2.0,24,2,2,2,7,3,0,3,9,26,,4,7,,1,1,4,-31,36.0,0.6666666666666666,0.0555555555555555,0.0555555555555555,0.0555555555555555,0.1944444444444444,0.7222222222222222,0.1944444444444444,0.0833333333333333,0.8911111111111111,0.0,36.0,,24.0,2.0,2.0,2.0,7.0,3.0,0.0,3.0,9.0,26.0,,4.0,7.0,,1.0,1.0,4.0,-31.0,0.6666666666666666,,0.0555555555555555,,0.0555555555555555,,0.0555555555555555,,0.1944444444444444,,0.7222222222222222,,0.1944444444444444,,0.0833333333333333,,0.8911111111111111,,36.0,,24.0,2.0,2.0,2.0,7.0,3.0,0.0,3.0,9.0,26.0,,4.0,7.0,,1.0,1.0,4.0,-31.0,0.6666666666666666,,0.0555555555555555,,0.0555555555555555,,0.0555555555555555,,0.1944444444444444,,0.7222222222222222,,0.1944444444444444,,0.0833333333333333,,0.8911111111111111,,36.0,,24.0,2.0,2.0,2.0,7.0,3.0,0.0,3.0,9.0,26.0,,4.0,7.0,,1.0,1.0,4.0,-31.0,0.6666666666666666,,0.0555555555555555,,0.0555555555555555,,0.0555555555555555,,0.1944444444444444,,0.7222222222222222,,0.1944444444444444,,0.0833333333333333,,0.8911111111111111,,,,,36.0,24.0,2.0,2.0,2.0,0.7919999999999999,0.6479999999999999,2.16,28.0,26.0,26.0,4.0,1.44,24.0,2.0,2.0,2.0,28.0,0.7919999999999999,0.6479999999999999,2.16
5105553,Julian Phillips,MIN,2026-06-18,0.0,34.0,0.0,0.0,2.0,3,0,1,1,2,1,0,1,1,2,,0,0,,0,0,0,3,8.0,0.375,0.0,0.125,0.125,0.25,0.25,0.0,0.125,0.375,0.0,8.0,,3.0,0.0,1.0,1.0,2.0,1.0,0.0,1.0,1.0,2.0,,0.0,0.0,,0.0,0.0,0.0,3.0,0.375,,0.0,,0.125,,0.125,,0.25,,0.25,,0.0,,0.125,,0.375,,8.0,,3.0,0.0,1.0,1.0,2.0,1.0,0.0,1.0,1.0,2.0,,0.0,0.0,,0.0,0.0,0.0,3.0,0.375,,0.0,,0.125,,0.125,,0.25,,0.25,,0.0,,0.125,,0.375,,8.0,,3.0,0.0,1.0,1.0,2.0,1.0,0.0,1.0,1.0,2.0,,0.0,0.0,,0.0,0.0,0.0,3.0,0.375,,0.0,,0.125,,0.125,,0.25,,0.25,,0.0,,0.125,,0.375,,,,,8.0,3.0,0.0,1.0,1.0,0.176,0.144,0.48,4.0,3.0,4.0,1.0,0.3199999999999999,3.0,0.0,1.0,1.0,4.0,0.176,0.144,0.48
5279133,Joan Beringer,MIN,2026-06-18,0.0,34.0,0.0,0.0,2.0,4,2,0,0,0,1,1,0,2,3,,0,0,,1,1,0,3,8.0,0.5,0.25,0.0,0.0,0.0,0.375,0.0,0.0,0.375,0.0,8.0,,4.0,2.0,0.0,0.0,0.0,1.0,1.0,0.0,2.0,3.0,,0.0,0.0,,1.0,1.0,0.0,3.0,0.5,,0.25,,0.0,,0.0,,0.0,,0.375,,0.0,,0.0,,0.375,,8.0,,4.0,2.0,0.0,0.0,0.0,1.0,1.0,0.0,2.0,3.0,,0.0,0.0,,1.0,1.0,0.0,3.0,0.5,,0.25,,0.0,,0.0,,0.0,,0.375,,0.0,,0.0,,0.375,,8.0,,4.0,2.0,0.0,0.0,0.0,1.0,1.0,0.0,2.0,3.0,,0.0,0.0,,1.0,1.0,0.0,3.0,0.5,,0.25,,0.0,,0.0,,0.0,,0.375,,0.0,,0.0,,0.375,,,,,8.0,4.0,2.0,0.0,0.0,0.176,0.144,0.48,6.0,6.0,4.0,2.0,0.3199999999999999,4.0,2.0,0.0,0.0,6.0,0.176,0.144,0.48
2528426,Jordan Clarkson,NYK,2026-06-18,0.0,5.0,1.0,4.0,10.0,2,1,0,0,2,0,0,0,1,5,,0,0,,1,0,0,3,6.0,0.3333333333333333,0.1666666666666666,0.0,0.0,0.3333333333333333,0.8333333333333334,0.0,0.0,0.8333333333333334,0.0,8.0,4.358898943540671,4.666666666666667,1.6666666666666667,0.3333333333333333,0.6666666666666666,1.6666666666666667,0.3333333333333333,0.0,1.3333333333333333,2.0,5.0,,0.0,0.0,,0.6666666666666666,1.0,1.0,4.333333333333333,0.5008547008547009,0.2347986300404204,0.1991452991452991,0.0320598279205317,0.0256410256410256,0.0444115591684327,0.0512820512820512,0.0888231183368655,0.229059829059829,0.0932055102920723,0.6572649572649573,0.1555532074585622,0.0,0.0,0.1846153846153846,0.2017673392092923,0.8418803418803419,0.1540241135977786,6.0,4.636809247747851,2.8,1.2,0.2,0.4,1.2,0.2,0.0,0.8,1.2,3.2,,0.0,0.0,,0.4,0.8,0.8,3.0,0.3756410256410257,0.3153846153846154,0.191025641025641,0.0308048227195557,0.0192307692307692,0.0384615384615384,0.0384615384615384,0.0769230769230769,0.2134615384615384,0.0822480280060984,0.5346153846153846,0.2762297430007412,0.0,0.0,0.1384615384615384,0.188840539892533,0.6730769230769231,0.3602693369947136,7.222222222222222,4.893306085301066,2.6666666666666665,1.0,0.1111111111111111,0.4444444444444444,1.2222222222222223,0.1111111111111111,0.1111111111111111,0.7777777777777778,1.1111111111111112,3.0,,0.0,0.0,,0.3333333333333333,0.6666666666666666,1.0,1.6666666666666667,0.3243532509157509,0.2656487503026593,0.1250267094017094,0.0859628224684267,0.0096153846153846,0.027196414661021,0.0409321581196581,0.0615479319821302,0.1700988247863247,0.1569921565784935,0.4097928113553113,0.2903090009485803,0.0,0.0,0.1087893009768009,0.133976455967211,0.5185821123321123,0.3588084738202727,,,,7.825,3.4763333333333333,1.447,0.2333888888888889,0.4845555555555556,0.2608333333333333,0.0,1.0433333333333334,5.156722222222223,4.923333333333334,3.709722222222222,1.680388888888889,0.2608333333333333,3.4763333333333333,1.447,0.2333888888888889,0.4845555555555556,5.156722222222223,0.2608333333333333,0.0,1.0433333333333334
3062679,Josh Hart,NYK,2026-06-18,0.0,5.0,1.0,4.0,10.0,13,11,2,3,6,0,0,1,4,11,,2,3,,3,8,3,15,39.0,0.3333333333333333,0.282051282051282,0.0512820512820512,0.0769230769230769,0.1538461538461538,0.282051282051282,0.0769230769230769,0.0256410256410256,0.3415384615384615,0.0,35.666666666666664,3.0550504633038944,11.666666666666666,9.333333333333334,4.333333333333333,2.6666666666666665,5.0,0.6666666666666666,0.0,1.6666666666666667,4.0,8.333333333333334,,1.0,2.0,,2.0,7.333333333333333,2.6666666666666665,6.333333333333333,0.324098124098124,0.1378944742470599,0.2605394605394606,0.0200306827985494,0.1253191253191253,0.067011990630105,0.0738372738372738,0.0420762930609043,0.1381507381507381,0.0710100495727839,0.2296592296592296,0.0939358073200149,0.0559440559440559,0.0489510489510489,0.0477966477966477,0.0192653092210819,0.302071262071262,0.0695043336611865,30.4,8.17312669668102,7.6,9.8,4.6,1.6,4.0,1.4,0.4,1.4,2.6,6.8,,0.8,1.4,,1.6,8.2,3.4,7.6,0.2166810966810966,0.1807904483824071,0.3341014541014541,0.128529244004579,0.164080364080364,0.0711503092117521,0.0443023643023643,0.0502074707706903,0.1273348873348873,0.0523503199541059,0.2192770192770192,0.0691776156771844,0.0409738409738409,0.042305692480344,0.0509002109002108,0.0417952885038318,0.2882057202057202,0.0703492352444941,30.55555555555556,6.482883446258907,10.555555555555555,8.88888888888889,5.0,1.8888888888888888,5.111111111111111,1.7777777777777777,0.2222222222222222,1.7777777777777777,3.888888888888889,9.22222222222222,,0.8888888888888888,1.4444444444444444,,1.5555555555555556,7.333333333333333,3.333333333333333,6.222222222222222,0.3203884725390102,0.2286694554164567,0.3036668926453872,0.1304552435529744,0.1727124926049657,0.0621970105685947,0.0560105068169584,0.0508194194331373,0.1618108991764905,0.0783731994200436,0.2931975465129587,0.1490360695371478,0.0459249697600952,0.0376684698893846,0.0607710290505989,0.0383890506055745,0.3741755622579995,0.147058196129579,,,,32.28572222222222,8.931302777777777,10.107849488304094,4.615203728070175,1.8946602339181289,1.4868424707602337,0.424812134502924,1.4868424707602337,23.654355994152045,19.03915226608187,13.546506505847953,14.723053216374268,1.9116546052631576,8.931302777777777,10.107849488304094,4.615203728070175,1.8946602339181289,23.654355994152045,1.4868424707602337,0.424812134502924,1.4868424707602337
3136195,Karl-Anthony Towns,NYK,2026-06-18,0.0,5.0,1.0,4.0,10.0,2,10,1,0,2,3,1,5,1,7,,0,0,,1,9,6,-4,23.0,0.0869565217391304,0.4347826086956521,0.0434782608695652,0.0,0.0869565217391304,0.3043478260869565,0.0,0.217391304347826,0.5217391304347826,0.0,29.0,7.9372539331937695,8.666666666666666,9.333333333333334,1.3333333333333333,0.3333333333333333,1.6666666666666667,2.0,1.0,3.0,3.0,7.333333333333333,,2.333333333333333,2.333333333333333,,1.6666666666666667,7.666666666666667,4.666666666666667,6.333333333333333,0.292143401983219,0.2065346805701129,0.3433081030335034,0.1176963884780201,0.0489057090887754,0.0257364970688616,0.0128205128205128,0.0222057795842163,0.0593498797160124,0.0249357679786878,0.253271137710497,0.0566706173223156,0.0775978407557354,0.0769319548822412,0.1196972364020418,0.0956107322487102,0.4071114240450624,0.1025150240312704,31.0,6.244997998398399,13.0,10.6,2.4,0.8,2.4,1.4,1.0,2.6,4.8,9.8,,2.6,2.6,,2.4,8.2,4.6,8.8,0.4046978058958137,0.2146040458153735,0.3530436853495138,0.0849238885647521,0.076402248982677,0.0418186033924435,0.0253393665158371,0.0389048184410891,0.0767863984178427,0.0430597259532684,0.3107862120380629,0.0937092973124722,0.0818528221005001,0.0585297823058205,0.095347753605931,0.0753816192542235,0.442149207368214,0.0958350483133465,32.55555555555556,6.023103666530885,14.22222222222222,11.22222222222222,3.111111111111111,1.3333333333333333,3.111111111111111,1.4444444444444444,1.0,2.4444444444444446,5.444444444444445,10.555555555555555,,2.0,2.111111111111111,,2.333333333333333,8.88888888888889,4.222222222222222,13.666666666666666,0.4378188190399344,0.1930036252454162,0.3568903665047157,0.100660730865172,0.093846453613358,0.0552676954531658,0.042021395452768,0.043340565347095,0.0940598699662279,0.0394416658381678,0.3233712574000634,0.0806617478384994,0.0639923085743519,0.0567663223790127,0.0809624272169702,0.0756087402764937,0.4324903003897485,0.0960148430025865,,,,30.032222222222224,11.67427240143369,10.263227240143369,2.199934050179212,0.7236817204301076,1.356293906810036,0.9687813620071684,2.5188315412186384,24.13743369175627,21.93749964157706,13.874206451612904,12.46316129032258,2.3250752688172045,11.67427240143369,10.263227240143369,2.199934050179212,0.7236817204301076,24.13743369175627,1.356293906810036,0.9687813620071684,2.5188315412186384
3147657,Mikal Bridges,NYK,2026-06-18,0.0,5.0,1.0,4.0,10.0,14,2,4,3,7,0,1,0,5,10,,1,2,,0,2,1,6,39.0,0.358974358974359,0.0512820512820512,0.1025641025641025,0.0769230769230769,0.1794871794871795,0.2564102564102564,0.0512820512820512,0.0,0.278974358974359,0.0,32.0,6.082762530298223,7.666666666666667,3.0,2.6666666666666665,1.3333333333333333,4.333333333333333,0.0,0.6666666666666666,0.3333333333333333,3.0,8.0,,0.3333333333333333,0.6666666666666666,,0.0,3.0,1.6666666666666667,5.0,0.2259799587385794,0.1464889205963246,0.0983748052713569,0.06490608105489,0.0809860637446844,0.0187276661239861,0.0375457875457875,0.0384942299578456,0.1300261041640351,0.0428743625235571,0.2500842069807587,0.0747085350937879,0.017094017094017,0.0296077061122885,0.0114942528735632,0.019908629972056,0.2690998273756894,0.0579009988265656,33.0,6.442049363362562,10.4,3.6,3.4,1.6,3.8,0.6,0.4,0.6,4.0,8.6,,0.8,1.2,,0.4,3.2,2.0,6.6,0.297434665138618,0.1541524070665226,0.1097217472743124,0.0503972029947373,0.0992885023583089,0.0315517858756405,0.0420396676494237,0.044368191446555,0.1072839551813479,0.0675710254720944,0.2563223011919395,0.0646861938098939,0.0388278388278388,0.0622495114615326,0.0189174576474828,0.0178192580132654,0.2923240079236715,0.0528191015132247,35.111111111111114,6.132789830991366,14.0,3.888888888888889,3.111111111111111,1.3333333333333333,3.6666666666666665,1.0,0.4444444444444444,1.1111111111111112,5.666666666666667,10.77777777777778,,1.3333333333333333,1.5555555555555556,,0.3333333333333333,3.555555555555556,1.7777777777777777,10.444444444444445,0.3838719242630092,0.1535741037034702,0.1107225010294816,0.0410556724910834,0.0903556392833095,0.0452704930161435,0.0351278576888332,0.0346568919269973,0.1054406181613919,0.0845702087007271,0.3068294428681308,0.1054227233918689,0.049084249084249,0.0738429195756647,0.031551619734967,0.0280094772290582,0.3599781322001675,0.1374030107882728,,,,33.66444444444445,10.701640404040406,3.4986020202020205,3.3659636363636363,1.6499959595959597,0.6120808080808081,0.4080538720538721,0.6120808080808081,17.566206060606063,14.200242424242424,14.067604040404042,6.864565656565657,1.0201346801346802,10.701640404040406,3.4986020202020205,3.3659636363636363,1.6499959595959597,17.566206060606063,0.6120808080808081,0.4080538720538721,0.6120808080808081
3914044,Landry Shamet,NYK,2026-06-18,0.0,5.0,1.0,4.0,10.0,5,1,0,1,4,0,0,0,2,7,,0,0,,0,1,2,-14,13.0,0.3846153846153846,0.0769230769230769,0.0,0.0769230769230769,0.3076923076923077,0.5384615384615384,0.0,0.0,0.5384615384615384,0.0,19.0,5.291502622129183,2.6666666666666665,2.333333333333333,1.0,0.6666666666666666,4.333333333333333,0.0,0.3333333333333333,0.0,1.0,6.0,,0.0,0.0,,0.6666666666666666,1.6666666666666667,2.6666666666666665,-15.666666666666666,0.1716833890746934,0.1955973777233482,0.115358071879811,0.0515303163015842,0.0448585231193926,0.0435439380382259,0.040133779264214,0.0385704434604375,0.2357594096724531,0.1217065168636087,0.3430482560917343,0.1978454705223477,0.0,0.0,0.0,0.0,0.3430482560917343,0.1978454705223477,24.0,7.874007874011811,6.8,2.0,1.0,1.6,5.2,0.0,0.4,0.0,2.6,7.8,,0.0,0.0,,0.4,1.6,2.4,-9.6,0.2684645788993615,0.1920560464122877,0.088608782521826,0.053240815240178,0.0402484472049689,0.0392866621816538,0.0622620857403466,0.0408935971081707,0.2244859488337749,0.0893099095937391,0.3403744082004952,0.147002087515134,0.0,0.0,0.0,0.0,0.3403744082004951,0.147002087515134,22.11111111111111,6.954215348341688,8.11111111111111,1.7777777777777777,1.1111111111111112,2.111111111111111,4.222222222222222,0.2222222222222222,0.2222222222222222,0.2222222222222222,2.7777777777777777,6.111111111111111,,0.4444444444444444,0.5555555555555556,,0.2222222222222222,1.5555555555555556,2.2222222222222223,0.5555555555555556,0.3570933247067316,0.2737895081920578,0.0893609327113163,0.0825941596013893,0.0459609167847154,0.0471986840587751,0.0934627195092937,0.0735916297177562,0.1875553418627856,0.0965871645381851,0.2775770808413156,0.1430425349697086,0.0236006683375104,0.0468334820573279,0.0079365079365079,0.0238095238095238,0.2958978828463281,0.1400598066315699,,,,21.70694444444444,5.911069444444443,1.8475694444444444,0.8915624999999998,1.401166666666667,0.0,0.3617824074074073,0.0,8.650201388888886,7.758638888888887,6.802631944444443,2.739131944444444,0.3617824074074073,5.911069444444443,1.8475694444444444,0.8915624999999998,1.401166666666667,8.650201388888886,0.0,0.3617824074074073,0.0
3934672,Jalen Brunson,NYK,2026-06-18,0.0,5.0,1.0,4.0,10.0,45,3,3,4,7,2,0,3,14,27,,13,15,,1,2,1,10,41.0,1.0975609756097562,0.073170731707317,0.073170731707317,0.0975609756097561,0.1707317073170731,0.6585365853658537,0.3658536585365853,0.073170731707317,0.8926829268292683,0.0,40.0,4.582575694955842,37.66666666666666,4.333333333333333,5.0,3.333333333333333,6.333333333333333,1.6666666666666667,0.0,3.6666666666666665,12.333333333333334,25.666666666666668,,9.666666666666666,11.333333333333334,,1.0,3.333333333333333,2.333333333333333,4.0,0.9433428360257629,0.1419380697492679,0.1098880794002745,0.0349940880831538,0.1250395945517896,0.0456472123038984,0.0838190265019533,0.0147809921319692,0.1575599197550417,0.0140002065062486,0.6470013726111288,0.073731831417354,0.2814750290360046,0.0738553366769426,0.0947365642487593,0.0417482320433504,0.8655869496357301,0.1082493336251534,39.0,3.535533905932738,32.6,4.2,4.6,2.8,7.2,2.0,0.0,3.8,11.2,26.6,,7.4,8.6,,1.2,3.0,2.2,1.6,0.8334310216723567,0.2069819387528381,0.1084648533300651,0.0305752409830323,0.1174135149103056,0.0499873930691919,0.0716285425014564,0.0197010559727963,0.1852898636595684,0.0409094538357404,0.6873473385026658,0.0990845635734982,0.2168224285169086,0.1031192905246569,0.0995161917498246,0.0302539787516295,0.8822653987999303,0.1004906641911635,39.22222222222222,4.5765100725819945,29.444444444444443,3.7777777777777777,6.0,2.0,6.444444444444445,1.5555555555555556,0.0,3.2222222222222223,10.444444444444445,23.444444444444443,,6.555555555555555,7.888888888888889,,0.7777777777777778,3.0,2.111111111111111,8.0,0.7426467055220699,0.2116177684295747,0.0959674199515348,0.0287898070943951,0.1527926825728337,0.0834848902779995,0.0521553302193692,0.0315912990294246,0.1656372665663265,0.0427282246905607,0.5980221124993526,0.1409716952830878,0.1954113891993217,0.1006282057641568,0.0817065917403585,0.0395147486851376,0.7657097154874126,0.1793179416012971,,,,39.41888888888889,33.90964444444444,4.137288888888889,4.693644444444444,2.8900444444444444,2.021481481481481,0.0,3.840814814814815,42.74057777777777,38.04693333333333,38.60328888888888,8.830933333333332,2.021481481481481,33.90964444444444,4.137288888888889,4.693644444444444,2.8900444444444444,42.74057777777777,2.021481481481481,0.0,3.840814814814815
3934719,OG Anunoby,NYK,2026-06-18,0.0,5.0,1.0,4.0,10.0,11,8,0,1,5,3,1,1,3,11,,4,6,,0,8,5,2,33.0,0.3333333333333333,0.2424242424242424,0.0,0.0303030303030303,0.1515151515151515,0.3333333333333333,0.1818181818181818,0.0303030303030303,0.4436363636363636,0.0,37.333333333333336,4.041451884327374,24.0,5.666666666666667,0.6666666666666666,3.6666666666666665,7.0,1.3333333333333333,1.3333333333333333,1.0,7.333333333333333,13.0,,5.666666666666667,7.0,,0.3333333333333333,5.333333333333333,3.0,-0.6666666666666666,0.6250178291256597,0.2548864574997877,0.1571880551341398,0.0757509822936865,0.0169020111253744,0.0146691995861547,0.0933273686803853,0.071310179060022,0.1850792909842974,0.0340068456175104,0.3470974183426045,0.0168251032054039,0.1883339168319913,0.0456007965481561,0.0270030212263845,0.0030157049534385,0.4569673629750652,0.0146377441099151,36.0,4.000000000000002,21.2,4.8,1.0,3.2,6.4,1.4,1.4,0.6,6.4,12.2,,5.2,6.0,,0.2,4.6,2.6,-3.4,0.5765800087221264,0.194605333376047,0.1352892934117829,0.0615169076023709,0.0263574228914408,0.0331209064456625,0.0861620707287194,0.0535440231138675,0.1767842790369603,0.0336713501144587,0.3397318598983264,0.0441510761170761,0.165833828739125,0.0446497272593091,0.0162018127358307,0.0149430982325911,0.4289005572793721,0.0566805303376579,33.77777777777778,4.2654946306899095,19.0,5.222222222222222,2.0,2.555555555555556,5.666666666666667,1.2222222222222223,1.1111111111111112,0.6666666666666666,5.666666666666667,11.22222222222222,,5.111111111111111,5.777777777777778,,0.6666666666666666,4.555555555555555,2.7777777777777777,5.0,0.5566446632506046,0.1650599965615422,0.1592856668289432,0.0649626681336933,0.0623934500090703,0.0543961517246643,0.0729481498816559,0.0450038293069415,0.1666232696299774,0.0328602437471245,0.3352697009430383,0.0721854345589193,0.1697203695554856,0.0671322798930975,0.0199684366598002,0.0153883437907796,0.4299151002072522,0.0865156460715963,,,,35.67861111111112,20.634442592592595,5.104066666666667,0.9746435185185186,3.055303703703704,1.3875015432098767,1.3875015432098767,0.5946435185185186,26.713152777777783,25.738509259259263,21.609086111111115,6.0787101851851855,2.775003086419753,20.634442592592595,5.104066666666667,0.9746435185185186,3.055303703703704,26.713152777777783,1.3875015432098767,1.3875015432098767,0.5946435185185186
4277869,Jose Alvarado,NYK,2026-06-18,0.0,5.0,1.0,4.0,10.0,0,1,0,0,2,0,0,0,0,5,,0,0,,0,1,1,-11,11.0,0.0,0.0909090909090909,0.0,0.0,0.1818181818181818,0.4545454545454545,0.0,0.0,0.4545454545454545,0.0,13.0,2.6457513110645907,4.0,2.0,1.3333333333333333,0.6666666666666666,2.333333333333333,0.0,0.0,0.3333333333333333,1.6666666666666667,4.666666666666667,,0.0,0.0,,0.0,2.0,2.333333333333333,1.6666666666666667,0.2777777777777778,0.2545875386086577,0.1553030303030303,0.0837626681344544,0.0902777777777777,0.0939427031838102,0.0416666666666666,0.0721687836487032,0.1786616161616162,0.0107693952709804,0.3737373737373737,0.1088205122546225,0.0,0.0,0.0208333333333333,0.0360843918243516,0.394570707070707,0.073555430541231,12.0,2.3452078799117144,4.2,2.6,1.4,0.6,2.4,0.2,0.0,0.4,1.6,4.8,,0.4,0.6,,0.4,2.2,2.2,4.0,0.333939393939394,0.2492449571576188,0.2259090909090909,0.1155922585986358,0.1123484848484848,0.0825443017651894,0.0431818181818181,0.060345082033417,0.2017424242424242,0.0414488106302581,0.4133333333333333,0.1072626685919285,0.06,0.1341640786499874,0.0306818181818181,0.043196767747155,0.4704151515151515,0.1218703564960328,9.88888888888889,3.3706247360261137,3.4444444444444446,1.6666666666666667,1.1111111111111112,0.3333333333333333,1.8888888888888888,0.3333333333333333,0.1111111111111111,0.5555555555555556,1.4444444444444444,3.7777777777777777,,0.2222222222222222,0.3333333333333333,,0.2222222222222222,1.4444444444444444,1.4444444444444444,3.888888888888889,0.349013949013949,0.2361947743878864,0.1552669552669552,0.1263346668837699,0.098526936026936,0.0856023825228146,0.0239898989898989,0.0483603989954685,0.208507696007696,0.1199614906553711,0.4078042328042328,0.1786418138575011,0.0333333333333333,0.1,0.0670454545454545,0.0963164550018958,0.489516354016354,0.2394064876908024,,,,11.823055555555555,3.8263972222222224,2.334330555555556,1.2725027777777775,0.5453583333333333,0.1970509259259259,0.0,0.3941018518518518,7.433230555555555,6.160727777777778,5.0989,3.606833333333333,0.1970509259259259,3.8263972222222224,2.334330555555556,1.2725027777777775,0.5453583333333333,7.433230555555555,0.1970509259259259,0.0,0.3941018518518518
4351852,Mitchell Robinson,NYK,2026-06-18,0.0,5.0,1.0,4.0,10.0,2,10,2,0,0,0,0,0,1,2,,0,2,,6,4,1,5,20.0,0.1,0.5,0.1,0.0,0.0,0.1,0.1,0.0,0.144,0.0,13.333333333333334,6.506407098647712,3.0,6.333333333333333,1.0,0.0,0.0,0.0,0.6666666666666666,0.3333333333333333,1.3333333333333333,3.333333333333333,,0.3333333333333333,2.6666666666666665,,4.333333333333333,2.0,0.6666666666666666,-7.333333333333333,0.3227106227106227,0.3401810419872585,0.4853479853479853,0.0942645365015222,0.0589743589743589,0.0523604560427234,0.0,0.0,0.0,0.0,0.3043956043956044,0.1783709779427407,0.2311355311355311,0.1140971253238439,0.0256410256410256,0.0444115591684327,0.4317362637362636,0.2500971896580327,13.4,4.61519230368573,3.6,5.6,0.6,0.0,0.0,0.2,0.6,0.4,1.4,2.8,,0.8,3.0,,3.0,2.6,1.2,-7.2,0.3243956043956044,0.2698975819561999,0.4263736263736263,0.1364032430140346,0.0353846153846153,0.0491345213005271,0.0,0.0,0.0,0.0,0.2419780219780219,0.1524077181339379,0.2397802197802198,0.1486817653884113,0.0296703296703296,0.0406741879633444,0.3771516483516483,0.2065134762373846,13.333333333333334,4.0,4.0,5.666666666666667,0.4444444444444444,0.0,0.0,0.4444444444444444,0.4444444444444444,0.5555555555555556,1.6666666666666667,2.888888888888889,,0.6666666666666666,3.2222222222222223,,2.888888888888889,2.7777777777777777,1.3333333333333333,-3.888888888888889,0.323076923076923,0.1993083102051763,0.4202957536290869,0.1162415090473314,0.0275946275946275,0.0420803239811442,0.0,0.0,0.0,0.0,0.2261429928096594,0.1237771799773397,0.2460860127526794,0.1873700582207101,0.0380884547551214,0.0464391410419781,0.3725092931759598,0.1812792143260221,,,,14.021833333333332,3.5642358208955223,6.113255721393034,0.7362615257048092,0.0,0.2092810945273631,0.6278432835820894,0.4185621890547263,10.413753067993364,9.677491542288555,4.300497346600332,6.849517247097843,0.8371243781094526,3.5642358208955223,6.113255721393034,0.7362615257048092,0.0,10.413753067993364,0.2092810945273631,0.6278432835820894,0.4185621890547263
4431823,Miles McBride,NYK,2026-06-18,0.0,5.0,1.0,4.0,10.0,0,0,1,0,2,0,0,0,0,2,,0,0,,0,0,1,3,13.0,0.0,0.0,0.0769230769230769,0.0,0.1538461538461538,0.1538461538461538,0.0,0.0,0.1538461538461538,0.0,9.666666666666666,3.055050463303895,0.0,0.0,0.3333333333333333,0.0,2.6666666666666665,0.0,0.0,0.3333333333333333,0.0,2.6666666666666665,,0.0,0.0,,0.0,0.0,0.3333333333333333,-3.0,0.0,0.0,0.0,0.0,0.0256410256410256,0.0444115591684327,0.0,0.0,0.3158323158323158,0.2239774678126395,0.3158323158323158,0.2239774678126396,0.0,0.0,0.037037037037037,0.0641500299099584,0.3528693528693529,0.2094755616127522,13.2,5.310367218940701,2.2,0.6,1.4,0.6,3.4,0.0,0.2,0.6,0.8,4.4,,0.0,0.0,,0.4,0.2,0.6,0.2,0.1187134502923976,0.1631096786791663,0.0327485380116959,0.0493797235849931,0.0797121007647323,0.0877696892069156,0.0321637426900584,0.0474189319889673,0.2859906175695649,0.1718499128061735,0.340961377803483,0.1622323191465581,0.0,0.0,0.0444444444444444,0.0608580619450184,0.3854058222479275,0.1615210476365376,14.22222222222222,4.085883557377088,3.555555555555556,1.2222222222222223,1.4444444444444444,0.8888888888888888,3.4444444444444446,0.3333333333333333,0.2222222222222222,0.3333333333333333,1.2222222222222223,4.555555555555555,,0.2222222222222222,0.2222222222222222,,0.6666666666666666,0.5555555555555556,1.4444444444444444,3.2222222222222223,0.2172124210307905,0.2307703200126664,0.0760834548244249,0.0950867020102801,0.08770186737163,0.0840974256149765,0.0533496049491921,0.0611321101935274,0.2615914261941093,0.1601792351818684,0.330412716893625,0.1907907528668437,0.0158730158730158,0.0476190476190476,0.0246913580246913,0.0489953946493442,0.3620882019024434,0.1888037313811546,,,,12.624388888888888,1.8548833333333332,0.5260792929292929,1.2149257575757575,0.4994126262626261,0.0,0.1912786195286195,0.5738358585858585,3.595888383838384,2.3809626262626264,3.069809090909091,1.7410050505050505,0.1912786195286195,1.8548833333333332,0.5260792929292929,1.2149257575757575,0.4994126262626261,3.595888383838384,0.0,0.1912786195286195,0.5738358585858585
4433225,Tyler Kolek,NYK,2026-06-18,0.0,5.0,1.0,4.0,10.0,0,0,0,0,0,0,0,0,0,0,,0,0,,0,0,0,0,0.0,,,,,,,,,,0.0,0.0,0.0,0.0,0.0,0.0,0.0,0.0,0.0,0.0,0.0,0.0,0.0,,0.0,0.0,,0.0,0.0,0.0,0.0,,,,,,,,,,,,,,,,,,,0.0,0.0,0.0,0.0,0.0,0.0,0.0,0.0,0.0,0.0,0.0,0.0,,0.0,0.0,,0.0,0.0,0.0,0.0,,,,,,,,,,,,,,,,,,,1.0,2.6457513110645907,0.8888888888888888,0.1111111111111111,0.1111111111111111,0.2222222222222222,0.3333333333333333,0.0,0.0,0.0,0.3333333333333333,0.7777777777777778,,0.0,0.0,,0.1111111111111111,0.0,0.0,0.0,0.5,0.7071067811865476,0.0625,0.0883883476483184,0.0625,0.0883883476483184,0.125,0.1767766952966369,0.1875,0.2651650429449553,0.4375,0.6187184335382291,0.0,0.0,0.0,0.0,0.4375,0.6187184335382291,,,,8.0,0.1777777777777777,0.0222222222222222,0.0222222222222222,0.0444444444444444,0.176,0.144,0.48,0.2222222222222222,0.2,0.2,0.0444444444444444,0.3199999999999999,0.1777777777777777,0.0222222222222222,0.0222222222222222,0.0444444444444444,0.2222222222222222,0.176,0.144,0.48
4610139,Jeremy Sochan,NYK,2026-06-18,0.0,5.0,1.0,4.0,10.0,0,0,0,0,0,0,0,0,0,0,,0,0,,0,0,0,1,0.0,,,,,,,,,,0.0,1.0,1.7320508075688772,0.0,0.0,0.0,0.0,0.0,0.0,0.0,0.0,0.0,0.3333333333333333,,0.0,0.0,,0.0,0.0,0.0,-1.6666666666666667,0.0,,0.0,,0.0,,0.0,,0.0,,0.3333333333333333,,0.0,,0.0,,0.3333333333333333,,0.6,1.3416407864998738,0.0,0.0,0.0,0.0,0.0,0.0,0.0,0.0,0.0,0.2,,0.0,0.0,,0.0,0.0,0.0,-1.0,0.0,,0.0,,0.0,,0.0,,0.0,,0.3333333333333333,,0.0,,0.0,,0.3333333333333333,,0.3333333333333333,1.0,0.0,0.0,0.0,0.0,0.0,0.0,0.0,0.0,0.0,0.1111111111111111,,0.0,0.0,,0.0,0.0,0.0,-0.5555555555555556,0.0,,0.0,,0.0,,0.0,,0.0,,0.3333333333333333,,0.0,,0.0,,0.3333333333333333,,,,,6.25,0.0,0.0,0.0,0.0,0.1374999999999999,0.1124999999999999,0.375,0.0,0.0,0.0,0.0,0.2499999999999999,0.0,0.0,0.0,0.0,0.0,0.1374999999999999,0.1124999999999999,0.375
4871141,Ariel Hukporti,NYK,2026-06-18,0.0,5.0,1.0,4.0,10.0,0,1,1,0,0,0,1,0,0,0,,0,0,,1,0,0,4,2.0,0.0,0.5,0.5,0.0,0.0,0.0,0.0,0.0,0.0,0.0,1.6666666666666667,1.5275252316519468,0.0,0.3333333333333333,0.3333333333333333,0.0,0.0,0.0,0.6666666666666666,0.0,0.0,0.0,,0.0,0.0,,0.3333333333333333,0.0,0.3333333333333333,2.333333333333333,0.0,0.0,0.25,0.3535533905932738,0.25,0.3535533905932738,0.0,0.0,0.0,0.0,0.0,0.0,0.0,0.0,0.0,0.0,0.0,0.0,1.0,1.4142135623730951,0.0,0.2,0.2,0.0,0.0,0.0,0.4,0.0,0.0,0.0,,0.0,0.0,,0.2,0.0,0.2,1.4,0.0,0.0,0.25,0.3535533905932738,0.25,0.3535533905932738,0.0,0.0,0.0,0.0,0.0,0.0,0.0,0.0,0.0,0.0,0.0,0.0,1.4444444444444444,2.697735676039774,0.2222222222222222,0.6666666666666666,0.2222222222222222,0.0,0.0,0.1111111111111111,0.2222222222222222,0.0,0.1111111111111111,0.1111111111111111,,0.0,0.0,,0.3333333333333333,0.3333333333333333,0.2222222222222222,1.0,0.0833333333333333,0.1443375672974064,0.375,0.3307189138830738,0.2083333333333333,0.2602082499332666,0.0,0.0,0.0,0.0,0.0416666666666666,0.0721687836487032,0.0,0.0,0.0,0.0,0.0416666666666666,0.0721687836487032,,,,6.075,0.0444444444444444,0.4533333333333333,0.3644444444444444,0.0,0.13365,0.1093499999999999,0.3645,0.8622222222222222,0.4977777777777778,0.4088888888888889,0.8177777777777778,0.243,0.0444444444444444,0.4533333333333333,0.3644444444444444,0.0,0.8622222222222222,0.13365,0.1093499999999999,0.3645
5211983,Pacome Dadiet,NYK,2026-06-18,0.0,5.0,1.0,4.0,10.0,0,0,0,0,0,0,0,0,0,0,,0,0,,0,0,0,0,0.0,,,,,,,,,,0.0,0.0,0.0,0.0,0.0,0.0,0.0,0.0,0.0,0.0,0.0,0.0,0.0,,0.0,0.0,,0.0,0.0,0.0,0.0,,,,,,,,,,,,,,,,,,,0.0,0.0,0.0,0.0,0.0,0.0,0.0,0.0,0.0,0.0,0.0,0.0,,0.0,0.0,,0.0,0.0,0.0,0.0,,,,,,,,,,,,,,,,,,,0.8888888888888888,2.315407331574968,0.6666666666666666,0.1111111111111111,0.0,0.1111111111111111,0.3333333333333333,0.1111111111111111,0.0,0.0,0.2222222222222222,0.5555555555555556,,0.1111111111111111,0.2222222222222222,,0.1111111111111111,0.0,0.0,0.0,0.4285714285714285,0.6060915267313264,0.0714285714285714,0.101015254455221,0.0,0.0,0.0714285714285714,0.101015254455221,0.6428571428571428,0.5050762722761053,0.7857142857142857,0.3030457633656632,0.1428571428571428,0.2020305089104421,0.0,0.0,0.8485714285714285,0.2141523394450686,,,,8.0,0.1333333333333333,0.0222222222222222,0.0,0.0222222222222222,0.176,0.144,0.48,0.1555555555555555,0.1555555555555555,0.1333333333333333,0.0222222222222222,0.3199999999999999,0.1333333333333333,0.0222222222222222,0.0,0.0222222222222222,0.1555555555555555,0.176,0.144,0.48
5289900,Mohamed Diawara,NYK,2026-06-18,0.0,5.0,1.0,4.0,10.0,0,0,0,0,0,0,0,0,0,0,,0,0,,0,0,0,0,0.0,,,,,,,,,,0.0,0.0,0.0,0.0,0.0,0.0,0.0,0.0,0.0,0.0,0.0,0.0,0.0,,0.0,0.0,,0.0,0.0,0.0,0.0,,,,,,,,,,,,,,,,,,,0.0,0.0,0.0,0.0,0.0,0.0,0.0,0.0,0.0,0.0,0.0,0.0,,0.0,0.0,,0.0,0.0,0.0,0.0,,,,,,,,,,,,,,,,,,,0.8888888888888888,2.666666666666667,0.0,0.3333333333333333,0.2222222222222222,0.0,0.0,0.0,0.0,0.1111111111111111,0.0,0.0,,0.0,0.0,,0.0,0.3333333333333333,0.1111111111111111,0.2222222222222222,0.0,,0.375,,0.25,,0.0,,0.0,,0.0,,0.0,,0.125,,0.125,,,,,8.0,0.0,0.0666666666666666,0.0444444444444444,0.0,0.176,0.144,0.48,0.1111111111111111,0.0666666666666666,0.0444444444444444,0.1111111111111111,0.3199999999999999,0.0,0.0666666666666666,0.0444444444444444,0.0,0.1111111111111111,0.176,0.144,0.48
2991350,Alex Caruso,OKC,2026-06-18,0.0,19.0,0.0,0.0,8.0,12,5,4,1,6,0,1,3,3,14,,5,6,,0,5,1,-5,39.0,0.3076923076923077,0.1282051282051282,0.1025641025641025,0.0256410256410256,0.1538461538461538,0.358974358974359,0.1538461538461538,0.0769230769230769,0.5035897435897436,0.0,29.33333333333333,9.073771725877467,13.666666666666666,2.333333333333333,3.333333333333333,2.0,5.666666666666667,1.3333333333333333,0.3333333333333333,1.6666666666666667,3.6666666666666665,10.333333333333334,,4.333333333333333,4.666666666666667,,0.3333333333333333,2.0,1.3333333333333333,3.0,0.4755799755799756,0.2688900022143707,0.0665445665445665,0.06424195554545,0.1056166056166056,0.1071754643932035,0.072039072039072,0.062306963722457,0.1941391941391941,0.0794964630557169,0.3498168498168498,0.0143044865859091,0.1465201465201465,0.1429979582120376,0.0494505494505494,0.0429134597577288,0.4637362637362637,0.1157420129186257,25.2,9.257429448826494,11.2,2.4,2.4,1.8,4.4,1.2,0.8,1.2,3.0,7.8,,3.4,4.0,,0.4,2.0,2.2,3.0,0.4103479853479853,0.3048894310663651,0.0934981684981685,0.0588689676679625,0.0859890109890109,0.0810946427867077,0.0682234432234432,0.0626218973903359,0.1581501831501831,0.1049462136112833,0.2825091575091575,0.1210775441591332,0.1379120879120879,0.1348170725030046,0.038003663003663,0.0371951599078137,0.3811941391941392,0.1917342043703251,26.142857142857142,7.988086367179803,14.857142857142858,2.4285714285714284,2.571428571428572,2.857142857142857,5.714285714285714,1.2857142857142858,0.8571428571428571,1.1428571428571428,4.428571428571429,9.285714285714286,,3.142857142857143,3.857142857142857,,0.4285714285714285,2.0,2.142857142857143,4.714285714285714,0.5286414181057039,0.3312607044916869,0.0928558346415489,0.0508634885270945,0.0944564364207221,0.0834649110305669,0.1015881737310308,0.0852614604841407,0.1983215593929879,0.1358911308836953,0.3266136839351125,0.1537854457490685,0.1347586342229199,0.1118564020899801,0.0360740450026164,0.0354781731744925,0.4219815279958137,0.1984945085277837,,,,29.154071428571427,12.79142857142857,2.775714285714286,2.954285714285714,1.9514285714285715,0.6413895714285713,0.5247732857142856,1.7492442857142856,18.52142857142857,15.567142857142857,15.745714285714284,5.73,1.166162857142857,12.79142857142857,2.775714285714286,2.954285714285714,1.9514285714285715,18.52142857142857,0.6413895714285713,0.5247732857142856,1.7492442857142856
3133626,Kenrich Williams,OKC,2026-06-18,0.0,19.0,0.0,0.0,8.0,2,1,0,0,2,0,0,0,1,4,,0,0,,1,0,0,-1,4.0,0.5,0.25,0.0,0.0,0.5,1.0,0.0,0.0,1.0,0.0,10.333333333333334,5.686240703077331,5.666666666666667,3.333333333333333,0.6666666666666666,1.0,2.6666666666666665,0.0,0.0,0.3333333333333333,2.0,5.0,,0.6666666666666666,0.6666666666666666,,1.0,2.333333333333333,0.6666666666666666,0.0,0.5444444444444444,0.1071516751221443,0.3,0.0866025403784438,0.0444444444444444,0.0769800358919501,0.0777777777777777,0.083887049280786,0.3111111111111111,0.1710533813148961,0.5944444444444444,0.3787161548256503,0.0444444444444444,0.0769800358919501,0.0222222222222222,0.038490017945975,0.6362222222222222,0.3755034151839565,11.2,8.526429498916881,6.4,3.2,1.0,1.2,2.6,0.2,0.0,0.4,2.2,4.8,,0.8,0.8,,0.8,2.4,1.2,-0.8,0.913623188405797,0.8913082361173582,0.3234782608695652,0.1215196001989563,0.0527536231884058,0.0722431423984898,0.1640579710144927,0.1969825941728287,0.3214492753623189,0.1676950002429715,0.6175362318840579,0.3649715931550343,0.0440579710144927,0.0625173783862859,0.0220289855072463,0.0312586891931429,0.6589507246376811,0.3443561485843441,8.0,8.850612031567836,4.571428571428571,2.2857142857142856,0.7142857142857143,0.8571428571428571,1.8571428571428568,0.1428571428571428,0.0,0.2857142857142857,1.5714285714285714,3.4285714285714284,,0.5714285714285714,0.5714285714285714,,0.5714285714285714,1.7142857142857142,0.8571428571428571,-0.5714285714285714,0.913623188405797,0.8913082361173582,0.3234782608695652,0.1215196001989563,0.0527536231884058,0.0722431423984898,0.1640579710144927,0.1969825941728287,0.3214492753623189,0.1676950002429715,0.6175362318840579,0.3649715931550343,0.0440579710144927,0.0625173783862859,0.0220289855072463,0.0312586891931429,0.6589507246376811,0.3443561485843441,,,,9.318,5.154285714285715,2.727142857142857,0.6928571428571428,0.8914285714285715,0.2049959999999999,0.1677239999999999,0.5590799999999999,8.574285714285715,7.881428571428572,5.847142857142858,3.42,0.3727199999999999,5.154285714285715,2.727142857142857,0.6928571428571428,0.8914285714285715,8.574285714285715,0.2049959999999999,0.1677239999999999,0.5590799999999999
4222252,Isaiah Hartenstein,OKC,2026-06-18,0.0,19.0,0.0,0.0,8.0,7,5,0,0,0,1,0,2,3,7,,1,1,,2,3,2,-14,21.0,0.3333333333333333,0.238095238095238,0.0,0.0,0.0,0.3333333333333333,0.0476190476190476,0.0952380952380952,0.4495238095238096,0.0,22.666666666666668,7.637626158259735,9.666666666666666,8.333333333333334,2.333333333333333,0.0,0.0,0.3333333333333333,0.3333333333333333,1.6666666666666667,4.666666666666667,8.333333333333334,,0.3333333333333333,0.3333333333333333,,3.6666666666666665,4.666666666666667,3.0,-5.0,0.4484767025089606,0.1552191444735957,0.3448220686123912,0.1260355680368828,0.105510752688172,0.0959375234794865,0.0,0.0,0.0,0.0,0.4054659498207885,0.1938111144952735,0.0158730158730158,0.0274928699614107,0.0640040962621607,0.0554344942545404,0.4764541730670763,0.1370792254778958,21.4,5.770615218501404,9.2,8.0,2.8,0.0,0.2,0.2,0.2,1.6,4.4,8.0,,0.4,0.6,,2.6,5.4,3.4,-7.4,0.4500384024577572,0.1871102563440758,0.3608614951356886,0.09182986568084,0.1347350230414746,0.0792100031047123,0.0,0.0,0.0095238095238095,0.0212958854999979,0.4035970302099335,0.2022489560457679,0.0285714285714285,0.0425917709999959,0.0685611879160266,0.042098311774062,0.4847296466973886,0.1545733629095859,20.857142857142858,6.4660284417503,8.285714285714286,7.857142857142857,2.7142857142857144,0.0,0.1428571428571428,0.2857142857142857,0.4285714285714285,1.7142857142857142,3.7142857142857135,7.0,,0.8571428571428571,1.2857142857142858,,3.0,4.857142857142857,3.2857142857142856,-4.714285714285714,0.3981755784751176,0.1861268655685935,0.3503508034037987,0.1191766105053314,0.1359218418550215,0.0666642803839015,0.0,0.0,0.0068027210884353,0.0179983082385346,0.3425163972398995,0.2047701711080595,0.0653817082388511,0.0720418230990597,0.0767500548606539,0.0379657320667478,0.4480344037256479,0.1560906895271678,,,,20.52242857142857,8.827142857142857,7.621428571428571,2.222857142857143,0.0,0.4514934285714285,0.3694037142857142,1.231345714285714,18.67142857142857,16.448571428571427,11.05,9.844285714285714,0.8208971428571428,8.827142857142857,7.621428571428571,2.222857142857143,0.0,18.67142857142857,0.4514934285714285,0.3694037142857142,1.231345714285714
4278073,Shai Gilgeous-Alexander,OKC,2026-06-18,0.0,19.0,0.0,0.0,8.0,35,4,9,2,5,3,1,3,12,21,,9,11,,1,3,1,-7,43.0,0.813953488372093,0.0930232558139534,0.2093023255813953,0.0465116279069767,0.1162790697674418,0.4883720930232558,0.2558139534883721,0.0697674418604651,0.6706976744186046,0.0,36.0,7.549834435270748,27.33333333333333,2.333333333333333,7.333333333333333,1.3333333333333333,4.333333333333333,1.6666666666666667,0.6666666666666666,3.6666666666666665,8.333333333333334,19.33333333333333,,9.333333333333334,10.333333333333334,,0.3333333333333333,2.0,1.6666666666666667,-9.0,0.7381775463170812,0.1771765249250978,0.0609305318607644,0.0292667725200574,0.1984675705605938,0.0510625716641127,0.0335218939870102,0.0292747345061111,0.1253105264733171,0.0493686881648657,0.5482475831313041,0.0828929994010639,0.2741387566968962,0.1768716932594136,0.1011193918170662,0.0528711140076847,0.7699880278950048,0.1038350135868785,35.0,5.787918451395112,25.4,2.6,8.2,1.2,3.6,1.4,0.6,3.4,7.4,18.0,,9.4,10.0,,0.2,2.4,2.0,-6.8,0.7099316173959835,0.1366950138194157,0.0734758818404729,0.0373928281864551,0.2309084993256036,0.0687184319154771,0.0312242475033172,0.0287089876283543,0.1038601510094383,0.053465703440278,0.520167187871614,0.0702213639501082,0.276311211007385,0.1307512940491867,0.097589197814254,0.0457809712690587,0.7393333185291174,0.0856244548478119,37.71428571428572,7.609517849690734,25.857142857142858,2.857142857142857,8.857142857142858,1.1428571428571428,4.0,1.8571428571428568,0.8571428571428571,3.142857142857143,8.0,19.571428571428573,,8.714285714285714,9.285714285714286,,0.1428571428571428,2.7142857142857144,2.571428571428572,-5.0,0.6871028580692231,0.1498367091173232,0.0759237280726952,0.0336057363444989,0.2323826742197478,0.0561665982084285,0.0279052748272994,0.0266412323006809,0.1050718607755755,0.0468328663457479,0.5261993255547648,0.0781759190120844,0.2451316257306178,0.1194215566283188,0.084670450156282,0.0459388217077449,0.7187276910325187,0.0856287983870787,,,,36.502857142857145,27.511428571428567,2.781428571428572,8.191428571428572,1.3485714285714283,0.8030628571428572,0.6570514285714286,2.1901714285714284,38.48428571428571,30.292857142857137,35.70285714285714,10.972857142857144,1.460114285714286,27.511428571428567,2.781428571428572,8.191428571428572,1.3485714285714283,38.48428571428571,0.8030628571428572,0.6570514285714286,2.1901714285714284
4395702,Isaiah Joe,OKC,2026-06-18,0.0,19.0,0.0,0.0,8.0,0,0,0,0,0,0,0,0,0,0,,0,0,,0,0,0,0,0.0,,,,,,,,,,0.0,6.0,8.717797887081348,1.0,1.3333333333333333,0.6666666666666666,0.3333333333333333,1.3333333333333333,0.3333333333333333,0.0,0.3333333333333333,0.3333333333333333,1.3333333333333333,,0.0,0.0,,1.0,0.3333333333333333,1.0,-3.333333333333333,0.09375,0.1325825214724776,0.1249999999999999,0.1767766952966369,0.0625,0.0883883476483184,0.03125,0.0441941738241592,0.125,0.1767766952966369,0.1249999999999999,0.1767766952966369,0.0,0.0,0.03125,0.0441941738241592,0.15625,0.2209708691207961,9.2,8.34865258589672,3.4,1.8,1.0,0.8,2.4,0.6,0.2,0.4,1.2,2.8,,0.2,0.2,,0.6,1.2,0.6,-1.2,0.2749451754385965,0.2443140182394581,0.1282894736842105,0.1482332861063262,0.085343567251462,0.0574946766738704,0.0697185672514619,0.0512820532088028,0.1823830409356725,0.1607539077293131,0.2086988304093567,0.2041254541185811,0.0131578947368421,0.0263157894736842,0.0287828947368421,0.0334789136859035,0.2432711988304093,0.2416607497648281,8.0,7.681145747868608,2.4285714285714284,1.2857142857142858,0.8571428571428571,0.5714285714285714,2.0,0.4285714285714285,0.1428571428571428,0.2857142857142857,0.8571428571428571,2.4285714285714284,,0.1428571428571428,0.1428571428571428,,0.4285714285714285,0.8571428571428571,0.8571428571428571,-0.7142857142857143,0.2199561403508771,0.2447161100757872,0.1026315789473684,0.1406110527093952,0.0882748538011695,0.0502214156367297,0.0557748538011695,0.0542634541832916,0.185906432748538,0.1394397202629804,0.2269590643274854,0.1814320299122005,0.0105263157894736,0.0235375576578925,0.0230263157894736,0.0317225353980031,0.2546169590643274,0.2108164364064196,,,,10.8,1.9757142857142855,1.2871428571428571,0.7214285714285713,0.4942857142857142,0.2376,0.1944,0.648,3.984285714285714,3.262857142857143,2.697142857142857,2.0085714285714285,0.432,1.9757142857142855,1.2871428571428571,0.7214285714285713,0.4942857142857142,3.984285714285714,0.2376,0.1944,0.648
4397020,Luguentz Dort,OKC,2026-06-18,0.0,19.0,0.0,0.0,8.0,3,1,2,1,3,0,0,0,1,4,,0,0,,0,1,2,-9,16.0,0.1875,0.0625,0.125,0.0625,0.1875,0.25,0.0,0.0,0.25,0.0,19.0,3.605551275463989,5.0,2.0,0.6666666666666666,1.0,5.333333333333333,0.3333333333333333,0.3333333333333333,0.3333333333333333,2.0,7.333333333333333,,0.0,0.0,,0.3333333333333333,1.6666666666666667,1.6666666666666667,-7.333333333333333,0.2645933977455716,0.1086756612946175,0.1094001610305958,0.0981685782647986,0.0416666666666666,0.0721687836487032,0.0538446054750402,0.009625598813585,0.2670088566827697,0.1090341002527703,0.3723832528180354,0.1150220985734693,0.0,0.0,0.0144927536231884,0.0251021856169402,0.3868760064412238,0.1358807474375014,19.4,3.361547262794322,3.4,3.0,1.0,0.6,3.6,0.6,0.2,0.6,1.4,5.0,,0.0,0.0,,0.8,2.2,2.4,-9.4,0.1822854504120488,0.1426102208797576,0.1561771810173344,0.0946639673666484,0.0510869565217391,0.0699800808818255,0.0323067632850241,0.030267119748811,0.1806656720659278,0.1412517257792925,0.2556550156294402,0.181246918452518,0.0,0.0,0.029156010230179,0.027343012298525,0.2848110258596192,0.172527527555107,19.285714285714285,3.251373336211726,4.285714285714286,3.0,1.2857142857142858,0.7142857142857143,3.571428571428572,0.4285714285714285,0.1428571428571428,0.5714285714285714,1.7142857142857142,5.0,,0.1428571428571428,0.2857142857142857,,1.0,2.0,2.571428571428572,-9.0,0.2340999970475674,0.1660942803527546,0.1578213630643297,0.0787399084210317,0.0697699040090344,0.0772287960960243,0.0384983374113808,0.0273268510801007,0.1793715839431952,0.1190709607304464,0.2572860501249248,0.1481590367609754,0.0178571428571428,0.0472455591261534,0.0297542930215564,0.0287226689696836,0.2948974860036241,0.1445304569076524,,,,19.01064285714285,3.997142857142857,2.4,1.1071428571428572,0.8028571428571428,0.4182341428571428,0.3421915714285714,1.1406385714285712,7.504285714285714,6.397142857142857,5.104285714285714,3.507142857142857,0.7604257142857141,3.997142857142857,2.4,1.1071428571428572,0.8028571428571428,7.504285714285714,0.4182341428571428,0.3421915714285714,1.1406385714285712
4397183,Aaron Wiggins,OKC,2026-06-18,0.0,19.0,0.0,0.0,8.0,0,0,0,0,0,0,0,0,0,0,,0,0,,0,0,0,0,0.0,,,,,,,,,,0.0,2.6666666666666665,3.7859388972001766,1.6666666666666667,0.0,0.0,0.3333333333333333,0.3333333333333333,0.0,0.0,0.3333333333333333,0.6666666666666666,1.0,,0.0,0.0,,0.0,0.0,0.3333333333333333,-0.6666666666666666,0.3571428571428571,0.5050762722761053,0.0,0.0,0.0,0.0,0.0714285714285714,0.101015254455221,0.0714285714285714,0.101015254455221,0.2142857142857142,0.3030457633656632,0.0,0.0,0.0714285714285714,0.101015254455221,0.2857142857142857,0.4040610178208842,6.2,8.700574693662482,1.8,0.4,0.0,0.2,1.0,0.0,0.2,0.6,0.8,2.8,,0.0,0.0,,0.0,0.4,0.4,-1.2,0.2261904761904762,0.3375582590180435,0.0238095238095238,0.0476190476190476,0.0,0.0,0.0357142857142857,0.0714285714285714,0.0833333333333333,0.0981691815623252,0.238095238095238,0.2776643759450142,0.0,0.0,0.0595238095238095,0.0714285714285714,0.2976190476190476,0.3442102927333562,5.0,7.483314773547883,1.2857142857142858,0.2857142857142857,0.0,0.1428571428571428,1.1428571428571428,0.0,0.1428571428571428,0.4285714285714285,0.5714285714285714,2.4285714285714284,,0.0,0.0,,0.0,0.2857142857142857,0.2857142857142857,-1.8571428571428568,0.1809523809523809,0.3093406051221279,0.019047619047619,0.0425917709999959,0.0,0.0,0.0285714285714285,0.0638876564999939,0.2166666666666666,0.310027063407941,0.3404761904761905,0.3320126899741256,0.0,0.0,0.0476190476190476,0.0673435029701473,0.3880952380952381,0.3602641384222229,,,,7.65,1.387142857142857,0.1971428571428571,0.0,0.1985714285714285,0.1683,0.1377,0.459,1.584285714285714,1.584285714285714,1.387142857142857,0.1971428571428571,0.306,1.387142857142857,0.1971428571428571,0.0,0.1985714285714285,1.584285714285714,0.1683,0.1377,0.459
4432823,Jaylin Williams,OKC,2026-06-18,0.0,19.0,0.0,0.0,8.0,11,10,4,1,3,0,0,0,5,9,,0,0,,3,7,4,10,26.0,0.4230769230769231,0.3846153846153846,0.1538461538461538,0.0384615384615384,0.1153846153846153,0.3461538461538461,0.0,0.0,0.3461538461538461,0.0,23.0,5.196152422706633,6.0,7.666666666666667,2.333333333333333,0.6666666666666666,3.0,0.0,0.0,0.0,2.6666666666666665,6.0,,0.0,0.6666666666666666,,1.3333333333333333,6.333333333333333,3.6666666666666665,0.0,0.251131221719457,0.1493384057077758,0.3220211161387631,0.0775306499762652,0.0965309200603318,0.0504546868285904,0.0324283559577677,0.0298722508602387,0.1289592760180995,0.0215823348736866,0.251131221719457,0.0866548325891653,0.0392156862745098,0.0679235610811324,0.0,0.0,0.2683861236802413,0.0673607393277959,22.8,3.7013511046643486,7.8,6.2,1.8,1.6,4.4,0.4,0.0,0.2,2.8,6.4,,0.6,1.0,,1.0,5.2,2.8,2.2,0.3404020531897769,0.2919210173334589,0.2647541716595425,0.1016207029961875,0.0757051133010212,0.0456786613205329,0.0736072112031191,0.0885898436306437,0.1927905853737055,0.0894284552868509,0.2751846618854291,0.0697371306575413,0.0508021390374331,0.0698777237720426,0.008695652173913,0.0194440693695633,0.3062332552358128,0.0712016746064853,19.142857142857142,6.938505396903366,6.428571428571429,5.285714285714286,1.5714285714285714,1.4285714285714286,4.0,0.2857142857142857,0.0,0.2857142857142857,2.2857142857142856,5.428571428571429,,0.4285714285714285,0.7142857142857143,,0.7142857142857143,4.571428571428571,2.4285714285714284,0.0,0.3288586094212692,0.2952974250902663,0.2748244083282446,0.0847365901629099,0.0826465095007294,0.0697487903971184,0.0811480080022279,0.0934413852497944,0.223421846695504,0.1951109054007679,0.2822747584895922,0.1827260177113421,0.0362872421695951,0.0622073470502977,0.0204968944099378,0.0386210227835328,0.3187380394541519,0.1570643086780845,,,,23.795571428571428,7.465714285714285,7.027142857142857,2.2442857142857147,1.1957142857142855,0.5235025714285714,0.4283202857142856,1.4277342857142856,16.737142857142857,14.492857142857142,9.71,9.271428571428572,0.9518228571428572,7.465714285714285,7.027142857142857,2.2442857142857147,1.1957142857142855,16.737142857142857,0.5235025714285714,0.4283202857142856,1.4277342857142856
4433255,Chet Holmgren,OKC,2026-06-18,0.0,19.0,0.0,0.0,8.0,4,4,0,0,0,2,2,2,1,2,,2,4,,1,3,2,-3,33.0,0.1212121212121212,0.1212121212121212,0.0,0.0,0.0,0.0606060606060606,0.1212121212121212,0.0606060606060606,0.1745454545454545,0.0,29.0,4.58257569495584,10.0,8.666666666666666,0.6666666666666666,0.0,0.6666666666666666,1.3333333333333333,1.6666666666666667,1.6666666666666667,3.6666666666666665,6.333333333333333,,2.6666666666666665,3.333333333333333,,2.6666666666666665,6.0,2.333333333333333,-4.333333333333333,0.3570707070707071,0.2124258274555773,0.3154040404040403,0.1743088367066486,0.0249999999999999,0.0220479275922049,0.0,0.0,0.0249999999999999,0.0220479275922048,0.2313131313131312,0.1487731688505,0.1126262626262626,0.0260823259266168,0.0535353535353535,0.0503735662213805,0.3344040404040404,0.1453668464574181,28.2,3.4928498393145957,10.8,7.6,1.0,0.2,1.0,0.8,1.2,1.6,3.8,6.8,,3.0,4.0,,2.6,5.0,2.6,-2.6,0.3911655011655012,0.1624997549666224,0.2799017649017649,0.1571490966294841,0.0375274725274725,0.027378532731487,0.0071428571428571,0.0159719141249984,0.0369780219780219,0.0254542846704723,0.2503263403263403,0.1102750862620616,0.1423010323010322,0.0543812530114827,0.0551981351981352,0.0542045510148434,0.3681369297369298,0.1352942397561768,29.857142857142858,5.698788509515902,10.714285714285714,7.142857142857143,1.0,0.4285714285714285,1.5714285714285714,0.7142857142857143,1.1428571428571428,1.4285714285714286,3.7142857142857135,7.285714285714286,,2.857142857142857,3.7142857142857135,,2.2857142857142856,4.857142857142857,2.571428571428572,-2.0,0.3760615626469285,0.1584391726190746,0.2489684176966407,0.1394225488914417,0.0373873481016338,0.0309358585168293,0.0120706819313091,0.0209568471648912,0.05093216565342,0.0323395189208808,0.2561048256170207,0.1073580590886793,0.129776256779741,0.0570255406374652,0.048202565275736,0.045987170431207,0.3614089438758428,0.133404227011153,,,,29.14442857142857,9.522857142857143,7.288571428571428,0.75,0.1557142857142857,0.6411774285714285,0.5245997142857142,1.748665714285714,17.56142857142857,16.81142857142857,10.272857142857143,8.038571428571428,1.1657771428571426,9.522857142857143,7.288571428571428,0.75,0.1557142857142857,17.56142857142857,0.6411774285714285,0.5245997142857142,1.748665714285714
4593803,Jalen Williams,OKC,2026-06-18,0.0,21.0,0.0,0.0,4.0,1,0,1,0,1,0,0,2,0,1,,1,2,,0,0,1,-18,10.0,0.1,0.0,0.1,0.0,0.1,0.1,0.2,0.2,0.388,0.0,18.0,16.522711641858304,10.333333333333334,2.6666666666666665,1.3333333333333333,0.3333333333333333,1.3333333333333333,1.0,0.3333333333333333,1.3333333333333333,4.333333333333333,10.0,,1.3333333333333333,1.6666666666666667,,1.0,1.6666666666666667,1.0,-6.333333333333333,0.458043758043758,0.3169459321256819,0.1106821106821106,0.0986131930733102,0.0603603603603603,0.0531226053614615,0.009009009009009,0.0156040613294493,0.0603603603603603,0.0531226053614615,0.449034749034749,0.306734097731715,0.0936936936936937,0.1005947737096061,0.0846846846846847,0.1034585745582385,0.5749446589446588,0.1887272692561151,18.0,16.522711641858304,10.333333333333334,2.6666666666666665,1.3333333333333333,0.3333333333333333,1.3333333333333333,1.0,0.3333333333333333,1.3333333333333333,4.333333333333333,10.0,,1.3333333333333333,1.6666666666666667,,1.0,1.6666666666666667,1.0,-6.333333333333333,0.458043758043758,0.3169459321256819,0.1106821106821106,0.0986131930733102,0.0603603603603603,0.0531226053614615,0.009009009009009,0.0156040613294493,0.0603603603603603,0.0531226053614615,0.449034749034749,0.306734097731715,0.0936936936936937,0.1005947737096061,0.0846846846846847,0.1034585745582385,0.5749446589446588,0.1887272692561151,18.0,16.522711641858304,10.333333333333334,2.6666666666666665,1.3333333333333333,0.3333333333333333,1.3333333333333333,1.0,0.3333333333333333,1.3333333333333333,4.333333333333333,10.0,,1.3333333333333333,1.6666666666666667,,1.0,1.6666666666666667,1.0,-6.333333333333333,0.458043758043758,0.3169459321256819,0.1106821106821106,0.0986131930733102,0.0603603603603603,0.0531226053614615,0.009009009009009,0.0156040613294493,0.0603603603603603,0.0531226053614615,0.449034749034749,0.306734097731715,0.0936936936936937,0.1005947737096061,0.0846846846846847,0.1034585745582385,0.5749446589446588,0.1887272692561151,,,,14.420000000000002,8.933333333333334,2.2666666666666666,1.2833333333333332,0.2833333333333333,0.31724,0.25956,0.8652000000000001,12.483333333333333,11.2,10.216666666666669,3.55,0.5768,8.933333333333334,2.2666666666666666,1.2833333333333332,0.2833333333333333,12.483333333333333,0.31724,0.25956,0.8652000000000001
4683692,Cason Wallace,OKC,2026-06-18,0.0,19.0,0.0,0.0,8.0,17,7,4,5,9,2,1,2,6,10,,0,0,,2,5,2,-3,36.0,0.4722222222222222,0.1944444444444444,0.1111111111111111,0.1388888888888889,0.25,0.2777777777777778,0.0,0.0555555555555555,0.3333333333333333,0.0,29.0,8.18535277187245,11.666666666666666,4.666666666666667,3.333333333333333,3.0,5.333333333333333,2.333333333333333,1.0,1.3333333333333333,4.0,7.0,,0.6666666666666666,0.6666666666666666,,1.3333333333333333,3.333333333333333,2.0,4.0,0.4160095579450418,0.1692491120296011,0.1578255675029868,0.0334008706744071,0.1074671445639187,0.0557345749438695,0.1070489844683393,0.0650086569466275,0.182258064516129,0.0781384613792859,0.2463560334528076,0.0745022695276004,0.021505376344086,0.0372484044638468,0.0518518518518518,0.0501027750313654,0.3076702508960573,0.1074841492148815,27.2,6.760177512462229,10.2,4.6,3.0,2.4,5.0,2.4,0.6,0.8,3.4,7.4,,1.0,1.2,,1.4,3.2,2.0,2.0,0.3757962109575012,0.1426486040923078,0.1685048643113159,0.0280956106626301,0.1025755248335893,0.0522668457474094,0.0880389144905273,0.0534931499638891,0.1807834101382488,0.0607835673581151,0.2811469534050179,0.0786040465803525,0.0414746543778801,0.0631857566857239,0.0311111111111111,0.0454062594260056,0.3305069124423963,0.0829778525162104,27.0,5.597618541248888,10.142857142857142,4.714285714285714,2.7142857142857144,2.571428571428572,5.142857142857143,2.571428571428572,0.4285714285714285,0.7142857142857143,3.4285714285714284,7.0,,0.7142857142857143,0.8571428571428571,,1.5714285714285714,3.142857142857143,1.7142857142857142,-0.2857142857142857,0.3778136200716845,0.1293182059414784,0.1738300051203277,0.0292323234990139,0.0961253748811352,0.0638427368091495,0.0959461634116012,0.0523811314598353,0.1889269256089532,0.0545066474705451,0.2657172116158291,0.0697750470017052,0.0296247531270572,0.0554182764464026,0.0273242630385487,0.0390205554867547,0.306076366030283,0.0796201387817075,,,,28.663,11.648571428571426,5.002857142857144,3.192857142857143,3.004285714285714,0.6305859999999999,0.5159339999999999,1.7197799999999996,19.84428571428571,16.651428571428568,14.841428571428567,8.195714285714287,1.1465199999999998,11.648571428571426,5.002857142857144,3.192857142857143,3.004285714285714,19.84428571428571,0.6305859999999999,0.5159339999999999,1.7197799999999996
4683778,Jared McCain,OKC,2026-06-18,0.0,19.0,0.0,0.0,8.0,12,1,0,2,7,1,0,1,5,12,,0,0,,0,1,2,-8,23.0,0.5217391304347826,0.0434782608695652,0.0,0.0869565217391304,0.3043478260869565,0.5217391304347826,0.0,0.0434782608695652,0.5652173913043478,0.0,27.666666666666668,5.033222956847166,15.0,2.0,2.0,2.333333333333333,6.333333333333333,1.0,0.0,1.6666666666666667,5.333333333333333,14.0,,2.0,2.6666666666666665,,0.0,2.0,1.3333333333333333,-7.0,0.5364270726589567,0.06357508399767,0.06948714195091,0.0240458077278864,0.074074074074074,0.1283000598199168,0.0839798955740984,0.0088033899978127,0.2293954033084468,0.1036501094266748,0.5016347045332552,0.0859568830955673,0.0875420875420875,0.0784591259106467,0.0593861318498999,0.0153343443302568,0.5995393549016738,0.0913036744902156,26.8,3.898717737923585,14.6,2.4,1.4,1.8,6.8,0.6,0.0,1.6,5.4,14.6,,2.0,2.4,,0.4,2.0,1.6,-1.2,0.5329673547064852,0.2593143961047833,0.0879885814668423,0.0381580801715871,0.0518518518518518,0.0965807763733725,0.0652027521592738,0.0372251324276676,0.2533779827258088,0.098651434252777,0.539869711608842,0.1507830867774026,0.084006734006734,0.0557859217298371,0.059705753184014,0.0196387623141973,0.636538427755819,0.1371309696689448,25.428571428571427,4.577377082170635,13.142857142857142,2.857142857142857,1.5714285714285714,1.8571428571428568,6.571428571428571,0.7142857142857143,0.0,1.4285714285714286,4.857142857142857,13.285714285714286,,1.5714285714285714,2.0,,0.8571428571428571,2.0,1.5714285714285714,1.7142857142857142,0.5021805891371108,0.2191657442290156,0.111689035602079,0.0616619018497531,0.0614570614570614,0.0823768723225238,0.0709934188195057,0.0363304440598556,0.254244346635651,0.0957856817614862,0.5101633471198689,0.1457304240125134,0.070993820993821,0.0553326824362955,0.0585199824330259,0.0359169629420886,0.599920610790176,0.1334536408487437,,,,25.790214285714285,14.038571428571428,2.1614285714285715,1.404285714285714,2.001428571428572,0.5673847142857142,0.4642238571428571,1.5474128571428571,17.604285714285712,16.2,15.442857142857145,3.565714285714286,1.0316085714285714,14.038571428571428,2.1614285714285715,1.404285714285714,2.001428571428572,17.604285714285712,0.5673847142857142,0.4642238571428571,1.5474128571428571
4900671,Ajay Mitchell,OKC,2026-06-18,0.0,27.0,0.0,0.0,4.0,2,5,1,0,1,0,0,3,1,5,,0,0,,0,5,1,-3,17.0,0.1176470588235294,0.2941176470588235,0.0588235294117647,0.0,0.0588235294117647,0.2941176470588235,0.0,0.1764705882352941,0.4705882352941176,0.0,26.33333333333333,8.621678104251709,5.333333333333333,3.0,2.6666666666666665,0.0,1.3333333333333333,2.0,0.3333333333333333,2.0,2.333333333333333,6.0,,0.6666666666666666,0.6666666666666666,,0.0,3.0,2.0,5.0,0.1974789915966386,0.1382729636294482,0.1372549019607843,0.1480359693190343,0.0924369747899159,0.0477219188722712,0.0,0.0,0.0532212885154061,0.0215613505859112,0.242296918767507,0.0825855629568939,0.0238095238095238,0.0412393049421161,0.0945378151260504,0.0889079998718438,0.3473109243697479,0.1749618780796535,26.33333333333333,8.621678104251709,5.333333333333333,3.0,2.6666666666666665,0.0,1.3333333333333333,2.0,0.3333333333333333,2.0,2.333333333333333,6.0,,0.6666666666666666,0.6666666666666666,,0.0,3.0,2.0,5.0,0.1974789915966386,0.1382729636294482,0.1372549019607843,0.1480359693190343,0.0924369747899159,0.0477219188722712,0.0,0.0,0.0532212885154061,0.0215613505859112,0.242296918767507,0.0825855629568939,0.0238095238095238,0.0412393049421161,0.0945378151260504,0.0889079998718438,0.3473109243697479,0.1749618780796535,26.33333333333333,8.621678104251709,5.333333333333333,3.0,2.6666666666666665,0.0,1.3333333333333333,2.0,0.3333333333333333,2.0,2.333333333333333,6.0,,0.6666666666666666,0.6666666666666666,,0.0,3.0,2.0,5.0,0.1974789915966386,0.1382729636294482,0.1372549019607843,0.1480359693190343,0.0924369747899159,0.0477219188722712,0.0,0.0,0.0532212885154061,0.0215613505859112,0.242296918767507,0.0825855629568939,0.0238095238095238,0.0412393049421161,0.0945378151260504,0.0889079998718438,0.3473109243697479,0.1749618780796535,,,,24.93333333333333,4.833333333333333,3.3,2.4166666666666665,0.0,0.5485333333333332,0.4487999999999999,1.4959999999999998,10.55,8.133333333333333,7.25,5.716666666666667,0.9973333333333332,4.833333333333333,3.3,2.4166666666666665,0.0,10.55,0.5485333333333332,0.4487999999999999,1.4959999999999998
5159925,Nikola Topic,OKC,2026-06-18,0.0,19.0,0.0,0.0,8.0,0,0,0,0,0,0,0,0,0,0,,0,0,,0,0,0,0,0.0,,,,,,,,,,0.0,2.333333333333333,3.2145502536643185,0.0,0.0,0.0,0.0,0.3333333333333333,0.3333333333333333,0.0,0.0,0.0,0.3333333333333333,,0.0,0.0,,0.0,0.0,0.3333333333333333,-1.0,0.0,0.0,0.0,0.0,0.0,0.0,0.0,0.0,0.0833333333333333,0.1178511301977579,0.0833333333333333,0.1178511301977578,0.0,0.0,0.0,0.0,0.0833333333333333,0.117851130197757,2.4,2.5099800796022267,0.4,0.0,0.4,0.0,0.2,0.2,0.0,0.2,0.2,0.8,,0.0,0.0,,0.0,0.0,0.2,-0.4,0.125,0.25,0.0,0.0,0.125,0.25,0.0,0.0,0.0416666666666666,0.0833333333333333,0.4166666666666667,0.4409585518440984,0.0,0.0,0.0625,0.125,0.4791666666666667,0.4732423621500228,1.7142857142857142,2.3603873774083297,0.2857142857142857,0.0,0.2857142857142857,0.0,0.1428571428571428,0.1428571428571428,0.0,0.1428571428571428,0.1428571428571428,0.5714285714285714,,0.0,0.0,,0.0,0.0,0.1428571428571428,-0.2857142857142857,0.125,0.25,0.0,0.0,0.125,0.25,0.0,0.0,0.0416666666666666,0.0833333333333333,0.4166666666666667,0.4409585518440984,0.0,0.0,0.0625,0.125,0.4791666666666667,0.4732423621500228,,,,7.3,0.1971428571428571,0.0,0.1971428571428571,0.0,0.1606,0.1314,0.438,0.3942857142857142,0.1971428571428571,0.3942857142857142,0.1971428571428571,0.292,0.1971428571428571,0.0,0.1971428571428571,0.0,0.3942857142857142,0.1606,0.1314,0.438
6427,Bismack Biyombo,SAS,2026-06-18,0.0,5.0,1.0,4.0,14.0,0,0,0,0,0,0,0,0,0,0,,0,0,,0,0,0,0,0.0,,,,,,,,,,0.0,0.0,0.0,0.0,0.0,0.0,0.0,0.0,0.0,0.0,0.0,0.0,0.0,,0.0,0.0,,0.0,0.0,0.0,0.0,,,,,,,,,,,,,,,,,,,0.0,0.0,0.0,0.0,0.0,0.0,0.0,0.0,0.0,0.0,0.0,0.0,,0.0,0.0,,0.0,0.0,0.0,0.0,,,,,,,,,,,,,,,,,,,0.9,1.66332999331662,0.0,0.1,0.0,0.0,0.0,0.0,0.0,0.1,0.0,0.1,,0.0,0.0,,0.1,0.0,0.1,0.2,0.0,0.0,0.1666666666666666,0.2886751345948129,0.0,0.0,0.0,0.0,0.0,0.0,0.0666666666666666,0.1154700538379251,0.0,0.0,0.1666666666666666,0.2886751345948128,0.2333333333333333,0.2516611478423583,,,,6.95,0.0,0.02,0.0,0.0,0.1529,0.1251,0.417,0.02,0.02,0.0,0.02,0.278,0.0,0.02,0.0,0.0,0.02,0.1529,0.1251,0.417
6578,Harrison Barnes,SAS,2026-06-18,0.0,5.0,1.0,4.0,14.0,0,0,0,0,0,0,0,0,0,0,,0,0,,0,0,0,0,0.0,,,,,,,,,,0.0,0.0,0.0,0.0,0.0,0.0,0.0,0.0,0.0,0.0,0.0,0.0,0.0,,0.0,0.0,,0.0,0.0,0.0,0.0,,,,,,,,,,,,,,,,,,,3.4,5.272570530585627,0.0,0.4,0.2,0.0,0.4,0.0,0.0,0.0,0.0,0.4,,0.0,0.2,,0.2,0.2,0.2,-1.4,0.0,0.0,0.0833333333333333,0.1178511301977579,0.0416666666666666,0.0589255650988789,0.0,0.0,0.0833333333333333,0.1178511301977577,0.0833333333333333,0.1178511301977579,0.0416666666666666,0.0589255650988788,0.0,0.0,0.1016666666666666,0.1437783788412647,5.6,5.910442735813732,1.1,0.6,0.1,0.2,1.0,0.1,0.0,0.2,0.2,1.2,,0.5,0.7,,0.4,0.2,0.2,0.2,0.110576923076923,0.193684971908497,0.061584249084249,0.0839671060536957,0.0119047619047619,0.0314970394174356,0.0219780219780219,0.058148380462958,0.1808608058608058,0.1479443242893966,0.1987179487179487,0.1476215850377425,0.0654761904761904,0.1399759049560101,0.0199175824175824,0.0342696151563482,0.2474450549450549,0.1874826766362597,,,,8.0875,0.9702727272727274,0.5451363636363636,0.1830454545454545,0.3100909090909091,0.0,0.0,0.2450757575757575,1.6984545454545454,1.515409090909091,1.153318181818182,0.7281818181818182,0.0,0.9702727272727274,0.5451363636363636,0.1830454545454545,0.3100909090909091,1.6984545454545454,0.0,0.0,0.2450757575757575
2488653,Mason Plumlee,SAS,2026-06-18,0.0,5.0,1.0,4.0,14.0,0,0,0,0,0,0,0,0,0,0,,0,0,,0,0,0,0,0.0,,,,,,,,,,0.0,0.0,0.0,0.0,0.0,0.0,0.0,0.0,0.0,0.0,0.0,0.0,0.0,,0.0,0.0,,0.0,0.0,0.0,0.0,,,,,,,,,,,,,,,,,,,0.0,0.0,0.0,0.0,0.0,0.0,0.0,0.0,0.0,0.0,0.0,0.0,,0.0,0.0,,0.0,0.0,0.0,0.0,,,,,,,,,,,,,,,,,,,0.9,1.66332999331662,0.2,0.2,0.1,0.0,0.0,0.0,0.1,0.0,0.1,0.1,,0.0,0.0,,0.0,0.2,0.3,0.2,0.3333333333333333,0.5773502691896258,0.2333333333333333,0.2516611478423583,0.1666666666666666,0.2886751345948129,0.0,0.0,0.0,0.0,0.1666666666666666,0.2886751345948129,0.0,0.0,0.0,0.0,0.1666666666666667,0.2886751345948129,,,,6.95,0.04,0.04,0.02,0.0,0.1529,0.1251,0.417,0.1,0.08,0.06,0.06,0.278,0.04,0.04,0.02,0.0,0.1,0.1529,0.1251,0.417
2489663,Kelly Olynyk,SAS,2026-06-18,0.0,5.0,1.0,4.0,14.0,0,0,0,0,0,0,0,0,0,0,,0,0,,0,0,0,0,0.0,,,,,,,,,,0.0,0.0,0.0,0.0,0.0,0.0,0.0,0.0,0.0,0.0,0.0,0.0,0.0,,0.0,0.0,,0.0,0.0,0.0,0.0,,,,,,,,,,,,,,,,,,,0.0,0.0,0.0,0.0,0.0,0.0,0.0,0.0,0.0,0.0,0.0,0.0,,0.0,0.0,,0.0,0.0,0.0,0.0,,,,,,,,,,,,,,,,,,,1.3,1.888562063228706,1.4,0.2,0.0,0.2,0.3,0.3,0.0,0.2,0.4,0.7,,0.4,0.5,,0.0,0.2,0.1,0.3,1.1125,0.317214438511238,0.1124999999999999,0.1314977819838292,0.0,0.0,0.1875,0.2393567769390845,0.25,0.2886751345948128,0.4625,0.325,0.4,0.4898979485566356,0.25,0.5,0.8885000000000001,0.4452965304154075,,,,6.95,0.2799999999999999,0.04,0.0,0.04,0.1529,0.1251,0.417,0.3199999999999999,0.3199999999999999,0.2799999999999999,0.04,0.278,0.2799999999999999,0.04,0.0,0.04,0.3199999999999999,0.1529,0.1251,0.417
3064560,Luke Kornet,SAS,2026-06-18,0.0,5.0,1.0,4.0,14.0,0,2,0,0,0,0,0,1,0,1,,0,0,,1,1,2,-3,10.0,0.0,0.2,0.0,0.0,0.0,0.1,0.0,0.1,0.2,0.0,7.666666666666667,3.2145502536643176,0.6666666666666666,2.333333333333333,0.6666666666666666,0.0,0.0,0.6666666666666666,0.0,0.3333333333333333,0.0,0.6666666666666666,,0.6666666666666666,0.6666666666666666,,1.3333333333333333,1.0,2.0,-2.6666666666666665,0.074074074074074,0.128300059819917,0.2518518518518518,0.2813839987144086,0.074074074074074,0.1283000598199168,0.0,0.0,0.0,0.0,0.0703703703703703,0.0611952283031789,0.074074074074074,0.1283000598199168,0.0333333333333333,0.0577350269189625,0.1362962962962963,0.1181196993497938,8.2,2.4899799195977463,0.6,2.2,0.4,0.0,0.0,0.8,0.0,0.2,0.0,0.4,,0.6,0.8,,0.8,1.4,2.2,-4.4,0.0694444444444444,0.1011126373511184,0.2461111111111111,0.221592858778726,0.0444444444444444,0.0993807989999906,0.0,0.0,0.0,0.0,0.0422222222222222,0.0579484658240236,0.0944444444444444,0.1296957503325417,0.02,0.0447213595499957,0.1037777777777777,0.1023296536918375,9.4,3.062315754094894,1.8,3.0,0.4,0.0,0.0,0.4,0.3,0.4,0.6,1.5,,0.6,0.8,,1.3,1.7,1.7,-4.1,0.1680555555555555,0.1682058511308093,0.3099145299145299,0.2261770994327005,0.0376068376068376,0.0723220369275425,0.0,0.0,0.0,0.0,0.1528418803418803,0.1584515026695072,0.0959401709401709,0.1310713555508585,0.033076923076923,0.0564160836151074,0.2281324786324786,0.1945867152727417,,,,8.557500000000001,0.9926,2.6595000000000004,0.424725,0.0,0.5705,0.142625,0.28525,4.076825000000001,3.652100000000001,1.4173250000000002,3.0842250000000004,0.713125,0.9926,2.6595000000000004,0.424725,0.0,4.076825000000001,0.5705,0.142625,0.28525
3134916,Jordan McLaughlin,SAS,2026-06-18,0.0,5.0,1.0,4.0,14.0,0,0,0,0,0,0,0,0,0,0,,0,0,,0,0,0,0,0.0,,,,,,,,,,0.0,0.0,0.0,0.0,0.0,0.0,0.0,0.0,0.0,0.0,0.0,0.0,0.0,,0.0,0.0,,0.0,0.0,0.0,0.0,,,,,,,,,,,,,,,,,,,0.0,0.0,0.0,0.0,0.0,0.0,0.0,0.0,0.0,0.0,0.0,0.0,,0.0,0.0,,0.0,0.0,0.0,0.0,,,,,,,,,,,,,,,,,,,1.5,2.368778400591983,0.7,0.6,0.3,0.1,0.3,0.0,0.0,0.1,0.2,0.5,,0.2,0.2,,0.1,0.5,0.0,0.0,0.6875,0.9437293044088436,0.3303571428571428,0.2597994386047047,0.1964285714285714,0.2431021173412159,0.0625,0.125,0.1607142857142857,0.2360027095428453,0.3214285714285714,0.2369017707396714,0.25,0.5,0.0357142857142857,0.0714285714285714,0.4671428571428571,0.3848738639560532,,,,7.65,0.1399999999999999,0.12,0.06,0.02,0.1683,0.1377,0.459,0.32,0.26,0.1999999999999999,0.18,0.306,0.1399999999999999,0.12,0.06,0.02,0.32,0.1683,0.1377,0.459
4066259,De'Aaron Fox,SAS,2026-06-18,0.0,5.0,1.0,4.0,12.0,7,0,5,1,8,2,0,1,3,15,,0,0,,0,0,2,1,37.0,0.1891891891891892,0.0,0.1351351351351351,0.027027027027027,0.2162162162162162,0.4054054054054054,0.0,0.027027027027027,0.4324324324324324,0.0,37.0,0.0,12.333333333333334,2.6666666666666665,6.666666666666667,1.6666666666666667,7.333333333333333,1.6666666666666667,1.0,2.333333333333333,4.333333333333333,15.0,,2.0,2.0,,0.6666666666666666,2.0,2.6666666666666665,-1.6666666666666667,0.3333333333333333,0.1488532580347596,0.072072072072072,0.0680165264438806,0.1801801801801802,0.0412844657203229,0.045045045045045,0.0562612432288144,0.1981981981981982,0.0562612432288144,0.4054054054054054,0.0270270270270271,0.054054054054054,0.054054054054054,0.063063063063063,0.0412844657203228,0.4922522522522523,0.0667941318578603,36.6,1.5165750888103091,12.8,3.0,6.0,1.4,5.6,1.4,0.8,2.8,4.8,14.0,,1.8,2.0,,0.4,2.6,3.0,-0.6,0.3544891640866873,0.1797841484706605,0.08194293364572,0.0503195392539859,0.1638356622876746,0.0371893868971481,0.0387917329093799,0.045700213704444,0.1517362563802192,0.0768103424145331,0.3822525311689398,0.0372157418946315,0.054723454104259,0.0382956014701364,0.0771567232867542,0.037574531524043,0.4834875742615681,0.0521167343309914,34.0,3.800584750330456,12.0,4.1,6.1,1.2,5.0,1.5,0.5,2.1,4.7,13.3,,1.4,1.7,,0.7,3.4,2.7,1.3,0.3525115194070552,0.1429479451597727,0.1271621578522607,0.0992867649068271,0.1824560921659693,0.0481444097030106,0.0341808126912491,0.0383266098101366,0.1447786979071309,0.0637251018538069,0.3916263031812817,0.0468701302008633,0.0520327549489638,0.0496070503494101,0.0600674460356873,0.0471242066907675,0.4745881613945132,0.0637621652234798,,,,35.819,12.02048,2.8224,6.11224,1.4292,1.4620000000000002,0.5848,2.3392,20.95512,14.84288,18.13272,8.93464,2.0468,12.02048,2.8224,6.11224,1.4292,20.95512,1.4620000000000002,0.5848,2.3392
4066317,Lindy Waters III,SAS,2026-06-18,0.0,5.0,1.0,4.0,14.0,0,0,0,0,0,0,0,0,0,0,,0,0,,0,0,0,0,0.0,,,,,,,,,,0.0,0.0,0.0,0.0,0.0,0.0,0.0,0.0,0.0,0.0,0.0,0.0,0.0,,0.0,0.0,,0.0,0.0,0.0,0.0,,,,,,,,,,,,,,,,,,,0.0,0.0,0.0,0.0,0.0,0.0,0.0,0.0,0.0,0.0,0.0,0.0,,0.0,0.0,,0.0,0.0,0.0,0.0,,,,,,,,,,,,,,,,,,,1.2,2.14993539954628,0.2,0.0,0.2,0.0,0.1,0.1,0.0,0.0,0.1,0.2,,0.0,0.0,,0.0,0.0,0.1,0.2,0.111111111111111,0.1924500897298752,0.0,0.0,0.1388888888888888,0.1272937693043289,0.0,0.0,0.0555555555555555,0.0962250448649376,0.111111111111111,0.1924500897298752,0.0,0.0,0.0,0.0,0.111111111111111,0.1924500897298752,,,,7.3,0.04,0.0,0.04,0.0,0.1606,0.1314,0.438,0.08,0.04,0.08,0.04,0.292,0.04,0.0,0.04,0.0,0.08,0.1606,0.1314,0.438
4395630,Devin Vassell,SAS,2026-06-18,0.0,5.0,1.0,4.0,14.0,12,7,2,2,5,2,1,0,5,8,,0,0,,0,7,1,-11,39.0,0.3076923076923077,0.1794871794871795,0.0512820512820512,0.0512820512820512,0.1282051282051282,0.2051282051282051,0.0,0.0,0.2051282051282051,0.0,39.0,1.0000000000000018,13.666666666666666,5.333333333333333,2.0,3.333333333333333,5.666666666666667,1.0,0.3333333333333333,0.6666666666666666,4.666666666666667,7.0,,1.0,1.3333333333333333,,0.3333333333333333,5.0,2.0,-2.0,0.349055330634278,0.0878939660352685,0.1365834457939721,0.0384439007865391,0.0504273504273504,0.0500054785514874,0.0850764732343679,0.0372392056192795,0.1444894286999549,0.0494231842860591,0.178463787674314,0.064167524558391,0.0346491228070175,0.0403484934459892,0.0171052631578947,0.014828194302085,0.2108146648672964,0.0475975503468524,38.2,1.4832396974191204,12.8,6.8,2.8,2.8,6.0,0.6,0.4,0.6,4.4,8.2,,1.2,1.4,,1.0,5.8,1.8,-2.6,0.3331174089068826,0.0780506270016741,0.1793184885290148,0.0646907280722436,0.0732388663967611,0.0501688520481283,0.0723909131803868,0.0363648392260086,0.1568690958164642,0.0393338816416852,0.215557804768331,0.0723108866677946,0.036578947368421,0.0400008656416028,0.0158187134502924,0.0144738318853592,0.2474712550607287,0.0642566100209994,35.5,4.06201920231798,12.6,5.8,2.8,2.6,6.2,1.4,0.5,0.6,4.1,9.2,,1.8,2.1,,0.9,4.9,1.5,2.5,0.3576620455567824,0.1133917082708004,0.1604245900298531,0.0648964862780009,0.0791602257391731,0.0366698231619119,0.0745598699546068,0.0397086012026274,0.177327321801006,0.053011117248061,0.262227231832495,0.0866330967429999,0.0591985645933014,0.0622167784435665,0.0175635913793808,0.0155402588893158,0.3058381916329284,0.084525986686507,,,,37.213,12.9300744,6.137759199999999,2.6729128,2.8169127999999994,0.8931119999999998,0.5954079999999999,0.5954079999999999,21.740746399999995,19.0678336,15.602987199999998,8.810671999999999,1.4885199999999998,12.9300744,6.137759199999999,2.6729128,2.8169127999999994,21.740746399999995,0.8931119999999998,0.5954079999999999,0.5954079999999999
4395723,Keldon Johnson,SAS,2026-06-18,0.0,5.0,1.0,4.0,14.0,7,5,0,2,3,0,0,0,2,5,,1,2,,2,3,2,17,16.0,0.4375,0.3125,0.0,0.125,0.1875,0.3125,0.125,0.0,0.3675,0.0,17.0,1.0000000000000124,5.333333333333333,3.6666666666666665,0.3333333333333333,0.6666666666666666,1.3333333333333333,0.6666666666666666,0.0,0.6666666666666666,2.0,5.0,,0.6666666666666666,2.0,,1.3333333333333333,2.333333333333333,2.333333333333333,10.0,0.3201252723311547,0.1814683609716009,0.2174564270152505,0.0975138542682339,0.0185185185185185,0.0320750149549792,0.0416666666666666,0.0721687836487032,0.0810185185185185,0.0963085373273831,0.2947984749455338,0.0173711204005624,0.1200980392156862,0.1177236270443414,0.0392156862745098,0.0679235610811324,0.3868572984749455,0.1199355313466826,15.0,3.999999999999999,4.4,3.0,0.6,0.6,1.6,0.6,0.0,0.6,1.6,4.6,,0.6,1.6,,1.0,2.0,2.2,5.2,0.3045751633986928,0.1459907541815781,0.1804738562091503,0.1230098904806076,0.0361111111111111,0.0552072414287549,0.05,0.0684653196881457,0.1236111111111111,0.0999614123080365,0.3268790849673202,0.099463879364843,0.0970588235294117,0.0993871793476659,0.0360294117647058,0.0530482984865522,0.4056143790849672,0.1002321042710409,15.9,3.4785054261852166,6.8,3.0,0.6,0.8,2.8,0.6,0.0,0.9,2.7,6.8,,0.6,1.4,,1.3,1.7,2.6,2.6,0.4210375816993464,0.1961392283876743,0.1789869281045751,0.0826681286896383,0.0343055555555555,0.0481305612467372,0.0563888888888888,0.0553863162967335,0.1852777777777778,0.1048898762770014,0.4256617647058823,0.1504558548286985,0.0888071895424836,0.0839937890859167,0.0530147058823529,0.0494615824675852,0.5177516339869281,0.1707103556169863,,,,15.8045,5.8738844036697255,3.2269422018348624,0.5199889908256881,0.8699834862385321,0.7249770642201835,0.0,0.5799816513761467,9.620815596330276,9.100826605504588,6.393873394495413,3.746931192660551,0.7249770642201835,5.8738844036697255,3.2269422018348624,0.5199889908256881,0.8699834862385321,9.620815596330276,0.7249770642201835,0.0,0.5799816513761467
4592479,Julian Champagnie,SAS,2026-06-18,0.0,5.0,1.0,4.0,14.0,14,7,1,4,8,1,0,4,5,9,,0,0,,2,5,3,-10,31.0,0.4516129032258064,0.2258064516129032,0.032258064516129,0.1290322580645161,0.2580645161290322,0.2903225806451613,0.0,0.1290322580645161,0.4193548387096774,0.0,30.33333333333333,3.055050463303896,10.333333333333334,4.333333333333333,2.333333333333333,2.6666666666666665,7.333333333333333,2.0,0.0,1.3333333333333333,3.6666666666666665,9.0,,0.3333333333333333,0.6666666666666666,,0.6666666666666666,3.6666666666666665,1.6666666666666667,-2.0,0.3491908330618008,0.171229679105359,0.1381195467216972,0.0950949769476055,0.0780927555121103,0.0409590597924748,0.0901487998262191,0.0525968532746814,0.2431483291698345,0.0268769110399333,0.2987943955685891,0.031178556438985,0.0246913580246913,0.0427666866066389,0.043010752688172,0.0744968089276936,0.3526693457876254,0.0742072332337186,31.6,3.286335345030995,11.0,5.4,1.8,3.0,7.4,1.2,0.4,0.8,3.6,8.8,,0.8,1.2,,1.0,4.4,1.8,-4.4,0.3571847507331378,0.1599289552455962,0.1696100792874986,0.1094111437498652,0.0588628217660475,0.0391750982190239,0.0974584555229716,0.053673809781307,0.2381829043119365,0.0680091596504882,0.2835777126099706,0.0731183449119158,0.0388291517323775,0.0360458180204195,0.0258064516129032,0.0577049800645107,0.32646899098512,0.0930267360085564,31.5,4.06201920231798,11.9,5.6,1.7,2.9,7.4,1.2,0.6,0.8,4.1,9.5,,0.8,1.2,,1.0,4.6,2.0,-0.6,0.3800252679428372,0.1992197989356618,0.1793399977286166,0.0837773061325938,0.0560071606021491,0.0304048102985058,0.0915663204933154,0.0553214701401362,0.2361724304638068,0.0519795860474,0.3054455843319493,0.0860157307263375,0.037309312708294,0.0408908546434985,0.0262014714204866,0.042844833469561,0.3480631533440853,0.1161059946906945,,,,31.271500000000003,11.7885,5.4551,1.7468,3.1647,1.132,0.566,0.849,18.9904,17.2436,13.5353,7.2019,1.698,11.7885,5.4551,1.7468,3.1647,18.9904,1.132,0.566,0.849
4845367,Stephon Castle,SAS,2026-06-18,0.0,5.0,1.0,4.0,14.0,6,5,4,0,3,1,0,3,1,10,,4,6,,1,4,4,-1,32.0,0.1875,0.15625,0.125,0.0,0.09375,0.3125,0.1875,0.09375,0.48875,0.0,32.0,5.999999999999997,14.0,5.0,4.666666666666667,1.0,3.6666666666666665,0.6666666666666666,0.3333333333333333,2.6666666666666665,3.6666666666666665,10.333333333333334,,5.666666666666667,6.666666666666667,,1.3333333333333333,3.6666666666666665,4.333333333333333,-2.0,0.4309210526315789,0.2172796349193649,0.1600455465587044,0.0305417705075234,0.1496288798920377,0.0371070264104669,0.0303643724696356,0.0272340567754528,0.1135711875843454,0.0189795601909207,0.316717273954116,0.0497294392687698,0.217695681511471,0.0793326064403028,0.0872553981106612,0.0318766495384845,0.4997587719298246,0.0175519033095457,31.6,4.774934554525329,14.6,5.4,4.2,1.2,4.0,0.6,0.2,2.8,4.6,12.2,,4.2,5.2,,1.4,4.0,4.0,-4.2,0.4585526315789474,0.1582301809586431,0.171657580036063,0.0422764460329831,0.1359958153301806,0.0375485997342861,0.0383866907086721,0.0266869614463033,0.1261259058279182,0.0218599610969099,0.3841480114312931,0.0993483050772627,0.1709535433606641,0.0901448210872177,0.0926893733201782,0.0380280367468355,0.5520569438301637,0.0900589986913331,32.4,3.6575644598253834,15.7,5.1,5.5,1.1,3.8,1.0,0.4,2.6,4.8,11.6,,5.0,6.1,,1.8,3.3,4.2,-0.8,0.4829063662945241,0.139831238973953,0.1575576861219276,0.0361991645033885,0.1709713925135751,0.0534778450926309,0.0344747306357213,0.0307738989158515,0.1170835156845218,0.0308767344976245,0.3578478152394561,0.0855349455741241,0.1897191959227563,0.1112327860346655,0.081417738608141,0.048761192534517,0.5227420000536099,0.0867808376512457,,,,32.061,14.36247610619469,5.298472566371681,4.892237168141594,0.8867061946902655,0.7093141592920353,0.1418628318584071,2.979119469026549,24.553185840707965,19.66094867256637,19.25471327433628,10.190709734513277,0.8511769911504424,14.36247610619469,5.298472566371681,4.892237168141594,0.8867061946902655,24.553185840707965,0.7093141592920353,0.1418628318584071,2.979119469026549
5037871,Dylan Harper,SAS,2026-06-18,0.0,5.0,1.0,4.0,14.0,25,5,4,2,4,0,1,0,10,19,,3,6,,2,3,5,-12,31.0,0.8064516129032258,0.1612903225806451,0.1290322580645161,0.064516129032258,0.1290322580645161,0.6129032258064516,0.1935483870967742,0.0,0.6980645161290323,0.0,31.666666666666668,0.5773502691896263,19.666666666666668,6.0,3.6666666666666665,2.0,6.0,0.0,0.3333333333333333,1.0,7.666666666666667,16.333333333333332,,2.333333333333333,3.333333333333333,,1.0,5.0,3.0,-2.6666666666666665,0.6229838709677419,0.2021640651752406,0.1891801075268817,0.0817734413074349,0.1159274193548387,0.019311737964383,0.0631720430107526,0.0312716712924798,0.1888440860215053,0.0604950706476763,0.5168010752688171,0.125362594115903,0.1061827956989247,0.0756608215671888,0.03125,0.0541265877365274,0.5947715053763442,0.1009918322329394,31.0,1.7320508075688783,18.0,6.4,3.0,1.4,5.0,0.4,0.2,1.2,7.0,14.2,,2.6,3.4,,0.8,5.6,2.8,-0.2,0.5818260368663595,0.1578898491203922,0.2081509216589861,0.0722772488096463,0.0954493087557603,0.037333316607111,0.0450460829493087,0.0355588180484411,0.1606278801843317,0.0602001244267271,0.4565092165898617,0.1212995367413567,0.1101382488479262,0.0541430990248498,0.0383928571428571,0.0406225470217047,0.5433629032258065,0.1019781326664867,26.7,5.334374898294601,13.8,5.9,2.9,1.3,3.8,0.2,0.1,1.6,5.1,10.4,,2.3,3.1,,1.2,4.7,2.1,3.2,0.5058030956761981,0.2045558127323283,0.2227306966611995,0.0562406941282192,0.1103060990769719,0.0367699445138199,0.0489037109141473,0.033498549835858,0.1394703784250748,0.0555108571453607,0.3790174184695057,0.1355211417814228,0.1215870770595628,0.0812918143045559,0.0644378059304529,0.0438592746552889,0.4969535383061664,0.1076547167800428,,,,29.921,18.044352941176477,6.348132352941176,3.268064705882353,1.6280323529411764,0.2933431372549019,0.1466715686274509,1.320044117647059,27.66055,24.392485294117648,21.312417647058822,9.616197058823529,0.4400147058823529,18.044352941176477,6.348132352941176,3.268064705882353,1.6280323529411764,27.66055,0.2933431372549019,0.1466715686274509,1.320044117647059
5061568,Carter Bryant,SAS,2026-06-18,0.0,5.0,1.0,4.0,14.0,0,2,0,0,0,0,0,1,0,0,,0,0,,0,2,0,2,6.0,0.0,0.3333333333333333,0.0,0.0,0.0,0.0,0.0,0.1666666666666666,0.1666666666666666,0.0,5.0,0.9999999999999996,2.6666666666666665,1.0,0.0,0.6666666666666666,0.6666666666666666,0.3333333333333333,0.3333333333333333,0.3333333333333333,1.0,1.3333333333333333,,0.0,0.0,,0.0,1.0,1.0,-0.3333333333333333,0.5833333333333334,0.5204164998665332,0.1777777777777777,0.1677740985615722,0.0,0.0,0.15,0.1322875655532295,0.15,0.1322875655532295,0.2833333333333333,0.3013856886670853,0.0,0.0,0.0555555555555555,0.0962250448649376,0.3388888888888888,0.2299355787397209,4.4,1.1401754250991365,1.8,0.6,0.0,0.4,0.6,0.2,0.2,0.4,0.6,1.0,,0.2,0.4,,0.0,0.6,1.2,-1.0,0.4,0.4541475531146236,0.1066666666666666,0.1534781924429511,0.0,0.0,0.09,0.1244989959798873,0.1399999999999999,0.1294217910554478,0.22,0.2464751508773247,0.1,0.2236067977499789,0.0999999999999999,0.1490711984999859,0.364,0.1730671032351966,5.5,2.273030282830975,2.3,1.1,0.2,0.4,1.1,0.2,0.2,0.5,0.9,1.8,,0.1,0.2,,0.0,1.1,1.7,-2.5,0.4616666666666666,0.4773286002248268,0.1809523809523809,0.1683886852111217,0.0242857142857142,0.0521857835916094,0.075,0.1034139470499238,0.1892857142857142,0.1793870263297196,0.3251190476190476,0.2962957087343003,0.05,0.1581138830084189,0.0867857142857142,0.1103552093687464,0.4339047619047618,0.23624357228762,,,,6.85,2.3750909090909085,1.4083636363636365,0.016,0.417090909090909,0.2075757575757575,0.2075757575757575,0.6227272727272726,3.799454545454545,3.783454545454545,2.3910909090909085,1.4243636363636365,0.4151515151515151,2.3750909090909085,1.4083636363636365,0.016,0.417090909090909,3.799454545454545,0.2075757575757575,0.2075757575757575,0.6227272727272726
5104157,Victor Wembanyama,SAS,2026-06-18,0.0,5.0,1.0,4.0,14.0,19,14,2,1,6,0,5,2,7,19,,4,5,,6,8,3,-3,38.0,0.5,0.3684210526315789,0.0526315789473684,0.0263157894736842,0.1578947368421052,0.5,0.131578947368421,0.0526315789473684,0.6105263157894737,0.0,40.333333333333336,3.214550253664318,25.0,11.666666666666666,3.0,1.6666666666666667,6.0,0.6666666666666666,3.6666666666666665,1.0,9.0,20.666666666666668,,5.333333333333333,7.0,,4.0,7.666666666666667,2.333333333333333,1.6666666666666667,0.621989121989122,0.1734222392955011,0.2896679344047765,0.081800074339948,0.0764016685069316,0.0687153775709561,0.0410174620700936,0.0130611767804978,0.1474256737414632,0.0406509929922614,0.50990675990676,0.0540074929794764,0.1738130290761869,0.0512077503209126,0.0260908681961313,0.0263186729218355,0.6124753608964135,0.0247894670819363,39.8,2.489979919597745,26.0,11.2,2.6,1.8,6.6,1.0,3.6,2.6,8.8,20.8,,6.6,8.4,,3.6,7.6,2.2,1.6,0.6550355784566311,0.1315037536386243,0.281958655379708,0.0669880884245805,0.0663673168936326,0.0505030455159911,0.0451367930315298,0.0108618361527276,0.1658238252975095,0.0490267068567653,0.5214703717335297,0.04248013965967,0.2127088700772911,0.0816824164804135,0.0672334682860998,0.062762642017295,0.6822957428536376,0.1103975421375328,37.7,4.785394445602158,25.9,9.1,2.6,2.1,6.4,1.3,3.0,2.5,8.4,19.2,,7.0,8.4,,2.7,6.4,2.3,5.3,0.7056486001265287,0.2011509345950325,0.2452126156243304,0.089154671963078,0.0715413392493188,0.0483477739089703,0.0588025924273802,0.0388535955790065,0.175518584415019,0.0677095368156056,0.5203524361885993,0.1319291232761949,0.2235590470649893,0.0753283653286076,0.0700065610676816,0.0510390352397184,0.6887249779648761,0.1714735945375133,,,,38.9755,25.500156133828995,10.882196654275091,2.529881412639405,2.070947211895911,1.1591226765799254,3.187587360594795,2.4631356877323416,38.91223420074349,36.382352788104086,28.0300375464684,13.412078066914496,4.34671003717472,25.500156133828995,10.882196654275091,2.529881412639405,2.070947211895911,38.91223420074349,1.1591226765799254,3.187587360594795,2.4631356877323416
