player_id,player_name,team,asof_date,is_home,days_rest,games_last7,games_last14,season_game_number,lag1_pts,lag1_reb,lag1_ast,lag1_threes,lag1_fg3a,lag1_stl,lag1_blk,lag1_tov,lag1_fgm,lag1_fga,lag1_fg_pct,lag1_ftm,lag1_fta,lag1_ft_pct,lag1_oreb,lag1_dreb,lag1_pf,lag1_plus_minus,lag1_min,lag1_pts_per_min,lag1_reb_per_min,lag1_ast_per_min,lag1_fg3m_per_min,lag1_fg3a_per_min,lag1_fga_per_min,lag1_fta_per_min,lag1_tov_per_min,lag1_usage_per_min,b2b,roll3_min,roll3_min_std,roll3_pts,roll3_reb,roll3_ast,roll3_threes,roll3_fg3a,roll3_stl,roll3_blk,roll3_tov,roll3_fgm,roll3_fga,roll3_fg_pct,roll3_ftm,roll3_fta,roll3_ft_pct,roll3_oreb,roll3_dreb,roll3_pf,roll3_plus_minus,roll3_pts_per_min,roll3_pts_per_min_std,roll3_reb_per_min,roll3_reb_per_min_std,roll3_ast_per_min,roll3_ast_per_min_std,roll3_fg3m_per_min,roll3_fg3m_per_min_std,roll3_fg3a_per_min,roll3_fg3a_per_min_std,roll3_fga_per_min,roll3_fga_per_min_std,roll3_fta_per_min,roll3_fta_per_min_std,roll3_tov_per_min,roll3_tov_per_min_std,roll3_usage_per_min,roll3_usage_per_min_std,roll5_min,roll5_min_std,roll5_pts,roll5_reb,roll5_ast,roll5_threes,roll5_fg3a,roll5_stl,roll5_blk,roll5_tov,roll5_fgm,roll5_fga,roll5_fg_pct,roll5_ftm,roll5_fta,roll5_ft_pct,roll5_oreb,roll5_dreb,roll5_pf,roll5_plus_minus,roll5_pts_per_min,roll5_pts_per_min_std,roll5_reb_per_min,roll5_reb_per_min_std,roll5_ast_per_min,roll5_ast_per_min_std,roll5_fg3m_per_min,roll5_fg3m_per_min_std,roll5_fg3a_per_min,roll5_fg3a_per_min_std,roll5_fga_per_min,roll5_fga_per_min_std,roll5_fta_per_min,roll5_fta_per_min_std,roll5_tov_per_min,roll5_tov_per_min_std,roll5_usage_per_min,roll5_usage_per_min_std,roll10_min,roll10_min_std,roll10_pts,roll10_reb,roll10_ast,roll10_threes,roll10_fg3a,roll10_stl,roll10_blk,roll10_tov,roll10_fgm,roll10_fga,roll10_fg_pct,roll10_ftm,roll10_fta,roll10_ft_pct,roll10_oreb,roll10_dreb,roll10_pf,roll10_plus_minus,roll10_pts_per_min,roll10_pts_per_min_std,roll10_reb_per_min,roll10_reb_per_min_std,roll10_ast_per_min,roll10_ast_per_min_std,roll10_fg3m_per_min,roll10_fg3m_per_min_std,roll10_fg3a_per_min,roll10_fg3a_per_min_std,roll10_fga_per_min,roll10_fga_per_min_std,roll10_fta_per_min,roll10_fta_per_min_std,roll10_tov_per_min,roll10_tov_per_min_std,roll10_usage_per_min,roll10_usage_per_min_std,injury_status,team_on_slate,playing_today,opponent,home,pred_min,pred_pts,pred_reb,pred_ast,pred_threes,pred_stl,pred_blk,pred_tov,pred_pra,pred_pr,pred_pa,pred_ra,pred_stocks,mean_pts,mean_reb,mean_ast,mean_threes,mean_pra,mean_stl,mean_blk,mean_tov,sd_pts,sd_reb,sd_ast,sd_threes,sd_pra,sd_stl,sd_blk,sd_tov
3992,James Harden,CLE,2026-05-15,1.0,2.0,3.0,7.0,14.0,30,8,6,3,10,1,3,6,8,21,,11,14,,3,5,5,11,43.0,0.6976744186046512,0.1860465116279069,0.1395348837209302,0.0697674418604651,0.2325581395348837,0.4883720930232558,0.3255813953488372,0.1395348837209302,0.7711627906976743,0.0,40.0,2.999999999999997,24.33333333333333,3.333333333333333,8.0,3.6666666666666665,8.666666666666666,1.6666666666666667,1.3333333333333333,3.6666666666666665,7.0,16.333333333333332,,6.666666666666667,8.0,,1.3333333333333333,2.0,2.0,9.333333333333334,0.6071076890844332,0.1170051822201339,0.0786821705426356,0.0962825337353866,0.2039440603394091,0.0827681324910662,0.0933008589985334,0.0363238889861202,0.2169337942593756,0.036706609569059,0.4055834904672113,0.0730876024010474,0.1979415461973601,0.1553269990178502,0.0895296459249947,0.0445541919258295,0.5822074167190446,0.171621866189783,38.4,3.1304951684997064,21.0,4.8,6.8,2.4,7.4,1.4,1.2,4.4,6.0,15.4,,6.6,7.4,,1.2,3.6,2.4,1.2,0.5440329532189997,0.1742185786852365,0.1253560204722995,0.0962861749447267,0.1785826524198617,0.0799937337202143,0.0616948011134057,0.05133002240464,0.191781898177247,0.0539940838050631,0.3993346502648828,0.0590718322076209,0.1918151207686091,0.1221066435761309,0.1153394091766184,0.0574201424313572,0.5990727125796893,0.1488123576332799,38.3,3.433495141818157,19.9,5.4,6.3,2.3,7.0,1.5,0.9,4.9,5.6,14.0,,6.4,7.3,,1.2,4.2,2.4,1.6,0.5204255675185908,0.1306319284255223,0.1393753894335289,0.0801210240049805,0.1640968135154182,0.067706048944858,0.0603191450284473,0.0416595025012483,0.1850146182122926,0.0649005530822021,0.3655416085067248,0.0662339729729839,0.1918043662811104,0.1021608733908346,0.1303273622459669,0.065064361523476,0.5802628919163803,0.126936903747943,,,,DET,True,39.31861111111111,21.452003333333334,5.354166666666667,6.752796666666666,2.488066666666666,1.6850833333333337,1.01105,4.605894444444444,33.55896666666667,26.80617,28.2048,12.106963333333333,2.696133333333333,14.992,5.58,4.16,2.078,24.732,0.898,0.446,2.542,5.559490624148943,2.237766743876582,1.9744366285095096,1.3999699996785646,6.3397299627034585,0.9097230347748704,0.6596089750753852,1.4887027910231108
2580365,Larry Nance Jr.,CLE,2026-05-15,1.0,2.0,3.0,7.0,15.0,0,0,0,0,0,0,0,0,0,0,,0,0,,0,0,0,0,0.0,,,,,,,,,,0.0,0.0,0.0,0.0,0.0,0.0,0.0,0.0,0.0,0.0,0.0,0.0,0.0,,0.0,0.0,,0.0,0.0,0.0,0.0,,,,,,,,,,,,,,,,,,,0.0,0.0,0.0,0.0,0.0,0.0,0.0,0.0,0.0,0.0,0.0,0.0,,0.0,0.0,,0.0,0.0,0.0,0.0,,,,,,,,,,,,,,,,,,,0.3,0.9486832980505142,0.0,0.0,0.0,0.0,0.0,0.0,0.0,0.0,0.0,0.0,,0.0,0.0,,0.0,0.0,0.0,0.0,0.0,,0.0,,0.0,,0.0,,0.0,,0.0,,0.0,,0.0,,0.0,,,,,DET,True,8.0,0.0,0.0,0.0,0.0,0.176,0.144,0.48,0.0,0.0,0.0,0.0,0.3199999999999999,0.006,0.004,0.002,0.002,0.012,0.022,0.006,0.066,0.25,0.25,0.25,0.25,0.25,0.25,0.25,0.25
3032979,Dennis Schroder,CLE,2026-05-15,1.0,2.0,3.0,7.0,15.0,5,0,5,0,1,0,0,2,1,4,,3,5,,0,0,1,9,17.0,0.2941176470588235,0.0,0.2941176470588235,0.0,0.0588235294117647,0.2352941176470588,0.2941176470588235,0.1176470588235294,0.4823529411764705,0.0,19.666666666666668,2.5166114784235867,7.666666666666667,1.0,2.333333333333333,1.3333333333333333,2.0,0.3333333333333333,0.6666666666666666,1.6666666666666667,2.6666666666666665,4.333333333333333,,1.0,1.6666666666666667,,0.0,1.0,1.3333333333333333,-1.6666666666666667,0.3813725490196079,0.1064662549221091,0.0484848484848485,0.0500688231571463,0.1283422459893048,0.1505896025703607,0.0621212121212121,0.0689851662898922,0.0983957219251336,0.0387949394590719,0.220855614973262,0.0185014373176537,0.0980392156862745,0.1698089027028311,0.0861853832442067,0.0340700191142592,0.3501782531194295,0.1194353431982202,19.0,2.449489742783178,7.2,1.4,3.0,1.0,1.8,0.2,0.4,2.2,2.4,4.8,,1.4,1.8,,0.4,1.0,1.4,-1.8,0.3813235294117647,0.1486382100068768,0.071590909090909,0.0566702619990531,0.1645053475935828,0.1194946193212359,0.0497727272727272,0.0561575226961793,0.0915374331550802,0.0318825602472061,0.2575133689839571,0.068146053322905,0.1038235294117647,0.1206581576332913,0.121711229946524,0.0758900121627775,0.4249069518716578,0.1668160967493566,16.4,5.0155314330144085,7.5,1.4,1.9,0.9,2.2,0.4,0.3,1.8,2.5,5.5,,1.6,1.9,,0.2,1.2,1.2,-2.9,0.4607121310062487,0.2265591671982294,0.1013998501498501,0.1195752224880154,0.1051693404634581,0.1053557924300401,0.0591720779220779,0.0748302571984351,0.1502604748192983,0.1104511462569894,0.3499837907190848,0.1341938574253335,0.1114355742296918,0.1656708963433856,0.1487402303578774,0.1748530719851684,0.5477556737380267,0.21525820207646,,,,DET,True,18.130333333333333,7.753977358490565,1.3174125786163522,2.4519106918238998,0.919330817610063,0.4561090146750524,0.3420817610062893,1.7104088050314463,11.523300628930818,9.071389937106918,10.205888050314464,3.769323270440252,0.7981907756813417,8.356,2.27,2.202,1.148,12.828,0.344,0.204,1.238,4.47048811652598,1.5865371095565337,1.5222338847890624,1.045990439726865,4.973772813468665,0.6013850679888885,0.4363301502303044,1.0978870615869376
3908809,Donovan Mitchell,CLE,2026-05-15,1.0,2.0,3.0,7.0,13.0,21,4,3,1,8,0,0,2,7,18,,6,6,,0,4,2,-4,42.0,0.5,0.0952380952380952,0.0714285714285714,0.0238095238095238,0.1904761904761904,0.4285714285714285,0.1428571428571428,0.0476190476190476,0.5390476190476191,0.0,39.0,2.645751311064592,33.0,6.333333333333333,3.0,2.333333333333333,9.333333333333334,0.3333333333333333,0.0,2.0,11.0,22.666666666666668,,8.666666666666666,9.666666666666666,,0.6666666666666666,5.666666666666667,2.0,10.333333333333334,0.861071597913703,0.3351312810668094,0.1645103750366908,0.0877293753846469,0.0769152611257874,0.026041714650088,0.0615164036216667,0.0428458622366985,0.2417756101966628,0.072188777066573,0.5876176928808508,0.1422548163905167,0.252929621350674,0.1363137109159061,0.051197814355709,0.026144524113753,0.7501045406308564,0.1901641525966793,37.8,2.58843582110896,30.6,5.8,2.8,2.6,9.4,0.8,0.0,2.2,10.6,22.2,,6.8,8.0,,0.8,5.0,2.2,4.4,0.8156390977443608,0.253195640592616,0.1539958003115897,0.065894111750912,0.0737939443202601,0.0207118971004288,0.0705777958409537,0.0390553404987126,0.2508568719095035,0.0546416820070804,0.5908717740296687,0.1074106660815623,0.2118349928876244,0.1295620469934748,0.0586723565670934,0.0239127229533895,0.742751527467317,0.1456886408326574,36.6,3.339993346633426,25.3,5.3,2.6,2.5,9.0,0.6,0.2,2.5,9.3,21.4,,4.2,4.8,,0.7,4.6,2.5,-0.5,0.6900121991844216,0.2195451616761947,0.1452612143042388,0.0499115656384579,0.0715086003516166,0.0240568173577562,0.0693997656112029,0.0340911416971745,0.2453065514740946,0.0544086956798461,0.5841818013311657,0.0845480971664936,0.1288942058721345,0.1267076486928539,0.0687208699735098,0.0235875191990133,0.7096161218884147,0.1178874065131896,,,,DET,True,38.00749999999999,27.82671171171171,5.523135135135135,2.715085585585585,2.547567567567567,0.6848198198198197,0.2282732732732732,2.511006006006006,36.06493243243243,33.349846846846845,30.541797297297293,8.23822072072072,0.913093093093093,18.474,5.83,2.55,2.16,26.854,0.584,0.21,1.688,6.47621216452951,2.3050162689230635,1.5334601396841068,1.3558761005342634,7.157980441437376,0.7582506181995502,0.4624932431938871,1.2894401886089948
3912848,Dean Wade,CLE,2026-05-15,1.0,2.0,3.0,7.0,14.0,0,6,0,0,0,1,0,0,0,0,,0,0,,1,5,1,2,23.0,0.0,0.2608695652173913,0.0,0.0,0.0,0.0,0.0,0.0,0.0,0.0,21.0,3.4641016151377544,1.0,4.0,0.0,0.3333333333333333,0.6666666666666666,0.3333333333333333,0.0,1.0,0.3333333333333333,1.0,,0.0,0.0,,1.0,3.0,0.6666666666666666,5.333333333333333,0.0588235294117647,0.1018853416216988,0.1790281329923273,0.106345897116582,0.0,0.0,0.0196078431372549,0.0339617805405662,0.0392156862745098,0.0679235610811324,0.0537084398976982,0.0594869736553094,0.0,0.0,0.0537084398976982,0.0594869736553095,0.1074168797953964,0.1189739473106189,22.8,3.898717737923584,3.2,4.0,0.2,0.8,1.6,0.4,0.0,0.6,1.2,2.4,,0.0,0.0,,1.2,2.8,0.8,1.6,0.1405736207526489,0.1459519579554259,0.172323712093533,0.0851959200453961,0.0071428571428571,0.0159719141249984,0.0362988673730361,0.0377793449740724,0.0725977347460723,0.0755586899481449,0.1058275484106686,0.0990787079781176,0.0,0.0,0.0322250639386189,0.0513296110661978,0.1380526123492875,0.108587132621006,23.4,3.627058802329452,5.0,4.2,0.3,1.0,3.0,0.6,0.0,0.7,2.0,4.5,,0.0,0.2,,1.4,2.8,1.2,1.7,0.21087122596074,0.1286037140835142,0.1779367478216583,0.0605654566327571,0.013095238095238,0.0213328254852628,0.0429329834700678,0.0275752665107958,0.1294806855548543,0.090696542498321,0.1934981897897499,0.1372217304364659,0.009090909090909,0.0287479787288034,0.0327791986359761,0.0461383987907977,0.230277388425726,0.1417832818634065,,,,DET,True,22.810944444444445,3.873167452830188,4.12469323899371,0.2456778301886792,0.8130334905660377,0.5379939727463312,0.0,0.7531915618448637,8.243538522012576,7.997860691823898,4.118845283018867,4.370371069182389,0.5379939727463312,7.394,4.502,0.82,1.06,12.716,0.484,0.06,0.716,4.269749875578194,2.0371538969847123,0.9097252332435328,1.041345283755585,4.852972697223836,0.7223184893106365,0.25,0.8242232707221994
3934723,Thomas Bryant,CLE,2026-05-15,1.0,2.0,3.0,7.0,11.0,0,0,0,0,0,0,0,0,0,0,,0,0,,0,0,0,0,0.0,,,,,,,,,,0.0,0.0,0.0,0.0,0.0,0.0,0.0,0.0,0.0,0.0,0.0,0.0,0.0,,0.0,0.0,,0.0,0.0,0.0,-1.3333333333333333,,,,,,,,,,,,,,,,,,,2.0,4.472135954999579,0.8,0.0,0.0,0.0,0.4,0.2,0.0,0.0,0.2,0.8,,0.4,0.4,,0.0,0.0,0.2,-1.4,0.4,,0.0,,0.0,,0.0,,0.2,,0.4,,0.2,,0.0,,0.488,,2.5,3.6590830666833583,0.7,0.3,0.1,0.0,0.4,0.2,0.1,0.1,0.2,0.7,,0.3,0.3,,0.1,0.2,0.3,-1.5,0.35,0.4725815626252608,0.1547619047619047,0.1797579627445416,0.05,0.1,0.0,0.0,0.169047619047619,0.1380952380952381,0.3023809523809523,0.293890935699228,0.1333333333333333,0.1632993161855452,0.05,0.1,0.411047619047619,0.3078000941507063,,,,DET,True,7.766666666666667,1.015272727272727,0.4476363636363636,0.2198181818181818,0.0,0.706060606060606,0.0,0.353030303030303,1.6827272727272726,1.4629090909090907,1.2350909090909088,0.6674545454545454,0.706060606060606,0.716,0.314,0.14,0.11,1.17,0.106,0.04,0.1,1.3127619738551235,0.5686862052133848,0.3799999999999999,0.3315116890850155,1.4754999152829522,0.3142674020639112,0.25,0.3130495168499705
4065778,Max Strus,CLE,2026-05-15,1.0,2.0,3.0,7.0,15.0,20,8,1,6,8,1,1,0,6,8,,2,2,,2,6,3,9,36.0,0.5555555555555556,0.2222222222222222,0.0277777777777777,0.1666666666666666,0.2222222222222222,0.2222222222222222,0.0555555555555555,0.0,0.2466666666666667,0.0,29.666666666666668,5.507570547286101,10.666666666666666,5.666666666666667,1.6666666666666667,2.6666666666666665,6.0,1.3333333333333333,0.3333333333333333,1.3333333333333333,3.6666666666666665,7.333333333333333,,0.6666666666666666,0.6666666666666666,,1.3333333333333333,4.333333333333333,3.6666666666666665,1.6666666666666667,0.3366571699905032,0.194173356698674,0.1875593542260209,0.0372646232824946,0.0595916429249762,0.0275884163375048,0.080721747388414,0.0744338912282981,0.1994301994301994,0.0394769414830511,0.2502374169040836,0.024768853477198,0.0185185185185185,0.0320750149549792,0.050332383665717,0.043612393174568,0.3087179487179486,0.0541189670115857,29.0,3.999999999999999,10.8,5.0,1.6,2.6,6.4,1.0,0.6,1.0,3.8,8.2,,0.6,0.6,,1.0,4.0,3.2,-2.6,0.3591371591371591,0.2462021605134504,0.1696784696784697,0.0439496016661618,0.0571835571835571,0.023470663130273,0.0841473341473341,0.0650165634280243,0.2196581196581196,0.0467350080279202,0.2858567358567359,0.1024603720042908,0.0182539682539682,0.0259609956092002,0.0373422873422873,0.0377736889168799,0.3312307692307692,0.117354718879723,27.0,4.546060565661952,9.6,5.5,2.1,2.1,5.9,0.9,0.4,1.2,3.2,7.6,,1.1,1.3,,1.6,3.9,2.8,-2.8,0.3403620990717765,0.2086035964477815,0.2068707576772093,0.0659425665549939,0.078666679795712,0.0516225243115503,0.0739098953615082,0.0628196067548864,0.217621673428125,0.0665343066521132,0.2822723095303741,0.0909278066142612,0.0476095290611419,0.0503244105069603,0.0458027754801948,0.0361335086047943,0.3490232777974713,0.1088879432051395,,,,DET,True,28.89138888888889,10.51459631147541,5.781175546448088,1.930799180327869,2.4197547814207647,0.9472586520947178,0.4736293260473589,1.1840733151183973,18.226571038251368,16.295771857923498,12.44539549180328,7.711974726775956,1.420887978142077,13.464,5.97,2.402,2.22,21.836,0.624,0.242,1.046,6.103171634486449,2.434974332513589,1.5634564272789953,1.569585932658674,6.518673484689963,0.7659138332736914,0.4974293919743786,1.0410974978358176
4066328,Jarrett Allen,CLE,2026-05-15,1.0,2.0,3.0,7.0,13.0,16,10,1,0,0,1,2,1,6,10,,4,5,,6,4,1,14,36.0,0.4444444444444444,0.2777777777777778,0.0277777777777777,0.0,0.0,0.2777777777777778,0.1388888888888889,0.0277777777777777,0.3666666666666666,0.0,33.333333333333336,2.309401076758502,14.333333333333334,6.333333333333333,1.0,0.0,0.0,0.6666666666666666,2.0,1.0,5.333333333333333,8.333333333333334,,3.6666666666666665,5.333333333333333,,3.0,3.333333333333333,1.0,7.333333333333333,0.4293981481481481,0.1412274190770933,0.1863425925925925,0.0807120526463478,0.0300925925925925,0.0020046884346862,0.0,0.0,0.0,0.0,0.2488425925925926,0.0531526041815048,0.1608796296296296,0.0505960485981351,0.0300925925925925,0.0020046884346862,0.3497222222222222,0.0690766650045305,29.8,6.870225614927067,13.4,5.8,1.4,0.0,0.0,0.6,1.6,1.0,4.8,7.6,,3.8,5.2,,2.6,3.2,2.4,4.0,0.4217965949820789,0.2342352223511874,0.1903001792114695,0.0610227348112193,0.048521505376344,0.0291749541917625,0.0,0.0,0.0,0.0,0.2518145161290323,0.0448203930775828,0.1610439068100358,0.1195295559540263,0.0356182795698924,0.0112741210310346,0.3582921146953405,0.0829602316450827,29.4,5.378971401051817,12.7,7.7,1.2,0.0,0.0,0.9,2.1,1.2,4.7,7.4,,3.3,5.4,,3.1,4.6,2.4,2.9,0.4120063920108986,0.205613383865096,0.2562542534157809,0.169934107300084,0.0411086890655201,0.0255920723132305,0.0,0.0,0.0,0.0,0.2482115986041507,0.049723054362037,0.1711003771599122,0.1244811920416811,0.0427462027220091,0.0375989164987495,0.3662419672765213,0.1078615325377744,,,,DET,True,31.033722222222224,13.56202549751244,7.859929228855721,1.2362633084577117,0.0,0.8105822968490879,2.0843544776119405,1.2737721807628526,22.65821803482587,21.42195472636816,14.79828880597015,9.096192537313431,2.894936774461028,10.72,7.01,1.834,0.812,19.564,0.656,0.792,1.078,4.98734398252216,2.760778875607389,1.2986315874796823,0.8721559493576823,5.939857237341652,0.810964857438348,0.8926006945997746,0.9817922387144848
4066757,Sam Merrill,CLE,2026-05-15,1.0,2.0,3.0,7.0,13.0,6,0,1,2,5,1,0,0,2,5,,0,0,,0,0,1,-7,21.0,0.2857142857142857,0.0,0.0476190476190476,0.0952380952380952,0.238095238095238,0.238095238095238,0.0,0.0,0.238095238095238,0.0,17.0,3.605551275463989,6.333333333333333,0.3333333333333333,1.0,1.6666666666666667,5.0,0.6666666666666666,0.0,0.0,2.0,5.666666666666667,,0.6666666666666666,0.6666666666666666,,0.0,0.3333333333333333,2.333333333333333,1.0,0.3869047619047619,0.1076377459525305,0.0208333333333333,0.0360843918243516,0.0575396825396825,0.0630877503793041,0.0972222222222222,0.0268407723382315,0.2966269841269841,0.1225790696117339,0.3412698412698412,0.1395110780257694,0.0476190476190476,0.0824786098842322,0.0,0.0,0.3622222222222222,0.1314849200576625,11.6,8.203657720797473,3.8,0.2,0.8,1.0,3.0,0.4,0.0,0.2,1.2,3.4,,0.4,0.4,,0.0,0.2,1.4,-1.4,0.2901785714285714,0.2124799910547801,0.015625,0.03125,0.0788690476190476,0.0668815626614411,0.0729166666666666,0.0533228359141932,0.222470238095238,0.178924502139831,0.2559523809523809,0.2051629516620724,0.0357142857142857,0.0714285714285714,0.0357142857142857,0.0714285714285714,0.3073809523809523,0.1534789311694773,15.9,7.309810759064377,6.0,0.9,0.9,1.4,3.6,0.4,0.0,0.4,1.9,4.4,,0.8,0.9,,0.5,0.4,1.6,2.1,0.3479839897650729,0.2340062701630868,0.0509594739667203,0.061544930061907,0.0605494210566674,0.0542147795206655,0.0802786959346837,0.0552122623096717,0.2141537922907107,0.1402247765674987,0.2627381658655495,0.1654233299244789,0.0507064763357669,0.0687796382034058,0.0317076911279809,0.0524495240699968,0.316756706581268,0.1375423247658762,,,,DET,True,16.237249999999996,6.070396808510637,0.5545680851063829,0.9858521276595742,1.4702308510638296,0.4606312056737587,0.0,0.4606312056737587,7.610817021276594,6.62496489361702,7.056248936170211,1.540420212765957,0.4606312056737587,7.74,1.24,1.09,1.27,10.07,0.294,0.032,0.416,4.185737688866802,1.1516944039110375,1.077914653393301,1.1068423555321687,4.447145151667527,0.5211180288571869,0.25,0.6862535974404798
4278046,Olivier Sarr,CLE,2026-05-15,1.0,6.0,1.0,1.0,4.0,0,0,0,0,0,0,0,0,0,0,,0,0,,0,0,0,0,0.0,,,,,,,,,,0.0,11.333333333333334,12.055427546683417,4.333333333333333,3.6666666666666665,1.6666666666666667,0.6666666666666666,1.0,0.6666666666666666,1.0,0.6666666666666666,1.6666666666666667,2.333333333333333,,0.3333333333333333,1.0,,0.6666666666666666,3.0,2.333333333333333,9.666666666666666,0.3583333333333333,0.0824957911384305,0.375,0.1767766952966369,0.1916666666666666,0.1532064692570852,0.0708333333333333,0.0412478955692152,0.0916666666666666,0.0117851130197758,0.175,0.1060660171779821,0.0625,0.0883883476483184,0.0416666666666666,0.0589255650988789,0.2441666666666667,0.2038824552421212,11.333333333333334,12.055427546683417,4.333333333333333,3.6666666666666665,1.6666666666666667,0.6666666666666666,1.0,0.6666666666666666,1.0,0.6666666666666666,1.6666666666666667,2.333333333333333,,0.3333333333333333,1.0,,0.6666666666666666,3.0,2.333333333333333,9.666666666666666,0.3583333333333333,0.0824957911384305,0.375,0.1767766952966369,0.1916666666666666,0.1532064692570852,0.0708333333333333,0.0412478955692152,0.0916666666666666,0.0117851130197758,0.175,0.1060660171779821,0.0625,0.0883883476483184,0.0416666666666666,0.0589255650988789,0.2441666666666667,0.2038824552421212,11.333333333333334,12.055427546683417,4.333333333333333,3.6666666666666665,1.6666666666666667,0.6666666666666666,1.0,0.6666666666666666,1.0,0.6666666666666666,1.6666666666666667,2.333333333333333,,0.3333333333333333,1.0,,0.6666666666666666,3.0,2.333333333333333,9.666666666666666,0.3583333333333333,0.0824957911384305,0.375,0.1767766952966369,0.1916666666666666,0.1532064692570852,0.0708333333333333,0.0412478955692152,0.0916666666666666,0.0117851130197758,0.175,0.1060660171779821,0.0625,0.0883883476483184,0.0416666666666666,0.0589255650988789,0.2441666666666667,0.2038824552421212,,,,DET,True,9.633333333333336,3.683333333333333,3.1166666666666663,1.416666666666667,0.5666666666666667,0.2119333333333333,0.1734,0.5780000000000001,8.216666666666665,6.799999999999999,5.1,4.533333333333333,0.3853333333333333,4.74,3.134,1.414,0.692,9.288,0.188,0.136,0.502,3.3221077646578534,1.8450051490443056,1.2420161029551913,0.8373386411721365,3.9805848816474194,0.4343454846087386,0.3708153179144572,0.6826389968350768
4431734,Tristan Enaruna,CLE,2026-05-15,1.0,6.0,1.0,1.0,4.0,0,0,0,0,0,0,0,0,0,0,,0,0,,0,0,0,0,0.0,,,,,,,,,,0.0,13.333333333333334,14.047538337136984,7.333333333333333,1.3333333333333333,1.3333333333333333,0.6666666666666666,1.3333333333333333,1.3333333333333333,0.0,0.3333333333333333,2.333333333333333,3.333333333333333,,2.0,2.333333333333333,,0.6666666666666666,0.6666666666666666,0.6666666666666666,5.666666666666667,0.5595238095238095,0.0336717514850737,0.0952380952380952,0.0168358757425368,0.0952380952380952,0.0168358757425368,0.0357142857142857,0.0505076272276105,0.0952380952380952,0.0168358757425368,0.2738095238095238,0.0841793787126842,0.1488095238095238,0.0925973165839526,0.0178571428571428,0.0252538136138052,0.3571428571428572,0.0181827458019398,13.333333333333334,14.047538337136984,7.333333333333333,1.3333333333333333,1.3333333333333333,0.6666666666666666,1.3333333333333333,1.3333333333333333,0.0,0.3333333333333333,2.333333333333333,3.333333333333333,,2.0,2.333333333333333,,0.6666666666666666,0.6666666666666666,0.6666666666666666,5.666666666666667,0.5595238095238095,0.0336717514850737,0.0952380952380952,0.0168358757425368,0.0952380952380952,0.0168358757425368,0.0357142857142857,0.0505076272276105,0.0952380952380952,0.0168358757425368,0.2738095238095238,0.0841793787126842,0.1488095238095238,0.0925973165839526,0.0178571428571428,0.0252538136138052,0.3571428571428572,0.0181827458019398,13.333333333333334,14.047538337136984,7.333333333333333,1.3333333333333333,1.3333333333333333,0.6666666666666666,1.3333333333333333,1.3333333333333333,0.0,0.3333333333333333,2.333333333333333,3.333333333333333,,2.0,2.333333333333333,,0.6666666666666666,0.6666666666666666,0.6666666666666666,5.666666666666667,0.5595238095238095,0.0336717514850737,0.0952380952380952,0.0168358757425368,0.0952380952380952,0.0168358757425368,0.0357142857142857,0.0505076272276105,0.0952380952380952,0.0168358757425368,0.2738095238095238,0.0841793787126842,0.1488095238095238,0.0925973165839526,0.0178571428571428,0.0252538136138052,0.3571428571428572,0.0181827458019398,,,,DET,True,11.333333333333336,6.2333333333333325,1.1333333333333333,1.1333333333333333,0.5666666666666667,0.2493333333333333,0.204,0.6800000000000002,8.499999999999998,7.366666666666665,7.366666666666665,2.2666666666666666,0.4533333333333333,6.122,1.816,1.36,0.758,9.298,0.25,0.148,0.6,3.912942115595374,1.3777314687557949,1.1791522378386938,0.8873759068173983,4.416015851420826,0.5054700782440045,0.3716127016128485,0.7745966692414834
4432158,Evan Mobley,CLE,2026-05-15,1.0,2.0,3.0,7.0,14.0,19,8,8,2,3,1,3,4,6,13,,5,6,,1,7,2,-7,43.0,0.4418604651162791,0.1860465116279069,0.1860465116279069,0.0465116279069767,0.0697674418604651,0.3023255813953488,0.1395348837209302,0.0930232558139534,0.4567441860465116,0.0,39.333333333333336,3.511884584284245,16.333333333333332,8.0,5.666666666666667,1.0,3.0,1.3333333333333333,3.333333333333333,2.6666666666666665,5.333333333333333,10.0,,4.666666666666667,6.666666666666667,,2.333333333333333,5.666666666666667,3.0,10.666666666666666,0.412956337374942,0.0449981671196407,0.2044656463261114,0.0180969540911055,0.1417875836480487,0.0392707382735204,0.0240508845160007,0.0232965511232325,0.075962366660041,0.0241087887069839,0.2503478433710992,0.0731755854397631,0.1732922546876035,0.0923559855472671,0.0659080368382694,0.0339888427589806,0.3925044722719141,0.0707553154150757,37.8,3.271085446759226,14.4,6.8,5.2,1.2,3.6,1.4,3.0,2.2,5.2,10.2,,2.8,4.0,,2.0,4.8,3.0,1.6,0.3777738024249652,0.0783952339583725,0.1796635147797938,0.0888436298787539,0.13586620098248,0.0310292516423835,0.0314146576937274,0.0219277290042256,0.0963710707896754,0.0346057678845889,0.2686214044353579,0.0589070668037943,0.1039753528125621,0.1152123070405999,0.0563702189283584,0.028969074878898,0.3707407786012437,0.0583318491677734,35.5,4.672615256292063,15.7,7.9,4.4,1.3,3.7,1.2,2.1,2.1,5.6,11.0,,3.2,4.8,,2.3,5.6,3.0,-3.4,0.4406011986584873,0.1436425522579795,0.2234835702337829,0.0842422429169413,0.1236824127192108,0.0528946154287311,0.0358190148122082,0.0316541158759872,0.1032532347460736,0.0349555848756467,0.3099848727851422,0.0694150710473338,0.1347995348278955,0.1069788157202446,0.0595026035103318,0.0418870514637345,0.428799271619748,0.0864080032676194,,,,DET,True,37.599222222222224,16.32061407867495,8.138428364389235,4.832244513457557,1.422788612836439,1.1676777087646653,2.3353554175293305,2.218587646652864,29.29128695652174,24.459042443064185,21.152858592132507,12.970672877846791,3.503033126293996,13.766,7.334,3.66,1.734,24.76,0.752,0.73,1.53,6.042122474760007,2.91452294552642,1.7664653973401234,1.359133547522097,6.65209741359821,0.8686172920222116,0.8608716512930368,1.2397983707038818
4683747,Jaylon Tyson,CLE,2026-05-15,1.0,2.0,3.0,7.0,15.0,0,0,0,0,0,0,0,1,0,1,,0,0,,0,0,0,-7,3.0,0.0,0.0,0.0,0.0,0.0,0.3333333333333333,0.0,0.3333333333333333,0.6666666666666666,0.0,8.333333333333334,5.507570547286101,1.3333333333333333,1.6666666666666667,0.6666666666666666,0.3333333333333333,1.3333333333333333,0.0,0.3333333333333333,0.6666666666666666,0.3333333333333333,1.6666666666666667,,0.3333333333333333,0.6666666666666666,,0.3333333333333333,1.3333333333333333,0.0,-4.0,0.1130952380952381,0.1076377459525309,0.1726190476190476,0.1892632511379124,0.0476190476190476,0.0824786098842322,0.0238095238095238,0.0412393049421161,0.1130952380952381,0.1076377459525304,0.2242063492063492,0.1045203745322691,0.0833333333333333,0.1443375672974064,0.1349206349206349,0.175502733234095,0.3957936507936508,0.2359494177572491,13.0,7.615773105863908,2.2,3.0,0.8,0.2,1.2,0.0,0.2,0.6,0.8,2.6,,0.4,0.8,,0.6,2.4,0.6,-1.2,0.1314935064935065,0.1381397168799014,0.2045815295815296,0.1419317956140015,0.0487734487734487,0.0584518010727443,0.0142857142857142,0.031943828249997,0.086038961038961,0.0905460049830152,0.2092712842712842,0.1204244737686864,0.0681818181818181,0.10899617098438,0.092063492063492,0.1386733020681168,0.3313347763347763,0.2079833655307356,15.0,5.868938953886335,5.3,3.6,1.7,0.8,2.5,0.1,0.1,0.7,2.0,4.7,,0.5,1.0,,1.0,2.6,1.4,-0.3,0.3194844629055155,0.2577677858181135,0.2186610173452278,0.1401698882145957,0.1045739713502871,0.0953646583583881,0.0527906304222093,0.0689079550062828,0.1630900897348265,0.1349807329013699,0.3075238723265039,0.1472524147432136,0.0626623376623376,0.1121167200624488,0.0680555555555555,0.1041789486334565,0.4031508564534879,0.1649806502309847,,,,DET,True,12.036111111111111,3.047721393034826,2.740363184079602,1.0286094527363183,0.4014651741293533,0.0,0.0898217247097844,0.6287520729684909,6.816694029850748,5.788084577114429,4.076330845771144,3.7689726368159207,0.0898217247097844,4.198,3.014,1.33,0.57,8.542,0.088,0.072,0.464,3.3230702670873518,1.750943745526966,1.1371455491712572,0.7383088784512888,4.027931975592438,0.3037367281051141,0.2661127580556783,0.7019287713151529
4701233,Craig Porter Jr.,CLE,2026-05-15,1.0,2.0,3.0,7.0,15.0,0,0,0,0,0,0,0,0,0,0,,0,0,,0,0,0,0,0.0,,,,,,,,,,0.0,0.0,0.0,0.0,0.0,0.0,0.0,0.0,0.0,0.0,0.3333333333333333,0.0,0.0,,0.0,0.0,,0.0,0.0,0.0,-1.3333333333333333,,,,,,,,,,,,,,,,,,,0.0,0.0,0.0,0.0,0.0,0.0,0.0,0.0,0.0,0.2,0.0,0.0,,0.0,0.0,,0.0,0.0,0.0,-0.8,,,,,,,,,,,,,,,,,,,0.3,0.9486832980505177,0.0,0.0,0.0,0.0,0.1,0.0,0.0,0.1,0.0,0.1,,0.0,0.0,,0.0,0.0,0.0,-0.4,0.0,,0.0,,0.0,,0.0,,0.3333333333333333,,0.3333333333333333,,0.0,,0.0,,0.3333333333333333,,,,,DET,True,8.0,0.0,0.0,0.0,0.0,0.176,0.144,0.48,0.0,0.0,0.0,0.0,0.3199999999999999,0.0,0.0,0.002,0.0,0.002,0.03,0.014,0.052,7.5,3.0,0.25,1.3,0.25,0.25,0.25,0.25
4702177,Keon Ellis,CLE,2026-05-15,1.0,2.0,3.0,7.0,15.0,0,0,0,0,0,0,0,0,0,0,,0,0,,0,0,0,0,0.0,,,,,,,,,,0.0,0.0,0.0,0.0,0.0,0.0,0.0,0.0,0.0,0.0,0.0,0.0,0.0,,0.0,0.0,,0.0,0.0,0.0,-1.3333333333333333,,,,,,,,,,,,,,,,,,,3.4,4.979959839195494,1.2,0.6,0.0,0.4,0.8,0.4,0.0,0.0,0.4,1.0,,0.0,0.0,,0.2,0.4,0.2,-2.0,0.3863636363636363,0.1607060866333062,0.1363636363636363,0.1928473039599675,0.0,0.0,0.1287878787878787,0.0535686955444354,0.2196969696969696,0.0749961737622095,0.2651515151515151,0.139278608415532,0.0,0.0,0.0,0.0,0.2651515151515151,0.139278608415532,3.6,5.460972644339304,0.6,0.9,0.1,0.2,0.5,0.2,0.1,0.1,0.2,0.6,,0.0,0.0,,0.3,0.6,0.3,-1.2,0.1931818181818181,0.2415942230166965,0.2598484848484848,0.2044556480740621,0.0625,0.125,0.0643939393939393,0.0805314076722321,0.1723484848484848,0.1236149156975812,0.1950757575757575,0.1530696769028542,0.0,0.0,0.0166666666666666,0.0333333333333333,0.2117424242424242,0.1259817583153275,,,,DET,True,7.65,1.5274285714285714,1.2488571428571429,0.2265714285714285,0.5091428571428571,0.7285714285714285,0.0,0.0,3.0028571428571422,2.776285714285714,1.754,1.475428571428571,0.7285714285714285,1.128,0.898,0.184,0.22,2.21,0.15,0.05,0.064,1.779779761655919,0.9357328678634732,0.4124851512478965,0.4728636167014756,2.1367966679120407,0.3681032463861192,0.25,0.2681492121935098
5023693,Tyrese Proctor,CLE,2026-05-15,1.0,2.0,3.0,7.0,15.0,0,0,0,0,0,0,0,0,0,0,,0,0,,0,0,0,0,0.0,,,,,,,,,,0.0,0.0,0.0,0.0,0.0,0.0,0.0,0.0,0.0,0.0,0.3333333333333333,0.0,0.0,,0.0,0.0,,0.0,0.0,0.0,-1.3333333333333333,,,,,,,,,,,,,,,,,,,0.0,0.0,0.0,0.0,0.0,0.0,0.0,0.0,0.0,0.2,0.0,0.0,,0.0,0.0,,0.0,0.0,0.0,-0.8,,,,,,,,,,,,,,,,,,,0.3,0.9486832980505404,0.2,0.0,0.0,0.0,0.0,0.0,0.0,0.1,0.0,0.0,,0.2,0.2,,0.0,0.0,0.0,-0.4,0.6666666666666666,,0.0,,0.0,,0.0,,0.0,,0.0,,0.6666666666666666,,0.0,,0.2933333333333333,,,,,DET,True,8.0,0.04,0.0,0.0,0.0,0.176,0.144,0.48,0.04,0.04,0.04,0.0,0.3199999999999999,0.0,0.002,0.0,0.0,0.002,0.024,0.016,0.058,7.5,0.25,2.5,1.3,0.25,0.25,0.25,0.2581394971715874
5106268,Nae'Qwan Tomlin,CLE,2026-05-15,1.0,2.0,3.0,7.0,15.0,0,0,0,0,0,0,0,0,0,0,,0,0,,0,0,0,0,0.0,,,,,,,,,,0.0,0.0,0.0,0.0,0.0,0.0,0.0,0.0,0.0,0.0,0.0,0.0,0.0,,0.0,0.0,,0.0,0.0,0.0,-1.3333333333333333,,,,,,,,,,,,,,,,,,,0.0,0.0,0.0,0.0,0.0,0.0,0.0,0.0,0.0,0.0,0.0,0.0,,0.0,0.0,,0.0,0.0,0.0,-0.8,,,,,,,,,,,,,,,,,,,0.3,0.9486832980505108,0.0,0.1,0.1,0.0,0.0,0.0,0.0,0.0,0.0,0.1,,0.0,0.0,,0.1,0.0,0.0,-0.4,0.0,,0.3333333333333333,,0.3333333333333333,,0.0,,0.0,,0.3333333333333333,,0.0,,0.0,,0.3333333333333333,,,,,DET,True,8.0,0.0,0.02,0.02,0.0,0.176,0.144,0.48,0.04,0.02,0.02,0.04,0.3199999999999999,0.004,0.03,0.022,0.0,0.056,0.034,0.014,0.054,0.25,0.25,0.25,1.3,0.25,0.25,0.25,0.25
5177362,Riley Minix,CLE,2026-05-15,1.0,6.0,1.0,1.0,4.0,0,0,0,0,0,0,0,0,0,0,,0,0,,0,0,0,0,0.0,,,,,,,,,,0.0,11.0,12.767145334803704,5.333333333333333,0.3333333333333333,0.3333333333333333,0.3333333333333333,2.0,0.3333333333333333,0.3333333333333333,0.3333333333333333,2.0,3.6666666666666665,,1.0,1.0,,0.0,0.3333333333333333,0.6666666666666666,8.0,0.49,0.0141421356237309,0.02,0.0282842712474619,0.02,0.0282842712474619,0.02,0.0282842712474619,0.1625,0.053033008588991,0.305,0.0777817459305202,0.145,0.1484924240491749,0.02,0.0282842712474619,0.3888,0.0407293505963451,11.0,12.767145334803704,5.333333333333333,0.3333333333333333,0.3333333333333333,0.3333333333333333,2.0,0.3333333333333333,0.3333333333333333,0.3333333333333333,2.0,3.6666666666666665,,1.0,1.0,,0.0,0.3333333333333333,0.6666666666666666,8.0,0.49,0.0141421356237309,0.02,0.0282842712474619,0.02,0.0282842712474619,0.02,0.0282842712474619,0.1625,0.053033008588991,0.305,0.0777817459305202,0.145,0.1484924240491749,0.02,0.0282842712474619,0.3888,0.0407293505963451,11.0,12.767145334803704,5.333333333333333,0.3333333333333333,0.3333333333333333,0.3333333333333333,2.0,0.3333333333333333,0.3333333333333333,0.3333333333333333,2.0,3.6666666666666665,,1.0,1.0,,0.0,0.3333333333333333,0.6666666666666666,8.0,0.49,0.0141421356237309,0.02,0.0282842712474619,0.02,0.0282842712474619,0.02,0.0282842712474619,0.1625,0.053033008588991,0.305,0.0777817459305202,0.145,0.1484924240491749,0.02,0.0282842712474619,0.3888,0.0407293505963451,,,,DET,True,9.35,4.533333333333333,0.2833333333333333,0.2833333333333333,0.2833333333333333,0.2057,0.1682999999999999,0.5609999999999999,5.1,4.816666666666666,4.816666666666666,0.5666666666666667,0.374,4.196,0.704,0.514,0.452,5.414,0.18,0.122,0.442,3.260917662253986,0.8248539264621343,0.688334221145513,0.6983523465987639,3.4920773187316456,0.428485705712571,0.3451318588597697,0.6772266976426727
6440,Tobias Harris,DET,2026-05-15,0.0,2.0,3.0,7.0,15.0,13,6,3,1,7,1,1,0,6,19,,0,0,,2,4,5,-2,40.0,0.325,0.15,0.075,0.025,0.175,0.475,0.0,0.0,0.475,0.0,38.0,1.9999999999999984,16.666666666666668,6.333333333333333,2.6666666666666665,1.6666666666666667,5.0,1.0,0.6666666666666666,0.3333333333333333,6.333333333333333,16.666666666666668,,2.333333333333333,2.333333333333333,,1.6666666666666667,4.666666666666667,2.6666666666666665,-3.6666666666666665,0.4406920077972709,0.1138621733461614,0.167933723196881,0.0479089202532492,0.0712962962962963,0.0695184790544295,0.0443957115009746,0.0168606829124174,0.1309454191033138,0.0485165027849906,0.4385477582846004,0.0607473879821578,0.0623781676413255,0.0660542646193273,0.0087719298245614,0.015193428136569,0.474766081871345,0.0220184757846628,38.0,1.5811388300841942,18.2,6.8,1.8,1.6,4.6,1.4,0.8,0.8,6.8,16.0,,3.0,3.4,,1.4,5.4,2.2,0.6,0.4804928207559786,0.0991319756451805,0.1796237127816075,0.0378895576574176,0.0479059829059829,0.0593668039854181,0.0425764428396007,0.0157879573315618,0.1204244933192301,0.0407682906460499,0.4214100132521185,0.0554105176328986,0.0892633524212471,0.0799361151405715,0.0209249735565525,0.0215844687074163,0.4816108618740197,0.0191711260815059,36.8,2.529822128134708,20.9,7.4,1.4,1.8,5.1,1.5,0.6,0.8,7.7,16.9,,3.7,4.6,,1.0,6.4,2.5,2.8,0.5733372018728555,0.1412195857049333,0.2024980072518272,0.0455608031223169,0.0379975113548967,0.044760551261332,0.0489292325497758,0.0365011114293256,0.137830351060402,0.0416770200683068,0.4620777934317832,0.0686498570533002,0.1266734742541194,0.0793624128512866,0.0219547928121782,0.0168448325271678,0.5397689149157741,0.0813549678158631,,,,CLE,False,37.619,19.819083152173917,7.202814130434783,1.7226945652173913,1.7320358695652176,1.533383152173913,0.6133532608695652,0.817804347826087,28.74459184782609,27.0218972826087,21.541777717391305,8.925508695652175,2.1467364130434783,16.77,7.006,2.01,1.758,25.786,0.972,0.268,0.814,6.094349842271939,2.577200807077322,1.460787458872782,1.3264373336121085,6.60334793873532,1.0115413980653485,0.5405330702186499,0.8896089028331495
2596112,Javonte Green,DET,2026-05-15,0.0,2.0,3.0,7.0,15.0,0,0,0,0,0,0,0,0,0,0,,0,0,,0,0,0,0,0.0,,,,,,,,,,0.0,5.666666666666667,5.507570547286099,1.0,0.6666666666666666,0.0,0.3333333333333333,1.3333333333333333,0.0,0.0,0.0,0.3333333333333333,1.6666666666666667,,0.0,0.0,,0.3333333333333333,0.3333333333333333,1.0,-1.3333333333333333,0.1363636363636363,0.1928473039599677,0.0909090909090909,0.128564869306645,0.0,0.0,0.0454545454545454,0.0642824346533226,0.1818181818181818,0.2571297386132897,0.2272727272727272,0.3214121732666125,0.0,0.0,0.0,0.0,0.2272727272727272,0.3214121732666123,4.8,4.086563348340508,1.2,0.6,0.0,0.4,1.4,0.0,0.0,0.0,0.4,1.6,,0.0,0.0,,0.2,0.4,0.6,-1.6,0.3181818181818182,0.4723774929733302,0.1287878787878788,0.1610628153444643,0.0,0.0,0.106060606060606,0.1574591643244433,0.3409090909090909,0.4716479520082843,0.3636363636363636,0.475284458829034,0.0,0.0,0.0,0.0,0.3636363636363636,0.475284458829034,10.5,7.16860438920219,2.5,1.4,0.2,0.7,2.5,0.3,0.2,0.2,0.9,2.8,,0.0,0.0,,0.1,1.3,1.0,0.3,0.2639259480691706,0.308029140167278,0.1346968036226348,0.119585658192453,0.0122383252818035,0.0249670136413962,0.078679745943173,0.102609198949268,0.2694206712109525,0.3116088999781882,0.2934650364317883,0.3149592047297612,0.0,0.0,0.0096618357487922,0.0289855072463768,0.3031268721805806,0.3151679918297865,,,,CLE,False,9.283333333333331,1.814190476190476,1.0186666666666666,0.122095238095238,0.5233333333333334,0.2652380952380952,0.1768253968253968,0.1768253968253968,2.9549523809523808,2.8328571428571427,1.9362857142857144,1.1407619047619046,0.442063492063492,2.862,1.134,0.27,0.426,4.266,0.178,0.068,0.168,2.7259779896396816,1.0936379656906576,0.5070502933634887,0.6484782186010568,3.0297267203495437,0.4408128854740978,0.2595688733265219,0.4046924758381356
2991043,Caris LeVert,DET,2026-05-15,0.0,2.0,3.0,7.0,15.0,7,1,1,0,3,1,1,0,2,7,,3,3,,0,1,4,-7,24.0,0.2916666666666667,0.0416666666666666,0.0416666666666666,0.0,0.125,0.2916666666666667,0.125,0.0,0.3466666666666667,0.0,24.0,7.000000000000001,12.333333333333334,2.333333333333333,1.3333333333333333,1.0,3.0,2.0,0.6666666666666666,0.3333333333333333,4.666666666666667,9.666666666666666,,2.0,2.0,,1.3333333333333333,1.0,2.0,-0.6666666666666666,0.4729337971747839,0.2626913010803864,0.0961153278515707,0.0474962968983962,0.0461469534050179,0.048542413013555,0.032258064516129,0.0558726066957702,0.1061827956989247,0.0981366899799559,0.3869122917984398,0.116023126570461,0.0916350411132194,0.0515532292717413,0.0196078431372549,0.0339617805405662,0.4468395530255113,0.0929585242103689,18.8,8.78635305459552,9.0,2.2,1.0,1.0,2.4,1.2,0.4,0.2,3.4,7.0,,1.2,1.2,,1.0,1.2,1.4,2.0,0.4068372013817934,0.3000534333949174,0.1328828719246176,0.0651696479009429,0.0430727874276261,0.0439948585843791,0.0501240694789082,0.0715397999098457,0.1098635235732009,0.1072269170474335,0.331292674224363,0.147924465145281,0.0549810246679316,0.062031942998094,0.0117647058823529,0.0263066820882328,0.3672490309606059,0.159839569786803,15.3,10.677598564804311,5.1,2.0,1.0,0.5,1.5,0.6,0.4,0.5,2.0,4.6,,0.6,0.6,,0.6,1.4,1.2,2.3,0.299354000767663,0.2837242133059647,0.137157151069232,0.0812933449612804,0.0461515485709034,0.048281500717062,0.0278467052660601,0.0570689633717638,0.0921464019851116,0.0956045118106156,0.2918292634579795,0.1339411710574265,0.0305450137044064,0.0525707052648291,0.0476470588235294,0.0817985541449701,0.3529161283114477,0.1428311342919329,,,,CLE,False,19.236,7.4152,2.3167058823529407,1.1943529411764704,0.6771764705882353,0.7543529411764704,0.5029019607843136,0.6286274509803921,10.92625882352941,9.73190588235294,8.60955294117647,3.511058823529411,1.257254901960784,8.73,3.274,1.734,0.95,13.738,0.574,0.188,0.648,4.329099213462311,1.849033260923124,1.3278719817813762,0.9630680142129112,4.78595403237432,0.7978245421143674,0.4250364690235416,0.8149208550528082
3157465,Duncan Robinson,DET,2026-05-15,0.0,4.0,2.0,6.0,14.0,4,1,1,1,2,0,0,1,1,2,,1,2,,0,1,4,-19,29.0,0.1379310344827586,0.0344827586206896,0.0344827586206896,0.0344827586206896,0.0689655172413793,0.0689655172413793,0.0689655172413793,0.0344827586206896,0.1337931034482758,0.0,34.0,4.358898943540677,12.0,2.333333333333333,2.6666666666666665,3.333333333333333,6.0,2.6666666666666665,0.3333333333333333,0.6666666666666666,4.0,7.666666666666667,,0.6666666666666666,1.3333333333333333,,0.0,2.333333333333333,2.6666666666666665,-4.333333333333333,0.3380190535362949,0.1745973003953038,0.066299057678368,0.0275767261354146,0.0755583169376272,0.0386115500101619,0.0935763349556453,0.0525673520887075,0.1688844016430223,0.0899064418498647,0.2144299471885678,0.1313428779243939,0.0415070242656449,0.0365661259315974,0.0205032618825722,0.0181434504510082,0.2531962997480239,0.1103245691015562,33.2,4.324349662087932,13.0,2.6,2.6,3.4,7.2,2.6,0.2,0.6,4.6,9.6,,0.4,1.0,,0.2,2.4,3.0,1.6,0.3940812733916182,0.2030138564126885,0.0731127679403541,0.0627655167948361,0.0762873711149573,0.027643044633009,0.102971197798784,0.0586410295291944,0.2140290536842261,0.0887174274180805,0.2865944762496487,0.1376909989690726,0.0320470717022441,0.0315558968423302,0.0178575126850988,0.0165580190073545,0.3185527004837349,0.1203259828604805,31.6,4.35124503255486,11.8,2.8,2.3,3.1,7.2,1.6,0.3,0.9,4.0,9.2,,0.7,1.2,,0.4,2.4,3.0,3.3,0.3750317423334665,0.1490624350797679,0.0846435487211349,0.0673923464756143,0.0705663046050977,0.0352332417997408,0.0981342715868578,0.0455466313547608,0.2267041820145268,0.0618992267965871,0.2901354291483602,0.0926941419624838,0.0407415161466885,0.0313713668435314,0.0281825877601739,0.0224357691517216,0.3362442840130771,0.0856541885211586,,,,CLE,False,32.16294444444445,11.782587323943662,2.4228974178403755,2.28699765258216,3.086596713615023,1.5854972613458531,0.2264996087636932,0.7927486306729266,16.492482394366196,14.205484741784035,14.069584976525825,4.709895070422535,1.8119968701095464,16.196,3.968,2.56,2.58,22.724,0.97,0.152,0.822,6.236151377251838,1.9583094750319725,1.6032467059064863,1.5644807445283564,6.754540991066676,0.980357077803797,0.3858704445795247,0.8934853104556336
4066372,Kevin Huerter,DET,2026-05-15,0.0,2.0,1.0,2.0,9.0,0,0,1,0,0,0,0,0,0,0,,0,0,,0,0,0,-4,3.0,0.0,0.0,0.3333333333333333,0.0,0.0,0.0,0.0,0.0,0.0,0.0,2.0,1.732050807568897,0.0,0.3333333333333333,0.3333333333333333,0.0,0.0,0.0,0.0,0.0,0.0,0.0,,0.0,0.0,,0.0,0.3333333333333333,0.0,0.6666666666666666,0.0,0.0,0.1666666666666666,0.2357022603955158,0.1666666666666666,0.2357022603955158,0.0,0.0,0.0,0.0,0.0,0.0,0.0,0.0,0.0,0.0,0.0,0.0,5.4,5.770615218501403,0.6,0.6,1.2,0.2,0.6,0.2,0.0,0.4,0.2,0.8,,0.0,0.0,,0.0,0.6,0.2,-0.6,0.125,0.2499999999999999,0.1416666666666666,0.1449776483411098,0.1666666666666666,0.1924500897298752,0.0416666666666666,0.0833333333333333,0.0999999999999999,0.1586984095231744,0.1166666666666666,0.1575271875417536,0.0,0.0,0.0833333333333333,0.1666666666666666,0.1999999999999999,0.3173968190463488,10.125,7.918107638282557,3.25,1.25,1.625,0.75,1.875,0.75,0.125,0.25,1.125,2.75,,0.25,0.25,,0.0,1.25,0.25,1.75,0.2470238095238095,0.2917729398225586,0.1378968253968253,0.1062438399500736,0.1513888888888888,0.1429071506388106,0.0621031746031746,0.0710314689184982,0.1498015873015873,0.146329465967143,0.206547619047619,0.1851528576280438,0.0142857142857142,0.0377964473009227,0.0476190476190476,0.1259881576697424,0.2604523809523809,0.2610057952082197,,,,CLE,False,7.65,0.344,0.6611428571428571,1.7094285714285713,0.088,0.3642857142857142,0.0,0.0,2.7145714285714284,1.0051428571428571,2.0534285714285714,2.370571428571429,0.3642857142857142,1.35,0.8,1.242,0.194,3.392,0.22,0.004,0.028,1.816452586774563,0.9077444574328174,1.138172218954583,0.4340092164920003,2.34741048817628,0.4422668877499196,0.25,0.25
4278562,Paul Reed,DET,2026-05-15,0.0,2.0,3.0,7.0,15.0,10,8,1,0,0,0,2,1,4,7,,2,2,,4,4,3,0,17.0,0.5882352941176471,0.4705882352941176,0.0588235294117647,0.0,0.0,0.4117647058823529,0.1176470588235294,0.0588235294117647,0.5223529411764706,0.0,13.666666666666666,3.5118845842842457,12.0,5.0,1.0,0.3333333333333333,0.6666666666666666,0.3333333333333333,0.6666666666666666,1.0,5.0,6.666666666666667,,1.6666666666666667,2.333333333333333,,2.6666666666666665,2.333333333333333,2.0,2.6666666666666665,0.9198879551820728,0.2875746813020737,0.3521008403361345,0.1028613993736722,0.0672268907563025,0.0717983508009876,0.0238095238095238,0.0412393049421161,0.0476190476190476,0.0824786098842322,0.484873949579832,0.1369438538040196,0.1868347338935574,0.0988112856608592,0.076750700280112,0.0210978488040902,0.6438319327731093,0.1278063820566098,8.2,7.886697661252143,7.2,3.0,0.6,0.2,0.4,0.2,0.4,0.6,3.0,4.0,,1.0,1.4,,1.6,1.4,1.2,1.6,0.9198879551820728,0.2875746813020736,0.3521008403361345,0.1028613993736721,0.0672268907563025,0.0717983508009876,0.0238095238095238,0.0412393049421161,0.0476190476190476,0.0824786098842322,0.484873949579832,0.1369438538040196,0.1868347338935574,0.0988112856608592,0.076750700280112,0.0210978488040902,0.6438319327731093,0.1278063820566098,6.1,6.556591255285698,4.6,2.6,0.3,0.1,0.4,0.1,0.5,0.4,1.9,2.8,,0.7,0.9,,1.2,1.4,1.2,1.1,0.6460911637382225,0.4058148511716649,0.3860071301247771,0.2477101758124337,0.0336134453781512,0.0584622760703397,0.0119047619047619,0.0291605921759902,0.0541125541125541,0.0847313441761323,0.4578049401578813,0.1012009625265437,0.123720397249809,0.1144258928572543,0.0535268652915711,0.0438997936009922,0.5657687802393685,0.1225349352352851,,,,CLE,False,10.539333333333332,8.184616393442623,4.403304918032787,0.5989967213114754,0.1796655737704918,0.172775956284153,0.8638797814207652,0.6911038251366121,13.186918032786885,12.587921311475409,8.783613114754099,5.002301639344262,1.036655737704918,5.686,3.324,0.75,0.27,9.76,0.142,0.202,0.45,3.390487280613216,1.9086707416419415,0.852936105461599,0.51487862647424,4.039108812597156,0.3547337029378516,0.4349666653894296,0.6808083430746131
4397882,Tolu Smith,DET,2026-05-15,0.0,2.0,3.0,7.0,15.0,0,0,0,0,0,0,0,0,0,0,,0,0,,0,0,0,0,0.0,,,,,,,,,,0.0,0.0,0.0,0.0,0.0,0.0,0.0,0.0,0.0,0.0,0.0,0.0,0.0,,0.0,0.0,,0.0,0.0,0.0,0.0,,,,,,,,,,,,,,,,,,,0.0,0.0,0.0,0.0,0.0,0.0,0.0,0.0,0.0,0.0,0.0,0.0,,0.0,0.0,,0.0,0.0,0.0,0.0,,,,,,,,,,,,,,,,,,,0.1,0.316227766016838,0.0,0.0,0.0,0.0,0.0,0.0,0.0,0.0,0.0,0.0,,0.0,0.0,,0.0,0.0,0.0,0.0,0.0,,0.0,,0.0,,0.0,,0.0,,0.0,,0.0,,0.0,,0.0,,,,,CLE,False,5.55,0.0,0.0,0.0,0.0,0.1220999999999999,0.0998999999999999,0.3329999999999999,0.0,0.0,0.0,0.0,0.2219999999999999,0.0,0.0,0.0,0.0,0.0,0.018,0.008,0.014,7.5,3.0,2.5,1.3,9.0,0.25,0.25,0.25
4432107,Marcus Sasser,DET,2026-05-15,0.0,2.0,3.0,7.0,15.0,2,2,0,0,1,0,0,1,1,2,,0,0,,1,1,1,9,16.0,0.125,0.125,0.0,0.0,0.0625,0.125,0.0,0.0625,0.1875,0.0,6.333333333333333,8.504900548115383,3.0,0.6666666666666666,0.0,0.3333333333333333,1.0,0.3333333333333333,0.0,0.3333333333333333,1.3333333333333333,2.0,,0.0,0.0,,0.3333333333333333,0.3333333333333333,0.3333333333333333,5.666666666666667,1.2291666666666667,1.5615274751202926,0.0625,0.0883883476483184,0.0,0.0,0.1666666666666666,0.2357022603955158,0.3645833333333333,0.4272103469668724,0.7291666666666666,0.8544206939337449,0.0,0.0,0.03125,0.0441941738241592,0.7604166666666666,0.8102265201095856,3.8,6.942621983083912,1.8,0.4,0.0,0.2,0.6,0.2,0.0,0.2,0.8,1.2,,0.0,0.0,,0.2,0.2,0.2,3.4,1.2291666666666667,1.5615274751202926,0.0625,0.0883883476483184,0.0,0.0,0.1666666666666666,0.2357022603955158,0.3645833333333333,0.4272103469668724,0.7291666666666666,0.8544206939337449,0.0,0.0,0.03125,0.0441941738241592,0.7604166666666666,0.8102265201095856,2.0,5.011098792790969,0.9,0.2,0.1,0.1,0.3,0.1,0.0,0.1,0.4,0.6,,0.0,0.0,,0.1,0.1,0.1,1.7,0.8194444444444445,1.312555113481307,0.0416666666666666,0.0721687836487032,0.3333333333333333,0.5773502691896258,0.1111111111111111,0.1924500897298752,0.2430555555555555,0.3681865594947656,0.4861111111111111,0.7363731189895313,0.0,0.0,0.0208333333333333,0.0360843918243516,0.5069444444444444,0.7217880639490093,,,,CLE,False,7.533333333333333,2.838,0.724,0.2339999999999999,0.3019999999999999,0.3766666666666666,0.0,0.3766666666666666,3.796,3.5620000000000003,3.072,0.958,0.3766666666666666,2.698,0.68,0.332,0.268,3.71,0.188,0.002,0.242,2.6485460162134244,0.828009661779378,0.5232360843825663,0.521704897427655,2.825225654704417,0.4203046514137097,0.25,0.4641508375517597
4432166,Cade Cunningham,DET,2026-05-15,0.0,2.0,3.0,7.0,15.0,39,7,9,6,10,2,0,6,13,27,,7,8,,1,6,4,-4,48.0,0.8125,0.1458333333333333,0.1875,0.125,0.2083333333333333,0.5625,0.1666666666666666,0.125,0.7608333333333333,0.0,42.0,5.196152422706632,28.33333333333333,6.666666666666667,8.333333333333334,3.333333333333333,7.0,1.3333333333333333,0.0,6.333333333333333,10.0,23.33333333333333,,5.0,5.666666666666667,,2.333333333333333,4.333333333333333,4.0,-7.0,0.6639957264957265,0.1644978254310792,0.1597222222222222,0.090546053619093,0.1992521367521367,0.0522822467227223,0.0758547008547008,0.0425610775364147,0.1634615384615384,0.0409203376115503,0.5550213675213675,0.1411742854931655,0.1324786324786324,0.0485376781692329,0.1527777777777777,0.0453651148409447,0.7660897435897436,0.1964630021396661,42.0,3.6742346141747664,26.6,5.2,8.4,3.0,6.4,1.4,0.4,5.6,8.6,20.6,,6.4,7.2,,1.4,3.8,3.4,0.8,0.6269688644688645,0.1279992869392756,0.1244047619047619,0.0802373014509909,0.200503663003663,0.0448041137553278,0.0693223443223443,0.0325052879087895,0.1504578754578754,0.0350021754997132,0.4901556776556776,0.1400921201233352,0.1699633699633699,0.0667104272106897,0.1345238095238095,0.0415285720279091,0.6994633699633699,0.1721269132872541,41.5,2.877112750272016,29.4,5.5,7.7,3.2,7.1,1.2,0.7,5.9,9.1,21.3,,8.0,9.1,,1.3,4.2,3.5,3.8,0.7039551403880673,0.1562591131720281,0.132938961445059,0.081748226360879,0.1868633906743662,0.0702400836134163,0.0760525044061629,0.0286468643401094,0.170914552926748,0.0585080593880115,0.5133382369662858,0.1017862715523714,0.2186045661655417,0.0721954615621347,0.1431425282035038,0.048226142755704,0.752666774282628,0.1415465536939954,,,,CLE,False,42.345,29.81517590361446,5.755192771084337,8.046069879518072,3.3950939759036145,1.224433734939759,0.7142530120481928,6.020132530120482,43.61643855421687,35.5703686746988,37.86124578313253,13.801262650602409,1.938686746987952,20.738,5.806,4.398,2.784,30.942,0.776,0.264,2.686,7.255160646050506,2.500472755300485,2.2252181915488647,1.609143871752927,7.936412035674558,0.8496022598840001,0.5003039076401463,1.6010633966211332
4432810,Isaiah Stewart,DET,2026-05-15,0.0,2.0,3.0,7.0,15.0,8,2,1,2,3,0,1,0,3,5,,0,0,,2,0,2,12,11.0,0.7272727272727273,0.1818181818181818,0.0909090909090909,0.1818181818181818,0.2727272727272727,0.4545454545454545,0.0,0.0,0.4545454545454545,0.0,9.0,2.0000000000000027,5.333333333333333,2.333333333333333,0.3333333333333333,0.6666666666666666,1.0,0.0,0.3333333333333333,0.3333333333333333,2.333333333333333,3.6666666666666665,,0.0,0.0,,1.3333333333333333,1.0,2.333333333333333,4.666666666666667,0.581048581048581,0.1416593372521402,0.2775372775372775,0.132350321889287,0.0303030303030303,0.0524863881081478,0.0606060606060606,0.1049727762162956,0.0909090909090909,0.1574591643244433,0.4054834054834055,0.0638191757214888,0.0,0.0,0.0476190476190476,0.0824786098842322,0.453102453102453,0.1190541779644058,11.0,3.162277660168378,4.8,2.4,0.4,0.4,0.6,0.0,0.2,0.6,2.0,2.8,,0.4,0.4,,1.4,1.0,2.8,2.2,0.4676035076035075,0.2182415083793006,0.2393428793428793,0.1126068191359953,0.0335664335664335,0.0462279549119955,0.0363636363636363,0.0813115628181741,0.0545454545454545,0.1219673442272612,0.2873926073926073,0.1706873459903312,0.0307692307692307,0.0688020916153781,0.0593406593406593,0.081348375926689,0.3602717282717282,0.1875051709662649,12.0,4.294699575575044,4.0,2.4,0.3,0.3,0.5,0.0,1.1,0.6,1.5,2.6,,0.7,1.1,,1.1,1.3,2.6,1.2,0.3308605773311656,0.2439373089801551,0.199818498494969,0.1103724993066049,0.0226655697243932,0.0372745812650664,0.0240641711229946,0.0584306003675,0.0381550802139037,0.0854935159597359,0.2322257154610096,0.1464713573934163,0.0696983408748114,0.0906824117064781,0.0539350355526826,0.0702794044176498,0.3168280209986092,0.1741745840098498,,,,CLE,False,11.09,4.33,2.2588,0.34635,0.4463499999999999,0.0,1.0165833333333334,0.5545,6.93515,6.5888,4.67635,2.60515,1.0165833333333334,4.414,2.472,0.622,0.476,7.508,0.042,0.228,0.39,3.418567536264276,1.479599945931332,0.7530710457851902,0.690958754195936,3.8597844499401774,0.25,0.4858147795199319,0.6212084996198941
4433621,Jalen Duren,DET,2026-05-15,0.0,2.0,3.0,7.0,14.0,9,5,4,0,0,1,0,0,3,5,,3,4,,1,4,2,-16,25.0,0.36,0.2,0.16,0.0,0.0,0.2,0.16,0.0,0.2704,0.0,27.0,2.0000000000000044,9.333333333333334,3.6666666666666665,2.333333333333333,0.0,0.0,1.6666666666666667,0.3333333333333333,2.333333333333333,4.0,7.0,,1.3333333333333333,2.0,,1.0,2.6666666666666665,3.333333333333333,-14.0,0.3452022137079608,0.0434403490173299,0.1373350361856108,0.0629650785400378,0.0895189442315879,0.0641681578472131,0.0,0.0,0.0,0.0,0.2573861217539379,0.0507372115820314,0.0763218390804597,0.0802532653743765,0.0838654746700723,0.0759906772362594,0.3748332056194125,0.0920993712739969,29.8,4.1472882706655465,9.4,6.6,2.4,0.0,0.0,1.0,0.6,2.0,3.6,7.8,,2.2,3.2,,2.4,4.2,2.6,-3.8,0.3184633195667678,0.0541258414801743,0.2115785108888557,0.1118738042801885,0.0826291154567016,0.0550401526650812,0.0,0.0,0.0,0.0,0.259713058333748,0.0510096358136096,0.105013882669055,0.0730337944579185,0.0681547826375412,0.0589776837233915,0.3740739493456734,0.0666813722782208,30.4,3.864367132317183,10.2,8.3,2.2,0.0,0.0,0.7,1.1,2.3,3.9,7.8,,2.4,3.1,,3.5,4.8,3.7,0.3,0.3359686502300518,0.0651715146933036,0.2657374380740621,0.1012183015418281,0.0730716460378585,0.0424926194317875,0.0,0.0,0.0,0.0,0.25720291356971,0.057871799028199,0.0999928921470912,0.061300829662765,0.0767577156523207,0.0455403926168912,0.3779575017667509,0.0685209365468443,,,,CLE,False,29.074,9.645055263157897,7.090780263157894,2.2944236842105266,0.0,0.6694671052631578,1.0520197368421051,2.1996776315789472,19.03025921052632,16.73583552631579,11.93947894736842,9.38520394736842,1.721486842105263,9.602,7.284,2.77,0.552,19.656,0.584,0.37,1.404,4.691225426261246,2.6652099354459864,1.5928276742949945,0.7370861550727974,5.740179788125108,0.7892680153154567,0.610819122163018,1.1902873602622184
4592187,Wendell Moore Jr.,DET,2026-05-15,0.0,6.0,1.0,1.0,2.0,0,0,0,0,0,0,0,0,0,0,,0,0,,0,0,0,0,0.0,,,,,,,,,,0.0,0.0,,0.0,0.0,0.0,0.0,0.0,0.0,0.0,0.0,0.0,0.0,,0.0,0.0,,0.0,0.0,0.0,0.0,,,,,,,,,,,,,,,,,,,0.0,,0.0,0.0,0.0,0.0,0.0,0.0,0.0,0.0,0.0,0.0,,0.0,0.0,,0.0,0.0,0.0,0.0,,,,,,,,,,,,,,,,,,,0.0,,0.0,0.0,0.0,0.0,0.0,0.0,0.0,0.0,0.0,0.0,,0.0,0.0,,0.0,0.0,0.0,0.0,,,,,,,,,,,,,,,,,,,,,,CLE,False,8.0,0.0,0.0,0.0,0.0,0.176,0.144,0.48,0.0,0.0,0.0,0.0,0.3199999999999999,0.476,0.1,0.068,0.02,0.644,0.15,0.058,0.328,1.1069887081628251,0.3065941943351178,0.2671628716719447,0.25,1.1988594579849634,0.3788139384975161,0.25,0.5730759112019976
4683771,Ronald Holland II,DET,2026-05-15,0.0,2.0,3.0,7.0,15.0,0,0,0,0,0,0,0,0,0,0,,0,0,,0,0,0,0,0.0,,,,,,,,,,0.0,4.0,4.0,0.0,1.3333333333333333,0.0,0.0,0.3333333333333333,0.3333333333333333,0.3333333333333333,0.3333333333333333,0.0,0.3333333333333333,,0.0,0.0,,0.0,1.3333333333333333,0.3333333333333333,2.6666666666666665,0.0,0.0,0.3125,0.0883883476483184,0.0,0.0,0.0,0.0,0.0625,0.0883883476483185,0.0625,0.0883883476483184,0.0,0.0,0.0625,0.0883883476483184,0.125,0.1767766952966366,6.2,4.147288270665545,1.6,1.4,0.0,0.2,1.0,0.6,0.4,0.2,0.4,1.4,,0.6,1.0,,0.2,1.2,1.0,3.6,0.2055555555555555,0.2830608711745999,0.2368055555555555,0.1128424144274977,0.0,0.0,0.025,0.05,0.1368055555555555,0.100240836532034,0.1895833333333333,0.1559580606017741,0.1305555555555555,0.1540602735984672,0.03125,0.0625,0.2782777777777778,0.2043091641799291,3.2,4.21109645262767,0.8,0.7,0.0,0.1,0.5,0.3,0.2,0.1,0.2,0.7,,0.3,0.5,,0.1,0.6,0.5,1.8,0.1644444444444444,0.2618075817781891,0.1894444444444444,0.1441021585499864,0.0,0.0,0.02,0.0447213595499957,0.1094444444444444,0.1062041476951551,0.1516666666666666,0.1594696069963036,0.1044444444444444,0.1456361100249861,0.025,0.0559016994374947,0.2226222222222222,0.21632008747898,,,,CLE,False,7.439999999999999,1.404,1.3884999999999996,0.0,0.1755,0.6974999999999999,0.4649999999999999,0.2324999999999999,2.7924999999999995,2.7924999999999995,1.404,1.3884999999999996,1.1625,1.246,1.174,0.054,0.142,2.474,0.286,0.096,0.146,1.7656398273713694,1.1062205928294773,0.25,0.3766112053563993,2.1131313257817177,0.5331078690096405,0.3267782122480016,0.3642581502176718
4684742,Ausar Thompson,DET,2026-05-15,0.0,2.0,3.0,7.0,15.0,6,7,5,0,1,4,3,2,2,6,,2,2,,3,4,2,1,41.0,0.1463414634146341,0.1707317073170731,0.1219512195121951,0.0,0.024390243902439,0.1463414634146341,0.048780487804878,0.048780487804878,0.2165853658536585,0.0,29.666666666666668,11.015141094572202,6.333333333333333,6.0,3.6666666666666665,0.0,1.0,1.6666666666666667,1.6666666666666667,2.0,2.6666666666666665,6.333333333333333,,1.0,1.3333333333333333,,2.333333333333333,3.6666666666666665,3.0,-4.666666666666667,0.2224042022634382,0.0826443525306759,0.2075457778171248,0.0354179849560255,0.1156655305210039,0.0601379840167903,0.0,0.0,0.0311185870479394,0.0349716112469163,0.2163545954878786,0.1114107335041787,0.0392486683487524,0.0354570490692736,0.0864356011981172,0.1101987435657302,0.3200596107594469,0.0896748835432789,29.2,8.438009243891594,8.0,6.6,3.6,0.0,0.6,1.6,1.2,1.4,3.4,6.6,,1.2,2.0,,2.8,3.8,3.6,-3.8,0.2834425213580629,0.1061543371898679,0.2313456485084567,0.044636110175106,0.1163690152822993,0.0488908122492535,0.0,0.0,0.0186711522287636,0.0300335934340328,0.2328430603230302,0.0979057514830692,0.0644582919183423,0.0447164520811078,0.0579219667794764,0.0878128238042479,0.3191266755465772,0.0734073791775981,32.2,6.613118276073196,8.1,7.9,3.8,0.0,0.4,1.9,2.1,1.6,3.5,6.8,,1.1,2.2,,3.3,4.6,2.7,-1.3,0.2574240958671608,0.117940354020481,0.2458778454518966,0.0798355261440961,0.1140652045144936,0.0501410844441113,0.0,0.0,0.0120382788170845,0.0226872092871057,0.2159622473492911,0.0783720931964505,0.0667393914988285,0.0495189233861292,0.054743751451918,0.0686717163154992,0.3000713310606936,0.0786518222323196,,,,CLE,False,31.8815,7.699928260869565,7.389115217391303,3.805447826086956,0.0,1.8812065217391305,2.079228260869565,1.5841739130434782,18.894491304347824,15.08904347826087,11.50537608695652,11.19456304347826,3.960434782608696,8.91,7.146,3.868,0.64,19.924,1.054,0.516,1.242,4.593680441650246,2.818631582878472,1.98357656771802,0.8260750571225354,6.024136784635622,1.0055267276407922,0.7167593738487136,1.1486670535886367
4700852,Chaz Lanier,DET,2026-05-15,0.0,2.0,3.0,7.0,15.0,0,0,0,0,0,0,0,0,0,0,,0,0,,0,0,0,0,0.0,,,,,,,,,,0.0,0.0,0.0,0.0,0.0,0.0,0.0,0.0,0.0,0.0,0.0,0.0,0.0,,0.0,0.0,,0.0,0.0,0.0,0.0,,,,,,,,,,,,,,,,,,,0.0,0.0,0.0,0.0,0.0,0.0,0.0,0.0,0.0,0.0,0.0,0.0,,0.0,0.0,,0.0,0.0,0.0,0.0,,,,,,,,,,,,,,,,,,,0.1,0.3162277660168386,0.2,0.0,0.0,0.0,0.0,0.0,0.0,0.0,0.1,0.1,,0.0,0.0,,0.0,0.0,0.0,0.2,2.0,,0.0,,0.0,,0.0,,0.0,,1.0,,0.0,,0.0,,1.0,,,,,CLE,False,5.55,0.04,0.0,0.0,0.0,0.1220999999999999,0.0998999999999999,0.3329999999999999,0.04,0.04,0.04,0.0,0.2219999999999999,0.0,0.0,0.0,0.0,0.0,0.01,0.0,0.014,7.5,3.0,2.5,1.3,9.0,0.25,1.3,0.25
5107199,Daniss Jenkins,DET,2026-05-15,0.0,2.0,3.0,7.0,15.0,19,2,3,2,8,1,2,0,8,17,,1,1,,1,1,3,-9,41.0,0.4634146341463415,0.048780487804878,0.073170731707317,0.048780487804878,0.1951219512195122,0.4146341463414634,0.024390243902439,0.0,0.4253658536585366,0.0,26.666666666666668,12.503332889007368,7.666666666666667,2.0,3.0,0.6666666666666666,3.6666666666666665,0.3333333333333333,0.6666666666666666,0.6666666666666666,3.0,8.666666666666666,,1.0,1.0,,1.0,1.0,2.6666666666666665,-10.333333333333334,0.2232546134985159,0.2081360487671446,0.0823977287391922,0.0524688569760288,0.1275648470770422,0.0485876856430752,0.016260162601626,0.0281634277653475,0.1205962059620596,0.1054040296861484,0.2942960381984772,0.1129882161551326,0.0398761130468447,0.0494715352855899,0.0343915343915343,0.0300471341047633,0.3462330623306233,0.0735364542837181,27.0,8.916277250063503,9.8,3.8,3.2,0.8,3.8,1.0,0.4,0.8,4.0,10.6,,1.0,1.0,,1.6,2.2,2.2,-2.8,0.3244036964810724,0.2068488979597892,0.1438683454663269,0.0920625116498967,0.1279977941878698,0.0387069285430779,0.0251407129455909,0.035834405662479,0.131508917211188,0.0822514002840327,0.3739251030251871,0.1388842250148065,0.0377187712763827,0.042743107098021,0.0352237800513662,0.0213235235515707,0.4257451424381617,0.1227476826057053,21.9,9.677580046455596,8.6,2.7,3.0,1.0,3.7,0.6,0.3,0.8,3.2,8.5,,1.2,1.3,,0.9,1.8,1.8,-0.6,0.386221861802292,0.1971684300743142,0.1314982021701511,0.0961755787882123,0.140298980857721,0.0789013883446219,0.0459123321015224,0.0571746738853583,0.1726611068575235,0.082180199385738,0.3904018526832922,0.1108774766184675,0.0641668685364183,0.0561523376425136,0.0332198755066268,0.0340887267561883,0.4518551503459432,0.0959549169130655,,,,CLE,False,25.852,10.21115616438356,3.020339726027397,3.3528219178082197,1.1002739726027395,0.7082739726027397,0.3541369863013698,0.944365296803653,16.584317808219176,13.231495890410958,13.56397808219178,6.3731616438356165,1.0624109589041095,12.358,4.53,3.448,1.148,20.336,0.668,0.174,0.844,5.391274060924746,2.0661800502376364,1.8844882594487025,1.0964013863544684,6.0089187047255015,0.823271522646083,0.4239386748104023,0.9271806727925256
5107818,Isaac Jones,DET,2026-05-15,0.0,6.0,1.0,1.0,4.0,0,0,0,0,0,0,0,0,0,0,,0,0,,0,0,0,0,0.0,,,,,,,,,,0.0,3.333333333333333,5.773502691896257,0.6666666666666666,0.0,0.0,0.0,0.0,0.0,0.0,0.3333333333333333,0.0,0.3333333333333333,,0.6666666666666666,0.6666666666666666,,0.0,0.0,0.0,-2.333333333333333,0.2,,0.0,,0.0,,0.0,,0.0,,0.1,,0.2,,0.1,,0.288,,3.333333333333333,5.773502691896257,0.6666666666666666,0.0,0.0,0.0,0.0,0.0,0.0,0.3333333333333333,0.0,0.3333333333333333,,0.6666666666666666,0.6666666666666666,,0.0,0.0,0.0,-2.333333333333333,0.2,,0.0,,0.0,,0.0,,0.0,,0.1,,0.2,,0.1,,0.288,,3.333333333333333,5.773502691896257,0.6666666666666666,0.0,0.0,0.0,0.0,0.0,0.0,0.3333333333333333,0.0,0.3333333333333333,,0.6666666666666666,0.6666666666666666,,0.0,0.0,0.0,-2.333333333333333,0.2,,0.0,,0.0,,0.0,,0.0,,0.1,,0.2,,0.1,,0.288,,,,,CLE,False,8.0,0.5666666666666667,0.0,0.0,0.0,0.176,0.144,0.48,0.5666666666666667,0.5666666666666667,0.5666666666666667,0.0,0.3199999999999999,0.534,0.024,0.03,0.012,0.588,0.098,0.064,0.288,1.0434768804338697,0.25,0.25,0.25,1.0650145538911664,0.3039671034832552,0.2527924049491993,0.5413464694629494
3195,Mike Conley,MIN,2026-05-15,1.0,3.0,3.0,5.0,14.0,5,1,2,1,2,0,0,0,2,3,,0,0,,0,1,1,-6,15.0,0.3333333333333333,0.0666666666666666,0.1333333333333333,0.0666666666666666,0.1333333333333333,0.2,0.0,0.0,0.2,0.0,10.0,5.567764362830035,4.333333333333333,1.0,1.3333333333333333,1.0,1.6666666666666667,0.0,0.0,0.6666666666666666,1.3333333333333333,2.0,,0.6666666666666666,0.6666666666666666,,0.0,1.0,0.6666666666666666,-2.0,0.3535353535353535,0.3640569957765677,0.1888888888888888,0.2714842605082359,0.105050505050505,0.0941509510927761,0.0828282828282828,0.0919802217198562,0.1883838383838384,0.0586098000540986,0.2106060606060606,0.035306606659791,0.0606060606060606,0.1049727762162956,0.1136363636363636,0.1265400991552278,0.3509090909090909,0.1500082642351511,14.0,7.314369419163896,5.6,1.2,2.6,1.6,3.0,0.2,0.0,0.4,1.8,3.6,,0.4,0.4,,0.0,1.2,0.8,-0.6,0.3496212121212121,0.2801865544241433,0.1425,0.2023387561052558,0.150530303030303,0.0938016769112803,0.095530303030303,0.0767400310733974,0.2088636363636364,0.0621313738917084,0.243030303030303,0.0588436942156425,0.0363636363636363,0.0813115628181741,0.0681818181818181,0.10899617098438,0.3272121212121212,0.1147701819899787,13.9,8.723531395025756,4.4,1.4,2.6,1.0,2.2,0.4,0.0,0.5,1.6,3.4,,0.2,0.2,,0.1,1.3,1.4,-0.3,0.2490726185579127,0.2331807022452746,0.1049711807800043,0.1542321014732989,0.179380643865938,0.142078161385809,0.0563732101232101,0.0676213303813631,0.2293402430902431,0.2868082569501033,0.2910152592505534,0.2638180895201031,0.0181818181818181,0.0574959574576069,0.0485813206401441,0.0777246471046937,0.3475965798906976,0.2619717765645958,,,,SAS,True,14.267,4.766811940298508,1.354349253731343,2.385170149253731,1.122820895522388,0.4258805970149253,0.0,0.5323507462686566,8.506331343283582,6.121161194029851,7.15198208955224,3.739519402985074,0.4258805970149253,5.868,1.446,1.688,0.922,9.002,0.294,0.022,0.4,3.936823084671192,1.2308874847036184,1.3185810555290107,0.9316200942444296,4.359586677656496,0.5473244010639393,0.25,0.6418722614352486
2968436,Joe Ingles,MIN,2026-05-15,1.0,3.0,3.0,5.0,13.0,0,0,0,0,0,0,0,0,0,0,,0,0,,0,0,0,0,0.0,,,,,,,,,,0.0,0.0,0.0,0.0,0.0,0.0,0.0,0.0,0.0,0.0,0.0,0.0,0.0,,0.0,0.0,,0.0,0.0,0.0,0.0,,,,,,,,,,,,,,,,,,,2.0,4.472135954999586,1.4,0.4,0.0,0.4,0.6,0.4,0.0,0.2,0.4,0.6,,0.2,0.4,,0.2,0.2,0.0,-0.2,0.7,,0.2,,0.0,,0.2,,0.3,,0.3,,0.2,,0.1,,0.488,,1.4,3.1692971530679266,0.7,0.2,0.0,0.2,0.3,0.2,0.0,0.1,0.2,0.3,,0.1,0.2,,0.1,0.1,0.0,0.5,0.2333333333333333,0.404145188432738,0.0666666666666666,0.1154700538379251,0.0,0.0,0.0666666666666666,0.1154700538379251,0.0999999999999999,0.1732050807568877,0.1,0.1732050807568877,0.0666666666666666,0.1154700538379251,0.0333333333333333,0.0577350269189625,0.1626666666666666,0.2817469313645374,,,,SAS,True,7.475,0.6299999999999999,0.18,0.0,0.18,0.1644499999999999,0.1345499999999999,0.4484999999999999,0.8099999999999998,0.8099999999999998,0.6299999999999999,0.18,0.2989999999999999,0.694,0.224,0.004,0.12,0.922,0.108,0.058,0.104,1.3039800611972563,0.4447740999653644,0.25,0.3310589071449369,1.408515530620802,0.3103804117530614,0.25,0.3180943256331367
2993874,Kyle Anderson,MIN,2026-05-15,1.0,3.0,3.0,5.0,12.0,1,0,0,0,0,0,0,0,0,1,,1,2,,0,0,0,-7,3.0,0.3333333333333333,0.0,0.0,0.0,0.0,0.3333333333333333,0.6666666666666666,0.0,0.6266666666666666,0.0,1.0,1.7320508075688772,0.3333333333333333,0.0,0.0,0.0,0.0,0.0,0.0,0.0,0.0,0.3333333333333333,,0.3333333333333333,0.6666666666666666,,0.0,0.0,0.0,-2.333333333333333,0.3333333333333333,,0.0,,0.0,,0.0,,0.0,,0.3333333333333333,,0.6666666666666666,,0.0,,0.6266666666666666,,3.4,6.066300355241243,1.8,0.6,0.8,0.0,0.2,0.0,0.0,0.2,0.6,1.4,,0.6,1.6,,0.2,0.4,0.4,-4.0,0.4523809523809523,0.1683587574253684,0.1071428571428571,0.1515228816828316,0.1428571428571428,0.2020305089104421,0.0,0.0,0.0357142857142857,0.0505076272276105,0.3809523809523809,0.0673435029701473,0.5476190476190476,0.1683587574253684,0.0357142857142857,0.0505076272276105,0.6576190476190475,0.0437732769305958,5.2,5.452828012447608,1.3,0.7,1.2,0.0,0.1,0.2,0.0,0.6,0.5,1.4,,0.3,0.8,,0.2,0.5,0.6,-0.6,0.1673469387755101,0.2282972656590451,0.0877551020408163,0.1095533825794379,0.1551020408163265,0.1971615883835298,0.0,0.0,0.010204081632653,0.0269974623578019,0.2517006802721088,0.1375585787794857,0.1564625850340135,0.2759088406894319,0.0687074829931972,0.1029371067350677,0.3892517006802721,0.2244204524248632,,,,SAS,True,8.2625,2.297357142857143,0.9898571428571428,1.624428571428571,0.0,0.0,0.0,1.1803571428571429,4.911642857142857,3.2872142857142856,3.921785714285714,2.614285714285714,0.0,0.73,0.572,0.568,0.046,1.87,0.002,0.0,0.284,1.2137133104650373,0.7621128525356332,0.7780591237174718,0.25,1.6507876907706818,0.25,1.3,0.5170531887533428
3032976,Rudy Gobert,MIN,2026-05-15,1.0,3.0,3.0,5.0,12.0,4,5,0,0,0,2,1,1,1,4,,2,2,,3,2,3,-15,23.0,0.1739130434782608,0.217391304347826,0.0,0.0,0.0,0.1739130434782608,0.0869565217391304,0.0434782608695652,0.2556521739130434,0.0,28.0,4.3588989435406775,9.333333333333334,8.333333333333334,2.0,0.0,0.3333333333333333,0.6666666666666666,1.6666666666666667,0.6666666666666666,3.6666666666666665,6.0,,2.0,2.333333333333333,,4.0,4.333333333333333,2.0,-9.333333333333334,0.319978182951535,0.1292102147483654,0.2921770297646875,0.1223173340281172,0.0659498207885304,0.0666782276945289,0.0,0.0,0.0111111111111111,0.0192450089729875,0.2110176094748324,0.0323531312310538,0.0841826398628642,0.0505946964326808,0.0252454417952314,0.0225714964087392,0.2733034128097242,0.0181964469087537,28.4,3.209361307176245,8.0,9.0,2.0,0.0,0.2,1.2,1.2,1.4,3.0,5.8,,2.0,4.2,,3.8,5.2,2.2,-9.8,0.2743678621518733,0.1123524059856683,0.3134014559540506,0.0916311616243596,0.0667127496159754,0.0523513707569993,0.0,0.0,0.0066666666666666,0.0149071198499985,0.2018486609229947,0.0412823898716098,0.1481286315367661,0.1092742468295792,0.050385360315234,0.0542143744787904,0.3174106191144059,0.0690108732297755,31.3,5.355163655555056,6.9,9.9,2.6,0.0,0.2,1.3,1.3,1.2,2.6,5.6,,1.7,3.3,,3.8,6.1,2.9,-4.8,0.2173700285034134,0.1137163529501601,0.311791039963889,0.0773463339807644,0.0767608630400621,0.0544029350198028,0.0,0.0,0.0061111111111111,0.0129497286941089,0.1780589774237305,0.0540013221524412,0.1080681471860076,0.0914926693014171,0.0413393687180987,0.0431255317807888,0.2669483309036725,0.0824862748705617,,,,SAS,True,29.12625,7.032472891566265,8.966698795180722,2.272042168674699,0.0,1.2867018072289156,1.1697289156626505,1.1697289156626505,18.271213855421685,15.999171686746989,9.304515060240965,11.23874096385542,2.4564307228915663,6.638,5.84,2.312,0.516,14.79,0.746,0.58,0.87,4.017331950436756,2.3026940743398807,1.4375868669405685,0.7139635845055403,4.828861149380876,0.8009269629622917,0.779487010796203,0.9236341266973628
3064514,Julius Randle,MIN,2026-05-15,1.0,3.0,3.0,5.0,12.0,17,10,1,0,4,0,0,0,6,17,,5,7,,5,5,3,-22,36.0,0.4722222222222222,0.2777777777777778,0.0277777777777777,0.0,0.1111111111111111,0.4722222222222222,0.1944444444444444,0.0,0.5577777777777777,0.0,35.0,3.605551275463993,13.666666666666666,8.0,1.3333333333333333,0.6666666666666666,3.6666666666666665,0.3333333333333333,0.0,2.6666666666666665,4.666666666666667,13.666666666666666,,3.6666666666666665,4.333333333333333,,4.333333333333333,3.6666666666666665,3.333333333333333,-7.0,0.3917028233666603,0.0783180245571093,0.2272841602213419,0.0445451072074734,0.0355750487329434,0.0400470950371379,0.0175438596491228,0.0303868562731381,0.1043828208514116,0.0072088866187832,0.3917028233666603,0.0783180245571096,0.1293309438470729,0.1120047789470325,0.0741369552914544,0.0793858123599024,0.5227453939508269,0.043766853061197,34.6,5.594640292279746,14.8,7.8,1.6,0.8,3.8,0.8,0.0,3.6,5.2,14.2,,3.6,4.8,,3.8,4.0,3.4,-10.0,0.426349607299129,0.0767552935777775,0.2221880209747202,0.0383639507402998,0.0459159416155565,0.032899194089971,0.0202824133504492,0.0278061937182281,0.1067128000085886,0.0262485232687554,0.4066567437038264,0.0721803396687226,0.1439038960282075,0.0828211029704892,0.1059094541143487,0.0744558077424637,0.5758839120705865,0.0801520288280272,34.3,4.056544780420346,17.3,7.6,3.1,1.0,3.6,0.6,0.1,3.3,5.9,14.8,,4.5,6.1,,2.7,4.9,3.4,-2.4,0.5051946644194253,0.1489163412558423,0.2213366394799891,0.0560495948090887,0.0902593631091705,0.0607338738770989,0.0273521676361856,0.0290262694463709,0.102696933719828,0.0328306351501045,0.4304927521412935,0.0606667956151212,0.1810027601899159,0.0904697489586279,0.0976986186760659,0.063442743031936,0.6078325853009224,0.0894059202176161,,,,SAS,True,34.653,16.284252554744526,7.888831386861314,2.285532116788321,0.8790598540145984,0.7588248175182482,0.0,3.920594890510949,26.45861605839416,24.17308394160584,18.569784671532847,10.174363503649635,0.7588248175182482,10.864,5.846,2.424,0.914,19.134,0.624,0.166,1.864,5.077942890580791,2.4253420377340595,1.6697975925243156,0.9309156782437388,6.038877710303463,0.7890652697971189,0.3929936386253599,1.3496310606977004
3934673,Donte DiVincenzo,MIN,2026-05-15,1.0,20.0,0.0,0.0,7.0,0,0,1,0,1,0,0,0,0,1,,0,0,,0,0,0,5,1.0,0.0,0.0,1.0,0.0,1.0,1.0,0.0,0.0,1.0,0.0,21.666666666666668,17.925772879665004,10.333333333333334,3.6666666666666665,4.666666666666667,2.333333333333333,5.333333333333333,1.6666666666666667,0.0,1.0,4.0,7.666666666666667,,0.0,0.6666666666666666,,0.0,3.6666666666666665,2.333333333333333,15.0,0.3235581622678397,0.2818963418325565,0.1156728576083414,0.11300509271027,0.4685565330726621,0.4603372202659246,0.0733137829912023,0.0662912290642657,0.4894102313457152,0.44226176822521,0.5614206581948518,0.3833379583252756,0.021505376344086,0.0372484044638468,0.0316063864450961,0.0322778062955266,0.6024894102313457,0.3448646001946516,20.8,15.106290080625357,9.2,3.2,3.8,2.4,5.6,1.4,0.0,0.8,3.4,7.4,,0.0,0.4,,0.0,3.2,2.2,9.2,0.3465542521994135,0.20184797013542,0.1202101661779081,0.0801605190810582,0.3690371456500488,0.3695611056838791,0.0947947214076246,0.0553577321126581,0.4638074291300097,0.3448858376021127,0.5199169110459433,0.3011725733713533,0.0129032258064516,0.0288524900322553,0.0254154447702834,0.0268861633225318,0.5510097751710654,0.27543967770635,22.166666666666668,13.920009578540764,10.666666666666666,3.333333333333333,3.5,2.5,6.0,1.3333333333333333,0.3333333333333333,0.8333333333333334,3.8333333333333335,8.166666666666666,,0.5,1.3333333333333333,,0.0,3.333333333333333,2.333333333333333,7.833333333333333,0.3922434860282469,0.2124126148923985,0.1231636442287165,0.0720618154854248,0.3190252075819373,0.3525159462540734,0.0962369804833653,0.0496393339114738,0.4324832024359277,0.3178745599300173,0.5022296097796654,0.2728387415991413,0.0452354467927326,0.0832959064317292,0.0269266637453511,0.0243309539333811,0.549059870113819,0.2464070324125835,,,,SAS,True,12.286166666666666,8.453333333333333,2.8866666666666667,3.58,2.04,0.2702956666666666,0.221151,0.73717,14.92,11.34,12.033333333333331,6.466666666666667,0.4914466666666666,9.94,3.06,2.394,1.388,15.394,0.288,0.166,0.604,4.975982315081114,1.767597239192232,1.5832763498517874,1.183831069029699,5.39543918508957,0.5701368256830986,0.4176649374797937,0.7424176722034571
4396971,Naz Reid,MIN,2026-05-15,1.0,3.0,3.0,5.0,12.0,12,5,2,3,7,1,0,0,4,10,,1,2,,0,5,4,-21,31.0,0.3870967741935484,0.1612903225806451,0.064516129032258,0.0967741935483871,0.2258064516129032,0.3225806451612903,0.064516129032258,0.0,0.3509677419354839,0.0,31.33333333333333,0.5773502691896255,15.0,7.666666666666667,3.6666666666666665,2.333333333333333,6.333333333333333,0.6666666666666666,0.6666666666666666,0.3333333333333333,5.333333333333333,11.666666666666666,,2.0,3.0,,1.3333333333333333,6.333333333333333,4.333333333333333,-3.333333333333333,0.4778225806451613,0.087857897457665,0.2442876344086021,0.0720207835134489,0.1165994623655913,0.0471137620802031,0.0739247311827957,0.0655577870874043,0.2016129032258064,0.0640101123644658,0.3719758064516129,0.0438363203733043,0.0954301075268817,0.0302643286268755,0.010752688172043,0.0186242022319234,0.4247177419354839,0.0638702931497448,29.0,4.527692569068709,13.6,7.8,2.4,2.4,5.2,0.4,0.6,1.0,5.0,10.0,,1.2,1.8,,1.0,6.8,4.0,-4.2,0.4714554531490016,0.0764958687258278,0.2732392473118279,0.065604899291277,0.0766263440860215,0.0651514487515419,0.0862596006144393,0.0562122289984091,0.1790629800307219,0.0634454534662386,0.3431854838709677,0.0554122916129539,0.057258064516129,0.056480407402881,0.0388325652841781,0.0418792350771891,0.4072115975422427,0.0612218593982911,27.6,5.146735750831674,12.8,7.8,2.2,1.8,4.6,0.4,0.4,1.4,5.0,10.3,,1.0,1.6,,1.3,6.5,3.4,0.7,0.4590781778661285,0.0963963899376772,0.2893507160928888,0.0599196468277043,0.0762022165497023,0.0501835005741283,0.067234997941829,0.0449451161375036,0.1703788289509352,0.0586268784320853,0.3743121630372579,0.0616780489878455,0.0535278806863247,0.0561893642107945,0.0560526038372338,0.0467491003206857,0.4539170343764745,0.0820980405262888,,,,SAS,True,29.42425,14.007781818181815,7.750877272727271,2.524105844155844,2.162825974025974,0.5095108225108225,0.5095108225108225,1.5285324675324674,24.28276493506493,21.758659090909088,16.53188766233766,10.274983116883115,1.019021645021645,12.942,5.598,2.2,1.768,20.74,0.444,0.276,1.094,5.749663990182383,2.396746962029993,1.44083309234623,1.3748367175777638,6.37686443324617,0.665480277694238,0.551202322201204,1.0242870691363823
4397002,Ayo Dosunmu,MIN,2026-05-15,1.0,3.0,3.0,4.0,13.0,16,9,4,1,4,3,2,2,7,14,,1,2,,0,9,4,-20,33.0,0.4848484848484848,0.2727272727272727,0.1212121212121212,0.0303030303030303,0.1212121212121212,0.4242424242424242,0.0606060606060606,0.0606060606060606,0.5115151515151516,0.0,31.666666666666668,1.5275252316519687,12.333333333333334,7.0,4.0,1.6666666666666667,5.333333333333333,2.0,0.6666666666666666,2.6666666666666665,4.666666666666667,12.666666666666666,,1.3333333333333333,1.6666666666666667,,0.3333333333333333,6.666666666666667,3.6666666666666665,-9.666666666666666,0.387310606060606,0.0846306982420699,0.2193813131313131,0.0530331213176076,0.125820707070707,0.0284067759999611,0.0524621212121212,0.0357884392676712,0.1681818181818181,0.0711153436527353,0.3997474747474747,0.0246221833530273,0.0535353535353535,0.0503735662213805,0.084090909090909,0.0355576718263676,0.5073939393939395,0.0064173776930659,21.0,15.066519173319364,7.4,4.2,2.4,1.0,3.4,1.4,0.6,1.6,2.8,8.4,,0.8,1.0,,0.2,4.0,2.2,-7.0,0.2904829545454546,0.2056143958523298,0.1645359848484848,0.1179281480772517,0.0943655303030303,0.0670498013699604,0.0393465909090909,0.0392675879574493,0.1511363636363636,0.0673333856112681,0.399810606060606,0.0201043250147205,0.0401515151515151,0.0490731355778837,0.0630681818181818,0.0510951948008974,0.4805454545454545,0.0539520130511759,26.7,12.841339493993608,14.6,3.5,3.2,1.7,3.9,0.9,0.4,1.5,5.3,10.6,,2.3,2.5,,0.7,2.8,2.5,-4.2,0.4833073846231741,0.2877387229187265,0.1230997316523632,0.0940594929259792,0.116752423989266,0.0936105465228754,0.0564420837447153,0.0448578282192456,0.1433145679856206,0.0624073792068896,0.3957727336016809,0.0352799234686878,0.077316713500924,0.0991395234907975,0.0524869623553834,0.0345207555393515,0.4822790498974709,0.0745555495531598,,,,SAS,True,28.432666666666663,13.680977297297297,4.8299935135135135,2.8796389189189187,1.7347827027027023,1.2295207207207206,0.6147603603603603,1.6905909909909909,21.39060972972973,18.51097081081081,16.560616216216214,7.709632432432432,1.844281081081081,12.338,3.87,2.27,1.532,18.478,0.694,0.328,1.106,5.44387325348414,2.000274981096349,1.4782083750270123,1.2493902512826007,6.0664253065541,0.8126278360971891,0.5553521405378753,1.0172335031840034
4431671,Jaden McDaniels,MIN,2026-05-15,1.0,3.0,3.0,5.0,13.0,17,6,2,3,7,1,0,2,6,13,,2,2,,1,5,5,-12,30.0,0.5666666666666667,0.2,0.0666666666666666,0.1,0.2333333333333333,0.4333333333333333,0.0666666666666666,0.0666666666666666,0.5293333333333333,0.0,37.0,6.082762530298218,16.0,6.333333333333333,1.3333333333333333,2.0,5.666666666666667,0.6666666666666666,0.3333333333333333,1.3333333333333333,5.666666666666667,16.666666666666668,,2.6666666666666665,2.6666666666666665,,2.333333333333333,4.0,4.333333333333333,-10.666666666666666,0.4443766937669376,0.1138451508739348,0.173780487804878,0.0268500473857365,0.0388888888888888,0.0346944333244356,0.0583333333333333,0.0520416499866533,0.1607046070460704,0.0983515842715066,0.4497289972899729,0.0931615914206301,0.0718157181571815,0.0259950794539184,0.0386856368563685,0.0242342004728487,0.5200135501355013,0.1039601263364549,33.4,8.648699324175862,15.2,5.4,2.0,1.2,4.0,0.6,0.6,1.4,6.0,14.8,,2.0,2.2,,2.0,3.4,4.6,-8.0,0.4755149051490514,0.1064097196543809,0.1620460704607046,0.0251808588631753,0.0744444444444444,0.0747010502843182,0.0349999999999999,0.0487339717240448,0.1175338753387533,0.0912953187837205,0.4476151761517615,0.0767536897105837,0.06420054200542,0.0212241149348105,0.0487669376693766,0.0337077970657092,0.5246303523035231,0.0976417844271238,35.0,7.601169500660919,16.7,6.0,2.3,0.8,3.4,0.6,0.7,1.6,6.8,14.9,,2.3,2.8,,2.4,3.6,4.4,-2.1,0.4799986738401373,0.1167788035112841,0.1683944421139543,0.0607108034691693,0.0721086829623414,0.0516860067744557,0.0221612466124661,0.0362131078845597,0.0972224219785195,0.0674797844197091,0.4256850753192217,0.0842656065388618,0.0812150620687206,0.0522181218287318,0.0533669978182173,0.047317695668309,0.514786700447676,0.1071044656062197,,,,SAS,True,34.1885,16.434302573529408,5.975958823529411,2.02606875,1.1799106617647055,0.6284650735294117,0.7541580882352941,1.6340091911764705,24.43633014705882,22.410261397058814,18.460371323529408,8.00202757352941,1.3826231617647058,12.552,5.1,2.12,1.112,19.772,0.566,0.442,1.086,5.303894418255326,2.1757757237362494,1.4931845163944073,1.0331776226767593,5.961544766249768,0.7305094113014561,0.6831076049935324,0.9872203401470212
4432247,Jaylen Clark,MIN,2026-05-15,1.0,3.0,3.0,5.0,13.0,0,0,0,0,0,0,0,0,0,0,,0,0,,0,0,0,-7,3.0,0.0,0.0,0.0,0.0,0.0,0.0,0.0,0.0,0.0,0.0,1.0,1.7320508075688772,0.0,0.0,0.0,0.0,0.0,0.0,0.0,0.0,0.0,0.0,,0.0,0.0,,0.0,0.0,0.0,-2.333333333333333,0.0,,0.0,,0.0,,0.0,,0.0,,0.0,,0.0,,0.0,,0.0,,5.0,6.284902544988265,1.0,0.2,0.2,0.2,0.8,0.2,0.0,0.0,0.4,1.2,,0.0,0.0,,0.2,0.0,0.2,-3.2,0.1619047619047618,0.1466171839841966,0.0476190476190476,0.0824786098842322,0.0222222222222222,0.038490017945975,0.0222222222222222,0.038490017945975,0.0888888888888888,0.1539600717839002,0.1587301587301587,0.1672325992516307,0.0,0.0,0.0,0.0,0.1587301587301587,0.1672325992516307,4.8,5.940445175985458,0.8,0.4,0.3,0.2,0.7,0.1,0.1,0.0,0.3,1.0,,0.0,0.0,,0.2,0.2,0.6,-0.6,0.1471428571428571,0.1377294004746337,0.08008658008658,0.0780722458739023,0.0481818181818181,0.0448495085878243,0.03,0.0414996653266291,0.1033333333333333,0.1416176385749866,0.1634199134199134,0.131104344584261,0.0,0.0,0.0,0.0,0.1634199134199134,0.131104344584261,,,,SAS,True,8.56,1.06,0.488,0.373,0.258,0.1783333333333333,0.1783333333333333,0.0,1.921,1.548,1.433,0.861,0.3566666666666667,1.03,0.334,0.28,0.166,1.644,0.07,0.068,0.008,1.524827859136893,0.5571750173868172,0.530659966456864,0.3774175406628579,1.720832356739029,0.2628687885618983,0.2595688733265219,0.25
4432847,Terrence Shannon Jr.,MIN,2026-05-15,1.0,3.0,3.0,5.0,13.0,2,0,4,0,4,0,0,2,0,5,,2,2,,0,0,4,-5,17.0,0.1176470588235294,0.0,0.2352941176470588,0.0,0.2352941176470588,0.2941176470588235,0.1176470588235294,0.1176470588235294,0.4635294117647058,0.0,21.666666666666668,5.686240703077327,5.0,1.3333333333333333,2.6666666666666665,1.0,4.0,0.3333333333333333,0.0,1.6666666666666667,1.6666666666666667,7.666666666666667,,0.6666666666666666,0.6666666666666666,,0.0,1.3333333333333333,2.333333333333333,8.333333333333334,0.2320728291316527,0.14858531469893,0.0571428571428571,0.0515078753637713,0.1355742296918767,0.0875335574108502,0.0452380952380952,0.0506757063185542,0.1974789915966386,0.0785781689464917,0.3694677871148459,0.2035979131913366,0.0392156862745098,0.0679235610811324,0.084453781512605,0.0431220188452032,0.4711764705882352,0.2250974414147968,25.0,7.035623639735144,8.6,2.8,2.0,0.6,3.4,0.2,0.0,1.2,2.8,9.6,,2.4,2.8,,0.4,2.4,3.0,-0.8,0.326672268907563,0.1669837724320286,0.1028571428571428,0.0751868420968043,0.0950588235294117,0.0832177707768411,0.0271428571428571,0.0435655733770768,0.1562016806722689,0.0918754795122827,0.3919663865546218,0.1521467222686629,0.1012436974789916,0.1005414056656793,0.058672268907563,0.0487446534506649,0.4951858823529411,0.1678320478652913,18.1,12.982466808909797,8.5,2.1,1.1,0.7,2.9,0.3,0.0,0.7,3.0,7.9,,1.8,2.0,,0.4,1.7,1.9,0.4,0.4773844537815126,0.2985147946523384,0.0946428571428571,0.0740094943085913,0.0629831932773109,0.077425498378028,0.0562499999999999,0.0627872408163429,0.1761974789915966,0.0840371037690515,0.4235504201680672,0.2009854049705791,0.090063025210084,0.0864416767956501,0.0455987394957983,0.0465747036205426,0.5087768907563025,0.22625310056962,,,,SAS,True,21.84175,8.758305248618786,2.2404754143646413,1.7244395027624306,0.766825138121547,0.3620179558011049,0.0,0.8447085635359116,12.72322016574586,10.998780662983428,10.482744751381215,3.964914917127072,0.3620179558011049,7.91,2.65,1.548,0.742,12.108,0.382,0.052,0.72,4.255572816907262,1.6035897230900429,1.288291892390851,0.8599046458765064,4.548443250168128,0.5933599244977705,0.25,0.8749857141690943
4592492,Bones Hyland,MIN,2026-05-15,1.0,3.0,3.0,5.0,13.0,0,1,0,0,1,0,0,1,0,1,,0,0,,0,1,0,-7,3.0,0.0,0.3333333333333333,0.0,0.0,0.3333333333333333,0.3333333333333333,0.0,0.3333333333333333,0.6666666666666666,0.0,1.0,1.7320508075688772,0.0,0.3333333333333333,0.0,0.0,0.3333333333333333,0.0,0.0,0.3333333333333333,0.0,0.3333333333333333,,0.0,0.0,,0.0,0.3333333333333333,0.0,-2.333333333333333,0.0,,0.3333333333333333,,0.0,,0.0,,0.3333333333333333,,0.3333333333333333,,0.0,,0.3333333333333333,,0.6666666666666666,,5.2,5.890670590009257,0.0,0.6,0.8,0.0,1.2,0.2,0.2,0.4,0.0,2.0,,0.0,0.0,,0.0,0.6,0.0,-5.2,0.0,0.0,0.1691919191919192,0.1422010931848594,0.1161616161616161,0.1008837593708999,0.0,0.0,0.2525252525252525,0.1399637016217274,0.3686868686868687,0.1176886888659701,0.0,0.0,0.1414141414141414,0.1723103243356765,0.51010101010101,0.1517674666799668,10.3,7.803845206050669,4.3,1.1,1.5,0.8,2.9,0.4,0.1,0.8,1.4,4.1,,0.7,0.8,,0.2,0.9,0.9,-1.7,0.3579106280193236,0.4508525813347251,0.1362428634167764,0.1211299550295286,0.1316342775581906,0.1188943125949025,0.0704710144927536,0.1102346194149112,0.2889904479578392,0.0923600674466416,0.3892539525691699,0.0855097943633324,0.076147342995169,0.0930106061237558,0.0985013175230566,0.111192566415694,0.521260101010101,0.1118632290304746,,,,SAS,True,9.75,2.144,0.7969999999999999,1.207,0.289,0.375,0.125,0.6250000000000001,4.148,2.941,3.351,2.004,0.5,1.944,0.622,0.678,0.226,3.244,0.176,0.068,0.304,2.1035360705250574,0.7557221711713903,0.8235994171926059,0.4763654059647909,2.4569216511724585,0.4159615366833813,0.2595688733265219,0.5509845732867664
4592699,Enrique Freeman,MIN,2026-05-15,1.0,33.0,0.0,0.0,3.0,13,7,2,2,4,2,2,2,4,8,,3,4,,2,5,5,25,26.0,0.5,0.2692307692307692,0.0769230769230769,0.0769230769230769,0.1538461538461538,0.3076923076923077,0.1538461538461538,0.0769230769230769,0.4523076923076923,0.0,13.0,18.384776310850235,6.5,3.5,1.0,1.0,2.0,1.0,1.0,1.0,2.0,4.0,,1.5,2.0,,1.0,2.5,2.5,12.5,0.5,,0.2692307692307692,,0.0769230769230769,,0.0769230769230769,,0.1538461538461538,,0.3076923076923077,,0.1538461538461538,,0.0769230769230769,,0.4523076923076923,,13.0,18.384776310850235,6.5,3.5,1.0,1.0,2.0,1.0,1.0,1.0,2.0,4.0,,1.5,2.0,,1.0,2.5,2.5,12.5,0.5,,0.2692307692307692,,0.0769230769230769,,0.0769230769230769,,0.1538461538461538,,0.3076923076923077,,0.1538461538461538,,0.0769230769230769,,0.4523076923076923,,13.0,18.384776310850235,6.5,3.5,1.0,1.0,2.0,1.0,1.0,1.0,2.0,4.0,,1.5,2.0,,1.0,2.5,2.5,12.5,0.5,,0.2692307692307692,,0.0769230769230769,,0.0769230769230769,,0.1538461538461538,,0.3076923076923077,,0.1538461538461538,,0.0769230769230769,,0.4523076923076923,,,,,SAS,True,14.95,7.475,4.025,1.15,1.15,0.3288999999999999,0.2690999999999999,0.8969999999999999,12.65,11.5,8.625,5.175000000000001,0.5979999999999999,7.05,3.044,1.088,0.95,11.182,0.346,0.19,0.716,4.554064119004035,1.6510796467766176,1.1010249770100586,0.987674035297071,4.928374579919834,0.5781729844951249,0.4217819341792628,0.848141497628786
4592979,Zyon Pullin,MIN,2026-05-15,1.0,18.0,0.0,0.0,4.0,0,0,0,0,0,0,0,0,0,0,,0,0,,0,0,0,0,0.0,,,,,,,,,,0.0,10.333333333333334,17.897858344878397,6.333333333333333,1.0,1.6666666666666667,0.3333333333333333,1.0,0.0,0.0,0.0,2.6666666666666665,4.0,,0.6666666666666666,0.6666666666666666,,0.3333333333333333,0.6666666666666666,1.3333333333333333,4.333333333333333,0.6129032258064516,,0.0967741935483871,,0.1612903225806451,,0.032258064516129,,0.0967741935483871,,0.3870967741935484,,0.064516129032258,,0.0,,0.415483870967742,,10.333333333333334,17.897858344878397,6.333333333333333,1.0,1.6666666666666667,0.3333333333333333,1.0,0.0,0.0,0.0,2.6666666666666665,4.0,,0.6666666666666666,0.6666666666666666,,0.3333333333333333,0.6666666666666666,1.3333333333333333,4.333333333333333,0.6129032258064516,,0.0967741935483871,,0.1612903225806451,,0.032258064516129,,0.0967741935483871,,0.3870967741935484,,0.064516129032258,,0.0,,0.415483870967742,,10.333333333333334,17.897858344878397,6.333333333333333,1.0,1.6666666666666667,0.3333333333333333,1.0,0.0,0.0,0.0,2.6666666666666665,4.0,,0.6666666666666666,0.6666666666666666,,0.3333333333333333,0.6666666666666666,1.3333333333333333,4.333333333333333,0.6129032258064516,,0.0967741935483871,,0.1612903225806451,,0.032258064516129,,0.0967741935483871,,0.3870967741935484,,0.064516129032258,,0.0,,0.415483870967742,,,,,SAS,True,8.783333333333333,5.383333333333333,0.8499999999999999,1.416666666666667,0.2833333333333333,0.1932333333333333,0.1581,0.527,7.649999999999999,6.2333333333333325,6.8,2.2666666666666666,0.3513333333333333,4.02,1.09,1.182,0.356,6.292,0.174,0.126,0.37,3.099612879054415,1.0089103032480142,1.0940182813829027,0.6271076462617882,3.450613858431569,0.4239386748104023,0.3436917223326742,0.5908468498688978
4594268,Anthony Edwards,MIN,2026-05-15,1.0,3.0,3.0,5.0,11.0,20,2,2,1,3,0,0,4,6,13,,7,7,,0,2,0,-9,39.0,0.5128205128205128,0.0512820512820512,0.0512820512820512,0.0256410256410256,0.0769230769230769,0.3333333333333333,0.1794871794871795,0.1025641025641025,0.5148717948717948,0.0,40.0,0.9999999999999858,29.33333333333333,7.333333333333333,3.333333333333333,2.333333333333333,5.666666666666667,0.3333333333333333,0.3333333333333333,3.333333333333333,10.333333333333334,20.33333333333333,,6.333333333333333,7.0,,0.6666666666666666,6.666666666666667,3.333333333333333,-6.333333333333333,0.7311027725661873,0.1982577864434972,0.1809151553053992,0.1475402183470252,0.0825411715655618,0.0552563918826822,0.0579372524494475,0.0279843037284729,0.1404784240150094,0.0725437823984554,0.5058265582655826,0.1551953162343022,0.1752762143006045,0.0270759821238801,0.0837815301229935,0.0303388921683981,0.6667296226808421,0.1315952197584658,33.8,8.526429498916883,23.6,5.6,2.6,2.0,5.0,0.2,0.4,3.0,8.8,17.4,,4.0,4.6,,0.6,5.0,2.8,-10.8,0.6826616635397122,0.1735016985499075,0.1575490931832395,0.1091369878902203,0.073524702939337,0.058983605744399,0.0590956848030018,0.024036583960394,0.1499537210756722,0.0614409249323005,0.5158292682926829,0.1108561017079115,0.1218323952470294,0.0811792050048874,0.0916022514071294,0.0507982445286365,0.6610377736085054,0.1140066690160325,31.6,8.75848794662133,21.4,5.7,2.8,2.1,6.3,0.2,0.7,2.6,7.5,16.8,,4.3,5.0,,0.5,5.2,2.9,-5.5,0.654318161204554,0.1855093210875867,0.1723661645253429,0.0881368080609165,0.0837945152123586,0.0624808076480516,0.0673110002962377,0.0241211018478459,0.2020869969900778,0.0795560131463675,0.5292109304426378,0.0922290027442975,0.1476705835884269,0.0702549456170142,0.0818440106938181,0.0504615290904541,0.6760299979153638,0.1114480728062455,,,,SAS,True,34.30833333333334,23.275866310160428,5.652486631016043,2.5390427807486637,1.9988823529411763,0.1834670231729055,0.366934046345811,2.7520053475935837,31.467395721925133,28.92835294117647,25.81490909090909,8.191529411764705,0.5504010695187166,16.208,4.938,2.196,1.822,23.342,0.28,0.282,1.632,6.327774964393092,2.0818635882305068,1.380428918850949,1.3922341757046477,6.867098077062829,0.530659966456864,0.5162131342769186,1.2745885610658838
5105553,Julian Phillips,MIN,2026-05-15,1.0,3.0,3.0,5.0,14.0,0,0,0,0,1,0,0,0,0,1,,0,0,,0,0,0,-7,3.0,0.0,0.0,0.0,0.0,0.3333333333333333,0.3333333333333333,0.0,0.0,0.3333333333333333,0.0,1.0,1.7320508075688772,0.0,0.0,0.0,0.0,0.3333333333333333,0.0,0.0,0.0,0.0,0.3333333333333333,,0.0,0.0,,0.0,0.0,0.0,-2.333333333333333,0.0,,0.0,,0.0,,0.0,,0.3333333333333333,,0.3333333333333333,,0.0,,0.0,,0.3333333333333333,,2.6,4.33589667773576,0.6,0.0,0.2,0.2,0.4,0.0,0.0,0.0,0.2,0.8,,0.0,0.0,,0.0,0.0,0.2,-1.6,0.15,0.2121320343559642,0.0,0.0,0.05,0.0707106781186547,0.05,0.0707106781186547,0.2166666666666666,0.164991582276861,0.3166666666666666,0.0235702260395515,0.0,0.0,0.0,0.0,0.3166666666666666,0.0235702260395515,1.7,3.164033993355811,0.3,0.1,0.1,0.1,0.2,0.1,0.0,0.0,0.1,0.4,,0.0,0.0,,0.0,0.1,0.1,0.1,0.075,0.1499999999999999,0.25,0.4999999999999999,0.025,0.05,0.025,0.05,0.1083333333333333,0.15723301886761,0.1583333333333333,0.1833333333333333,0.0,0.0,0.0,0.0,0.1583333333333333,0.1833333333333333,,,,SAS,True,7.066666666666666,0.903,0.008,0.3009999999999999,0.3009999999999999,0.0,0.0,0.0,1.2119999999999995,0.911,1.2039999999999995,0.3089999999999999,0.0,0.504,0.104,0.15,0.1,0.758,0.056,0.0,0.004,1.1304795442642914,0.3052605444534226,0.3892300091205712,0.3130495168499705,1.2455665377650442,0.25,1.3,0.25
5157587,Rocco Zikarsky,MIN,2026-05-15,1.0,33.0,0.0,0.0,3.0,8,9,2,0,0,0,2,1,2,3,,4,4,,0,9,2,7,20.0,0.4,0.45,0.1,0.0,0.0,0.15,0.2,0.05,0.288,0.0,10.0,14.142135623730953,4.0,4.5,1.0,0.0,0.0,0.0,1.0,0.5,1.0,1.5,,2.0,2.0,,0.0,4.5,1.0,3.5,0.4,,0.45,,0.1,,0.0,,0.0,,0.15,,0.2,,0.05,,0.288,,10.0,14.142135623730953,4.0,4.5,1.0,0.0,0.0,0.0,1.0,0.5,1.0,1.5,,2.0,2.0,,0.0,4.5,1.0,3.5,0.4,,0.45,,0.1,,0.0,,0.0,,0.15,,0.2,,0.05,,0.288,,10.0,14.142135623730953,4.0,4.5,1.0,0.0,0.0,0.0,1.0,0.5,1.0,1.5,,2.0,2.0,,0.0,4.5,1.0,3.5,0.4,,0.45,,0.1,,0.0,,0.0,,0.15,,0.2,,0.05,,0.288,,,,,SAS,True,11.5,4.6,5.175,1.15,0.0,0.253,0.207,0.69,10.925,9.775,5.75,6.324999999999999,0.4599999999999999,2.902,3.186,1.09,0.124,7.178,0.224,0.174,0.476,2.61999923664111,1.896155056950776,0.9663850164401352,0.3641757817318444,3.361296773568201,0.4917560370752961,0.3946188034039939,0.6851452400768759
5279133,Joan Beringer,MIN,2026-05-15,1.0,3.0,3.0,5.0,14.0,3,3,0,0,0,0,1,1,0,1,,3,4,,1,2,0,-7,3.0,1.0,1.0,0.0,0.0,0.0,0.3333333333333333,1.3333333333333333,0.3333333333333333,1.2533333333333332,0.0,1.0,1.7320508075688772,1.0,1.0,0.0,0.0,0.0,0.0,0.3333333333333333,0.3333333333333333,0.0,0.3333333333333333,,1.0,1.3333333333333333,,0.3333333333333333,0.6666666666666666,0.0,-2.333333333333333,1.0,,1.0,,0.0,,0.0,,0.0,,0.3333333333333333,,1.3333333333333333,,0.3333333333333333,,1.2533333333333332,,2.2,3.492849839314596,2.0,1.2,0.0,0.0,0.0,0.0,0.2,0.4,0.6,1.0,,0.8,1.2,,0.4,0.8,0.0,-1.6,0.9375,0.0883883476483184,0.6875,0.4419417382415922,0.0,0.0,0.0,0.0,0.0,0.0,0.4166666666666666,0.1178511301977579,0.7916666666666666,0.7660323462854264,0.2291666666666666,0.1473139127471973,0.9941666666666666,0.366517014915027,1.5,2.592724864350674,1.2,0.9,0.0,0.0,0.0,0.1,0.1,0.3,0.3,0.6,,0.6,0.8,,0.4,0.5,0.0,-0.2,0.6354166666666666,0.4453657984673323,0.9270833333333331,0.7775607336050635,0.0,0.0,0.0,0.0,0.0,0.0,0.4583333333333333,0.4166666666666667,0.5625,0.5828370905099246,0.1979166666666666,0.1644822122545418,0.90375,0.2809058594117464,,,,SAS,True,6.833333333333334,4.190285714285714,2.5900000000000003,0.0,0.0,0.4880952380952381,0.4880952380952381,1.4642857142857144,6.780285714285714,6.780285714285714,4.190285714285714,2.5900000000000003,0.9761904761904764,0.726,0.83,0.006,0.026,1.562,0.138,0.07,0.234,1.1674433605104788,0.9061456836513652,0.25,0.25,1.5369307076117649,0.3780952261005156,0.2551470164434614,0.4724870368592137
6427,Bismack Biyombo,SAS,2026-05-15,0.0,3.0,3.0,5.0,13.0,2,1,0,0,0,0,0,0,1,2,,0,0,,0,1,2,4,2.0,1.0,0.5,0.0,0.0,0.0,1.0,0.0,0.0,1.0,0.0,0.6666666666666666,1.1547005383792517,0.6666666666666666,0.3333333333333333,0.0,0.0,0.0,0.0,0.0,0.0,0.3333333333333333,0.6666666666666666,,0.0,0.0,,0.0,0.3333333333333333,0.6666666666666666,1.3333333333333333,1.0,,0.5,,0.0,,0.0,,0.0,,1.0,,0.0,,0.0,,1.0,,1.0,1.4142135623730951,0.8,0.2,0.0,0.0,0.0,0.0,0.0,0.0,0.4,0.8,,0.0,0.0,,0.0,0.2,0.4,0.0,0.8333333333333333,0.2357022603955159,0.25,0.3535533905932738,0.0,0.0,0.0,0.0,0.0,0.0,0.8333333333333333,0.2357022603955159,0.0,0.0,0.0,0.0,0.8333333333333333,0.2357022603955159,0.9,1.100504934614612,0.4,0.2,0.0,0.0,0.0,0.0,0.0,0.0,0.2,0.4,,0.0,0.0,,0.0,0.2,0.2,0.2,0.3333333333333333,0.4714045207910317,0.3,0.4472135954999579,0.0,0.0,0.0,0.0,0.0,0.0,0.3333333333333333,0.4714045207910317,0.0,0.0,0.0,0.0,0.3333333333333333,0.4714045207910317,,,,MIN,False,5.9,0.8600000000000001,0.36,0.0,0.0,0.1298,0.1062,0.354,1.2200000000000002,1.2200000000000002,0.8600000000000001,0.36,0.236,0.4,0.28,0.002,0.002,0.682,0.064,0.028,0.114,0.9402127418834528,0.515363949069005,0.25,0.25,1.1013064968481754,0.2681492121935099,0.25,0.3301575381541363
6578,Harrison Barnes,SAS,2026-05-15,0.0,3.0,3.0,5.0,13.0,0,1,1,0,0,0,0,0,0,0,,0,0,,1,0,0,0,4.0,0.0,0.25,0.25,0.0,0.0,0.0,0.0,0.0,0.0,0.0,6.333333333333333,2.5166114784235805,0.6666666666666666,1.0,0.3333333333333333,0.0,0.0,0.3333333333333333,0.0,0.0,0.3333333333333333,0.6666666666666666,,0.0,0.0,,0.3333333333333333,0.6666666666666666,0.0,-0.6666666666666666,0.074074074074074,0.1283000598199166,0.1759259259259259,0.0699058744006551,0.0833333333333333,0.1443375672974064,0.0,0.0,0.0,0.0,0.074074074074074,0.1283000598199168,0.0,0.0,0.0,0.0,0.074074074074074,0.1283000598199167,8.8,4.207136793592525,3.2,1.8,0.2,0.4,1.0,0.2,0.2,0.2,1.2,2.0,,0.4,0.4,,1.0,0.8,0.6,4.0,0.2444444444444444,0.3281071791162978,0.2122222222222222,0.1174839101145448,0.05,0.1118033988749894,0.0266666666666666,0.0596284793999943,0.0666666666666666,0.1490711984999859,0.1577777777777778,0.1953787079140735,0.0266666666666666,0.0596284793999943,0.0133333333333333,0.0298142396999971,0.1828444444444444,0.2463159869600403,10.0,3.8005847503304593,2.7,1.3,0.2,0.2,1.1,0.1,0.1,0.1,0.9,2.1,,0.7,0.8,,0.8,0.5,0.5,3.9,0.2083294483294483,0.2323437054349373,0.1386519036519036,0.1130625493219111,0.034090909090909,0.081064146056942,0.0133333333333333,0.0421637021355783,0.0902331002331002,0.1065159217256876,0.174996114996115,0.1325275691724239,0.0602331002331002,0.0788823189677526,0.0066666666666666,0.0210818510677891,0.2081653457653457,0.170584201432939,,,,MIN,False,8.4375,2.180655405405405,1.2885337837837838,0.2808243243243243,0.2088243243243243,0.1140202702702702,0.1140202702702702,0.1140202702702702,3.750013513513513,3.469189189189189,2.4614797297297293,1.569358108108108,0.2280405405405405,3.192,1.526,0.416,0.286,5.134,0.112,0.058,0.148,2.7208704489556275,1.1752974091692707,0.6441614704404479,0.5479087515271133,3.041059683728683,0.3278048199767661,0.25,0.376956230880987
2488653,Mason Plumlee,SAS,2026-05-15,0.0,3.0,3.0,5.0,13.0,0,0,0,0,0,0,0,0,0,0,,0,0,,0,0,0,0,0.0,,,,,,,,,,0.0,0.0,0.0,0.0,0.0,0.0,0.0,0.0,0.0,0.0,0.0,0.0,0.0,,0.0,0.0,,0.0,0.0,0.0,0.0,,,,,,,,,,,,,,,,,,,0.6,1.3416407864998738,0.0,0.0,0.2,0.0,0.0,0.0,0.4,0.0,0.0,0.0,,0.0,0.0,,0.0,0.0,0.0,-0.8,0.0,,0.0,,0.3333333333333333,,0.0,,0.0,,0.0,,0.0,,0.0,,0.0,,0.5,1.0801234497346452,0.0,0.0,0.1,0.0,0.0,0.0,0.2,0.0,0.0,0.0,,0.0,0.0,,0.0,0.0,0.0,-0.1,0.0,0.0,0.0,0.0,0.1666666666666666,0.2357022603955158,0.0,0.0,0.0,0.0,0.0,0.0,0.0,0.0,0.0,0.0,0.0,0.0,,,,MIN,False,6.075,0.0,0.0,0.09,0.0,0.13365,0.1093499999999999,0.3645,0.09,0.0,0.09,0.09,0.243,0.028,0.0,0.114,0.0,0.142,0.052,0.024,0.1,0.2592604867695808,3.0,0.3240432069956103,1.3,0.4072296649312277,0.25,0.25,0.3193743884534262
2489663,Kelly Olynyk,SAS,2026-05-15,0.0,3.0,3.0,5.0,13.0,3,0,0,1,1,0,0,0,1,1,,0,0,,0,0,0,4,2.0,1.5,0.0,0.0,0.5,0.5,0.5,0.0,0.0,0.5,0.0,0.6666666666666666,1.1547005383792517,1.0,0.0,0.0,0.3333333333333333,0.3333333333333333,0.0,0.0,0.0,0.3333333333333333,0.3333333333333333,,0.0,0.0,,0.0,0.0,0.0,1.3333333333333333,1.5,,0.0,,0.0,,0.5,,0.5,,0.5,,0.0,,0.0,,0.5,,2.4,4.33589667773576,1.6,0.2,0.4,0.4,0.6,0.2,0.0,0.2,0.6,0.8,,0.0,0.0,,0.0,0.2,0.4,1.0,1.0,0.7071067811865476,0.05,0.0707106781186547,0.1,0.1414213562373095,0.3,0.282842712474619,0.35,0.2121320343559642,0.4,0.1414213562373095,0.0,0.0,0.05,0.0707106781186547,0.45,0.0707106781186547,1.4,3.0983866769659336,0.8,0.1,0.2,0.2,0.3,0.1,0.0,0.1,0.3,0.4,,0.0,0.2,,0.0,0.1,0.2,0.5,0.5,0.7071067811865476,0.025,0.05,0.05,0.1,0.15,0.2380476142847616,0.175,0.2362907813126304,0.2,0.2449489742783178,0.5,1.0,0.025,0.05,0.445,0.3616167400254953,,,,MIN,False,6.716666666666667,3.068,0.346,0.692,0.792,0.5166666666666667,0.0,0.5166666666666667,4.106,3.414,3.76,1.0379999999999998,0.5166666666666667,1.348,0.214,0.278,0.194,1.84,0.118,0.0,0.12,1.897075644248273,0.4777070231847131,0.5298263866588753,0.4476203748713859,2.060679499582601,0.3578770738675502,1.3,0.3429285639896449
3064560,Luke Kornet,SAS,2026-05-15,0.0,3.0,3.0,5.0,12.0,0,0,0,0,0,2,1,0,0,1,,0,0,,0,0,1,-2,11.0,0.0,0.0,0.0,0.0,0.0,0.0909090909090909,0.0,0.0,0.0909090909090909,0.0,16.0,8.660254037844387,3.0,3.333333333333333,0.3333333333333333,0.0,0.0,1.0,1.3333333333333333,0.3333333333333333,1.3333333333333333,2.0,,0.3333333333333333,0.6666666666666666,,1.6666666666666667,1.6666666666666667,2.0,-3.6666666666666665,0.1503496503496504,0.1373462891007154,0.1456876456876457,0.1794606888694443,0.0128205128205128,0.0222057795842164,0.0,0.0,0.0,0.0,0.1118881118881118,0.0363367302287178,0.0256410256410256,0.0444115591684328,0.0128205128205128,0.0222057795842163,0.135990675990676,0.0780835958470445,13.8,7.049822692805826,3.0,2.8,0.4,0.0,0.0,1.0,1.4,0.6,1.0,1.6,,1.0,1.2,,1.4,1.4,1.6,0.8,0.2017482517482517,0.1216612398587765,0.1681818181818181,0.1349351392665765,0.023076923076923,0.034401045807689,0.0,0.0,0.0,0.0,0.1075174825174825,0.0313834319423358,0.0961538461538461,0.107072391592885,0.0576923076923076,0.1087856586440842,0.2075174825174825,0.1646933282388052,16.6,8.085652588244054,5.6,4.9,1.0,0.1,0.1,0.9,0.9,0.6,2.3,3.7,,0.9,1.2,,2.4,2.5,1.9,1.7,0.3098118548118548,0.1926780309257657,0.2738344988344988,0.1686664631843106,0.0555677655677655,0.0702548123690711,0.0033333333333333,0.0105409255338945,0.0033333333333333,0.0105409255338945,0.2181909756909756,0.1683826155672555,0.0731501831501831,0.0819332397016059,0.044084249084249,0.0773707851318315,0.2944613053613053,0.1885490855442001,,,,MIN,False,14.915,3.826096774193548,3.637758064516128,0.6811854838709677,0.0801693548387096,0.7216935483870968,1.0825403225806451,0.6014112903225806,8.145040322580645,7.463854838709676,4.507282258064516,4.318943548387096,1.804233870967742,4.628,3.828,1.276,0.37,9.732,0.422,0.34,0.496,3.1134572423593685,1.9855518124692693,1.1312930654786142,0.5806031346797914,3.883320228876316,0.6752155211486182,0.6135144660071187,0.728
3134916,Jordan McLaughlin,SAS,2026-05-15,0.0,3.0,3.0,5.0,10.0,0,0,2,0,0,0,0,0,0,0,,0,0,,0,0,0,7,3.0,0.0,0.0,0.6666666666666666,0.0,0.0,0.0,0.0,0.0,0.0,0.0,1.0,1.7320508075688772,0.0,0.0,0.6666666666666666,0.0,0.0,0.0,0.0,0.0,0.0,0.0,,0.0,0.0,,0.0,0.0,0.0,2.333333333333333,0.0,,0.0,,0.6666666666666666,,0.0,,0.0,,0.0,,0.0,,0.0,,0.0,,2.6,4.33589667773576,0.4,0.0,0.8,0.0,0.0,0.2,0.0,0.0,0.2,0.2,,0.0,0.0,,0.0,0.0,0.2,1.6,0.1,0.1414213562373095,0.0,0.0,0.4333333333333333,0.3299831645537221,0.0,0.0,0.0,0.0,0.05,0.0707106781186547,0.0,0.0,0.0,0.0,0.05,0.0707106781186547,2.6666666666666665,3.3541019662496847,1.0,0.3333333333333333,0.6666666666666666,0.1111111111111111,0.1111111111111111,0.3333333333333333,0.0,0.0,0.4444444444444444,0.5555555555555556,,0.0,0.0,,0.2222222222222222,0.1111111111111111,0.2222222222222222,1.4444444444444444,0.45,0.4636809247747852,0.1388888888888888,0.2215266893041876,0.3111111111111111,0.2841491522787649,0.0277777777777777,0.0680413817439771,0.0277777777777777,0.0680413817439771,0.2388888888888889,0.2360947706763975,0.0,0.0,0.0,0.0,0.2388888888888889,0.2360947706763975,,,,MIN,False,6.6,1.126,0.0266666666666666,1.602833333333333,0.0088888888888888,0.825,0.0,0.0,2.7555,1.1526666666666665,2.728833333333333,1.6294999999999995,0.825,0.658,0.104,0.576,0.05,1.338,0.204,0.002,0.004,1.3270403158909678,0.3538135101999357,0.7511484540355521,0.25,1.5810616686264962,0.4408900089591507,0.25,0.25
4066259,De'Aaron Fox,SAS,2026-05-15,0.0,3.0,3.0,5.0,13.0,18,4,5,1,4,0,0,1,6,15,,5,5,,0,4,2,24,34.0,0.5294117647058824,0.1176470588235294,0.1470588235294117,0.0294117647058823,0.1176470588235294,0.4411764705882353,0.1470588235294117,0.0294117647058823,0.5352941176470588,0.0,35.333333333333336,1.5275252316519567,19.666666666666668,3.6666666666666665,4.333333333333333,1.0,5.333333333333333,1.3333333333333333,0.0,1.3333333333333333,7.0,19.0,,4.666666666666667,6.0,,0.3333333333333333,3.333333333333333,2.333333333333333,5.333333333333333,0.5545915663562723,0.0843351555673634,0.1038231508819744,0.0163919536185885,0.1236656824892119,0.0369391355872734,0.0283367401014459,0.0012095670538227,0.1498977969566205,0.0362870116147035,0.5352184116889999,0.0904647765335204,0.1676811265046559,0.0939903579834616,0.0378605496252555,0.0167414838306452,0.6468586569763041,0.1164064153250454,33.0,4.183300132670378,17.0,2.8,4.2,1.0,4.4,1.4,0.0,2.2,6.2,16.2,,3.6,4.6,,0.2,2.6,2.2,5.4,0.516437923496747,0.1359459438786258,0.0804757087110028,0.0467918171566302,0.1259476612417789,0.0454685239865205,0.0323866594454829,0.0277692268382252,0.1295657178010119,0.0409716516837991,0.4829026087849617,0.0970566548111556,0.139070214364332,0.1028334591090536,0.0667722738310973,0.0653935712304837,0.6108657769363651,0.1020480569650421,34.2,3.3928028399998587,18.6,3.4,5.5,1.5,4.9,1.2,0.2,2.1,7.0,15.9,,3.1,4.3,,0.5,2.9,2.7,8.0,0.5417785394255983,0.1150672440177581,0.0961453455571102,0.0442048397739266,0.159353921118627,0.0604737533296971,0.0439334001098707,0.0300074604351407,0.1401976401976402,0.040812196630168,0.4618384336031395,0.0698290090362928,0.1260333475039357,0.0737068602771741,0.0613398825163531,0.0494653658652699,0.5786329890212243,0.0851252469706553,,,,MIN,False,34.146,18.67338394160584,3.3628510948905106,5.063207299270073,1.3372671532846716,1.1215839416058395,0.2492408759124087,2.243167883211679,27.099442335766422,22.03623503649635,23.736591240875917,8.426058394160584,1.3708248175182485,15.728,4.506,4.206,1.598,24.44,0.844,0.228,1.594,6.171386878166041,2.110441659937559,1.985840879828996,1.2792169479802868,6.804586688403639,0.9075593644495108,0.4816803919613087,1.244654168835665
4066317,Lindy Waters III,SAS,2026-05-15,0.0,3.0,3.0,5.0,13.0,3,0,0,1,1,0,0,0,1,2,,0,0,,0,0,0,4,2.0,1.5,0.0,0.0,0.5,0.5,1.0,0.0,0.0,1.0,0.0,0.6666666666666666,1.1547005383792517,1.0,0.0,0.0,0.3333333333333333,0.3333333333333333,0.0,0.0,0.0,0.3333333333333333,0.6666666666666666,,0.0,0.0,,0.0,0.0,0.0,1.3333333333333333,1.5,,0.0,,0.0,,0.5,,0.5,,1.0,,0.0,,0.0,,1.0,,2.0,3.4641016151377544,2.2,0.8,0.2,0.6,1.0,0.0,0.0,0.2,0.8,1.4,,0.0,0.0,,0.4,0.4,0.2,1.0,1.25,0.3535533905932738,0.25,0.3535533905932738,0.0625,0.0883883476483184,0.375,0.1767766952966369,0.5,0.0,0.8125,0.2651650429449553,0.0,0.0,0.0625,0.0883883476483184,0.875,0.1767766952966369,1.4,2.458545188611436,1.1,0.5,0.1,0.3,0.6,0.0,0.0,0.1,0.4,0.8,,0.0,0.0,,0.2,0.3,0.1,0.7,0.5,0.7071067811865476,0.3,0.4472135954999579,0.025,0.0559016994374947,0.15,0.2236067977499789,0.4,0.4183300132670378,0.525,0.5031152949374528,0.0,0.0,0.025,0.0559016994374947,0.55,0.51234753829798,,,,MIN,False,6.3375,1.74,0.38,0.09,0.52,0.139425,0.114075,0.38025,2.21,2.12,1.83,0.47,0.2535,1.35,0.432,0.148,0.242,1.93,0.068,0.036,0.154,1.8866637220236149,0.6491348088032255,0.3874222502644885,0.4810779562607291,2.028077907773762,0.251745903640953,0.25,0.3772055142757062
4395630,Devin Vassell,SAS,2026-05-15,0.0,3.0,3.0,5.0,13.0,12,3,2,2,7,0,1,1,4,10,,2,3,,1,2,3,22,32.0,0.375,0.09375,0.0625,0.0625,0.21875,0.3125,0.09375,0.03125,0.385,0.0,33.666666666666664,2.0816659994661357,13.0,3.333333333333333,2.6666666666666665,1.6666666666666667,6.0,1.3333333333333333,0.3333333333333333,1.0,5.333333333333333,11.333333333333334,,0.6666666666666666,1.0,,0.6666666666666666,2.6666666666666665,2.333333333333333,12.333333333333334,0.3867845117845117,0.0331744888871019,0.0969065656565656,0.0682365976631066,0.0789141414141414,0.0147110861082462,0.0502946127946128,0.0195231310498214,0.1789772727272727,0.0352674705483637,0.3348063973063973,0.0470755319885199,0.03125,0.0541265877365274,0.029776936026936,0.00179489921183,0.3783333333333333,0.0420647648804129,31.8,5.761944116355174,12.6,4.0,3.0,2.0,6.0,1.4,0.4,0.8,4.8,10.8,,1.0,1.2,,1.2,2.8,2.4,11.4,0.4007575757575757,0.0381471971732963,0.1313762626262626,0.074379967117958,0.1003787878787878,0.0467384949971707,0.0650252525252525,0.0245888157754424,0.1952651515151515,0.0502536752444427,0.3438131313131313,0.050991189363605,0.0424873737373737,0.0469021471062162,0.0234217171717171,0.0131829610267385,0.3859292929292929,0.0482996198771535,32.9,4.0400770069668495,12.6,4.9,2.7,1.8,5.8,1.4,0.8,1.1,4.8,11.5,,1.2,1.6,,0.9,4.0,2.2,10.6,0.3857289279348103,0.0609806215223905,0.1511019331975214,0.0987203370892933,0.085498790425261,0.0365285971982476,0.0562253840930311,0.0406455387754051,0.1803573020117138,0.0608598026261441,0.3516315465580171,0.062948391187939,0.050744578134284,0.0489217000207008,0.032309279772515,0.0167753352073814,0.4062684407096172,0.0727866376460514,,,,MIN,False,32.61525,12.174870689655172,4.081237931034483,2.8004844827586206,1.793686206896552,1.3745890804597702,0.6248132183908046,1.1246637931034484,19.056593103448275,16.256108620689655,14.975355172413792,6.881722413793104,1.9994022988505749,14.822,5.084,3.12,1.866,23.026,0.898,0.304,0.934,5.935850065491883,2.1947537447285512,1.6533602148352309,1.3115044795958573,6.450528970557375,0.9357328678634732,0.5436763743257564,0.8998022004863068
4395723,Keldon Johnson,SAS,2026-05-15,0.0,3.0,3.0,5.0,13.0,21,2,0,1,3,2,1,2,8,11,,4,5,,2,0,3,17,22.0,0.9545454545454546,0.0909090909090909,0.0,0.0454545454545454,0.1363636363636363,0.5,0.2272727272727272,0.0909090909090909,0.6909090909090909,0.0,19.33333333333333,2.516611478423584,12.0,2.333333333333333,0.6666666666666666,1.0,2.333333333333333,1.3333333333333333,0.3333333333333333,1.6666666666666667,4.333333333333333,7.333333333333333,,2.333333333333333,3.333333333333333,,1.0,1.3333333333333333,1.6666666666666667,0.3333333333333333,0.5895956468711887,0.3597438822037091,0.1242142790130406,0.0458208598774174,0.0371517027863777,0.0323229303681441,0.0502392344497607,0.0527944413653442,0.1156299840510366,0.1067836394942461,0.3679050567595459,0.1323536955542505,0.1655408574913218,0.0927984464240726,0.089126559714795,0.0882487971086386,0.5298695937705227,0.139954438793432,20.2,2.7748873851023217,11.2,3.8,0.8,0.6,2.0,0.8,0.4,1.2,4.0,8.0,,2.6,4.0,,1.0,2.8,2.2,3.2,0.540160896894643,0.2632857787037765,0.1964583919692278,0.1880557892954098,0.0411506707946336,0.0238201406078576,0.0301435406698564,0.0463769417164262,0.0965709728867623,0.0806243364122487,0.3882868937048503,0.0976732619212234,0.2002017074772492,0.1442745424826398,0.0640022516183506,0.0736460680610781,0.5403778966131907,0.1236337724928398,19.5,2.273030282830976,8.7,4.1,1.1,0.8,2.0,0.9,0.3,1.3,3.1,7.1,,1.7,2.6,,1.1,3.0,2.0,2.6,0.4396089265052113,0.2274305241717158,0.2129210727353142,0.1454030208194568,0.0568545137353186,0.0348860653360722,0.0418271391491205,0.0334198431295397,0.1025898748654166,0.0611154964856776,0.3602218782249742,0.094737966983881,0.1325004802558982,0.126208480250667,0.0681916019996515,0.0579059219210541,0.4867136915372209,0.1274305116717137,,,,MIN,False,19.91425,10.824116878980892,3.543162420382165,0.9649487261146495,0.7846324840764332,0.7610541401273885,0.3805270700636942,1.2684235668789807,15.332228025477706,14.367279299363055,11.78906560509554,4.508111146496815,1.1415812101910827,9.876,4.204,1.626,1.132,15.706,0.544,0.226,0.992,5.04029999107196,1.934524230915705,1.2482483727207498,1.0837785751711464,5.5540583360278095,0.7537002056520883,0.4763654059647909,1.007936505936758
4433618,Harrison Ingram,SAS,2026-05-15,0.0,33.0,0.0,0.0,3.0,0,0,0,0,0,0,0,0,0,0,,0,0,,0,0,0,0,0.0,,,,,,,,,,0.0,3.0,4.242640687119285,0.0,0.0,0.0,0.0,0.0,0.0,0.0,0.0,0.0,0.0,,0.0,0.0,,0.0,0.0,0.0,-1.0,0.0,,0.0,,0.0,,0.0,,0.0,,0.0,,0.0,,0.0,,0.0,,3.0,4.242640687119285,0.0,0.0,0.0,0.0,0.0,0.0,0.0,0.0,0.0,0.0,,0.0,0.0,,0.0,0.0,0.0,-1.0,0.0,,0.0,,0.0,,0.0,,0.0,,0.0,,0.0,,0.0,,0.0,,3.0,4.242640687119285,0.0,0.0,0.0,0.0,0.0,0.0,0.0,0.0,0.0,0.0,,0.0,0.0,,0.0,0.0,0.0,-1.0,0.0,,0.0,,0.0,,0.0,,0.0,,0.0,,0.0,,0.0,,0.0,,,,,MIN,False,8.0,0.0,0.0,0.0,0.0,0.176,0.144,0.48,0.0,0.0,0.0,0.0,0.3199999999999999,0.148,0.04,0.022,0.002,0.21,0.114,0.074,0.232,0.5604426821718702,0.25,0.25,0.25,0.6081940479813989,0.3478562921667509,0.2693028035502044,0.4496398558846847
4592479,Julian Champagnie,SAS,2026-05-15,0.0,3.0,3.0,5.0,13.0,8,4,0,2,8,2,0,0,3,9,,0,0,,0,4,5,15,29.0,0.2758620689655172,0.1379310344827586,0.0,0.0689655172413793,0.2758620689655172,0.3103448275862069,0.0,0.0,0.3103448275862069,0.0,29.33333333333333,0.5773502691896286,7.333333333333333,7.0,2.0,1.3333333333333333,6.333333333333333,2.0,0.0,0.0,2.333333333333333,8.0,,1.3333333333333333,1.3333333333333333,,1.6666666666666667,5.333333333333333,2.6666666666666665,5.0,0.2498084291187739,0.0374461048976875,0.239463601532567,0.1516559117472397,0.067816091954023,0.0587557605477336,0.0459770114942528,0.0398172599441121,0.2164750957854405,0.0552242732007647,0.2727969348659003,0.0348890496178766,0.0444444444444444,0.0769800358919501,0.0,0.0,0.2923524904214559,0.0447756925292753,28.4,3.781534080237808,10.2,6.2,1.6,2.2,6.4,1.6,0.2,0.2,3.6,8.4,,0.8,0.8,,1.6,4.6,2.2,8.2,0.3652259665621734,0.1603233963907336,0.2147008881922674,0.116180600125611,0.0588714733542319,0.0539368999717768,0.082699843260188,0.0655039664831699,0.2281805120167189,0.0463245060827653,0.2932236154649947,0.0519464063738021,0.0266666666666666,0.0596284793999943,0.00625,0.0139754248593736,0.3112069487983281,0.0624300891743415,28.5,2.718251071716681,10.2,5.6,1.4,2.4,5.3,1.4,0.4,0.4,3.5,7.1,,0.8,1.0,,0.9,4.7,2.2,7.9,0.3601991901776384,0.1533923970875618,0.1947323087193777,0.0878899068869094,0.0498061070474863,0.0471118198820903,0.0863946215023801,0.0523572072099939,0.1871426187158945,0.0636439225586661,0.2480422036456519,0.0798708905430355,0.0344444444444444,0.0503016355039253,0.0138657407407407,0.0179770538099805,0.2770634999419482,0.0790627805178855,,,,MIN,False,28.6885,10.172156578947366,5.94431447368421,1.481952631578947,2.2899210526315787,1.258267543859649,0.1258267543859648,0.2516535087719297,17.598423684210523,16.116471052631574,11.654109210526313,7.426267105263157,1.3840942982456137,14.71,6.246,2.126,2.11,23.082,0.89,0.176,0.478,5.7887736179608895,2.555285502639578,1.3978998533514482,1.4511719401917884,6.194778123548898,0.9475758544834286,0.4062314611154581,0.6910253251509673
4845367,Stephon Castle,SAS,2026-05-15,0.0,3.0,3.0,5.0,12.0,17,4,6,0,1,2,1,4,8,11,,1,3,,0,4,3,4,27.0,0.6296296296296297,0.1481481481481481,0.2222222222222222,0.0,0.037037037037037,0.4074074074074074,0.1111111111111111,0.1481481481481481,0.6044444444444445,0.0,34.666666666666664,6.806859285554048,16.666666666666668,4.666666666666667,7.333333333333333,1.0,3.333333333333333,1.0,0.6666666666666666,3.0,6.333333333333333,13.0,,3.0,4.666666666666667,,1.0,3.6666666666666665,3.333333333333333,9.666666666666666,0.4983900567233901,0.1566279038887587,0.1367701034367701,0.0326056517686631,0.2101101101101101,0.0965176252729244,0.0263513513513513,0.0270523529988751,0.0913997330663997,0.0641544048985058,0.3806222889556223,0.0951020766012818,0.1307307307307307,0.0618395053725773,0.091725058391725,0.0609830918318724,0.5298688688688689,0.0710364534041977,31.2,6.906518659932803,17.6,4.6,6.2,1.2,3.2,1.0,0.4,2.8,5.8,11.4,,4.8,6.2,,0.8,3.8,4.2,10.0,0.5954626054626054,0.1972380686717345,0.1511096811096811,0.0305748871269545,0.1951136851136851,0.0713947851294202,0.0372393822393822,0.0449793692945977,0.0988874588874588,0.0671258659844471,0.3688495638495638,0.0832204165296476,0.2105812955812955,0.1219170450955917,0.0967017017017017,0.0856227426087815,0.5582070356070357,0.1481328849339342,32.0,5.497474167490213,18.7,4.3,6.1,1.7,4.3,0.9,0.4,3.2,6.2,13.3,,4.6,5.8,,0.8,3.5,3.9,6.7,0.6006667058215045,0.1936761939958927,0.1340074302767801,0.0581787922636435,0.1925534867794929,0.0679323864919276,0.0533357490555633,0.0408791433495551,0.1334081654205493,0.0641010467711301,0.4165709639161651,0.097845789870381,0.1849506678531446,0.1178587553411025,0.1021594777244932,0.0719013225739626,0.600108735496042,0.1234951070067828,,,,MIN,False,31.54425,18.533556626506027,3.992296987951807,6.320501807228915,1.4881433734939755,0.8867861445783132,0.3800512048192771,3.2937771084337344,28.84635542168675,22.525853614457837,24.85405843373494,10.312798795180722,1.2668373493975902,16.732,4.66,4.724,1.926,26.116,0.648,0.264,1.898,6.347926905691338,2.130821437849732,2.15030788493183,1.3858297153690995,6.93271548529146,0.7823656434174496,0.5387986636954476,1.3753530455850238
5037871,Dylan Harper,SAS,2026-05-15,0.0,3.0,3.0,5.0,13.0,12,10,2,0,1,1,1,2,5,10,,2,2,,5,5,3,13,25.0,0.48,0.4,0.08,0.0,0.04,0.4,0.08,0.08,0.5152,0.0,24.0,3.605551275463991,14.666666666666666,7.0,1.3333333333333333,0.3333333333333333,1.3333333333333333,1.6666666666666667,0.6666666666666666,1.6666666666666667,5.0,9.0,,4.333333333333333,5.0,,2.6666666666666665,4.333333333333333,2.333333333333333,-0.6666666666666666,0.5896296296296296,0.2622347768494872,0.2864197530864198,0.1027291064825418,0.055679012345679,0.022037296398515,0.0123456790123456,0.0213833433033194,0.0590123456790123,0.0355272521092267,0.3691358024691358,0.0599878054975621,0.2130864197530864,0.1170425065138605,0.0680246913580246,0.0158885579406668,0.5309185185185186,0.0583868128749587,24.6,3.646916505762092,14.6,6.4,2.6,0.6,2.2,1.4,0.4,1.4,5.4,10.0,,3.2,3.6,,1.8,4.6,2.6,3.6,0.5779157088122606,0.1909491243553408,0.2630744223847672,0.1017831575473525,0.1064481597585045,0.0779319436561312,0.0233948682224544,0.0217389003937923,0.0902663415766864,0.0496278439993259,0.4020457448043655,0.06192679104303,0.1485415070242656,0.1264851895927886,0.058996632996633,0.0362229821216853,0.5264006408916753,0.0455674671979856,25.0,3.1269438398822853,13.6,5.1,2.2,0.8,2.1,1.3,0.3,1.4,5.0,9.1,,2.8,3.3,,1.5,3.6,2.6,7.3,0.5259076871820499,0.2492196243023765,0.2018003104120045,0.1253070972776064,0.0884615380732322,0.0585921221969636,0.0288769212907143,0.0415601576611275,0.0823416434750767,0.0537574755505257,0.3605078222349586,0.0719277408552971,0.1301971749168151,0.1031436705231941,0.0584169341125862,0.0417547330488032,0.4762115133109435,0.0885750905630581,,,,MIN,False,24.889,14.39635294117647,6.1845382352941165,2.13765294117647,0.7736235294117647,1.4640588235294116,0.3660147058823529,1.0980441176470588,22.718544117647056,20.580891176470587,16.53400588235294,8.322191176470588,1.8300735294117645,13.302,5.724,2.556,1.278,21.582,0.918,0.236,0.964,5.606317507954754,2.2873180801978545,1.666992501482835,1.152699440444039,6.223124295721563,0.9587888192923404,0.4861110984126982,0.970929451608097
5061568,Carter Bryant,SAS,2026-05-15,0.0,3.0,3.0,4.0,12.0,3,4,2,1,1,0,0,1,1,1,,0,0,,0,4,1,9,12.0,0.25,0.3333333333333333,0.1666666666666666,0.0833333333333333,0.0833333333333333,0.0833333333333333,0.0,0.0833333333333333,0.1666666666666666,0.0,10.666666666666666,2.309401076758508,3.6666666666666665,1.6666666666666667,0.6666666666666666,1.0,1.3333333333333333,0.0,0.0,1.3333333333333333,1.3333333333333333,1.6666666666666667,,0.0,0.0,,0.0,1.6666666666666667,2.0,4.666666666666667,0.3888888888888889,0.3154949081000152,0.1388888888888888,0.1734721666221778,0.0555555555555555,0.0962250448649376,0.1111111111111111,0.1272937693043289,0.1388888888888888,0.0962250448649374,0.1666666666666666,0.0833333333333332,0.0,0.0,0.1111111111111111,0.1272937693043289,0.2777777777777778,0.1272937693043288,9.8,5.674504383644442,2.6,1.4,0.8,0.6,1.2,0.0,0.0,1.0,1.0,1.6,,0.0,0.4,,0.2,1.2,2.2,6.4,0.2583333333333333,0.2892759159618296,0.1083333333333333,0.1369306393762914,0.0583333333333333,0.0812232862067413,0.0666666666666666,0.1086533734200441,0.1083333333333333,0.0912870929175276,0.1375,0.0972718127494062,0.025,0.0559016994374947,0.0791666666666666,0.1024864489687403,0.2276666666666666,0.1563276473734998,12.4,8.796463936024395,4.2,2.3,1.6,0.8,2.2,0.0,0.6,0.8,1.7,3.4,,0.0,0.3,,0.9,1.4,2.5,3.6,0.3438768115942029,0.3384538291711559,0.1802536231884058,0.1528082066659313,0.0965579710144927,0.0841608513757543,0.0826811594202898,0.1164949827477176,0.1615579710144927,0.1466182032884448,0.2254891304347825,0.1771919426544171,0.0158333333333333,0.0397620235717263,0.0679166666666666,0.0837040365857032,0.3003724637681159,0.2180883919718687,,,,MIN,False,10.991499999999998,3.1800999999999995,2.0037,1.20095,0.8352999999999999,0.0,0.4227499999999999,0.8454999999999999,6.38475,5.1838,4.381049999999999,3.20465,0.4227499999999999,5.296,2.212,1.494,0.836,9.002,0.048,0.166,0.568,3.650805938419625,1.4460484085949543,1.180662525872656,0.8950441329901001,4.200713748876493,0.25,0.4030434219783273,0.7519148888005875
5104157,Victor Wembanyama,SAS,2026-05-15,0.0,3.0,3.0,5.0,11.0,27,17,5,2,5,0,3,4,9,16,,7,9,,2,15,1,24,33.0,0.8181818181818182,0.5151515151515151,0.1515151515151515,0.0606060606060606,0.1515151515151515,0.4848484848484848,0.2727272727272727,0.1212121212121212,0.7260606060606061,0.0,27.33333333333333,13.428824718989128,23.33333333333333,12.0,2.333333333333333,1.6666666666666667,3.6666666666666665,0.3333333333333333,2.6666666666666665,2.333333333333333,8.0,13.0,,5.666666666666667,7.0,,1.3333333333333333,10.666666666666666,3.0,13.0,0.7351897351897353,0.3674579618113782,0.4179634179634179,0.0915573075700282,0.0872918372918373,0.0623383958715237,0.0472290472290472,0.0421632991176664,0.1233278733278733,0.0355914126747386,0.4626672126672126,0.0398460592355474,0.199017199017199,0.174274060209389,0.1049686049686049,0.0712228622328331,0.6552033852033853,0.0713690266504786,29.6,11.148990985734986,20.0,13.2,2.8,1.4,5.2,0.4,4.4,2.4,7.2,14.2,,4.2,5.2,,2.0,11.2,2.6,11.2,0.6422676872676872,0.3311617073577264,0.4411626661626661,0.1014747308613878,0.0927597177597177,0.0478332503130001,0.0437220437220437,0.0406396066621419,0.1678428778428778,0.0703417358663948,0.4779849429849429,0.0641784114592737,0.1524872424872425,0.1406398294388238,0.0933657783657783,0.0528131925055538,0.6384451080451081,0.0850993010826736,28.7,9.78717982305878,22.4,11.4,2.7,1.6,4.6,0.7,4.0,2.5,7.8,14.2,,5.2,6.0,,1.6,9.8,2.2,11.1,0.7521190349131526,0.3930456375869856,0.3955367698014757,0.1192584545109499,0.0946213232977939,0.050616047276242,0.0505871976460211,0.0485087106796308,0.1550067261831967,0.0746589926550123,0.4866786088844912,0.1922537151123985,0.2082126326243973,0.1339246320645992,0.0978689580160168,0.0495004431530318,0.6761611252552429,0.217826384538694,,,,MIN,False,29.8125,20.937,12.83875,2.84425,1.3893125000000002,0.828125,4.5,2.3463541666666665,36.620000000000005,33.77575,23.78125,15.683000000000002,5.328125,16.124,9.286,3.032,1.558,28.442,0.64,0.956,1.568,5.833063003259952,2.842569963958671,1.664624882668765,1.2339513766757586,6.744378103279797,0.8260750571225353,0.984918270720977,1.2780359932333674
