date,snapshot_ts,player_id,player_name,team,stat,side,line,price,implied_prob,model_prob,model_prob_raw,edge,ev,bookmaker,bookmaker_title,commence_time,home_team,away_team,sentiment_strength,sentiment_w,sentiment_applied
2026-05-09,2026-05-09T12:37:59.552377+00:00,4278073,Shai Gilgeous-Alexander,OKC,ast,UNDER,5.5,180,0.35714285714285715,0.4437354693308672,0.9344269383962577,0.08659261218801007,0.2424593141264283,bovada,Bovada,2026-05-10T00:40:00Z,Los Angeles Lakers,Oklahoma City Thunder,,,False
2026-05-09,2026-05-09T12:37:59.552377+00:00,3992,James Harden,CLE,ast,UNDER,5.5,205,0.32786885245901637,0.39813938865970677,0.7963390937969524,0.0702705362006904,0.21432513541210563,bovada,Bovada,2026-05-09T19:10:00Z,Cleveland Cavaliers,Detroit Pistons,,,False
2026-05-09,2026-05-09T12:37:59.552377+00:00,4432166,Cade Cunningham,DET,ast,UNDER,8.5,145,0.40816326530612246,0.4934911613537408,0.9770159056235782,0.08532789604761837,0.20905334531666497,bovada,Bovada,2026-05-09T19:10:00Z,Cleveland Cavaliers,Detroit Pistons,,,False
2026-05-09,2026-05-09T12:37:59.552377+00:00,1966,LeBron James,LAL,ast,UNDER,6.5,155,0.39215686274509803,0.46469804782981383,0.8757647633098702,0.0725411850847158,0.18498002196602525,bovada,Bovada,2026-05-10T00:40:00Z,Los Angeles Lakers,Oklahoma City Thunder,,,False
2026-05-09,2026-05-09T12:37:59.552377+00:00,4066457,Austin Reaves,LAL,ast,UNDER,4.5,170,0.37037037037037035,0.4331219779188473,0.78871442069355,0.06275160754847697,0.16942934038088775,bovada,Bovada,2026-05-10T00:40:00Z,Los Angeles Lakers,Oklahoma City Thunder,,,False
2026-05-09,2026-05-09T12:37:59.552377+00:00,4278073,Shai Gilgeous-Alexander,OKC,ast,UNDER,6.5,110,0.47619047619047616,0.5520592846258083,0.981982532426024,0.07586880843533217,0.15932449771419754,fanduel,FanDuel,2026-05-10T00:40:00Z,Los Angeles Lakers,Oklahoma City Thunder,,,False
2026-05-09,2026-05-09T12:37:59.552377+00:00,4432166,Cade Cunningham,DET,ast,UNDER,8.5,110,0.47619047619047616,0.5513142906054415,0.9770159056235782,0.0751238144149653,0.15776001027142716,betmgm,BetMGM,2026-05-09T19:10:00Z,Cleveland Cavaliers,Detroit Pistons,,,False
2026-05-09,2026-05-09T12:37:59.552377+00:00,4278073,Shai Gilgeous-Alexander,OKC,ast,UNDER,6.5,100,0.5,0.5722973798639036,0.981982532426024,0.07229737986390361,0.14459475972780722,williamhill_us,Caesars,2026-05-10T00:40:00Z,Los Angeles Lakers,Oklahoma City Thunder,,,False
2026-05-09,2026-05-09T12:37:59.552377+00:00,4278073,Shai Gilgeous-Alexander,OKC,ast,UNDER,6.5,-101,0.5024875621890548,0.5744118077246001,0.981982532426024,0.07192424553554533,0.14313636982816458,betonlineag,BetOnline.ag,2026-05-10T00:40:00Z,Los Angeles Lakers,Oklahoma City Thunder,,,False
2026-05-09,2026-05-09T12:37:59.552377+00:00,1966,LeBron James,LAL,ast,UNDER,7.5,105,0.4878048780487805,0.5570364291155343,0.9493485518271396,0.06923155106675383,0.1419246796868453,betmgm,BetMGM,2026-05-10T00:40:00Z,Los Angeles Lakers,Oklahoma City Thunder,,,False
2026-05-09,2026-05-09T12:37:59.552377+00:00,4066457,Austin Reaves,LAL,ast,UNDER,5.5,110,0.47619047619047616,0.5425388936219203,0.9185132590667708,0.06634841743144415,0.13933167660603274,betonlineag,BetOnline.ag,2026-05-10T00:40:00Z,Los Angeles Lakers,Oklahoma City Thunder,,,False
2026-05-09,2026-05-09T12:37:59.552377+00:00,4278073,Shai Gilgeous-Alexander,OKC,ast,UNDER,6.5,-104,0.5098039215686274,0.5806307131972369,0.981982532426024,0.0708267916286095,0.13892947588688775,betrivers,BetRivers,2026-05-10T00:40:00Z,Los Angeles Lakers,Oklahoma City Thunder,,,False
2026-05-09,2026-05-09T12:37:59.552377+00:00,3992,James Harden,CLE,ast,UNDER,6.5,110,0.47619047619047616,0.541719434121884,0.913050195733195,0.06552895793140778,0.13761081165595634,bovada,Bovada,2026-05-09T19:10:00Z,Cleveland Cavaliers,Detroit Pistons,,,False
2026-05-09,2026-05-09T12:37:59.552377+00:00,4278073,Shai Gilgeous-Alexander,OKC,ast,UNDER,6.5,-105,0.5121951219512195,0.5826632335224402,0.981982532426024,0.07046811157122068,0.13758059878190698,draftkings,DraftKings,2026-05-10T00:40:00Z,Los Angeles Lakers,Oklahoma City Thunder,,,False
2026-05-09,2026-05-09T12:37:59.552377+00:00,4278073,Shai Gilgeous-Alexander,OKC,ast,UNDER,6.5,-105,0.5121951219512195,0.5826632335224402,0.981982532426024,0.07046811157122068,0.13758059878190698,bovada,Bovada,2026-05-10T00:40:00Z,Los Angeles Lakers,Oklahoma City Thunder,,,False
2026-05-09,2026-05-09T12:37:59.552377+00:00,3992,James Harden,CLE,ast,UNDER,6.5,109,0.4784688995215311,0.5436560939532806,0.913050195733195,0.06518719443174953,0.13624123636235652,draftkings,DraftKings,2026-05-09T19:10:00Z,Cleveland Cavaliers,Detroit Pistons,,,False
2026-05-09,2026-05-09T12:37:59.552377+00:00,4278073,Shai Gilgeous-Alexander,OKC,ast,UNDER,6.5,-111,0.5260663507109005,0.594453777968169,0.981982532426024,0.06838742725726854,0.12999772208363658,betmgm,BetMGM,2026-05-10T00:40:00Z,Los Angeles Lakers,Oklahoma City Thunder,,,False
2026-05-09,2026-05-09T12:37:59.552377+00:00,1966,LeBron James,LAL,ast,UNDER,7.5,-105,0.5121951219512195,0.5777681364326075,0.9493485518271396,0.06557301448138797,0.12802350446366217,betrivers,BetRivers,2026-05-10T00:40:00Z,Los Angeles Lakers,Oklahoma City Thunder,,,False
2026-05-09,2026-05-09T12:37:59.552377+00:00,4432166,Cade Cunningham,DET,ast,UNDER,9.5,-115,0.5348837209302325,0.6031511627906976,0.9933717875742851,0.06826744186046507,0.1276304347826085,bovada,Bovada,2026-05-09T19:10:00Z,Cleveland Cavaliers,Detroit Pistons,,,False
2026-05-09,2026-05-09T12:37:59.552377+00:00,3992,James Harden,CLE,ast,UNDER,6.5,102,0.49504950495049505,0.5577496085679,0.913050195733195,0.06270010361740497,0.12665420930715798,fanduel,FanDuel,2026-05-09T19:10:00Z,Cleveland Cavaliers,Detroit Pistons,,,False
2026-05-09,2026-05-09T12:37:59.552377+00:00,4432166,Cade Cunningham,DET,ast,UNDER,9.5,-116,0.5370370370370371,0.6049814814814816,0.9933717875742851,0.06794444444444447,0.12651724137931042,draftkings,DraftKings,2026-05-09T19:10:00Z,Cleveland Cavaliers,Detroit Pistons,,,False
2026-05-09,2026-05-09T12:37:59.552377+00:00,4066457,Austin Reaves,LAL,ast,UNDER,5.5,100,0.5,0.5627769888600156,0.9185132590667708,0.06277698886001559,0.12555397772003118,fanduel,FanDuel,2026-05-10T00:40:00Z,Los Angeles Lakers,Oklahoma City Thunder,,,False
2026-05-09,2026-05-09T12:37:59.552377+00:00,3992,James Harden,CLE,ast,UNDER,6.5,101,0.4975124378109453,0.5598431014992827,0.913050195733195,0.06233066368833745,0.12528463401355827,betonlineag,BetOnline.ag,2026-05-09T19:10:00Z,Cleveland Cavaliers,Detroit Pistons,,,False
2026-05-09,2026-05-09T12:37:59.552377+00:00,3992,James Harden,CLE,ast,UNDER,6.5,101,0.4975124378109453,0.5598431014992827,0.913050195733195,0.06233066368833745,0.12528463401355827,williamhill_us,Caesars,2026-05-09T19:10:00Z,Cleveland Cavaliers,Detroit Pistons,,,False
2026-05-09,2026-05-09T12:37:59.552377+00:00,3992,James Harden,CLE,ast,UNDER,6.5,100,0.5,0.5619575293599792,0.913050195733195,0.061957529359979224,0.12391505871995845,betrivers,BetRivers,2026-05-09T19:10:00Z,Cleveland Cavaliers,Detroit Pistons,,,False
2026-05-09,2026-05-09T12:37:59.552377+00:00,1966,LeBron James,LAL,ast,UNDER,7.5,-113,0.5305164319248826,0.5933412499102212,0.9493485518271396,0.06282481798533857,0.11842200204316033,draftkings,DraftKings,2026-05-10T00:40:00Z,Los Angeles Lakers,Oklahoma City Thunder,,,False
2026-05-09,2026-05-09T12:37:59.552377+00:00,1966,LeBron James,LAL,ast,UNDER,7.5,-113,0.5305164319248826,0.5933412499102212,0.9493485518271396,0.06282481798533857,0.11842200204316033,williamhill_us,Caesars,2026-05-10T00:40:00Z,Los Angeles Lakers,Oklahoma City Thunder,,,False
2026-05-09,2026-05-09T12:37:59.552377+00:00,4432166,Cade Cunningham,DET,ast,UNDER,9.5,-124,0.5535714285714286,0.6190357142857144,0.9933717875742851,0.06546428571428575,0.11825806451612914,williamhill_us,Caesars,2026-05-09T19:10:00Z,Cleveland Cavaliers,Detroit Pistons,,,False
2026-05-09,2026-05-09T12:37:59.552377+00:00,1966,LeBron James,LAL,ast,UNDER,7.5,-114,0.5327102803738317,0.595206021091828,0.9493485518271396,0.06249574071799624,0.1173165659092209,fanduel,FanDuel,2026-05-10T00:40:00Z,Los Angeles Lakers,Oklahoma City Thunder,,,False
2026-05-09,2026-05-09T12:37:59.552377+00:00,4432166,Cade Cunningham,DET,ast,UNDER,9.5,-125,0.5555555555555556,0.6207222222222223,0.9933717875742851,0.0651666666666667,0.11730000000000013,fanduel,FanDuel,2026-05-09T19:10:00Z,Cleveland Cavaliers,Detroit Pistons,,,False
2026-05-09,2026-05-09T12:37:59.552377+00:00,4432166,Cade Cunningham,DET,ast,UNDER,9.5,-125,0.5555555555555556,0.6207222222222223,0.9933717875742851,0.0651666666666667,0.11730000000000013,fanatics,Fanatics,2026-05-09T19:10:00Z,Cleveland Cavaliers,Detroit Pistons,,,False
2026-05-09,2026-05-09T12:37:59.552377+00:00,4432166,Cade Cunningham,DET,ast,UNDER,9.5,-125,0.5555555555555556,0.6207222222222223,0.9933717875742851,0.0651666666666667,0.11730000000000013,betonlineag,BetOnline.ag,2026-05-09T19:10:00Z,Cleveland Cavaliers,Detroit Pistons,,,False
2026-05-09,2026-05-09T12:37:59.552377+00:00,1966,LeBron James,LAL,ast,UNDER,7.5,-115,0.5348837209302325,0.5970534455647686,0.9493485518271396,0.06216972463453607,0.11623035475152388,bovada,Bovada,2026-05-10T00:40:00Z,Los Angeles Lakers,Oklahoma City Thunder,,,False
2026-05-09,2026-05-09T12:37:59.552377+00:00,4066457,Austin Reaves,LAL,ast,UNDER,5.5,-109,0.5215311004784688,0.5810784242667142,0.9185132590667708,0.05954732378824534,0.11417789607103912,williamhill_us,Caesars,2026-05-10T00:40:00Z,Los Angeles Lakers,Oklahoma City Thunder,,,False
2026-05-09,2026-05-09T12:37:59.552377+00:00,4432166,Cade Cunningham,DET,ast,UNDER,9.5,-129,0.5633187772925764,0.6273209606986899,0.9933717875742851,0.06400218340611352,0.1136162790697674,betrivers,BetRivers,2026-05-09T19:10:00Z,Cleveland Cavaliers,Detroit Pistons,,,False
2026-05-09,2026-05-09T12:37:59.552377+00:00,4066457,Austin Reaves,LAL,ast,UNDER,5.5,-110,0.5238095238095238,0.5830150840981109,0.9185132590667708,0.059205560288587034,0.11302879691457524,betmgm,BetMGM,2026-05-10T00:40:00Z,Los Angeles Lakers,Oklahoma City Thunder,,,False
2026-05-09,2026-05-09T12:37:59.552377+00:00,4066648,Rui Hachimura,LAL,ast,OVER,1.5,210,0.3225806451612903,0.35804766234994045,0.5590274264189581,0.03546701718865014,0.10994775328481543,bovada,Bovada,2026-05-10T00:40:00Z,Los Angeles Lakers,Oklahoma City Thunder,,,False
2026-05-09,2026-05-09T12:37:59.552377+00:00,4066457,Austin Reaves,LAL,ast,UNDER,5.5,-113,0.5305164319248826,0.5887159559961659,0.9185132590667708,0.05819952407128326,0.10970352767418878,draftkings,DraftKings,2026-05-10T00:40:00Z,Los Angeles Lakers,Oklahoma City Thunder,,,False
2026-05-09,2026-05-09T12:37:59.552377+00:00,4066457,Austin Reaves,LAL,ast,UNDER,5.5,-115,0.5348837209302325,0.5924281516507133,0.9185132590667708,0.057544430720480766,0.10758306612959434,bovada,Bovada,2026-05-10T00:40:00Z,Los Angeles Lakers,Oklahoma City Thunder,,,False
2026-05-09,2026-05-09T12:37:59.552377+00:00,1966,LeBron James,LAL,ast,UNDER,7.5,-125,0.5555555555555556,0.6146245049962932,0.9493485518271396,0.059068949440737595,0.10632410899332773,betonlineag,BetOnline.ag,2026-05-10T00:40:00Z,Los Angeles Lakers,Oklahoma City Thunder,,,False
2026-05-09,2026-05-09T12:37:59.552377+00:00,3992,James Harden,CLE,ast,UNDER,6.5,-115,0.5348837209302325,0.5916086921506769,0.913050195733195,0.0567249712204444,0.10605103315126552,betmgm,BetMGM,2026-05-09T19:10:00Z,Cleveland Cavaliers,Detroit Pistons,,,False
2026-05-09,2026-05-09T12:37:59.552377+00:00,3908809,Donovan Mitchell,CLE,ast,UNDER,3.5,120,0.45454545454545453,0.5027247651171416,0.7757408583567017,0.04817931057168706,0.10599448325771144,betmgm,BetMGM,2026-05-09T19:10:00Z,Cleveland Cavaliers,Detroit Pistons,,,False
2026-05-09,2026-05-09T12:37:59.552377+00:00,4066457,Austin Reaves,LAL,ast,UNDER,5.5,-122,0.5495495495495496,0.6048941059771328,0.9185132590667708,0.05534455642758318,0.10070894694199573,betrivers,BetRivers,2026-05-10T00:40:00Z,Los Angeles Lakers,Oklahoma City Thunder,,,False
2026-05-09,2026-05-09T12:37:59.552377+00:00,3908809,Donovan Mitchell,CLE,ast,UNDER,3.5,115,0.46511627906976744,0.5117099659628076,0.7757408583567017,0.046593686893040165,0.10017642682003625,draftkings,DraftKings,2026-05-09T19:10:00Z,Cleveland Cavaliers,Detroit Pistons,,,False
2026-05-09,2026-05-09T12:37:59.552377+00:00,3908809,Donovan Mitchell,CLE,ast,UNDER,3.5,115,0.46511627906976744,0.5117099659628076,0.7757408583567017,0.046593686893040165,0.10017642682003625,bovada,Bovada,2026-05-09T19:10:00Z,Cleveland Cavaliers,Detroit Pistons,,,False
2026-05-09,2026-05-09T12:37:59.552377+00:00,3908809,Donovan Mitchell,CLE,ast,UNDER,3.5,113,0.4694835680751174,0.515422161617355,0.7757408583567017,0.045938593542237616,0.09784920424496613,betonlineag,BetOnline.ag,2026-05-09T19:10:00Z,Cleveland Cavaliers,Detroit Pistons,,,False
2026-05-09,2026-05-09T12:37:59.552377+00:00,3908809,Donovan Mitchell,CLE,ast,UNDER,3.5,112,0.4716981132075472,0.5173045249799204,0.7757408583567017,0.045606411772373234,0.09668559295743129,williamhill_us,Caesars,2026-05-09T19:10:00Z,Cleveland Cavaliers,Detroit Pistons,,,False
2026-05-09,2026-05-09T12:37:59.552377+00:00,4900671,Ajay Mitchell,OKC,ast,UNDER,3.5,105,0.4878048780487805,0.5336233112910861,0.793261099664151,0.04581843324230561,0.09392778814672653,bovada,Bovada,2026-05-10T00:40:00Z,Los Angeles Lakers,Oklahoma City Thunder,,,False
2026-05-09,2026-05-09T12:37:59.552377+00:00,3908809,Donovan Mitchell,CLE,ast,UNDER,3.5,108,0.4807692307692308,0.5250149749073514,0.7757408583567017,0.0442457441381206,0.09203114780729094,fanduel,FanDuel,2026-05-09T19:10:00Z,Cleveland Cavaliers,Detroit Pistons,,,False
2026-05-09,2026-05-09T12:37:59.552377+00:00,4900671,Ajay Mitchell,OKC,ast,UNDER,3.5,102,0.49504950495049505,0.5397812441575435,0.793261099664151,0.04473173920704843,0.09035811319823783,draftkings,DraftKings,2026-05-10T00:40:00Z,Los Angeles Lakers,Oklahoma City Thunder,,,False
2026-05-09,2026-05-09T12:37:59.552377+00:00,3908809,Donovan Mitchell,CLE,ast,UNDER,3.5,106,0.4854368932038835,0.5289824879768062,0.7757408583567017,0.04354559477292275,0.08970392523222093,betrivers,BetRivers,2026-05-09T19:10:00Z,Cleveland Cavaliers,Detroit Pistons,,,False
2026-05-09,2026-05-09T12:37:59.552377+00:00,4900671,Ajay Mitchell,OKC,ast,UNDER,3.5,100,0.5,0.5439891649496227,0.793261099664151,0.04398916494962268,0.08797832989924537,fanduel,FanDuel,2026-05-10T00:40:00Z,Los Angeles Lakers,Oklahoma City Thunder,,,False
2026-05-09,2026-05-09T12:37:59.552377+00:00,4900671,Ajay Mitchell,OKC,ast,UNDER,3.5,-102,0.504950495049505,0.5481970857417019,0.793261099664151,0.04324659069219694,0.0856452090178802,betonlineag,BetOnline.ag,2026-05-10T00:40:00Z,Los Angeles Lakers,Oklahoma City Thunder,,,False
2026-05-09,2026-05-09T12:37:59.552377+00:00,4066648,Rui Hachimura,LAL,ast,OVER,1.5,180,0.35714285714285715,0.3874255425342723,0.5590274264189581,0.030282685391415154,0.0847915190959625,betmgm,BetMGM,2026-05-10T00:40:00Z,Los Angeles Lakers,Oklahoma City Thunder,,,False
2026-05-09,2026-05-09T12:37:59.552377+00:00,4900671,Ajay Mitchell,OKC,ast,UNDER,3.5,-103,0.5073891625615764,0.5502699531269626,0.793261099664151,0.042880790565386184,0.08451262606576126,williamhill_us,Caesars,2026-05-10T00:40:00Z,Los Angeles Lakers,Oklahoma City Thunder,,,False
2026-05-09,2026-05-09T12:37:59.552377+00:00,3992,James Harden,CLE,ast,UNDER,7.5,-165,0.6226415094339622,0.674847895407831,0.970684082593087,0.05220638597386873,0.08384661989742548,bovada,Bovada,2026-05-09T19:10:00Z,Cleveland Cavaliers,Detroit Pistons,,,False
2026-05-09,2026-05-09T12:37:59.552377+00:00,4900671,Ajay Mitchell,OKC,ast,UNDER,3.5,-105,0.5121951219512195,0.5543550186081593,0.793261099664151,0.042159896656939755,0.08231217918735856,betmgm,BetMGM,2026-05-10T00:40:00Z,Los Angeles Lakers,Oklahoma City Thunder,,,False
2026-05-09,2026-05-09T12:37:59.552377+00:00,4433621,Jalen Duren,DET,ast,OVER,2.5,155,0.39215686274509803,0.42402913879981863,0.6046387031099022,0.031872276054720594,0.0812743039395375,bovada,Bovada,2026-05-09T19:10:00Z,Cleveland Cavaliers,Detroit Pistons,,,False
2026-05-09,2026-05-09T12:37:59.552377+00:00,4432166,Cade Cunningham,DET,ast,UNDER,10.5,-190,0.6551724137931034,0.705396551724138,0.9984514126787796,0.05022413793103453,0.07665789473684215,bovada,Bovada,2026-05-09T19:10:00Z,Cleveland Cavaliers,Detroit Pistons,,,False
2026-05-09,2026-05-09T12:37:59.552377+00:00,4278073,Shai Gilgeous-Alexander,OKC,ast,UNDER,7.5,-190,0.6551724137931034,0.705396551724138,0.9963568558551186,0.05022413793103453,0.07665789473684215,bovada,Bovada,2026-05-10T00:40:00Z,Los Angeles Lakers,Oklahoma City Thunder,,,False
2026-05-09,2026-05-09T12:37:59.552377+00:00,4397020,Luguentz Dort,OKC,ast,OVER,1.5,190,0.3448275862068966,0.37047457828066055,0.5158075333653231,0.025646992073763974,0.07437627701391558,bovada,Bovada,2026-05-10T00:40:00Z,Los Angeles Lakers,Oklahoma City Thunder,,,False
2026-05-09,2026-05-09T12:37:59.552377+00:00,4222252,Isaiah Hartenstein,OKC,ast,UNDER,2.5,110,0.47619047619047616,0.5109148838822719,0.7076865274691144,0.034724407691795744,0.07292125615277101,betonlineag,BetOnline.ag,2026-05-10T00:40:00Z,Los Angeles Lakers,Oklahoma City Thunder,,,False
2026-05-09,2026-05-09T12:37:59.552377+00:00,1966,LeBron James,LAL,ast,UNDER,8.5,-200,0.6666666666666666,0.7141355490598067,0.9831258826209334,0.047468882393140066,0.07120332358971004,bovada,Bovada,2026-05-10T00:40:00Z,Los Angeles Lakers,Oklahoma City Thunder,,,False
2026-05-09,2026-05-09T12:37:59.552377+00:00,4278129,Deandre Ayton,LAL,ast,OVER,0.5,-117,0.5391705069124424,0.5769834101015432,0.7912565281731148,0.0378129031891008,0.07013162386354588,draftkings,DraftKings,2026-05-10T00:40:00Z,Los Angeles Lakers,Oklahoma City Thunder,,,False
2026-05-09,2026-05-09T12:37:59.552377+00:00,4900671,Ajay Mitchell,OKC,ast,UNDER,3.5,-118,0.5412844036697247,0.5790809080688887,0.793261099664151,0.03779650439916393,0.06982744033065874,betrivers,BetRivers,2026-05-10T00:40:00Z,Los Angeles Lakers,Oklahoma City Thunder,,,False
2026-05-09,2026-05-09T12:37:59.552377+00:00,4222252,Isaiah Hartenstein,OKC,ast,UNDER,2.5,105,0.4878048780487805,0.5207871254618306,0.7076865274691144,0.032982247413050114,0.06761360719675269,draftkings,DraftKings,2026-05-10T00:40:00Z,Los Angeles Lakers,Oklahoma City Thunder,,,False
2026-05-09,2026-05-09T12:37:59.552377+00:00,4222252,Isaiah Hartenstein,OKC,ast,UNDER,2.5,105,0.4878048780487805,0.5207871254618306,0.7076865274691144,0.032982247413050114,0.06761360719675269,betmgm,BetMGM,2026-05-10T00:40:00Z,Los Angeles Lakers,Oklahoma City Thunder,,,False
2026-05-09,2026-05-09T12:37:59.552377+00:00,4222252,Isaiah Hartenstein,OKC,ast,UNDER,2.5,105,0.4878048780487805,0.5207871254618306,0.7076865274691144,0.032982247413050114,0.06761360719675269,bovada,Bovada,2026-05-10T00:40:00Z,Los Angeles Lakers,Oklahoma City Thunder,,,False
2026-05-09,2026-05-09T12:37:59.552377+00:00,4278129,Deandre Ayton,LAL,ast,OVER,0.5,-120,0.5454545454545454,0.5823248428623308,0.7912565281731148,0.03687029740778536,0.06759554524760641,bovada,Bovada,2026-05-10T00:40:00Z,Los Angeles Lakers,Oklahoma City Thunder,,,False
2026-05-09,2026-05-09T12:37:59.552377+00:00,3157465,Duncan Robinson,DET,ast,OVER,2.5,155,0.39215686274509803,0.41745731266730135,0.5608265288931202,0.025300449922203316,0.06451614730161848,bovada,Bovada,2026-05-09T19:10:00Z,Cleveland Cavaliers,Detroit Pistons,,,False
2026-05-09,2026-05-09T12:37:59.552377+00:00,4433621,Jalen Duren,DET,ast,OVER,2.5,136,0.423728813559322,0.450865296991909,0.6046387031099022,0.02713648343258701,0.06404210090090534,betonlineag,BetOnline.ag,2026-05-09T19:10:00Z,Cleveland Cavaliers,Detroit Pistons,,,False
2026-05-09,2026-05-09T12:37:59.552377+00:00,4066457,Austin Reaves,LAL,ast,UNDER,6.5,-220,0.6875,0.7308667147032156,0.9766114313547711,0.043366714703215625,0.06307885775013183,bovada,Bovada,2026-05-10T00:40:00Z,Los Angeles Lakers,Oklahoma City Thunder,,,False
2026-05-09,2026-05-09T12:37:59.552377+00:00,4222252,Isaiah Hartenstein,OKC,ast,UNDER,2.5,100,0.5,0.5311529791203672,0.7076865274691144,0.031152979120367186,0.06230595824073437,betrivers,BetRivers,2026-05-10T00:40:00Z,Los Angeles Lakers,Oklahoma City Thunder,,,False
2026-05-09,2026-05-09T12:37:59.552377+00:00,3908809,Donovan Mitchell,CLE,ast,UNDER,4.5,-190,0.6551724137931034,0.6955667524338904,0.9244680047316836,0.04039433864078701,0.06165451687278012,bovada,Bovada,2026-05-09T19:10:00Z,Cleveland Cavaliers,Detroit Pistons,,,False
2026-05-09,2026-05-09T12:37:59.552377+00:00,4222252,Isaiah Hartenstein,OKC,ast,UNDER,2.5,-102,0.504950495049505,0.5353608999124464,0.7076865274691144,0.030410404862941443,0.06022452727758987,fanduel,FanDuel,2026-05-10T00:40:00Z,Los Angeles Lakers,Oklahoma City Thunder,,,False
2026-05-09,2026-05-09T12:37:59.552377+00:00,4900671,Ajay Mitchell,OKC,ast,UNDER,4.5,-210,0.6774193548387096,0.7159492403295193,0.9342852581107741,0.03852988549080971,0.0568774500102428,bovada,Bovada,2026-05-10T00:40:00Z,Los Angeles Lakers,Oklahoma City Thunder,,,False
2026-05-09,2026-05-09T12:37:59.552377+00:00,4278129,Deandre Ayton,LAL,ast,OVER,0.5,-150,0.6,0.6286884792259672,0.7912565281731148,0.02868847922596718,0.04781413204327856,betmgm,BetMGM,2026-05-10T00:40:00Z,Los Angeles Lakers,Oklahoma City Thunder,,,False
2026-05-09,2026-05-09T12:37:59.552377+00:00,4433621,Jalen Duren,DET,ast,OVER,1.5,-160,0.6153846153846154,0.6436392819963578,0.8037490594628981,0.028254666611742363,0.04591383324408138,betmgm,BetMGM,2026-05-09T19:10:00Z,Cleveland Cavaliers,Detroit Pistons,,,False
2026-05-09,2026-05-09T12:37:59.552377+00:00,4066328,Jarrett Allen,CLE,ast,OVER,1.5,140,0.4166666666666667,0.4354979068860705,0.5422082681293587,0.0188312402194038,0.04519497652656912,betonlineag,BetOnline.ag,2026-05-09T19:10:00Z,Cleveland Cavaliers,Detroit Pistons,,,False
2026-05-09,2026-05-09T12:37:59.552377+00:00,4066328,Jarrett Allen,CLE,ast,OVER,1.5,140,0.4166666666666667,0.4354979068860705,0.5422082681293587,0.0188312402194038,0.04519497652656912,betmgm,BetMGM,2026-05-09T19:10:00Z,Cleveland Cavaliers,Detroit Pistons,,,False
2026-05-09,2026-05-09T12:37:59.552377+00:00,3157465,Duncan Robinson,DET,ast,OVER,1.5,-150,0.6,0.6264768061751198,0.7765120411674653,0.026476806175119827,0.044128010291866304,betmgm,BetMGM,2026-05-09T19:10:00Z,Cleveland Cavaliers,Detroit Pistons,,,False
2026-05-09,2026-05-09T12:37:59.552377+00:00,4222252,Isaiah Hartenstein,OKC,ast,UNDER,3.5,-240,0.7058823529411765,0.7347883265149916,0.8985888434332769,0.02890597357381508,0.04095012922957142,bovada,Bovada,2026-05-10T00:40:00Z,Los Angeles Lakers,Oklahoma City Thunder,,,False
2026-05-09,2026-05-09T12:37:59.552377+00:00,4433621,Jalen Duren,DET,ast,OVER,1.5,-183,0.6466431095406361,0.6702090020289754,0.8037490594628981,0.02356589248833929,0.03644342936721334,draftkings,DraftKings,2026-05-09T19:10:00Z,Cleveland Cavaliers,Detroit Pistons,,,False
2026-05-09,2026-05-09T12:37:59.552377+00:00,4433621,Jalen Duren,DET,ast,OVER,1.5,-185,0.6491228070175439,0.672316744884347,0.8037490594628981,0.023193937866803127,0.03573120157858867,bovada,Bovada,2026-05-09T19:10:00Z,Cleveland Cavaliers,Detroit Pistons,,,False
2026-05-09,2026-05-09T12:37:59.552377+00:00,4433621,Jalen Duren,DET,ast,OVER,1.5,-188,0.6527777777777778,0.6754234700305458,0.8037490594628981,0.022645692252768024,0.034691273238282916,fanduel,FanDuel,2026-05-09T19:10:00Z,Cleveland Cavaliers,Detroit Pistons,,,False
2026-05-09,2026-05-09T12:37:59.552377+00:00,4066648,Rui Hachimura,LAL,ast,OVER,0.5,-205,0.6721311475409836,0.6952092479227935,0.8259851500863831,0.023078100381809907,0.034335710324156166,draftkings,DraftKings,2026-05-10T00:40:00Z,Los Angeles Lakers,Oklahoma City Thunder,,,False
2026-05-09,2026-05-09T12:37:59.552377+00:00,4066648,Rui Hachimura,LAL,ast,OVER,0.5,-210,0.6774193548387096,0.6997042241258606,0.8259851500863831,0.02228486928715101,0.03289671180484188,bovada,Bovada,2026-05-10T00:40:00Z,Los Angeles Lakers,Oklahoma City Thunder,,,False
2026-05-09,2026-05-09T12:37:59.552377+00:00,3157465,Duncan Robinson,DET,ast,OVER,1.5,-185,0.6491228070175439,0.6682311921400321,0.7765120411674653,0.019108385122488247,0.02943724194545494,bovada,Bovada,2026-05-09T19:10:00Z,Cleveland Cavaliers,Detroit Pistons,,,False
2026-05-09,2026-05-09T12:37:59.552377+00:00,4065778,Max Strus,CLE,ast,OVER,2.5,190,0.3448275862068966,0.3549622464855521,0.41239198806459987,0.010134660278655505,0.029390514808100954,bovada,Bovada,2026-05-09T19:10:00Z,Cleveland Cavaliers,Detroit Pistons,,,False
2026-05-09,2026-05-09T12:37:59.552377+00:00,3157465,Duncan Robinson,DET,ast,OVER,1.5,-186,0.6503496503496503,0.6692740089723226,0.7765120411674653,0.018924358622672277,0.0290987449789476,draftkings,DraftKings,2026-05-09T19:10:00Z,Cleveland Cavaliers,Detroit Pistons,,,False
2026-05-09,2026-05-09T12:37:59.552377+00:00,4433255,Chet Holmgren,OKC,blk,UNDER,1.5,130,0.43478260869565216,0.99,0.990112437175633,0.5552173913043479,1.277,betmgm,BetMGM,2026-05-10T00:40:00Z,Los Angeles Lakers,Oklahoma City Thunder,,,False
2026-05-09,2026-05-09T12:37:59.552377+00:00,4433255,Chet Holmgren,OKC,blk,UNDER,1.5,104,0.49019607843137253,0.99,0.990112437175633,0.49980392156862746,1.0196,fanduel,FanDuel,2026-05-10T00:40:00Z,Los Angeles Lakers,Oklahoma City Thunder,,,False
2026-05-09,2026-05-09T12:37:59.552377+00:00,4433255,Chet Holmgren,OKC,blk,UNDER,1.5,100,0.5,0.99,0.990112437175633,0.49,0.98,bovada,Bovada,2026-05-10T00:40:00Z,Los Angeles Lakers,Oklahoma City Thunder,,,False
2026-05-09,2026-05-09T12:37:59.552377+00:00,4433255,Chet Holmgren,OKC,blk,UNDER,1.5,-102,0.504950495049505,0.99,0.990112437175633,0.48504950495049504,0.9605882352941176,draftkings,DraftKings,2026-05-10T00:40:00Z,Los Angeles Lakers,Oklahoma City Thunder,,,False
2026-05-09,2026-05-09T12:37:59.552377+00:00,4432158,Evan Mobley,CLE,blk,UNDER,1.5,110,0.47619047619047616,0.8645577878728148,0.8645577878728148,0.3883673116823386,0.8155713545329111,betmgm,BetMGM,2026-05-09T19:10:00Z,Cleveland Cavaliers,Detroit Pistons,,,False
2026-05-09,2026-05-09T12:37:59.552377+00:00,4432158,Evan Mobley,CLE,blk,UNDER,1.5,105,0.4878048780487805,0.8645577878728148,0.8645577878728148,0.3767529098240343,0.7723434651392703,bovada,Bovada,2026-05-09T19:10:00Z,Cleveland Cavaliers,Detroit Pistons,,,False
2026-05-09,2026-05-09T12:37:59.552377+00:00,4432158,Evan Mobley,CLE,blk,UNDER,1.5,104,0.49019607843137253,0.8645577878728148,0.8645577878728148,0.37436170944144226,0.7636978872605422,draftkings,DraftKings,2026-05-09T19:10:00Z,Cleveland Cavaliers,Detroit Pistons,,,False
2026-05-09,2026-05-09T12:37:59.552377+00:00,4432158,Evan Mobley,CLE,blk,UNDER,1.5,-108,0.5192307692307693,0.8645577878728148,0.8645577878728148,0.3453270186420455,0.6650742581254211,fanduel,FanDuel,2026-05-09T19:10:00Z,Cleveland Cavaliers,Detroit Pistons,,,False
2026-05-09,2026-05-09T12:37:59.552377+00:00,4278129,Deandre Ayton,LAL,blk,UNDER,0.5,155,0.39215686274509803,0.6091617548916727,0.6091617548916727,0.21700489214657465,0.5533624749737653,betmgm,BetMGM,2026-05-10T00:40:00Z,Los Angeles Lakers,Oklahoma City Thunder,,,False
2026-05-09,2026-05-09T12:37:59.552377+00:00,4432166,Cade Cunningham,DET,blk,UNDER,0.5,135,0.425531914893617,0.6483729367994537,0.6483729367994537,0.2228410219058367,0.5236764014787163,betmgm,BetMGM,2026-05-09T19:10:00Z,Cleveland Cavaliers,Detroit Pistons,,,False
2026-05-09,2026-05-09T12:37:59.552377+00:00,4433621,Jalen Duren,DET,blk,UNDER,0.5,165,0.37735849056603776,0.5739958641052774,0.5739958641052774,0.1966373735392396,0.5210890398789849,betmgm,BetMGM,2026-05-09T19:10:00Z,Cleveland Cavaliers,Detroit Pistons,,,False
2026-05-09,2026-05-09T12:37:59.552377+00:00,4222252,Isaiah Hartenstein,OKC,blk,UNDER,0.5,117,0.4608294930875576,0.6864826730822513,0.6864826730822513,0.2256531799946937,0.48966740058848524,draftkings,DraftKings,2026-05-10T00:40:00Z,Los Angeles Lakers,Oklahoma City Thunder,,,False
2026-05-09,2026-05-09T12:37:59.552377+00:00,4222252,Isaiah Hartenstein,OKC,blk,UNDER,0.5,115,0.46511627906976744,0.6864826730822513,0.6864826730822513,0.22136639401248387,0.4759377471268402,bovada,Bovada,2026-05-10T00:40:00Z,Los Angeles Lakers,Oklahoma City Thunder,,,False
2026-05-09,2026-05-09T12:37:59.552377+00:00,4432166,Cade Cunningham,DET,blk,UNDER,0.5,126,0.4424778761061947,0.6483729367994537,0.6483729367994537,0.20589506069325902,0.4653228371667655,draftkings,DraftKings,2026-05-09T19:10:00Z,Cleveland Cavaliers,Detroit Pistons,,,False
2026-05-09,2026-05-09T12:37:59.552377+00:00,4432166,Cade Cunningham,DET,blk,UNDER,0.5,125,0.4444444444444444,0.6483729367994537,0.6483729367994537,0.20392849235500932,0.4588391077987709,bovada,Bovada,2026-05-09T19:10:00Z,Cleveland Cavaliers,Detroit Pistons,,,False
2026-05-09,2026-05-09T12:37:59.552377+00:00,4433621,Jalen Duren,DET,blk,UNDER,0.5,152,0.3968253968253968,0.5739958641052774,0.5739958641052774,0.17717046727988056,0.4464695775452989,draftkings,DraftKings,2026-05-09T19:10:00Z,Cleveland Cavaliers,Detroit Pistons,,,False
2026-05-09,2026-05-09T12:37:59.552377+00:00,4433621,Jalen Duren,DET,blk,UNDER,0.5,150,0.4,0.5739958641052774,0.5739958641052774,0.17399586410527734,0.4349896602631934,bovada,Bovada,2026-05-09T19:10:00Z,Cleveland Cavaliers,Detroit Pistons,,,False
2026-05-09,2026-05-09T12:37:59.552377+00:00,4278129,Deandre Ayton,LAL,blk,UNDER,0.5,133,0.4291845493562232,0.6091617548916727,0.6091617548916727,0.1799772055354495,0.4193468888975974,draftkings,DraftKings,2026-05-10T00:40:00Z,Los Angeles Lakers,Oklahoma City Thunder,,,False
2026-05-09,2026-05-09T12:37:59.552377+00:00,4222252,Isaiah Hartenstein,OKC,blk,UNDER,0.5,105,0.4878048780487805,0.6864826730822513,0.6864826730822513,0.19867779503347083,0.4072894798186152,betmgm,BetMGM,2026-05-10T00:40:00Z,Los Angeles Lakers,Oklahoma City Thunder,,,False
2026-05-09,2026-05-09T12:37:59.552377+00:00,4278129,Deandre Ayton,LAL,blk,UNDER,0.5,130,0.43478260869565216,0.6091617548916727,0.6091617548916727,0.17437914619602052,0.4010720362508472,bovada,Bovada,2026-05-10T00:40:00Z,Los Angeles Lakers,Oklahoma City Thunder,,,False
2026-05-09,2026-05-09T12:37:59.552377+00:00,4684742,Ausar Thompson,DET,blk,UNDER,0.5,190,0.3448275862068966,0.48149410731992803,0.48149410731992803,0.13666652111303146,0.39633291122779124,bovada,Bovada,2026-05-09T19:10:00Z,Cleveland Cavaliers,Detroit Pistons,,,False
2026-05-09,2026-05-09T12:37:59.552377+00:00,4066328,Jarrett Allen,CLE,blk,UNDER,1.5,-165,0.6226415094339622,0.8499963901013348,0.8499963901013348,0.22735488066737253,0.3651457174354771,betmgm,BetMGM,2026-05-09T19:10:00Z,Cleveland Cavaliers,Detroit Pistons,,,False
2026-05-09,2026-05-09T12:37:59.552377+00:00,4684742,Ausar Thompson,DET,blk,UNDER,1.5,-200,0.6666666666666666,0.9063180907992151,0.9063180907992151,0.23965142413254847,0.35947713619882266,betmgm,BetMGM,2026-05-09T19:10:00Z,Cleveland Cavaliers,Detroit Pistons,,,False
2026-05-09,2026-05-09T12:37:59.552377+00:00,4066328,Jarrett Allen,CLE,blk,UNDER,1.5,-168,0.6268656716417911,0.8499963901013348,0.8499963901013348,0.2231307184595437,0.35594662230451024,fanduel,FanDuel,2026-05-09T19:10:00Z,Cleveland Cavaliers,Detroit Pistons,,,False
2026-05-09,2026-05-09T12:37:59.552377+00:00,1966,LeBron James,LAL,blk,UNDER,0.5,-155,0.6078431372549019,0.820706312212411,0.820706312212411,0.21286317495750906,0.35019425557525674,betmgm,BetMGM,2026-05-10T00:40:00Z,Los Angeles Lakers,Oklahoma City Thunder,,,False
2026-05-09,2026-05-09T12:37:59.552377+00:00,4397077,Jaxson Hayes,LAL,blk,UNDER,0.5,101,0.4975124378109453,0.6703033860945538,0.6703033860945538,0.17279094828360847,0.347309806050053,draftkings,DraftKings,2026-05-10T00:40:00Z,Los Angeles Lakers,Oklahoma City Thunder,,,False
2026-05-09,2026-05-09T12:37:59.552377+00:00,4397077,Jaxson Hayes,LAL,blk,UNDER,0.5,100,0.5,0.6703033860945538,0.6703033860945538,0.17030338609455375,0.3406067721891075,bovada,Bovada,2026-05-10T00:40:00Z,Los Angeles Lakers,Oklahoma City Thunder,,,False
2026-05-09,2026-05-09T12:37:59.552377+00:00,1966,LeBron James,LAL,blk,UNDER,0.5,-158,0.6124031007751938,0.820706312212411,0.820706312212411,0.2083032114372172,0.3401406870303927,draftkings,DraftKings,2026-05-10T00:40:00Z,Los Angeles Lakers,Oklahoma City Thunder,,,False
2026-05-09,2026-05-09T12:37:59.552377+00:00,1966,LeBron James,LAL,blk,UNDER,0.5,-160,0.6153846153846154,0.820706312212411,0.820706312212411,0.20532169682779555,0.33364775734516783,bovada,Bovada,2026-05-10T00:40:00Z,Los Angeles Lakers,Oklahoma City Thunder,,,False
2026-05-09,2026-05-09T12:37:59.552377+00:00,4432158,Evan Mobley,CLE,blk,UNDER,2.5,-290,0.7435897435897436,0.99,0.9908818693721192,0.24641025641025638,0.3313793103448276,bovada,Bovada,2026-05-09T19:10:00Z,Cleveland Cavaliers,Detroit Pistons,,,False
2026-05-09,2026-05-09T12:37:59.552377+00:00,4432810,Isaiah Stewart II,DET,blk,UNDER,0.5,118,0.45871559633027525,0.6048231160552833,0.6048231160552833,0.14610751972500802,0.31851439300051754,fanduel,FanDuel,2026-05-09T19:10:00Z,Cleveland Cavaliers,Detroit Pistons,,,False
2026-05-09,2026-05-09T12:37:59.552377+00:00,4684742,Ausar Thompson,DET,blk,UNDER,1.5,-220,0.6875,0.9063180907992151,0.9063180907992151,0.2188180907992151,0.3182808593443129,fanduel,FanDuel,2026-05-09T19:10:00Z,Cleveland Cavaliers,Detroit Pistons,,,False
2026-05-09,2026-05-09T12:37:59.552377+00:00,4684742,Ausar Thompson,DET,blk,UNDER,1.5,-220,0.6875,0.9063180907992151,0.9063180907992151,0.2188180907992151,0.3182808593443129,draftkings,DraftKings,2026-05-09T19:10:00Z,Cleveland Cavaliers,Detroit Pistons,,,False
2026-05-09,2026-05-09T12:37:59.552377+00:00,4684742,Ausar Thompson,DET,blk,UNDER,1.5,-220,0.6875,0.9063180907992151,0.9063180907992151,0.2188180907992151,0.3182808593443129,bovada,Bovada,2026-05-09T19:10:00Z,Cleveland Cavaliers,Detroit Pistons,,,False
2026-05-09,2026-05-09T12:37:59.552377+00:00,4066328,Jarrett Allen,CLE,blk,UNDER,1.5,-190,0.6551724137931034,0.8499963901013348,0.8499963901013348,0.19482397630823134,0.2973629112073004,bovada,Bovada,2026-05-09T19:10:00Z,Cleveland Cavaliers,Detroit Pistons,,,False
2026-05-09,2026-05-09T12:37:59.552377+00:00,4066328,Jarrett Allen,CLE,blk,UNDER,1.5,-192,0.6575342465753424,0.8499963901013348,0.8499963901013348,0.19246214352599234,0.29270284327911333,draftkings,DraftKings,2026-05-09T19:10:00Z,Cleveland Cavaliers,Detroit Pistons,,,False
2026-05-09,2026-05-09T12:37:59.552377+00:00,4432810,Isaiah Stewart II,DET,blk,UNDER,0.5,112,0.4716981132075472,0.6048231160552833,0.6048231160552833,0.1331250028477361,0.2822250060372006,draftkings,DraftKings,2026-05-09T19:10:00Z,Cleveland Cavaliers,Detroit Pistons,,,False
2026-05-09,2026-05-09T12:37:59.552377+00:00,4278073,Shai Gilgeous-Alexander,OKC,blk,UNDER,0.5,-114,0.5327102803738317,0.6771848415111726,0.6771848415111726,0.14447456113734092,0.27120663231044684,draftkings,DraftKings,2026-05-10T00:40:00Z,Los Angeles Lakers,Oklahoma City Thunder,,,False
2026-05-09,2026-05-09T12:37:59.552377+00:00,4432810,Isaiah Stewart II,DET,blk,UNDER,0.5,110,0.47619047619047616,0.6048231160552833,0.6048231160552833,0.1286326398648071,0.27012854371609496,bovada,Bovada,2026-05-09T19:10:00Z,Cleveland Cavaliers,Detroit Pistons,,,False
2026-05-09,2026-05-09T12:37:59.552377+00:00,4278073,Shai Gilgeous-Alexander,OKC,blk,UNDER,0.5,-115,0.5348837209302325,0.6771848415111726,0.6771848415111726,0.14230112058094013,0.2660412254339315,betmgm,BetMGM,2026-05-10T00:40:00Z,Los Angeles Lakers,Oklahoma City Thunder,,,False
2026-05-09,2026-05-09T12:37:59.552377+00:00,4278073,Shai Gilgeous-Alexander,OKC,blk,UNDER,0.5,-115,0.5348837209302325,0.6771848415111726,0.6771848415111726,0.14230112058094013,0.2660412254339315,bovada,Bovada,2026-05-10T00:40:00Z,Los Angeles Lakers,Oklahoma City Thunder,,,False
2026-05-09,2026-05-09T12:37:59.552377+00:00,3912848,Dean Wade,CLE,blk,UNDER,0.5,-320,0.7619047619047619,0.9431595164676752,0.9431595164676752,0.1812547545629133,0.23789686536382365,draftkings,DraftKings,2026-05-09T19:10:00Z,Cleveland Cavaliers,Detroit Pistons,,,False
2026-05-09,2026-05-09T12:37:59.552377+00:00,3912848,Dean Wade,CLE,blk,UNDER,0.5,-320,0.7619047619047619,0.9431595164676752,0.9431595164676752,0.1812547545629133,0.23789686536382365,bovada,Bovada,2026-05-09T19:10:00Z,Cleveland Cavaliers,Detroit Pistons,,,False
2026-05-09,2026-05-09T12:37:59.552377+00:00,3912848,Dean Wade,CLE,blk,UNDER,0.5,-325,0.7647058823529411,0.9431595164676752,0.9431595164676752,0.17845363411473403,0.23336244461157524,betmgm,BetMGM,2026-05-09T19:10:00Z,Cleveland Cavaliers,Detroit Pistons,,,False
2026-05-09,2026-05-09T12:37:59.552377+00:00,6440,Tobias Harris,DET,blk,UNDER,0.5,-125,0.5555555555555556,0.6252542808263274,0.6252542808263274,0.06969872527077181,0.12545770548738933,bovada,Bovada,2026-05-09T19:10:00Z,Cleveland Cavaliers,Detroit Pistons,,,False
2026-05-09,2026-05-09T12:37:59.552377+00:00,6440,Tobias Harris,DET,blk,UNDER,0.5,-127,0.5594713656387665,0.6252542808263274,0.6252542808263274,0.06578291518756085,0.11758048620138833,draftkings,DraftKings,2026-05-09T19:10:00Z,Cleveland Cavaliers,Detroit Pistons,,,False
2026-05-09,2026-05-09T12:37:59.552377+00:00,6440,Tobias Harris,DET,blk,UNDER,0.5,-130,0.5652173913043478,0.6252542808263274,0.6252542808263274,0.06003688952197961,0.10621911223119462,betmgm,BetMGM,2026-05-09T19:10:00Z,Cleveland Cavaliers,Detroit Pistons,,,False
2026-05-09,2026-05-09T12:37:59.552377+00:00,3992,James Harden,CLE,blk,UNDER,0.5,-114,0.5327102803738317,0.5747132442377698,0.5747132442377698,0.04200296386393809,0.07884766900774332,fanduel,FanDuel,2026-05-09T19:10:00Z,Cleveland Cavaliers,Detroit Pistons,,,False
2026-05-09,2026-05-09T12:37:59.552377+00:00,3157465,Duncan Robinson,DET,blk,UNDER,0.5,-310,0.7560975609756098,0.800580303552897,0.800580303552897,0.04448274257728724,0.05883201437641217,bovada,Bovada,2026-05-09T19:10:00Z,Cleveland Cavaliers,Detroit Pistons,,,False
2026-05-09,2026-05-09T12:37:59.552377+00:00,3992,James Harden,CLE,blk,UNDER,0.5,-120,0.5454545454545454,0.5747132442377698,0.5747132442377698,0.0292586987832244,0.05364094776924466,bovada,Bovada,2026-05-09T19:10:00Z,Cleveland Cavaliers,Detroit Pistons,,,False
2026-05-09,2026-05-09T12:37:59.552377+00:00,3157465,Duncan Robinson,DET,blk,UNDER,0.5,-317,0.7601918465227818,0.800580303552897,0.800580303552897,0.04038845703011518,0.05312929520996229,draftkings,DraftKings,2026-05-09T19:10:00Z,Cleveland Cavaliers,Detroit Pistons,,,False
2026-05-09,2026-05-09T12:37:59.552377+00:00,3992,James Harden,CLE,blk,UNDER,0.5,-123,0.5515695067264574,0.5747132442377698,0.5747132442377698,0.02314373751131238,0.04195978426847696,draftkings,DraftKings,2026-05-09T19:10:00Z,Cleveland Cavaliers,Detroit Pistons,,,False
2026-05-09,2026-05-09T12:37:59.552377+00:00,3157465,Duncan Robinson,DET,blk,UNDER,0.5,-350,0.7777777777777778,0.800580303552897,0.800580303552897,0.02280252577511921,0.029317533139438995,betmgm,BetMGM,2026-05-09T19:10:00Z,Cleveland Cavaliers,Detroit Pistons,,,False
2026-05-09,2026-05-09T12:37:59.552377+00:00,3908809,Donovan Mitchell,CLE,blk,UNDER,0.5,-260,0.7222222222222222,0.7291203187766798,0.7291203187766798,0.006898096554457611,0.00955121061386438,bovada,Bovada,2026-05-09T19:10:00Z,Cleveland Cavaliers,Detroit Pistons,,,False
2026-05-09,2026-05-09T12:37:59.552377+00:00,4066457,Austin Reaves,LAL,blk,UNDER,0.5,-105,0.5121951219512195,0.5137396579922278,0.5137396579922278,0.0015445360410082376,0.003015522746730337,betmgm,BetMGM,2026-05-10T00:40:00Z,Los Angeles Lakers,Oklahoma City Thunder,,,False
2026-05-09,2026-05-09T12:37:59.552377+00:00,3992,James Harden,CLE,blk,UNDER,0.5,-135,0.574468085106383,0.5747132442377698,0.5747132442377698,0.00024515913138678513,0.0004267584879696362,betmgm,BetMGM,2026-05-09T19:10:00Z,Cleveland Cavaliers,Detroit Pistons,,,False
2026-05-09,2026-05-09T12:37:59.552377+00:00,3908809,Donovan Mitchell,CLE,blk,UNDER,0.5,-269,0.7289972899728997,0.7291203187766798,0.7291203187766798,0.00012302880378012304,0.00016876441856822355,draftkings,DraftKings,2026-05-09T19:10:00Z,Cleveland Cavaliers,Detroit Pistons,,,False
2026-05-09,2026-05-09T12:37:59.552377+00:00,3908809,Donovan Mitchell,CLE,dd,YES,,2800,0.034482758620689655,0.040528617608061486,0.040528617608061486,0.006045858987371831,0.17532991063378311,draftkings,DraftKings,2026-05-09T19:10:00Z,Cleveland Cavaliers,Detroit Pistons,,,False
2026-05-09,2026-05-09T12:37:59.552377+00:00,6440,Tobias Harris,DET,dd,YES,,630,0.136986301369863,0.15525688823692102,0.15525688823692102,0.018270586867058014,0.13337528412952337,draftkings,DraftKings,2026-05-09T19:10:00Z,Cleveland Cavaliers,Detroit Pistons,,,False
2026-05-09,2026-05-09T12:37:59.552377+00:00,3908809,Donovan Mitchell,CLE,dd,YES,,2500,0.038461538461538464,0.040528617608061486,0.040528617608061486,0.0020670791465230223,0.05374405780959868,fanduel,FanDuel,2026-05-09T19:10:00Z,Cleveland Cavaliers,Detroit Pistons,,,False
2026-05-09,2026-05-09T12:37:59.552377+00:00,3908809,Donovan Mitchell,CLE,dd,YES,,2500,0.038461538461538464,0.040528617608061486,0.040528617608061486,0.0020670791465230223,0.05374405780959868,bovada,Bovada,2026-05-09T19:10:00Z,Cleveland Cavaliers,Detroit Pistons,,,False
2026-05-09,2026-05-09T12:37:59.552377+00:00,4066648,Rui Hachimura,LAL,dd,YES,,3900,0.025,0.025742493108412607,0.025742493108412607,0.0007424931084126056,0.029699724336504363,draftkings,DraftKings,2026-05-10T00:40:00Z,Los Angeles Lakers,Oklahoma City Thunder,,,False
2026-05-09,2026-05-09T12:37:59.552377+00:00,6440,Tobias Harris,DET,dd,YES,,550,0.15384615384615385,0.15525688823692102,0.15525688823692102,0.0014107343907671654,0.009169773539986603,fanduel,FanDuel,2026-05-09T19:10:00Z,Cleveland Cavaliers,Detroit Pistons,,,False
2026-05-09,2026-05-09T12:37:59.552377+00:00,6440,Tobias Harris,DET,dd,YES,,550,0.15384615384615385,0.15525688823692102,0.15525688823692102,0.0014107343907671654,0.009169773539986603,fanatics,Fanatics,2026-05-09T19:10:00Z,Cleveland Cavaliers,Detroit Pistons,,,False
2026-05-09,2026-05-09T12:37:59.552377+00:00,6440,Tobias Harris,DET,dd,YES,,550,0.15384615384615385,0.15525688823692102,0.15525688823692102,0.0014107343907671654,0.009169773539986603,bovada,Bovada,2026-05-09T19:10:00Z,Cleveland Cavaliers,Detroit Pistons,,,False
2026-05-09,2026-05-09T12:37:59.552377+00:00,4900671,Ajay Mitchell,OKC,pa,UNDER,18.5,135,0.425531914893617,0.5465433031550612,0.975583679718363,0.12101138826144414,0.2843767624143938,bovada,Bovada,2026-05-10T00:40:00Z,Los Angeles Lakers,Oklahoma City Thunder,,,False
2026-05-09,2026-05-09T12:37:59.552377+00:00,4278073,Shai Gilgeous-Alexander,OKC,pa,UNDER,34.5,115,0.46511627906976744,0.5805906976744186,0.999854863872522,0.11547441860465119,0.24827,bovada,Bovada,2026-05-10T00:40:00Z,Los Angeles Lakers,Oklahoma City Thunder,,,False
2026-05-09,2026-05-09T12:37:59.552377+00:00,4066457,Austin Reaves,LAL,pa,UNDER,26.5,110,0.47619047619047616,0.586210078122282,0.9762795758805024,0.11001960193180582,0.2310411640567922,bovada,Bovada,2026-05-10T00:40:00Z,Los Angeles Lakers,Oklahoma City Thunder,,,False
2026-05-09,2026-05-09T12:37:59.552377+00:00,4900671,Ajay Mitchell,OKC,pa,UNDER,19.5,105,0.4878048780487805,0.5973593452433412,0.9857797289331477,0.10955446719456075,0.22458665774884956,bovada,Bovada,2026-05-10T00:40:00Z,Los Angeles Lakers,Oklahoma City Thunder,,,False
2026-05-09,2026-05-09T12:37:59.552377+00:00,4900671,Ajay Mitchell,OKC,pa,UNDER,20.5,104,0.49019607843137253,0.6001529411764706,0.9920730355835591,0.10995686274509803,0.22431199999999996,fanduel,FanDuel,2026-05-10T00:40:00Z,Los Angeles Lakers,Oklahoma City Thunder,,,False
2026-05-09,2026-05-09T12:37:59.552377+00:00,3908809,Donovan Mitchell,CLE,pa,UNDER,28.5,120,0.45454545454545453,0.5520409377981481,0.897706742057698,0.09749548325269358,0.21449006315592578,bovada,Bovada,2026-05-09T19:10:00Z,Cleveland Cavaliers,Detroit Pistons,,,False
2026-05-09,2026-05-09T12:37:59.552377+00:00,4278073,Shai Gilgeous-Alexander,OKC,pa,UNDER,35.5,-105,0.5121951219512195,0.6173121951219512,0.9999294638319439,0.10511707317073171,0.20522857142857143,bovada,Bovada,2026-05-10T00:40:00Z,Los Angeles Lakers,Oklahoma City Thunder,,,False
2026-05-09,2026-05-09T12:37:59.552377+00:00,4066457,Austin Reaves,LAL,pa,UNDER,27.5,-105,0.5121951219512195,0.6161472449836725,0.9847047720987331,0.10395212303245294,0.20295414496812236,betmgm,BetMGM,2026-05-10T00:40:00Z,Los Angeles Lakers,Oklahoma City Thunder,,,False
2026-05-09,2026-05-09T12:37:59.552377+00:00,4432166,Cade Cunningham,DET,pa,UNDER,35.5,110,0.47619047619047616,0.571080342950182,0.9075080523709571,0.09488986675970579,0.1992687201953821,bovada,Bovada,2026-05-09T19:10:00Z,Cleveland Cavaliers,Detroit Pistons,,,False
2026-05-09,2026-05-09T12:37:59.552377+00:00,1966,LeBron James,LAL,pa,UNDER,27.5,120,0.45454545454545453,0.5445324152664095,0.8635770941861591,0.08998696072095497,0.19797131358610087,bovada,Bovada,2026-05-10T00:40:00Z,Los Angeles Lakers,Oklahoma City Thunder,,,False
2026-05-09,2026-05-09T12:37:59.552377+00:00,4066457,Austin Reaves,LAL,pa,UNDER,27.5,-110,0.5238095238095238,0.6252064784331499,0.9847047720987331,0.10139695462362608,0.19357600428146804,bovada,Bovada,2026-05-10T00:40:00Z,Los Angeles Lakers,Oklahoma City Thunder,,,False
2026-05-09,2026-05-09T12:37:59.552377+00:00,4066457,Austin Reaves,LAL,pa,UNDER,27.5,-111,0.5260663507109005,0.6269668034162237,0.9847047720987331,0.10090045270532322,0.19180176144885763,draftkings,DraftKings,2026-05-10T00:40:00Z,Los Angeles Lakers,Oklahoma City Thunder,,,False
2026-05-09,2026-05-09T12:37:59.552377+00:00,4278073,Shai Gilgeous-Alexander,OKC,pa,UNDER,36.5,-114,0.5327102803738317,0.6333140186915888,0.9999667861510371,0.10060373831775704,0.18885263157894727,fanduel,FanDuel,2026-05-10T00:40:00Z,Los Angeles Lakers,Oklahoma City Thunder,,,False
2026-05-09,2026-05-09T12:37:59.552377+00:00,3908809,Donovan Mitchell,CLE,pa,UNDER,29.5,100,0.5,0.5927305392095408,0.9215024509524579,0.09273053920954077,0.18546107841908155,bovada,Bovada,2026-05-09T19:10:00Z,Cleveland Cavaliers,Detroit Pistons,,,False
2026-05-09,2026-05-09T12:37:59.552377+00:00,4900671,Ajay Mitchell,OKC,pa,UNDER,20.5,-117,0.5391705069124424,0.6383529953917051,0.9920730355835591,0.0991824884792627,0.18395384615384613,draftkings,DraftKings,2026-05-10T00:40:00Z,Los Angeles Lakers,Oklahoma City Thunder,,,False
2026-05-09,2026-05-09T12:37:59.552377+00:00,4278073,Shai Gilgeous-Alexander,OKC,pa,UNDER,36.5,-120,0.5454545454545454,0.6432545454545454,0.9999667861510371,0.0978,0.1792999999999999,betmgm,BetMGM,2026-05-10T00:40:00Z,Los Angeles Lakers,Oklahoma City Thunder,,,False
2026-05-09,2026-05-09T12:37:59.552377+00:00,4900671,Ajay Mitchell,OKC,pa,UNDER,20.5,-120,0.5454545454545454,0.6432545454545454,0.9920730355835591,0.0978,0.1792999999999999,bovada,Bovada,2026-05-10T00:40:00Z,Los Angeles Lakers,Oklahoma City Thunder,,,False
2026-05-09,2026-05-09T12:37:59.552377+00:00,3157465,Duncan Robinson,DET,pa,OVER,14.5,115,0.46511627906976744,0.5461189980935612,0.8333104564506482,0.0810027190237938,0.17415584590115663,bovada,Bovada,2026-05-09T19:10:00Z,Cleveland Cavaliers,Detroit Pistons,,,False
2026-05-09,2026-05-09T12:37:59.552377+00:00,1966,LeBron James,LAL,pa,UNDER,28.5,100,0.5,0.5868827864869193,0.894921756758724,0.08688278648691927,0.17376557297383854,bovada,Bovada,2026-05-10T00:40:00Z,Los Angeles Lakers,Oklahoma City Thunder,,,False
2026-05-09,2026-05-09T12:37:59.552377+00:00,3992,James Harden,CLE,pa,UNDER,25.5,105,0.4878048780487805,0.5724923294095299,0.8727478387794594,0.0846874513607494,0.1736092752895363,bovada,Bovada,2026-05-09T19:10:00Z,Cleveland Cavaliers,Detroit Pistons,,,False
2026-05-09,2026-05-09T12:37:59.552377+00:00,3908809,Donovan Mitchell,CLE,pa,UNDER,30.5,-111,0.5260663507109005,0.6173177028041464,0.9408452238620186,0.09125135209324597,0.17345977740247653,draftkings,DraftKings,2026-05-09T19:10:00Z,Cleveland Cavaliers,Detroit Pistons,,,False
2026-05-09,2026-05-09T12:37:59.552377+00:00,4432166,Cade Cunningham,DET,pa,UNDER,36.5,-108,0.5192307692307693,0.6091908854379803,0.9281403883544558,0.089960116207211,0.1732565201027768,draftkings,DraftKings,2026-05-09T19:10:00Z,Cleveland Cavaliers,Detroit Pistons,,,False
2026-05-09,2026-05-09T12:37:59.552377+00:00,4278073,Shai Gilgeous-Alexander,OKC,pa,UNDER,36.5,-125,0.5555555555555556,0.6511333333333333,0.9999667861510371,0.09557777777777776,0.17204000000000008,bovada,Bovada,2026-05-10T00:40:00Z,Los Angeles Lakers,Oklahoma City Thunder,,,False
2026-05-09,2026-05-09T12:37:59.552377+00:00,1966,LeBron James,LAL,pa,UNDER,29.5,-108,0.5192307692307693,0.6075521246517351,0.920691475689705,0.08832135542096586,0.17010038821815654,draftkings,DraftKings,2026-05-10T00:40:00Z,Los Angeles Lakers,Oklahoma City Thunder,,,False
2026-05-09,2026-05-09T12:37:59.552377+00:00,4432166,Cade Cunningham,DET,pa,UNDER,36.5,-110,0.5238095238095238,0.6127623140094088,0.9281403883544558,0.088952790199885,0.16981896310887135,bovada,Bovada,2026-05-09T19:10:00Z,Cleveland Cavaliers,Detroit Pistons,,,False
2026-05-09,2026-05-09T12:37:59.552377+00:00,4278073,Shai Gilgeous-Alexander,OKC,pa,UNDER,36.5,-127,0.5594713656387665,0.6541876651982379,0.9999667861510371,0.09471629955947136,0.16929606299212607,draftkings,DraftKings,2026-05-10T00:40:00Z,Los Angeles Lakers,Oklahoma City Thunder,,,False
2026-05-09,2026-05-09T12:37:59.552377+00:00,1966,LeBron James,LAL,pa,UNDER,30.5,-115,0.5348837209302325,0.6243097289148214,0.9413655754056367,0.08942600798458888,0.16718775405814434,betmgm,BetMGM,2026-05-10T00:40:00Z,Los Angeles Lakers,Oklahoma City Thunder,,,False
2026-05-09,2026-05-09T12:37:59.552377+00:00,4900671,Ajay Mitchell,OKC,pa,UNDER,20.5,-130,0.5652173913043478,0.6586695652173913,0.9920730355835591,0.0934521739130435,0.16533846153846155,betmgm,BetMGM,2026-05-10T00:40:00Z,Los Angeles Lakers,Oklahoma City Thunder,,,False
2026-05-09,2026-05-09T12:37:59.552377+00:00,4066457,Austin Reaves,LAL,pa,UNDER,28.5,-130,0.5652173913043478,0.6586695652173913,0.9904193100531249,0.0934521739130435,0.16533846153846155,bovada,Bovada,2026-05-10T00:40:00Z,Los Angeles Lakers,Oklahoma City Thunder,,,False
2026-05-09,2026-05-09T12:37:59.552377+00:00,4066457,Austin Reaves,LAL,pa,UNDER,27.5,-130,0.5652173913043478,0.6575046150791125,0.9847047720987331,0.09228722377476473,0.1632773959091991,fanduel,FanDuel,2026-05-10T00:40:00Z,Los Angeles Lakers,Oklahoma City Thunder,,,False
2026-05-09,2026-05-09T12:37:59.552377+00:00,3908809,Donovan Mitchell,CLE,pa,UNDER,30.5,-120,0.5454545454545454,0.6324404947041895,0.9408452238620186,0.08698594924964409,0.1594742402910141,bovada,Bovada,2026-05-09T19:10:00Z,Cleveland Cavaliers,Detroit Pistons,,,False
2026-05-09,2026-05-09T12:37:59.552377+00:00,3908809,Donovan Mitchell,CLE,pa,UNDER,29.5,-115,0.5348837209302325,0.619939841535122,0.9215024509524579,0.08505612060488954,0.1590179646091412,betmgm,BetMGM,2026-05-09T19:10:00Z,Cleveland Cavaliers,Detroit Pistons,,,False
2026-05-09,2026-05-09T12:37:59.552377+00:00,3908809,Donovan Mitchell,CLE,pa,UNDER,30.5,-122,0.5495495495495496,0.6356345978982928,0.9408452238620186,0.0860850483487432,0.15664656338869676,fanduel,FanDuel,2026-05-09T19:10:00Z,Cleveland Cavaliers,Detroit Pistons,,,False
2026-05-09,2026-05-09T12:37:59.552377+00:00,4222252,Isaiah Hartenstein,OKC,pa,UNDER,9.5,130,0.43478260869565216,0.5021185089832678,0.740854882730269,0.06733590028761566,0.15487257066151605,bovada,Bovada,2026-05-10T00:40:00Z,Los Angeles Lakers,Oklahoma City Thunder,,,False
2026-05-09,2026-05-09T12:37:59.552377+00:00,3992,James Harden,CLE,pa,UNDER,26.5,-114,0.5327102803738317,0.6140666546941708,0.9025119818299184,0.08135637432033904,0.15272161495221526,fanduel,FanDuel,2026-05-09T19:10:00Z,Cleveland Cavaliers,Detroit Pistons,,,False
2026-05-09,2026-05-09T12:37:59.552377+00:00,1966,LeBron James,LAL,pa,UNDER,29.5,-120,0.5454545454545454,0.6280066701062805,0.920691475689705,0.08255212465173511,0.15134556186151438,bovada,Bovada,2026-05-10T00:40:00Z,Los Angeles Lakers,Oklahoma City Thunder,,,False
2026-05-09,2026-05-09T12:37:59.552377+00:00,3992,James Harden,CLE,pa,UNDER,26.5,-115,0.5348837209302325,0.6157619383281634,0.9025119818299184,0.08087821739793088,0.15120710209178367,bovada,Bovada,2026-05-09T19:10:00Z,Cleveland Cavaliers,Detroit Pistons,,,False
2026-05-09,2026-05-09T12:37:59.552377+00:00,3992,James Harden,CLE,pa,UNDER,26.5,-117,0.5391705069124424,0.6191056313942871,0.9025119818299184,0.0799351244818447,0.1482557436970966,draftkings,DraftKings,2026-05-09T19:10:00Z,Cleveland Cavaliers,Detroit Pistons,,,False
2026-05-09,2026-05-09T12:37:59.552377+00:00,4432166,Cade Cunningham,DET,pa,UNDER,37.5,-130,0.5652173913043478,0.6487794136660524,0.9450447656757326,0.08356202236170462,0.14784050110147734,bovada,Bovada,2026-05-09T19:10:00Z,Cleveland Cavaliers,Detroit Pistons,,,False
2026-05-09,2026-05-09T12:37:59.552377+00:00,4432166,Cade Cunningham,DET,pa,UNDER,36.5,-125,0.5555555555555556,0.6375242187713136,0.9281403883544558,0.08196866321575802,0.14754359378836446,fanduel,FanDuel,2026-05-09T19:10:00Z,Cleveland Cavaliers,Detroit Pistons,,,False
2026-05-09,2026-05-09T12:37:59.552377+00:00,4432166,Cade Cunningham,DET,pa,UNDER,36.5,-125,0.5555555555555556,0.6375242187713136,0.9281403883544558,0.08196866321575802,0.14754359378836446,betmgm,BetMGM,2026-05-09T19:10:00Z,Cleveland Cavaliers,Detroit Pistons,,,False
2026-05-09,2026-05-09T12:37:59.552377+00:00,1966,LeBron James,LAL,pa,UNDER,29.5,-125,0.5555555555555556,0.6358854579850685,0.920691475689705,0.08032990242951288,0.1445938243731233,fanduel,FanDuel,2026-05-10T00:40:00Z,Los Angeles Lakers,Oklahoma City Thunder,,,False
2026-05-09,2026-05-09T12:37:59.552377+00:00,3157465,Duncan Robinson,DET,pa,OVER,13.5,-110,0.5238095238095238,0.599369037858826,0.8672618603972608,0.07555951404930217,0.14424998136684963,fanduel,FanDuel,2026-05-09T19:10:00Z,Cleveland Cavaliers,Detroit Pistons,,,False
2026-05-09,2026-05-09T12:37:59.552377+00:00,3157465,Duncan Robinson,DET,pa,OVER,13.5,-114,0.5327102803738317,0.6063116279789862,0.8672618603972608,0.07360134760515447,0.1381639332237109,draftkings,DraftKings,2026-05-09T19:10:00Z,Cleveland Cavaliers,Detroit Pistons,,,False
2026-05-09,2026-05-09T12:37:59.552377+00:00,3992,James Harden,CLE,pa,UNDER,26.5,-125,0.5555555555555556,0.6318859693359155,0.9025119818299184,0.07633041378035987,0.13739474480464786,betmgm,BetMGM,2026-05-09T19:10:00Z,Cleveland Cavaliers,Detroit Pistons,,,False
2026-05-09,2026-05-09T12:37:59.552377+00:00,3157465,Duncan Robinson,DET,pa,OVER,13.5,-115,0.5348837209302325,0.6080069116129787,0.8672618603972608,0.0731231906827462,0.13670857388513413,bovada,Bovada,2026-05-09T19:10:00Z,Cleveland Cavaliers,Detroit Pistons,,,False
2026-05-09,2026-05-09T12:37:59.552377+00:00,3992,James Harden,CLE,pa,UNDER,27.5,-135,0.574468085106383,0.6519858275092759,0.9268214596649871,0.07751774240289289,0.13493829233096177,bovada,Bovada,2026-05-09T19:10:00Z,Cleveland Cavaliers,Detroit Pistons,,,False
2026-05-09,2026-05-09T12:37:59.552377+00:00,3912848,Dean Wade,CLE,pa,OVER,6.5,105,0.4878048780487805,0.5527992215692324,0.7832337122326529,0.06499434352045197,0.13323840421692656,betmgm,BetMGM,2026-05-09T19:10:00Z,Cleveland Cavaliers,Detroit Pistons,,,False
2026-05-09,2026-05-09T12:37:59.552377+00:00,4222252,Isaiah Hartenstein,OKC,pa,UNDER,10.5,-105,0.5121951219512195,0.5796440714760629,0.8187812561550529,0.06744894952484337,0.13168604431040842,bovada,Bovada,2026-05-10T00:40:00Z,Los Angeles Lakers,Oklahoma City Thunder,,,False
2026-05-09,2026-05-09T12:37:59.552377+00:00,4222252,Isaiah Hartenstein,OKC,pa,UNDER,10.5,-106,0.5145631067961165,0.5814910996550825,0.8187812561550529,0.066927992858966,0.13006760876365087,fanduel,FanDuel,2026-05-10T00:40:00Z,Los Angeles Lakers,Oklahoma City Thunder,,,False
2026-05-09,2026-05-09T12:37:59.552377+00:00,4222252,Isaiah Hartenstein,OKC,pa,UNDER,10.5,-106,0.5145631067961165,0.5814910996550825,0.8187812561550529,0.066927992858966,0.13006760876365087,draftkings,DraftKings,2026-05-10T00:40:00Z,Los Angeles Lakers,Oklahoma City Thunder,,,False
2026-05-09,2026-05-09T12:37:59.552377+00:00,3157465,Duncan Robinson,DET,pa,OVER,13.5,-130,0.5652173913043478,0.6316671745047886,0.8672618603972608,0.06644978320044082,0.11756500104693368,betmgm,BetMGM,2026-05-09T19:10:00Z,Cleveland Cavaliers,Detroit Pistons,,,False
2026-05-09,2026-05-09T12:37:59.552377+00:00,3913174,Luke Kennard,LAL,pa,OVER,11.5,120,0.45454545454545453,0.5051867060518566,0.6847329613927364,0.05064125150640203,0.11141075331408445,bovada,Bovada,2026-05-10T00:40:00Z,Los Angeles Lakers,Oklahoma City Thunder,,,False
2026-05-09,2026-05-09T12:37:59.552377+00:00,3157465,Duncan Robinson,DET,pa,OVER,12.5,-150,0.6,0.6651465041355846,0.8961204733435665,0.06514650413558465,0.10857750689264101,bovada,Bovada,2026-05-09T19:10:00Z,Cleveland Cavaliers,Detroit Pistons,,,False
2026-05-09,2026-05-09T12:37:59.552377+00:00,4222252,Isaiah Hartenstein,OKC,pa,UNDER,11.5,-145,0.5918367346938775,0.6552542411851333,0.8800981278359491,0.06341750649125577,0.10715371786453565,bovada,Bovada,2026-05-10T00:40:00Z,Los Angeles Lakers,Oklahoma City Thunder,,,False
2026-05-09,2026-05-09T12:37:59.552377+00:00,4222252,Isaiah Hartenstein,OKC,pa,UNDER,9.5,100,0.5,0.5529880742006592,0.740854882730269,0.05298807420065921,0.10597614840131842,betmgm,BetMGM,2026-05-10T00:40:00Z,Los Angeles Lakers,Oklahoma City Thunder,,,False
2026-05-09,2026-05-09T12:37:59.552377+00:00,4065778,Max Strus,CLE,pa,OVER,11.5,115,0.46511627906976744,0.5105947627062336,0.6718366592355229,0.04547848363646617,0.09777873981840224,bovada,Bovada,2026-05-09T19:10:00Z,Cleveland Cavaliers,Detroit Pistons,,,False
2026-05-09,2026-05-09T12:37:59.552377+00:00,4066648,Rui Hachimura,LAL,pa,OVER,14.5,-104,0.5098039215686274,0.5566932113221064,0.7229370568117137,0.04688928975347895,0.09197514528567019,draftkings,DraftKings,2026-05-10T00:40:00Z,Los Angeles Lakers,Oklahoma City Thunder,,,False
2026-05-09,2026-05-09T12:37:59.552377+00:00,4433255,Chet Holmgren,OKC,pa,UNDER,16.5,130,0.43478260869565216,0.47245537428505713,0.6060224522838564,0.037672765589404966,0.0866473608556314,bovada,Bovada,2026-05-10T00:40:00Z,Los Angeles Lakers,Oklahoma City Thunder,,,False
2026-05-09,2026-05-09T12:37:59.552377+00:00,3913174,Luke Kennard,LAL,pa,OVER,10.5,-115,0.5348837209302325,0.581128836795702,0.7450887930460033,0.04624511586546953,0.08645826009631252,bovada,Bovada,2026-05-10T00:40:00Z,Los Angeles Lakers,Oklahoma City Thunder,,,False
2026-05-09,2026-05-09T12:37:59.552377+00:00,3913174,Luke Kennard,LAL,pa,OVER,10.5,-117,0.5391705069124424,0.5844725298618257,0.7450887930460033,0.04530202294938335,0.08402170068389903,draftkings,DraftKings,2026-05-10T00:40:00Z,Los Angeles Lakers,Oklahoma City Thunder,,,False
2026-05-09,2026-05-09T12:37:59.552377+00:00,4066648,Rui Hachimura,LAL,pa,OVER,14.5,-110,0.5238095238095238,0.5676175810700056,0.7229370568117137,0.04380805726048176,0.0836335638609198,bovada,Bovada,2026-05-10T00:40:00Z,Los Angeles Lakers,Oklahoma City Thunder,,,False
2026-05-09,2026-05-09T12:37:59.552377+00:00,4433255,Chet Holmgren,OKC,pa,UNDER,17.5,100,0.5,0.5379897251391185,0.6726805688141748,0.03798972513911847,0.07597945027823694,bovada,Bovada,2026-05-10T00:40:00Z,Los Angeles Lakers,Oklahoma City Thunder,,,False
2026-05-09,2026-05-09T12:37:59.552377+00:00,4065778,Max Strus,CLE,pa,OVER,11.5,100,0.5,0.537804065031815,0.6718366592355229,0.03780406503181499,0.07560813006362999,fanduel,FanDuel,2026-05-09T19:10:00Z,Cleveland Cavaliers,Detroit Pistons,,,False
2026-05-09,2026-05-09T12:37:59.552377+00:00,4065778,Max Strus,CLE,pa,OVER,10.5,-120,0.5454545454545454,0.5864608642571839,0.7318469036483566,0.0410063188026385,0.0751782511381705,bovada,Bovada,2026-05-09T19:10:00Z,Cleveland Cavaliers,Detroit Pistons,,,False
2026-05-09,2026-05-09T12:37:59.552377+00:00,4065778,Max Strus,CLE,pa,OVER,10.5,-121,0.5475113122171946,0.5880651423320502,0.7318469036483566,0.04055383011485558,0.07406939219324876,draftkings,DraftKings,2026-05-09T19:10:00Z,Cleveland Cavaliers,Detroit Pistons,,,False
2026-05-09,2026-05-09T12:37:59.552377+00:00,4433255,Chet Holmgren,OKC,pa,UNDER,18.5,-125,0.5555555555555556,0.5948661240594901,0.7342399578461672,0.03931056850393455,0.07075902330708228,fanduel,FanDuel,2026-05-10T00:40:00Z,Los Angeles Lakers,Oklahoma City Thunder,,,False
2026-05-09,2026-05-09T12:37:59.552377+00:00,4433255,Chet Holmgren,OKC,pa,UNDER,18.5,-125,0.5555555555555556,0.5948661240594901,0.7342399578461672,0.03931056850393455,0.07075902330708228,bovada,Bovada,2026-05-10T00:40:00Z,Los Angeles Lakers,Oklahoma City Thunder,,,False
2026-05-09,2026-05-09T12:37:59.552377+00:00,4433255,Chet Holmgren,OKC,pa,UNDER,17.5,-105,0.5121951219512195,0.5475019202610697,0.6726805688141748,0.035306798309850174,0.06893232050970743,betmgm,BetMGM,2026-05-10T00:40:00Z,Los Angeles Lakers,Oklahoma City Thunder,,,False
2026-05-09,2026-05-09T12:37:59.552377+00:00,4066648,Rui Hachimura,LAL,pa,OVER,13.5,-145,0.5918367346938775,0.6316044890038871,0.7725992542848299,0.03976775431000956,0.06719379176518858,bovada,Bovada,2026-05-10T00:40:00Z,Los Angeles Lakers,Oklahoma City Thunder,,,False
2026-05-09,2026-05-09T12:37:59.552377+00:00,4433255,Chet Holmgren,OKC,pa,UNDER,18.5,-129,0.5633187772925764,0.6009214370143664,0.7342399578461672,0.03760265972179,0.06675200834333261,draftkings,DraftKings,2026-05-10T00:40:00Z,Los Angeles Lakers,Oklahoma City Thunder,,,False
2026-05-09,2026-05-09T12:37:59.552377+00:00,3913174,Luke Kennard,LAL,pa,OVER,9.5,-160,0.6153846153846154,0.6557304684671097,0.7987748566686801,0.040345853082494276,0.06556201125905325,bovada,Bovada,2026-05-10T00:40:00Z,Los Angeles Lakers,Oklahoma City Thunder,,,False
2026-05-09,2026-05-09T12:37:59.552377+00:00,4066648,Rui Hachimura,LAL,pa,OVER,14.5,-130,0.5652173913043478,0.5999157177159683,0.7229370568117137,0.03469832641162052,0.06138934672825164,betmgm,BetMGM,2026-05-10T00:40:00Z,Los Angeles Lakers,Oklahoma City Thunder,,,False
2026-05-09,2026-05-09T12:37:59.552377+00:00,4433621,Jalen Duren,DET,pa,UNDER,14.5,125,0.4444444444444444,0.4709541860207805,0.5649432697914265,0.026509741576336066,0.05964691854675608,bovada,Bovada,2026-05-09T19:10:00Z,Cleveland Cavaliers,Detroit Pistons,,,False
2026-05-09,2026-05-09T12:37:59.552377+00:00,2990992,Marcus Smart,LAL,pa,OVER,15.5,-110,0.5238095238095238,0.5544714013513268,0.6631816944540827,0.03066187754180294,0.058536311670714714,betmgm,BetMGM,2026-05-10T00:40:00Z,Los Angeles Lakers,Oklahoma City Thunder,,,False
2026-05-09,2026-05-09T12:37:59.552377+00:00,2990992,Marcus Smart,LAL,pa,OVER,16.5,110,0.47619047619047616,0.5040597768950499,0.6028691157567204,0.02786930070457372,0.05852553147960482,bovada,Bovada,2026-05-10T00:40:00Z,Los Angeles Lakers,Oklahoma City Thunder,,,False
2026-05-09,2026-05-09T12:37:59.552377+00:00,4065778,Max Strus,CLE,pa,OVER,9.5,-165,0.6226415094339622,0.6585295563152668,0.785768995258074,0.035888046881304536,0.0576383783245194,bovada,Bovada,2026-05-09T19:10:00Z,Cleveland Cavaliers,Detroit Pistons,,,False
2026-05-09,2026-05-09T12:37:59.552377+00:00,4433621,Jalen Duren,DET,pa,UNDER,15.5,-105,0.5121951219512195,0.5403654361347999,0.6402420046038577,0.028170314183580403,0.054999184834609305,bovada,Bovada,2026-05-09T19:10:00Z,Cleveland Cavaliers,Detroit Pistons,,,False
2026-05-09,2026-05-09T12:37:59.552377+00:00,2991350,Alex Caruso,OKC,pa,UNDER,6.5,170,0.37037037037037035,0.39069206922038746,0.462741728779539,0.02032169885001711,0.054868586895046145,bovada,Bovada,2026-05-10T00:40:00Z,Los Angeles Lakers,Oklahoma City Thunder,,,False
2026-05-09,2026-05-09T12:37:59.552377+00:00,4066648,Rui Hachimura,LAL,pa,OVER,12.5,-190,0.6551724137931034,0.690732950091424,0.8168112151491059,0.035560536298320566,0.054276608034278695,bovada,Bovada,2026-05-10T00:40:00Z,Los Angeles Lakers,Oklahoma City Thunder,,,False
2026-05-09,2026-05-09T12:37:59.552377+00:00,4433621,Jalen Duren,DET,pa,UNDER,15.5,-107,0.5169082125603864,0.5440416468099502,0.6402420046038577,0.027133434249563715,0.05249178401551102,draftkings,DraftKings,2026-05-09T19:10:00Z,Cleveland Cavaliers,Detroit Pistons,,,False
2026-05-09,2026-05-09T12:37:59.552377+00:00,4433621,Jalen Duren,DET,pa,UNDER,16.5,-135,0.574468085106383,0.6043839068873488,0.7104490932016818,0.029915821780965746,0.052075689766866384,bovada,Bovada,2026-05-09T19:10:00Z,Cleveland Cavaliers,Detroit Pistons,,,False
2026-05-09,2026-05-09T12:37:59.552377+00:00,4433621,Jalen Duren,DET,pa,UNDER,15.5,-110,0.5238095238095238,0.5494246695842773,0.6402420046038577,0.025615145774753434,0.04890164193362023,fanduel,FanDuel,2026-05-09T19:10:00Z,Cleveland Cavaliers,Detroit Pistons,,,False
2026-05-09,2026-05-09T12:37:59.552377+00:00,2990992,Marcus Smart,LAL,pa,OVER,15.5,-120,0.5454545454545454,0.5713545182344436,0.6631816944540827,0.025899972779898195,0.04748328342981328,bovada,Bovada,2026-05-10T00:40:00Z,Los Angeles Lakers,Oklahoma City Thunder,,,False
2026-05-09,2026-05-09T12:37:59.552377+00:00,2991350,Alex Caruso,OKC,pa,UNDER,7.5,115,0.46511627906976744,0.48659114051806995,0.5627292856529608,0.021474861448302518,0.04617095211385036,bovada,Bovada,2026-05-10T00:40:00Z,Los Angeles Lakers,Oklahoma City Thunder,,,False
2026-05-09,2026-05-09T12:37:59.552377+00:00,2990992,Marcus Smart,LAL,pa,OVER,15.5,-122,0.5495495495495496,0.5745486214285469,0.6631816944540827,0.024999071878997303,0.04549011440276568,draftkings,DraftKings,2026-05-10T00:40:00Z,Los Angeles Lakers,Oklahoma City Thunder,,,False
2026-05-09,2026-05-09T12:37:59.552377+00:00,2990992,Marcus Smart,LAL,pa,OVER,15.5,-125,0.5555555555555556,0.5792333061132315,0.6631816944540827,0.02367775055767596,0.04261995100381677,fanduel,FanDuel,2026-05-10T00:40:00Z,Los Angeles Lakers,Oklahoma City Thunder,,,False
2026-05-09,2026-05-09T12:37:59.552377+00:00,2991350,Alex Caruso,OKC,pa,UNDER,8.5,-125,0.5555555555555556,0.578279314366691,0.6588453683334436,0.02272375881113542,0.04090276586004382,bovada,Bovada,2026-05-10T00:40:00Z,Los Angeles Lakers,Oklahoma City Thunder,,,False
2026-05-09,2026-05-09T12:37:59.552377+00:00,2991350,Alex Caruso,OKC,pa,UNDER,8.5,-126,0.5575221238938053,0.5798132376705257,0.6588453683334436,0.02229111377672044,0.03998247391697468,draftkings,DraftKings,2026-05-10T00:40:00Z,Los Angeles Lakers,Oklahoma City Thunder,,,False
2026-05-09,2026-05-09T12:37:59.552377+00:00,4066328,Jarrett Allen,CLE,pa,UNDER,13.5,-150,0.6,0.6230458940923275,0.7047540640560338,0.02304589409232749,0.03840982348721245,bovada,Bovada,2026-05-09T19:10:00Z,Cleveland Cavaliers,Detroit Pistons,,,False
2026-05-09,2026-05-09T12:37:59.552377+00:00,4278073,Shai Gilgeous-Alexander,OKC,pr,UNDER,31.5,120,0.45454545454545453,0.5723454545454545,0.9992631629130158,0.11779999999999996,0.25915999999999983,bovada,Bovada,2026-05-10T00:40:00Z,Los Angeles Lakers,Oklahoma City Thunder,,,False
2026-05-09,2026-05-09T12:37:59.552377+00:00,4900671,Ajay Mitchell,OKC,pr,UNDER,18.5,120,0.45454545454545453,0.5689269555131204,0.974461368034845,0.11438150096766592,0.251639302128865,bovada,Bovada,2026-05-10T00:40:00Z,Los Angeles Lakers,Oklahoma City Thunder,,,False
2026-05-09,2026-05-09T12:37:59.552377+00:00,4278073,Shai Gilgeous-Alexander,OKC,pr,UNDER,32.5,100,0.5,0.6078,0.9996159602011179,0.1078,0.2156,bovada,Bovada,2026-05-10T00:40:00Z,Los Angeles Lakers,Oklahoma City Thunder,,,False
2026-05-09,2026-05-09T12:37:59.552377+00:00,4222252,Isaiah Hartenstein,OKC,pr,UNDER,15.5,120,0.45454545454545453,0.5495963738343892,0.8865950876769757,0.09505091928893467,0.2091120224356562,bovada,Bovada,2026-05-10T00:40:00Z,Los Angeles Lakers,Oklahoma City Thunder,,,False
2026-05-09,2026-05-09T12:37:59.552377+00:00,4066457,Austin Reaves,LAL,pr,UNDER,25.5,105,0.4878048780487805,0.5887349338860858,0.9465778591274407,0.1009300558373053,0.20690661446647585,bovada,Bovada,2026-05-10T00:40:00Z,Los Angeles Lakers,Oklahoma City Thunder,,,False
2026-05-09,2026-05-09T12:37:59.552377+00:00,4900671,Ajay Mitchell,OKC,pr,UNDER,19.5,-105,0.5121951219512195,0.6162207097460808,0.9850387028369524,0.10402558779486126,0.2030975761709196,draftkings,DraftKings,2026-05-10T00:40:00Z,Los Angeles Lakers,Oklahoma City Thunder,,,False
2026-05-09,2026-05-09T12:37:59.552377+00:00,4900671,Ajay Mitchell,OKC,pr,UNDER,19.5,-105,0.5121951219512195,0.6162207097460808,0.9850387028369524,0.10402558779486126,0.2030975761709196,bovada,Bovada,2026-05-10T00:40:00Z,Los Angeles Lakers,Oklahoma City Thunder,,,False
2026-05-09,2026-05-09T12:37:59.552377+00:00,4900671,Ajay Mitchell,OKC,pr,UNDER,20.5,-112,0.5283018867924528,0.6298754716981132,0.9916078015850185,0.10157358490566037,0.19226428571428578,fanduel,FanDuel,2026-05-10T00:40:00Z,Los Angeles Lakers,Oklahoma City Thunder,,,False
2026-05-09,2026-05-09T12:37:59.552377+00:00,4278073,Shai Gilgeous-Alexander,OKC,pr,UNDER,33.5,-112,0.5283018867924528,0.6298754716981132,0.9998061215938767,0.10157358490566037,0.19226428571428578,fanduel,FanDuel,2026-05-10T00:40:00Z,Los Angeles Lakers,Oklahoma City Thunder,,,False
2026-05-09,2026-05-09T12:37:59.552377+00:00,4278073,Shai Gilgeous-Alexander,OKC,pr,UNDER,33.5,-120,0.5454545454545454,0.6432545454545454,0.9998061215938767,0.0978,0.1792999999999999,betmgm,BetMGM,2026-05-10T00:40:00Z,Los Angeles Lakers,Oklahoma City Thunder,,,False
2026-05-09,2026-05-09T12:37:59.552377+00:00,4278073,Shai Gilgeous-Alexander,OKC,pr,UNDER,33.5,-120,0.5454545454545454,0.6432545454545454,0.9998061215938767,0.0978,0.1792999999999999,bovada,Bovada,2026-05-10T00:40:00Z,Los Angeles Lakers,Oklahoma City Thunder,,,False
2026-05-09,2026-05-09T12:37:59.552377+00:00,4278073,Shai Gilgeous-Alexander,OKC,pr,UNDER,33.5,-121,0.5475113122171946,0.6448588235294118,0.9998061215938767,0.0973475113122172,0.17780000000000007,draftkings,DraftKings,2026-05-10T00:40:00Z,Los Angeles Lakers,Oklahoma City Thunder,,,False
2026-05-09,2026-05-09T12:37:59.552377+00:00,4222252,Isaiah Hartenstein,OKC,pr,UNDER,16.5,-105,0.5121951219512195,0.6032320724333218,0.9259994423244114,0.09103695048210225,0.17773880808410436,draftkings,DraftKings,2026-05-10T00:40:00Z,Los Angeles Lakers,Oklahoma City Thunder,,,False
2026-05-09,2026-05-09T12:37:59.552377+00:00,4222252,Isaiah Hartenstein,OKC,pr,UNDER,16.5,-105,0.5121951219512195,0.6032320724333218,0.9259994423244114,0.09103695048210225,0.17773880808410436,bovada,Bovada,2026-05-10T00:40:00Z,Los Angeles Lakers,Oklahoma City Thunder,,,False
2026-05-09,2026-05-09T12:37:59.552377+00:00,4066457,Austin Reaves,LAL,pr,UNDER,26.5,-115,0.5348837209302325,0.6291008701901641,0.9631434902935581,0.09421714925993163,0.17614510513813297,betmgm,BetMGM,2026-05-10T00:40:00Z,Los Angeles Lakers,Oklahoma City Thunder,,,False
2026-05-09,2026-05-09T12:37:59.552377+00:00,4066457,Austin Reaves,LAL,pr,UNDER,26.5,-115,0.5348837209302325,0.6291008701901641,0.9631434902935581,0.09421714925993163,0.17614510513813297,bovada,Bovada,2026-05-10T00:40:00Z,Los Angeles Lakers,Oklahoma City Thunder,,,False
2026-05-09,2026-05-09T12:37:59.552377+00:00,4066457,Austin Reaves,LAL,pr,UNDER,26.5,-116,0.5370370370370371,0.6307804567534717,0.9631434902935581,0.09374341971643463,0.17455671257543004,draftkings,DraftKings,2026-05-10T00:40:00Z,Los Angeles Lakers,Oklahoma City Thunder,,,False
2026-05-09,2026-05-09T12:37:59.552377+00:00,4066457,Austin Reaves,LAL,pr,UNDER,25.5,-112,0.5283018867924528,0.6203226007061502,0.9465778591274407,0.09202071391369737,0.17418206562235572,fanduel,FanDuel,2026-05-10T00:40:00Z,Los Angeles Lakers,Oklahoma City Thunder,,,False
2026-05-09,2026-05-09T12:37:59.552377+00:00,4900671,Ajay Mitchell,OKC,pr,UNDER,20.5,-125,0.5555555555555556,0.6511333333333333,0.9916078015850185,0.09557777777777776,0.17204000000000008,betmgm,BetMGM,2026-05-10T00:40:00Z,Los Angeles Lakers,Oklahoma City Thunder,,,False
2026-05-09,2026-05-09T12:37:59.552377+00:00,3157465,Duncan Robinson,DET,pr,OVER,14.5,100,0.5,0.5837133481854134,0.8805152190246063,0.08371334818541343,0.16742669637082686,bovada,Bovada,2026-05-09T19:10:00Z,Cleveland Cavaliers,Detroit Pistons,,,False
2026-05-09,2026-05-09T12:37:59.552377+00:00,4900671,Ajay Mitchell,OKC,pr,UNDER,20.5,-130,0.5652173913043478,0.6586695652173913,0.9916078015850185,0.0934521739130435,0.16533846153846155,bovada,Bovada,2026-05-10T00:40:00Z,Los Angeles Lakers,Oklahoma City Thunder,,,False
2026-05-09,2026-05-09T12:37:59.552377+00:00,3908809,Donovan Mitchell,CLE,pr,UNDER,28.5,115,0.46511627906976744,0.5399985366427678,0.8054901771288596,0.07488225757300032,0.1609968537819506,bovada,Bovada,2026-05-09T19:10:00Z,Cleveland Cavaliers,Detroit Pistons,,,False
2026-05-09,2026-05-09T12:37:59.552377+00:00,3912848,Dean Wade,CLE,pr,OVER,9.5,120,0.45454545454545453,0.5250957506915167,0.775228618845737,0.07055029614606217,0.15521065152133673,bovada,Bovada,2026-05-09T19:10:00Z,Cleveland Cavaliers,Detroit Pistons,,,False
2026-05-09,2026-05-09T12:37:59.552377+00:00,4066457,Austin Reaves,LAL,pr,UNDER,27.5,-135,0.574468085106383,0.6626398592895698,0.9752488768481413,0.08817177418318678,0.15348419950406594,bovada,Bovada,2026-05-10T00:40:00Z,Los Angeles Lakers,Oklahoma City Thunder,,,False
2026-05-09,2026-05-09T12:37:59.552377+00:00,4222252,Isaiah Hartenstein,OKC,pr,UNDER,17.5,-130,0.5652173913043478,0.6507431514745595,0.9539708466234922,0.08552576017021174,0.15131480645498996,fanduel,FanDuel,2026-05-10T00:40:00Z,Los Angeles Lakers,Oklahoma City Thunder,,,False
2026-05-09,2026-05-09T12:37:59.552377+00:00,4222252,Isaiah Hartenstein,OKC,pr,UNDER,17.5,-130,0.5652173913043478,0.6507431514745595,0.9539708466234922,0.08552576017021174,0.15131480645498996,bovada,Bovada,2026-05-10T00:40:00Z,Los Angeles Lakers,Oklahoma City Thunder,,,False
2026-05-09,2026-05-09T12:37:59.552377+00:00,3157465,Duncan Robinson,DET,pr,OVER,14.5,-110,0.5238095238095238,0.602284776756842,0.8805152190246063,0.07847525294731816,0.1498163919903347,betmgm,BetMGM,2026-05-09T19:10:00Z,Cleveland Cavaliers,Detroit Pistons,,,False
2026-05-09,2026-05-09T12:37:59.552377+00:00,4222252,Isaiah Hartenstein,OKC,pr,UNDER,16.5,-125,0.5555555555555556,0.6370532106447039,0.9259994423244114,0.0814976550891483,0.14669577916046705,betmgm,BetMGM,2026-05-10T00:40:00Z,Los Angeles Lakers,Oklahoma City Thunder,,,False
2026-05-09,2026-05-09T12:37:59.552377+00:00,4433621,Jalen Duren,DET,pr,UNDER,23.5,115,0.46511627906976744,0.5331248701551463,0.7742462385487623,0.06800859108537888,0.14621847083356454,bovada,Bovada,2026-05-09T19:10:00Z,Cleveland Cavaliers,Detroit Pistons,,,False
2026-05-09,2026-05-09T12:37:59.552377+00:00,3908809,Donovan Mitchell,CLE,pr,UNDER,30.5,-111,0.5260663507109005,0.602632813198532,0.8740957256546801,0.07656646248763155,0.1455452575215338,draftkings,DraftKings,2026-05-09T19:10:00Z,Cleveland Cavaliers,Detroit Pistons,,,False
2026-05-09,2026-05-09T12:37:59.552377+00:00,3908809,Donovan Mitchell,CLE,pr,UNDER,29.5,-105,0.5121951219512195,0.5848036898323623,0.8422340668655047,0.07260856788114278,0.14175958491080254,bovada,Bovada,2026-05-09T19:10:00Z,Cleveland Cavaliers,Detroit Pistons,,,False
2026-05-09,2026-05-09T12:37:59.552377+00:00,3157465,Duncan Robinson,DET,pr,OVER,13.5,-125,0.5555555555555556,0.6328593746536639,0.9069365514560479,0.07730381909810835,0.13914687437659512,fanduel,FanDuel,2026-05-09T19:10:00Z,Cleveland Cavaliers,Detroit Pistons,,,False
2026-05-09,2026-05-09T12:37:59.552377+00:00,4433255,Chet Holmgren,OKC,pr,UNDER,23.5,120,0.45454545454545453,0.5175085874869996,0.7407415133706595,0.06296313294154504,0.13851889247139904,bovada,Bovada,2026-05-10T00:40:00Z,Los Angeles Lakers,Oklahoma City Thunder,,,False
2026-05-09,2026-05-09T12:37:59.552377+00:00,3157465,Duncan Robinson,DET,pr,OVER,13.5,-128,0.5614035087719298,0.6374207781624358,0.9069365514560479,0.07601726939050601,0.13540576110183877,draftkings,DraftKings,2026-05-09T19:10:00Z,Cleveland Cavaliers,Detroit Pistons,,,False
2026-05-09,2026-05-09T12:37:59.552377+00:00,1966,LeBron James,LAL,pr,UNDER,26.5,115,0.46511627906976744,0.5279735625206041,0.750831203846298,0.06285728345083669,0.13514315941929878,bovada,Bovada,2026-05-10T00:40:00Z,Los Angeles Lakers,Oklahoma City Thunder,,,False
2026-05-09,2026-05-09T12:37:59.552377+00:00,4433621,Jalen Duren,DET,pr,UNDER,24.5,-105,0.5121951219512195,0.5808071532732377,0.8240679915967568,0.06861203132201821,0.13395682305727363,bovada,Bovada,2026-05-09T19:10:00Z,Cleveland Cavaliers,Detroit Pistons,,,False
2026-05-09,2026-05-09T12:37:59.552377+00:00,3157465,Duncan Robinson,DET,pr,OVER,13.5,-130,0.5652173913043478,0.6403956065377218,0.9069365514560479,0.07517821523337398,0.13300761156673852,bovada,Bovada,2026-05-09T19:10:00Z,Cleveland Cavaliers,Detroit Pistons,,,False
2026-05-09,2026-05-09T12:37:59.552377+00:00,3908809,Donovan Mitchell,CLE,pr,UNDER,30.5,-120,0.5454545454545454,0.6177556050985751,0.8740957256546801,0.07230105964402966,0.132551942680721,fanduel,FanDuel,2026-05-09T19:10:00Z,Cleveland Cavaliers,Detroit Pistons,,,False
2026-05-09,2026-05-09T12:37:59.552377+00:00,4433621,Jalen Duren,DET,pr,UNDER,24.5,-106,0.5145631067961165,0.5826541814522573,0.8240679915967568,0.06809107465614084,0.13232793753929262,draftkings,DraftKings,2026-05-09T19:10:00Z,Cleveland Cavaliers,Detroit Pistons,,,False
2026-05-09,2026-05-09T12:37:59.552377+00:00,4433255,Chet Holmgren,OKC,pr,UNDER,24.5,100,0.5,0.5641334129259286,0.7915155132996755,0.06413341292592856,0.1282668258518571,bovada,Bovada,2026-05-10T00:40:00Z,Los Angeles Lakers,Oklahoma City Thunder,,,False
2026-05-09,2026-05-09T12:37:59.552377+00:00,3908809,Donovan Mitchell,CLE,pr,UNDER,30.5,-125,0.5555555555555556,0.625634392977363,0.8740957256546801,0.07007883742180743,0.12614190735925346,betmgm,BetMGM,2026-05-09T19:10:00Z,Cleveland Cavaliers,Detroit Pistons,,,False
2026-05-09,2026-05-09T12:37:59.552377+00:00,3908809,Donovan Mitchell,CLE,pr,UNDER,30.5,-125,0.5555555555555556,0.625634392977363,0.8740957256546801,0.07007883742180743,0.12614190735925346,bovada,Bovada,2026-05-09T19:10:00Z,Cleveland Cavaliers,Detroit Pistons,,,False
2026-05-09,2026-05-09T12:37:59.552377+00:00,1966,LeBron James,LAL,pr,UNDER,29.5,-125,0.5555555555555556,0.6252670542492119,0.8724260041630845,0.06971149869365634,0.1254806976485815,betmgm,BetMGM,2026-05-10T00:40:00Z,Los Angeles Lakers,Oklahoma City Thunder,,,False
2026-05-09,2026-05-09T12:37:59.552377+00:00,1966,LeBron James,LAL,pr,UNDER,27.5,-104,0.5098039215686274,0.5729723421683572,0.7969331061128537,0.06316842059972982,0.12390728656100847,fanduel,FanDuel,2026-05-10T00:40:00Z,Los Angeles Lakers,Oklahoma City Thunder,,,False
2026-05-09,2026-05-09T12:37:59.552377+00:00,4433621,Jalen Duren,DET,pr,UNDER,24.5,-112,0.5283018867924528,0.5933704298493997,0.8240679915967568,0.06506854305694687,0.12316545650064947,fanduel,FanDuel,2026-05-09T19:10:00Z,Cleveland Cavaliers,Detroit Pistons,,,False
2026-05-09,2026-05-09T12:37:59.552377+00:00,1966,LeBron James,LAL,pr,UNDER,28.5,-116,0.5370370370370371,0.603143774231278,0.8375222061017685,0.06610673719424087,0.1230953037410003,draftkings,DraftKings,2026-05-10T00:40:00Z,Los Angeles Lakers,Oklahoma City Thunder,,,False
2026-05-09,2026-05-09T12:37:59.552377+00:00,4433621,Jalen Duren,DET,pr,UNDER,25.5,-125,0.5555555555555556,0.6239186459305197,0.866296875441756,0.06836309037496413,0.1230535626749355,bovada,Bovada,2026-05-09T19:10:00Z,Cleveland Cavaliers,Detroit Pistons,,,False
2026-05-09,2026-05-09T12:37:59.552377+00:00,3912848,Dean Wade,CLE,pr,OVER,8.5,-114,0.5327102803738317,0.5981641919727527,0.8302280603689273,0.065453911598921,0.12286962352779895,fanduel,FanDuel,2026-05-09T19:10:00Z,Cleveland Cavaliers,Detroit Pistons,,,False
2026-05-09,2026-05-09T12:37:59.552377+00:00,3912848,Dean Wade,CLE,pr,OVER,8.5,-114,0.5327102803738317,0.5981641919727527,0.8302280603689273,0.065453911598921,0.12286962352779895,draftkings,DraftKings,2026-05-09T19:10:00Z,Cleveland Cavaliers,Detroit Pistons,,,False
2026-05-09,2026-05-09T12:37:59.552377+00:00,1966,LeBron James,LAL,pr,UNDER,27.5,-105,0.5121951219512195,0.574837478466779,0.7969331061128537,0.0626423565155595,0.12230174367323521,bovada,Bovada,2026-05-10T00:40:00Z,Los Angeles Lakers,Oklahoma City Thunder,,,False
2026-05-09,2026-05-09T12:37:59.552377+00:00,3912848,Dean Wade,CLE,pr,OVER,8.5,-115,0.5348837209302325,0.5998594756067454,0.8302280603689273,0.06497575467651284,0.12147641091695871,bovada,Bovada,2026-05-09T19:10:00Z,Cleveland Cavaliers,Detroit Pistons,,,False
2026-05-09,2026-05-09T12:37:59.552377+00:00,3912848,Dean Wade,CLE,pr,OVER,9.5,100,0.5,0.5605502961460621,0.775228618845737,0.06055029614606211,0.12110059229212422,betmgm,BetMGM,2026-05-09T19:10:00Z,Cleveland Cavaliers,Detroit Pistons,,,False
2026-05-09,2026-05-09T12:37:59.552377+00:00,4433255,Chet Holmgren,OKC,pr,UNDER,25.5,-118,0.5412844036697247,0.6060999923415271,0.8359007158142808,0.06481558867180237,0.11974405364790597,betmgm,BetMGM,2026-05-10T00:40:00Z,Los Angeles Lakers,Oklahoma City Thunder,,,False
2026-05-09,2026-05-09T12:37:59.552377+00:00,3913174,Luke Kennard,LAL,pr,OVER,11.5,-104,0.5098039215686274,0.569377547689718,0.7805931312099483,0.05957362612109063,0.11685595892983158,draftkings,DraftKings,2026-05-10T00:40:00Z,Los Angeles Lakers,Oklahoma City Thunder,,,False
2026-05-09,2026-05-09T12:37:59.552377+00:00,3913174,Luke Kennard,LAL,pr,OVER,11.5,-105,0.5121951219512195,0.5712426839881398,0.7805931312099483,0.0590475620369203,0.1152833354054158,bovada,Bovada,2026-05-10T00:40:00Z,Los Angeles Lakers,Oklahoma City Thunder,,,False
2026-05-09,2026-05-09T12:37:59.552377+00:00,4433255,Chet Holmgren,OKC,pr,UNDER,25.5,-122,0.5495495495495496,0.6125468061277904,0.8359007158142808,0.06299725657824085,0.11463435213417605,fanduel,FanDuel,2026-05-10T00:40:00Z,Los Angeles Lakers,Oklahoma City Thunder,,,False
2026-05-09,2026-05-09T12:37:59.552377+00:00,4432166,Cade Cunningham,DET,pr,UNDER,30.5,120,0.45454545454545453,0.5053409616574618,0.6854341232363965,0.050795507112007254,0.1117501156464159,bovada,Bovada,2026-05-09T19:10:00Z,Cleveland Cavaliers,Detroit Pistons,,,False
2026-05-09,2026-05-09T12:37:59.552377+00:00,1966,LeBron James,LAL,pr,UNDER,28.5,-125,0.5555555555555556,0.6175882186757224,0.8375222061017685,0.062032663120166864,0.11165879361630043,bovada,Bovada,2026-05-10T00:40:00Z,Los Angeles Lakers,Oklahoma City Thunder,,,False
2026-05-09,2026-05-09T12:37:59.552377+00:00,4433255,Chet Holmgren,OKC,pr,UNDER,25.5,-125,0.5555555555555556,0.6172314908124752,0.8359007158142808,0.06167593525691961,0.11101668346245536,bovada,Bovada,2026-05-10T00:40:00Z,Los Angeles Lakers,Oklahoma City Thunder,,,False
2026-05-09,2026-05-09T12:37:59.552377+00:00,4433255,Chet Holmgren,OKC,pr,UNDER,25.5,-126,0.5575221238938053,0.6187654141163099,0.8359007158142808,0.06124329022250463,0.10984907611338124,draftkings,DraftKings,2026-05-10T00:40:00Z,Los Angeles Lakers,Oklahoma City Thunder,,,False
2026-05-09,2026-05-09T12:37:59.552377+00:00,3992,James Harden,CLE,pr,UNDER,23.5,110,0.47619047619047616,0.527867603731819,0.7110865104693068,0.05167712754134279,0.10852196783681989,bovada,Bovada,2026-05-09T19:10:00Z,Cleveland Cavaliers,Detroit Pistons,,,False
2026-05-09,2026-05-09T12:37:59.552377+00:00,4433621,Jalen Duren,DET,pr,UNDER,24.5,-125,0.5555555555555556,0.6146282914846198,0.8240679915967568,0.05907273592906426,0.10633092467231575,betmgm,BetMGM,2026-05-09T19:10:00Z,Cleveland Cavaliers,Detroit Pistons,,,False
2026-05-09,2026-05-09T12:37:59.552377+00:00,3157465,Duncan Robinson,DET,pr,OVER,12.5,-170,0.6296296296296297,0.6954402130738679,0.9287686452852583,0.06581058344423829,0.10452269135261383,bovada,Bovada,2026-05-09T19:10:00Z,Cleveland Cavaliers,Detroit Pistons,,,False
2026-05-09,2026-05-09T12:37:59.552377+00:00,4432166,Cade Cunningham,DET,pr,UNDER,31.5,100,0.5,0.5510264031371618,0.7319381960780081,0.05102640313716178,0.10205280627432356,bovada,Bovada,2026-05-09T19:10:00Z,Cleveland Cavaliers,Detroit Pistons,,,False
2026-05-09,2026-05-09T12:37:59.552377+00:00,3992,James Harden,CLE,pr,UNDER,24.5,-110,0.5238095238095238,0.5760740139357354,0.7613753880195766,0.052264490126211594,0.09977766296822221,betmgm,BetMGM,2026-05-09T19:10:00Z,Cleveland Cavaliers,Detroit Pistons,,,False
2026-05-09,2026-05-09T12:37:59.552377+00:00,4432166,Cade Cunningham,DET,pr,UNDER,32.5,-118,0.5412844036697247,0.5926362598901623,0.774701931944441,0.051351856220437586,0.09487037844114732,draftkings,DraftKings,2026-05-09T19:10:00Z,Cleveland Cavaliers,Detroit Pistons,,,False
2026-05-09,2026-05-09T12:37:59.552377+00:00,3992,James Harden,CLE,pr,UNDER,24.5,-115,0.5348837209302325,0.5847118876898882,0.7613753880195766,0.049828166759655734,0.09315700742022581,bovada,Bovada,2026-05-09T19:10:00Z,Cleveland Cavaliers,Detroit Pistons,,,False
2026-05-09,2026-05-09T12:37:59.552377+00:00,4432166,Cade Cunningham,DET,pr,UNDER,32.5,-120,0.5454545454545454,0.5958889704823225,0.774701931944441,0.05043442502777706,0.09246311255092454,bovada,Bovada,2026-05-09T19:10:00Z,Cleveland Cavaliers,Detroit Pistons,,,False
2026-05-09,2026-05-09T12:37:59.552377+00:00,2990992,Marcus Smart,LAL,pr,OVER,14.5,-115,0.5348837209302325,0.5841838459400558,0.7589751982476111,0.04930012500982328,0.09216979893140864,betmgm,BetMGM,2026-05-10T00:40:00Z,Los Angeles Lakers,Oklahoma City Thunder,,,False
2026-05-09,2026-05-09T12:37:59.552377+00:00,3992,James Harden,CLE,pr,UNDER,24.5,-118,0.5412844036697247,0.5897044202266921,0.7613753880195766,0.04842001655696737,0.08945392889338033,fanduel,FanDuel,2026-05-09T19:10:00Z,Cleveland Cavaliers,Detroit Pistons,,,False
2026-05-09,2026-05-09T12:37:59.552377+00:00,3912848,Dean Wade,CLE,pr,OVER,7.5,-165,0.6226415094339622,0.6783233859550333,0.8757409481661032,0.05568187652107104,0.08942846835202317,bovada,Bovada,2026-05-09T19:10:00Z,Cleveland Cavaliers,Detroit Pistons,,,False
2026-05-09,2026-05-09T12:37:59.552377+00:00,4066648,Rui Hachimura,LAL,pr,OVER,17.5,100,0.5,0.5445245057521274,0.7023841170551244,0.04452450575212741,0.08904901150425482,bovada,Bovada,2026-05-10T00:40:00Z,Los Angeles Lakers,Oklahoma City Thunder,,,False
2026-05-09,2026-05-09T12:37:59.552377+00:00,3992,James Harden,CLE,pr,UNDER,25.5,-135,0.574468085106383,0.6255051584703561,0.8064547822153515,0.05103707336397312,0.08884231289284217,bovada,Bovada,2026-05-09T19:10:00Z,Cleveland Cavaliers,Detroit Pistons,,,False
2026-05-09,2026-05-09T12:37:59.552377+00:00,3913174,Luke Kennard,LAL,pr,OVER,10.5,-145,0.5918367346938775,0.643880727360873,0.8284003377256749,0.05204399266699544,0.08793640140285436,bovada,Bovada,2026-05-10T00:40:00Z,Los Angeles Lakers,Oklahoma City Thunder,,,False
2026-05-09,2026-05-09T12:37:59.552377+00:00,4065778,Max Strus,CLE,pr,OVER,13.5,100,0.5,0.5438130540349715,0.699150245613507,0.04381305403497149,0.08762610806994298,bovada,Bovada,2026-05-09T19:10:00Z,Cleveland Cavaliers,Detroit Pistons,,,False
2026-05-09,2026-05-09T12:37:59.552377+00:00,4066328,Jarrett Allen,CLE,pr,UNDER,18.5,-105,0.5121951219512195,0.5568606074968859,0.715220056249703,0.044665485545666406,0.08720404320820585,betmgm,BetMGM,2026-05-09T19:10:00Z,Cleveland Cavaliers,Detroit Pistons,,,False
2026-05-09,2026-05-09T12:37:59.552377+00:00,4432166,Cade Cunningham,DET,pr,UNDER,32.5,-125,0.5555555555555556,0.6037677583611104,0.774701931944441,0.04821220280555483,0.08678196504999874,fanduel,FanDuel,2026-05-09T19:10:00Z,Cleveland Cavaliers,Detroit Pistons,,,False
2026-05-09,2026-05-09T12:37:59.552377+00:00,4432166,Cade Cunningham,DET,pr,UNDER,32.5,-125,0.5555555555555556,0.6037677583611104,0.774701931944441,0.04821220280555483,0.08678196504999874,betmgm,BetMGM,2026-05-09T19:10:00Z,Cleveland Cavaliers,Detroit Pistons,,,False
2026-05-09,2026-05-09T12:37:59.552377+00:00,3992,James Harden,CLE,pr,UNDER,24.5,-121,0.5475113122171946,0.5945614088937187,0.7613753880195766,0.047050096676524045,0.08593447409513905,draftkings,DraftKings,2026-05-09T19:10:00Z,Cleveland Cavaliers,Detroit Pistons,,,False
2026-05-09,2026-05-09T12:37:59.552377+00:00,2990992,Marcus Smart,LAL,pr,OVER,15.5,-105,0.5121951219512195,0.5550492689151325,0.7069866990599147,0.04285414696391299,0.08366762026287777,bovada,Bovada,2026-05-10T00:40:00Z,Los Angeles Lakers,Oklahoma City Thunder,,,False
2026-05-09,2026-05-09T12:37:59.552377+00:00,4065778,Max Strus,CLE,pr,OVER,12.5,-125,0.5555555555555556,0.5993306216065771,0.7545331285147445,0.04377506605102155,0.07879511889183888,draftkings,DraftKings,2026-05-09T19:10:00Z,Cleveland Cavaliers,Detroit Pistons,,,False
2026-05-09,2026-05-09T12:37:59.552377+00:00,4066648,Rui Hachimura,LAL,pr,OVER,16.5,-125,0.5555555555555556,0.5988649152046028,0.7524162812330429,0.04330935964904725,0.07795684736828512,bovada,Bovada,2026-05-10T00:40:00Z,Los Angeles Lakers,Oklahoma City Thunder,,,False
2026-05-09,2026-05-09T12:37:59.552377+00:00,4066648,Rui Hachimura,LAL,pr,OVER,17.5,-108,0.5192307692307693,0.5595245057521274,0.7023841170551244,0.04029373652135815,0.07760275181891207,fanduel,FanDuel,2026-05-10T00:40:00Z,Los Angeles Lakers,Oklahoma City Thunder,,,False
2026-05-09,2026-05-09T12:37:59.552377+00:00,2990992,Marcus Smart,LAL,pr,OVER,14.5,-129,0.5633187772925764,0.606363189902684,0.7589751982476111,0.04304441261010761,0.07641217432336933,draftkings,DraftKings,2026-05-10T00:40:00Z,Los Angeles Lakers,Oklahoma City Thunder,,,False
2026-05-09,2026-05-09T12:37:59.552377+00:00,4065778,Max Strus,CLE,pr,OVER,13.5,-108,0.5192307692307693,0.5588130540349716,0.699150245613507,0.03958228480420234,0.07623254851179717,fanduel,FanDuel,2026-05-09T19:10:00Z,Cleveland Cavaliers,Detroit Pistons,,,False
2026-05-09,2026-05-09T12:37:59.552377+00:00,4066328,Jarrett Allen,CLE,pr,UNDER,16.5,135,0.425531914893617,0.45789924349835565,0.5726561358242472,0.03236732860473862,0.07606322222113582,bovada,Bovada,2026-05-09T19:10:00Z,Cleveland Cavaliers,Detroit Pistons,,,False
2026-05-09,2026-05-09T12:37:59.552377+00:00,5107199,Daniss Jenkins,DET,pr,OVER,13.5,-103,0.5073891625615764,0.5457441049906264,0.681729809966349,0.03835494242905002,0.07559275061259385,draftkings,DraftKings,2026-05-09T19:10:00Z,Cleveland Cavaliers,Detroit Pistons,,,False
2026-05-09,2026-05-09T12:37:59.552377+00:00,2990992,Marcus Smart,LAL,pr,OVER,14.5,-130,0.5652173913043478,0.6078441088318657,0.7589751982476111,0.0426267175275179,0.07541650024099317,fanduel,FanDuel,2026-05-10T00:40:00Z,Los Angeles Lakers,Oklahoma City Thunder,,,False
2026-05-09,2026-05-09T12:37:59.552377+00:00,4066328,Jarrett Allen,CLE,pr,UNDER,18.5,-114,0.5327102803738317,0.5728624310665233,0.715220056249703,0.040152150692691624,0.07537333551084202,fanduel,FanDuel,2026-05-09T19:10:00Z,Cleveland Cavaliers,Detroit Pistons,,,False
2026-05-09,2026-05-09T12:37:59.552377+00:00,4066648,Rui Hachimura,LAL,pr,OVER,16.5,-128,0.5614035087719298,0.6034263187133747,0.7524162812330429,0.042022809941444916,0.07485313020819873,draftkings,DraftKings,2026-05-10T00:40:00Z,Los Angeles Lakers,Oklahoma City Thunder,,,False
2026-05-09,2026-05-09T12:37:59.552377+00:00,4278073,Shai Gilgeous-Alexander,OKC,pra,UNDER,37.5,135,0.425531914893617,0.5389410070571767,0.9991157850075755,0.11340909216355971,0.26651136658436536,bovada,Bovada,2026-05-10T00:40:00Z,Los Angeles Lakers,Oklahoma City Thunder,,,False
2026-05-09,2026-05-09T12:37:59.552377+00:00,4900671,Ajay Mitchell,OKC,pra,UNDER,21.5,135,0.425531914893617,0.5322292469511472,0.9607628701159774,0.10669733205753013,0.2507387303351959,bovada,Bovada,2026-05-10T00:40:00Z,Los Angeles Lakers,Oklahoma City Thunder,,,False
2026-05-09,2026-05-09T12:37:59.552377+00:00,4066457,Austin Reaves,LAL,pra,UNDER,29.5,140,0.4166666666666667,0.5210701105027316,0.9299244409679897,0.10440344383606487,0.25056826520655573,bovada,Bovada,2026-05-10T00:40:00Z,Los Angeles Lakers,Oklahoma City Thunder,,,False
2026-05-09,2026-05-09T12:37:59.552377+00:00,4222252,Isaiah Hartenstein,OKC,pra,UNDER,17.5,145,0.40816326530612246,0.501897545877781,0.8519509910217226,0.09373428057165856,0.2296489874005635,bovada,Bovada,2026-05-10T00:40:00Z,Los Angeles Lakers,Oklahoma City Thunder,,,False
2026-05-09,2026-05-09T12:37:59.552377+00:00,4278073,Shai Gilgeous-Alexander,OKC,pra,UNDER,38.5,115,0.46511627906976744,0.5647348701048733,0.9994816497687117,0.0996185910351059,0.21417997072547756,bovada,Bovada,2026-05-10T00:40:00Z,Los Angeles Lakers,Oklahoma City Thunder,,,False
2026-05-09,2026-05-09T12:37:59.552377+00:00,4066457,Austin Reaves,LAL,pra,UNDER,30.5,120,0.45454545454545453,0.5487922599277143,0.9476440827038218,0.09424680538225977,0.2073429718409714,bovada,Bovada,2026-05-10T00:40:00Z,Los Angeles Lakers,Oklahoma City Thunder,,,False
2026-05-09,2026-05-09T12:37:59.552377+00:00,3908809,Donovan Mitchell,CLE,pra,UNDER,31.5,140,0.4166666666666667,0.497669968289911,0.7962093426090151,0.08100330162324432,0.19440792389578643,bovada,Bovada,2026-05-09T19:10:00Z,Cleveland Cavaliers,Detroit Pistons,,,False
2026-05-09,2026-05-09T12:37:59.552377+00:00,1966,LeBron James,LAL,pra,UNDER,33.5,135,0.425531914893617,0.5076752962285703,0.8204545802726818,0.0821433813349533,0.1930369461371403,bovada,Bovada,2026-05-10T00:40:00Z,Los Angeles Lakers,Oklahoma City Thunder,,,False
2026-05-09,2026-05-09T12:37:59.552377+00:00,4900671,Ajay Mitchell,OKC,pra,UNDER,22.5,110,0.47619047619047616,0.5674835221936146,0.9740555009703151,0.09129304600313848,0.19171539660659076,bovada,Bovada,2026-05-10T00:40:00Z,Los Angeles Lakers,Oklahoma City Thunder,,,False
2026-05-09,2026-05-09T12:37:59.552377+00:00,4432166,Cade Cunningham,DET,pra,UNDER,39.5,130,0.43478260869565216,0.5136561188226594,0.820270989545631,0.07887351012700722,0.18140907329211664,bovada,Bovada,2026-05-09T19:10:00Z,Cleveland Cavaliers,Detroit Pistons,,,False
2026-05-09,2026-05-09T12:37:59.552377+00:00,3157465,Duncan Robinson,DET,pra,OVER,17.5,125,0.4444444444444444,0.5225699729266273,0.835320480215648,0.0781255284821829,0.17578243908491142,bovada,Bovada,2026-05-09T19:10:00Z,Cleveland Cavaliers,Detroit Pistons,,,False
2026-05-09,2026-05-09T12:37:59.552377+00:00,4278073,Shai Gilgeous-Alexander,OKC,pra,UNDER,39.5,100,0.5,0.5874479886261811,0.9997027921496061,0.08744798862618108,0.17489597725236217,betrivers,BetRivers,2026-05-10T00:40:00Z,Los Angeles Lakers,Oklahoma City Thunder,,,False
2026-05-09,2026-05-09T12:37:59.552377+00:00,4278073,Shai Gilgeous-Alexander,OKC,pra,UNDER,39.5,100,0.5,0.5874479886261811,0.9997027921496061,0.08744798862618108,0.17489597725236217,bovada,Bovada,2026-05-10T00:40:00Z,Los Angeles Lakers,Oklahoma City Thunder,,,False
2026-05-09,2026-05-09T12:37:59.552377+00:00,4222252,Isaiah Hartenstein,OKC,pra,UNDER,18.5,115,0.46511627906976744,0.5460432858749508,0.8926725970262968,0.08092700680518333,0.17399306463114406,bovada,Bovada,2026-05-10T00:40:00Z,Los Angeles Lakers,Oklahoma City Thunder,,,False
2026-05-09,2026-05-09T12:37:59.552377+00:00,4222252,Isaiah Hartenstein,OKC,pra,UNDER,18.5,112,0.4716981132075472,0.5503214780645076,0.8926725970262968,0.07862336485696042,0.16668153349675618,betrivers,BetRivers,2026-05-10T00:40:00Z,Los Angeles Lakers,Oklahoma City Thunder,,,False
2026-05-09,2026-05-09T12:37:59.552377+00:00,3992,James Harden,CLE,pra,UNDER,29.5,130,0.43478260869565216,0.5060332676025842,0.7767118397166302,0.071250658906932,0.16387651548594362,bovada,Bovada,2026-05-09T19:10:00Z,Cleveland Cavaliers,Detroit Pistons,,,False
2026-05-09,2026-05-09T12:37:59.552377+00:00,4066457,Austin Reaves,LAL,pra,UNDER,31.5,100,0.5,0.5807809302773393,0.9616053158705106,0.08078093027733935,0.1615618605546787,bovada,Bovada,2026-05-10T00:40:00Z,Los Angeles Lakers,Oklahoma City Thunder,,,False
2026-05-09,2026-05-09T12:37:59.552377+00:00,1966,LeBron James,LAL,pra,UNDER,34.5,115,0.46511627906976744,0.5388385996720788,0.8515029615813143,0.07372232060231138,0.15850298929496942,bovada,Bovada,2026-05-10T00:40:00Z,Los Angeles Lakers,Oklahoma City Thunder,,,False
2026-05-09,2026-05-09T12:37:59.552377+00:00,4432166,Cade Cunningham,DET,pra,UNDER,40.5,115,0.46511627906976744,0.5382329542263078,0.8480421304626228,0.07311667515654036,0.15720085158656172,bovada,Bovada,2026-05-09T19:10:00Z,Cleveland Cavaliers,Detroit Pistons,,,False
2026-05-09,2026-05-09T12:37:59.552377+00:00,4900671,Ajay Mitchell,OKC,pra,UNDER,23.5,-105,0.5121951219512195,0.5925134513257577,0.9833521260426572,0.0803183293745382,0.1568119763979079,betmgm,BetMGM,2026-05-10T00:40:00Z,Los Angeles Lakers,Oklahoma City Thunder,,,False
2026-05-09,2026-05-09T12:37:59.552377+00:00,4432166,Cade Cunningham,DET,pra,UNDER,40.5,114,0.4672897196261682,0.5396456905879683,0.8480421304626228,0.07235597096180008,0.15484177785825215,betrivers,BetRivers,2026-05-09T19:10:00Z,Cleveland Cavaliers,Detroit Pistons,,,False
2026-05-09,2026-05-09T12:37:59.552377+00:00,4900671,Ajay Mitchell,OKC,pra,UNDER,24.5,-108,0.5192307692307693,0.598186500192321,0.9896371439561198,0.07895573096155173,0.1520628892592849,betonlineag,BetOnline.ag,2026-05-10T00:40:00Z,Los Angeles Lakers,Oklahoma City Thunder,,,False
2026-05-09,2026-05-09T12:37:59.552377+00:00,3908809,Donovan Mitchell,CLE,pra,UNDER,32.5,115,0.46511627906976744,0.5349920980194054,0.8295229521374663,0.06987581894963796,0.15023301074172157,bovada,Bovada,2026-05-09T19:10:00Z,Cleveland Cavaliers,Detroit Pistons,,,False
2026-05-09,2026-05-09T12:37:59.552377+00:00,4900671,Ajay Mitchell,OKC,pra,UNDER,23.5,-108,0.5192307692307693,0.597086622057465,0.9833521260426572,0.07785585282669572,0.14994460544400667,draftkings,DraftKings,2026-05-10T00:40:00Z,Los Angeles Lakers,Oklahoma City Thunder,,,False
2026-05-09,2026-05-09T12:37:59.552377+00:00,4900671,Ajay Mitchell,OKC,pra,UNDER,23.5,-108,0.5192307692307693,0.597086622057465,0.9833521260426572,0.07785585282669572,0.14994460544400667,betrivers,BetRivers,2026-05-10T00:40:00Z,Los Angeles Lakers,Oklahoma City Thunder,,,False
2026-05-09,2026-05-09T12:37:59.552377+00:00,4066457,Austin Reaves,LAL,pra,UNDER,31.5,-105,0.5121951219512195,0.588707759545632,0.9616053158705106,0.07651263759441251,0.14938181625575775,fanatics,Fanatics,2026-05-10T00:40:00Z,Los Angeles Lakers,Oklahoma City Thunder,,,False
2026-05-09,2026-05-09T12:37:59.552377+00:00,4066457,Austin Reaves,LAL,pra,UNDER,30.5,-103,0.5073891625615764,0.5831406701381935,0.9476440827038218,0.07575150757661708,0.149296660563624,betrivers,BetRivers,2026-05-10T00:40:00Z,Los Angeles Lakers,Oklahoma City Thunder,,,False
2026-05-09,2026-05-09T12:37:59.552377+00:00,4278073,Shai Gilgeous-Alexander,OKC,pra,UNDER,40.5,-112,0.5283018867924528,0.6058670611085264,0.9998333411053257,0.07756517431607357,0.14681979424113922,fanduel,FanDuel,2026-05-10T00:40:00Z,Los Angeles Lakers,Oklahoma City Thunder,,,False
2026-05-09,2026-05-09T12:37:59.552377+00:00,4900671,Ajay Mitchell,OKC,pra,UNDER,23.5,-110,0.5238095238095238,0.6000628125336555,0.9833521260426572,0.07625328872413162,0.145574460291524,bovada,Bovada,2026-05-10T00:40:00Z,Los Angeles Lakers,Oklahoma City Thunder,,,False
2026-05-09,2026-05-09T12:37:59.552377+00:00,3908809,Donovan Mitchell,CLE,pra,UNDER,32.5,112,0.4716981132075472,0.5392702902089622,0.8295229521374663,0.06757217700141505,0.14325301524299994,betrivers,BetRivers,2026-05-09T19:10:00Z,Cleveland Cavaliers,Detroit Pistons,,,False
2026-05-09,2026-05-09T12:37:59.552377+00:00,3157465,Duncan Robinson,DET,pra,OVER,16.5,105,0.4878048780487805,0.5557898799098889,0.8640954810181807,0.06798500186110845,0.13936925381527232,betmgm,BetMGM,2026-05-09T19:10:00Z,Cleveland Cavaliers,Detroit Pistons,,,False
2026-05-09,2026-05-09T12:37:59.552377+00:00,4900671,Ajay Mitchell,OKC,pra,UNDER,24.5,-114,0.5327102803738317,0.6069481824353116,0.9896371439561198,0.07423790206147984,0.13935886878207604,fanduel,FanDuel,2026-05-10T00:40:00Z,Los Angeles Lakers,Oklahoma City Thunder,,,False
2026-05-09,2026-05-09T12:37:59.552377+00:00,3157465,Duncan Robinson,DET,pra,OVER,16.5,104,0.49019607843137253,0.5573441601585738,0.8640954810181807,0.06714808172720127,0.13698208672349055,betonlineag,BetOnline.ag,2026-05-09T19:10:00Z,Cleveland Cavaliers,Detroit Pistons,,,False
2026-05-09,2026-05-09T12:37:59.552377+00:00,1966,LeBron James,LAL,pra,UNDER,34.5,105,0.4878048780487805,0.5535861890084373,0.8515029615813143,0.06578131095965678,0.13485168746729637,betrivers,BetRivers,2026-05-10T00:40:00Z,Los Angeles Lakers,Oklahoma City Thunder,,,False
2026-05-09,2026-05-09T12:37:59.552377+00:00,4222252,Isaiah Hartenstein,OKC,pra,UNDER,19.5,-106,0.5145631067961165,0.5837756294658938,0.9246263431338176,0.06921252266977729,0.13450735537711433,fanduel,FanDuel,2026-05-10T00:40:00Z,Los Angeles Lakers,Oklahoma City Thunder,,,False
2026-05-09,2026-05-09T12:37:59.552377+00:00,4066457,Austin Reaves,LAL,pra,UNDER,31.5,-112,0.5283018867924528,0.5991771566924337,0.9616053158705106,0.07087526989998083,0.1341567608821066,fanduel,FanDuel,2026-05-10T00:40:00Z,Los Angeles Lakers,Oklahoma City Thunder,,,False
2026-05-09,2026-05-09T12:37:59.552377+00:00,4433255,Chet Holmgren,OKC,pra,UNDER,24.5,135,0.425531914893617,0.48260274090255123,0.6771828355525724,0.057070826008934206,0.13411644112099552,bovada,Bovada,2026-05-10T00:40:00Z,Los Angeles Lakers,Oklahoma City Thunder,,,False
2026-05-09,2026-05-09T12:37:59.552377+00:00,3992,James Harden,CLE,pra,UNDER,30.5,110,0.47619047619047616,0.5395974375122592,0.814706445648284,0.06340696132178303,0.1331546187757443,bovada,Bovada,2026-05-09T19:10:00Z,Cleveland Cavaliers,Detroit Pistons,,,False
2026-05-09,2026-05-09T12:37:59.552377+00:00,4278073,Shai Gilgeous-Alexander,OKC,pra,UNDER,40.5,-119,0.54337899543379,0.6156671817253955,0.9998333411053257,0.0722881862916055,0.1330345613265681,betonlineag,BetOnline.ag,2026-05-10T00:40:00Z,Los Angeles Lakers,Oklahoma City Thunder,,,False
2026-05-09,2026-05-09T12:37:59.552377+00:00,4278073,Shai Gilgeous-Alexander,OKC,pra,UNDER,40.5,-120,0.5454545454545454,0.6170162892388865,0.9998333411053257,0.0715617437843411,0.13119653027129197,bovada,Bovada,2026-05-10T00:40:00Z,Los Angeles Lakers,Oklahoma City Thunder,,,False
2026-05-09,2026-05-09T12:37:59.552377+00:00,4222252,Isaiah Hartenstein,OKC,pra,UNDER,19.5,-108,0.5192307692307693,0.5868096100484181,0.9246263431338176,0.06757884081764887,0.13015184157473125,draftkings,DraftKings,2026-05-10T00:40:00Z,Los Angeles Lakers,Oklahoma City Thunder,,,False
2026-05-09,2026-05-09T12:37:59.552377+00:00,4278073,Shai Gilgeous-Alexander,OKC,pra,UNDER,40.5,-121,0.5475113122171946,0.6183531876346084,0.9998333411053257,0.07084187541741382,0.12938887989461545,draftkings,DraftKings,2026-05-10T00:40:00Z,Los Angeles Lakers,Oklahoma City Thunder,,,False
2026-05-09,2026-05-09T12:37:59.552377+00:00,4278073,Shai Gilgeous-Alexander,OKC,pra,UNDER,40.5,-121,0.5475113122171946,0.6183531876346084,0.9998333411053257,0.07084187541741382,0.12938887989461545,betrivers,BetRivers,2026-05-10T00:40:00Z,Los Angeles Lakers,Oklahoma City Thunder,,,False
2026-05-09,2026-05-09T12:37:59.552377+00:00,1966,LeBron James,LAL,pra,UNDER,36.5,-105,0.5121951219512195,0.5783213866178789,0.902254613426207,0.06612626466665938,0.1291036595872873,betmgm,BetMGM,2026-05-10T00:40:00Z,Los Angeles Lakers,Oklahoma City Thunder,,,False
2026-05-09,2026-05-09T12:37:59.552377+00:00,3992,James Harden,CLE,pra,UNDER,30.5,108,0.4807692307692308,0.5425736279884497,0.814706445648284,0.061804397219218876,0.12855314621597536,betrivers,BetRivers,2026-05-09T19:10:00Z,Cleveland Cavaliers,Detroit Pistons,,,False
2026-05-09,2026-05-09T12:37:59.552377+00:00,3157465,Duncan Robinson,DET,pra,OVER,16.5,100,0.5,0.5637167091781816,0.8640954810181807,0.06371670917818162,0.12743341835636324,bovada,Bovada,2026-05-09T19:10:00Z,Cleveland Cavaliers,Detroit Pistons,,,False
2026-05-09,2026-05-09T12:37:59.552377+00:00,4222252,Isaiah Hartenstein,OKC,pra,UNDER,19.5,-110,0.5238095238095238,0.5897858005246086,0.9246263431338176,0.06597627671508477,0.12595471009243464,betonlineag,BetOnline.ag,2026-05-10T00:40:00Z,Los Angeles Lakers,Oklahoma City Thunder,,,False
2026-05-09,2026-05-09T12:37:59.552377+00:00,4222252,Isaiah Hartenstein,OKC,pra,UNDER,19.5,-110,0.5238095238095238,0.5897858005246086,0.9246263431338176,0.06597627671508477,0.12595471009243464,bovada,Bovada,2026-05-10T00:40:00Z,Los Angeles Lakers,Oklahoma City Thunder,,,False
2026-05-09,2026-05-09T12:37:59.552377+00:00,4222252,Isaiah Hartenstein,OKC,pra,UNDER,18.5,-105,0.5121951219512195,0.5766445337478946,0.8926725970262968,0.06444941179667507,0.1258298039839847,betmgm,BetMGM,2026-05-10T00:40:00Z,Los Angeles Lakers,Oklahoma City Thunder,,,False
2026-05-09,2026-05-09T12:37:59.552377+00:00,3908809,Donovan Mitchell,CLE,pra,UNDER,33.5,100,0.5,0.5628472528151446,0.8591271589436833,0.06284725281514458,0.12569450563028917,bovada,Bovada,2026-05-09T19:10:00Z,Cleveland Cavaliers,Detroit Pistons,,,False
2026-05-09,2026-05-09T12:37:59.552377+00:00,4433621,Jalen Duren,DET,pra,UNDER,24.5,140,0.4166666666666667,0.4689817430018432,0.6322766266771992,0.052315076335176514,0.12555618320442374,bovada,Bovada,2026-05-09T19:10:00Z,Cleveland Cavaliers,Detroit Pistons,,,False
2026-05-09,2026-05-09T12:37:59.552377+00:00,3157465,Duncan Robinson,DET,pra,OVER,16.5,-102,0.504950495049505,0.5669345309603598,0.8640954810181807,0.061984035910854884,0.12275269856855575,draftkings,DraftKings,2026-05-09T19:10:00Z,Cleveland Cavaliers,Detroit Pistons,,,False
2026-05-09,2026-05-09T12:37:59.552377+00:00,4278073,Shai Gilgeous-Alexander,OKC,pra,UNDER,40.5,-125,0.5555555555555556,0.6235819458045431,0.9998333411053257,0.06802639024898749,0.12244750244817754,betmgm,BetMGM,2026-05-10T00:40:00Z,Los Angeles Lakers,Oklahoma City Thunder,,,False
2026-05-09,2026-05-09T12:37:59.552377+00:00,4066457,Austin Reaves,LAL,pra,UNDER,32.5,-120,0.5454545454545454,0.612210196556049,0.9723699543462545,0.06675565110150361,0.1223853603527566,draftkings,DraftKings,2026-05-10T00:40:00Z,Los Angeles Lakers,Oklahoma City Thunder,,,False
2026-05-09,2026-05-09T12:37:59.552377+00:00,4066457,Austin Reaves,LAL,pra,UNDER,32.5,-120,0.5454545454545454,0.612210196556049,0.9723699543462545,0.06675565110150361,0.1223853603527566,betmgm,BetMGM,2026-05-10T00:40:00Z,Los Angeles Lakers,Oklahoma City Thunder,,,False
2026-05-09,2026-05-09T12:37:59.552377+00:00,4066457,Austin Reaves,LAL,pra,UNDER,32.5,-120,0.5454545454545454,0.612210196556049,0.9723699543462545,0.06675565110150361,0.1223853603527566,betonlineag,BetOnline.ag,2026-05-10T00:40:00Z,Los Angeles Lakers,Oklahoma City Thunder,,,False
2026-05-09,2026-05-09T12:37:59.552377+00:00,4066457,Austin Reaves,LAL,pra,UNDER,32.5,-120,0.5454545454545454,0.612210196556049,0.9723699543462545,0.06675565110150361,0.1223853603527566,bovada,Bovada,2026-05-10T00:40:00Z,Los Angeles Lakers,Oklahoma City Thunder,,,False
2026-05-09,2026-05-09T12:37:59.552377+00:00,1966,LeBron James,LAL,pra,UNDER,35.5,-105,0.5121951219512195,0.5742060556085122,0.8787384362298262,0.06201093365729271,0.12106896571185721,bovada,Bovada,2026-05-10T00:40:00Z,Los Angeles Lakers,Oklahoma City Thunder,,,False
2026-05-09,2026-05-09T12:37:59.552377+00:00,4432166,Cade Cunningham,DET,pra,UNDER,41.5,-105,0.5121951219512195,0.5731675407968514,0.8728040658774783,0.06097241884563187,0.11904138917480511,bovada,Bovada,2026-05-09T19:10:00Z,Cleveland Cavaliers,Detroit Pistons,,,False
2026-05-09,2026-05-09T12:37:59.552377+00:00,1966,LeBron James,LAL,pra,UNDER,35.5,-106,0.5145631067961165,0.5757452457576954,0.8787384362298262,0.06118213896157887,0.11890113798193624,fanduel,FanDuel,2026-05-10T00:40:00Z,Los Angeles Lakers,Oklahoma City Thunder,,,False
2026-05-09,2026-05-09T12:37:59.552377+00:00,4432166,Cade Cunningham,DET,pra,UNDER,41.5,-106,0.5145631067961165,0.5747067309460344,0.8728040658774783,0.06014362414991792,0.11688289221587822,betrivers,BetRivers,2026-05-09T19:10:00Z,Cleveland Cavaliers,Detroit Pistons,,,False
2026-05-09,2026-05-09T12:37:59.552377+00:00,3908809,Donovan Mitchell,CLE,pra,UNDER,34.5,-108,0.5192307692307693,0.5798808265505888,0.885033294574793,0.06065005731981954,0.11680751780113396,draftkings,DraftKings,2026-05-09T19:10:00Z,Cleveland Cavaliers,Detroit Pistons,,,False
2026-05-09,2026-05-09T12:37:59.552377+00:00,2991350,Alex Caruso,OKC,pra,UNDER,8.5,190,0.3448275862068966,0.38410256853689545,0.4140836428709296,0.039274982329998875,0.11389744875699681,bovada,Bovada,2026-05-10T00:40:00Z,Los Angeles Lakers,Oklahoma City Thunder,,,False
2026-05-09,2026-05-09T12:37:59.552377+00:00,4066457,Austin Reaves,LAL,pra,UNDER,31.5,-124,0.5535714285714286,0.6156023588487679,0.9616053158705106,0.0620309302773393,0.11205587404938716,betrivers,BetRivers,2026-05-10T00:40:00Z,Los Angeles Lakers,Oklahoma City Thunder,,,False
2026-05-09,2026-05-09T12:37:59.552377+00:00,4900671,Ajay Mitchell,OKC,pra,UNDER,24.5,-130,0.5652173913043478,0.6280778045401471,0.9896371439561198,0.06286041323579927,0.11121457726333711,bovada,Bovada,2026-05-10T00:40:00Z,Los Angeles Lakers,Oklahoma City Thunder,,,False
2026-05-09,2026-05-09T12:37:59.552377+00:00,3913174,Luke Kennard,LAL,pra,OVER,14.5,120,0.45454545454545453,0.5047520395644186,0.6959856806278465,0.05020658501896408,0.1104544870417209,betrivers,BetRivers,2026-05-10T00:40:00Z,Los Angeles Lakers,Oklahoma City Thunder,,,False
2026-05-09,2026-05-09T12:37:59.552377+00:00,3913174,Luke Kennard,LAL,pra,OVER,14.5,120,0.45454545454545453,0.5047520395644186,0.6959856806278465,0.05020658501896408,0.1104544870417209,bovada,Bovada,2026-05-10T00:40:00Z,Los Angeles Lakers,Oklahoma City Thunder,,,False
2026-05-09,2026-05-09T12:37:59.552377+00:00,1966,LeBron James,LAL,pra,UNDER,36.5,-115,0.5348837209302325,0.5930689759542374,0.902254613426207,0.058185255024004845,0.10878112895792202,betonlineag,BetOnline.ag,2026-05-10T00:40:00Z,Los Angeles Lakers,Oklahoma City Thunder,,,False
2026-05-09,2026-05-09T12:37:59.552377+00:00,4278073,Shai Gilgeous-Alexander,OKC,pra,UNDER,41.5,-135,0.574468085106383,0.635888262350667,0.9999086116086744,0.06142017724428395,0.10691660483264248,bovada,Bovada,2026-05-10T00:40:00Z,Los Angeles Lakers,Oklahoma City Thunder,,,False
2026-05-09,2026-05-09T12:37:59.552377+00:00,3908809,Donovan Mitchell,CLE,pra,UNDER,33.5,-109,0.5215311004784688,0.5768424681261494,0.8591271589436833,0.05531136764768052,0.10605574163637821,betrivers,BetRivers,2026-05-09T19:10:00Z,Cleveland Cavaliers,Detroit Pistons,,,False
2026-05-09,2026-05-09T12:37:59.552377+00:00,4222252,Isaiah Hartenstein,OKC,pra,UNDER,19.5,-121,0.5475113122171946,0.6051919629895947,0.9246263431338176,0.05768065077240003,0.10535061008843327,betrivers,BetRivers,2026-05-10T00:40:00Z,Los Angeles Lakers,Oklahoma City Thunder,,,False
2026-05-09,2026-05-09T12:37:59.552377+00:00,4432166,Cade Cunningham,DET,pra,UNDER,41.5,-112,0.5283018867924528,0.583636937943653,0.8728040658774783,0.05533505115120019,0.1047413468219146,fanduel,FanDuel,2026-05-09T19:10:00Z,Cleveland Cavaliers,Detroit Pistons,,,False
2026-05-09,2026-05-09T12:37:59.552377+00:00,3908809,Donovan Mitchell,CLE,pra,UNDER,33.5,-110,0.5238095238095238,0.5783234432913351,0.8591271589436833,0.05451391948181128,0.10407202810163974,betmgm,BetMGM,2026-05-09T19:10:00Z,Cleveland Cavaliers,Detroit Pistons,,,False
2026-05-09,2026-05-09T12:37:59.552377+00:00,4065778,Max Strus,CLE,pra,OVER,16.5,130,0.43478260869565216,0.480021292083861,0.6280719796096408,0.045238683388208856,0.10404897179288031,bovada,Bovada,2026-05-09T19:10:00Z,Cleveland Cavaliers,Detroit Pistons,,,False
2026-05-09,2026-05-09T12:37:59.552377+00:00,1966,LeBron James,LAL,pra,UNDER,36.5,-118,0.5412844036697247,0.5972294197349073,0.902254613426207,0.05594501606518254,0.10335604662889653,draftkings,DraftKings,2026-05-10T00:40:00Z,Los Angeles Lakers,Oklahoma City Thunder,,,False
2026-05-09,2026-05-09T12:37:59.552377+00:00,3908809,Donovan Mitchell,CLE,pra,UNDER,34.5,-115,0.5348837209302325,0.5900552451552399,0.885033294574793,0.05517152422500737,0.10314676268153544,betonlineag,BetOnline.ag,2026-05-09T19:10:00Z,Cleveland Cavaliers,Detroit Pistons,,,False
2026-05-09,2026-05-09T12:37:59.552377+00:00,1966,LeBron James,LAL,pra,UNDER,35.5,-115,0.5348837209302325,0.5889536449448707,0.8787384362298262,0.05406992401463817,0.1010872492447582,betrivers,BetRivers,2026-05-10T00:40:00Z,Los Angeles Lakers,Oklahoma City Thunder,,,False
2026-05-09,2026-05-09T12:37:59.552377+00:00,4432166,Cade Cunningham,DET,pra,UNDER,41.5,-114,0.5327102803738317,0.5865023937715493,0.8728040658774783,0.05379211339771761,0.10097817778168028,betonlineag,BetOnline.ag,2026-05-09T19:10:00Z,Cleveland Cavaliers,Detroit Pistons,,,False
2026-05-09,2026-05-09T12:37:59.552377+00:00,4900671,Ajay Mitchell,OKC,pra,UNDER,24.5,-137,0.5780590717299579,0.6364248968167936,0.9896371439561198,0.05836582508683574,0.10096861712102251,betrivers,BetRivers,2026-05-10T00:40:00Z,Los Angeles Lakers,Oklahoma City Thunder,,,False
2026-05-09,2026-05-09T12:37:59.552377+00:00,4433255,Chet Holmgren,OKC,pra,UNDER,25.5,110,0.47619047619047616,0.5242615897445115,0.7270730298325832,0.04807111355403537,0.10094933846347431,bovada,Bovada,2026-05-10T00:40:00Z,Los Angeles Lakers,Oklahoma City Thunder,,,False
2026-05-09,2026-05-09T12:37:59.552377+00:00,4432166,Cade Cunningham,DET,pra,UNDER,42.5,-118,0.5412844036697247,0.5958915264881148,0.8946095091588211,0.054607122818390086,0.10088434554583925,draftkings,DraftKings,2026-05-09T19:10:00Z,Cleveland Cavaliers,Detroit Pistons,,,False
2026-05-09,2026-05-09T12:37:59.552377+00:00,3992,James Harden,CLE,pra,UNDER,31.5,-110,0.5238095238095238,0.576446921596905,0.8484041778326545,0.05263739778738119,0.10048957759409138,bovada,Bovada,2026-05-09T19:10:00Z,Cleveland Cavaliers,Detroit Pistons,,,False
2026-05-09,2026-05-09T12:37:59.552377+00:00,4432166,Cade Cunningham,DET,pra,UNDER,42.5,-120,0.5454545454545454,0.5986021186482482,0.8946095091588211,0.05314757319370278,0.09743721752178836,bovada,Bovada,2026-05-09T19:10:00Z,Cleveland Cavaliers,Detroit Pistons,,,False
2026-05-09,2026-05-09T12:37:59.552377+00:00,4066328,Jarrett Allen,CLE,pra,UNDER,17.5,150,0.4,0.43867686927855354,0.5210106815917345,0.038676869278553516,0.09669217319638379,bovada,Bovada,2026-05-09T19:10:00Z,Cleveland Cavaliers,Detroit Pistons,,,False
2026-05-09,2026-05-09T12:37:59.552377+00:00,4433621,Jalen Duren,DET,pra,UNDER,25.5,115,0.46511627906976744,0.5099793720418262,0.6865930894084419,0.04486309297205876,0.09645564988992628,bovada,Bovada,2026-05-09T19:10:00Z,Cleveland Cavaliers,Detroit Pistons,,,False
2026-05-09,2026-05-09T12:37:59.552377+00:00,4066648,Rui Hachimura,LAL,pra,OVER,19.5,120,0.45454545454545453,0.497897525841543,0.6568170307828431,0.04335207129608848,0.09537455685139462,bovada,Bovada,2026-05-10T00:40:00Z,Los Angeles Lakers,Oklahoma City Thunder,,,False
2026-05-09,2026-05-09T12:37:59.552377+00:00,3908809,Donovan Mitchell,CLE,pra,UNDER,34.5,-120,0.5454545454545454,0.5969262810960433,0.885033294574793,0.05147173564149787,0.09436484867607936,bovada,Bovada,2026-05-09T19:10:00Z,Cleveland Cavaliers,Detroit Pistons,,,False
2026-05-09,2026-05-09T12:37:59.552377+00:00,4432166,Cade Cunningham,DET,pra,UNDER,41.5,-118,0.5412844036697247,0.5920755739138798,0.8728040658774783,0.050791170244155026,0.09383453485784565,betmgm,BetMGM,2026-05-09T19:10:00Z,Cleveland Cavaliers,Detroit Pistons,,,False
2026-05-09,2026-05-09T12:37:59.552377+00:00,1966,LeBron James,LAL,pra,UNDER,36.5,-125,0.5555555555555556,0.6065056684606973,0.902254613426207,0.05095011290514173,0.09171020322925516,bovada,Bovada,2026-05-10T00:40:00Z,Los Angeles Lakers,Oklahoma City Thunder,,,False
2026-05-09,2026-05-09T12:37:59.552377+00:00,4222252,Isaiah Hartenstein,OKC,pra,UNDER,20.5,-135,0.574468085106383,0.6269368641099751,0.948757764519006,0.052468779003592037,0.09133454122847506,bovada,Bovada,2026-05-10T00:40:00Z,Los Angeles Lakers,Oklahoma City Thunder,,,False
2026-05-09,2026-05-09T12:37:59.552377+00:00,4278073,Shai Gilgeous-Alexander,OKC,pts,UNDER,24.5,210,0.3225806451612903,0.7186165673502822,0.9858145941117382,0.3960359221889919,1.227711358785875,bovada,Bovada,2026-05-10T00:40:00Z,Los Angeles Lakers,Oklahoma City Thunder,,,False
2026-05-09,2026-05-09T12:37:59.552377+00:00,4900671,Ajay Mitchell,OKC,pts,UNDER,13.5,190,0.3448275862068966,0.6812374570205093,0.9027499044900207,0.33640987081361273,0.975588625359477,bovada,Bovada,2026-05-10T00:40:00Z,Los Angeles Lakers,Oklahoma City Thunder,,,False
2026-05-09,2026-05-09T12:37:59.552377+00:00,4278073,Shai Gilgeous-Alexander,OKC,pts,UNDER,25.5,170,0.37037037037037035,0.7209269249468935,0.9909487221042078,0.3505565545765231,0.9465026973566124,bovada,Bovada,2026-05-10T00:40:00Z,Los Angeles Lakers,Oklahoma City Thunder,,,False
2026-05-09,2026-05-09T12:37:59.552377+00:00,4066457,Austin Reaves,LAL,pts,UNDER,18.5,185,0.3508771929824561,0.6577791889830189,0.8506204199622642,0.3069019960005628,0.874670688601604,bovada,Bovada,2026-05-10T00:40:00Z,Los Angeles Lakers,Oklahoma City Thunder,,,False
2026-05-09,2026-05-09T12:37:59.552377+00:00,3908809,Donovan Mitchell,CLE,pts,UNDER,22.5,185,0.3508771929824561,0.6125582483533768,0.7501294407852818,0.2616810553709207,0.745791007807124,bovada,Bovada,2026-05-09T19:10:00Z,Cleveland Cavaliers,Detroit Pistons,,,False
2026-05-09,2026-05-09T12:37:59.552377+00:00,4278073,Shai Gilgeous-Alexander,OKC,pts,UNDER,26.5,140,0.4166666666666667,0.7224692635975563,0.9943761413279026,0.30580259693088957,0.7339262326341349,bovada,Bovada,2026-05-10T00:40:00Z,Los Angeles Lakers,Oklahoma City Thunder,,,False
2026-05-09,2026-05-09T12:37:59.552377+00:00,3157465,Duncan Robinson,DET,pts,OVER,14.5,190,0.3448275862068966,0.5892649981643096,0.6983666625873546,0.24443741195741298,0.7088684946764977,bovada,Bovada,2026-05-09T19:10:00Z,Cleveland Cavaliers,Detroit Pistons,,,False
2026-05-09,2026-05-09T12:37:59.552377+00:00,4900671,Ajay Mitchell,OKC,pts,UNDER,14.5,145,0.40816326530612246,0.6952711343211004,0.9339358540468898,0.287107869014978,0.703414279086696,bovada,Bovada,2026-05-10T00:40:00Z,Los Angeles Lakers,Oklahoma City Thunder,,,False
2026-05-09,2026-05-09T12:37:59.552377+00:00,4066457,Austin Reaves,LAL,pts,UNDER,19.5,150,0.4,0.6738955608993004,0.8864345797762231,0.27389556089930034,0.684738902248251,bovada,Bovada,2026-05-10T00:40:00Z,Los Angeles Lakers,Oklahoma City Thunder,,,False
2026-05-09,2026-05-09T12:37:59.552377+00:00,4432166,Cade Cunningham,DET,pts,UNDER,22.5,215,0.31746031746031744,0.5241612967569497,0.5536917705709992,0.20670097929663223,0.6511080847843914,bovada,Bovada,2026-05-09T19:10:00Z,Cleveland Cavaliers,Detroit Pistons,,,False
2026-05-09,2026-05-09T12:37:59.552377+00:00,3912848,Dean Wade,CLE,pts,OVER,6.5,170,0.37037037037037035,0.5889815021683623,0.6977366714852495,0.21861113179799196,0.5902500558545781,bovada,Bovada,2026-05-09T19:10:00Z,Cleveland Cavaliers,Detroit Pistons,,,False
2026-05-09,2026-05-09T12:37:59.552377+00:00,3908809,Donovan Mitchell,CLE,pts,UNDER,23.5,150,0.4,0.6308364398493979,0.7907476441097729,0.23083643984939783,0.5770910996234947,bovada,Bovada,2026-05-09T19:10:00Z,Cleveland Cavaliers,Detroit Pistons,,,False
2026-05-09,2026-05-09T12:37:59.552377+00:00,4683778,Jared McCain,OKC,pts,OVER,8.5,200,0.3333333333333333,0.5191513443257209,0.5425585429460464,0.18581801099238754,0.5574540329771626,bovada,Bovada,2026-05-10T00:40:00Z,Los Angeles Lakers,Oklahoma City Thunder,,,False
2026-05-09,2026-05-09T12:37:59.552377+00:00,4278073,Shai Gilgeous-Alexander,OKC,pts,UNDER,27.5,115,0.46511627906976744,0.7234691565917127,0.9965981257593616,0.2583528775219453,0.5554586866721823,bovada,Bovada,2026-05-10T00:40:00Z,Los Angeles Lakers,Oklahoma City Thunder,,,False
2026-05-09,2026-05-09T12:37:59.552377+00:00,4433621,Jalen Duren,DET,pts,UNDER,10.5,215,0.31746031746031744,0.4928901292984051,0.48420028732978904,0.17542981183808765,0.552603907289976,bovada,Bovada,2026-05-09T19:10:00Z,Cleveland Cavaliers,Detroit Pistons,,,False
2026-05-09,2026-05-09T12:37:59.552377+00:00,4065778,Max Strus,CLE,pts,OVER,11.5,200,0.3333333333333333,0.5117001728597927,0.5260003841328726,0.17836683952645943,0.5351005185793782,bovada,Bovada,2026-05-09T19:10:00Z,Cleveland Cavaliers,Detroit Pistons,,,False
2026-05-09,2026-05-09T12:37:59.552377+00:00,1966,LeBron James,LAL,pts,UNDER,18.5,175,0.36363636363636365,0.5553280439365795,0.6229512087479544,0.19169168030021588,0.5271521208255937,bovada,Bovada,2026-05-10T00:40:00Z,Los Angeles Lakers,Oklahoma City Thunder,,,False
2026-05-09,2026-05-09T12:37:59.552377+00:00,3157465,Duncan Robinson,DET,pts,OVER,13.5,150,0.4,0.6095801039274581,0.743511342061018,0.20958010392745807,0.5239502598186453,bovada,Bovada,2026-05-09T19:10:00Z,Cleveland Cavaliers,Detroit Pistons,,,False
2026-05-09,2026-05-09T12:37:59.552377+00:00,4900671,Ajay Mitchell,OKC,pts,UNDER,15.5,115,0.46511627906976744,0.7055369494238691,0.9567487764974869,0.2404206703541017,0.5169044412613185,bovada,Bovada,2026-05-10T00:40:00Z,Los Angeles Lakers,Oklahoma City Thunder,,,False
2026-05-09,2026-05-09T12:37:59.552377+00:00,4066457,Austin Reaves,LAL,pts,UNDER,20.5,120,0.45454545454545453,0.6870476884799509,0.9156615299554465,0.23250223393449637,0.511504914655892,bovada,Bovada,2026-05-10T00:40:00Z,Los Angeles Lakers,Oklahoma City Thunder,,,False
2026-05-09,2026-05-09T12:37:59.552377+00:00,4066648,Rui Hachimura,LAL,pts,OVER,16.5,200,0.3333333333333333,0.5027518676279099,0.5061152613953552,0.1694185342945766,0.5082556028837297,bovada,Bovada,2026-05-10T00:40:00Z,Los Angeles Lakers,Oklahoma City Thunder,,,False
2026-05-09,2026-05-09T12:37:59.552377+00:00,4278073,Shai Gilgeous-Alexander,OKC,pts,UNDER,28.5,108,0.4807692307692308,0.7240986635177648,0.9979970300394773,0.24332943274853397,0.5061252201169507,betrivers,BetRivers,2026-05-10T00:40:00Z,Los Angeles Lakers,Oklahoma City Thunder,,,False
2026-05-09,2026-05-09T12:37:59.552377+00:00,3992,James Harden,CLE,pts,UNDER,16.5,170,0.37037037037037035,0.5572770537964061,0.6272823417697914,0.18690668342603578,0.5046480452502965,bovada,Bovada,2026-05-09T19:10:00Z,Cleveland Cavaliers,Detroit Pistons,,,False
2026-05-09,2026-05-09T12:37:59.552377+00:00,4432810,Isaiah Stewart II,DET,pts,OVER,5.5,215,0.31746031746031744,0.4720294589151005,0.43784324203355673,0.15456914145478307,0.4868927955825665,bovada,Bovada,2026-05-09T19:10:00Z,Cleveland Cavaliers,Detroit Pistons,,,False
2026-05-09,2026-05-09T12:37:59.552377+00:00,4432166,Cade Cunningham,DET,pts,UNDER,23.5,170,0.37037037037037035,0.5465212873434518,0.6033806385410042,0.1761509169730815,0.47560747582732,bovada,Bovada,2026-05-09T19:10:00Z,Cleveland Cavaliers,Detroit Pistons,,,False
2026-05-09,2026-05-09T12:37:59.552377+00:00,3913174,Luke Kennard,LAL,pts,OVER,10.5,170,0.37037037037037035,0.54454560023702,0.5989902227489333,0.17417522986664968,0.4702731206399541,bovada,Bovada,2026-05-10T00:40:00Z,Los Angeles Lakers,Oklahoma City Thunder,,,False
2026-05-09,2026-05-09T12:37:59.552377+00:00,3908809,Donovan Mitchell,CLE,pts,UNDER,24.5,125,0.4444444444444444,0.647237809576411,0.8271951323920244,0.20279336513196655,0.45628507154692466,bovada,Bovada,2026-05-09T19:10:00Z,Cleveland Cavaliers,Detroit Pistons,,,False
2026-05-09,2026-05-09T12:37:59.552377+00:00,4900671,Ajay Mitchell,OKC,pts,UNDER,16.5,100,0.5,0.7127285389746632,0.9727300866103625,0.21272853897466315,0.4254570779493263,betonlineag,BetOnline.ag,2026-05-10T00:40:00Z,Los Angeles Lakers,Oklahoma City Thunder,,,False
2026-05-09,2026-05-09T12:37:59.552377+00:00,2990992,Marcus Smart,LAL,pts,OVER,14.5,185,0.3508771929824561,0.49833193796772096,0.49629319548382433,0.14745474498526484,0.42024602320800475,bovada,Bovada,2026-05-10T00:40:00Z,Los Angeles Lakers,Oklahoma City Thunder,,,False
2026-05-09,2026-05-09T12:37:59.552377+00:00,4278073,Shai Gilgeous-Alexander,OKC,pts,UNDER,28.5,-105,0.5121951219512195,0.7240986635177648,0.9979970300394773,0.21190354156654523,0.41371643829658833,bovada,Bovada,2026-05-10T00:40:00Z,Los Angeles Lakers,Oklahoma City Thunder,,,False
2026-05-09,2026-05-09T12:37:59.552377+00:00,4900671,Ajay Mitchell,OKC,pts,UNDER,16.5,-102,0.504950495049505,0.7127285389746632,0.9727300866103625,0.2077780439251582,0.41148200855766626,fanduel,FanDuel,2026-05-10T00:40:00Z,Los Angeles Lakers,Oklahoma City Thunder,,,False
2026-05-09,2026-05-09T12:37:59.552377+00:00,1966,LeBron James,LAL,pts,UNDER,19.5,140,0.4166666666666667,0.5799197093774636,0.6775993541721415,0.16325304271079694,0.39180730250591267,bovada,Bovada,2026-05-10T00:40:00Z,Los Angeles Lakers,Oklahoma City Thunder,,,False
2026-05-09,2026-05-09T12:37:59.552377+00:00,4900671,Ajay Mitchell,OKC,pts,UNDER,16.5,-105,0.5121951219512195,0.7127285389746632,0.9727300866103625,0.20053341702344363,0.3915176237124376,williamhill_us,Caesars,2026-05-10T00:40:00Z,Los Angeles Lakers,Oklahoma City Thunder,,,False
2026-05-09,2026-05-09T12:37:59.552377+00:00,3908809,Donovan Mitchell,CLE,pts,UNDER,24.5,114,0.4672897196261682,0.647237809576411,0.8271951323920244,0.17994808995024275,0.3850889124935194,betrivers,BetRivers,2026-05-09T19:10:00Z,Cleveland Cavaliers,Detroit Pistons,,,False
2026-05-09,2026-05-09T12:37:59.552377+00:00,4222252,Isaiah Hartenstein,OKC,pts,UNDER,6.5,150,0.4,0.5533228172288167,0.6184951493973705,0.1533228172288167,0.3833070430720418,bovada,Bovada,2026-05-10T00:40:00Z,Los Angeles Lakers,Oklahoma City Thunder,,,False
2026-05-09,2026-05-09T12:37:59.552377+00:00,4066457,Austin Reaves,LAL,pts,UNDER,20.5,100,0.5,0.6870476884799509,0.9156615299554465,0.1870476884799509,0.3740953769599018,betrivers,BetRivers,2026-05-10T00:40:00Z,Los Angeles Lakers,Oklahoma City Thunder,,,False
2026-05-09,2026-05-09T12:37:59.552377+00:00,4592691,Jake LaRavia,LAL,pts,OVER,5.5,215,0.31746031746031744,0.43482672804991485,0.35517050677758855,0.1173664105895974,0.3697041933572317,bovada,Bovada,2026-05-10T00:40:00Z,Los Angeles Lakers,Oklahoma City Thunder,,,False
2026-05-09,2026-05-09T12:37:59.552377+00:00,4066457,Austin Reaves,LAL,pts,UNDER,21.5,-104,0.5098039215686274,0.6974803772977036,0.9388452828837858,0.1876764557290762,0.36813458623780326,draftkings,DraftKings,2026-05-10T00:40:00Z,Los Angeles Lakers,Oklahoma City Thunder,,,False
2026-05-09,2026-05-09T12:37:59.552377+00:00,4433621,Jalen Duren,DET,pts,UNDER,11.5,160,0.38461538461538464,0.5260287230981501,0.5578416068847779,0.14141333848276544,0.3676746800551902,bovada,Bovada,2026-05-09T19:10:00Z,Cleveland Cavaliers,Detroit Pistons,,,False
2026-05-09,2026-05-09T12:37:59.552377+00:00,3992,James Harden,CLE,pts,UNDER,17.5,135,0.425531914893617,0.5815162541924199,0.6811472315387109,0.1559843392988029,0.3665631973521869,bovada,Bovada,2026-05-09T19:10:00Z,Cleveland Cavaliers,Detroit Pistons,,,False
2026-05-09,2026-05-09T12:37:59.552377+00:00,4433255,Chet Holmgren,OKC,pts,UNDER,13.5,170,0.37037037037037035,0.5060504801096855,0.5134455113548566,0.1356801097393151,0.3663362962961507,bovada,Bovada,2026-05-10T00:40:00Z,Los Angeles Lakers,Oklahoma City Thunder,,,False
2026-05-09,2026-05-09T12:37:59.552377+00:00,4432166,Cade Cunningham,DET,pts,UNDER,24.5,140,0.4166666666666667,0.5681495686527283,0.6514434858949516,0.15148290198606157,0.3635589647665478,bovada,Bovada,2026-05-09T19:10:00Z,Cleveland Cavaliers,Detroit Pistons,,,False
2026-05-09,2026-05-09T12:37:59.552377+00:00,5107199,Daniss Jenkins,DET,pts,OVER,13.5,210,0.3225806451612903,0.4394433073909303,0.36542957197984505,0.11686266222963998,0.362274252911884,bovada,Bovada,2026-05-09T19:10:00Z,Cleveland Cavaliers,Detroit Pistons,,,False
2026-05-09,2026-05-09T12:37:59.552377+00:00,4066457,Austin Reaves,LAL,pts,UNDER,21.5,-105,0.5121951219512195,0.6974803772977036,0.9388452828837858,0.1852852553464841,0.3617474032955166,bovada,Bovada,2026-05-10T00:40:00Z,Los Angeles Lakers,Oklahoma City Thunder,,,False
2026-05-09,2026-05-09T12:37:59.552377+00:00,4900671,Ajay Mitchell,OKC,pts,UNDER,16.5,-110,0.5238095238095238,0.7127285389746632,0.9727300866103625,0.18891901516513931,0.36066357440617514,betmgm,BetMGM,2026-05-10T00:40:00Z,Los Angeles Lakers,Oklahoma City Thunder,,,False
2026-05-09,2026-05-09T12:37:59.552377+00:00,3908809,Donovan Mitchell,CLE,pts,UNDER,25.5,105,0.4878048780487805,0.661693088349232,0.8593179741094046,0.17388821030045154,0.3564708311159257,bovada,Bovada,2026-05-09T19:10:00Z,Cleveland Cavaliers,Detroit Pistons,,,False
2026-05-09,2026-05-09T12:37:59.552377+00:00,4278073,Shai Gilgeous-Alexander,OKC,pts,UNDER,29.5,-115,0.5348837209302325,0.7244835393658875,0.9988523097019721,0.189599818435655,0.35446922577100703,betmgm,BetMGM,2026-05-10T00:40:00Z,Los Angeles Lakers,Oklahoma City Thunder,,,False
2026-05-09,2026-05-09T12:37:59.552377+00:00,4278073,Shai Gilgeous-Alexander,OKC,pts,UNDER,29.5,-115,0.5348837209302325,0.7244835393658875,0.9988523097019721,0.189599818435655,0.35446922577100703,betrivers,BetRivers,2026-05-10T00:40:00Z,Los Angeles Lakers,Oklahoma City Thunder,,,False
2026-05-09,2026-05-09T12:37:59.552377+00:00,3157465,Duncan Robinson,DET,pts,OVER,12.5,115,0.46511627906976744,0.6281865090198148,0.7848589089329218,0.16307022995004733,0.35060099439260173,bovada,Bovada,2026-05-09T19:10:00Z,Cleveland Cavaliers,Detroit Pistons,,,False
2026-05-09,2026-05-09T12:37:59.552377+00:00,4065778,Max Strus,CLE,pts,OVER,10.5,150,0.4,0.5402048795380139,0.5893441767511419,0.14020487953801386,0.3505121988450347,bovada,Bovada,2026-05-09T19:10:00Z,Cleveland Cavaliers,Detroit Pistons,,,False
2026-05-09,2026-05-09T12:37:59.552377+00:00,4900671,Ajay Mitchell,OKC,pts,UNDER,16.5,-112,0.5283018867924528,0.7127285389746632,0.9727300866103625,0.18442665218221033,0.3490933059163267,draftkings,DraftKings,2026-05-10T00:40:00Z,Los Angeles Lakers,Oklahoma City Thunder,,,False
2026-05-09,2026-05-09T12:37:59.552377+00:00,4066648,Rui Hachimura,LAL,pts,OVER,15.5,155,0.39215686274509803,0.528117206561781,0.5624826812484021,0.13596034381668293,0.3466988767325415,bovada,Bovada,2026-05-10T00:40:00Z,Los Angeles Lakers,Oklahoma City Thunder,,,False
2026-05-09,2026-05-09T12:37:59.552377+00:00,4278073,Shai Gilgeous-Alexander,OKC,pts,UNDER,29.5,-118,0.5412844036697247,0.7244835393658875,0.9988523097019721,0.18319913569616275,0.3384526405234193,fanduel,FanDuel,2026-05-10T00:40:00Z,Los Angeles Lakers,Oklahoma City Thunder,,,False
2026-05-09,2026-05-09T12:37:59.552377+00:00,4900671,Ajay Mitchell,OKC,pts,UNDER,16.5,-114,0.5327102803738317,0.7127285389746632,0.9727300866103625,0.18001825860083143,0.33792901175945533,betrivers,BetRivers,2026-05-10T00:40:00Z,Los Angeles Lakers,Oklahoma City Thunder,,,False
2026-05-09,2026-05-09T12:37:59.552377+00:00,4900671,Ajay Mitchell,OKC,pts,UNDER,16.5,-115,0.5348837209302325,0.7127285389746632,0.9727300866103625,0.17784481804443064,0.3324924859091528,bovada,Bovada,2026-05-10T00:40:00Z,Los Angeles Lakers,Oklahoma City Thunder,,,False
2026-05-09,2026-05-09T12:37:59.552377+00:00,3912848,Dean Wade,CLE,pts,OVER,5.5,115,0.46511627906976744,0.6174969903751891,0.7611044230559759,0.1523807113054217,0.3276185293066566,bovada,Bovada,2026-05-09T19:10:00Z,Cleveland Cavaliers,Detroit Pistons,,,False
2026-05-09,2026-05-09T12:37:59.552377+00:00,4683778,Jared McCain,OKC,pts,OVER,7.5,140,0.4166666666666667,0.5526723753191389,0.6170497229314198,0.13600570865247225,0.32641370076593335,bovada,Bovada,2026-05-10T00:40:00Z,Los Angeles Lakers,Oklahoma City Thunder,,,False
2026-05-09,2026-05-09T12:37:59.552377+00:00,3908809,Donovan Mitchell,CLE,pts,UNDER,25.5,100,0.5,0.661693088349232,0.8593179741094046,0.16169308834923202,0.32338617669846403,fanduel,FanDuel,2026-05-09T19:10:00Z,Cleveland Cavaliers,Detroit Pistons,,,False
2026-05-09,2026-05-09T12:37:59.552377+00:00,4278073,Shai Gilgeous-Alexander,OKC,pts,UNDER,29.5,-121,0.5475113122171946,0.7244835393658875,0.9988523097019721,0.17697222714869287,0.32323026611455485,draftkings,DraftKings,2026-05-10T00:40:00Z,Los Angeles Lakers,Oklahoma City Thunder,,,False
2026-05-09,2026-05-09T12:37:59.552377+00:00,4278073,Shai Gilgeous-Alexander,OKC,pts,UNDER,29.5,-122,0.5495495495495496,0.7244835393658875,0.9988523097019721,0.1749339898163379,0.31832250605923795,williamhill_us,Caesars,2026-05-10T00:40:00Z,Los Angeles Lakers,Oklahoma City Thunder,,,False
2026-05-09,2026-05-09T12:37:59.552377+00:00,4066328,Jarrett Allen,CLE,pts,UNDER,8.5,180,0.35714285714285715,0.4705176990849234,0.4344837757442742,0.11337484194206626,0.31744955743778547,bovada,Bovada,2026-05-09T19:10:00Z,Cleveland Cavaliers,Detroit Pistons,,,False
2026-05-09,2026-05-09T12:37:59.552377+00:00,4432823,Jaylin Williams,OKC,pts,OVER,5.5,190,0.3448275862068966,0.4532576888614024,0.3961281974697831,0.10843010265450581,0.3144472976980669,bovada,Bovada,2026-05-10T00:40:00Z,Los Angeles Lakers,Oklahoma City Thunder,,,False
2026-05-09,2026-05-09T12:37:59.552377+00:00,4278073,Shai Gilgeous-Alexander,OKC,pts,UNDER,29.5,-125,0.5555555555555556,0.7244835393658875,0.9988523097019721,0.16892798381033192,0.30407037085859756,betonlineag,BetOnline.ag,2026-05-10T00:40:00Z,Los Angeles Lakers,Oklahoma City Thunder,,,False
2026-05-09,2026-05-09T12:37:59.552377+00:00,4278073,Shai Gilgeous-Alexander,OKC,pts,UNDER,29.5,-125,0.5555555555555556,0.7244835393658875,0.9988523097019721,0.16892798381033192,0.30407037085859756,bovada,Bovada,2026-05-10T00:40:00Z,Los Angeles Lakers,Oklahoma City Thunder,,,False
2026-05-09,2026-05-09T12:37:59.552377+00:00,4066457,Austin Reaves,LAL,pts,UNDER,21.5,-115,0.5348837209302325,0.6974803772977036,0.9388452828837858,0.16259665636747112,0.30398505320875024,betonlineag,BetOnline.ag,2026-05-10T00:40:00Z,Los Angeles Lakers,Oklahoma City Thunder,,,False
2026-05-09,2026-05-09T12:37:59.552377+00:00,3992,James Harden,CLE,pts,UNDER,18.5,115,0.46511627906976744,0.6041450947325553,0.7314335438501228,0.13902881566278785,0.2989119536749938,betrivers,BetRivers,2026-05-09T19:10:00Z,Cleveland Cavaliers,Detroit Pistons,,,False
2026-05-09,2026-05-09T12:37:59.552377+00:00,1966,LeBron James,LAL,pts,UNDER,20.5,115,0.46511627906976744,0.6028949330313904,0.7286554067364233,0.13777865396162298,0.2962241060174894,bovada,Bovada,2026-05-10T00:40:00Z,Los Angeles Lakers,Oklahoma City Thunder,,,False
2026-05-09,2026-05-09T12:37:59.552377+00:00,4432166,Cade Cunningham,DET,pts,UNDER,25.5,120,0.45454545454545453,0.58873519764313,0.6971893280958443,0.13418974309767545,0.29521743481488594,betrivers,BetRivers,2026-05-09T19:10:00Z,Cleveland Cavaliers,Detroit Pistons,,,False
2026-05-09,2026-05-09T12:37:59.552377+00:00,3913174,Luke Kennard,LAL,pts,OVER,9.5,125,0.4444444444444444,0.5724605968735932,0.6610235486079847,0.12801615242914877,0.28803634296558467,bovada,Bovada,2026-05-10T00:40:00Z,Los Angeles Lakers,Oklahoma City Thunder,,,False
2026-05-09,2026-05-09T12:37:59.552377+00:00,2990992,Marcus Smart,LAL,pts,OVER,13.5,145,0.40816326530612246,0.525153622725381,0.5558969393897357,0.11699035741925856,0.2866263756771835,bovada,Bovada,2026-05-10T00:40:00Z,Los Angeles Lakers,Oklahoma City Thunder,,,False
2026-05-09,2026-05-09T12:37:59.552377+00:00,4066457,Austin Reaves,LAL,pts,UNDER,21.5,-120,0.5454545454545454,0.6974803772977036,0.9388452828837858,0.1520258318431582,0.27871402504579,williamhill_us,Caesars,2026-05-10T00:40:00Z,Los Angeles Lakers,Oklahoma City Thunder,,,False
2026-05-09,2026-05-09T12:37:59.552377+00:00,3908809,Donovan Mitchell,CLE,pts,UNDER,26.5,-112,0.5283018867924528,0.6742063990699148,0.8871253312664772,0.14590451227746193,0.2761763982394815,draftkings,DraftKings,2026-05-09T19:10:00Z,Cleveland Cavaliers,Detroit Pistons,,,False
2026-05-09,2026-05-09T12:37:59.552377+00:00,6440,Tobias Harris,DET,pts,OVER,21.5,185,0.3508771929824561,0.44684829288171507,0.3818850952927002,0.09597109989925895,0.2735176347128879,bovada,Bovada,2026-05-09T19:10:00Z,Cleveland Cavaliers,Detroit Pistons,,,False
2026-05-09,2026-05-09T12:37:59.552377+00:00,4432810,Isaiah Stewart II,DET,pts,OVER,4.5,145,0.40816326530612246,0.5190016555923409,0.5422259013163131,0.11083839028621845,0.2715540562012352,bovada,Bovada,2026-05-09T19:10:00Z,Cleveland Cavaliers,Detroit Pistons,,,False
2026-05-09,2026-05-09T12:37:59.552377+00:00,4432158,Evan Mobley,CLE,pts,UNDER,12.5,185,0.3508771929824561,0.4454899917382889,0.37886664830730865,0.09461279875583278,0.2696464764541233,bovada,Bovada,2026-05-09T19:10:00Z,Cleveland Cavaliers,Detroit Pistons,,,False
2026-05-09,2026-05-09T12:37:59.552377+00:00,4432166,Cade Cunningham,DET,pts,UNDER,25.5,115,0.46511627906976744,0.58873519764313,0.6971893280958443,0.12361891857336255,0.2657806749327294,bovada,Bovada,2026-05-09T19:10:00Z,Cleveland Cavaliers,Detroit Pistons,,,False
2026-05-09,2026-05-09T12:37:59.552377+00:00,3908809,Donovan Mitchell,CLE,pts,UNDER,26.5,-114,0.5327102803738317,0.6742063990699148,0.8871253312664772,0.14149611869608303,0.265615521061068,betonlineag,BetOnline.ag,2026-05-09T19:10:00Z,Cleveland Cavaliers,Detroit Pistons,,,False
2026-05-09,2026-05-09T12:37:59.552377+00:00,3908809,Donovan Mitchell,CLE,pts,UNDER,25.5,-110,0.5238095238095238,0.661693088349232,0.8593179741094046,0.13788356453970818,0.26323225957580654,betmgm,BetMGM,2026-05-09T19:10:00Z,Cleveland Cavaliers,Detroit Pistons,,,False
2026-05-09,2026-05-09T12:37:59.552377+00:00,4683692,Cason Wallace,OKC,pts,OVER,8.5,180,0.35714285714285715,0.4509341602927102,0.3909648006504671,0.09379130314985307,0.26261564881958854,bovada,Bovada,2026-05-10T00:40:00Z,Los Angeles Lakers,Oklahoma City Thunder,,,False
2026-05-09,2026-05-09T12:37:59.552377+00:00,4066457,Austin Reaves,LAL,pts,UNDER,21.5,-125,0.5555555555555556,0.6974803772977036,0.9388452828837858,0.14192482174214804,0.25546467913586657,betmgm,BetMGM,2026-05-10T00:40:00Z,Los Angeles Lakers,Oklahoma City Thunder,,,False
2026-05-09,2026-05-09T12:37:59.552377+00:00,4066457,Austin Reaves,LAL,pts,UNDER,21.5,-125,0.5555555555555556,0.6974803772977036,0.9388452828837858,0.14192482174214804,0.25546467913586657,betrivers,BetRivers,2026-05-10T00:40:00Z,Los Angeles Lakers,Oklahoma City Thunder,,,False
2026-05-09,2026-05-09T12:37:59.552377+00:00,3157465,Duncan Robinson,DET,pts,OVER,11.5,-106,0.5145631067961165,0.6449228798191258,0.8220508440425018,0.13035977302300927,0.2533406909692444,fanduel,FanDuel,2026-05-09T19:10:00Z,Cleveland Cavaliers,Detroit Pistons,,,False
2026-05-09,2026-05-09T12:37:59.552377+00:00,3908809,Donovan Mitchell,CLE,pts,UNDER,25.5,-112,0.5283018867924528,0.661693088349232,0.8593179741094046,0.1333912015567792,0.2524904886610464,betrivers,BetRivers,2026-05-09T19:10:00Z,Cleveland Cavaliers,Detroit Pistons,,,False
2026-05-09,2026-05-09T12:37:59.552377+00:00,4066457,Austin Reaves,LAL,pts,UNDER,22.5,-130,0.5652173913043478,0.7055243020323119,0.9567206711829153,0.14030691072796408,0.24823530359562873,bovada,Bovada,2026-05-10T00:40:00Z,Los Angeles Lakers,Oklahoma City Thunder,,,False
2026-05-09,2026-05-09T12:37:59.552377+00:00,4683778,Jared McCain,OKC,pts,OVER,7.5,125,0.4444444444444444,0.5526723753191389,0.6170497229314198,0.10822793087469451,0.24351284446806254,betmgm,BetMGM,2026-05-10T00:40:00Z,Los Angeles Lakers,Oklahoma City Thunder,,,False
2026-05-09,2026-05-09T12:37:59.552377+00:00,4066457,Austin Reaves,LAL,pts,UNDER,21.5,-128,0.5614035087719298,0.6974803772977036,0.9388452828837858,0.13607686852577383,0.24238692206153456,fanduel,FanDuel,2026-05-10T00:40:00Z,Los Angeles Lakers,Oklahoma City Thunder,,,False
2026-05-09,2026-05-09T12:37:59.552377+00:00,3992,James Harden,CLE,pts,UNDER,18.5,105,0.4878048780487805,0.6041450947325553,0.7314335438501228,0.11634021668377481,0.23849744420173835,bovada,Bovada,2026-05-09T19:10:00Z,Cleveland Cavaliers,Detroit Pistons,,,False
2026-05-09,2026-05-09T12:37:59.552377+00:00,3157465,Duncan Robinson,DET,pts,OVER,11.5,-109,0.5215311004784688,0.6449228798191258,0.8220508440425018,0.12339177934065693,0.23659524662566322,betrivers,BetRivers,2026-05-09T19:10:00Z,Cleveland Cavaliers,Detroit Pistons,,,False
2026-05-09,2026-05-09T12:37:59.552377+00:00,3908809,Donovan Mitchell,CLE,pts,UNDER,26.5,-120,0.5454545454545454,0.6742063990699148,0.8871253312664772,0.12875185361536934,0.23604506496151045,bovada,Bovada,2026-05-09T19:10:00Z,Cleveland Cavaliers,Detroit Pistons,,,False
2026-05-09,2026-05-09T12:37:59.552377+00:00,1966,LeBron James,LAL,pts,UNDER,21.5,-102,0.504950495049505,0.6238972623750293,0.7753272497222874,0.11894676732552434,0.23556124509564624,draftkings,DraftKings,2026-05-10T00:40:00Z,Los Angeles Lakers,Oklahoma City Thunder,,,False
2026-05-09,2026-05-09T12:37:59.552377+00:00,4278073,Shai Gilgeous-Alexander,OKC,ra,UNDER,9.5,140,0.4166666666666667,0.5365195386235293,0.9614524482887694,0.11985287195686262,0.28764689269647026,bovada,Bovada,2026-05-10T00:40:00Z,Los Angeles Lakers,Oklahoma City Thunder,,,False
2026-05-09,2026-05-09T12:37:59.552377+00:00,4222252,Isaiah Hartenstein,OKC,ra,UNDER,10.5,135,0.425531914893617,0.5327968126256529,0.9130996318574164,0.1072648977320359,0.2520725096702844,bovada,Bovada,2026-05-10T00:40:00Z,Los Angeles Lakers,Oklahoma City Thunder,,,False
2026-05-09,2026-05-09T12:37:59.552377+00:00,4432166,Cade Cunningham,DET,ra,UNDER,13.5,135,0.425531914893617,0.5264976091314626,0.8844668887020057,0.10096569423784557,0.23726938145893717,bovada,Bovada,2026-05-09T19:10:00Z,Cleveland Cavaliers,Detroit Pistons,,,False
2026-05-09,2026-05-09T12:37:59.552377+00:00,1966,LeBron James,LAL,ra,UNDER,12.5,150,0.4,0.48784421417962337,0.7992918826346517,0.08784421417962335,0.2196105354490584,bovada,Bovada,2026-05-10T00:40:00Z,Los Angeles Lakers,Oklahoma City Thunder,,,False
2026-05-09,2026-05-09T12:37:59.552377+00:00,3157465,Duncan Robinson,DET,ra,OVER,5.5,175,0.36363636363636365,0.4434343623915318,0.7263545397962189,0.07979799875516813,0.2194444965767124,bovada,Bovada,2026-05-09T19:10:00Z,Cleveland Cavaliers,Detroit Pistons,,,False
2026-05-09,2026-05-09T12:37:59.552377+00:00,4900671,Ajay Mitchell,OKC,ra,UNDER,5.5,200,0.3333333333333333,0.40342137538100736,0.6519153426409425,0.07008804204767405,0.21026412614302215,bovada,Bovada,2026-05-10T00:40:00Z,Los Angeles Lakers,Oklahoma City Thunder,,,False
2026-05-09,2026-05-09T12:37:59.552377+00:00,4278073,Shai Gilgeous-Alexander,OKC,ra,UNDER,10.5,-108,0.5192307692307693,0.6219812233632204,0.9862782880146377,0.1027504541324511,0.1978897635143504,draftkings,DraftKings,2026-05-10T00:40:00Z,Los Angeles Lakers,Oklahoma City Thunder,,,False
2026-05-09,2026-05-09T12:37:59.552377+00:00,4278073,Shai Gilgeous-Alexander,OKC,ra,UNDER,10.5,-110,0.5238095238095238,0.6255526519346489,0.9862782880146377,0.10174312812512509,0.19423688096614788,betmgm,BetMGM,2026-05-10T00:40:00Z,Los Angeles Lakers,Oklahoma City Thunder,,,False
2026-05-09,2026-05-09T12:37:59.552377+00:00,4278073,Shai Gilgeous-Alexander,OKC,ra,UNDER,10.5,-110,0.5238095238095238,0.6255526519346489,0.9862782880146377,0.10174312812512509,0.19423688096614788,bovada,Bovada,2026-05-10T00:40:00Z,Los Angeles Lakers,Oklahoma City Thunder,,,False
2026-05-09,2026-05-09T12:37:59.552377+00:00,4066457,Austin Reaves,LAL,ra,UNDER,8.5,170,0.37037037037037035,0.4416954560848108,0.6945753054360088,0.07132508571444046,0.19257773142898915,bovada,Bovada,2026-05-10T00:40:00Z,Los Angeles Lakers,Oklahoma City Thunder,,,False
2026-05-09,2026-05-09T12:37:59.552377+00:00,4222252,Isaiah Hartenstein,OKC,ra,UNDER,11.5,-106,0.5145631067961165,0.6122292294797645,0.9585000280854259,0.09766612268364805,0.18980397427199525,fanduel,FanDuel,2026-05-10T00:40:00Z,Los Angeles Lakers,Oklahoma City Thunder,,,False
2026-05-09,2026-05-09T12:37:59.552377+00:00,4432166,Cade Cunningham,DET,ra,UNDER,14.5,-103,0.5073891625615764,0.6017998931446109,0.9365288470299152,0.09441073058303451,0.1860716340617089,draftkings,DraftKings,2026-05-09T19:10:00Z,Cleveland Cavaliers,Detroit Pistons,,,False
2026-05-09,2026-05-09T12:37:59.552377+00:00,4222252,Isaiah Hartenstein,OKC,ra,UNDER,11.5,-109,0.5215311004784688,0.6176642645519994,0.9585000280854259,0.09613316407353056,0.18432872744374207,draftkings,DraftKings,2026-05-10T00:40:00Z,Los Angeles Lakers,Oklahoma City Thunder,,,False
2026-05-09,2026-05-09T12:37:59.552377+00:00,4222252,Isaiah Hartenstein,OKC,ra,UNDER,11.5,-110,0.5238095238095238,0.6194414347502223,0.9585000280854259,0.09563191094069845,0.18257001179587884,bovada,Bovada,2026-05-10T00:40:00Z,Los Angeles Lakers,Oklahoma City Thunder,,,False
2026-05-09,2026-05-09T12:37:59.552377+00:00,4432166,Cade Cunningham,DET,ra,UNDER,14.5,-105,0.5121951219512195,0.6055485414685325,0.9365288470299152,0.09335341951731302,0.1822614381052302,bovada,Bovada,2026-05-09T19:10:00Z,Cleveland Cavaliers,Detroit Pistons,,,False
2026-05-09,2026-05-09T12:37:59.552377+00:00,1966,LeBron James,LAL,ra,UNDER,13.5,105,0.4878048780487805,0.5731240109492395,0.8756191185054123,0.085319132900459,0.17490422244594095,bovada,Bovada,2026-05-10T00:40:00Z,Los Angeles Lakers,Oklahoma City Thunder,,,False
2026-05-09,2026-05-09T12:37:59.552377+00:00,1966,LeBron James,LAL,ra,UNDER,13.5,103,0.49261083743842365,0.5768726592731611,0.8756191185054123,0.08426182183473746,0.17105149832451705,draftkings,DraftKings,2026-05-10T00:40:00Z,Los Angeles Lakers,Oklahoma City Thunder,,,False
2026-05-09,2026-05-09T12:37:59.552377+00:00,4222252,Isaiah Hartenstein,OKC,ra,UNDER,11.5,-120,0.5454545454545454,0.6363245516333391,0.9585000280854259,0.0908700061787937,0.16659501132778842,betmgm,BetMGM,2026-05-10T00:40:00Z,Los Angeles Lakers,Oklahoma City Thunder,,,False
2026-05-09,2026-05-09T12:37:59.552377+00:00,4900671,Ajay Mitchell,OKC,ra,UNDER,6.5,115,0.46511627906976744,0.5405310139265184,0.8079105284186354,0.07541473485675093,0.16214167994201445,bovada,Bovada,2026-05-10T00:40:00Z,Los Angeles Lakers,Oklahoma City Thunder,,,False
2026-05-09,2026-05-09T12:37:59.552377+00:00,4432166,Cade Cunningham,DET,ra,UNDER,14.5,-118,0.5412844036697247,0.6282381812089667,0.9365288470299152,0.08695377753924194,0.1606434195216503,fanduel,FanDuel,2026-05-09T19:10:00Z,Cleveland Cavaliers,Detroit Pistons,,,False
2026-05-09,2026-05-09T12:37:59.552377+00:00,4066457,Austin Reaves,LAL,ra,UNDER,9.5,110,0.47619047619047616,0.5499013494980292,0.8112399003157171,0.073710873307553,0.1547928339458613,bovada,Bovada,2026-05-10T00:40:00Z,Los Angeles Lakers,Oklahoma City Thunder,,,False
2026-05-09,2026-05-09T12:37:59.552377+00:00,3157465,Duncan Robinson,DET,ra,OVER,4.5,100,0.5,0.5747834167946202,0.8399246217937284,0.0747834167946202,0.1495668335892404,betmgm,BetMGM,2026-05-09T19:10:00Z,Cleveland Cavaliers,Detroit Pistons,,,False
2026-05-09,2026-05-09T12:37:59.552377+00:00,4066457,Austin Reaves,LAL,ra,UNDER,9.5,107,0.4830917874396135,0.5552843722723563,0.8112399003157171,0.07219258483274277,0.14943865060377748,draftkings,DraftKings,2026-05-10T00:40:00Z,Los Angeles Lakers,Oklahoma City Thunder,,,False
2026-05-09,2026-05-09T12:37:59.552377+00:00,4278073,Shai Gilgeous-Alexander,OKC,ra,UNDER,11.5,-146,0.5934959349593496,0.6807268292682926,0.9958852821848723,0.08723089430894304,0.1469780821917807,fanduel,FanDuel,2026-05-10T00:40:00Z,Los Angeles Lakers,Oklahoma City Thunder,,,False
2026-05-09,2026-05-09T12:37:59.552377+00:00,3992,James Harden,CLE,ra,UNDER,10.5,165,0.37735849056603776,0.43269524070334486,0.6288891730083428,0.0553367501373071,0.14664238786386385,bovada,Bovada,2026-05-09T19:10:00Z,Cleveland Cavaliers,Detroit Pistons,,,False
2026-05-09,2026-05-09T12:37:59.552377+00:00,4066457,Austin Reaves,LAL,ra,UNDER,9.5,105,0.4878048780487805,0.5589605829475065,0.8112399003157171,0.07115570489872602,0.14586919504238838,betmgm,BetMGM,2026-05-10T00:40:00Z,Los Angeles Lakers,Oklahoma City Thunder,,,False
2026-05-09,2026-05-09T12:37:59.552377+00:00,4432166,Cade Cunningham,DET,ra,UNDER,14.5,-130,0.5652173913043478,0.6469059115639726,0.9365288470299152,0.08168852025962481,0.14452584353625925,betmgm,BetMGM,2026-05-09T19:10:00Z,Cleveland Cavaliers,Detroit Pistons,,,False
2026-05-09,2026-05-09T12:37:59.552377+00:00,1966,LeBron James,LAL,ra,UNDER,14.5,-128,0.5614035087719298,0.6422522088129186,0.9288975998673334,0.08084870004098876,0.14401174694801122,fanduel,FanDuel,2026-05-10T00:40:00Z,Los Angeles Lakers,Oklahoma City Thunder,,,False
2026-05-09,2026-05-09T12:37:59.552377+00:00,4433255,Chet Holmgren,OKC,ra,UNDER,8.5,190,0.3448275862068966,0.39376931453652286,0.5672899877051979,0.04894172832962629,0.1419310121559163,bovada,Bovada,2026-05-10T00:40:00Z,Los Angeles Lakers,Oklahoma City Thunder,,,False
2026-05-09,2026-05-09T12:37:59.552377+00:00,3157465,Duncan Robinson,DET,ra,OVER,4.5,-105,0.5121951219512195,0.5842956119165714,0.8399246217937284,0.0721004899653519,0.14076762326568704,bovada,Bovada,2026-05-09T19:10:00Z,Cleveland Cavaliers,Detroit Pistons,,,False
2026-05-09,2026-05-09T12:37:59.552377+00:00,3157465,Duncan Robinson,DET,ra,OVER,4.5,-107,0.5169082125603864,0.5879718225917216,0.8399246217937284,0.07106361003133521,0.13747819884566714,draftkings,DraftKings,2026-05-09T19:10:00Z,Cleveland Cavaliers,Detroit Pistons,,,False
2026-05-09,2026-05-09T12:37:59.552377+00:00,3157465,Duncan Robinson,DET,ra,OVER,4.5,-108,0.5192307692307693,0.5897834167946203,0.8399246217937284,0.07055264756385105,0.13587917308593545,fanduel,FanDuel,2026-05-09T19:10:00Z,Cleveland Cavaliers,Detroit Pistons,,,False
2026-05-09,2026-05-09T12:37:59.552377+00:00,1966,LeBron James,LAL,ra,UNDER,14.5,-135,0.574468085106383,0.6524425783537922,0.9288975998673334,0.07797449324740913,0.13573337713437894,betmgm,BetMGM,2026-05-10T00:40:00Z,Los Angeles Lakers,Oklahoma City Thunder,,,False
2026-05-09,2026-05-09T12:37:59.552377+00:00,1966,LeBron James,LAL,ra,UNDER,14.5,-135,0.574468085106383,0.6524425783537922,0.9288975998673334,0.07797449324740913,0.13573337713437894,bovada,Bovada,2026-05-10T00:40:00Z,Los Angeles Lakers,Oklahoma City Thunder,,,False
2026-05-09,2026-05-09T12:37:59.552377+00:00,4900671,Ajay Mitchell,OKC,ra,UNDER,6.5,100,0.5,0.5677403162520998,0.8079105284186354,0.06774031625209975,0.1354806325041995,betmgm,BetMGM,2026-05-10T00:40:00Z,Los Angeles Lakers,Oklahoma City Thunder,,,False
2026-05-09,2026-05-09T12:37:59.552377+00:00,4432166,Cade Cunningham,DET,ra,UNDER,15.5,-150,0.6,0.6810032498839226,0.9681965903814664,0.0810032498839226,0.1350054164732043,bovada,Bovada,2026-05-09T19:10:00Z,Cleveland Cavaliers,Detroit Pistons,,,False
2026-05-09,2026-05-09T12:37:59.552377+00:00,4900671,Ajay Mitchell,OKC,ra,UNDER,7.5,-130,0.5652173913043478,0.6413959679241978,0.9114836486673028,0.07617857661985006,0.13477748171204235,fanduel,FanDuel,2026-05-10T00:40:00Z,Los Angeles Lakers,Oklahoma City Thunder,,,False
2026-05-09,2026-05-09T12:37:59.552377+00:00,4278073,Shai Gilgeous-Alexander,OKC,ra,UNDER,11.5,-165,0.6226415094339622,0.7034603773584905,0.9958852821848723,0.0808188679245283,0.12979999999999997,bovada,Bovada,2026-05-10T00:40:00Z,Los Angeles Lakers,Oklahoma City Thunder,,,False
2026-05-09,2026-05-09T12:37:59.552377+00:00,4066457,Austin Reaves,LAL,ra,UNDER,10.5,-130,0.5652173913043478,0.637870313592958,0.8954579471616669,0.0726529222886102,0.1285397855875411,fanduel,FanDuel,2026-05-10T00:40:00Z,Los Angeles Lakers,Oklahoma City Thunder,,,False
2026-05-09,2026-05-09T12:37:59.552377+00:00,4222252,Isaiah Hartenstein,OKC,ra,UNDER,12.5,-165,0.6226415094339622,0.7017973040613652,0.9824405759221573,0.07915579462740296,0.12712900349249562,bovada,Bovada,2026-05-10T00:40:00Z,Los Angeles Lakers,Oklahoma City Thunder,,,False
2026-05-09,2026-05-09T12:37:59.552377+00:00,3992,James Harden,CLE,ra,UNDER,11.5,110,0.47619047619047616,0.5364737935532741,0.750205555112285,0.060283317362797906,0.12659496646187562,bovada,Bovada,2026-05-09T19:10:00Z,Cleveland Cavaliers,Detroit Pistons,,,False
2026-05-09,2026-05-09T12:37:59.552377+00:00,4433255,Chet Holmgren,OKC,ra,UNDER,9.5,125,0.4444444444444444,0.5003022084317861,0.6983433716596336,0.05585776398734166,0.12567996897151867,bovada,Bovada,2026-05-10T00:40:00Z,Los Angeles Lakers,Oklahoma City Thunder,,,False
2026-05-09,2026-05-09T12:37:59.552377+00:00,3992,James Harden,CLE,ra,UNDER,11.5,108,0.4807692307692308,0.5400452221247027,0.750205555112285,0.05927599135547196,0.12329406201938176,draftkings,DraftKings,2026-05-09T19:10:00Z,Cleveland Cavaliers,Detroit Pistons,,,False
2026-05-09,2026-05-09T12:37:59.552377+00:00,4066457,Austin Reaves,LAL,ra,UNDER,10.5,-135,0.574468085106383,0.6450858547585455,0.8954579471616669,0.07061776965216249,0.12292722865376438,bovada,Bovada,2026-05-10T00:40:00Z,Los Angeles Lakers,Oklahoma City Thunder,,,False
2026-05-09,2026-05-09T12:37:59.552377+00:00,4900671,Ajay Mitchell,OKC,ra,UNDER,7.5,-143,0.588477366255144,0.6595387483858189,0.9114836486673028,0.07106138213067492,0.12075465634793009,draftkings,DraftKings,2026-05-10T00:40:00Z,Los Angeles Lakers,Oklahoma City Thunder,,,False
2026-05-09,2026-05-09T12:37:59.552377+00:00,4900671,Ajay Mitchell,OKC,ra,UNDER,7.5,-145,0.5918367346938775,0.6621590557680311,0.9114836486673028,0.0703223210741536,0.11882047353908715,bovada,Bovada,2026-05-10T00:40:00Z,Los Angeles Lakers,Oklahoma City Thunder,,,False
2026-05-09,2026-05-09T12:37:59.552377+00:00,4432158,Evan Mobley,CLE,ra,UNDER,10.5,150,0.4,0.444313543738406,0.6014251988109363,0.04431354373840596,0.11078385934601498,bovada,Bovada,2026-05-09T19:10:00Z,Cleveland Cavaliers,Detroit Pistons,,,False
2026-05-09,2026-05-09T12:37:59.552377+00:00,4433255,Chet Holmgren,OKC,ra,UNDER,10.5,-118,0.5412844036697247,0.5999170449602231,0.8077964095356267,0.05863264129049839,0.10832132035024267,fanduel,FanDuel,2026-05-10T00:40:00Z,Los Angeles Lakers,Oklahoma City Thunder,,,False
2026-05-09,2026-05-09T12:37:59.552377+00:00,4433255,Chet Holmgren,OKC,ra,UNDER,10.5,-118,0.5412844036697247,0.5999170449602231,0.8077964095356267,0.05863264129049839,0.10832132035024267,betmgm,BetMGM,2026-05-10T00:40:00Z,Los Angeles Lakers,Oklahoma City Thunder,,,False
2026-05-09,2026-05-09T12:37:59.552377+00:00,3992,James Harden,CLE,ra,UNDER,11.5,-102,0.504950495049505,0.5589066082633166,0.750205555112285,0.05395611321381166,0.10685426342343096,fanduel,FanDuel,2026-05-09T19:10:00Z,Cleveland Cavaliers,Detroit Pistons,,,False
2026-05-09,2026-05-09T12:37:59.552377+00:00,4432158,Evan Mobley,CLE,ra,UNDER,11.5,105,0.4878048780487805,0.5391015960517181,0.7209717780621334,0.05129671800293767,0.10515827190602223,betmgm,BetMGM,2026-05-09T19:10:00Z,Cleveland Cavaliers,Detroit Pistons,,,False
2026-05-09,2026-05-09T12:37:59.552377+00:00,3992,James Harden,CLE,ra,UNDER,12.5,-135,0.574468085106383,0.6343059075404519,0.8464581870794236,0.05983782243406888,0.10416213534819402,bovada,Bovada,2026-05-09T19:10:00Z,Cleveland Cavaliers,Detroit Pistons,,,False
2026-05-09,2026-05-09T12:37:59.552377+00:00,4433255,Chet Holmgren,OKC,ra,UNDER,10.5,-125,0.5555555555555556,0.6110485434311712,0.8077964095356267,0.05549298787561563,0.09988737817610821,bovada,Bovada,2026-05-10T00:40:00Z,Los Angeles Lakers,Oklahoma City Thunder,,,False
2026-05-09,2026-05-09T12:37:59.552377+00:00,4432158,Evan Mobley,CLE,ra,UNDER,11.5,101,0.4975124378109453,0.5466734926662067,0.7209717780621334,0.0491610548552614,0.09881372025907542,draftkings,DraftKings,2026-05-09T19:10:00Z,Cleveland Cavaliers,Detroit Pistons,,,False
2026-05-09,2026-05-09T12:37:59.552377+00:00,4433255,Chet Holmgren,OKC,ra,UNDER,10.5,-127,0.5594713656387665,0.6141028752960758,0.8077964095356267,0.05463150965730923,0.09764844639534803,draftkings,DraftKings,2026-05-10T00:40:00Z,Los Angeles Lakers,Oklahoma City Thunder,,,False
2026-05-09,2026-05-09T12:37:59.552377+00:00,4432158,Evan Mobley,CLE,ra,UNDER,11.5,100,0.5,0.5486137911736694,0.7209717780621334,0.048613791173669374,0.09722758234733875,bovada,Bovada,2026-05-09T19:10:00Z,Cleveland Cavaliers,Detroit Pistons,,,False
2026-05-09,2026-05-09T12:37:59.552377+00:00,3913174,Luke Kennard,LAL,ra,OVER,5.5,140,0.4166666666666667,0.45705715698522986,0.6002598044783174,0.04039049031856318,0.0969371767645516,bovada,Bovada,2026-05-10T00:40:00Z,Los Angeles Lakers,Oklahoma City Thunder,,,False
2026-05-09,2026-05-09T12:37:59.552377+00:00,4066648,Rui Hachimura,LAL,ra,OVER,5.5,140,0.4166666666666667,0.4563877379846435,0.5972169908392886,0.03972107131797681,0.09533057116314436,bovada,Bovada,2026-05-10T00:40:00Z,Los Angeles Lakers,Oklahoma City Thunder,,,False
2026-05-09,2026-05-09T12:37:59.552377+00:00,4432158,Evan Mobley,CLE,ra,UNDER,11.5,-102,0.504950495049505,0.5524751773122832,0.7209717780621334,0.047524682262778284,0.09411750801060015,fanduel,FanDuel,2026-05-09T19:10:00Z,Cleveland Cavaliers,Detroit Pistons,,,False
2026-05-09,2026-05-09T12:37:59.552377+00:00,5107199,Daniss Jenkins,DET,ra,OVER,6.5,115,0.46511627906976744,0.5087339070060144,0.6633782242345263,0.04361762793624696,0.09377790006293085,bovada,Bovada,2026-05-09T19:10:00Z,Cleveland Cavaliers,Detroit Pistons,,,False
2026-05-09,2026-05-09T12:37:59.552377+00:00,3992,James Harden,CLE,ra,UNDER,11.5,-118,0.5412844036697247,0.587247056987088,0.750205555112285,0.04596265331736327,0.08491405443377276,betmgm,BetMGM,2026-05-09T19:10:00Z,Cleveland Cavaliers,Detroit Pistons,,,False
2026-05-09,2026-05-09T12:37:59.552377+00:00,4432158,Evan Mobley,CLE,ra,UNDER,12.5,-150,0.6,0.6483456252491887,0.819752842041767,0.04834562524918873,0.08057604208198116,bovada,Bovada,2026-05-09T19:10:00Z,Cleveland Cavaliers,Detroit Pistons,,,False
2026-05-09,2026-05-09T12:37:59.552377+00:00,3157465,Duncan Robinson,DET,ra,OVER,3.5,-210,0.6774193548387096,0.7301707793965516,0.9171985573743551,0.052751424557841986,0.07787115053776666,bovada,Bovada,2026-05-09T19:10:00Z,Cleveland Cavaliers,Detroit Pistons,,,False
2026-05-09,2026-05-09T12:37:59.552377+00:00,5107199,Daniss Jenkins,DET,ra,OVER,5.5,-138,0.5798319327731093,0.6247952812459038,0.7842107894676296,0.044963348472794484,0.07754548504728331,fanduel,FanDuel,2026-05-09T19:10:00Z,Cleveland Cavaliers,Detroit Pistons,,,False
2026-05-09,2026-05-09T12:37:59.552377+00:00,3913174,Luke Kennard,LAL,ra,OVER,4.5,-130,0.5652173913043478,0.6055864386021592,0.7487130608398541,0.04036904729781143,0.07142216060382017,bovada,Bovada,2026-05-10T00:40:00Z,Los Angeles Lakers,Oklahoma City Thunder,,,False
2026-05-09,2026-05-09T12:37:59.552377+00:00,3913174,Luke Kennard,LAL,ra,OVER,4.5,-132,0.5689655172413793,0.6085099768330438,0.7487130608398541,0.039544459591664416,0.06950238352474358,draftkings,DraftKings,2026-05-10T00:40:00Z,Los Angeles Lakers,Oklahoma City Thunder,,,False
2026-05-09,2026-05-09T12:37:59.552377+00:00,4066648,Rui Hachimura,LAL,ra,OVER,4.5,-130,0.5652173913043478,0.604500773224513,0.7437782182141898,0.03928338192016523,0.06950136801259998,draftkings,DraftKings,2026-05-10T00:40:00Z,Los Angeles Lakers,Oklahoma City Thunder,,,False
2026-05-09,2026-05-09T12:37:59.552377+00:00,4066648,Rui Hachimura,LAL,ra,OVER,4.5,-130,0.5652173913043478,0.604500773224513,0.7437782182141898,0.03928338192016523,0.06950136801259998,bovada,Bovada,2026-05-10T00:40:00Z,Los Angeles Lakers,Oklahoma City Thunder,,,False
2026-05-09,2026-05-09T12:37:59.552377+00:00,5107199,Daniss Jenkins,DET,ra,OVER,5.5,-150,0.6,0.6405263736828785,0.7842107894676296,0.04052637368287848,0.06754395613813075,bovada,Bovada,2026-05-09T19:10:00Z,Cleveland Cavaliers,Detroit Pistons,,,False
2026-05-09,2026-05-09T12:37:59.552377+00:00,2990992,Marcus Smart,LAL,ra,OVER,7.5,118,0.45871559633027525,0.4892826042348654,0.5976565413511397,0.03056700790459016,0.0666360772320066,fanduel,FanDuel,2026-05-10T00:40:00Z,Los Angeles Lakers,Oklahoma City Thunder,,,False
2026-05-09,2026-05-09T12:37:59.552377+00:00,5107199,Daniss Jenkins,DET,ra,OVER,5.5,-153,0.6047430830039525,0.6442259784259615,0.7842107894676296,0.039482895422009,0.06528870942332199,draftkings,DraftKings,2026-05-09T19:10:00Z,Cleveland Cavaliers,Detroit Pistons,,,False
2026-05-09,2026-05-09T12:37:59.552377+00:00,4065778,Max Strus,CLE,ra,OVER,6.5,130,0.43478260869565216,0.46143211681713237,0.5559167365205622,0.026649508121480203,0.06129386867940445,bovada,Bovada,2026-05-09T19:10:00Z,Cleveland Cavaliers,Detroit Pistons,,,False
2026-05-09,2026-05-09T12:37:59.552377+00:00,4433621,Jalen Duren,DET,ra,UNDER,11.5,155,0.39215686274509803,0.41567204484830905,0.49904405412332986,0.02351518210321102,0.05996371436318815,bovada,Bovada,2026-05-09T19:10:00Z,Cleveland Cavaliers,Detroit Pistons,,,False
2026-05-09,2026-05-09T12:37:59.552377+00:00,4433621,Jalen Duren,DET,ra,UNDER,12.5,105,0.4878048780487805,0.5161875756776098,0.6168171399980045,0.02838269762882928,0.05818453013910008,betmgm,BetMGM,2026-05-09T19:10:00Z,Cleveland Cavaliers,Detroit Pistons,,,False
2026-05-09,2026-05-09T12:37:59.552377+00:00,4433621,Jalen Duren,DET,ra,UNDER,12.5,105,0.4878048780487805,0.5161875756776098,0.6168171399980045,0.02838269762882928,0.05818453013910008,bovada,Bovada,2026-05-09T19:10:00Z,Cleveland Cavaliers,Detroit Pistons,,,False
2026-05-09,2026-05-09T12:37:59.552377+00:00,4433621,Jalen Duren,DET,ra,UNDER,13.5,-135,0.574468085106383,0.6075043514553918,0.7246329321473322,0.0330362663490088,0.05750757475568208,bovada,Bovada,2026-05-09T19:10:00Z,Cleveland Cavaliers,Detroit Pistons,,,False
2026-05-09,2026-05-09T12:37:59.552377+00:00,4433621,Jalen Duren,DET,ra,UNDER,12.5,104,0.49019607843137253,0.5180527119760315,0.6168171399980045,0.027856633544659004,0.05682753243110439,fanduel,FanDuel,2026-05-09T19:10:00Z,Cleveland Cavaliers,Detroit Pistons,,,False
2026-05-09,2026-05-09T12:37:59.552377+00:00,4433621,Jalen Duren,DET,ra,UNDER,13.5,-136,0.576271186440678,0.608910770496142,0.7246329321473322,0.032639584055463966,0.05663927821389342,draftkings,DraftKings,2026-05-09T19:10:00Z,Cleveland Cavaliers,Detroit Pistons,,,False
2026-05-09,2026-05-09T12:37:59.552377+00:00,2990992,Marcus Smart,LAL,ra,OVER,6.5,-145,0.5918367346938775,0.6217881311085104,0.7279794456694815,0.029951396414632847,0.05060753187300032,betmgm,BetMGM,2026-05-10T00:40:00Z,Los Angeles Lakers,Oklahoma City Thunder,,,False
2026-05-09,2026-05-09T12:37:59.552377+00:00,2990992,Marcus Smart,LAL,ra,OVER,7.5,105,0.4878048780487805,0.5119722439752995,0.5976565413511397,0.024167365926519024,0.04954310014936403,bovada,Bovada,2026-05-10T00:40:00Z,Los Angeles Lakers,Oklahoma City Thunder,,,False
2026-05-09,2026-05-09T12:37:59.552377+00:00,4683692,Cason Wallace,OKC,ra,UNDER,4.5,100,0.5,0.5241894028779241,0.6099518312632918,0.02418940287792415,0.0483788057558483,bovada,Bovada,2026-05-10T00:40:00Z,Los Angeles Lakers,Oklahoma City Thunder,,,False
2026-05-09,2026-05-09T12:37:59.552377+00:00,2990992,Marcus Smart,LAL,ra,OVER,7.5,104,0.49019607843137253,0.5138373802737213,0.5976565413511397,0.02364130184234875,0.0482282557583914,draftkings,DraftKings,2026-05-10T00:40:00Z,Los Angeles Lakers,Oklahoma City Thunder,,,False
2026-05-09,2026-05-09T12:37:59.552377+00:00,4065778,Max Strus,CLE,ra,OVER,5.5,-135,0.574468085106383,0.6008832207306652,0.694536883398575,0.026415135624282216,0.04598190275338021,draftkings,DraftKings,2026-05-09T19:10:00Z,Cleveland Cavaliers,Detroit Pistons,,,False
2026-05-09,2026-05-09T12:37:59.552377+00:00,4065778,Max Strus,CLE,ra,OVER,5.5,-135,0.574468085106383,0.6008832207306652,0.694536883398575,0.026415135624282216,0.04598190275338021,bovada,Bovada,2026-05-09T19:10:00Z,Cleveland Cavaliers,Detroit Pistons,,,False
2026-05-09,2026-05-09T12:37:59.552377+00:00,4066648,Rui Hachimura,LAL,ra,OVER,4.5,-160,0.6153846153846154,0.6436312080071218,0.7437782182141898,0.028246592622506395,0.04590071301157295,betmgm,BetMGM,2026-05-10T00:40:00Z,Los Angeles Lakers,Oklahoma City Thunder,,,False
2026-05-09,2026-05-09T12:37:59.552377+00:00,4683692,Cason Wallace,OKC,ra,UNDER,4.5,-102,0.504950495049505,0.528050789016538,0.6099518312632918,0.02310029396703306,0.04574764099353601,fanduel,FanDuel,2026-05-10T00:40:00Z,Los Angeles Lakers,Oklahoma City Thunder,,,False
2026-05-09,2026-05-09T12:37:59.552377+00:00,4683692,Cason Wallace,OKC,ra,UNDER,4.5,-102,0.504950495049505,0.528050789016538,0.6099518312632918,0.02310029396703306,0.04574764099353601,draftkings,DraftKings,2026-05-10T00:40:00Z,Los Angeles Lakers,Oklahoma City Thunder,,,False
2026-05-09,2026-05-09T12:37:59.552377+00:00,4683692,Cason Wallace,OKC,ra,UNDER,5.5,-185,0.6491228070175439,0.6787445387822738,0.783767042311771,0.02962173176472993,0.045633478664584004,bovada,Bovada,2026-05-10T00:40:00Z,Los Angeles Lakers,Oklahoma City Thunder,,,False
2026-05-09,2026-05-09T12:37:59.552377+00:00,6440,Tobias Harris,DET,ra,OVER,8.5,116,0.46296296296296297,0.48407708971305863,0.5589362663724886,0.021114126750095663,0.04560651378020664,fanduel,FanDuel,2026-05-09T19:10:00Z,Cleveland Cavaliers,Detroit Pistons,,,False
2026-05-09,2026-05-09T12:37:59.552377+00:00,4065778,Max Strus,CLE,ra,OVER,5.5,-138,0.5798319327731093,0.6050670219107117,0.694536883398575,0.025235089137602418,0.043521385614125996,fanduel,FanDuel,2026-05-09T19:10:00Z,Cleveland Cavaliers,Detroit Pistons,,,False
2026-05-09,2026-05-09T12:37:59.552377+00:00,4222252,Isaiah Hartenstein,OKC,reb,UNDER,7.5,165,0.37735849056603776,0.4483904028153671,0.8509045722282331,0.07103191224932931,0.18823456746072276,bovada,Bovada,2026-05-10T00:40:00Z,Los Angeles Lakers,Oklahoma City Thunder,,,False
2026-05-09,2026-05-09T12:37:59.552377+00:00,5107199,Daniss Jenkins,DET,reb,OVER,3.5,200,0.3333333333333333,0.38554421863923777,0.681405902039363,0.05221088530590445,0.15663265591771325,bovada,Bovada,2026-05-09T19:10:00Z,Cleveland Cavaliers,Detroit Pistons,,,False
2026-05-09,2026-05-09T12:37:59.552377+00:00,4222252,Isaiah Hartenstein,OKC,reb,UNDER,8.5,100,0.5,0.5644961843084455,0.9299745620563034,0.0644961843084455,0.128992368616891,betmgm,BetMGM,2026-05-10T00:40:00Z,Los Angeles Lakers,Oklahoma City Thunder,,,False
2026-05-09,2026-05-09T12:37:59.552377+00:00,4222252,Isaiah Hartenstein,OKC,reb,UNDER,8.5,100,0.5,0.5644961843084455,0.9299745620563034,0.0644961843084455,0.128992368616891,bovada,Bovada,2026-05-10T00:40:00Z,Los Angeles Lakers,Oklahoma City Thunder,,,False
2026-05-09,2026-05-09T12:37:59.552377+00:00,4222252,Isaiah Hartenstein,OKC,reb,UNDER,8.5,-101,0.5024875621890548,0.5666106121691421,0.9299745620563034,0.06412304998008733,0.12761121827720356,draftkings,DraftKings,2026-05-10T00:40:00Z,Los Angeles Lakers,Oklahoma City Thunder,,,False
2026-05-09,2026-05-09T12:37:59.552377+00:00,4222252,Isaiah Hartenstein,OKC,reb,UNDER,8.5,-102,0.504950495049505,0.5687041051005247,0.9299745620563034,0.06375361005101976,0.12625714931672538,fanduel,FanDuel,2026-05-10T00:40:00Z,Los Angeles Lakers,Oklahoma City Thunder,,,False
2026-05-09,2026-05-09T12:37:59.552377+00:00,4222252,Isaiah Hartenstein,OKC,reb,UNDER,8.5,-103,0.5073891625615764,0.5707769724857854,0.9299745620563034,0.063387809924209,0.12492937295742168,betonlineag,BetOnline.ag,2026-05-10T00:40:00Z,Los Angeles Lakers,Oklahoma City Thunder,,,False
2026-05-09,2026-05-09T12:37:59.552377+00:00,4222252,Isaiah Hartenstein,OKC,reb,UNDER,8.5,-105,0.5121951219512195,0.5748620379669821,0.9299745620563034,0.06266691601576257,0.12234969317363165,williamhill_us,Caesars,2026-05-10T00:40:00Z,Los Angeles Lakers,Oklahoma City Thunder,,,False
2026-05-09,2026-05-09T12:37:59.552377+00:00,4222252,Isaiah Hartenstein,OKC,reb,UNDER,8.5,-106,0.5145631067961165,0.5768748250851445,0.9299745620563034,0.06231171828902804,0.1210963581843375,betrivers,BetRivers,2026-05-10T00:40:00Z,Los Angeles Lakers,Oklahoma City Thunder,,,False
2026-05-09,2026-05-09T12:37:59.552377+00:00,4433621,Jalen Duren,DET,reb,UNDER,9.5,175,0.36363636363636365,0.40334717757496785,0.6283751232270582,0.039710813938604206,0.10920473833116162,bovada,Bovada,2026-05-09T19:10:00Z,Cleveland Cavaliers,Detroit Pistons,,,False
2026-05-09,2026-05-09T12:37:59.552377+00:00,3157465,Duncan Robinson,DET,reb,OVER,2.5,110,0.47619047619047616,0.5277781441833369,0.8201082628095475,0.05158766799286074,0.10833410278500755,betonlineag,BetOnline.ag,2026-05-09T19:10:00Z,Cleveland Cavaliers,Detroit Pistons,,,False
2026-05-09,2026-05-09T12:37:59.552377+00:00,3157465,Duncan Robinson,DET,reb,OVER,2.5,110,0.47619047619047616,0.5277781441833369,0.8201082628095475,0.05158766799286074,0.10833410278500755,bovada,Bovada,2026-05-09T19:10:00Z,Cleveland Cavaliers,Detroit Pistons,,,False
2026-05-09,2026-05-09T12:37:59.552377+00:00,3157465,Duncan Robinson,DET,reb,OVER,2.5,107,0.4830917874396135,0.5336442587451036,0.8201082628095475,0.050552471305490065,0.10464361560236446,draftkings,DraftKings,2026-05-09T19:10:00Z,Cleveland Cavaliers,Detroit Pistons,,,False
2026-05-09,2026-05-09T12:37:59.552377+00:00,4433255,Chet Holmgren,OKC,reb,UNDER,7.5,150,0.4,0.44179458745586814,0.6786305830391208,0.041794587455868115,0.10448646863967037,bovada,Bovada,2026-05-10T00:40:00Z,Los Angeles Lakers,Oklahoma City Thunder,,,False
2026-05-09,2026-05-09T12:37:59.552377+00:00,3913174,Luke Kennard,LAL,reb,OVER,3.5,185,0.3508771929824561,0.3866236515489087,0.5891869167588066,0.03574645856645259,0.10187740691438996,bovada,Bovada,2026-05-10T00:40:00Z,Los Angeles Lakers,Oklahoma City Thunder,,,False
2026-05-09,2026-05-09T12:37:59.552377+00:00,5107199,Daniss Jenkins,DET,reb,OVER,2.5,100,0.5,0.5494516652017518,0.8296777680116791,0.049451665201751815,0.09890333040350363,betmgm,BetMGM,2026-05-09T19:10:00Z,Cleveland Cavaliers,Detroit Pistons,,,False
2026-05-09,2026-05-09T12:37:59.552377+00:00,3157465,Duncan Robinson,DET,reb,OVER,2.5,102,0.49504950495049505,0.543808318629353,0.8201082628095475,0.048758813678857926,0.09849280363129298,fanduel,FanDuel,2026-05-09T19:10:00Z,Cleveland Cavaliers,Detroit Pistons,,,False
2026-05-09,2026-05-09T12:37:59.552377+00:00,3157465,Duncan Robinson,DET,reb,OVER,2.5,100,0.5,0.5480162394214321,0.8201082628095475,0.04801623942143207,0.09603247884286414,betmgm,BetMGM,2026-05-09T19:10:00Z,Cleveland Cavaliers,Detroit Pistons,,,False
2026-05-09,2026-05-09T12:37:59.552377+00:00,5107199,Daniss Jenkins,DET,reb,OVER,2.5,-105,0.5121951219512195,0.5598175188602885,0.8296777680116791,0.047622396909069,0.09297706063199185,betonlineag,BetOnline.ag,2026-05-09T19:10:00Z,Cleveland Cavaliers,Detroit Pistons,,,False
2026-05-09,2026-05-09T12:37:59.552377+00:00,5107199,Daniss Jenkins,DET,reb,OVER,2.5,-108,0.5192307692307693,0.5657978190479057,0.8296777680116791,0.04656704981713644,0.0896846885367073,fanduel,FanDuel,2026-05-09T19:10:00Z,Cleveland Cavaliers,Detroit Pistons,,,False
2026-05-09,2026-05-09T12:37:59.552377+00:00,3157465,Duncan Robinson,DET,reb,OVER,2.5,-107,0.5169082125603864,0.5623882200977606,0.8201082628095475,0.045480007537374134,0.08798468747884525,betrivers,BetRivers,2026-05-09T19:10:00Z,Cleveland Cavaliers,Detroit Pistons,,,False
2026-05-09,2026-05-09T12:37:59.552377+00:00,4278073,Shai Gilgeous-Alexander,OKC,reb,UNDER,3.5,115,0.46511627906976744,0.50599732412062,0.7376565794087852,0.040881045050852605,0.087894246859333,draftkings,DraftKings,2026-05-10T00:40:00Z,Los Angeles Lakers,Oklahoma City Thunder,,,False
2026-05-09,2026-05-09T12:37:59.552377+00:00,4278073,Shai Gilgeous-Alexander,OKC,reb,UNDER,3.5,115,0.46511627906976744,0.50599732412062,0.7376565794087852,0.040881045050852605,0.087894246859333,betonlineag,BetOnline.ag,2026-05-10T00:40:00Z,Los Angeles Lakers,Oklahoma City Thunder,,,False
2026-05-09,2026-05-09T12:37:59.552377+00:00,4278073,Shai Gilgeous-Alexander,OKC,reb,UNDER,3.5,115,0.46511627906976744,0.50599732412062,0.7376565794087852,0.040881045050852605,0.087894246859333,bovada,Bovada,2026-05-10T00:40:00Z,Los Angeles Lakers,Oklahoma City Thunder,,,False
2026-05-09,2026-05-09T12:37:59.552377+00:00,5107199,Daniss Jenkins,DET,reb,OVER,2.5,-110,0.5238095238095238,0.5696897604398471,0.8296777680116791,0.04588023663032326,0.08758954265788987,bovada,Bovada,2026-05-09T19:10:00Z,Cleveland Cavaliers,Detroit Pistons,,,False
2026-05-09,2026-05-09T12:37:59.552377+00:00,4278073,Shai Gilgeous-Alexander,OKC,reb,UNDER,3.5,114,0.4672897196261682,0.5078447485935608,0.7376565794087852,0.04055502896739255,0.08678776199021998,williamhill_us,Caesars,2026-05-10T00:40:00Z,Los Angeles Lakers,Oklahoma City Thunder,,,False
2026-05-09,2026-05-09T12:37:59.552377+00:00,4433621,Jalen Duren,DET,reb,UNDER,10.5,110,0.47619047619047616,0.5172992609881176,0.7502490415080857,0.04110878479764146,0.08632844807504703,bovada,Bovada,2026-05-09T19:10:00Z,Cleveland Cavaliers,Detroit Pistons,,,False
2026-05-09,2026-05-09T12:37:59.552377+00:00,5107199,Daniss Jenkins,DET,reb,OVER,2.5,-112,0.5283018867924528,0.5735082689753368,0.8296777680116791,0.045206382182883975,0.08556922341760187,draftkings,DraftKings,2026-05-09T19:10:00Z,Cleveland Cavaliers,Detroit Pistons,,,False
2026-05-09,2026-05-09T12:37:59.552377+00:00,4433255,Chet Holmgren,OKC,reb,UNDER,8.5,-105,0.5121951219512195,0.5559793021661138,0.8040896567171814,0.043784180214894275,0.08548339946717454,betmgm,BetMGM,2026-05-10T00:40:00Z,Los Angeles Lakers,Oklahoma City Thunder,,,False
2026-05-09,2026-05-09T12:37:59.552377+00:00,4222252,Isaiah Hartenstein,OKC,reb,UNDER,9.5,-165,0.6226415094339622,0.6750438054141045,0.9719901493015772,0.05240229598014223,0.08416126324083445,bovada,Bovada,2026-05-10T00:40:00Z,Los Angeles Lakers,Oklahoma City Thunder,,,False
2026-05-09,2026-05-09T12:37:59.552377+00:00,2990992,Marcus Smart,LAL,reb,OVER,3.5,128,0.43859649122807015,0.47541285177544323,0.684038894877224,0.036816360547373084,0.08394130204801054,fanduel,FanDuel,2026-05-10T00:40:00Z,Los Angeles Lakers,Oklahoma City Thunder,,,False
2026-05-09,2026-05-09T12:37:59.552377+00:00,2990992,Marcus Smart,LAL,reb,OVER,3.5,128,0.43859649122807015,0.47541285177544323,0.684038894877224,0.036816360547373084,0.08394130204801054,betrivers,BetRivers,2026-05-10T00:40:00Z,Los Angeles Lakers,Oklahoma City Thunder,,,False
2026-05-09,2026-05-09T12:37:59.552377+00:00,4433621,Jalen Duren,DET,reb,UNDER,10.5,107,0.4830917874396135,0.5231653755498843,0.7502490415080857,0.040073588110270786,0.08295232738826053,draftkings,DraftKings,2026-05-09T19:10:00Z,Cleveland Cavaliers,Detroit Pistons,,,False
2026-05-09,2026-05-09T12:37:59.552377+00:00,4278073,Shai Gilgeous-Alexander,OKC,reb,UNDER,3.5,110,0.47619047619047616,0.5154103916732226,0.7376565794087852,0.03921991548274639,0.08236182251376745,betmgm,BetMGM,2026-05-10T00:40:00Z,Los Angeles Lakers,Oklahoma City Thunder,,,False
2026-05-09,2026-05-09T12:37:59.552377+00:00,4433621,Jalen Duren,DET,reb,UNDER,11.5,-121,0.5475113122171946,0.5924113236766925,0.8468447219471804,0.044900011459497846,0.08200745894668626,betrivers,BetRivers,2026-05-09T19:10:00Z,Cleveland Cavaliers,Detroit Pistons,,,False
2026-05-09,2026-05-09T12:37:59.552377+00:00,4432158,Evan Mobley,CLE,reb,UNDER,7.5,150,0.4,0.43271272273771866,0.6180848182514577,0.032712722737718636,0.0817818068442967,bovada,Bovada,2026-05-09T19:10:00Z,Cleveland Cavaliers,Detroit Pistons,,,False
2026-05-09,2026-05-09T12:37:59.552377+00:00,4433255,Chet Holmgren,OKC,reb,UNDER,8.5,-109,0.5215311004784688,0.5639148839142757,0.8040896567171814,0.04238378343580684,0.08126798842278549,betrivers,BetRivers,2026-05-10T00:40:00Z,Los Angeles Lakers,Oklahoma City Thunder,,,False
2026-05-09,2026-05-09T12:37:59.552377+00:00,4433255,Chet Holmgren,OKC,reb,UNDER,8.5,-110,0.5238095238095238,0.5658515437456725,0.8040896567171814,0.042042019936148645,0.08026203805992016,bovada,Bovada,2026-05-10T00:40:00Z,Los Angeles Lakers,Oklahoma City Thunder,,,False
2026-05-09,2026-05-09T12:37:59.552377+00:00,2990992,Marcus Smart,LAL,reb,OVER,3.5,124,0.44642857142857145,0.48207011994586935,0.684038894877224,0.035641548517297894,0.07983706867874729,betonlineag,BetOnline.ag,2026-05-10T00:40:00Z,Los Angeles Lakers,Oklahoma City Thunder,,,False
2026-05-09,2026-05-09T12:37:59.552377+00:00,4433621,Jalen Duren,DET,reb,UNDER,10.5,104,0.49019607843137253,0.5292040228928795,0.7502490415080857,0.03900794446150696,0.07957620670147414,fanduel,FanDuel,2026-05-09T19:10:00Z,Cleveland Cavaliers,Detroit Pistons,,,False
2026-05-09,2026-05-09T12:37:59.552377+00:00,4433255,Chet Holmgren,OKC,reb,UNDER,8.5,-111,0.5260663507109005,0.5677698466118426,0.8040896567171814,0.041703495900942134,0.07927421292881787,draftkings,DraftKings,2026-05-10T00:40:00Z,Los Angeles Lakers,Oklahoma City Thunder,,,False
2026-05-09,2026-05-09T12:37:59.552377+00:00,4433255,Chet Holmgren,OKC,reb,UNDER,8.5,-111,0.5260663507109005,0.5677698466118426,0.8040896567171814,0.041703495900942134,0.07927421292881787,betonlineag,BetOnline.ag,2026-05-10T00:40:00Z,Los Angeles Lakers,Oklahoma City Thunder,,,False
2026-05-09,2026-05-09T12:37:59.552377+00:00,4278073,Shai Gilgeous-Alexander,OKC,reb,UNDER,3.5,107,0.4830917874396135,0.5212765062349892,0.7376565794087852,0.038184718795375716,0.07904236790642771,betrivers,BetRivers,2026-05-10T00:40:00Z,Los Angeles Lakers,Oklahoma City Thunder,,,False
2026-05-09,2026-05-09T12:37:59.552377+00:00,2990992,Marcus Smart,LAL,reb,OVER,3.5,123,0.4484304932735426,0.48377175351409485,0.684038894877224,0.03534126024055223,0.07881101033643145,williamhill_us,Caesars,2026-05-10T00:40:00Z,Los Angeles Lakers,Oklahoma City Thunder,,,False
2026-05-09,2026-05-09T12:37:59.552377+00:00,4433255,Chet Holmgren,OKC,reb,UNDER,8.5,-114,0.5327102803738317,0.5734171868253342,0.8040896567171814,0.040706906451502434,0.07641471912825881,fanduel,FanDuel,2026-05-10T00:40:00Z,Los Angeles Lakers,Oklahoma City Thunder,,,False
2026-05-09,2026-05-09T12:37:59.552377+00:00,4433255,Chet Holmgren,OKC,reb,UNDER,8.5,-114,0.5327102803738317,0.5734171868253342,0.8040896567171814,0.040706906451502434,0.07641471912825881,williamhill_us,Caesars,2026-05-10T00:40:00Z,Los Angeles Lakers,Oklahoma City Thunder,,,False
2026-05-09,2026-05-09T12:37:59.552377+00:00,2990992,Marcus Smart,LAL,reb,OVER,3.5,117,0.4608294930875576,0.4943109033560076,0.684038894877224,0.033481410268449974,0.07265466028253642,draftkings,DraftKings,2026-05-10T00:40:00Z,Los Angeles Lakers,Oklahoma City Thunder,,,False
2026-05-09,2026-05-09T12:37:59.552377+00:00,4433621,Jalen Duren,DET,reb,UNDER,10.5,-103,0.5073891625615764,0.5438181444035528,0.7502490415080857,0.036428981841976404,0.07179692537787596,betonlineag,BetOnline.ag,2026-05-09T19:10:00Z,Cleveland Cavaliers,Detroit Pistons,,,False
2026-05-09,2026-05-09T12:37:59.552377+00:00,4433621,Jalen Duren,DET,reb,UNDER,11.5,-135,0.574468085106383,0.6153245806325026,0.8468447219471804,0.040856495526119585,0.07112056628620822,bovada,Bovada,2026-05-09T19:10:00Z,Cleveland Cavaliers,Detroit Pistons,,,False
2026-05-09,2026-05-09T12:37:59.552377+00:00,2990992,Marcus Smart,LAL,reb,OVER,3.5,115,0.46511627906976744,0.4979546714408859,0.684038894877224,0.03283839237111846,0.07060254359790463,bovada,Bovada,2026-05-10T00:40:00Z,Los Angeles Lakers,Oklahoma City Thunder,,,False
2026-05-09,2026-05-09T12:37:59.552377+00:00,4432823,Jaylin Williams,OKC,reb,UNDER,2.5,170,0.37037037037037035,0.39535511956305713,0.5369353649882823,0.024984749192686784,0.06745882282025428,bovada,Bovada,2026-05-10T00:40:00Z,Los Angeles Lakers,Oklahoma City Thunder,,,False
2026-05-09,2026-05-09T12:37:59.552377+00:00,4433621,Jalen Duren,DET,reb,UNDER,10.5,-108,0.5192307692307693,0.5538835100723667,0.7502490415080857,0.03465274084159742,0.06673861199122477,williamhill_us,Caesars,2026-05-09T19:10:00Z,Cleveland Cavaliers,Detroit Pistons,,,False
2026-05-09,2026-05-09T12:37:59.552377+00:00,3913174,Luke Kennard,LAL,reb,OVER,2.5,-115,0.5348837209302325,0.5704277546685458,0.7718439458523207,0.035544033738313274,0.06645188916293343,betonlineag,BetOnline.ag,2026-05-10T00:40:00Z,Los Angeles Lakers,Oklahoma City Thunder,,,False
2026-05-09,2026-05-09T12:37:59.552377+00:00,4432158,Evan Mobley,CLE,reb,UNDER,8.5,-110,0.5238095238095238,0.558456776115874,0.7547912058518583,0.03464725230635013,0.06614475440303214,bovada,Bovada,2026-05-09T19:10:00Z,Cleveland Cavaliers,Detroit Pistons,,,False
2026-05-09,2026-05-09T12:37:59.552377+00:00,2990992,Marcus Smart,LAL,reb,OVER,3.5,110,0.47619047619047616,0.5073677389934883,0.684038894877224,0.03117726280301214,0.06547225188632544,betmgm,BetMGM,2026-05-10T00:40:00Z,Los Angeles Lakers,Oklahoma City Thunder,,,False
2026-05-09,2026-05-09T12:37:59.552377+00:00,4900671,Ajay Mitchell,OKC,reb,UNDER,3.5,-120,0.5454545454545454,0.5797994330324404,0.7744204626405121,0.034344887577895,0.0629656272261408,fanduel,FanDuel,2026-05-10T00:40:00Z,Los Angeles Lakers,Oklahoma City Thunder,,,False
2026-05-09,2026-05-09T12:37:59.552377+00:00,4432158,Evan Mobley,CLE,reb,UNDER,8.5,-115,0.5348837209302325,0.5678698436684764,0.7547912058518583,0.03298612273824386,0.06166970772802105,draftkings,DraftKings,2026-05-09T19:10:00Z,Cleveland Cavaliers,Detroit Pistons,,,False
2026-05-09,2026-05-09T12:37:59.552377+00:00,4278073,Shai Gilgeous-Alexander,OKC,reb,UNDER,4.5,-180,0.6428571428571429,0.6817004629815421,0.9018126103531374,0.03884332012439917,0.06042294241573215,fanduel,FanDuel,2026-05-10T00:40:00Z,Los Angeles Lakers,Oklahoma City Thunder,,,False
2026-05-09,2026-05-09T12:37:59.552377+00:00,4278073,Shai Gilgeous-Alexander,OKC,reb,UNDER,4.5,-180,0.6428571428571429,0.6817004629815421,0.9018126103531374,0.03884332012439917,0.06042294241573215,bovada,Bovada,2026-05-10T00:40:00Z,Los Angeles Lakers,Oklahoma City Thunder,,,False
2026-05-09,2026-05-09T12:37:59.552377+00:00,4433621,Jalen Duren,DET,reb,UNDER,10.5,-115,0.5348837209302325,0.5671885190169105,0.7502490415080857,0.032304798086677966,0.060395926857702176,betmgm,BetMGM,2026-05-09T19:10:00Z,Cleveland Cavaliers,Detroit Pistons,,,False
2026-05-09,2026-05-09T12:37:59.552377+00:00,3908809,Donovan Mitchell,CLE,reb,OVER,4.5,140,0.4166666666666667,0.4417662475363526,0.5839972057979059,0.02509958086968589,0.0602389940872462,bovada,Bovada,2026-05-09T19:10:00Z,Cleveland Cavaliers,Detroit Pistons,,,False
2026-05-09,2026-05-09T12:37:59.552377+00:00,3913174,Luke Kennard,LAL,reb,OVER,2.5,-123,0.5515695067264574,0.5846106725953369,0.7718439458523207,0.03304116586887951,0.05990390234764337,draftkings,DraftKings,2026-05-10T00:40:00Z,Los Angeles Lakers,Oklahoma City Thunder,,,False
2026-05-09,2026-05-09T12:37:59.552377+00:00,4900671,Ajay Mitchell,OKC,reb,UNDER,3.5,-124,0.5535714285714286,0.5866987836817912,0.7744204626405121,0.03312735511036258,0.059842964070332405,betrivers,BetRivers,2026-05-10T00:40:00Z,Los Angeles Lakers,Oklahoma City Thunder,,,False
2026-05-09,2026-05-09T12:37:59.552377+00:00,4432823,Jaylin Williams,OKC,reb,UNDER,3.5,-121,0.5475113122171946,0.5799820899613571,0.7639831638449446,0.032470777744162516,0.05930613125173495,draftkings,DraftKings,2026-05-10T00:40:00Z,Los Angeles Lakers,Oklahoma City Thunder,,,False
2026-05-09,2026-05-09T12:37:59.552377+00:00,4900671,Ajay Mitchell,OKC,reb,UNDER,3.5,-125,0.5555555555555556,0.5883852916182991,0.7744204626405121,0.03282973606274353,0.0590935249129384,betmgm,BetMGM,2026-05-10T00:40:00Z,Los Angeles Lakers,Oklahoma City Thunder,,,False
2026-05-09,2026-05-09T12:37:59.552377+00:00,4433255,Chet Holmgren,OKC,reb,UNDER,9.5,-180,0.6428571428571429,0.6805473137355443,0.8941249487131524,0.03769017087840143,0.058629154699735675,bovada,Bovada,2026-05-10T00:40:00Z,Los Angeles Lakers,Oklahoma City Thunder,,,False
2026-05-09,2026-05-09T12:37:59.552377+00:00,3913174,Luke Kennard,LAL,reb,OVER,2.5,-125,0.5555555555555556,0.5879988141000704,0.7718439458523207,0.0324432585445148,0.0583978653801267,bovada,Bovada,2026-05-10T00:40:00Z,Los Angeles Lakers,Oklahoma City Thunder,,,False
2026-05-09,2026-05-09T12:37:59.552377+00:00,4900671,Ajay Mitchell,OKC,reb,UNDER,3.5,-129,0.5633187772925764,0.5949840300947667,0.7744204626405121,0.03166525280219035,0.05621196040078752,williamhill_us,Caesars,2026-05-10T00:40:00Z,Los Angeles Lakers,Oklahoma City Thunder,,,False
2026-05-09,2026-05-09T12:37:59.552377+00:00,4432158,Evan Mobley,CLE,reb,UNDER,8.5,-122,0.5495495495495496,0.5803357979948959,0.7547912058518583,0.030786248445346276,0.05602087831858105,williamhill_us,Caesars,2026-05-09T19:10:00Z,Cleveland Cavaliers,Detroit Pistons,,,False
2026-05-09,2026-05-09T12:37:59.552377+00:00,3913174,Luke Kennard,LAL,reb,OVER,2.5,-130,0.5652173913043478,0.5962113744865437,0.7718439458523207,0.030993983182195928,0.054835508706961966,betrivers,BetRivers,2026-05-10T00:40:00Z,Los Angeles Lakers,Oklahoma City Thunder,,,False
2026-05-09,2026-05-09T12:37:59.552377+00:00,4900671,Ajay Mitchell,OKC,reb,UNDER,2.5,155,0.39215686274509803,0.41351413661261693,0.5345386885285575,0.0213572738675189,0.05446104836217325,bovada,Bovada,2026-05-10T00:40:00Z,Los Angeles Lakers,Oklahoma City Thunder,,,False
2026-05-09,2026-05-09T12:37:59.552377+00:00,6440,Tobias Harris,DET,reb,OVER,7.5,200,0.3333333333333333,0.35141154880773645,0.45385476982935424,0.018078215474403136,0.05423464642320941,bovada,Bovada,2026-05-09T19:10:00Z,Cleveland Cavaliers,Detroit Pistons,,,False
2026-05-09,2026-05-09T12:37:59.552377+00:00,4900671,Ajay Mitchell,OKC,reb,UNDER,3.5,-132,0.5689655172413793,0.5997837590512493,0.7744204626405121,0.030818241809869917,0.05416539469613507,betonlineag,BetOnline.ag,2026-05-10T00:40:00Z,Los Angeles Lakers,Oklahoma City Thunder,,,False
2026-05-09,2026-05-09T12:37:59.552377+00:00,4432158,Evan Mobley,CLE,reb,UNDER,8.5,-125,0.5555555555555556,0.585440903100001,0.7547912058518583,0.029885347544445384,0.05379362558000178,betonlineag,BetOnline.ag,2026-05-09T19:10:00Z,Cleveland Cavaliers,Detroit Pistons,,,False
2026-05-09,2026-05-09T12:37:59.552377+00:00,4432823,Jaylin Williams,OKC,reb,UNDER,3.5,-130,0.5652173913043478,0.5950322571854373,0.7639831638449446,0.029814865881089503,0.05274937809731217,bovada,Bovada,2026-05-10T00:40:00Z,Los Angeles Lakers,Oklahoma City Thunder,,,False
2026-05-09,2026-05-09T12:37:59.552377+00:00,4432823,Jaylin Williams,OKC,reb,UNDER,3.5,-130,0.5652173913043478,0.5950322571854373,0.7639831638449446,0.029814865881089503,0.05274937809731217,williamhill_us,Caesars,2026-05-10T00:40:00Z,Los Angeles Lakers,Oklahoma City Thunder,,,False
2026-05-09,2026-05-09T12:37:59.552377+00:00,4222252,Isaiah Hartenstein,OKC,reb,UNDER,10.5,-275,0.7333333333333333,0.7718333333333333,0.9905160962582378,0.03849999999999998,0.052499999999999936,bovada,Bovada,2026-05-10T00:40:00Z,Los Angeles Lakers,Oklahoma City Thunder,,,False
2026-05-09,2026-05-09T12:37:59.552377+00:00,4432158,Evan Mobley,CLE,reb,UNDER,8.5,-128,0.5614035087719298,0.590411663333919,0.7547912058518583,0.02900815456198924,0.051670775313543305,fanduel,FanDuel,2026-05-09T19:10:00Z,Cleveland Cavaliers,Detroit Pistons,,,False
2026-05-09,2026-05-09T12:37:59.552377+00:00,4433621,Jalen Duren,DET,reb,UNDER,12.5,-215,0.6825396825396826,0.7173739433945183,0.9147680882385876,0.034834260854835764,0.05103624264778267,bovada,Bovada,2026-05-09T19:10:00Z,Cleveland Cavaliers,Detroit Pistons,,,False
2026-05-09,2026-05-09T12:37:59.552377+00:00,4432158,Evan Mobley,CLE,reb,UNDER,8.5,-129,0.5633187772925764,0.5920396415764687,0.7547912058518583,0.02872086428389231,0.050985100162878605,betrivers,BetRivers,2026-05-09T19:10:00Z,Cleveland Cavaliers,Detroit Pistons,,,False
2026-05-09,2026-05-09T12:37:59.552377+00:00,4432823,Jaylin Williams,OKC,reb,UNDER,3.5,-133,0.5708154506437768,0.599790607623952,0.7639831638449446,0.028975156980175165,0.05076098929609629,betonlineag,BetOnline.ag,2026-05-10T00:40:00Z,Los Angeles Lakers,Oklahoma City Thunder,,,False
2026-05-09,2026-05-09T12:37:59.552377+00:00,4432158,Evan Mobley,CLE,reb,UNDER,9.5,-180,0.6428571428571429,0.6753789661165515,0.8596692979198669,0.032521823259408555,0.05058950284796898,bovada,Bovada,2026-05-09T19:10:00Z,Cleveland Cavaliers,Detroit Pistons,,,False
2026-05-09,2026-05-09T12:37:59.552377+00:00,3913174,Luke Kennard,LAL,reb,OVER,2.5,-140,0.5833333333333334,0.6116099252111815,0.7718439458523207,0.028276591877848145,0.0484741575048826,betmgm,BetMGM,2026-05-10T00:40:00Z,Los Angeles Lakers,Oklahoma City Thunder,,,False
2026-05-09,2026-05-09T12:37:59.552377+00:00,4900671,Ajay Mitchell,OKC,reb,UNDER,3.5,-143,0.588477366255144,0.6163688307129492,0.7744204626405121,0.027891464457805215,0.047395985057668955,draftkings,DraftKings,2026-05-10T00:40:00Z,Los Angeles Lakers,Oklahoma City Thunder,,,False
2026-05-09,2026-05-09T12:37:59.552377+00:00,4432158,Evan Mobley,CLE,reb,UNDER,8.5,-135,0.574468085106383,0.6015165532182043,0.7547912058518583,0.027048468111821267,0.04708437041687413,betmgm,BetMGM,2026-05-09T19:10:00Z,Cleveland Cavaliers,Detroit Pistons,,,False
2026-05-09,2026-05-09T12:37:59.552377+00:00,4900671,Ajay Mitchell,OKC,reb,UNDER,3.5,-145,0.5918367346938775,0.6192242938858727,0.7744204626405121,0.027387559191995203,0.04627553104854365,bovada,Bovada,2026-05-10T00:40:00Z,Los Angeles Lakers,Oklahoma City Thunder,,,False
2026-05-09,2026-05-09T12:37:59.552377+00:00,6440,Tobias Harris,DET,reb,OVER,6.5,117,0.4608294930875576,0.4815651134194715,0.5990669619669835,0.020735620331913895,0.04499629612025313,draftkings,DraftKings,2026-05-09T19:10:00Z,Cleveland Cavaliers,Detroit Pistons,,,False
2026-05-09,2026-05-09T12:37:59.552377+00:00,4066328,Jarrett Allen,CLE,reb,UNDER,7.5,-115,0.5348837209302325,0.5584940073040022,0.6922856300886974,0.023610286373769718,0.0441409701770476,betmgm,BetMGM,2026-05-09T19:10:00Z,Cleveland Cavaliers,Detroit Pistons,,,False
2026-05-09,2026-05-09T12:37:59.552377+00:00,3157465,Duncan Robinson,DET,reb,OVER,1.5,-250,0.7142857142857143,0.7456822387650227,0.9235958774811039,0.03139652447930841,0.043955134271031815,bovada,Bovada,2026-05-09T19:10:00Z,Cleveland Cavaliers,Detroit Pistons,,,False
2026-05-09,2026-05-09T12:37:59.552377+00:00,4432823,Jaylin Williams,OKC,reb,UNDER,3.5,-145,0.5918367346938775,0.6176586990665376,0.7639831638449446,0.025821964372660045,0.04363021566414976,betmgm,BetMGM,2026-05-10T00:40:00Z,Los Angeles Lakers,Oklahoma City Thunder,,,False
2026-05-09,2026-05-09T12:37:59.552377+00:00,4066457,Austin Reaves,LAL,stl,UNDER,0.5,157,0.38910505836575876,0.7550735094066179,0.7550735094066179,0.3659684510408591,0.940538919175008,draftkings,DraftKings,2026-05-10T00:40:00Z,Los Angeles Lakers,Oklahoma City Thunder,,,False
2026-05-09,2026-05-09T12:37:59.552377+00:00,4066457,Austin Reaves,LAL,stl,UNDER,0.5,155,0.39215686274509803,0.7550735094066179,0.7550735094066179,0.36291664666151985,0.9254374489868757,bovada,Bovada,2026-05-10T00:40:00Z,Los Angeles Lakers,Oklahoma City Thunder,,,False
2026-05-09,2026-05-09T12:37:59.552377+00:00,4066457,Austin Reaves,LAL,stl,UNDER,0.5,140,0.4166666666666667,0.7550735094066179,0.7550735094066179,0.3384068427399512,0.8121764225758827,fanduel,FanDuel,2026-05-10T00:40:00Z,Los Angeles Lakers,Oklahoma City Thunder,,,False
2026-05-09,2026-05-09T12:37:59.552377+00:00,4683692,Cason Wallace,OKC,stl,UNDER,1.5,-125,0.5555555555555556,0.9464510326373731,0.9464510326373731,0.3908954770818175,0.7036118587472716,bovada,Bovada,2026-05-10T00:40:00Z,Los Angeles Lakers,Oklahoma City Thunder,,,False
2026-05-09,2026-05-09T12:37:59.552377+00:00,4683692,Cason Wallace,OKC,stl,UNDER,1.5,-127,0.5594713656387665,0.9464510326373731,0.9464510326373731,0.38697966699860653,0.6916880662101078,draftkings,DraftKings,2026-05-10T00:40:00Z,Los Angeles Lakers,Oklahoma City Thunder,,,False
2026-05-09,2026-05-09T12:37:59.552377+00:00,4683692,Cason Wallace,OKC,stl,UNDER,1.5,-132,0.5689655172413793,0.9464510326373731,0.9464510326373731,0.37748551539599373,0.663459390695989,fanduel,FanDuel,2026-05-10T00:40:00Z,Los Angeles Lakers,Oklahoma City Thunder,,,False
2026-05-09,2026-05-09T12:37:59.552377+00:00,4684742,Ausar Thompson,DET,stl,UNDER,1.5,140,0.4166666666666667,0.5696253457737577,0.5696253457737577,0.152958679107091,0.3671008298570184,fanduel,FanDuel,2026-05-09T19:10:00Z,Cleveland Cavaliers,Detroit Pistons,,,False
2026-05-09,2026-05-09T12:37:59.552377+00:00,4278073,Shai Gilgeous-Alexander,OKC,stl,UNDER,1.5,-170,0.6296296296296297,0.8438668039158985,0.8438668039158985,0.21423717428626887,0.3402590415134859,bovada,Bovada,2026-05-10T00:40:00Z,Los Angeles Lakers,Oklahoma City Thunder,,,False
2026-05-09,2026-05-09T12:37:59.552377+00:00,4278073,Shai Gilgeous-Alexander,OKC,stl,UNDER,1.5,-174,0.635036496350365,0.8438668039158985,0.8438668039158985,0.20883030756553356,0.3288477257066448,draftkings,DraftKings,2026-05-10T00:40:00Z,Los Angeles Lakers,Oklahoma City Thunder,,,False
2026-05-09,2026-05-09T12:37:59.552377+00:00,4684742,Ausar Thompson,DET,stl,UNDER,1.5,130,0.43478260869565216,0.5696253457737577,0.5696253457737577,0.1348427370781055,0.31013829527964265,draftkings,DraftKings,2026-05-09T19:10:00Z,Cleveland Cavaliers,Detroit Pistons,,,False
2026-05-09,2026-05-09T12:37:59.552377+00:00,4684742,Ausar Thompson,DET,stl,UNDER,1.5,130,0.43478260869565216,0.5696253457737577,0.5696253457737577,0.1348427370781055,0.31013829527964265,bovada,Bovada,2026-05-09T19:10:00Z,Cleveland Cavaliers,Detroit Pistons,,,False
2026-05-09,2026-05-09T12:37:59.552377+00:00,4278073,Shai Gilgeous-Alexander,OKC,stl,UNDER,1.5,-186,0.6503496503496503,0.8438668039158985,0.8438668039158985,0.1935171535662482,0.29755863397820953,fanduel,FanDuel,2026-05-10T00:40:00Z,Los Angeles Lakers,Oklahoma City Thunder,,,False
2026-05-09,2026-05-09T12:37:59.552377+00:00,4433255,Chet Holmgren,OKC,stl,UNDER,1.5,-230,0.696969696969697,0.864105425069194,0.864105425069194,0.16713572809949695,0.23980343596884351,bovada,Bovada,2026-05-10T00:40:00Z,Los Angeles Lakers,Oklahoma City Thunder,,,False
2026-05-09,2026-05-09T12:37:59.552377+00:00,3908809,Donovan Mitchell,CLE,stl,UNDER,1.5,-200,0.6666666666666666,0.8258131879885635,0.8258131879885635,0.15914652132189688,0.23871978198284527,fanduel,FanDuel,2026-05-09T19:10:00Z,Cleveland Cavaliers,Detroit Pistons,,,False
2026-05-09,2026-05-09T12:37:59.552377+00:00,4433255,Chet Holmgren,OKC,stl,UNDER,1.5,-234,0.7005988023952096,0.864105425069194,0.864105425069194,0.16350662267398441,0.23338124774833668,draftkings,DraftKings,2026-05-10T00:40:00Z,Los Angeles Lakers,Oklahoma City Thunder,,,False
2026-05-09,2026-05-09T12:37:59.552377+00:00,3913174,Luke Kennard,LAL,stl,OVER,0.5,-110,0.5238095238095238,0.6401122398459314,0.6401122398459314,0.11630271603640752,0.2220324578876871,bovada,Bovada,2026-05-10T00:40:00Z,Los Angeles Lakers,Oklahoma City Thunder,,,False
2026-05-09,2026-05-09T12:37:59.552377+00:00,4433255,Chet Holmgren,OKC,stl,UNDER,1.5,-245,0.7101449275362319,0.864105425069194,0.864105425069194,0.15396049753296204,0.2168015169341711,fanduel,FanDuel,2026-05-10T00:40:00Z,Los Angeles Lakers,Oklahoma City Thunder,,,False
2026-05-09,2026-05-09T12:37:59.552377+00:00,5107199,Daniss Jenkins,DET,stl,UNDER,1.5,-270,0.7297297297297297,0.8847980543069821,0.8847980543069821,0.1550683245772524,0.21250103738364212,fanduel,FanDuel,2026-05-09T19:10:00Z,Cleveland Cavaliers,Detroit Pistons,,,False
2026-05-09,2026-05-09T12:37:59.552377+00:00,3908809,Donovan Mitchell,CLE,stl,UNDER,1.5,-214,0.6815286624203821,0.8258131879885635,0.8258131879885635,0.1442845255681814,0.21170720106733149,draftkings,DraftKings,2026-05-09T19:10:00Z,Cleveland Cavaliers,Detroit Pistons,,,False
2026-05-09,2026-05-09T12:37:59.552377+00:00,3908809,Donovan Mitchell,CLE,stl,UNDER,1.5,-215,0.6825396825396826,0.8258131879885635,0.8258131879885635,0.14327350544888096,0.20991234519254653,bovada,Bovada,2026-05-09T19:10:00Z,Cleveland Cavaliers,Detroit Pistons,,,False
2026-05-09,2026-05-09T12:37:59.552377+00:00,3913174,Luke Kennard,LAL,stl,OVER,0.5,-115,0.5348837209302325,0.6401122398459314,0.6401122398459314,0.10522851891569884,0.19673157884239334,draftkings,DraftKings,2026-05-10T00:40:00Z,Los Angeles Lakers,Oklahoma City Thunder,,,False
2026-05-09,2026-05-09T12:37:59.552377+00:00,4432166,Cade Cunningham,DET,stl,UNDER,1.5,-186,0.6503496503496503,0.7760217233681271,0.7760217233681271,0.12567207301847683,0.1932377036735718,fanduel,FanDuel,2026-05-09T19:10:00Z,Cleveland Cavaliers,Detroit Pistons,,,False
2026-05-09,2026-05-09T12:37:59.552377+00:00,4066648,Rui Hachimura,LAL,stl,OVER,0.5,-135,0.574468085106383,0.6804538733130346,0.6804538733130346,0.10598578820665161,0.184493779470838,bovada,Bovada,2026-05-10T00:40:00Z,Los Angeles Lakers,Oklahoma City Thunder,,,False
2026-05-09,2026-05-09T12:37:59.552377+00:00,4432166,Cade Cunningham,DET,stl,UNDER,1.5,-190,0.6551724137931034,0.7760217233681271,0.7760217233681271,0.12084930957502371,0.18445420935135193,bovada,Bovada,2026-05-09T19:10:00Z,Cleveland Cavaliers,Detroit Pistons,,,False
2026-05-09,2026-05-09T12:37:59.552377+00:00,2990992,Marcus Smart,LAL,stl,OVER,1.5,108,0.4807692307692308,0.5683508418700784,0.5683508418700784,0.08758161110084767,0.1821697510897632,fanduel,FanDuel,2026-05-10T00:40:00Z,Los Angeles Lakers,Oklahoma City Thunder,,,False
2026-05-09,2026-05-09T12:37:59.552377+00:00,4432166,Cade Cunningham,DET,stl,UNDER,1.5,-193,0.658703071672355,0.7760217233681271,0.7760217233681271,0.11731865169577216,0.17810551785938467,draftkings,DraftKings,2026-05-09T19:10:00Z,Cleveland Cavaliers,Detroit Pistons,,,False
2026-05-09,2026-05-09T12:37:59.552377+00:00,4684742,Ausar Thompson,DET,stl,UNDER,2.5,-260,0.7222222222222222,0.8497412866793436,0.8497412866793436,0.12751906445712136,0.1765648584790911,bovada,Bovada,2026-05-09T19:10:00Z,Cleveland Cavaliers,Detroit Pistons,,,False
2026-05-09,2026-05-09T12:37:59.552377+00:00,2990992,Marcus Smart,LAL,stl,OVER,1.5,105,0.4878048780487805,0.5683508418700784,0.5683508418700784,0.08054596382129797,0.1651192258336609,bovada,Bovada,2026-05-10T00:40:00Z,Los Angeles Lakers,Oklahoma City Thunder,,,False
2026-05-09,2026-05-09T12:37:59.552377+00:00,4066648,Rui Hachimura,LAL,stl,OVER,0.5,-141,0.5850622406639004,0.6804538733130346,0.6804538733130346,0.0953916326491342,0.1630452728258252,draftkings,DraftKings,2026-05-10T00:40:00Z,Los Angeles Lakers,Oklahoma City Thunder,,,False
2026-05-09,2026-05-09T12:37:59.552377+00:00,2990992,Marcus Smart,LAL,stl,OVER,1.5,104,0.49019607843137253,0.5683508418700784,0.5683508418700784,0.07815476343870592,0.1594357174149601,draftkings,DraftKings,2026-05-10T00:40:00Z,Los Angeles Lakers,Oklahoma City Thunder,,,False
2026-05-09,2026-05-09T12:37:59.552377+00:00,4222252,Isaiah Hartenstein,OKC,stl,UNDER,0.5,131,0.4329004329004329,0.47105934324813004,0.47105934324813004,0.03815891034769714,0.08814708290318041,draftkings,DraftKings,2026-05-10T00:40:00Z,Los Angeles Lakers,Oklahoma City Thunder,,,False
2026-05-09,2026-05-09T12:37:59.552377+00:00,4222252,Isaiah Hartenstein,OKC,stl,UNDER,0.5,130,0.43478260869565216,0.47105934324813004,0.47105934324813004,0.036276734552477874,0.08343648947069915,bovada,Bovada,2026-05-10T00:40:00Z,Los Angeles Lakers,Oklahoma City Thunder,,,False
2026-05-09,2026-05-09T12:37:59.552377+00:00,1966,LeBron James,LAL,stl,OVER,1.5,181,0.35587188612099646,0.3797063507355829,0.3797063507355829,0.023834464614586437,0.06697484556698796,draftkings,DraftKings,2026-05-10T00:40:00Z,Los Angeles Lakers,Oklahoma City Thunder,,,False
2026-05-09,2026-05-09T12:37:59.552377+00:00,3912848,Dean Wade,CLE,stl,UNDER,0.5,150,0.4,0.4256961121758508,0.4256961121758508,0.02569611217585077,0.06424028043962704,draftkings,DraftKings,2026-05-09T19:10:00Z,Cleveland Cavaliers,Detroit Pistons,,,False
2026-05-09,2026-05-09T12:37:59.552377+00:00,3912848,Dean Wade,CLE,stl,UNDER,0.5,150,0.4,0.4256961121758508,0.4256961121758508,0.02569611217585077,0.06424028043962704,bovada,Bovada,2026-05-09T19:10:00Z,Cleveland Cavaliers,Detroit Pistons,,,False
2026-05-09,2026-05-09T12:37:59.552377+00:00,1966,LeBron James,LAL,stl,OVER,1.5,180,0.35714285714285715,0.3797063507355829,0.3797063507355829,0.022563493592725747,0.06317778205963209,bovada,Bovada,2026-05-10T00:40:00Z,Los Angeles Lakers,Oklahoma City Thunder,,,False
2026-05-09,2026-05-09T12:37:59.552377+00:00,1966,LeBron James,LAL,stl,OVER,1.5,178,0.3597122302158273,0.3797063507355829,0.3797063507355829,0.019994120519755576,0.055583655044920466,fanduel,FanDuel,2026-05-10T00:40:00Z,Los Angeles Lakers,Oklahoma City Thunder,,,False
2026-05-09,2026-05-09T12:37:59.552377+00:00,4278129,Deandre Ayton,LAL,stl,UNDER,0.5,-143,0.588477366255144,0.6210814583768043,0.6210814583768043,0.032604092121660266,0.05540415654240166,draftkings,DraftKings,2026-05-10T00:40:00Z,Los Angeles Lakers,Oklahoma City Thunder,,,False
2026-05-09,2026-05-09T12:37:59.552377+00:00,3157465,Duncan Robinson,DET,stl,OVER,0.5,-185,0.6491228070175439,0.6842306637460718,0.6842306637460718,0.0351078567285279,0.054085076581786296,bovada,Bovada,2026-05-09T19:10:00Z,Cleveland Cavaliers,Detroit Pistons,,,False
2026-05-09,2026-05-09T12:37:59.552377+00:00,3157465,Duncan Robinson,DET,stl,OVER,0.5,-187,0.6515679442508711,0.6842306637460718,0.6842306637460718,0.03266271949520072,0.05012941441242036,draftkings,DraftKings,2026-05-09T19:10:00Z,Cleveland Cavaliers,Detroit Pistons,,,False
2026-05-09,2026-05-09T12:37:59.552377+00:00,4278129,Deandre Ayton,LAL,stl,UNDER,0.5,-145,0.5918367346938775,0.6210814583768043,0.6210814583768043,0.029244723682926743,0.04941349863666933,bovada,Bovada,2026-05-10T00:40:00Z,Los Angeles Lakers,Oklahoma City Thunder,,,False
2026-05-09,2026-05-09T12:37:59.552377+00:00,3992,James Harden,CLE,stl,UNDER,1.5,-220,0.6875,0.715343458390721,0.715343458390721,0.027843458390721,0.04049957584104874,fanduel,FanDuel,2026-05-09T19:10:00Z,Cleveland Cavaliers,Detroit Pistons,,,False
2026-05-09,2026-05-09T12:37:59.552377+00:00,3992,James Harden,CLE,stl,UNDER,1.5,-220,0.6875,0.715343458390721,0.715343458390721,0.027843458390721,0.04049957584104874,draftkings,DraftKings,2026-05-09T19:10:00Z,Cleveland Cavaliers,Detroit Pistons,,,False
2026-05-09,2026-05-09T12:37:59.552377+00:00,3992,James Harden,CLE,stl,UNDER,1.5,-220,0.6875,0.715343458390721,0.715343458390721,0.027843458390721,0.04049957584104874,bovada,Bovada,2026-05-09T19:10:00Z,Cleveland Cavaliers,Detroit Pistons,,,False
2026-05-09,2026-05-09T12:37:59.552377+00:00,4432158,Evan Mobley,CLE,stl,UNDER,0.5,152,0.3968253968253968,0.40681486924258625,0.40681486924258625,0.009989472417189449,0.02517347049131735,draftkings,DraftKings,2026-05-09T19:10:00Z,Cleveland Cavaliers,Detroit Pistons,,,False
2026-05-09,2026-05-09T12:37:59.552377+00:00,4432158,Evan Mobley,CLE,stl,UNDER,0.5,150,0.4,0.40681486924258625,0.40681486924258625,0.00681486924258623,0.017037173106465686,bovada,Bovada,2026-05-09T19:10:00Z,Cleveland Cavaliers,Detroit Pistons,,,False
2026-05-09,2026-05-09T12:37:59.552377+00:00,4433621,Jalen Duren,DET,stl,UNDER,0.5,-105,0.5121951219512195,0.5171783880028782,0.5171783880028782,0.0049832660516586635,0.009729233719905028,draftkings,DraftKings,2026-05-09T19:10:00Z,Cleveland Cavaliers,Detroit Pistons,,,False
2026-05-09,2026-05-09T12:37:59.552377+00:00,4433621,Jalen Duren,DET,stl,UNDER,0.5,-105,0.5121951219512195,0.5171783880028782,0.5171783880028782,0.0049832660516586635,0.009729233719905028,bovada,Bovada,2026-05-09T19:10:00Z,Cleveland Cavaliers,Detroit Pistons,,,False
2026-05-09,2026-05-09T12:37:59.552377+00:00,4397020,Luguentz Dort,OKC,stl,UNDER,0.5,121,0.45248868778280543,0.4526312744306418,0.4526312744306418,0.00014258664783634023,0.0003151164917183369,draftkings,DraftKings,2026-05-10T00:40:00Z,Los Angeles Lakers,Oklahoma City Thunder,,,False
2026-05-09,2026-05-09T12:37:59.552377+00:00,4066457,Austin Reaves,LAL,threes,UNDER,1.5,165,0.37735849056603776,0.6325465175646054,0.6325465175646054,0.2551880269985677,0.6762482715462044,bovada,Bovada,2026-05-10T00:40:00Z,Los Angeles Lakers,Oklahoma City Thunder,,,False
2026-05-09,2026-05-09T12:37:59.552377+00:00,4066457,Austin Reaves,LAL,threes,UNDER,1.5,148,0.4032258064516129,0.6325465175646054,0.6325465175646054,0.22932071111299257,0.5687153635602215,fanduel,FanDuel,2026-05-10T00:40:00Z,Los Angeles Lakers,Oklahoma City Thunder,,,False
2026-05-09,2026-05-09T12:37:59.552377+00:00,4066457,Austin Reaves,LAL,threes,UNDER,1.5,140,0.4166666666666667,0.6325465175646054,0.6325465175646054,0.21587985089793876,0.518111642155053,betmgm,BetMGM,2026-05-10T00:40:00Z,Los Angeles Lakers,Oklahoma City Thunder,,,False
2026-05-09,2026-05-09T12:37:59.552377+00:00,4066457,Austin Reaves,LAL,threes,UNDER,1.5,135,0.425531914893617,0.6325465175646054,0.6325465175646054,0.20701460267098842,0.48648431627682287,betrivers,BetRivers,2026-05-10T00:40:00Z,Los Angeles Lakers,Oklahoma City Thunder,,,False
2026-05-09,2026-05-09T12:37:59.552377+00:00,6440,Tobias Harris,DET,threes,OVER,1.5,116,0.46296296296296297,0.6641744060227033,0.6641744060227033,0.2012114430597403,0.43461671700903903,fanduel,FanDuel,2026-05-09T19:10:00Z,Cleveland Cavaliers,Detroit Pistons,,,False
2026-05-09,2026-05-09T12:37:59.552377+00:00,6440,Tobias Harris,DET,threes,OVER,1.5,112,0.4716981132075472,0.6641744060227033,0.6641744060227033,0.1924762928151561,0.40804974076813105,betonlineag,BetOnline.ag,2026-05-09T19:10:00Z,Cleveland Cavaliers,Detroit Pistons,,,False
2026-05-09,2026-05-09T12:37:59.552377+00:00,4066457,Austin Reaves,LAL,threes,UNDER,2.5,-179,0.6415770609318996,0.9005043697189798,0.9005043697189798,0.25892730878708026,0.4035794366010914,draftkings,DraftKings,2026-05-10T00:40:00Z,Los Angeles Lakers,Oklahoma City Thunder,,,False
2026-05-09,2026-05-09T12:37:59.552377+00:00,4066457,Austin Reaves,LAL,threes,UNDER,2.5,-180,0.6428571428571429,0.9005043697189798,0.9005043697189798,0.25764722686183694,0.40078457511841314,bovada,Bovada,2026-05-10T00:40:00Z,Los Angeles Lakers,Oklahoma City Thunder,,,False
2026-05-09,2026-05-09T12:37:59.552377+00:00,6440,Tobias Harris,DET,threes,OVER,1.5,110,0.47619047619047616,0.6641744060227033,0.6641744060227033,0.18798392983222711,0.39476625264767695,williamhill_us,Caesars,2026-05-09T19:10:00Z,Cleveland Cavaliers,Detroit Pistons,,,False
2026-05-09,2026-05-09T12:37:59.552377+00:00,6440,Tobias Harris,DET,threes,OVER,1.5,110,0.47619047619047616,0.6641744060227033,0.6641744060227033,0.18798392983222711,0.39476625264767695,betrivers,BetRivers,2026-05-09T19:10:00Z,Cleveland Cavaliers,Detroit Pistons,,,False
2026-05-09,2026-05-09T12:37:59.552377+00:00,6440,Tobias Harris,DET,threes,OVER,1.5,110,0.47619047619047616,0.6641744060227033,0.6641744060227033,0.18798392983222711,0.39476625264767695,bovada,Bovada,2026-05-09T19:10:00Z,Cleveland Cavaliers,Detroit Pistons,,,False
2026-05-09,2026-05-09T12:37:59.552377+00:00,4900671,Ajay Mitchell,OKC,threes,UNDER,1.5,-160,0.6153846153846154,0.8549405065669495,0.8549405065669495,0.2395558911823341,0.38927832317129296,betmgm,BetMGM,2026-05-10T00:40:00Z,Los Angeles Lakers,Oklahoma City Thunder,,,False
2026-05-09,2026-05-09T12:37:59.552377+00:00,6440,Tobias Harris,DET,threes,OVER,1.5,109,0.4784688995215311,0.6641744060227033,0.6641744060227033,0.18570550650117218,0.38812450858744996,draftkings,DraftKings,2026-05-09T19:10:00Z,Cleveland Cavaliers,Detroit Pistons,,,False
2026-05-09,2026-05-09T12:37:59.552377+00:00,4066457,Austin Reaves,LAL,threes,UNDER,2.5,-189,0.6539792387543253,0.9005043697189798,0.9005043697189798,0.24652513096465456,0.37696170819463054,betonlineag,BetOnline.ag,2026-05-10T00:40:00Z,Los Angeles Lakers,Oklahoma City Thunder,,,False
2026-05-09,2026-05-09T12:37:59.552377+00:00,4900671,Ajay Mitchell,OKC,threes,UNDER,1.5,-164,0.6212121212121212,0.8549405065669495,0.8549405065669495,0.23372838535482832,0.3762456934980163,draftkings,DraftKings,2026-05-10T00:40:00Z,Los Angeles Lakers,Oklahoma City Thunder,,,False
2026-05-09,2026-05-09T12:37:59.552377+00:00,4066457,Austin Reaves,LAL,threes,UNDER,2.5,-190,0.6551724137931034,0.9005043697189798,0.9005043697189798,0.24533195592587642,0.3744540379921271,williamhill_us,Caesars,2026-05-10T00:40:00Z,Los Angeles Lakers,Oklahoma City Thunder,,,False
2026-05-09,2026-05-09T12:37:59.552377+00:00,4397020,Luguentz Dort,OKC,threes,UNDER,1.5,115,0.46511627906976744,0.6351305746525888,0.6351305746525888,0.17001429558282138,0.3655307355030659,draftkings,DraftKings,2026-05-10T00:40:00Z,Los Angeles Lakers,Oklahoma City Thunder,,,False
2026-05-09,2026-05-09T12:37:59.552377+00:00,4397020,Luguentz Dort,OKC,threes,UNDER,1.5,115,0.46511627906976744,0.6351305746525888,0.6351305746525888,0.17001429558282138,0.3655307355030659,bovada,Bovada,2026-05-10T00:40:00Z,Los Angeles Lakers,Oklahoma City Thunder,,,False
2026-05-09,2026-05-09T12:37:59.552377+00:00,4900671,Ajay Mitchell,OKC,threes,UNDER,1.5,-175,0.6363636363636364,0.8549405065669495,0.8549405065669495,0.21857687020331318,0.34347793889092065,betrivers,BetRivers,2026-05-10T00:40:00Z,Los Angeles Lakers,Oklahoma City Thunder,,,False
2026-05-09,2026-05-09T12:37:59.552377+00:00,4900671,Ajay Mitchell,OKC,threes,UNDER,1.5,-175,0.6363636363636364,0.8549405065669495,0.8549405065669495,0.21857687020331318,0.34347793889092065,betonlineag,BetOnline.ag,2026-05-10T00:40:00Z,Los Angeles Lakers,Oklahoma City Thunder,,,False
2026-05-09,2026-05-09T12:37:59.552377+00:00,4900671,Ajay Mitchell,OKC,threes,UNDER,1.5,-176,0.6376811594202898,0.8549405065669495,0.8549405065669495,0.21725934714665973,0.3407021580254436,williamhill_us,Caesars,2026-05-10T00:40:00Z,Los Angeles Lakers,Oklahoma City Thunder,,,False
2026-05-09,2026-05-09T12:37:59.552377+00:00,4433255,Chet Holmgren,OKC,threes,OVER,1.5,145,0.40816326530612246,0.5446942766142668,0.5446942766142668,0.13653101130814438,0.3345009777049537,betmgm,BetMGM,2026-05-10T00:40:00Z,Los Angeles Lakers,Oklahoma City Thunder,,,False
2026-05-09,2026-05-09T12:37:59.552377+00:00,4900671,Ajay Mitchell,OKC,threes,UNDER,1.5,-180,0.6428571428571429,0.8549405065669495,0.8549405065669495,0.21208336370980663,0.3299074546596993,bovada,Bovada,2026-05-10T00:40:00Z,Los Angeles Lakers,Oklahoma City Thunder,,,False
2026-05-09,2026-05-09T12:37:59.552377+00:00,4900671,Ajay Mitchell,OKC,threes,UNDER,1.5,-182,0.6453900709219859,0.8549405065669495,0.8549405065669495,0.20955043564496367,0.32468803764769105,fanduel,FanDuel,2026-05-10T00:40:00Z,Los Angeles Lakers,Oklahoma City Thunder,,,False
2026-05-09,2026-05-09T12:37:59.552377+00:00,4397020,Luguentz Dort,OKC,threes,UNDER,1.5,107,0.4830917874396135,0.6351305746525888,0.6351305746525888,0.1520387872129753,0.31472028953085884,betonlineag,BetOnline.ag,2026-05-10T00:40:00Z,Los Angeles Lakers,Oklahoma City Thunder,,,False
2026-05-09,2026-05-09T12:37:59.552377+00:00,4397020,Luguentz Dort,OKC,threes,UNDER,1.5,107,0.4830917874396135,0.6351305746525888,0.6351305746525888,0.1520387872129753,0.31472028953085884,williamhill_us,Caesars,2026-05-10T00:40:00Z,Los Angeles Lakers,Oklahoma City Thunder,,,False
2026-05-09,2026-05-09T12:37:59.552377+00:00,3912848,Dean Wade,CLE,threes,OVER,1.5,205,0.32786885245901637,0.42967860988982864,0.42967860988982864,0.10180975743081228,0.3105197601639773,bovada,Bovada,2026-05-09T19:10:00Z,Cleveland Cavaliers,Detroit Pistons,,,False
2026-05-09,2026-05-09T12:37:59.552377+00:00,4397020,Luguentz Dort,OKC,threes,UNDER,1.5,106,0.4854368932038835,0.6351305746525888,0.6351305746525888,0.14969368144870532,0.308368983784333,fanduel,FanDuel,2026-05-10T00:40:00Z,Los Angeles Lakers,Oklahoma City Thunder,,,False
2026-05-09,2026-05-09T12:37:59.552377+00:00,4432166,Cade Cunningham,DET,threes,OVER,2.5,146,0.4065040650406504,0.5308007562019078,0.5308007562019078,0.12429669116125741,0.30576986025669317,fanduel,FanDuel,2026-05-09T19:10:00Z,Cleveland Cavaliers,Detroit Pistons,,,False
2026-05-09,2026-05-09T12:37:59.552377+00:00,4397020,Luguentz Dort,OKC,threes,UNDER,1.5,104,0.49019607843137253,0.6351305746525888,0.6351305746525888,0.1449344962212163,0.29566637229128123,betrivers,BetRivers,2026-05-10T00:40:00Z,Los Angeles Lakers,Oklahoma City Thunder,,,False
2026-05-09,2026-05-09T12:37:59.552377+00:00,4066648,Rui Hachimura,LAL,threes,OVER,2.5,154,0.3937007874015748,0.5010296291658014,0.5010296291658014,0.10732884176422658,0.2726152580811356,fanduel,FanDuel,2026-05-10T00:40:00Z,Los Angeles Lakers,Oklahoma City Thunder,,,False
2026-05-09,2026-05-09T12:37:59.552377+00:00,6440,Tobias Harris,DET,threes,OVER,1.5,-111,0.5260663507109005,0.6641744060227033,0.6641744060227033,0.1381080553118028,0.2625297267638774,betmgm,BetMGM,2026-05-09T19:10:00Z,Cleveland Cavaliers,Detroit Pistons,,,False
2026-05-09,2026-05-09T12:37:59.552377+00:00,3992,James Harden,CLE,threes,UNDER,1.5,200,0.3333333333333333,0.42010490879158713,0.42010490879158713,0.08677157545825381,0.2603147263747614,bovada,Bovada,2026-05-09T19:10:00Z,Cleveland Cavaliers,Detroit Pistons,,,False
2026-05-09,2026-05-09T12:37:59.552377+00:00,4397020,Luguentz Dort,OKC,threes,UNDER,2.5,-260,0.7222222222222222,0.904983442281838,0.904983442281838,0.18276122005961581,0.2530539970056219,bovada,Bovada,2026-05-10T00:40:00Z,Los Angeles Lakers,Oklahoma City Thunder,,,False
2026-05-09,2026-05-09T12:37:59.552377+00:00,4432158,Evan Mobley,CLE,threes,OVER,0.5,-204,0.6710526315789473,0.8407905609856919,0.8407905609856919,0.1697379294067446,0.25294279676299186,betonlineag,BetOnline.ag,2026-05-09T19:10:00Z,Cleveland Cavaliers,Detroit Pistons,,,False
2026-05-09,2026-05-09T12:37:59.552377+00:00,4433255,Chet Holmgren,OKC,threes,OVER,1.5,130,0.43478260869565216,0.5446942766142668,0.5446942766142668,0.10991166791861467,0.2527968362128138,betonlineag,BetOnline.ag,2026-05-10T00:40:00Z,Los Angeles Lakers,Oklahoma City Thunder,,,False
2026-05-09,2026-05-09T12:37:59.552377+00:00,4432166,Cade Cunningham,DET,threes,OVER,2.5,136,0.423728813559322,0.5308007562019078,0.5308007562019078,0.1070719426425858,0.2526897846365025,betonlineag,BetOnline.ag,2026-05-09T19:10:00Z,Cleveland Cavaliers,Detroit Pistons,,,False
2026-05-09,2026-05-09T12:37:59.552377+00:00,4432158,Evan Mobley,CLE,threes,OVER,0.5,-206,0.673202614379085,0.8407905609856919,0.8407905609856919,0.16758794660660692,0.24894131874573655,draftkings,DraftKings,2026-05-09T19:10:00Z,Cleveland Cavaliers,Detroit Pistons,,,False
2026-05-09,2026-05-09T12:37:59.552377+00:00,4066648,Rui Hachimura,LAL,threes,OVER,2.5,149,0.40160642570281124,0.5010296291658014,0.5010296291658014,0.09942320346299016,0.24756377662284546,betonlineag,BetOnline.ag,2026-05-10T00:40:00Z,Los Angeles Lakers,Oklahoma City Thunder,,,False
2026-05-09,2026-05-09T12:37:59.552377+00:00,3908809,Donovan Mitchell,CLE,threes,UNDER,2.5,120,0.45454545454545453,0.5655863080942396,0.5655863080942396,0.11104085354878507,0.24428987780732714,betmgm,BetMGM,2026-05-09T19:10:00Z,Cleveland Cavaliers,Detroit Pistons,,,False
2026-05-09,2026-05-09T12:37:59.552377+00:00,4066648,Rui Hachimura,LAL,threes,OVER,2.5,148,0.4032258064516129,0.5010296291658014,0.5010296291658014,0.09780382271418853,0.2425534803311875,betrivers,BetRivers,2026-05-10T00:40:00Z,Los Angeles Lakers,Oklahoma City Thunder,,,False
2026-05-09,2026-05-09T12:37:59.552377+00:00,3992,James Harden,CLE,threes,UNDER,2.5,-130,0.5652173913043478,0.7015628661393086,0.7015628661393086,0.13634547483496084,0.24122660932339224,betmgm,BetMGM,2026-05-09T19:10:00Z,Cleveland Cavaliers,Detroit Pistons,,,False
2026-05-09,2026-05-09T12:37:59.552377+00:00,4432158,Evan Mobley,CLE,threes,OVER,0.5,-210,0.6774193548387096,0.8407905609856919,0.8407905609856919,0.1633712061469823,0.24116701859792616,bovada,Bovada,2026-05-09T19:10:00Z,Cleveland Cavaliers,Detroit Pistons,,,False
2026-05-09,2026-05-09T12:37:59.552377+00:00,4066648,Rui Hachimura,LAL,threes,OVER,2.5,145,0.40816326530612246,0.5010296291658014,0.5010296291658014,0.09286636385967895,0.22752259145621345,betmgm,BetMGM,2026-05-10T00:40:00Z,Los Angeles Lakers,Oklahoma City Thunder,,,False
2026-05-09,2026-05-09T12:37:59.552377+00:00,4432166,Cade Cunningham,DET,threes,OVER,2.5,131,0.4329004329004329,0.5308007562019078,0.5308007562019078,0.09790032330147491,0.2261497468264071,draftkings,DraftKings,2026-05-09T19:10:00Z,Cleveland Cavaliers,Detroit Pistons,,,False
2026-05-09,2026-05-09T12:37:59.552377+00:00,4432166,Cade Cunningham,DET,threes,OVER,2.5,131,0.4329004329004329,0.5308007562019078,0.5308007562019078,0.09790032330147491,0.2261497468264071,williamhill_us,Caesars,2026-05-09T19:10:00Z,Cleveland Cavaliers,Detroit Pistons,,,False
2026-05-09,2026-05-09T12:37:59.552377+00:00,4433255,Chet Holmgren,OKC,threes,OVER,1.5,125,0.4444444444444444,0.5446942766142668,0.5446942766142668,0.10024983216982242,0.22556212238210038,draftkings,DraftKings,2026-05-10T00:40:00Z,Los Angeles Lakers,Oklahoma City Thunder,,,False
2026-05-09,2026-05-09T12:37:59.552377+00:00,4433255,Chet Holmgren,OKC,threes,OVER,1.5,125,0.4444444444444444,0.5446942766142668,0.5446942766142668,0.10024983216982242,0.22556212238210038,bovada,Bovada,2026-05-10T00:40:00Z,Los Angeles Lakers,Oklahoma City Thunder,,,False
2026-05-09,2026-05-09T12:37:59.552377+00:00,4432166,Cade Cunningham,DET,threes,OVER,2.5,130,0.43478260869565216,0.5308007562019078,0.5308007562019078,0.09601814750625565,0.220841739264388,betmgm,BetMGM,2026-05-09T19:10:00Z,Cleveland Cavaliers,Detroit Pistons,,,False
2026-05-09,2026-05-09T12:37:59.552377+00:00,4432166,Cade Cunningham,DET,threes,OVER,2.5,130,0.43478260869565216,0.5308007562019078,0.5308007562019078,0.09601814750625565,0.220841739264388,bovada,Bovada,2026-05-09T19:10:00Z,Cleveland Cavaliers,Detroit Pistons,,,False
2026-05-09,2026-05-09T12:37:59.552377+00:00,4433255,Chet Holmgren,OKC,threes,OVER,1.5,124,0.44642857142857145,0.5446942766142668,0.5446942766142668,0.09826570518569538,0.22011517961595772,fanduel,FanDuel,2026-05-10T00:40:00Z,Los Angeles Lakers,Oklahoma City Thunder,,,False
2026-05-09,2026-05-09T12:37:59.552377+00:00,4433255,Chet Holmgren,OKC,threes,OVER,1.5,124,0.44642857142857145,0.5446942766142668,0.5446942766142668,0.09826570518569538,0.22011517961595772,williamhill_us,Caesars,2026-05-10T00:40:00Z,Los Angeles Lakers,Oklahoma City Thunder,,,False
2026-05-09,2026-05-09T12:37:59.552377+00:00,4432158,Evan Mobley,CLE,threes,OVER,0.5,-225,0.6923076923076923,0.8407905609856919,0.8407905609856919,0.14848286867799965,0.21447525475711054,betmgm,BetMGM,2026-05-09T19:10:00Z,Cleveland Cavaliers,Detroit Pistons,,,False
2026-05-09,2026-05-09T12:37:59.552377+00:00,4397020,Luguentz Dort,OKC,threes,UNDER,1.5,-110,0.5238095238095238,0.6351305746525888,0.6351305746525888,0.11132105084306498,0.21252200615494232,betmgm,BetMGM,2026-05-10T00:40:00Z,Los Angeles Lakers,Oklahoma City Thunder,,,False
2026-05-09,2026-05-09T12:37:59.552377+00:00,4066648,Rui Hachimura,LAL,threes,OVER,2.5,140,0.4166666666666667,0.5010296291658014,0.5010296291658014,0.08436296249913472,0.20247110999792328,bovada,Bovada,2026-05-10T00:40:00Z,Los Angeles Lakers,Oklahoma City Thunder,,,False
2026-05-09,2026-05-09T12:37:59.552377+00:00,4066648,Rui Hachimura,LAL,threes,OVER,2.5,140,0.4166666666666667,0.5010296291658014,0.5010296291658014,0.08436296249913472,0.20247110999792328,williamhill_us,Caesars,2026-05-10T00:40:00Z,Los Angeles Lakers,Oklahoma City Thunder,,,False
2026-05-09,2026-05-09T12:37:59.552377+00:00,4066648,Rui Hachimura,LAL,threes,OVER,2.5,139,0.41841004184100417,0.5010296291658014,0.5010296291658014,0.08261958732479724,0.19746081370626534,draftkings,DraftKings,2026-05-10T00:40:00Z,Los Angeles Lakers,Oklahoma City Thunder,,,False
2026-05-09,2026-05-09T12:37:59.552377+00:00,3908809,Donovan Mitchell,CLE,threes,UNDER,2.5,110,0.47619047619047616,0.5655863080942396,0.5655863080942396,0.08939583190376343,0.18773124699790322,fanduel,FanDuel,2026-05-09T19:10:00Z,Cleveland Cavaliers,Detroit Pistons,,,False
2026-05-09,2026-05-09T12:37:59.552377+00:00,4433255,Chet Holmgren,OKC,threes,OVER,1.5,117,0.4608294930875576,0.5446942766142668,0.5446942766142668,0.08386478352670923,0.181986580252959,betrivers,BetRivers,2026-05-10T00:40:00Z,Los Angeles Lakers,Oklahoma City Thunder,,,False
2026-05-09,2026-05-09T12:37:59.552377+00:00,3912848,Dean Wade,CLE,threes,OVER,1.5,175,0.36363636363636365,0.42967860988982864,0.42967860988982864,0.066042246253465,0.18161617719702883,betmgm,BetMGM,2026-05-09T19:10:00Z,Cleveland Cavaliers,Detroit Pistons,,,False
2026-05-09,2026-05-09T12:37:59.552377+00:00,4592691,Jake LaRavia,LAL,threes,OVER,0.5,126,0.4424778761061947,0.5224571048248786,0.5224571048248786,0.0799792287186839,0.18075305690422572,betonlineag,BetOnline.ag,2026-05-10T00:40:00Z,Los Angeles Lakers,Oklahoma City Thunder,,,False
2026-05-09,2026-05-09T12:37:59.552377+00:00,3992,James Harden,CLE,threes,UNDER,2.5,-149,0.5983935742971888,0.7015628661393086,0.7015628661393086,0.10316929184211987,0.17241042730662987,betonlineag,BetOnline.ag,2026-05-09T19:10:00Z,Cleveland Cavaliers,Detroit Pistons,,,False
2026-05-09,2026-05-09T12:37:59.552377+00:00,3908809,Donovan Mitchell,CLE,threes,UNDER,2.5,107,0.4830917874396135,0.5655863080942396,0.5655863080942396,0.08249452065462609,0.17076365775507596,betonlineag,BetOnline.ag,2026-05-09T19:10:00Z,Cleveland Cavaliers,Detroit Pistons,,,False
2026-05-09,2026-05-09T12:37:59.552377+00:00,3992,James Harden,CLE,threes,UNDER,2.5,-150,0.6,0.7015628661393086,0.7015628661393086,0.10156286613930865,0.16927144356551438,bovada,Bovada,2026-05-09T19:10:00Z,Cleveland Cavaliers,Detroit Pistons,,,False
2026-05-09,2026-05-09T12:37:59.552377+00:00,3908809,Donovan Mitchell,CLE,threes,UNDER,2.5,106,0.4854368932038835,0.5655863080942396,0.5655863080942396,0.0801494148903561,0.1651077946741336,williamhill_us,Caesars,2026-05-09T19:10:00Z,Cleveland Cavaliers,Detroit Pistons,,,False
2026-05-09,2026-05-09T12:37:59.552377+00:00,3992,James Harden,CLE,threes,UNDER,2.5,-152,0.6031746031746031,0.7015628661393086,0.7015628661393086,0.09838826296470549,0.16311738333622222,williamhill_us,Caesars,2026-05-09T19:10:00Z,Cleveland Cavaliers,Detroit Pistons,,,False
2026-05-09,2026-05-09T12:37:59.552377+00:00,3908809,Donovan Mitchell,CLE,threes,UNDER,2.5,105,0.4878048780487805,0.5655863080942396,0.5655863080942396,0.07778143004545912,0.15945193159319115,fanatics,Fanatics,2026-05-09T19:10:00Z,Cleveland Cavaliers,Detroit Pistons,,,False
2026-05-09,2026-05-09T12:37:59.552377+00:00,3908809,Donovan Mitchell,CLE,threes,UNDER,2.5,105,0.4878048780487805,0.5655863080942396,0.5655863080942396,0.07778143004545912,0.15945193159319115,bovada,Bovada,2026-05-09T19:10:00Z,Cleveland Cavaliers,Detroit Pistons,,,False
2026-05-09,2026-05-09T12:37:59.552377+00:00,3992,James Harden,CLE,threes,UNDER,2.5,-154,0.6062992125984252,0.7015628661393086,0.7015628661393086,0.0952636535408834,0.15712316882717137,fanduel,FanDuel,2026-05-09T19:10:00Z,Cleveland Cavaliers,Detroit Pistons,,,False
2026-05-09,2026-05-09T12:37:59.552377+00:00,3992,James Harden,CLE,threes,UNDER,2.5,-155,0.6078431372549019,0.7015628661393086,0.7015628661393086,0.09371972888440672,0.1541840701001529,betrivers,BetRivers,2026-05-09T19:10:00Z,Cleveland Cavaliers,Detroit Pistons,,,False
2026-05-09,2026-05-09T12:37:59.552377+00:00,3908809,Donovan Mitchell,CLE,threes,UNDER,2.5,104,0.49019607843137253,0.5655863080942396,0.5655863080942396,0.07539022966286707,0.1537960685122488,betrivers,BetRivers,2026-05-09T19:10:00Z,Cleveland Cavaliers,Detroit Pistons,,,False
2026-05-09,2026-05-09T12:37:59.552377+00:00,3992,James Harden,CLE,threes,UNDER,2.5,-156,0.609375,0.7015628661393086,0.7015628661393086,0.09218786613930863,0.15128265212604497,draftkings,DraftKings,2026-05-09T19:10:00Z,Cleveland Cavaliers,Detroit Pistons,,,False
2026-05-09,2026-05-09T12:37:59.552377+00:00,1966,LeBron James,LAL,threes,OVER,1.5,108,0.4807692307692308,0.551115935662018,0.551115935662018,0.07034670489278722,0.14632114617699743,fanduel,FanDuel,2026-05-10T00:40:00Z,Los Angeles Lakers,Oklahoma City Thunder,,,False
2026-05-09,2026-05-09T12:37:59.552377+00:00,3908809,Donovan Mitchell,CLE,threes,UNDER,2.5,102,0.49504950495049505,0.5655863080942396,0.5655863080942396,0.07053680314374455,0.142484342350364,draftkings,DraftKings,2026-05-09T19:10:00Z,Cleveland Cavaliers,Detroit Pistons,,,False
2026-05-09,2026-05-09T12:37:59.552377+00:00,5107199,Daniss Jenkins,DET,threes,OVER,1.5,162,0.3816793893129771,0.4345826917970045,0.4345826917970045,0.05290330248402736,0.13860665250815174,fanduel,FanDuel,2026-05-09T19:10:00Z,Cleveland Cavaliers,Detroit Pistons,,,False
2026-05-09,2026-05-09T12:37:59.552377+00:00,4432166,Cade Cunningham,DET,threes,OVER,1.5,-205,0.6721311475409836,0.7551036370070723,0.7551036370070723,0.0829724894660887,0.12344687457149778,betrivers,BetRivers,2026-05-09T19:10:00Z,Cleveland Cavaliers,Detroit Pistons,,,False
2026-05-09,2026-05-09T12:37:59.552377+00:00,2991350,Alex Caruso,OKC,threes,UNDER,1.5,-220,0.6875,0.7704262786756934,0.7704262786756934,0.08292627867569335,0.12062004171009943,betmgm,BetMGM,2026-05-10T00:40:00Z,Los Angeles Lakers,Oklahoma City Thunder,,,False
2026-05-09,2026-05-09T12:37:59.552377+00:00,3908809,Donovan Mitchell,CLE,threes,UNDER,3.5,-245,0.7101449275362319,0.7925604896397602,0.7925604896397602,0.0824155621035283,0.116054567043744,bovada,Bovada,2026-05-09T19:10:00Z,Cleveland Cavaliers,Detroit Pistons,,,False
2026-05-09,2026-05-09T12:37:59.552377+00:00,3913174,Luke Kennard,LAL,threes,OVER,1.5,108,0.4807692307692308,0.5335124823335005,0.5335124823335005,0.05274325156426968,0.10970596325368098,fanduel,FanDuel,2026-05-10T00:40:00Z,Los Angeles Lakers,Oklahoma City Thunder,,,False
2026-05-09,2026-05-09T12:37:59.552377+00:00,3157465,Duncan Robinson,DET,threes,OVER,3.5,180,0.35714285714285715,0.3961291524704945,0.3961291524704945,0.038986295327637366,0.10916162691738462,bovada,Bovada,2026-05-09T19:10:00Z,Cleveland Cavaliers,Detroit Pistons,,,False
2026-05-09,2026-05-09T12:37:59.552377+00:00,3913174,Luke Kennard,LAL,threes,OVER,1.5,107,0.4830917874396135,0.5335124823335005,0.5335124823335005,0.05042069489388695,0.104370838430346,williamhill_us,Caesars,2026-05-10T00:40:00Z,Los Angeles Lakers,Oklahoma City Thunder,,,False
2026-05-09,2026-05-09T12:37:59.552377+00:00,3912848,Dean Wade,CLE,threes,OVER,0.5,-222,0.6894409937888198,0.7607663787439127,0.7607663787439127,0.07132538495509289,0.1034539367366662,betonlineag,BetOnline.ag,2026-05-09T19:10:00Z,Cleveland Cavaliers,Detroit Pistons,,,False
2026-05-09,2026-05-09T12:37:59.552377+00:00,1966,LeBron James,LAL,threes,OVER,1.5,100,0.5,0.551115935662018,0.551115935662018,0.051115935662018,0.102231871324036,betrivers,BetRivers,2026-05-10T00:40:00Z,Los Angeles Lakers,Oklahoma City Thunder,,,False
2026-05-09,2026-05-09T12:37:59.552377+00:00,1966,LeBron James,LAL,threes,OVER,1.5,-101,0.5024875621890548,0.551115935662018,0.551115935662018,0.04862837347296323,0.09677527790163976,betonlineag,BetOnline.ag,2026-05-10T00:40:00Z,Los Angeles Lakers,Oklahoma City Thunder,,,False
2026-05-09,2026-05-09T12:37:59.552377+00:00,5107199,Daniss Jenkins,DET,threes,OVER,1.5,152,0.3968253968253968,0.4345826917970045,0.4345826917970045,0.03775729497160768,0.09514838332845132,betonlineag,BetOnline.ag,2026-05-09T19:10:00Z,Cleveland Cavaliers,Detroit Pistons,,,False
2026-05-09,2026-05-09T12:37:59.552377+00:00,3913174,Luke Kennard,LAL,threes,OVER,1.5,105,0.4878048780487805,0.5335124823335005,0.5335124823335005,0.04570760428471998,0.09370058878367593,betmgm,BetMGM,2026-05-10T00:40:00Z,Los Angeles Lakers,Oklahoma City Thunder,,,False
2026-05-09,2026-05-09T12:37:59.552377+00:00,3157465,Duncan Robinson,DET,threes,OVER,2.5,-135,0.574468085106383,0.6272281334920917,0.6272281334920917,0.05276004838570869,0.09184156570845592,betonlineag,BetOnline.ag,2026-05-09T19:10:00Z,Cleveland Cavaliers,Detroit Pistons,,,False
2026-05-09,2026-05-09T12:37:59.552377+00:00,3157465,Duncan Robinson,DET,threes,OVER,2.5,-135,0.574468085106383,0.6272281334920917,0.6272281334920917,0.05276004838570869,0.09184156570845592,bovada,Bovada,2026-05-09T19:10:00Z,Cleveland Cavaliers,Detroit Pistons,,,False
2026-05-09,2026-05-09T12:37:59.552377+00:00,3912848,Dean Wade,CLE,threes,OVER,0.5,-230,0.696969696969697,0.7607663787439127,0.7607663787439127,0.06379668177421571,0.09153436950213567,draftkings,DraftKings,2026-05-09T19:10:00Z,Cleveland Cavaliers,Detroit Pistons,,,False
2026-05-09,2026-05-09T12:37:59.552377+00:00,3912848,Dean Wade,CLE,threes,OVER,0.5,-230,0.696969696969697,0.7607663787439127,0.7607663787439127,0.06379668177421571,0.09153436950213567,bovada,Bovada,2026-05-09T19:10:00Z,Cleveland Cavaliers,Detroit Pistons,,,False
