player_id,player_name,team,asof_date,is_home,days_rest,games_last7,games_last14,season_game_number,lag1_pts,lag1_reb,lag1_ast,lag1_threes,lag1_fg3a,lag1_stl,lag1_blk,lag1_tov,lag1_fgm,lag1_fga,lag1_fg_pct,lag1_ftm,lag1_fta,lag1_ft_pct,lag1_oreb,lag1_dreb,lag1_pf,lag1_plus_minus,lag1_min,lag1_pts_per_min,lag1_reb_per_min,lag1_ast_per_min,lag1_fg3m_per_min,lag1_fg3a_per_min,lag1_fga_per_min,lag1_fta_per_min,lag1_tov_per_min,lag1_usage_per_min,b2b,roll3_min,roll3_min_std,roll3_pts,roll3_reb,roll3_ast,roll3_threes,roll3_fg3a,roll3_stl,roll3_blk,roll3_tov,roll3_fgm,roll3_fga,roll3_fg_pct,roll3_ftm,roll3_fta,roll3_ft_pct,roll3_oreb,roll3_dreb,roll3_pf,roll3_plus_minus,roll3_pts_per_min,roll3_pts_per_min_std,roll3_reb_per_min,roll3_reb_per_min_std,roll3_ast_per_min,roll3_ast_per_min_std,roll3_fg3m_per_min,roll3_fg3m_per_min_std,roll3_fg3a_per_min,roll3_fg3a_per_min_std,roll3_fga_per_min,roll3_fga_per_min_std,roll3_fta_per_min,roll3_fta_per_min_std,roll3_tov_per_min,roll3_tov_per_min_std,roll3_usage_per_min,roll3_usage_per_min_std,roll5_min,roll5_min_std,roll5_pts,roll5_reb,roll5_ast,roll5_threes,roll5_fg3a,roll5_stl,roll5_blk,roll5_tov,roll5_fgm,roll5_fga,roll5_fg_pct,roll5_ftm,roll5_fta,roll5_ft_pct,roll5_oreb,roll5_dreb,roll5_pf,roll5_plus_minus,roll5_pts_per_min,roll5_pts_per_min_std,roll5_reb_per_min,roll5_reb_per_min_std,roll5_ast_per_min,roll5_ast_per_min_std,roll5_fg3m_per_min,roll5_fg3m_per_min_std,roll5_fg3a_per_min,roll5_fg3a_per_min_std,roll5_fga_per_min,roll5_fga_per_min_std,roll5_fta_per_min,roll5_fta_per_min_std,roll5_tov_per_min,roll5_tov_per_min_std,roll5_usage_per_min,roll5_usage_per_min_std,roll10_min,roll10_min_std,roll10_pts,roll10_reb,roll10_ast,roll10_threes,roll10_fg3a,roll10_stl,roll10_blk,roll10_tov,roll10_fgm,roll10_fga,roll10_fg_pct,roll10_ftm,roll10_fta,roll10_ft_pct,roll10_oreb,roll10_dreb,roll10_pf,roll10_plus_minus,roll10_pts_per_min,roll10_pts_per_min_std,roll10_reb_per_min,roll10_reb_per_min_std,roll10_ast_per_min,roll10_ast_per_min_std,roll10_fg3m_per_min,roll10_fg3m_per_min_std,roll10_fg3a_per_min,roll10_fg3a_per_min_std,roll10_fga_per_min,roll10_fga_per_min_std,roll10_fta_per_min,roll10_fta_per_min_std,roll10_tov_per_min,roll10_tov_per_min_std,roll10_usage_per_min,roll10_usage_per_min_std,injury_status,team_on_slate,playing_today,pred_min,pred_pts,pred_reb,pred_ast,pred_threes,pred_stl,pred_blk,pred_tov,pred_pra,pred_pr,pred_pa,pred_ra,pred_stocks,mean_pts,mean_reb,mean_ast,mean_threes,mean_pra,mean_stl,mean_blk,mean_tov
3992,James Harden,CLE,2026-06-07,0.0,13.0,0.0,1.0,13.0,12,4,2,0,6,1,1,5,2,8,,8,9,,0,4,2,-19,33.0,0.3636363636363636,0.1212121212121212,0.0606060606060606,0.0,0.1818181818181818,0.2424242424242424,0.2727272727272727,0.1515151515151515,0.5139393939393939,0.0,35.333333333333336,4.932882862316244,16.333333333333332,5.0,3.0,1.3333333333333333,6.666666666666667,1.3333333333333333,0.3333333333333333,3.6666666666666665,5.333333333333333,12.666666666666666,,4.333333333333333,5.0,,0.0,5.0,2.0,-16.333333333333332,0.4631836659275683,0.0994320193734427,0.1435544469081054,0.0380597595103894,0.0816857600394185,0.0348837665902398,0.039380081300813,0.0486393569439632,0.1904332963784183,0.0251416836590213,0.3590093003202759,0.113318008564857,0.1465493348115299,0.1097566881031279,0.0992855383099285,0.0860227025282255,0.5227765459472776,0.0188213618164343,36.8,4.54972526643093,14.6,4.8,3.6,1.0,6.8,1.0,0.4,3.6,4.6,12.8,,4.4,5.8,,0.2,4.6,3.0,-4.8,0.3993387709851125,0.1184108614616161,0.13295806497026,0.0342487638734767,0.0966305036426987,0.0464865355387807,0.0283899535423925,0.0384736683036616,0.1856885492556224,0.0207153319782917,0.3471516119381973,0.0895251044450341,0.1609454739027909,0.0848481514730275,0.0936983071129412,0.0735791571666502,0.5116659275683666,0.0678967721665013,37.8,3.6757463338907255,17.9,4.7,4.9,1.9,7.2,1.5,0.6,4.1,5.3,13.9,,5.4,6.7,,0.5,4.2,2.7,-1.6,0.4709908814070754,0.159058625827155,0.1252188187830559,0.0627924636034093,0.128417388842091,0.0723902825353081,0.0502933425788644,0.0471225108333209,0.1903568453380563,0.0395429157998621,0.3655211233795323,0.0742715078872975,0.1776930386484413,0.1017048046788303,0.1061404797664014,0.0661211502004035,0.549846540151248,0.1096876763628176,,,,36.2735,14.79067010869565,4.726795652173913,3.505096739130435,1.0434157608695651,0.9856929347826088,0.3942771739130435,3.548494565217392,23.0225625,19.517465760869563,18.295766847826087,8.23189239130435,1.3799701086956522,14.79067010869565,4.726795652173913,3.505096739130435,1.0434157608695651,23.0225625,0.9856929347826088,0.3942771739130435,3.548494565217392
2580365,Larry Nance Jr.,CLE,2026-06-07,0.0,13.0,0.0,1.0,12.0,0,0,0,0,0,0,0,0,0,0,,0,0,,0,0,0,0,0.0,,,,,,,,,,0.0,0.0,0.0,0.0,0.0,0.0,0.0,0.0,0.0,0.0,0.0,0.0,0.0,,0.0,0.0,,0.0,0.0,0.0,0.0,,,,,,,,,,,,,,,,,,,0.0,0.0,0.0,0.0,0.0,0.0,0.0,0.0,0.0,0.0,0.0,0.0,,0.0,0.0,,0.0,0.0,0.0,0.0,,,,,,,,,,,,,,,,,,,0.0,0.0,0.0,0.0,0.0,0.0,0.0,0.0,0.0,0.0,0.0,0.0,,0.0,0.0,,0.0,0.0,0.0,0.0,,,,,,,,,,,,,,,,,,,,,,8.0,0.0,0.0,0.0,0.0,0.176,0.144,0.48,0.0,0.0,0.0,0.0,0.3199999999999999,0.0,0.0,0.0,0.0,0.0,0.176,0.144,0.48
3032979,Dennis Schroder,CLE,2026-06-07,0.0,15.0,0.0,0.0,12.0,3,0,2,1,1,0,0,0,1,1,,0,0,,0,0,1,2,9.0,0.3333333333333333,0.0,0.2222222222222222,0.1111111111111111,0.1111111111111111,0.1111111111111111,0.0,0.0,0.1111111111111111,0.0,15.0,5.196152422706632,3.333333333333333,1.3333333333333333,3.333333333333333,0.6666666666666666,2.0,0.3333333333333333,0.0,0.0,1.3333333333333333,5.0,,0.0,0.6666666666666666,,0.3333333333333333,1.0,1.6666666666666667,1.0,0.2407407407407407,0.0848625128695526,0.074074074074074,0.1283000598199168,0.2222222222222222,0.0555555555555555,0.0555555555555555,0.0555555555555555,0.1296296296296296,0.0848625128695526,0.2962962962962963,0.1951046991269025,0.037037037037037,0.0641500299099584,0.0,0.0,0.3125925925925926,0.1948260805079507,15.6,3.911521443121589,2.4,1.8,3.2,0.4,1.4,0.4,0.0,1.0,1.0,4.0,,0.0,0.4,,0.4,1.4,1.6,2.2,0.1666666666666666,0.1242259987499882,0.1044444444444444,0.1004926138186223,0.2066666666666667,0.0462147429846342,0.0333333333333333,0.0496903994999953,0.0911111111111111,0.0832962880621836,0.2422222222222222,0.1734543736925835,0.0222222222222222,0.0496903994999953,0.0622222222222222,0.0908125188520113,0.3142222222222222,0.1738780614307439,17.3,3.5605867181937545,4.8,1.6,3.1,0.7,1.6,0.3,0.2,1.6,1.7,4.4,,0.7,1.1,,0.4,1.2,1.5,0.2,0.2739950980392157,0.1716895087608383,0.0880176767676767,0.0788384586576496,0.1855860071301248,0.0882565755362093,0.0415530303030303,0.0507355308482686,0.0913242721330956,0.0594600999621996,0.2498677956030897,0.1245015686065935,0.0630228758169934,0.0970435415226488,0.0919667260843731,0.0849000622989621,0.36956458704694,0.1709036554353029,,,,15.113,3.0272,1.5475333333333334,3.087133333333333,0.5398666666666666,0.4797777777777777,0.0,0.4797777777777777,7.661866666666666,4.574733333333333,6.114333333333333,4.634666666666666,0.4797777777777777,3.0272,1.5475333333333334,3.087133333333333,0.5398666666666666,7.661866666666666,0.4797777777777777,0.0,0.4797777777777777
3908809,Donovan Mitchell,CLE,2026-06-07,0.0,13.0,0.0,1.0,13.0,31,4,1,5,9,1,0,4,9,18,,8,10,,0,4,3,-23,32.0,0.96875,0.125,0.03125,0.15625,0.28125,0.5625,0.3125,0.125,0.825,0.0,36.333333333333336,3.7859388972001815,26.666666666666668,3.0,2.0,3.333333333333333,8.666666666666666,1.3333333333333333,0.3333333333333333,3.333333333333333,8.666666666666666,19.0,,6.0,8.333333333333334,,0.0,3.0,4.0,-17.666666666666668,0.7468932748538011,0.194571073368636,0.0846266306792622,0.0517296629122511,0.0540513945119208,0.0444392695700891,0.0954931399010346,0.0544048663256727,0.2412983580746738,0.0542890174620487,0.5255566801619433,0.0556605396157004,0.233721322537112,0.0773448962982364,0.0940733243364822,0.0593553305582342,0.7224673864147548,0.1211947586334597,36.2,4.438468204234431,27.0,4.0,3.4,3.2,8.6,2.2,0.6,2.8,9.6,20.4,,4.6,6.4,,0.4,3.6,4.6,-9.8,0.757341315030298,0.1459165214992262,0.1138758997293512,0.0598568945544937,0.0986778862744223,0.0948406312867177,0.0897113048690236,0.040977072934216,0.237147228849525,0.0469499434701039,0.5694646139193533,0.0890387630205663,0.1838205197221098,0.1060039864617252,0.0759561897238405,0.0597220892166637,0.7263018323209222,0.0966573537917387,37.2,3.4576806613039848,28.3,4.9,3.2,2.7,8.6,1.5,0.3,2.5,9.8,21.4,,6.0,7.4,,0.7,4.2,3.3,-4.5,0.7694245693216925,0.2161415094157861,0.1333180894027099,0.0632461429210494,0.0886297376911636,0.0652906331055213,0.0741213843318226,0.0378378089327505,0.2316468380243019,0.0523463595286209,0.5799365337428508,0.0937983510929531,0.2029242814013922,0.1064854357147552,0.0668509526821465,0.0436524533343349,0.7360741702416098,0.1157882046331727,,,,35.9465,27.190555248618782,3.935193370165746,3.057714364640884,3.2705546961325966,2.184593922651933,0.5957983425414365,2.780392265193369,34.183462983425414,31.125748618784527,30.248269613259662,6.99290773480663,2.78039226519337,27.190555248618782,3.935193370165746,3.057714364640884,3.2705546961325966,34.183462983425414,2.184593922651933,0.5957983425414365,2.780392265193369
3912848,Dean Wade,CLE,2026-06-07,0.0,13.0,0.0,1.0,13.0,0,1,1,0,1,2,1,0,0,1,,0,0,,1,0,0,-14,12.0,0.0,0.0833333333333333,0.0833333333333333,0.0,0.0833333333333333,0.0833333333333333,0.0,0.0,0.0833333333333333,0.0,16.666666666666668,4.509249752822893,1.0,2.0,1.6666666666666667,0.3333333333333333,1.6666666666666667,1.0,0.3333333333333333,0.6666666666666666,0.3333333333333333,1.6666666666666667,,0.0,0.0,,0.6666666666666666,1.3333333333333333,1.0,-8.333333333333334,0.0476190476190476,0.0824786098842322,0.1146125116713352,0.029877706276936,0.0950046685340803,0.0432154728794902,0.0158730158730158,0.0274928699614107,0.0950046685340803,0.0432154728794902,0.0950046685340803,0.0432154728794902,0.0,0.0,0.0317460317460317,0.0549857399228215,0.126750700280112,0.0972028147638558,20.0,6.244997998398398,3.6,3.4,1.8,1.0,2.2,0.6,0.2,0.4,1.2,2.4,,0.2,0.2,,1.2,2.2,1.0,-1.4,0.1451559934318555,0.1505425668476067,0.1603931227663479,0.0773350472286287,0.0872162658166715,0.0379095953624067,0.0397372742200328,0.042841096971642,0.1010093692649473,0.0542965046622677,0.1105331787887568,0.0461565490839869,0.0068965517241379,0.0154211584655157,0.019047619047619,0.0425917709999959,0.1326152805949966,0.0765160294096885,20.8,4.5898438608156,3.2,3.7,0.9,0.9,1.9,0.4,0.1,0.5,1.1,2.3,,0.1,0.1,,1.2,2.5,0.8,-1.1,0.1386440278714729,0.1392447093891668,0.1692804953520184,0.0749962099860558,0.0436081329083357,0.0524565875957087,0.0389920967705604,0.0381817540097963,0.0887516039535618,0.0635867499990612,0.1065569869763361,0.0731165689605402,0.0034482758620689,0.0109044057247185,0.0256363414931189,0.045005264323103,0.1337105698487654,0.0893245398091412,,,,18.674,2.8967920000000005,2.976748,1.592396,0.8122199999999999,0.5602199999999999,0.18674,0.37348,7.465936,5.87354,4.489188,4.569144,0.74696,2.8967920000000005,2.976748,1.592396,0.8122199999999999,7.465936,0.5602199999999999,0.18674,0.37348
3934723,Thomas Bryant,CLE,2026-06-07,0.0,13.0,0.0,1.0,13.0,10,3,0,2,5,0,0,0,4,7,,0,0,,0,3,0,-4,9.0,1.1111111111111112,0.3333333333333333,0.0,0.2222222222222222,0.5555555555555556,0.7777777777777778,0.0,0.0,0.7777777777777778,0.0,3.333333333333333,4.932882862316247,3.333333333333333,1.3333333333333333,0.0,0.6666666666666666,1.6666666666666667,0.0,0.0,0.0,1.3333333333333333,2.6666666666666665,,0.0,0.0,,0.0,1.3333333333333333,0.0,-0.6666666666666666,0.5555555555555556,0.7856742013183862,0.6666666666666666,0.4714045207910317,0.0,0.0,0.1111111111111111,0.1571348402636772,0.2777777777777778,0.3928371006591931,0.8888888888888888,0.1571348402636772,0.0,0.0,0.0,0.0,0.8888888888888888,0.1571348402636772,2.8,3.8340579025361623,2.0,1.6,0.2,0.4,1.4,0.0,0.0,0.2,0.8,2.4,,0.0,0.0,,0.4,1.2,0.2,-0.2,0.3703703703703704,0.6415002990995842,0.7777777777777778,0.3849001794597505,0.0833333333333333,0.1443375672974064,0.074074074074074,0.1283000598199168,0.3518518518518518,0.3059761415158946,0.925925925925926,0.1283000598199168,0.0,0.0,0.0833333333333333,0.1443375672974064,1.0092592592592593,0.2362472374476495,1.6,2.913569784454954,1.0,0.8,0.1,0.2,0.8,0.0,0.0,0.1,0.4,1.4,,0.0,0.0,,0.2,0.6,0.1,-0.5,0.2777777777777778,0.5555555555555556,0.5833333333333334,0.5,0.0625,0.125,0.0555555555555555,0.1111111111111111,0.3888888888888889,0.2605786533235238,0.9444444444444444,0.1111111111111111,0.0,0.0,0.0625,0.125,1.0069444444444444,0.1929506109645806,,,,6.833333333333334,4.288571428571429,2.970857142857142,0.3288571428571428,0.8577142857142857,0.0,0.0,0.4880952380952381,7.588285714285715,7.259428571428572,4.617428571428572,3.2997142857142854,0.0,4.288571428571429,2.970857142857142,0.3288571428571428,0.8577142857142857,7.588285714285715,0.0,0.0,0.4880952380952381
4065778,Max Strus,CLE,2026-06-07,0.0,13.0,0.0,1.0,13.0,5,2,2,1,4,0,0,2,2,6,,0,0,,0,2,3,-9,22.0,0.2272727272727272,0.0909090909090909,0.0909090909090909,0.0454545454545454,0.1818181818181818,0.2727272727272727,0.0,0.0909090909090909,0.3636363636363636,0.0,26.33333333333333,4.509249752822893,7.666666666666667,4.333333333333333,3.6666666666666665,2.0,6.333333333333333,0.6666666666666666,0.0,1.6666666666666667,2.333333333333333,8.333333333333334,,1.0,1.0,,2.0,2.333333333333333,4.666666666666667,-9.666666666666666,0.2796450860966989,0.1222487204387482,0.1568538987893827,0.0674989583508238,0.1332806977968268,0.053608848194624,0.0709827806602,0.0503937685322968,0.230167681780585,0.1088703700960776,0.3096849387171967,0.0670634072206188,0.0363937138130686,0.0386279385569416,0.0687645687645687,0.0607962767167598,0.3944627415595157,0.0280430355989293,26.4,3.361547262794322,8.0,3.6,2.8,1.8,6.0,1.2,0.0,1.6,2.4,7.6,,1.4,1.4,,1.6,2.0,4.2,-5.8,0.2960727659437337,0.0893231978472848,0.131540910702201,0.059762428305949,0.1022541329638103,0.0580119657927551,0.0657325255389771,0.0395803451853184,0.2218148947826367,0.0808014813344093,0.283810963230318,0.0593000226228753,0.0521219425735554,0.0349152503133008,0.0652587412587412,0.060589924335644,0.3720033592214237,0.0543782391756159,27.9,3.813717929323621,8.1,4.6,2.0,2.0,6.1,1.0,0.3,1.3,2.6,7.5,,0.9,0.9,,1.5,3.1,3.7,-4.9,0.2797478196833035,0.1310308908637551,0.1594192139998591,0.064601281965481,0.0725759879308266,0.0542827928083881,0.067320882224108,0.045823322681202,0.2154984119822829,0.0582389546562227,0.2684052781149555,0.0487590513418399,0.0316165268423332,0.0358238830380787,0.051062419062419,0.0499105925037385,0.3333789689880012,0.0676203597949276,,,,26.152999999999995,7.743090909090908,3.651790909090909,2.7762818181818174,1.7818954545454544,1.188772727272727,0.0,1.585030303030303,14.171163636363634,11.394881818181815,10.519372727272724,6.428072727272726,1.188772727272727,7.743090909090908,3.651790909090909,2.7762818181818174,1.7818954545454544,14.171163636363634,1.188772727272727,0.0,1.585030303030303
4066328,Jarrett Allen,CLE,2026-06-07,0.0,13.0,0.0,1.0,13.0,6,3,1,0,0,2,2,1,3,5,,0,0,,0,3,0,-22,26.0,0.2307692307692307,0.1153846153846153,0.0384615384615384,0.0,0.0,0.1923076923076923,0.0,0.0384615384615384,0.2307692307692307,0.0,30.33333333333333,5.131601439446881,12.0,6.666666666666667,0.3333333333333333,0.0,0.0,1.0,1.3333333333333333,0.3333333333333333,5.0,8.0,,2.0,3.333333333333333,,3.0,3.6666666666666665,1.0,-18.666666666666668,0.3837557716868061,0.1330301406358389,0.2182188820119854,0.1165544384662301,0.0128205128205128,0.0222057795842163,0.0,0.0,0.0,0.0,0.2623784261715297,0.0770097304541389,0.1060025542784163,0.1035428355489621,0.0128205128205128,0.0222057795842163,0.3218400628745456,0.1044549441641795,30.2,5.06951674225463,13.8,6.8,1.0,0.0,0.0,1.0,1.2,0.8,5.2,8.8,,3.4,6.2,,3.6,3.2,1.4,-11.4,0.4713963201549409,0.2711824631715322,0.2269313292071912,0.0879476758836267,0.0328351648351648,0.0354805878882255,0.0,0.0,0.0,0.0,0.303712769988632,0.1582473021580359,0.2133158182813355,0.1938288990589957,0.0294065934065934,0.0330600884471636,0.4269783234390131,0.2579578110726031,31.2,3.8528488738133047,14.7,6.8,1.2,0.0,0.0,0.9,1.4,0.9,5.4,8.4,,3.9,6.1,,3.7,3.1,1.6,-4.6,0.4788186797907321,0.210031050470922,0.2186157542093304,0.0743856742444234,0.0384561128835322,0.0313379218653557,0.0,0.0,0.0,0.0,0.2755414208366099,0.1144313617778867,0.200513195879019,0.1415564587944926,0.0302902142660207,0.0221034674110839,0.394057441289399,0.1833054541916015,,,,29.9465,13.11849735099338,6.521752317880795,0.9309635761589404,0.0,0.9916059602649008,1.189927152317881,0.7932847682119206,20.57121324503312,19.640249668874176,14.04946092715232,7.452715894039735,2.1815331125827817,13.11849735099338,6.521752317880795,0.9309635761589404,0.0,20.57121324503312,0.9916059602649008,1.189927152317881,0.7932847682119206
4066757,Sam Merrill,CLE,2026-06-07,0.0,13.0,0.0,1.0,13.0,5,1,1,1,2,0,0,1,2,4,,0,0,,1,0,3,-13,18.0,0.2777777777777778,0.0555555555555555,0.0555555555555555,0.0555555555555555,0.1111111111111111,0.2222222222222222,0.0,0.0555555555555555,0.2777777777777778,0.0,21.666666666666668,3.21455025366432,5.0,1.3333333333333333,0.6666666666666666,1.0,4.333333333333333,0.3333333333333333,0.0,0.6666666666666666,1.6666666666666667,5.666666666666667,,0.6666666666666666,1.3333333333333333,,0.3333333333333333,1.0,3.0,-7.333333333333333,0.2338969404186795,0.0537722247418394,0.0601851851851851,0.0626284687892068,0.0324074074074074,0.0289120277703629,0.0462962962962963,0.0424312564347762,0.1940418679549114,0.0994844622935811,0.2594605475040257,0.076841243682608,0.0579710144927536,0.1004087424677609,0.0330112721417069,0.0292193998576876,0.3179790660225443,0.134336257124204,23.6,3.646916505762096,10.0,1.2,1.2,2.2,5.8,0.6,0.0,0.8,3.2,7.2,,1.4,1.8,,0.4,0.8,3.4,-3.4,0.4100524499654934,0.2996934480820649,0.0512539682539682,0.0459676072040793,0.0497301587301587,0.0314608019759912,0.0892063492063492,0.0736912347919343,0.237567977915804,0.0929932637885462,0.2999620427881297,0.0824600987707383,0.0739254658385093,0.0863081461954056,0.0358067632850241,0.0352354843750572,0.3682960110420979,0.1394813846153246,18.9,7.880355321938218,7.9,0.8,1.0,1.8,4.9,0.5,0.0,0.4,2.5,5.9,,1.1,1.3,,0.2,0.6,2.8,-2.4,0.4123307261713059,0.2213842003349052,0.0409744268077601,0.0401295512794929,0.052363315696649,0.0387941585485927,0.0930776014109347,0.0540102220365008,0.2586356491066636,0.0943835777203482,0.3137355264166859,0.0932315516379221,0.0680538302277432,0.075702960545857,0.0198926462694578,0.0312556445720457,0.3635718579863507,0.1187944155398141,,,,22.066000000000003,8.542000000000002,1.1252,1.0612,1.8662000000000003,0.561,0.0,0.7480000000000001,10.7284,9.6672,9.6032,2.1864,0.561,8.542000000000002,1.1252,1.0612,1.8662000000000003,10.7284,0.561,0.0,0.7480000000000001
4278046,Olivier Sarr,CLE,2026-06-07,0.0,29.0,0.0,0.0,2.0,0,0,0,0,0,0,0,0,0,0,,0,0,,0,0,0,0,0.0,,,,,,,,,,0.0,0.0,,0.0,0.0,0.0,0.0,0.0,0.0,0.0,0.0,0.0,0.0,,0.0,0.0,,0.0,0.0,0.0,0.0,,,,,,,,,,,,,,,,,,,0.0,,0.0,0.0,0.0,0.0,0.0,0.0,0.0,0.0,0.0,0.0,,0.0,0.0,,0.0,0.0,0.0,0.0,,,,,,,,,,,,,,,,,,,0.0,,0.0,0.0,0.0,0.0,0.0,0.0,0.0,0.0,0.0,0.0,,0.0,0.0,,0.0,0.0,0.0,0.0,,,,,,,,,,,,,,,,,,,,,,8.0,0.0,0.0,0.0,0.0,0.176,0.144,0.48,0.0,0.0,0.0,0.0,0.3199999999999999,0.0,0.0,0.0,0.0,0.0,0.176,0.144,0.48
4431734,Tristan Enaruna,CLE,2026-06-07,0.0,29.0,0.0,0.0,2.0,0,0,0,0,0,0,0,0,0,0,,0,0,,0,0,0,0,0.0,,,,,,,,,,0.0,0.0,,0.0,0.0,0.0,0.0,0.0,0.0,0.0,0.0,0.0,0.0,,0.0,0.0,,0.0,0.0,0.0,0.0,,,,,,,,,,,,,,,,,,,0.0,,0.0,0.0,0.0,0.0,0.0,0.0,0.0,0.0,0.0,0.0,,0.0,0.0,,0.0,0.0,0.0,0.0,,,,,,,,,,,,,,,,,,,0.0,,0.0,0.0,0.0,0.0,0.0,0.0,0.0,0.0,0.0,0.0,,0.0,0.0,,0.0,0.0,0.0,0.0,,,,,,,,,,,,,,,,,,,,,,8.0,0.0,0.0,0.0,0.0,0.176,0.144,0.48,0.0,0.0,0.0,0.0,0.3199999999999999,0.0,0.0,0.0,0.0,0.0,0.176,0.144,0.48
4432158,Evan Mobley,CLE,2026-06-07,0.0,13.0,0.0,1.0,13.0,15,7,4,1,4,1,0,3,7,15,,0,1,,2,5,1,-30,33.0,0.4545454545454545,0.2121212121212121,0.1212121212121212,0.0303030303030303,0.1212121212121212,0.4545454545454545,0.0303030303030303,0.0909090909090909,0.5587878787878787,0.0,35.333333333333336,2.081665999466131,17.666666666666668,6.333333333333333,3.0,1.3333333333333333,4.333333333333333,0.3333333333333333,1.0,3.0,7.333333333333333,13.666666666666666,,1.6666666666666667,3.0,,1.6666666666666667,4.666666666666667,1.0,-18.666666666666668,0.4998634998634998,0.1493915265824474,0.1803166803166803,0.0276354631350172,0.0859495859495859,0.0330979290620232,0.0373782873782873,0.0144967279324519,0.122986622986623,0.0428203778289926,0.3902538902538903,0.1524249419024084,0.0831740831740831,0.045812287440481,0.0856083356083356,0.0561190033755895,0.5124588224588225,0.2024980970552413,36.4,2.5099800796022262,17.8,9.0,3.6,1.4,5.0,0.6,1.6,2.8,7.0,13.4,,2.4,4.4,,1.6,7.4,1.2,-6.2,0.4915847665847666,0.129277875140538,0.2448566748566748,0.0907013068379276,0.0999030849030849,0.0443074082494058,0.0379825279825279,0.0129418132621608,0.136014196014196,0.0471451727147159,0.3697078897078897,0.1194800168110197,0.121015561015561,0.1090775907186208,0.0774761124761124,0.0417843457160016,0.5004308490308491,0.1445017031419271,37.2,2.780887148615227,16.5,7.6,4.1,1.3,4.3,1.2,2.3,2.7,6.1,12.1,,3.0,5.0,,1.7,5.9,2.0,-2.9,0.4446792845048659,0.1182656185783358,0.2032124757706153,0.0908911101037349,0.1091544842126237,0.0440155786769838,0.0345398626793975,0.0171014020233904,0.1157958080051103,0.0439853493454024,0.3266249645319413,0.1058349679947319,0.1347176791362838,0.103203989638181,0.0723993561784259,0.0332544959041497,0.4583000995303321,0.1262675081579122,,,,35.9645,17.38422142857143,8.383392857142859,3.566157142857143,1.34995,0.5928214285714286,1.580857142857143,2.7665,29.33377142857143,25.767614285714288,20.950378571428573,11.949550000000002,2.173678571428572,17.38422142857143,8.383392857142859,3.566157142857143,1.34995,29.33377142857143,0.5928214285714286,1.580857142857143,2.7665
4683747,Jaylon Tyson,CLE,2026-06-07,0.0,13.0,0.0,1.0,13.0,2,3,2,0,4,1,0,2,1,6,,0,0,,1,2,2,-21,16.0,0.125,0.1875,0.125,0.0,0.25,0.375,0.0,0.125,0.5,0.0,11.666666666666666,3.785938897200178,3.0,3.0,1.0,0.0,2.6666666666666665,0.3333333333333333,0.0,1.0,1.0,4.0,,1.0,1.0,,0.6666666666666666,2.333333333333333,1.3333333333333333,-6.0,0.2861111111111111,0.1434527925963928,0.2736111111111111,0.0764141372415495,0.0787037037037037,0.0685122619766145,0.0,0.0,0.2203703703703703,0.0978682241609171,0.3324074074074074,0.0962384085265345,0.1037037037037037,0.1002055500627309,0.0787037037037037,0.0685122619766145,0.4567407407407407,0.0648132486583267,7.8,6.099180272790763,1.8,1.8,0.6,0.0,1.8,0.2,0.0,0.6,0.6,2.6,,0.6,0.6,,0.4,1.4,0.8,-3.4,0.2145833333333333,0.1848892311027814,0.2052083333333333,0.1503612547980511,0.0590277777777777,0.0683948458458062,0.0,0.0,0.2277777777777777,0.0812707713240432,0.3118055555555555,0.0887259791871358,0.0777777777777777,0.0968644209675705,0.0590277777777777,0.0683948458458062,0.4050555555555555,0.1161289725762048,8.8,6.957010852370435,2.2,1.9,0.6,0.1,1.5,0.1,0.1,0.5,0.8,2.6,,0.5,0.7,,0.5,1.4,0.6,-3.2,0.2795334295334295,0.3054236205336471,0.1739959114959114,0.1485270269945688,0.0471580888247554,0.061674538816374,0.0079365079365079,0.0238095238095238,0.1490339907006573,0.1102572762404647,0.3042247875581209,0.1137032165584301,0.0724466891133557,0.0973867527893797,0.0712081128747795,0.1109890044593929,0.4073094436427769,0.142839636313288,,,,10.166,2.3156000000000003,2.3516000000000004,0.8412000000000001,0.008,0.2606666666666666,0.0,0.782,5.508400000000001,4.667200000000001,3.1568000000000005,3.1928000000000005,0.2606666666666666,2.3156000000000003,2.3516000000000004,0.8412000000000001,0.008,5.508400000000001,0.2606666666666666,0.0,0.782
4701233,Craig Porter Jr.,CLE,2026-06-07,0.0,13.0,0.0,1.0,13.0,0,1,3,0,0,0,0,3,0,0,,0,0,,0,1,1,-4,9.0,0.0,0.1111111111111111,0.3333333333333333,0.0,0.0,0.0,0.0,0.3333333333333333,0.3333333333333333,0.0,3.333333333333333,4.932882862316247,0.0,0.3333333333333333,1.0,0.0,0.0,0.0,0.0,1.0,0.0,0.0,,0.0,0.0,,0.0,0.3333333333333333,0.3333333333333333,-0.6666666666666666,0.0,0.0,0.0555555555555555,0.0785674201318386,0.1666666666666666,0.2357022603955158,0.0,0.0,0.0,0.0,0.0,0.0,0.0,0.0,0.1666666666666666,0.2357022603955158,0.1666666666666666,0.2357022603955158,2.8,3.8340579025361623,0.4,0.6,0.8,0.0,0.0,0.0,0.0,0.6,0.2,0.4,,0.0,0.0,,0.0,0.6,0.2,-0.2,0.1666666666666666,0.2886751345948129,0.2037037037037037,0.2625453125695893,0.1944444444444444,0.1734721666221777,0.0,0.0,0.0,0.0,0.1666666666666666,0.2886751345948129,0.0,0.0,0.1111111111111111,0.1924500897298752,0.2777777777777777,0.2545875386086578,1.6,2.913569784454954,0.2,0.3,0.4,0.0,0.0,0.0,0.0,0.4,0.1,0.2,,0.0,0.0,,0.0,0.3,0.1,-0.5,0.125,0.25,0.1527777777777778,0.2373334373699314,0.1458333333333333,0.1717960677340692,0.0,0.0,0.0,0.0,0.125,0.25,0.0,0.0,0.0833333333333333,0.1666666666666666,0.2083333333333333,0.25,,,,6.833333333333334,0.6577142857142856,1.0865714285714283,1.6154285714285712,0.0,0.0,0.0,1.4642857142857144,3.359714285714285,1.7442857142857142,2.2731428571428567,2.702,0.0,0.6577142857142856,1.0865714285714283,1.6154285714285712,0.0,3.359714285714285,0.0,0.0,1.4642857142857144
4702177,Keon Ellis,CLE,2026-06-07,0.0,13.0,0.0,1.0,13.0,5,2,1,1,3,1,0,0,1,3,,2,2,,0,2,1,-20,16.0,0.3125,0.125,0.0625,0.0625,0.1875,0.1875,0.125,0.0,0.2425,0.0,5.666666666666667,8.962886439832502,1.6666666666666667,0.6666666666666666,0.3333333333333333,0.3333333333333333,1.0,0.3333333333333333,0.0,0.0,0.3333333333333333,1.0,,0.6666666666666666,0.6666666666666666,,0.0,0.6666666666666666,0.3333333333333333,-6.0,0.15625,0.2209708691207961,0.0625,0.0883883476483184,0.03125,0.0441941738241592,0.03125,0.0441941738241592,0.09375,0.1325825214724776,0.09375,0.1325825214724776,0.0625,0.0883883476483184,0.0,0.0,0.12125,0.1714733944377377,5.2,6.3796551630946325,2.0,0.4,0.2,0.4,0.8,0.2,0.0,0.6,0.4,0.8,,0.8,0.8,,0.0,0.4,0.6,-2.2,0.365625,0.3084529610275555,0.03125,0.0625,0.015625,0.03125,0.078125,0.1183105905375057,0.109375,0.1288470508005519,0.109375,0.1288470508005519,0.13125,0.1886078382959379,0.1625,0.1973786547054502,0.329625,0.2620252452850043,3.4,4.971027168615267,1.3,0.2,0.2,0.3,0.5,0.2,0.0,0.4,0.3,0.5,,0.4,0.4,,0.0,0.2,0.3,-1.6,0.3270833333333333,0.2926619921798296,0.0208333333333333,0.0510310363079828,0.09375,0.2005850816985151,0.0798611111111111,0.1057518277576046,0.1006944444444444,0.1136642432130051,0.1006944444444444,0.1136642432130051,0.0875,0.161051234084064,0.1916666666666666,0.2245365597551246,0.3308611111111111,0.2287118618278045,,,,7.475,2.609,0.617,0.3165,0.525,0.2875,0.0,0.8625,3.5425,3.226,2.9255,0.9335,0.2875,2.609,0.617,0.3165,0.525,3.5425,0.2875,0.0,0.8625
5023693,Tyrese Proctor,CLE,2026-06-07,0.0,13.0,0.0,1.0,13.0,0,1,2,0,2,0,0,1,0,2,,0,0,,0,1,1,-4,9.0,0.0,0.1111111111111111,0.2222222222222222,0.0,0.2222222222222222,0.2222222222222222,0.0,0.1111111111111111,0.3333333333333333,0.0,3.333333333333333,4.932882862316247,0.0,0.3333333333333333,0.6666666666666666,0.0,0.6666666666666666,0.0,0.0,0.3333333333333333,0.0,0.6666666666666666,,0.0,0.0,,0.0,0.3333333333333333,0.3333333333333333,-0.6666666666666666,0.0,0.0,0.0555555555555555,0.0785674201318386,0.1111111111111111,0.1571348402636772,0.0,0.0,0.1111111111111111,0.1571348402636772,0.1111111111111111,0.1571348402636772,0.0,0.0,0.0555555555555555,0.0785674201318386,0.1666666666666666,0.2357022603955158,2.0,3.9370039370059056,0.0,0.2,0.4,0.0,0.4,0.0,0.0,0.2,0.0,0.4,,0.0,0.0,,0.0,0.2,0.2,-0.4,0.0,0.0,0.0555555555555555,0.0785674201318386,0.1111111111111111,0.1571348402636772,0.0,0.0,0.1111111111111111,0.1571348402636772,0.1111111111111111,0.1571348402636772,0.0,0.0,0.0555555555555555,0.0785674201318386,0.1666666666666666,0.2357022603955158,1.0,2.8284271247461903,0.0,0.1,0.2,0.0,0.2,0.0,0.0,0.2,0.0,0.2,,0.0,0.0,,0.0,0.1,0.1,-0.6,0.0,0.0,0.0555555555555555,0.0785674201318386,0.1111111111111111,0.1571348402636772,0.0,0.0,0.1111111111111111,0.1571348402636772,0.1111111111111111,0.1571348402636772,0.0,0.0,0.0555555555555555,0.0785674201318386,0.1666666666666666,0.2357022603955158,,,,6.95,0.0,0.34,0.68,0.0,0.1529,0.1251,0.417,1.02,0.34,0.68,1.02,0.278,0.0,0.34,0.68,0.0,1.02,0.1529,0.1251,0.417
5106268,Nae'Qwan Tomlin,CLE,2026-06-07,0.0,13.0,0.0,1.0,13.0,2,1,1,0,0,0,0,0,1,2,,0,0,,1,0,1,-2,7.0,0.2857142857142857,0.1428571428571428,0.1428571428571428,0.0,0.0,0.2857142857142857,0.0,0.0,0.2857142857142857,0.0,2.6666666666666665,3.7859388972001824,1.3333333333333333,0.6666666666666666,0.3333333333333333,0.0,0.0,0.0,0.0,0.0,0.6666666666666666,1.0,,0.0,0.0,,0.6666666666666666,0.0,0.3333333333333333,0.0,1.1428571428571428,1.212183053462653,0.5714285714285714,0.6060915267313265,0.0714285714285714,0.101015254455221,0.0,0.0,0.0,0.0,0.6428571428571428,0.5050762722761053,0.0,0.0,0.0,0.0,0.6428571428571428,0.5050762722761053,2.4,3.049590136395381,1.2,0.6,0.2,0.0,0.0,0.2,0.0,0.0,0.6,0.8,,0.0,0.0,,0.4,0.2,0.2,0.2,0.9285714285714284,0.9340497736158586,0.4642857142857142,0.4670248868079293,0.0476190476190476,0.0824786098842322,0.0,0.0,0.0,0.0,0.5119047619047619,0.4230798962837347,0.0,0.0,0.0,0.0,0.5119047619047619,0.4230798962837347,1.4,2.3664319132398464,0.7,0.4,0.1,0.0,0.0,0.1,0.0,0.0,0.3,0.4,,0.1,0.2,,0.3,0.1,0.1,-0.3,0.8214285714285714,0.7921811790292441,0.4732142857142857,0.381742112971999,0.0357142857142857,0.0714285714285714,0.0,0.0,0.0,0.0,0.3839285714285714,0.429933351898675,0.25,0.5,0.0,0.0,0.4939285714285714,0.347309141048407,,,,6.6,2.4839999999999995,1.2459999999999998,0.4659999999999999,0.0,0.5499999999999999,0.0,0.0,4.196,3.73,2.9499999999999997,1.7119999999999995,0.5499999999999999,2.4839999999999995,1.2459999999999998,0.4659999999999999,0.0,4.196,0.5499999999999999,0.0,0.0
5177362,Riley Minix,CLE,2026-06-07,0.0,29.0,0.0,0.0,2.0,0,0,0,0,0,0,0,0,0,0,,0,0,,0,0,0,0,0.0,,,,,,,,,,0.0,0.0,,0.0,0.0,0.0,0.0,0.0,0.0,0.0,0.0,0.0,0.0,,0.0,0.0,,0.0,0.0,0.0,0.0,,,,,,,,,,,,,,,,,,,0.0,,0.0,0.0,0.0,0.0,0.0,0.0,0.0,0.0,0.0,0.0,,0.0,0.0,,0.0,0.0,0.0,0.0,,,,,,,,,,,,,,,,,,,0.0,,0.0,0.0,0.0,0.0,0.0,0.0,0.0,0.0,0.0,0.0,,0.0,0.0,,0.0,0.0,0.0,0.0,,,,,,,,,,,,,,,,,,,,,,8.0,0.0,0.0,0.0,0.0,0.176,0.144,0.48,0.0,0.0,0.0,0.0,0.3199999999999999,0.0,0.0,0.0,0.0,0.0,0.176,0.144,0.48
6440,Tobias Harris,DET,2026-06-07,0.0,21.0,0.0,0.0,9.0,5,5,2,0,2,1,1,1,0,6,,5,6,,1,4,3,-23,23.0,0.217391304347826,0.217391304347826,0.0869565217391304,0.0,0.0869565217391304,0.2608695652173913,0.2608695652173913,0.0434782608695652,0.4191304347826087,0.0,29.33333333333333,9.291573243177568,8.0,5.333333333333333,2.6666666666666665,0.3333333333333333,3.6666666666666665,1.3333333333333333,0.6666666666666666,1.0,2.6666666666666665,10.666666666666666,,2.333333333333333,2.6666666666666665,,1.0,4.333333333333333,4.0,-6.333333333333333,0.2607971014492753,0.0567388527951456,0.1891304347826087,0.0349858194335458,0.0939855072463768,0.0233089034050469,0.0083333333333333,0.0144337567297406,0.1139855072463768,0.0529544572549204,0.3386231884057971,0.1184924868470294,0.1136231884057971,0.1336455072686938,0.041159420289855,0.0400503778537179,0.4297768115942029,0.0409514224955719,32.4,7.829431652425354,12.2,5.8,2.6,1.0,3.8,1.2,0.6,0.8,4.2,12.6,,2.8,3.0,,1.2,4.6,3.0,-5.6,0.3558934655479278,0.141523594636081,0.1842384947876938,0.0410353501198602,0.0841690821256038,0.0535125877724689,0.0266374269005847,0.027082006462592,0.1119585558098143,0.0431151250006038,0.3713025680142384,0.1018305506337909,0.1056008136282735,0.0988619112773115,0.0299588100686498,0.0335232323926931,0.4477257360793287,0.0410481779752171,34.25,6.497252166438188,16.5,6.625,2.0,1.625,4.25,1.625,0.75,1.0,5.875,13.875,,3.125,3.5,,1.25,5.375,2.5,1.0,0.4616485926826316,0.2028452566490423,0.1956887335319829,0.038678530479516,0.062755248978075,0.0522557883114624,0.0439713878858615,0.044534201378749,0.1204404290974657,0.0461076535382032,0.393489953934748,0.0910192110642321,0.10881495758212,0.0862477121806985,0.0319851133037631,0.0265394963654304,0.4733536485746439,0.0523132309813388,,,,27.836,10.72,5.704999999999999,2.41,0.7749999999999999,0.6123919999999999,0.5010479999999999,1.67016,18.835,16.425,13.13,8.114999999999998,1.1134399999999998,10.72,5.704999999999999,2.41,0.7749999999999999,18.835,0.6123919999999999,0.5010479999999999,1.67016
2596112,Javonte Green,DET,2026-06-07,0.0,21.0,0.0,0.0,9.0,0,0,0,0,0,0,0,0,0,0,,0,0,,0,0,0,0,0.0,,,,,,,,,,0.0,0.0,0.0,0.0,0.0,0.0,0.0,0.0,0.0,0.0,0.0,0.0,0.0,,0.0,0.0,,0.0,0.0,0.0,0.0,,,,,,,,,,,,,,,,,,,3.4,4.979959839195493,0.6,0.4,0.0,0.2,0.8,0.0,0.0,0.0,0.2,1.0,,0.0,0.0,,0.2,0.2,0.6,-0.8,0.1363636363636363,0.1928473039599673,0.0909090909090908,0.1285648693066449,0.0,0.0,0.0454545454545454,0.0642824346533228,0.1818181818181818,0.2571297386132903,0.2272727272727273,0.3214121732666126,0.0,0.0,0.0,0.0,0.2272727272727273,0.3214121732666126,4.75,5.311712126450916,1.125,0.625,0.0,0.375,1.5,0.0,0.0,0.0,0.375,1.625,,0.0,0.0,,0.125,0.5,0.75,-0.625,0.2974025974025974,0.411721085179985,0.1316017316017315,0.1396263288327237,0.0,0.0,0.0991341991341991,0.1372403617266616,0.3441558441558442,0.4085236223383333,0.3623376623376623,0.4116186593542888,0.0,0.0,0.0,0.0,0.3623376623376623,0.4116186593542888,,,,8.0,0.435,0.265,0.0,0.145,0.176,0.144,0.48,0.7,0.7,0.435,0.265,0.3199999999999999,0.435,0.265,0.0,0.145,0.7,0.176,0.144,0.48
2991043,Caris LeVert,DET,2026-06-07,0.0,21.0,0.0,0.0,9.0,11,2,2,2,4,1,0,1,3,5,,3,4,,0,2,3,-14,17.0,0.6470588235294118,0.1176470588235294,0.1176470588235294,0.1176470588235294,0.2352941176470588,0.2941176470588235,0.2352941176470588,0.0588235294117647,0.4564705882352941,0.0,23.33333333333333,6.027713773341709,8.666666666666666,2.0,2.0,1.3333333333333333,4.0,1.0,0.6666666666666666,1.0,2.6666666666666665,6.333333333333333,,2.0,2.333333333333333,,0.0,2.0,3.6666666666666665,-3.0,0.4048625197205319,0.20989695927082,0.0875873337840883,0.0403971794903859,0.0875873337840883,0.0403971794903858,0.0622041920216362,0.0591142474493425,0.1775693035835023,0.0553275027731983,0.2757212080234393,0.0297661935481657,0.1200980392156862,0.1177236270443414,0.0425963488843813,0.0372364295145756,0.3711606941627225,0.0760799087706586,23.6,6.542170893518451,11.2,2.4,1.8,1.4,3.6,1.6,0.6,0.8,4.0,8.2,,1.8,2.0,,0.8,1.6,2.6,-0.8,0.4683444568038561,0.227521932988777,0.1018882636480621,0.0348659936927897,0.0719072389801304,0.0494734190954737,0.0566773539226591,0.0545451769562782,0.1452512595694562,0.0903965900446769,0.3392467665597941,0.1064817062928177,0.1020398481973434,0.091936230446404,0.0373225152129817,0.0343213020009738,0.421466814979607,0.0905362664612533,17.5,10.392304845413264,8.0,2.0,1.25,1.125,2.625,1.0,0.375,0.5,2.875,5.875,,1.125,1.25,,0.625,1.375,1.75,1.0,0.4224438427719851,0.2687266870008238,0.1265013849012409,0.0544698599226236,0.062351324546247,0.0488996897252036,0.0624618462084928,0.0636665545190712,0.1367179326595017,0.1004885582992706,0.3131371897893523,0.125622207363635,0.0728856058552453,0.0900773317667089,0.0266589394378441,0.0334209625575276,0.3718657958035044,0.1373827532233784,,,,19.8015,9.77,2.14,1.7799999999999998,1.415,0.4356329999999999,0.3564269999999999,1.18809,13.69,11.91,11.55,3.92,0.7920599999999999,9.77,2.14,1.7799999999999998,1.415,13.69,0.4356329999999999,0.3564269999999999,1.18809
3157465,Duncan Robinson,DET,2026-06-07,0.0,21.0,0.0,0.0,8.0,13,1,1,3,5,1,0,3,4,7,,2,3,,0,1,3,-20,22.0,0.5909090909090909,0.0454545454545454,0.0454545454545454,0.1363636363636363,0.2272727272727272,0.3181818181818182,0.1363636363636363,0.1363636363636363,0.5145454545454545,0.0,23.666666666666668,4.725815626252609,10.333333333333334,1.3333333333333333,1.3333333333333333,2.6666666666666665,4.666666666666667,0.3333333333333333,0.0,1.3333333333333333,3.0,5.333333333333333,,1.6666666666666667,2.6666666666666665,,0.0,1.3333333333333333,3.0,-12.0,0.4762800417972831,0.2980524193403123,0.0599791013584117,0.0350905866671121,0.0599791013584117,0.0350905866671121,0.1236154649947753,0.0834917732677394,0.2154127481713688,0.1408921199111748,0.2457157784743991,0.1538947377528201,0.1184430512016718,0.0433878713282838,0.0569487983281086,0.0709034733682349,0.3547795193312435,0.1976209722081452,28.8,7.791020472312983,12.6,2.0,2.2,3.4,6.0,1.8,0.2,1.0,4.0,7.4,,1.2,2.0,,0.0,2.0,2.6,-6.0,0.4609932503035951,0.2123315484466547,0.0688703436979299,0.027650231883921,0.0744258992534854,0.0334623843582042,0.1234185282461144,0.0596460814986176,0.2167851864403588,0.1011261182747179,0.2622943319495043,0.1142263065958364,0.0821769418321142,0.0615882594318471,0.0395746844022706,0.0563111532616537,0.3380268707579052,0.1441963225386158,29.714285714285715,6.945365018348227,13.142857142857142,2.2857142857142856,2.2857142857142856,3.4285714285714284,6.857142857142857,2.0,0.1428571428571428,0.8571428571428571,4.428571428571429,8.857142857142858,,0.8571428571428571,1.5714285714285714,,0.1428571428571428,2.142857142857143,2.857142857142857,-1.2857142857142858,0.4659022082667403,0.2085977923406016,0.0730026264509023,0.0536125855792606,0.0752702001470474,0.027574931597768,0.121602803622508,0.0603528066702937,0.2353454279562654,0.0884740132827296,0.3001648856328659,0.1151550934790439,0.0637998564106938,0.0601667988479762,0.0322358856841615,0.0483254605284173,0.3604727081377327,0.1248475704883722,,,,24.87485714285714,12.088571428571427,1.707142857142857,1.777142857142857,3.125714285714285,0.547246857142857,0.4477474285714285,1.4924914285714284,15.572857142857142,13.795714285714284,13.865714285714285,3.484285714285714,0.9949942857142856,12.088571428571427,1.707142857142857,1.777142857142857,3.125714285714285,15.572857142857142,0.547246857142857,0.4477474285714285,1.4924914285714284
4066372,Kevin Huerter,DET,2026-06-07,0.0,21.0,0.0,0.0,5.0,0,0,0,0,0,0,0,0,0,0,,0,0,,0,0,0,0,0.0,,,,,,,,,,0.0,1.0,1.7320508075688772,0.0,0.0,0.3333333333333333,0.0,0.0,0.0,0.0,0.0,0.0,0.0,,0.0,0.0,,0.0,0.0,0.0,-1.3333333333333333,0.0,,0.0,,0.3333333333333333,,0.0,,0.0,,0.0,,0.0,,0.0,,0.0,,0.75,1.5,0.0,0.0,0.25,0.0,0.0,0.0,0.0,0.0,0.0,0.0,,0.0,0.0,,0.0,0.0,0.0,-1.0,0.0,,0.0,,0.3333333333333333,,0.0,,0.0,,0.0,,0.0,,0.0,,0.0,,0.75,1.5,0.0,0.0,0.25,0.0,0.0,0.0,0.0,0.0,0.0,0.0,,0.0,0.0,,0.0,0.0,0.0,-1.0,0.0,,0.0,,0.3333333333333333,,0.0,,0.0,,0.0,,0.0,,0.0,,0.0,,,,,8.0,0.0,0.0,0.2375,0.0,0.176,0.144,0.48,0.2375,0.0,0.2375,0.2375,0.3199999999999999,0.0,0.0,0.2375,0.0,0.2375,0.176,0.144,0.48
4278562,Paul Reed,DET,2026-06-07,0.0,21.0,0.0,0.0,9.0,4,4,1,0,0,0,0,0,2,5,,0,0,,3,1,1,-7,8.0,0.5,0.5,0.125,0.0,0.0,0.625,0.0,0.0,0.625,0.0,13.666666666666666,4.932882862316247,10.333333333333334,6.0,1.0,0.3333333333333333,0.3333333333333333,0.0,1.0,1.3333333333333333,4.333333333333333,7.0,,1.3333333333333333,1.6666666666666667,,3.333333333333333,2.6666666666666665,1.6666666666666667,0.3333333333333333,0.7169117647058822,0.3025223761348634,0.4485294117647059,0.0653543707155558,0.0821078431372549,0.0371911541801311,0.0208333333333333,0.0360843918243516,0.0208333333333333,0.0360843918243515,0.5330882352941176,0.1096180258520262,0.1017156862745098,0.0947597961873691,0.0821078431372549,0.0958941184288707,0.6599509803921569,0.1579999297373298,13.0,3.872983346207416,11.4,5.0,1.0,0.4,0.6,0.2,0.6,1.2,4.8,6.8,,1.4,2.0,,2.8,2.2,1.6,1.8,0.8644327731092437,0.2943917877558994,0.3862605042016807,0.0971146934399906,0.0778361344537815,0.057243562398376,0.0267857142857142,0.0368134430858719,0.0410714285714285,0.0630081384442048,0.5284243697478992,0.1158502874570315,0.1496008403361344,0.1089761287722512,0.0835504201680672,0.0685841360619939,0.6777991596638656,0.1253498717177854,8.375,7.049569389078213,7.125,3.125,0.625,0.25,0.375,0.125,0.375,0.75,3.0,4.375,,0.875,1.25,,1.75,1.375,1.125,0.5,0.7203606442577031,0.4403111282143357,0.3218837535014006,0.1800311282248455,0.0648634453781512,0.0602594749393261,0.0223214285714285,0.034695284335224,0.0342261904761904,0.0587976539978106,0.523686974789916,0.1042673906311509,0.1246673669467787,0.1150248055216582,0.069625350140056,0.07018883406359,0.6481659663865547,0.1335620797030168,,,,10.291250000000002,9.115,4.775,0.925,0.29,0.2264075,0.1852425,0.6174750000000001,14.815,13.89,10.04,5.7,0.41165,9.115,4.775,0.925,0.29,14.815,0.2264075,0.1852425,0.6174750000000001
4397882,Tolu Smith,DET,2026-06-07,0.0,21.0,0.0,0.0,9.0,4,2,0,0,0,1,0,1,2,2,,0,0,,0,2,0,4,5.0,0.8,0.4,0.0,0.0,0.0,0.4,0.0,0.2,0.6,0.0,1.6666666666666667,2.8867513459481287,1.3333333333333333,0.6666666666666666,0.0,0.0,0.0,0.3333333333333333,0.0,0.3333333333333333,0.6666666666666666,0.6666666666666666,,0.0,0.0,,0.0,0.6666666666666666,0.0,1.3333333333333333,0.8,,0.4,,0.0,,0.0,,0.0,,0.4,,0.0,,0.2,,0.6,,1.0,2.23606797749979,0.8,0.4,0.0,0.0,0.0,0.2,0.0,0.2,0.4,0.4,,0.0,0.0,,0.0,0.4,0.0,0.8,0.8,,0.4,,0.0,,0.0,,0.0,,0.4,,0.0,,0.2,,0.6,,0.75,1.7525491637693282,0.5,0.25,0.0,0.0,0.0,0.125,0.0,0.125,0.25,0.25,,0.0,0.0,,0.0,0.25,0.0,0.5,0.4,0.5656854249492381,0.2,0.282842712474619,0.0,0.0,0.0,0.0,0.0,0.0,0.2,0.282842712474619,0.0,0.0,0.1,0.1414213562373095,0.3,0.4242640687119285,,,,6.95,1.38,0.6900000000000001,0.0,0.0,0.1529,0.1251,0.417,2.0700000000000003,2.0700000000000003,1.38,0.6900000000000001,0.278,1.38,0.6900000000000001,0.0,0.0,2.0700000000000003,0.1529,0.1251,0.417
4432107,Marcus Sasser,DET,2026-06-07,0.0,21.0,0.0,0.0,9.0,9,2,1,3,9,1,0,0,3,12,,0,0,,2,0,3,-16,23.0,0.391304347826087,0.0869565217391304,0.0434782608695652,0.1304347826086956,0.391304347826087,0.5217391304347826,0.0,0.0,0.5217391304347826,0.0,19.0,3.605551275463989,6.666666666666667,1.6666666666666667,0.6666666666666666,1.3333333333333333,4.0,0.6666666666666666,0.0,0.6666666666666666,2.6666666666666665,6.333333333333333,,0.0,0.0,,1.0,0.6666666666666666,1.3333333333333333,6.666666666666667,0.338768115942029,0.1929411613560767,0.0891706924315619,0.0347751294741054,0.0330112721417069,0.0292193998576876,0.0619967793880837,0.0654555204080601,0.188305152979066,0.1774746879480796,0.3081723027375201,0.2001083575595563,0.0,0.0,0.0393518518518518,0.0342561309883072,0.3475241545893719,0.1675708316933188,12.0,9.97496867163,5.4,1.0,0.4,1.0,2.8,0.6,0.0,0.4,2.2,4.6,,0.0,0.0,,0.6,0.4,0.8,5.6,0.8374094202898551,1.0096485177709584,0.0668780193236714,0.0528588641302628,0.0247584541062801,0.0290106573658558,0.1298309178743961,0.1458155163599339,0.3078955314009661,0.2796526613841153,0.5644625603864735,0.5379910357120488,0.0,0.0,0.0295138888888888,0.0341974229229031,0.5939764492753623,0.5115417121932038,7.625,9.664921845815115,3.375,0.625,0.375,0.625,1.75,0.375,0.0,0.25,1.375,2.875,,0.0,0.0,,0.375,0.25,0.5,3.5,0.6699275362318841,0.951206341713436,0.0535024154589371,0.0546816105431036,0.2198067632850241,0.4368643133148252,0.1038647342995169,0.1389886220368676,0.2463164251207729,0.2785931440573344,0.4515700483091788,0.5299050502641985,0.0,0.0,0.0236111111111111,0.0324239375831354,0.4751811594202898,0.5165440900290306,,,,17.71875,5.914999999999999,1.275,0.565,1.3249999999999995,0.3898124999999999,0.3189375,1.063125,7.754999999999999,7.19,6.479999999999999,1.84,0.70875,5.914999999999999,1.275,0.565,1.3249999999999995,7.754999999999999,0.3898124999999999,0.3189375,1.063125
4432166,Cade Cunningham,DET,2026-06-07,0.0,21.0,0.0,0.0,9.0,13,4,5,0,7,2,0,3,5,16,,3,3,,0,4,4,-32,37.0,0.3513513513513513,0.1081081081081081,0.1351351351351351,0.0,0.1891891891891892,0.4324324324324324,0.081081081081081,0.081081081081081,0.5491891891891892,0.0,42.333333333333336,5.507570547286103,24.33333333333333,4.333333333333333,7.333333333333333,3.6666666666666665,9.0,1.3333333333333333,0.0,5.333333333333333,8.333333333333334,20.666666666666668,,4.0,4.333333333333333,,0.3333333333333333,4.0,3.333333333333333,-7.666666666666667,0.5546171171171171,0.2353758508200392,0.100520163020163,0.0495448701944518,0.1710371085371085,0.031127611505778,0.0813492063492063,0.0705133160472891,0.2118725868725869,0.024644373427043,0.482437794937795,0.0700496493324631,0.0984555984555984,0.0613961667429229,0.1242492492492492,0.042797731657463,0.6500075075075075,0.1061763796355452,41.0,4.301162633521313,23.8,5.2,7.6,3.0,7.6,1.2,0.0,5.8,8.4,21.0,,4.0,4.4,,1.4,3.8,3.6,-8.0,0.5686677061677061,0.1825671215355384,0.1269787644787645,0.0810364795306564,0.1846735471735471,0.0463470533142057,0.0693223443223443,0.0525097516099833,0.1835338085338085,0.0434930139913097,0.5099754974754974,0.1175561648261166,0.1052272052272052,0.0520611861181772,0.1412162162162162,0.0468533785124972,0.697491683991684,0.1707420770154221,41.0,3.380617018914066,24.875,4.125,8.375,3.0,6.875,1.125,0.5,5.25,8.125,19.5,,5.625,6.375,,0.875,3.25,3.375,1.75,0.6008385617760618,0.1645853218069375,0.1004239988614988,0.0727690914091178,0.2044777435402435,0.058268207577286,0.0710279304029304,0.0424033483128061,0.1666774948024948,0.0413830592827524,0.4746412793287793,0.1083351176449539,0.1543659043659043,0.0812369862925089,0.1278663622413622,0.0404521369766085,0.6704286394911395,0.1406072844625489,,,,39.47,22.555,4.545,7.284999999999999,2.75,0.8683399999999999,0.71046,2.3682,34.385,27.1,29.84,11.829999999999998,1.5787999999999998,22.555,4.545,7.284999999999999,2.75,34.385,0.8683399999999999,0.71046,2.3682
4432810,Isaiah Stewart,DET,2026-06-07,0.0,21.0,0.0,0.0,9.0,3,0,0,0,0,0,0,0,1,1,,1,1,,0,0,2,-8,6.0,0.5,0.0,0.0,0.0,0.0,0.1666666666666666,0.1666666666666666,0.0,0.24,0.0,7.0,3.60555127546399,3.6666666666666665,1.0,0.3333333333333333,0.6666666666666666,1.3333333333333333,0.0,0.3333333333333333,0.0,1.3333333333333333,2.333333333333333,,0.3333333333333333,0.3333333333333333,,0.6666666666666666,0.3333333333333333,1.3333333333333333,2.0,0.4090909090909091,0.3720614896305659,0.1439393939393939,0.1292327432517573,0.0303030303030303,0.0524863881081478,0.0606060606060606,0.1049727762162956,0.1742424242424242,0.1513256390563498,0.2904040404040404,0.1481314078390147,0.0555555555555555,0.0962250448649376,0.0,0.0,0.3148484848484849,0.1210844024095879,7.4,2.7018512172212583,3.8,1.6,0.2,0.4,0.8,0.0,0.2,0.2,1.6,2.6,,0.2,0.2,,0.8,0.8,1.8,1.6,0.4486291486291486,0.2723263351562633,0.2165223665223665,0.1534636444362125,0.0181818181818181,0.040655781409087,0.0363636363636363,0.0813115628181741,0.1045454545454545,0.14338009359625,0.3266233766233766,0.1206853115962099,0.0333333333333333,0.0745355992499929,0.0285714285714285,0.063887656499994,0.3698614718614718,0.1417442695193276,9.125,3.681517544243329,3.375,1.75,0.25,0.25,0.5,0.0,0.125,0.5,1.375,2.25,,0.375,0.375,,0.875,0.875,2.25,0.625,0.3547521922521922,0.2743797374527074,0.1964642995892996,0.1233377964427629,0.0209790209790209,0.0390250249443049,0.0227272727272727,0.0642824346533225,0.065340909090909,0.1211402316577448,0.2629537129537129,0.1358201388250165,0.0400641025641025,0.0742633906317783,0.052712912087912,0.0731657545892075,0.3332948301698301,0.1519646561221934,,,,7.3,3.555,1.21,0.2199999999999999,0.3899999999999999,0.1606,0.1314,0.438,4.984999999999999,4.765,3.775,1.43,0.292,3.555,1.21,0.2199999999999999,0.3899999999999999,4.984999999999999,0.1606,0.1314,0.438
4433621,Jalen Duren,DET,2026-06-07,0.0,21.0,0.0,0.0,9.0,7,9,3,0,0,0,2,3,3,7,,1,2,,2,7,5,-18,26.0,0.2692307692307692,0.3461538461538461,0.1153846153846153,0.0,0.0,0.2692307692307692,0.0769230769230769,0.1153846153846153,0.4184615384615384,0.0,26.0,1.0000000000000124,10.333333333333334,8.333333333333334,2.333333333333333,0.0,0.0,0.6666666666666666,1.6666666666666667,1.0,4.333333333333333,7.333333333333333,,1.6666666666666667,3.333333333333333,,2.333333333333333,6.0,3.0,-8.333333333333334,0.3949287749287749,0.1463232220274772,0.3178537511870845,0.1065604508868621,0.0917948717948718,0.0825672877232405,0.0,0.0,0.0,0.0,0.2798670465337132,0.0856817575168899,0.1283570750237417,0.0449356063555834,0.0384615384615384,0.0666173387526491,0.3748056980056979,0.0908210531052431,26.8,1.4832396974191535,10.0,6.2,2.0,0.0,0.0,1.2,1.2,2.0,4.4,7.6,,1.2,2.4,,1.8,4.4,3.4,-10.2,0.3720785931820414,0.112007385671351,0.2331132724236172,0.1401840135685086,0.0767882896158758,0.0634575280183952,0.0,0.0,0.0,0.0,0.2823519009725906,0.061110176582009,0.0908073484625208,0.0651755388497897,0.0733962078789665,0.0689710308588933,0.3957033421750663,0.0713747339526103,29.875,4.517821851923148,10.5,8.5,2.25,0.0,0.0,0.875,1.0,1.875,4.125,8.125,,2.25,3.5,,3.0,5.5,2.875,-0.125,0.3528135410031962,0.0989042999430816,0.2771074016763672,0.1252078561689907,0.0762014092186506,0.0530364298906663,0.0,0.0,0.0,0.0,0.2726762093141403,0.0556397440859241,0.1140378500723328,0.061643987894805,0.0637765728282969,0.0545562370203022,0.3866294361742637,0.0564474211696444,,,,26.68575,9.75,7.72,2.3,0.0,0.5870865,0.4803434999999999,1.6011449999999998,19.77,17.47,12.05,10.02,1.06743,9.75,7.72,2.3,0.0,19.77,0.5870865,0.4803434999999999,1.6011449999999998
4592187,Wendell Moore Jr.,DET,2026-06-07,0.0,29.0,0.0,0.0,2.0,0,0,0,0,0,0,0,0,0,0,,0,0,,0,0,0,0,0.0,,,,,,,,,,0.0,0.0,,0.0,0.0,0.0,0.0,0.0,0.0,0.0,0.0,0.0,0.0,,0.0,0.0,,0.0,0.0,0.0,0.0,,,,,,,,,,,,,,,,,,,0.0,,0.0,0.0,0.0,0.0,0.0,0.0,0.0,0.0,0.0,0.0,,0.0,0.0,,0.0,0.0,0.0,0.0,,,,,,,,,,,,,,,,,,,0.0,,0.0,0.0,0.0,0.0,0.0,0.0,0.0,0.0,0.0,0.0,,0.0,0.0,,0.0,0.0,0.0,0.0,,,,,,,,,,,,,,,,,,,,,,8.0,0.0,0.0,0.0,0.0,0.176,0.144,0.48,0.0,0.0,0.0,0.0,0.3199999999999999,0.0,0.0,0.0,0.0,0.0,0.176,0.144,0.48
4683771,Ronald Holland II,DET,2026-06-07,0.0,21.0,0.0,0.0,9.0,3,2,0,1,2,0,0,0,1,3,,0,0,,0,2,0,4,6.0,0.5,0.3333333333333333,0.0,0.1666666666666666,0.3333333333333333,0.5,0.0,0.0,0.5,0.0,2.6666666666666665,3.0550504633038926,1.0,0.6666666666666666,0.0,0.3333333333333333,0.6666666666666666,0.0,0.0,0.0,0.3333333333333333,1.0,,0.0,0.0,,0.0,0.6666666666666666,0.3333333333333333,2.0,0.25,0.3535533905932738,0.1666666666666666,0.2357022603955158,0.0,0.0,0.0833333333333333,0.1178511301977579,0.1666666666666666,0.2357022603955158,0.25,0.3535533905932738,0.0,0.0,0.0,0.0,0.25,0.3535533905932738,4.0,3.16227766016838,0.6,1.2,0.0,0.2,0.6,0.2,0.2,0.2,0.2,0.8,,0.0,0.0,,0.0,1.2,0.4,2.8,0.125,0.25,0.2395833333333333,0.1679637030895531,0.0,0.0,0.0416666666666666,0.0833333333333333,0.1145833333333333,0.1572882174014739,0.15625,0.2366211810750114,0.0,0.0,0.03125,0.0625,0.1875,0.2393567769390845,5.0,3.817254061682111,1.375,1.125,0.0,0.25,0.875,0.375,0.25,0.125,0.375,1.25,,0.375,0.625,,0.125,1.0,0.75,3.0,0.1888888888888888,0.2612883559178854,0.1829365079365079,0.1524021355977148,0.0,0.0,0.038095238095238,0.0678466992798809,0.1257936507936508,0.1325081941494745,0.1797619047619047,0.2002230898629968,0.0746031746031745,0.1293723826938349,0.0178571428571428,0.0472455591261534,0.2304444444444444,0.2284908080923958,,,,7.3,1.235,1.145,0.0,0.37,0.1606,0.1314,0.438,2.38,2.38,1.235,1.145,0.292,1.235,1.145,0.0,0.37,2.38,0.1606,0.1314,0.438
4684742,Ausar Thompson,DET,2026-06-07,0.0,21.0,0.0,0.0,9.0,5,7,0,1,2,0,2,1,2,7,,0,2,,1,6,4,-14,29.0,0.1724137931034483,0.2413793103448276,0.0,0.0344827586206896,0.0689655172413793,0.2413793103448276,0.0689655172413793,0.0344827586206896,0.3062068965517241,0.0,31.33333333333333,8.736894948054104,7.0,7.666666666666667,3.0,0.3333333333333333,1.3333333333333333,2.6666666666666665,2.0,1.6666666666666667,2.6666666666666665,6.333333333333333,,1.3333333333333333,2.333333333333333,,3.0,4.666666666666667,4.0,-0.3333333333333333,0.245140641061583,0.1491168155801263,0.2623703392206336,0.1037393431579752,0.0962059620596205,0.0862644663544553,0.0114942528735632,0.019908629972056,0.0450074759368283,0.0224746413374053,0.2125735912531539,0.0575204323788184,0.0809153350154191,0.0394898989418832,0.055532193252967,0.0251154097574021,0.3037085319129053,0.0859012366194529,28.4,8.17312669668102,6.8,6.8,3.0,0.2,1.2,1.8,1.6,1.8,2.8,6.4,,1.0,1.8,,2.6,4.2,3.8,-3.2,0.2512586133120859,0.1115058730623711,0.2478033287592404,0.0767970372598777,0.1027326516459356,0.074793863889485,0.0068965517241379,0.0154211584655157,0.0407975890103728,0.029670119228683,0.2280886193616927,0.0804588654173328,0.0623423044575273,0.0449561077659328,0.0754245791096749,0.0812250500885505,0.3309438124326797,0.0713162659070498,29.125,6.916594950861711,7.875,6.625,3.25,0.125,0.75,1.75,1.375,1.375,3.375,6.375,,1.0,2.0,,2.75,3.875,3.625,-1.125,0.280198398025936,0.105142827143633,0.23634432646383,0.0769361993978392,0.1082698502377115,0.0598924144279436,0.0043103448275862,0.0121914962273542,0.025498493131483,0.0308037452028697,0.2253316794361738,0.0807261166599899,0.0682085926923717,0.0427611286549787,0.0546047113196609,0.0684150153518329,0.3099481715404782,0.078068700560352,,,,29.33475,6.805000000000001,7.055,2.6,0.345,0.6453644999999999,0.5280254999999999,1.7600849999999997,16.46,13.86,9.405,9.655,1.17339,6.805000000000001,7.055,2.6,0.345,16.46,0.6453644999999999,0.5280254999999999,1.7600849999999997
4700852,Chaz Lanier,DET,2026-06-07,0.0,21.0,0.0,0.0,9.0,0,0,1,0,1,0,0,0,0,2,,0,0,,0,0,0,4,5.0,0.0,0.0,0.2,0.0,0.2,0.4,0.0,0.0,0.4,0.0,2.0,2.6457513110645907,0.0,0.0,0.3333333333333333,0.0,0.3333333333333333,0.0,0.0,0.0,0.0,0.6666666666666666,,0.0,0.0,,0.0,0.0,0.0,1.0,0.0,0.0,0.0,0.0,0.1,0.1414213562373095,0.0,0.0,0.1,0.1414213562373095,0.2,0.282842712474619,0.0,0.0,0.0,0.0,0.2,0.282842712474619,1.2,2.16794833886788,0.0,0.0,0.2,0.0,0.2,0.0,0.0,0.0,0.0,0.4,,0.0,0.0,,0.0,0.0,0.0,0.6,0.0,0.0,0.0,0.0,0.1,0.1414213562373095,0.0,0.0,0.1,0.1414213562373095,0.2,0.282842712474619,0.0,0.0,0.0,0.0,0.2,0.282842712474619,0.875,1.7268882005337975,0.25,0.0,0.125,0.0,0.125,0.0,0.0,0.0,0.125,0.375,,0.0,0.0,,0.0,0.0,0.0,0.625,0.6666666666666666,1.1547005383792517,0.0,0.0,0.0666666666666666,0.1154700538379251,0.0,0.0,0.0666666666666666,0.1154700538379251,0.4666666666666666,0.5033222956847166,0.0,0.0,0.0,0.0,0.4666666666666666,0.5033222956847166,,,,6.95,0.05,0.0,0.345,0.0,0.1529,0.1251,0.417,0.395,0.05,0.395,0.345,0.278,0.05,0.0,0.345,0.0,0.395,0.1529,0.1251,0.417
5107199,Daniss Jenkins,DET,2026-06-07,0.0,21.0,0.0,0.0,9.0,17,3,5,2,7,0,0,1,4,12,,7,8,,1,2,3,-15,34.0,0.5,0.088235294117647,0.1470588235294117,0.0588235294117647,0.2058823529411764,0.3529411764705882,0.2352941176470588,0.0294117647058823,0.4858823529411764,0.0,35.333333333333336,5.131601439446881,17.0,2.6666666666666665,3.6666666666666665,2.333333333333333,7.333333333333333,0.3333333333333333,0.6666666666666666,0.3333333333333333,5.666666666666667,13.333333333333334,,3.333333333333333,3.6666666666666665,,1.0,1.6666666666666667,2.0,-4.0,0.482428533962759,0.0183352859281485,0.0779299918236374,0.0256027027728876,0.1056679162617053,0.0377383923353077,0.0681260702550099,0.0253130775954607,0.2089369185911973,0.0155686357649191,0.3741380108298237,0.0350835132448359,0.1080668301939186,0.1119937885280957,0.0098039215686274,0.0169808902702831,0.4314913376837753,0.0516016743933622,29.0,9.460443964212253,11.0,2.4,3.4,1.4,5.0,0.2,0.4,0.6,3.6,9.8,,2.4,2.6,,1.0,1.4,2.2,-6.8,0.3307269616474967,0.2082057843567916,0.0864405347767221,0.037633098501898,0.125305511661785,0.0388074827589816,0.0408756421530059,0.0413850744012146,0.1586954844880517,0.091248515718895,0.3181336001486878,0.0863078711560385,0.0838877171639702,0.0922023400352514,0.0265172735760971,0.0259962322404509,0.3815614692769318,0.0797576422922196,28.625,7.229651246281326,12.125,3.5,3.625,1.625,4.75,0.625,0.375,1.0,4.25,10.5,,2.0,2.125,,1.25,2.25,2.0,-1.5,0.3947016985097915,0.1849902889917589,0.1259749363574672,0.0739568494489486,0.1320294726400745,0.0362015920248616,0.0524040402713581,0.0509588779347479,0.1577058979641835,0.0733558438595636,0.3566584337799325,0.110318489015678,0.0696712025378262,0.0754706233473125,0.0386223676030978,0.0330701494228578,0.4259361304996739,0.0970647410487108,,,,32.42375,13.925,2.79,3.765,1.815,0.7133225,0.5836275,1.945425,20.48,16.715,17.69,6.555,1.2969499999999998,13.925,2.79,3.765,1.815,20.48,0.7133225,0.5836275,1.945425
5107818,Isaac Jones,DET,2026-06-07,0.0,29.0,0.0,0.0,2.0,0,0,0,0,0,0,0,0,0,0,,0,0,,0,0,0,0,0.0,,,,,,,,,,0.0,0.0,,0.0,0.0,0.0,0.0,0.0,0.0,0.0,0.0,0.0,0.0,,0.0,0.0,,0.0,0.0,0.0,0.0,,,,,,,,,,,,,,,,,,,0.0,,0.0,0.0,0.0,0.0,0.0,0.0,0.0,0.0,0.0,0.0,,0.0,0.0,,0.0,0.0,0.0,0.0,,,,,,,,,,,,,,,,,,,0.0,,0.0,0.0,0.0,0.0,0.0,0.0,0.0,0.0,0.0,0.0,,0.0,0.0,,0.0,0.0,0.0,0.0,,,,,,,,,,,,,,,,,,,,,,8.0,0.0,0.0,0.0,0.0,0.176,0.144,0.48,0.0,0.0,0.0,0.0,0.3199999999999999,0.0,0.0,0.0,0.0,0.0,0.176,0.144,0.48
1966,LeBron James,LAL,2026-06-07,0.0,27.0,0.0,0.0,5.0,24,12,3,2,6,0,1,4,8,18,,6,8,,0,12,1,-17,40.0,0.6,0.3,0.075,0.05,0.15,0.45,0.2,0.1,0.638,0.0,38.333333333333336,1.5275252316519456,22.0,6.666666666666667,5.666666666666667,1.6666666666666667,5.333333333333333,1.3333333333333333,0.3333333333333333,3.333333333333333,8.0,18.33333333333333,,4.333333333333333,5.333333333333333,,0.3333333333333333,6.333333333333333,1.0,-16.666666666666668,0.5729255571360835,0.0515195924218529,0.1715979137031768,0.1239538583057253,0.1497036510194405,0.0709635494167391,0.043456614509246,0.0149821477346576,0.1391417733522996,0.0299633106666426,0.4790659080132764,0.032096940673352,0.1377904220009483,0.0538938505911779,0.0866761498340445,0.011588007588128,0.6263698435277383,0.023839568037165,37.75,1.707825127659933,23.25,6.0,5.75,2.0,5.5,1.25,0.25,3.0,9.0,18.0,,3.25,4.25,,0.5,5.5,1.0,-14.0,0.6171941678520626,0.0980222007902674,0.1564762130551604,0.1056300272075611,0.153944404931247,0.0585589691864249,0.0534257942152679,0.0233919076435826,0.1460229966808914,0.0280702380122135,0.4773549865655128,0.0264294925388436,0.1102872609451556,0.0704418925541206,0.0788960012644223,0.0182110990050003,0.6047773826458037,0.0473689856750586,37.75,1.707825127659933,23.25,6.0,5.75,2.0,5.5,1.25,0.25,3.0,9.0,18.0,,3.25,4.25,,0.5,5.5,1.0,-14.0,0.6171941678520626,0.0980222007902674,0.1564762130551604,0.1056300272075611,0.153944404931247,0.0585589691864249,0.0534257942152679,0.0233919076435826,0.1460229966808914,0.0280702380122135,0.4773549865655128,0.0264294925388436,0.1102872609451556,0.0704418925541206,0.0788960012644223,0.0182110990050003,0.6047773826458037,0.0473689856750586,,,,38.2625,22.9875,7.1,5.3125,1.9,0.841775,0.688725,2.29575,35.4,30.0875,28.3,12.4125,1.5305,22.9875,7.1,5.3125,1.9,35.4,0.841775,0.688725,2.29575
2960236,Maxi Kleber,LAL,2026-06-07,0.0,27.0,0.0,0.0,5.0,0,0,0,0,0,0,0,0,0,0,,0,0,,0,0,0,0,0.0,,,,,,,,,,0.0,2.6666666666666665,4.618802153517007,0.0,0.3333333333333333,0.3333333333333333,0.0,0.0,0.0,0.0,0.6666666666666666,0.0,0.3333333333333333,,0.0,0.0,,0.3333333333333333,0.0,0.3333333333333333,-0.3333333333333333,0.0,,0.125,,0.125,,0.0,,0.0,,0.125,,0.0,,0.25,,0.375,,2.0,4.0,0.0,0.25,0.25,0.0,0.0,0.0,0.0,0.5,0.0,0.25,,0.0,0.0,,0.25,0.0,0.25,-0.25,0.0,,0.125,,0.125,,0.0,,0.0,,0.125,,0.0,,0.25,,0.375,,2.0,4.0,0.0,0.25,0.25,0.0,0.0,0.0,0.0,0.5,0.0,0.25,,0.0,0.0,,0.25,0.0,0.25,-0.25,0.0,,0.125,,0.125,,0.0,,0.0,,0.125,,0.0,,0.25,,0.375,,,,,8.0,0.0,0.2375,0.2375,0.0,0.176,0.144,0.48,0.475,0.2375,0.2375,0.475,0.3199999999999999,0.0,0.2375,0.2375,0.0,0.475,0.176,0.144,0.48
2990992,Marcus Smart,LAL,2026-06-07,0.0,27.0,0.0,0.0,5.0,5,2,3,0,4,2,0,6,2,8,,1,1,,0,2,5,5,36.0,0.1388888888888889,0.0555555555555555,0.0833333333333333,0.0,0.1111111111111111,0.2222222222222222,0.0277777777777777,0.1666666666666666,0.4011111111111111,0.0,34.0,2.0,9.666666666666666,3.0,3.6666666666666665,0.6666666666666666,4.333333333333333,1.3333333333333333,0.0,3.6666666666666665,3.0,9.333333333333334,,3.0,3.333333333333333,,1.3333333333333333,1.6666666666666667,4.666666666666667,-5.0,0.2877178649237473,0.1381155984643509,0.0889842047930283,0.0313188968114347,0.108047385620915,0.0341840014023736,0.0202205882352941,0.0175356470848703,0.1264978213507625,0.0729190504788444,0.2744417211328976,0.0934699825626358,0.0999455337690631,0.0634648459975183,0.1058006535947712,0.0542593770815843,0.4242184095860566,0.1015140415143723,33.5,1.9148542155126764,10.25,3.25,4.5,1.0,5.25,2.0,0.0,3.25,3.25,10.75,,2.75,3.0,,1.5,1.75,4.25,-6.25,0.3095383986928104,0.120920725278911,0.0979881535947712,0.0312761875514663,0.1357230392156862,0.0619903044207405,0.0307904411764705,0.02553206697304,0.1573733660130719,0.0857787210283989,0.3230187908496732,0.1235449387979135,0.0905841503267973,0.0550974874031323,0.0949754901960784,0.0493098027910066,0.4578513071895425,0.1067462143960184,33.5,1.9148542155126764,10.25,3.25,4.5,1.0,5.25,2.0,0.0,3.25,3.25,10.75,,2.75,3.0,,1.5,1.75,4.25,-6.25,0.3095383986928104,0.120920725278911,0.0979881535947712,0.0312761875514663,0.1357230392156862,0.0619903044207405,0.0307904411764705,0.02553206697304,0.1573733660130719,0.0857787210283989,0.3230187908496732,0.1235449387979135,0.0905841503267973,0.0550974874031323,0.0949754901960784,0.0493098027910066,0.4578513071895425,0.1067462143960184,,,,34.025,9.2875,2.9875,4.025,0.75,0.7485499999999999,0.6124499999999999,2.0415,16.299999999999997,12.275,13.3125,7.0125,1.3609999999999998,9.2875,2.9875,4.025,0.75,16.299999999999997,0.7485499999999999,0.6124499999999999,2.0415
3913174,Luke Kennard,LAL,2026-06-07,0.0,27.0,0.0,0.0,5.0,5,2,2,1,2,1,0,0,2,5,,0,0,,0,2,1,15,24.0,0.2083333333333333,0.0833333333333333,0.0833333333333333,0.0416666666666666,0.0833333333333333,0.2083333333333333,0.0,0.0,0.2083333333333333,0.0,26.33333333333333,2.5166114784235827,11.0,1.6666666666666667,1.3333333333333333,2.333333333333333,3.6666666666666665,0.6666666666666666,0.0,0.0,4.333333333333333,6.666666666666667,,0.0,0.0,,0.0,1.6666666666666667,1.3333333333333333,-2.6666666666666665,0.4045461243737105,0.2068993954332622,0.063586796345417,0.0229143508005705,0.0507662835249042,0.0445479538476378,0.0855069260241674,0.0487028641539763,0.1352048334806955,0.0641217437286725,0.2484895372826407,0.0838150943772653,0.0,0.0,0.0,0.0,0.2484895372826407,0.0838150943772654,27.0,2.449489742783178,10.0,2.5,1.25,2.0,3.5,0.75,0.0,0.5,3.5,6.0,,1.0,1.0,,0.0,2.5,1.25,-5.5,0.3637544208664898,0.1876008853582083,0.0907935455349248,0.0575401928010691,0.0466954022988505,0.0372733384226231,0.0727508841732979,0.0472459423231771,0.1272656940760389,0.0547100089911951,0.2208499115826702,0.0879722058322086,0.0344827586206896,0.0689655172413793,0.0172413793103448,0.0344827586206896,0.2532637046861185,0.0690976415026759,27.0,2.449489742783178,10.0,2.5,1.25,2.0,3.5,0.75,0.0,0.5,3.5,6.0,,1.0,1.0,,0.0,2.5,1.25,-5.5,0.3637544208664898,0.1876008853582083,0.0907935455349248,0.0575401928010691,0.0466954022988505,0.0372733384226231,0.0727508841732979,0.0472459423231771,0.1272656940760389,0.0547100089911951,0.2208499115826702,0.0879722058322086,0.0344827586206896,0.0689655172413793,0.0172413793103448,0.0344827586206896,0.2532637046861185,0.0690976415026759,,,,26.35,9.55,2.175,1.3875,1.95,0.5797,0.4743,1.581,13.1125,11.725,10.9375,3.5625,1.054,9.55,2.175,1.3875,1.95,13.1125,0.5797,0.4743,1.581
4066457,Austin Reaves,LAL,2026-06-07,0.0,27.0,0.0,0.0,5.0,27,7,6,3,7,0,2,8,8,16,,8,9,,1,6,5,-6,43.0,0.627906976744186,0.1627906976744186,0.1395348837209302,0.0697674418604651,0.1627906976744186,0.3720930232558139,0.2093023255813953,0.1860465116279069,0.650232558139535,0.0,40.0,2.645751311064592,25.0,4.0,7.0,2.333333333333333,6.0,0.0,0.6666666666666666,6.0,7.666666666666667,15.0,,7.333333333333333,9.0,,0.6666666666666666,3.333333333333333,4.0,-16.333333333333332,0.6265312954419441,0.189949755113638,0.0974484511816213,0.0578768183387794,0.1760662837774221,0.0482553661145499,0.0581186119741811,0.0284984731772619,0.149630187573884,0.0187154344014217,0.3754929960560315,0.0439583744291961,0.2258628084821475,0.0323658525988157,0.1486101957338187,0.0324646573172753,0.6234828275219951,0.0627461359784193,39.0,2.9439202887759497,20.75,4.25,6.75,1.75,5.75,0.0,0.75,5.5,6.5,15.25,,6.0,7.25,,0.75,3.5,3.75,-14.75,0.5254540271370136,0.2547948121863976,0.1078085606084382,0.0515992073907716,0.1737163794997332,0.039679656076593,0.0435889589806358,0.0372274797258884,0.1469448629026352,0.0161973927196946,0.3927308581531347,0.0497674727811241,0.1832859952504995,0.0891600006139677,0.1392354245781418,0.0324681585563044,0.6126121206414964,0.0556543570544279,39.0,2.9439202887759497,20.75,4.25,6.75,1.75,5.75,0.0,0.75,5.5,6.5,15.25,,6.0,7.25,,0.75,3.5,3.75,-14.75,0.5254540271370136,0.2547948121863976,0.1078085606084382,0.0515992073907716,0.1737163794997332,0.039679656076593,0.0435889589806358,0.0372274797258884,0.1469448629026352,0.0161973927196946,0.3927308581531347,0.0497674727811241,0.1832859952504995,0.0891600006139677,0.1392354245781418,0.0324681585563044,0.6126121206414964,0.0556543570544279,,,,39.89999999999999,22.9625,4.5875,6.7125,2.1125,0.8777999999999998,0.7181999999999998,2.3939999999999992,34.2625,27.55,29.675,11.3,1.5959999999999996,22.9625,4.5875,6.7125,2.1125,34.2625,0.8777999999999998,0.7181999999999998,2.3939999999999992
4066648,Rui Hachimura,LAL,2026-06-07,0.0,27.0,0.0,0.0,5.0,25,5,2,4,8,0,1,0,9,15,,3,3,,1,4,5,-2,43.0,0.5813953488372093,0.1162790697674418,0.0465116279069767,0.0930232558139534,0.1860465116279069,0.3488372093023256,0.0697674418604651,0.0,0.3795348837209302,0.0,40.333333333333336,2.309401076758502,20.666666666666668,4.666666666666667,2.6666666666666665,4.333333333333333,7.666666666666667,0.6666666666666666,0.3333333333333333,1.0,7.333333333333333,13.0,,1.6666666666666667,1.6666666666666667,,0.6666666666666666,4.0,2.6666666666666665,-15.0,0.5100377658517193,0.089039694584335,0.1156827668455575,0.0128309092375372,0.0667859272510435,0.0310764799541929,0.1079308288610614,0.0181945692336223,0.1902206320810971,0.013320398272921,0.3214072748956469,0.056516809533633,0.0403498310475054,0.036145664544739,0.0256410256410256,0.0256410256410256,0.364802226197575,0.0513538033533439,39.5,2.5166114784235827,20.0,4.0,2.5,4.0,7.25,0.75,0.5,1.0,7.25,13.0,,1.5,1.75,,0.5,3.5,2.25,-16.5,0.5041499460104111,0.0736481081294642,0.1002755886476816,0.0325465724973565,0.0636029589517961,0.0261602157165855,0.1012183919160663,0.0200230401960722,0.1832060146013634,0.0177512846571951,0.328893294009573,0.0485138650484261,0.0437758867991426,0.030297813050458,0.0259875259875259,0.0209472762090044,0.3741422101887218,0.0459029768430704,39.5,2.5166114784235827,20.0,4.0,2.5,4.0,7.25,0.75,0.5,1.0,7.25,13.0,,1.5,1.75,,0.5,3.5,2.25,-16.5,0.5041499460104111,0.0736481081294642,0.1002755886476816,0.0325465724973565,0.0636029589517961,0.0261602157165855,0.1012183919160663,0.0200230401960722,0.1832060146013634,0.0177512846571951,0.328893294009573,0.0485138650484261,0.0437758867991426,0.030297813050458,0.0259875259875259,0.0209472762090044,0.3741422101887218,0.0459029768430704,,,,40.275,20.95,4.3500000000000005,2.475,4.1,0.8860499999999999,0.7249499999999999,2.4165,27.775,25.3,23.425,6.825,1.6109999999999998,20.95,4.3500000000000005,2.475,4.1,27.775,0.8860499999999999,0.7249499999999999,2.4165
4278077,Jarred Vanderbilt,LAL,2026-06-07,0.0,27.0,0.0,0.0,4.0,0,1,0,0,0,0,0,0,0,1,,0,0,,1,0,0,-12,3.0,0.0,0.3333333333333333,0.0,0.0,0.0,0.3333333333333333,0.0,0.0,0.3333333333333333,0.0,3.0,3.0,0.6666666666666666,0.6666666666666666,0.0,0.0,0.3333333333333333,0.0,0.0,0.0,0.3333333333333333,1.0,,0.0,0.0,,0.3333333333333333,0.3333333333333333,0.3333333333333333,-5.333333333333333,0.1666666666666666,0.2357022603955158,0.25,0.1178511301977579,0.0,0.0,0.0,0.0,0.0833333333333333,0.1178511301977579,0.3333333333333333,0.0,0.0,0.0,0.0,0.0,0.3333333333333333,0.0,3.0,3.0,0.6666666666666666,0.6666666666666666,0.0,0.0,0.3333333333333333,0.0,0.0,0.0,0.3333333333333333,1.0,,0.0,0.0,,0.3333333333333333,0.3333333333333333,0.3333333333333333,-5.333333333333333,0.1666666666666666,0.2357022603955158,0.25,0.1178511301977579,0.0,0.0,0.0,0.0,0.0833333333333333,0.1178511301977579,0.3333333333333333,0.0,0.0,0.0,0.0,0.0,0.3333333333333333,0.0,3.0,3.0,0.6666666666666666,0.6666666666666666,0.0,0.0,0.3333333333333333,0.0,0.0,0.0,0.3333333333333333,1.0,,0.0,0.0,,0.3333333333333333,0.3333333333333333,0.3333333333333333,-5.333333333333333,0.1666666666666666,0.2357022603955158,0.25,0.1178511301977579,0.0,0.0,0.0,0.0,0.0833333333333333,0.1178511301977579,0.3333333333333333,0.0,0.0,0.0,0.0,0.0,0.3333333333333333,0.0,,,,8.0,0.5666666666666667,0.7166666666666666,0.0,0.0,0.176,0.144,0.48,1.2833333333333332,1.2833333333333332,0.5666666666666667,0.7166666666666666,0.3199999999999999,0.5666666666666667,0.7166666666666666,0.0,0.0,1.2833333333333332,0.176,0.144,0.48
4278129,Deandre Ayton,LAL,2026-06-07,0.0,27.0,0.0,0.0,5.0,6,3,1,0,0,0,0,0,3,3,,0,0,,1,2,2,-2,21.0,0.2857142857142857,0.1428571428571428,0.0476190476190476,0.0,0.0,0.1428571428571428,0.0,0.0,0.1428571428571428,0.0,24.0,3.0,6.333333333333333,6.333333333333333,0.3333333333333333,0.0,0.0,0.3333333333333333,0.3333333333333333,0.6666666666666666,3.0,6.333333333333333,,0.3333333333333333,0.6666666666666666,,3.6666666666666665,2.6666666666666665,2.6666666666666665,-4.666666666666667,0.2711640211640211,0.1532965493139949,0.2544091710758377,0.1138206825034598,0.0158730158730158,0.0274928699614107,0.0,0.0,0.0,0.0,0.2590388007054673,0.1160715855930843,0.0246913580246913,0.0427666866066389,0.0246913580246913,0.0427666866066389,0.2945943562610229,0.1314865816490657,24.75,2.8722813232690143,7.25,7.75,0.75,0.0,0.0,0.25,0.5,0.75,3.5,7.75,,0.25,0.5,,4.0,3.75,3.0,-4.5,0.2959656084656085,0.1346366577809763,0.3019179894179894,0.1329101819203701,0.0304232804232804,0.0367524973265867,0.0,0.0,0.0,0.0,0.3053902116402116,0.1325728296847733,0.0185185185185185,0.037037037037037,0.0277777777777777,0.0354602632502347,0.3413161375661375,0.1423288919924416,24.75,2.8722813232690143,7.25,7.75,0.75,0.0,0.0,0.25,0.5,0.75,3.5,7.75,,0.25,0.5,,4.0,3.75,3.0,-4.5,0.2959656084656085,0.1346366577809763,0.3019179894179894,0.1329101819203701,0.0304232804232804,0.0367524973265867,0.0,0.0,0.0,0.0,0.3053902116402116,0.1325728296847733,0.0185185185185185,0.037037037037037,0.0277777777777777,0.0354602632502347,0.3413161375661375,0.1423288919924416,,,,23.9625,6.7875,6.6125,0.6625,0.0,0.527175,0.4313249999999999,1.43775,14.062499999999998,13.4,7.449999999999999,7.274999999999999,0.9585,6.7875,6.6125,0.6625,0.0,14.062499999999998,0.527175,0.4313249999999999,1.43775
4397077,Jaxson Hayes,LAL,2026-06-07,0.0,27.0,0.0,0.0,5.0,18,5,1,0,0,0,1,1,6,8,,6,6,,3,2,2,-1,27.0,0.6666666666666666,0.1851851851851851,0.037037037037037,0.0,0.0,0.2962962962962963,0.2222222222222222,0.037037037037037,0.4311111111111111,0.0,17.0,9.16515138991168,8.333333333333334,3.333333333333333,1.0,0.0,0.0,0.3333333333333333,0.3333333333333333,1.0,3.0,3.6666666666666665,,2.333333333333333,2.6666666666666665,,1.6666666666666667,1.6666666666666667,3.0,-5.666666666666667,0.3925925925925926,0.2778518419779415,0.2024691358024691,0.0186415665068411,0.0567901234567901,0.0688264684679819,0.0,0.0,0.0,0.0,0.1654320987654321,0.151142577212868,0.1481481481481481,0.1283000598199168,0.0567901234567901,0.0688264684679819,0.2874074074074074,0.1713466392489009,16.75,7.5,7.0,4.0,1.0,0.0,0.0,0.25,0.25,1.5,2.5,3.5,,2.0,2.5,,2.0,2.0,2.75,-7.25,0.3413194444444444,0.2489648709043997,0.2456018518518518,0.0875979267814372,0.0582175925925925,0.0562690487484083,0.0,0.0,0.0,0.0,0.170949074074074,0.1238996926170111,0.1423611111111111,0.1053940040540019,0.0894675925925926,0.0861935213980805,0.3230555555555555,0.1570231693737093,16.75,7.5,7.0,4.0,1.0,0.0,0.0,0.25,0.25,1.5,2.5,3.5,,2.0,2.5,,2.0,2.0,2.75,-7.25,0.3413194444444444,0.2489648709043997,0.2456018518518518,0.0875979267814372,0.0582175925925925,0.0562690487484083,0.0,0.0,0.0,0.0,0.170949074074074,0.1238996926170111,0.1423611111111111,0.1053940040540019,0.0894675925925926,0.0861935213980805,0.3230555555555555,0.1570231693737093,,,,18.3625,9.05,3.95,1.0,0.0,0.403975,0.330525,1.10175,14.0,13.0,10.05,4.95,0.7344999999999999,9.05,3.95,1.0,0.0,14.0,0.403975,0.330525,1.10175
4592691,Jake LaRavia,LAL,2026-06-07,0.0,27.0,0.0,0.0,5.0,0,0,0,0,0,0,0,0,0,0,,0,0,,0,0,0,0,0.0,,,,,,,,,,0.0,3.333333333333333,5.773502691896257,0.0,0.0,0.3333333333333333,0.0,0.3333333333333333,0.3333333333333333,0.0,0.3333333333333333,0.0,0.6666666666666666,,0.0,0.0,,0.0,0.0,0.6666666666666666,-4.666666666666667,0.0,,0.0,,0.1,,0.0,,0.1,,0.2,,0.0,,0.1,,0.3,,6.0,7.118052168020874,0.75,0.25,0.25,0.25,0.5,0.5,0.25,0.75,0.25,1.0,,0.0,0.0,,0.0,0.25,0.5,-5.75,0.1071428571428571,0.1515228816828316,0.0357142857142857,0.0505076272276105,0.05,0.0707106781186547,0.0357142857142857,0.0505076272276105,0.0857142857142857,0.0202030508910442,0.1714285714285714,0.0404061017820884,0.0,0.0,0.1214285714285714,0.0303045763365663,0.2928571428571428,0.0101015254455221,6.0,7.118052168020874,0.75,0.25,0.25,0.25,0.5,0.5,0.25,0.75,0.25,1.0,,0.0,0.0,,0.0,0.25,0.5,-5.75,0.1071428571428571,0.1515228816828316,0.0357142857142857,0.0505076272276105,0.05,0.0707106781186547,0.0357142857142857,0.0505076272276105,0.0857142857142857,0.0202030508910442,0.1714285714285714,0.0404061017820884,0.0,0.0,0.1214285714285714,0.0303045763365663,0.2928571428571428,0.0101015254455221,,,,8.0,0.4125,0.1375,0.2375,0.1375,0.176,0.144,0.48,0.7875000000000001,0.55,0.6499999999999999,0.375,0.3199999999999999,0.4125,0.1375,0.2375,0.1375,0.7875000000000001,0.176,0.144,0.48
4683686,Nick Smith Jr.,LAL,2026-06-07,0.0,27.0,0.0,0.0,5.0,0,0,0,0,0,0,0,0,0,0,,0,0,,0,0,0,0,0.0,,,,,,,,,,0.0,2.0,2.0,2.6666666666666665,0.0,0.3333333333333333,0.3333333333333333,0.6666666666666666,0.3333333333333333,0.0,0.0,1.0,1.6666666666666667,,0.3333333333333333,0.6666666666666666,,0.0,0.0,0.0,-0.3333333333333333,1.25,0.353553390593274,0.0,0.0,0.25,0.3535533905932738,0.125,0.1767766952966369,0.375,0.1767766952966369,1.0,0.7071067811865476,0.25,0.3535533905932738,0.0,0.0,1.11,0.5515432893255071,2.0,1.632993161855452,2.0,0.25,0.25,0.25,0.5,0.25,0.0,0.0,0.75,1.25,,0.25,0.5,,0.0,0.25,0.0,-0.25,0.8333333333333334,0.7637626158259734,0.1666666666666666,0.2886751345948129,0.1666666666666666,0.2886751345948129,0.0833333333333333,0.1443375672974064,0.25,0.25,0.6666666666666666,0.7637626158259734,0.1666666666666666,0.2886751345948129,0.0,0.0,0.7399999999999999,0.7501999733404421,2.0,1.632993161855452,2.0,0.25,0.25,0.25,0.5,0.25,0.0,0.0,0.75,1.25,,0.25,0.5,,0.0,0.25,0.0,-0.25,0.8333333333333334,0.7637626158259734,0.1666666666666666,0.2886751345948129,0.1666666666666666,0.2886751345948129,0.0833333333333333,0.1443375672974064,0.25,0.25,0.6666666666666666,0.7637626158259734,0.1666666666666666,0.2886751345948129,0.0,0.0,0.7399999999999999,0.7501999733404421,,,,8.0,1.9,0.1375,0.2375,0.2375,0.176,0.144,0.48,2.275,2.0375,2.1375,0.375,0.3199999999999999,1.9,0.1375,0.2375,0.2375,2.275,0.176,0.144,0.48
4683774,Bronny James,LAL,2026-06-07,0.0,27.0,0.0,0.0,5.0,0,0,0,0,0,0,0,0,0,0,,0,0,,0,0,0,0,0.0,,,,,,,,,,0.0,2.0,2.0,0.6666666666666666,0.0,0.3333333333333333,0.0,0.0,0.0,0.0,0.3333333333333333,0.3333333333333333,0.3333333333333333,,0.0,0.0,,0.0,0.0,0.0,-0.3333333333333333,0.25,0.3535533905932738,0.0,0.0,0.25,0.3535533905932738,0.0,0.0,0.0,0.0,0.125,0.1767766952966369,0.0,0.0,0.125,0.1767766952966369,0.25,0.3535533905932738,2.0,1.632993161855452,0.5,0.0,0.5,0.0,0.0,0.0,0.0,0.25,0.25,0.25,,0.0,0.0,,0.0,0.0,0.0,-0.25,0.1666666666666666,0.2886751345948129,0.0,0.0,0.3333333333333333,0.2886751345948129,0.0,0.0,0.0,0.0,0.0833333333333333,0.1443375672974064,0.0,0.0,0.0833333333333333,0.1443375672974064,0.1666666666666666,0.2886751345948129,2.0,1.632993161855452,0.5,0.0,0.5,0.0,0.0,0.0,0.0,0.25,0.25,0.25,,0.0,0.0,,0.0,0.0,0.0,-0.25,0.1666666666666666,0.2886751345948129,0.0,0.0,0.3333333333333333,0.2886751345948129,0.0,0.0,0.0,0.0,0.0833333333333333,0.1443375672974064,0.0,0.0,0.0833333333333333,0.1443375672974064,0.1666666666666666,0.2886751345948129,,,,8.0,0.475,0.0,0.375,0.0,0.176,0.144,0.48,0.85,0.475,0.85,0.375,0.3199999999999999,0.475,0.0,0.375,0.0,0.85,0.176,0.144,0.48
4897943,Dalton Knecht,LAL,2026-06-07,0.0,27.0,0.0,0.0,5.0,0,0,0,0,0,0,0,0,0,0,,0,0,,0,0,0,0,0.0,,,,,,,,,,0.0,2.0,2.0,0.6666666666666666,0.6666666666666666,1.0,0.0,0.3333333333333333,0.0,0.0,0.3333333333333333,0.3333333333333333,1.0,,0.0,0.0,,0.0,0.6666666666666666,0.0,-0.3333333333333333,0.5,0.7071067811865476,0.375,0.1767766952966369,0.375,0.5303300858899106,0.0,0.0,0.125,0.1767766952966369,0.5,0.0,0.0,0.0,0.25,0.3535533905932738,0.75,0.3535533905932738,2.0,1.632993161855452,0.5,0.5,0.75,0.0,0.25,0.0,0.0,0.25,0.25,1.0,,0.0,0.0,,0.0,0.5,0.0,-0.25,0.3333333333333333,0.5773502691896258,0.25,0.25,0.25,0.4330127018922193,0.0,0.0,0.0833333333333333,0.1443375672974064,0.5,0.0,0.0,0.0,0.1666666666666666,0.2886751345948129,0.6666666666666666,0.2886751345948128,2.0,1.632993161855452,0.5,0.5,0.75,0.0,0.25,0.0,0.0,0.25,0.25,1.0,,0.0,0.0,,0.0,0.5,0.0,-0.25,0.3333333333333333,0.5773502691896258,0.25,0.25,0.25,0.4330127018922193,0.0,0.0,0.0833333333333333,0.1443375672974064,0.5,0.0,0.0,0.0,0.1666666666666666,0.2886751345948129,0.6666666666666666,0.2886751345948128,,,,8.0,0.475,0.475,0.7125,0.0,0.176,0.144,0.48,1.6625,0.95,1.1875,1.1875,0.3199999999999999,0.475,0.475,0.7125,0.0,1.6625,0.176,0.144,0.48
5060631,Adou Thiero,LAL,2026-06-07,0.0,27.0,0.0,0.0,5.0,0,0,0,0,1,0,0,0,0,1,,0,0,,0,0,1,-5,3.0,0.0,0.0,0.0,0.0,0.3333333333333333,0.3333333333333333,0.0,0.0,0.3333333333333333,0.0,7.333333333333333,5.131601439446884,1.3333333333333333,3.6666666666666665,0.3333333333333333,0.0,0.6666666666666666,0.0,0.0,1.0,0.3333333333333333,1.3333333333333333,,0.6666666666666666,1.0,,1.3333333333333333,2.333333333333333,1.0,-0.6666666666666666,0.1025641025641025,0.177646236673731,0.3717948717948718,0.3271115595428993,0.0256410256410256,0.0444115591684327,0.0,0.0,0.1367521367521367,0.1745348534757447,0.188034188034188,0.1707263620122921,0.0769230769230769,0.1332346775052982,0.1068376068376068,0.092745873565003,0.3287179487179487,0.159793588092668,6.0,4.96655480858378,1.0,2.75,0.25,0.0,0.5,0.0,0.0,0.75,0.25,1.0,,0.5,0.75,,1.0,1.75,0.75,-0.5,0.0769230769230769,0.1538461538461538,0.2788461538461538,0.3254112858076168,0.0192307692307692,0.0384615384615384,0.0,0.0,0.1025641025641025,0.158061897512025,0.141025641025641,0.1681394493410769,0.0576923076923076,0.1153846153846153,0.0801282051282051,0.0926720018897497,0.2465384615384615,0.2098488336462388,6.0,4.96655480858378,1.0,2.75,0.25,0.0,0.5,0.0,0.0,0.75,0.25,1.0,,0.5,0.75,,1.0,1.75,0.75,-0.5,0.0769230769230769,0.1538461538461538,0.2788461538461538,0.3254112858076168,0.0192307692307692,0.0384615384615384,0.0,0.0,0.1025641025641025,0.158061897512025,0.141025641025641,0.1681394493410769,0.0576923076923076,0.1153846153846153,0.0801282051282051,0.0926720018897497,0.2465384615384615,0.2098488336462388,,,,8.0,0.95,2.6125,0.2375,0.0,0.176,0.144,0.48,3.8,3.5625,1.1875,2.85,0.3199999999999999,0.95,2.6125,0.2375,0.0,3.8,0.176,0.144,0.48
3195,Mike Conley,MIN,2026-06-07,0.0,23.0,0.0,0.0,7.0,6,0,4,2,3,3,0,0,2,3,,0,0,,0,0,0,-5,19.0,0.3157894736842105,0.0,0.2105263157894736,0.1052631578947368,0.1578947368421052,0.1578947368421052,0.0,0.0,0.1578947368421052,0.0,15.0,4.000000000000004,6.333333333333333,0.3333333333333333,2.6666666666666665,1.6666666666666667,2.333333333333333,1.0,0.0,0.3333333333333333,2.0,2.6666666666666665,,0.6666666666666666,0.6666666666666666,,0.0,0.3333333333333333,0.6666666666666666,-0.3333333333333333,0.4587985114300903,0.2326709053192645,0.0222222222222222,0.0384900179459749,0.1752259436469962,0.0390164367696196,0.1179160021265284,0.0586092032942599,0.1576820839978734,0.0242431237482672,0.1799043062200957,0.0211177765461376,0.0606060606060606,0.1049727762162956,0.0303030303030303,0.0524863881081477,0.2368740031897926,0.1025168198067609,13.0,5.787918451395114,4.4,0.8,2.2,1.2,2.2,0.8,0.0,0.4,1.4,2.6,,0.4,0.4,,0.0,0.8,0.6,-4.2,0.3127791068580542,0.2672836153793204,0.1258333333333333,0.211648621278025,0.1426355661881977,0.084540944145718,0.083249601275917,0.0667764882482792,0.182109250398724,0.0435996890354705,0.2079425837320574,0.0411946856896873,0.0363636363636363,0.0813115628181741,0.0681818181818181,0.10899617098438,0.2921244019138756,0.1370802191057848,14.833333333333334,6.853223086013374,5.666666666666667,1.0,2.833333333333333,1.6666666666666667,3.0,0.6666666666666666,0.0,0.3333333333333333,1.8333333333333333,3.5,,0.3333333333333333,0.3333333333333333,,0.0,1.0,0.6666666666666666,-1.3333333333333333,0.3439825890483785,0.2509867897818602,0.11875,0.1900977453253398,0.1605296384901648,0.0874009378149209,0.0971524455077086,0.0687532833588246,0.2003688197767145,0.059339847913604,0.2288410419989367,0.0630719830895833,0.0303030303030303,0.0742269619025205,0.0568181818181818,0.1013850364690702,0.2989925571504518,0.1237570948034666,,,,14.866666666666664,5.473333333333334,0.58,2.736666666666667,1.5533333333333332,0.3270666666666666,0.2675999999999999,0.8919999999999999,8.790000000000001,6.053333333333334,8.21,3.316666666666667,0.5946666666666666,5.473333333333334,0.58,2.736666666666667,1.5533333333333332,8.790000000000001,0.3270666666666666,0.2675999999999999,0.8919999999999999
2968436,Joe Ingles,MIN,2026-06-07,0.0,23.0,0.0,0.0,7.0,0,0,0,0,0,0,0,0,0,0,,0,0,,0,0,0,0,0.0,,,,,,,,,,0.0,0.0,0.0,0.0,0.0,0.0,0.0,0.0,0.0,0.0,0.0,0.0,0.0,,0.0,0.0,,0.0,0.0,0.0,0.0,,,,,,,,,,,,,,,,,,,2.0,4.472135954999579,1.4,0.4,0.0,0.4,0.6,0.4,0.0,0.2,0.4,0.6,,0.2,0.4,,0.2,0.2,0.0,-0.2,0.7,,0.2,,0.0,,0.2,,0.3,,0.3,,0.2,,0.1,,0.488,,1.6666666666666667,4.0824829046386295,1.1666666666666667,0.3333333333333333,0.0,0.3333333333333333,0.5,0.3333333333333333,0.0,0.1666666666666666,0.3333333333333333,0.5,,0.1666666666666666,0.3333333333333333,,0.1666666666666666,0.1666666666666666,0.0,-0.1666666666666666,0.7,,0.2,,0.0,,0.2,,0.3,,0.3,,0.2,,0.1,,0.488,,,,,8.0,0.7233333333333333,0.2066666666666666,0.0,0.2066666666666666,0.176,0.144,0.48,0.93,0.93,0.7233333333333333,0.2066666666666666,0.3199999999999999,0.7233333333333333,0.2066666666666666,0.0,0.2066666666666666,0.93,0.176,0.144,0.48
2993874,Kyle Anderson,MIN,2026-06-07,0.0,23.0,0.0,0.0,7.0,2,0,3,0,0,0,0,0,1,3,,0,0,,0,0,0,3,8.0,0.25,0.0,0.375,0.0,0.0,0.375,0.0,0.0,0.375,0.0,3.6666666666666665,4.041451884327381,1.0,0.0,1.0,0.0,0.0,0.0,0.0,0.0,0.3333333333333333,1.3333333333333333,,0.3333333333333333,0.6666666666666666,,0.0,0.0,0.0,-1.3333333333333333,0.2916666666666666,0.0589255650988789,0.0,0.0,0.1875,0.2651650429449553,0.0,0.0,0.0,0.0,0.3541666666666666,0.0294627825494395,0.3333333333333333,0.4714045207910317,0.0,0.0,0.5008333333333332,0.1779552065986143,5.0,6.0,2.2,0.6,1.4,0.0,0.2,0.0,0.0,0.2,0.8,2.0,,0.6,1.6,,0.2,0.4,0.4,-3.4,0.3849206349206349,0.1668083298173309,0.0714285714285714,0.1237179148263483,0.2202380952380952,0.1958866984750516,0.0,0.0,0.0238095238095238,0.0412393049421161,0.3789682539682539,0.0477428945060157,0.3650793650793651,0.3378380421236946,0.0238095238095238,0.0412393049421161,0.5634126984126984,0.1660799764540781,4.166666666666667,5.741660619251774,1.8333333333333333,0.5,1.1666666666666667,0.0,0.1666666666666666,0.0,0.0,0.1666666666666666,0.6666666666666666,1.6666666666666667,,0.5,1.3333333333333333,,0.1666666666666666,0.3333333333333333,0.3333333333333333,-2.833333333333333,0.3849206349206349,0.1668083298173309,0.0714285714285714,0.1237179148263483,0.2202380952380952,0.1958866984750516,0.0,0.0,0.0238095238095238,0.0412393049421161,0.3789682539682539,0.0477428945060157,0.3650793650793651,0.3378380421236946,0.0238095238095238,0.0412393049421161,0.5634126984126984,0.1660799764540781,,,,8.0,1.7366666666666668,0.31,1.4733333333333334,0.0,0.176,0.144,0.48,3.5200000000000005,2.046666666666667,3.21,1.7833333333333334,0.3199999999999999,1.7366666666666668,0.31,1.4733333333333334,0.0,3.5200000000000005,0.176,0.144,0.48
3032976,Rudy Gobert,MIN,2026-06-07,0.0,23.0,0.0,0.0,7.0,0,3,0,0,0,0,0,0,0,4,,0,0,,1,2,3,-10,22.0,0.0,0.1363636363636363,0.0,0.0,0.0,0.1818181818181818,0.0,0.0,0.1818181818181818,0.0,25.0,4.358898943540673,5.0,7.0,1.3333333333333333,0.0,0.3333333333333333,0.6666666666666666,0.6666666666666666,0.3333333333333333,1.6666666666666667,5.0,,1.6666666666666667,2.0,,3.333333333333333,3.6666666666666665,2.333333333333333,-10.666666666666666,0.1801932367149758,0.1834139900101106,0.2623627580149319,0.1535075697262773,0.0444444444444444,0.0769800358919501,0.0,0.0,0.0111111111111111,0.0192450089729875,0.196354852876592,0.0322673025787797,0.0734299516908212,0.0676880382150221,0.0144927536231884,0.0251021856169402,0.2431567852437417,0.056143648954806,26.8,4.086563348340509,6.6,7.6,1.4,0.0,0.2,0.4,1.0,1.2,2.4,5.2,,1.8,3.2,,3.4,4.2,2.6,-12.2,0.2277011954852067,0.1682239986302598,0.2740075165601112,0.1191330943179901,0.0467127496159754,0.0554644345588736,0.0,0.0,0.0066666666666666,0.0149071198499985,0.1915456306199644,0.037736309382684,0.1147952982034328,0.1262995657747972,0.0437186936485674,0.0586994128765109,0.2857742554780422,0.0893318726690248,27.33333333333333,3.881580434135903,6.666666666666667,8.0,1.6666666666666667,0.0,0.1666666666666666,1.0,1.0,1.1666666666666667,2.5,5.5,,1.6666666666666667,3.5,,3.333333333333333,4.666666666666667,2.333333333333333,-9.833333333333334,0.2286398851265611,0.150481685934135,0.2838951526889816,0.1092737270286181,0.0555939580133128,0.0541691607497299,0.0,0.0,0.0055555555555555,0.0136082763487954,0.1985102477388592,0.0378187597144239,0.1234405262806384,0.114933476685269,0.041987800262695,0.0526732646521669,0.2948118795650352,0.0829109080547949,,,,25.64666666666667,5.143333333333333,6.809999999999999,1.2233333333333332,0.0,0.5642266666666667,0.46164,1.5388,13.176666666666664,11.953333333333331,6.366666666666665,8.033333333333331,1.0258666666666667,5.143333333333333,6.809999999999999,1.2233333333333332,0.0,13.176666666666664,0.5642266666666667,0.46164,1.5388
3064514,Julius Randle,MIN,2026-06-07,0.0,23.0,0.0,0.0,7.0,3,7,1,0,2,0,0,0,1,8,,1,2,,2,5,3,-34,24.0,0.125,0.2916666666666667,0.0416666666666666,0.0,0.0833333333333333,0.3333333333333333,0.0833333333333333,0.0,0.37,0.0,32.666666666666664,7.571877794400364,10.666666666666666,8.333333333333334,1.6666666666666667,0.6666666666666666,3.333333333333333,0.0,0.0,2.0,4.0,12.333333333333334,,2.0,3.0,,3.6666666666666665,4.666666666666667,2.6666666666666665,-14.666666666666666,0.3043372319688109,0.1738941726495327,0.259990253411306,0.0433962688768789,0.0494639376218323,0.0264609113110505,0.0175438596491228,0.0303868562731381,0.0999025341130604,0.0146442292410494,0.3737816764132553,0.0857021151852304,0.0925925925925926,0.0975523495634513,0.0526315789473684,0.0911605688194146,0.4671539961013645,0.0940590571509036,31.2,5.890670590009257,11.2,7.2,1.4,0.4,3.0,0.6,0.0,2.6,3.8,11.8,,3.2,4.0,,3.2,4.0,3.0,-16.2,0.3489105829088851,0.1387656489461066,0.2317408665031755,0.0494637565120037,0.0444931773879142,0.0328981660186458,0.0105263157894736,0.0235375576578925,0.0941111739923284,0.0153142376774269,0.3757624347607369,0.0609487836509196,0.1313022700119474,0.087043361073857,0.0815192102119096,0.0868327753097129,0.5150546437779034,0.0999113003058063,32.833333333333336,6.615638039272302,12.833333333333334,7.666666666666667,1.5,0.6666666666666666,3.5,0.6666666666666666,0.0,3.0,4.5,13.166666666666666,,3.1666666666666665,4.333333333333333,,3.5,4.166666666666667,3.333333333333333,-14.0,0.3761246727492742,0.1408842233076219,0.2337677952567113,0.044519447521892,0.0452077291240748,0.0294770243921296,0.0169020111253744,0.0262127877665892,0.1028162222293794,0.0253433993254433,0.3944361753087442,0.0711621732323221,0.1338088022457285,0.0780956694616352,0.0882578784286239,0.0794002682010545,0.5415699267254886,0.1104725111590238,,,,30.886666666666667,10.136666666666663,7.603333333333333,1.44,0.4733333333333333,0.6795066666666666,0.55596,1.8532,19.18,17.74,11.576666666666664,9.043333333333331,1.2354666666666665,10.136666666666663,7.603333333333333,1.44,0.4733333333333333,19.18,0.6795066666666666,0.55596,1.8532
4396971,Naz Reid,MIN,2026-06-07,0.0,23.0,0.0,0.0,7.0,18,7,1,3,7,0,0,0,7,13,,1,1,,1,6,0,-15,32.0,0.5625,0.21875,0.03125,0.09375,0.21875,0.40625,0.03125,0.0,0.42,0.0,31.33333333333333,0.5773502691896263,15.0,7.0,2.333333333333333,2.0,6.0,0.6666666666666666,0.0,0.3333333333333333,5.666666666666667,11.666666666666666,,1.6666666666666667,2.0,,1.0,6.0,3.0,-9.333333333333334,0.4778225806451613,0.087857897457665,0.2234543010752688,0.0646446342843862,0.0749327956989247,0.0497164229041293,0.063508064516129,0.0550203792298193,0.1911962365591397,0.0539510754670501,0.3719758064516129,0.0438363203733042,0.0641801075268817,0.0327633891391089,0.010752688172043,0.0186242022319233,0.4109677419354838,0.0560325459163962,29.4,4.722287581247038,14.8,7.4,2.4,2.6,6.0,0.4,0.4,0.6,5.4,11.0,,1.4,2.0,,1.0,6.4,3.2,-10.2,0.5039554531490016,0.0729870698395456,0.2569892473118279,0.0673584421810779,0.0762096774193548,0.0655032534778316,0.0916762672811059,0.0551470316274205,0.2028129800307219,0.0463818243088016,0.3711021505376344,0.0403341997148544,0.063508064516129,0.049906829816478,0.0254992319508448,0.0414120253081526,0.424544930875576,0.0452652940049394,29.5,4.230839160261236,14.333333333333334,7.666666666666667,2.1666666666666665,2.5,5.5,0.3333333333333333,0.5,0.8333333333333334,5.333333333333333,10.5,,1.1666666666666667,1.6666666666666667,,1.0,6.666666666666667,3.333333333333333,-6.0,0.4866295442908346,0.0778640648667869,0.2641577060931899,0.062753873141423,0.0690636200716845,0.061146854266119,0.0875080005120327,0.0503706538075647,0.1856774833589349,0.0590150012971529,0.3536962365591398,0.0558504537302136,0.0529233870967741,0.0516213686983939,0.0323604710701484,0.0406746147567747,0.4093429979518689,0.0550068183117713,,,,30.39,15.246666666666666,7.273333333333333,2.123333333333333,2.46,0.66858,0.54702,1.8234,24.64333333333333,22.52,17.369999999999997,9.396666666666668,1.2155999999999998,15.246666666666666,7.273333333333333,2.123333333333333,2.46,24.64333333333333,0.66858,0.54702,1.8234
4397002,Ayo Dosunmu,MIN,2026-06-07,0.0,23.0,0.0,0.0,6.0,10,1,9,0,1,0,0,0,4,8,,2,2,,0,1,3,-28,23.0,0.4347826086956521,0.0434782608695652,0.391304347826087,0.0,0.0434782608695652,0.3478260869565217,0.0869565217391304,0.0,0.3860869565217392,0.0,28.666666666666668,5.131601439446885,12.0,5.0,5.333333333333333,0.6666666666666666,3.0,1.6666666666666667,0.6666666666666666,1.3333333333333333,4.666666666666667,11.333333333333334,,2.0,2.333333333333333,,0.0,5.0,3.6666666666666665,-17.333333333333332,0.4176548089591567,0.077196058367801,0.1609574000878348,0.1147310949703041,0.2041721563460694,0.1624079164870509,0.0212121212121212,0.0184326137281764,0.0993412384716732,0.0487568984427031,0.390689503732982,0.0390496883035168,0.0825208607817303,0.0200680574879606,0.0424242424242424,0.0368652274563528,0.4694229249011858,0.0721723125647199,25.6,9.555103348473002,9.4,4.4,4.2,1.0,3.6,1.4,0.6,1.6,3.6,10.0,,1.2,1.4,,0.2,4.2,2.8,-12.6,0.319342885375494,0.1894002055803064,0.1403244400527009,0.1155910056565341,0.1537532938076416,0.1449354655293575,0.0314772727272727,0.0382895343564071,0.1296047430830039,0.075620050460682,0.3894137022397892,0.0290450677141528,0.0495125164690382,0.0473737396129687,0.0504545454545454,0.0524743585990004,0.4616537549407115,0.0629888589671613,25.6,9.555103348473002,9.4,4.4,4.2,1.0,3.6,1.4,0.6,1.6,3.6,10.0,,1.2,1.4,,0.2,4.2,2.8,-12.6,0.319342885375494,0.1894002055803064,0.1403244400527009,0.1155910056565341,0.1537532938076416,0.1449354655293575,0.0314772727272727,0.0382895343564071,0.1296047430830039,0.075620050460682,0.3894137022397892,0.0290450677141528,0.0495125164690382,0.0473737396129687,0.0504545454545454,0.0524743585990004,0.4616537549407115,0.0629888589671613,,,,26.13,10.27,4.07,5.26,0.75,0.5748599999999999,0.4703399999999999,1.5678,19.6,14.340000000000002,15.53,9.33,1.0452,10.27,4.07,5.26,0.75,19.6,0.5748599999999999,0.4703399999999999,1.5678
4431671,Jaden McDaniels,MIN,2026-06-07,0.0,23.0,0.0,0.0,7.0,13,1,3,2,4,0,1,0,4,13,,3,3,,1,0,5,-21,23.0,0.5652173913043478,0.0434782608695652,0.1304347826086956,0.0869565217391304,0.1739130434782608,0.5652173913043478,0.1304347826086956,0.0,0.6226086956521739,0.0,31.33333333333333,9.073771725877467,14.666666666666666,4.333333333333333,1.6666666666666667,1.6666666666666667,4.333333333333333,0.3333333333333333,0.3333333333333333,1.0,5.333333333333333,13.666666666666666,,2.333333333333333,2.333333333333333,,1.3333333333333333,3.0,4.666666666666667,-12.666666666666666,0.4911158242017202,0.1296048142115277,0.1299399080947331,0.0795394365568917,0.0657004830917874,0.0652227587700006,0.0623188405797101,0.0543623169087276,0.1520089548721574,0.0942060508747208,0.4548014610580888,0.1014008622585565,0.0819606456934134,0.0429218512046034,0.0303523035230352,0.0337308571978354,0.521216448686226,0.1056847232759391,30.8,9.57601169589929,14.6,4.6,2.2,1.6,4.4,0.4,0.6,1.2,5.4,14.6,,2.2,2.4,,2.0,2.6,4.6,-11.8,0.4996694945210321,0.111193587161193,0.1429639448568399,0.0596609911027107,0.0894202898550724,0.0774237298407217,0.052391304347826,0.0486369016710438,0.1412053729232944,0.0864218439035589,0.4828808766348533,0.0832581401081184,0.079176387416048,0.0353295603136499,0.0432113821138211,0.0397750258363574,0.5609298692117356,0.0924279310349331,31.666666666666668,8.824209124146291,14.833333333333334,4.666666666666667,2.1666666666666665,1.3333333333333333,4.0,0.5,0.6666666666666666,1.1666666666666667,5.666666666666667,14.5,,2.1666666666666665,2.333333333333333,,1.8333333333333333,2.833333333333333,4.666666666666667,-10.166666666666666,0.4904653195082675,0.1019779980516026,0.1422847688621813,0.0533883392481589,0.0837761674718196,0.070616456005821,0.043659420289855,0.0484759049274804,0.1269304033620046,0.0848388862421436,0.4672155453438592,0.0837732053949832,0.0752395821059659,0.0330383547087564,0.0406391147244805,0.0361295101179065,0.5409600761949648,0.0960577625552182,,,,29.96333333333333,14.426666666666666,3.993333333333333,2.1533333333333333,1.6266666666666665,0.6591933333333333,0.5393399999999999,1.7977999999999998,20.57333333333333,18.42,16.58,6.1466666666666665,1.1985333333333332,14.426666666666666,3.993333333333333,2.1533333333333333,1.6266666666666665,20.57333333333333,0.6591933333333333,0.5393399999999999,1.7977999999999998
4432247,Jaylen Clark,MIN,2026-06-07,0.0,23.0,0.0,0.0,7.0,2,3,0,0,1,0,0,0,0,2,,2,2,,0,3,0,3,8.0,0.25,0.375,0.0,0.0,0.125,0.25,0.25,0.0,0.36,0.0,3.6666666666666665,4.041451884327381,0.6666666666666666,1.0,0.0,0.0,0.3333333333333333,0.0,0.0,0.0,0.0,0.6666666666666666,,0.6666666666666666,0.6666666666666666,,0.0,1.0,0.0,-1.3333333333333333,0.125,0.1767766952966369,0.1875,0.2651650429449553,0.0,0.0,0.0,0.0,0.0625,0.0883883476483184,0.125,0.1767766952966369,0.125,0.1767766952966369,0.0,0.0,0.18,0.2545584412271571,5.2,6.3796551630946325,1.0,0.6,0.2,0.2,1.0,0.2,0.0,0.0,0.2,1.4,,0.4,0.4,,0.0,0.6,0.2,-2.4,0.15,0.1322875655532295,0.125,0.2165063509461096,0.0222222222222222,0.038490017945975,0.0222222222222222,0.038490017945975,0.1305555555555555,0.1334201106502536,0.1944444444444444,0.1734721666221777,0.0833333333333333,0.1443375672974064,0.0,0.0,0.2311111111111111,0.2005917172692757,5.5,5.75325994545701,1.1666666666666667,0.6666666666666666,0.1666666666666666,0.1666666666666666,0.8333333333333334,0.1666666666666666,0.0,0.0,0.3333333333333333,1.3333333333333333,,0.3333333333333333,0.3333333333333333,,0.1666666666666666,0.5,0.1666666666666666,-2.1666666666666665,0.1839285714285714,0.1275588432975203,0.1294642857142857,0.177002032157134,0.0166666666666666,0.0333333333333333,0.0166666666666666,0.0333333333333333,0.0979166666666666,0.1269979221177347,0.181547619047619,0.1439688883624741,0.0625,0.125,0.0,0.0,0.209047619047619,0.1696227640565021,,,,8.0,1.0833333333333333,1.0933333333333333,0.1033333333333333,0.1033333333333333,0.176,0.144,0.48,2.28,2.1766666666666667,1.1866666666666663,1.1966666666666663,0.3199999999999999,1.0833333333333333,1.0933333333333333,0.1033333333333333,0.1033333333333333,2.28,0.176,0.144,0.48
4432847,Terrence Shannon Jr.,MIN,2026-06-07,0.0,23.0,0.0,0.0,7.0,21,2,1,1,3,1,0,1,8,15,,4,4,,1,1,3,-21,22.0,0.9545454545454546,0.0909090909090909,0.0454545454545454,0.0454545454545454,0.1363636363636363,0.6818181818181818,0.1818181818181818,0.0454545454545454,0.8072727272727274,0.0,19.666666666666668,2.5166114784235813,10.333333333333334,1.3333333333333333,2.333333333333333,1.0,4.0,0.6666666666666666,0.0,1.6666666666666667,3.6666666666666665,10.666666666666666,,2.0,2.0,,0.3333333333333333,1.0,2.6666666666666665,-5.0,0.4907308377896613,0.4257626039062066,0.0636363636363636,0.0552978411845293,0.1269162210338681,0.0977401044025284,0.0484848484848484,0.0500688231571463,0.2072192513368983,0.0618017343921188,0.5253119429590017,0.204356687097811,0.0998217468805704,0.0922104610080396,0.0877005347593583,0.0376350552083698,0.656934046345811,0.1758717544468707,22.4,4.277849927241488,9.6,2.2,2.0,0.8,3.8,0.4,0.0,1.4,3.4,10.0,,2.0,2.0,,0.6,1.6,3.0,-3.0,0.4261527883880825,0.3313814324500421,0.0924675324675324,0.0717901121726959,0.0984354469060351,0.0801308184785346,0.0362337662337662,0.0411618659354288,0.1777601222307104,0.0623390922314623,0.4540443086325439,0.1980646483526178,0.0918930481283422,0.0870014658179781,0.0677631779984721,0.0381549960494195,0.5622404278074866,0.2162460626598513,24.5,6.410928169929843,10.666666666666666,2.6666666666666665,1.8333333333333333,0.6666666666666666,3.333333333333333,0.3333333333333333,0.0,1.1666666666666667,3.6666666666666665,10.5,,2.6666666666666665,3.0,,0.5,2.1666666666666665,3.0,-4.166666666666667,0.4313177998472116,0.2966664576226153,0.1008658008658008,0.0674258232218986,0.0867914438502673,0.0771378979426343,0.0301948051948051,0.0396768656575782,0.1528953399541635,0.0825740535649953,0.4402750190985485,0.1803364742564934,0.1146727782021899,0.0957543766989563,0.0564693149987267,0.0439312079001599,0.5472003565062389,0.1968936519067854,,,,21.94,11.743333333333332,2.0033333333333334,1.9166666666666667,0.8633333333333333,0.4826799999999999,0.3949199999999999,1.3163999999999998,15.663333333333332,13.746666666666666,13.659999999999998,3.92,0.8775999999999999,11.743333333333332,2.0033333333333334,1.9166666666666667,0.8633333333333333,15.663333333333332,0.4826799999999999,0.3949199999999999,1.3163999999999998
4592492,Bones Hyland,MIN,2026-06-07,0.0,23.0,0.0,0.0,7.0,3,1,0,1,4,0,0,0,1,6,,0,0,,1,0,1,3,8.0,0.375,0.125,0.0,0.125,0.5,0.75,0.0,0.0,0.75,0.0,3.6666666666666665,4.041451884327381,1.0,0.6666666666666666,0.0,0.3333333333333333,1.6666666666666667,0.0,0.0,0.3333333333333333,0.3333333333333333,2.333333333333333,,0.0,0.0,,0.3333333333333333,0.3333333333333333,0.3333333333333333,-1.3333333333333333,0.1875,0.2651650429449553,0.2291666666666666,0.1473139127471973,0.0,0.0,0.0625,0.0883883476483184,0.4166666666666667,0.1178511301977579,0.5416666666666666,0.2946278254943948,0.0,0.0,0.1666666666666666,0.2357022603955158,0.7083333333333333,0.058925565098879,4.4,4.929503017546495,0.6,0.6,0.4,0.2,1.2,0.0,0.0,0.4,0.2,2.0,,0.0,0.0,,0.2,0.4,0.2,-4.2,0.125,0.2165063509461096,0.1830808080808081,0.1312341934452744,0.0606060606060606,0.1049727762162956,0.0416666666666666,0.0721687836487032,0.3080808080808081,0.2057112308526899,0.452020202020202,0.2598311829796557,0.0,0.0,0.1414141414141414,0.1723103243356765,0.5934343434343434,0.203325956903037,5.666666666666667,5.391351098441528,0.5,0.6666666666666666,0.6666666666666666,0.1666666666666666,1.6666666666666667,0.1666666666666666,0.1666666666666666,0.3333333333333333,0.1666666666666666,2.6666666666666665,,0.0,0.0,,0.1666666666666666,0.5,0.1666666666666666,-3.8333333333333335,0.09375,0.1875,0.1581439393939394,0.1181905186515074,0.0871212121212121,0.1007888992094702,0.03125,0.0625,0.3143939393939394,0.1684364257136595,0.4640151515151515,0.2135033435006356,0.0,0.0,0.106060606060606,0.1574591643244433,0.5700757575757576,0.1724629157247304,,,,8.0,1.06,0.6933333333333332,0.2733333333333333,0.3533333333333333,0.176,0.144,0.48,2.026666666666667,1.7533333333333334,1.3333333333333337,0.9666666666666666,0.3199999999999999,1.06,0.6933333333333332,0.2733333333333333,0.3533333333333333,2.026666666666667,0.176,0.144,0.48
4594268,Anthony Edwards,MIN,2026-06-07,0.0,23.0,0.0,0.0,7.0,24,2,2,2,7,3,0,3,9,26,,4,7,,1,1,4,-31,36.0,0.6666666666666666,0.0555555555555555,0.0555555555555555,0.0555555555555555,0.1944444444444444,0.7222222222222222,0.1944444444444444,0.0833333333333333,0.8911111111111111,0.0,38.333333333333336,2.081665999466133,26.666666666666668,3.333333333333333,2.0,2.0,5.0,1.3333333333333333,0.0,3.6666666666666665,9.333333333333334,20.33333333333333,,6.0,7.333333333333333,,0.6666666666666666,2.6666666666666665,3.0,-13.333333333333334,0.693162393162393,0.1949448805817812,0.0856125356125356,0.055802104685927,0.0522792022792022,0.0029089142245959,0.052065527065527,0.0248638756349121,0.1321225071225071,0.0590835470905878,0.5351851851851852,0.1948672651545317,0.1913105413105413,0.0106094280235699,0.0952991452991453,0.0104417023272398,0.7146609686609686,0.1892023746123189,36.0,6.9641941385920605,24.8,5.4,2.4,2.0,5.8,0.8,0.2,3.4,9.0,20.0,,4.8,6.0,,0.6,4.8,3.0,-16.6,0.6719949968730458,0.1722673483754757,0.1446602042943506,0.1181161065837085,0.0606358140504482,0.0530296679305919,0.0542067959141129,0.0210182386413202,0.1648426099645611,0.0613876066971489,0.5562737127371273,0.14453216955075,0.1607212841359183,0.048030984954662,0.1002689180737961,0.042871533938721,0.7272599958307275,0.1348965137374779,34.166666666666664,7.67897562612792,23.666666666666668,5.0,2.5,2.0,5.333333333333333,0.6666666666666666,0.3333333333333333,3.0,8.833333333333334,18.83333333333333,,4.0,5.0,,0.6666666666666666,4.333333333333333,3.0,-14.166666666666666,0.6799958307275381,0.1553219608016109,0.1405501702452922,0.1061248603622248,0.0705298450420401,0.0532641308972424,0.0585056632617608,0.0215474974719299,0.1573688416371343,0.0578782677943575,0.5502280939476062,0.1301189281669914,0.1339344034465985,0.0784270506582714,0.0902240983948301,0.0455605657570753,0.6993833298589397,0.1386373202605859,,,,36.333333333333336,25.013333333333332,4.19,2.24,2.0,0.7993333333333333,0.654,2.18,31.44333333333333,29.203333333333333,27.25333333333333,6.43,1.4533333333333334,25.013333333333332,4.19,2.24,2.0,31.44333333333333,0.7993333333333333,0.654,2.18
5105553,Julian Phillips,MIN,2026-06-07,0.0,23.0,0.0,0.0,7.0,3,0,1,1,2,1,0,1,1,2,,0,0,,0,0,0,3,8.0,0.375,0.0,0.125,0.125,0.25,0.25,0.0,0.125,0.375,0.0,3.6666666666666665,4.041451884327381,1.0,0.0,0.3333333333333333,0.3333333333333333,1.0,0.3333333333333333,0.0,0.3333333333333333,0.3333333333333333,1.0,,0.0,0.0,,0.0,0.0,0.0,-1.3333333333333333,0.1875,0.2651650429449553,0.0,0.0,0.0625,0.0883883476483184,0.0625,0.0883883476483184,0.2916666666666666,0.0589255650988789,0.2916666666666666,0.0589255650988789,0.0,0.0,0.0625,0.0883883476483184,0.3541666666666666,0.0294627825494395,4.2,4.604345773288535,1.2,0.0,0.4,0.4,0.8,0.2,0.0,0.2,0.4,1.2,,0.0,0.0,,0.0,0.0,0.2,-1.0,0.225,0.1984313483298443,0.0,0.0,0.075,0.0661437827766147,0.075,0.0661437827766147,0.2277777777777777,0.1182433147432931,0.2944444444444444,0.041943524640393,0.0,0.0,0.0416666666666666,0.0721687836487032,0.3361111111111111,0.0375770812735241,3.5,4.460941604639093,1.0,0.0,0.3333333333333333,0.3333333333333333,0.6666666666666666,0.1666666666666666,0.0,0.1666666666666666,0.3333333333333333,1.0,,0.0,0.0,,0.0,0.0,0.1666666666666666,-0.8333333333333334,0.225,0.1984313483298443,0.0,0.0,0.075,0.0661437827766147,0.075,0.0661437827766147,0.2277777777777777,0.1182433147432931,0.2944444444444444,0.041943524640393,0.0,0.0,0.0416666666666666,0.0721687836487032,0.3361111111111111,0.0375770812735241,,,,8.0,1.37,0.0,0.4566666666666666,0.4566666666666666,0.176,0.144,0.48,1.8266666666666669,1.37,1.8266666666666669,0.4566666666666666,0.3199999999999999,1.37,0.0,0.4566666666666666,0.4566666666666666,1.8266666666666669,0.176,0.144,0.48
5279133,Joan Beringer,MIN,2026-06-07,0.0,23.0,0.0,0.0,7.0,4,2,0,0,0,1,1,0,2,3,,0,0,,1,1,0,3,8.0,0.5,0.25,0.0,0.0,0.0,0.375,0.0,0.0,0.375,0.0,3.6666666666666665,4.041451884327381,2.333333333333333,1.6666666666666667,0.0,0.0,0.0,0.3333333333333333,0.6666666666666666,0.3333333333333333,0.6666666666666666,1.3333333333333333,,1.0,1.3333333333333333,,0.6666666666666666,1.0,0.0,-1.3333333333333333,0.75,0.3535533905932738,0.625,0.5303300858899106,0.0,0.0,0.0,0.0,0.0,0.0,0.3541666666666666,0.0294627825494395,0.6666666666666666,0.9428090415820634,0.1666666666666666,0.2357022603955158,0.8141666666666666,0.6210754561421842,3.8,4.024922359499621,2.8,1.6,0.0,0.0,0.0,0.2,0.4,0.4,1.0,1.6,,0.8,1.2,,0.6,1.0,0.0,-1.0,0.7916666666666666,0.2602082499332666,0.5416666666666666,0.4018187817080397,0.0,0.0,0.0,0.0,0.0,0.0,0.4027777777777777,0.0867360833110888,0.5277777777777778,0.7087417123429485,0.1527777777777777,0.1683938285136408,0.7877777777777778,0.4415387655478072,3.1666666666666665,3.920034013457877,2.333333333333333,1.3333333333333333,0.0,0.0,0.0,0.1666666666666666,0.3333333333333333,0.3333333333333333,0.8333333333333334,1.3333333333333333,,0.6666666666666666,1.0,,0.5,0.8333333333333334,0.0,-0.8333333333333334,0.7916666666666666,0.2602082499332666,0.5416666666666666,0.4018187817080397,0.0,0.0,0.0,0.0,0.0,0.0,0.4027777777777777,0.0867360833110888,0.5277777777777778,0.7087417123429485,0.1527777777777777,0.1683938285136408,0.7877777777777778,0.4415387655478072,,,,8.0,2.7466666666666666,1.6266666666666665,0.0,0.0,0.176,0.144,0.48,4.373333333333333,4.373333333333333,2.7466666666666666,1.6266666666666665,0.3199999999999999,2.7466666666666666,1.6266666666666665,0.0,0.0,4.373333333333333,0.176,0.144,0.48
2528426,Jordan Clarkson,NYK,2026-06-07,0.0,2.0,2.0,3.0,11.0,0,0,0,0,0,0,0,0,0,0,,0,0,,0,0,0,0,0.0,,,,,,,,,,0.0,5.0,4.582575694955839,1.0,0.6666666666666666,0.0,0.3333333333333333,1.6666666666666667,0.0,0.0,0.3333333333333333,0.3333333333333333,2.333333333333333,,0.0,0.0,,0.3333333333333333,0.3333333333333333,0.6666666666666666,2.0,0.1666666666666666,0.2357022603955158,0.1388888888888889,0.0392837100659192,0.0,0.0,0.0555555555555555,0.0785674201318386,0.3055555555555555,0.1964185503295965,0.4166666666666667,0.3535533905932738,0.0,0.0,0.0555555555555555,0.0785674201318386,0.4722222222222223,0.4321208107251123,5.0,3.5355339059327364,1.4,0.4,0.0,0.2,1.0,0.0,0.0,0.4,0.6,1.8,,0.0,0.0,,0.2,0.2,0.8,0.0,0.2261904761904761,0.2786833312076102,0.0694444444444444,0.0833333333333333,0.0,0.0,0.0277777777777777,0.0555555555555555,0.1527777777777777,0.2097176232019652,0.2797619047619047,0.2833066547397068,0.0,0.0,0.0634920634920634,0.074451043806721,0.3432539682539683,0.3391638600451047,8.4,4.926120853842978,2.9,1.7,0.6,0.2,0.8,0.2,0.1,1.0,1.1,2.4,,0.5,0.6,,0.7,1.0,1.2,2.6,0.3519790394790394,0.3164258394041659,0.186694478361145,0.1989479077181415,0.0673076923076923,0.138341293941713,0.0192901234567901,0.0401605360483737,0.0966710758377425,0.1439766737439593,0.2839082214082214,0.2024425297368238,0.0833333333333333,0.1767766952966369,0.0978920770587437,0.0944329495159499,0.4184669651336318,0.257077462564228,,,,8.07,1.7289756097560978,0.744390243902439,0.048,0.3201951219512196,0.0,0.1968292682926829,0.5904878048780489,2.521365853658537,2.473365853658537,1.7769756097560978,0.7923902439024391,0.1968292682926829,1.7289756097560978,0.744390243902439,0.048,0.3201951219512196,2.521365853658537,0.0,0.1968292682926829,0.5904878048780489
3062679,Josh Hart,NYK,2026-06-07,0.0,2.0,2.0,3.0,11.0,0,6,4,0,2,1,1,2,0,4,,0,0,,0,6,5,-3,18.0,0.0,0.3333333333333333,0.2222222222222222,0.0,0.1111111111111111,0.2222222222222222,0.0,0.1111111111111111,0.3333333333333333,0.0,23.0,4.582575694955869,3.0,10.666666666666666,5.333333333333333,0.3333333333333333,2.6666666666666665,2.333333333333333,0.6666666666666666,1.3333333333333333,1.0,4.666666666666667,,0.6666666666666666,1.0,,2.0,8.666666666666666,4.0,13.0,0.1203703703703703,0.1252569375784141,0.449074074074074,0.1114000871807034,0.2314814814814814,0.0160375074774896,0.0138888888888888,0.0240562612162344,0.1157407407407407,0.008018753738745,0.2052469135802469,0.0187104253904038,0.0401234567901234,0.0417523125261379,0.0648148148148148,0.0578240555407259,0.287716049382716,0.0747231592334964,27.4,6.877499545619759,9.4,9.0,5.6,1.6,5.2,2.6,0.4,1.8,3.6,9.4,,0.6,1.0,,1.6,7.4,3.8,12.0,0.2983694083694083,0.3033266245140306,0.3451154401154401,0.1696422877278552,0.2098845598845598,0.0400354892756626,0.050064935064935,0.0621002611849148,0.1761111111111111,0.0953308080473619,0.318992303992304,0.1876221566751599,0.0361952861952861,0.0368740675316658,0.0678066378066378,0.0506974381476263,0.4027248677248677,0.1859185196508447,30.7,7.689097620801951,10.2,8.7,4.8,1.5,4.8,2.2,0.4,2.1,4.0,9.3,,0.7,1.2,,1.2,7.5,3.0,10.1,0.3218737448437115,0.2343329524132151,0.3003511696559527,0.129718090147423,0.1655070683240872,0.0730722403583986,0.0481702585512374,0.0545851955402925,0.1539301870419779,0.0761092624567078,0.3000222221440242,0.1395835987852919,0.0406898395552455,0.0319742987404812,0.0667402706056766,0.0391891831519992,0.3846660221540088,0.1382408502621012,,,,26.2645,8.120107142857142,8.473692857142856,5.049657142857142,1.2282160714285713,2.188708333333333,0.312672619047619,1.7196994047619047,21.64345714285714,16.593799999999998,13.169764285714283,13.523349999999995,2.5013809523809525,8.120107142857142,8.473692857142856,5.049657142857142,1.2282160714285713,21.64345714285714,2.188708333333333,0.312672619047619,1.7196994047619047
3136195,Karl-Anthony Towns,NYK,2026-06-07,0.0,2.0,2.0,3.0,11.0,21,13,4,3,5,1,1,2,8,12,,2,2,,3,10,5,11,34.0,0.6176470588235294,0.3823529411764705,0.1176470588235294,0.088235294117647,0.1470588235294117,0.3529411764705882,0.0588235294117647,0.0588235294117647,0.4376470588235294,0.0,31.33333333333333,4.618802153517004,19.33333333333333,13.0,3.6666666666666665,2.0,3.333333333333333,1.0,1.3333333333333333,2.0,7.666666666666667,12.666666666666666,,2.0,2.0,,3.0,10.0,4.333333333333333,16.666666666666668,0.6259426847662142,0.1009347330813275,0.4245852187028657,0.0997102057319768,0.1168929110105581,0.0013062223284882,0.0678733031674208,0.0603271114297438,0.1070889894419306,0.0446987677608972,0.4057315233785822,0.0466048704539377,0.0588235294117647,0.0588235294117647,0.0648567119155354,0.0104497786278665,0.496470588235294,0.0571406326803807,33.2,4.147288270665541,17.8,12.0,3.8,2.0,3.6,1.2,1.0,1.2,6.8,11.8,,2.2,2.4,,2.4,9.6,4.0,18.2,0.5477878330819507,0.1376881065363052,0.3714177978883861,0.1126167413765611,0.1145801910507793,0.0590178286082359,0.0629462041226747,0.047444712326381,0.1086978381096028,0.037277950957954,0.360105580693816,0.0765329993635599,0.0686274509803921,0.0479179029366508,0.0389140271493212,0.0362838374601438,0.4292156862745098,0.1026988537018216,29.9,7.030884249746494,16.4,10.5,5.4,1.7,3.4,0.8,1.1,2.2,6.1,10.7,,2.5,2.9,,2.6,7.9,4.2,14.7,0.5812372213842802,0.2086514731077424,0.3513997821350762,0.1008215797977221,0.2026390983743924,0.1351028603994724,0.062676805765041,0.0516699442848498,0.1182449304508128,0.0603047341624395,0.3654516507457684,0.0857815748698287,0.1053393665158371,0.1196279353860506,0.0769142785319255,0.0583376012919958,0.4887152505446622,0.1204804563860355,,,,32.88166666666667,17.152728155339805,11.851344660194172,3.9425242718446594,1.889490291262136,1.1173381877022657,0.9577184466019416,2.0750566343042065,32.946597087378635,29.004072815533977,21.095252427184462,15.793868932038832,2.0750566343042074,17.152728155339805,11.851344660194172,3.9425242718446594,1.889490291262136,32.946597087378635,1.1173381877022657,0.9577184466019416,2.0750566343042065
3147657,Mikal Bridges,NYK,2026-06-07,0.0,2.0,2.0,3.0,11.0,20,6,6,4,6,1,0,1,8,13,,0,0,,0,6,2,7,41.0,0.4878048780487805,0.1463414634146341,0.1463414634146341,0.0975609756097561,0.1463414634146341,0.3170731707317073,0.0,0.024390243902439,0.3414634146341463,0.0,33.0,7.000000000000006,14.666666666666666,4.0,4.666666666666667,1.6666666666666667,4.666666666666667,1.0,0.0,1.3333333333333333,5.0,11.666666666666666,,3.0,3.333333333333333,,0.6666666666666666,3.333333333333333,2.333333333333333,9.333333333333334,0.4364111498257839,0.0997643485971045,0.117828106852497,0.0249502250264499,0.1400503290747193,0.0302564828345732,0.0436314363143631,0.0495890530685732,0.1376693766937669,0.1335446801405748,0.3548974061169183,0.1628522348383514,0.1142857142857142,0.1030157507275425,0.0422570654277971,0.0218844683558815,0.4474401858304297,0.2088213299479212,35.6,6.107372593840988,17.0,4.2,3.8,1.2,3.2,1.4,0.4,1.2,7.0,12.4,,1.8,2.0,,0.6,3.6,1.6,13.4,0.4696672027159832,0.0896802958717841,0.116466094880729,0.0330427697102216,0.1092866077012418,0.0479849695173354,0.0311788617886178,0.0399801449499306,0.0927298311444652,0.112711234245933,0.3498615205932279,0.1191761128677363,0.0685714285714285,0.0960442075084092,0.0356106495130885,0.025515170174434,0.415643598677745,0.1612679636376775,35.0,6.018490028422597,17.3,4.0,3.4,1.3,3.3,1.6,0.3,1.0,7.2,12.0,,1.6,1.7,,0.6,3.4,1.8,15.1,0.493041433250034,0.0935584549572536,0.1130969338831983,0.0302480829190942,0.1049372067761027,0.0691931479654337,0.0368678521727302,0.0410919880037527,0.0976240694629654,0.0826156713614031,0.3459209233920402,0.0854659733054861,0.0525611325611325,0.0769635665236429,0.0285196104708299,0.0282617854200703,0.3975674321897685,0.1120496394087062,,,,35.914833333333334,16.812803181818182,4.294688181818182,3.682990909090909,1.4955963636363636,1.469243181818182,0.3264984848484848,1.469243181818182,24.790482272727274,21.107491363636363,20.495794090909094,7.977679090909091,1.7957416666666668,16.812803181818182,4.294688181818182,3.682990909090909,1.4955963636363636,24.790482272727274,1.469243181818182,0.3264984848484848,1.469243181818182
3914044,Landry Shamet,NYK,2026-06-07,0.0,2.0,2.0,3.0,11.0,13,2,2,3,7,0,1,0,5,12,,0,0,,0,2,0,9,30.0,0.4333333333333333,0.0666666666666666,0.0666666666666666,0.1,0.2333333333333333,0.4,0.0,0.0,0.4,0.0,27.33333333333333,7.371114795831994,14.0,1.0,1.3333333333333333,3.333333333333333,5.666666666666667,0.3333333333333333,0.3333333333333333,0.0,5.0,9.0,,0.6666666666666666,0.6666666666666666,,0.0,1.0,1.6666666666666667,9.0,0.5564593301435407,0.2481595654029357,0.0323232323232323,0.0333792154380975,0.0573099415204678,0.0532517073114957,0.1338118022328548,0.0665920310524937,0.2085592769803296,0.0258138459003059,0.3295055821371611,0.0647355041702722,0.0350877192982456,0.0607737125462764,0.0,0.0,0.3449441786283891,0.065348786473286,25.0,7.648529270389178,11.2,1.6,1.4,2.8,4.4,0.4,0.2,0.4,3.8,6.6,,0.8,1.0,,0.0,1.6,2.4,5.4,0.4338755980861243,0.3003610847964417,0.0798701298701298,0.1070667445776541,0.0558145363408521,0.0534510438542361,0.1088585099111414,0.0770439481963739,0.1608498519024834,0.092666075427836,0.2467509683299157,0.1284573418169791,0.0424812030075188,0.0581735790584455,0.0142857142857142,0.0319438282499969,0.2797284119389382,0.1294206191666996,19.9,8.774331250237188,9.5,1.2,0.9,2.4,3.7,0.4,0.1,0.5,3.2,5.4,,0.7,0.9,,0.2,1.0,1.9,9.9,0.4616621922968672,0.3393600510230545,0.0573558794147029,0.0827487411456824,0.0445739348370927,0.0622841069440095,0.1244655911683775,0.1076578941445344,0.1891559008586872,0.1528935618388818,0.2669515159762837,0.1771665212201733,0.0366252168883747,0.0603825749135888,0.0231684981684981,0.0374104144000445,0.3062351095756668,0.1811340834198024,,,,24.81283333333333,11.602792253521123,1.5035866197183096,1.281900704225352,2.9463302816901407,0.3494765258215961,0.174738262910798,0.3494765258215961,14.388279577464786,13.106378873239434,12.884692957746475,2.785487323943662,0.5242147887323942,11.602792253521123,1.5035866197183096,1.281900704225352,2.9463302816901407,14.388279577464786,0.3494765258215961,0.174738262910798,0.3494765258215961
3934672,Jalen Brunson,NYK,2026-06-07,0.0,2.0,2.0,3.0,11.0,20,5,6,2,8,5,0,4,7,25,,4,5,,2,3,2,-10,38.0,0.5263157894736842,0.131578947368421,0.1578947368421052,0.0526315789473684,0.2105263157894736,0.6578947368421053,0.131578947368421,0.1052631578947368,0.8210526315789474,0.0,35.333333333333336,3.785938897200184,21.666666666666668,3.333333333333333,4.333333333333333,2.0,7.333333333333333,1.6666666666666667,0.0,2.6666666666666665,8.333333333333334,23.33333333333333,,3.0,3.6666666666666665,,1.3333333333333333,2.0,1.3333333333333333,4.0,0.6069991893421435,0.1777773143773567,0.09239205249392,0.0349329208129501,0.1244130378256015,0.0609563159045115,0.0570672540112268,0.006490004866446,0.2050199605377873,0.041253003071302,0.6491151593019165,0.1932620908645953,0.101401061502929,0.0340307766061888,0.0711237553342816,0.0616114020702922,0.7648553816974869,0.2613285868613072,37.4,3.91152144312159,22.8,3.2,6.6,1.4,6.6,1.2,0.0,3.0,8.4,21.0,,4.6,5.4,,0.8,2.4,1.4,9.0,0.6055409770199203,0.1550603255250427,0.0850693778378154,0.026666705623233,0.1739161153782877,0.1078759760248454,0.0392403524067361,0.0263639359848565,0.1775241714446236,0.0549366906265206,0.5621520224104182,0.1826407561839214,0.1393772222676111,0.0890167941412947,0.0771864483225202,0.0450613481472444,0.7006644485306872,0.2133469312558575,37.1,5.546770832355224,26.8,3.2,6.3,2.1,6.8,1.2,0.0,2.5,9.7,21.2,,5.3,6.2,,0.6,2.6,1.7,13.8,0.7271105779495135,0.2037027824237131,0.0865126940007122,0.0413056088907068,0.1694258836012027,0.0820152638585018,0.0632338412626056,0.0606243814295173,0.1901224419373114,0.0740866973453833,0.5720125403466239,0.1257266733058449,0.1604305988297583,0.0939676486571346,0.0635525797561447,0.0400028739079629,0.7061545835878623,0.1505674716604321,,,,37.518166666666666,23.821222317596565,3.43287939914163,6.075918884120171,1.4969064377682402,1.4491995708154504,0.0,2.8983991416309007,33.33002060085836,27.254101716738194,29.89714120171673,9.5087982832618,1.4491995708154504,23.821222317596565,3.43287939914163,6.075918884120171,1.4969064377682402,33.33002060085836,1.4491995708154504,0.0,2.8983991416309007
3934719,OG Anunoby,NYK,2026-06-07,0.0,2.0,2.0,3.0,9.0,17,4,3,2,5,2,2,0,5,10,,5,5,,0,4,4,-9,37.0,0.4594594594594595,0.1081081081081081,0.081081081081081,0.054054054054054,0.1351351351351351,0.2702702702702703,0.1351351351351351,0.0,0.3297297297297297,0.0,31.666666666666668,5.033222956847168,17.0,4.666666666666667,2.333333333333333,2.0,5.333333333333333,1.6666666666666667,1.0,0.3333333333333333,5.333333333333333,11.666666666666666,,4.333333333333333,4.333333333333333,,1.0,3.6666666666666665,2.6666666666666665,-0.3333333333333333,0.5458253952877609,0.085114002607182,0.1547138536385848,0.090716155022715,0.0764097430764097,0.0741844626522079,0.0626217615464927,0.0307763899080508,0.1712895691390314,0.0315886547697124,0.3796161753151,0.1058041277787019,0.1374385137825998,0.0097638864351023,0.0123456790123456,0.0213833433033194,0.4524348003917895,0.1272033776527739,31.6,3.5777087639996656,17.2,5.0,2.8,2.2,4.8,1.2,1.2,0.4,5.4,10.6,,4.2,4.2,,1.0,4.0,2.6,6.4,0.5504791081403984,0.1042015632291607,0.1629896025057315,0.0742520572988443,0.090402297458749,0.0572222087592082,0.069427895637573,0.026594917196403,0.1535801930963221,0.0329999271648258,0.3422858342213181,0.094173589294417,0.1336727856889147,0.047127121033262,0.0138590203106332,0.019052313632187,0.4149608802350737,0.118423745256059,32.375,3.461523198989551,17.625,4.75,2.375,2.0,4.875,1.375,1.0,0.625,5.625,10.875,,4.375,4.625,,0.875,3.875,2.75,10.125,0.5479246413158889,0.1093720035630017,0.1496427463991505,0.0605046805794244,0.0747778005116121,0.0488727290574217,0.0621589954518085,0.0246452931717669,0.150028426196595,0.0440794611314187,0.3377826474482072,0.0931810802673041,0.1421570437847714,0.0748273511207934,0.0206716916157143,0.0247942116295795,0.421003438329221,0.0978985725751392,,,,32.380250000000004,16.895639843750004,4.915648437500001,2.6610125,2.042259375,1.1805299479166669,1.0118828125,0.5059414062500001,24.47230078125001,21.811288281250004,19.55665234375,7.576660937500001,2.192412760416667,16.895639843750004,4.915648437500001,2.6610125,2.042259375,24.47230078125001,1.1805299479166669,1.0118828125,0.5059414062500001
4277869,Jose Alvarado,NYK,2026-06-07,0.0,2.0,2.0,3.0,11.0,2,3,2,0,2,0,0,0,0,4,,2,3,,2,1,1,11,10.0,0.2,0.3,0.2,0.0,0.2,0.4,0.3,0.0,0.532,0.0,10.333333333333334,0.5773502691896258,4.333333333333333,2.333333333333333,1.6666666666666667,0.3333333333333333,2.0,1.0,0.0,1.0,1.6666666666666667,4.333333333333333,,0.6666666666666666,1.0,,0.6666666666666666,1.6666666666666667,1.6666666666666667,12.0,0.4121212121212121,0.2184341974659406,0.2212121212121212,0.1941996360001468,0.1636363636363636,0.0629836657297773,0.0303030303030303,0.0524863881081478,0.1909090909090909,0.0867217455833587,0.415151515151515,0.1234267385116138,0.0999999999999999,0.1732050807568877,0.0969696969696969,0.1001376463142927,0.5561212121212121,0.0713101324232817,8.6,2.7928480087537886,3.0,1.6,1.2,0.2,1.8,0.6,0.2,0.8,1.2,3.4,,0.4,0.6,,0.4,1.2,1.2,6.2,0.3472727272727273,0.2509815442162831,0.1577272727272727,0.1684242724110455,0.1231818181818182,0.0836968654685239,0.0181818181818181,0.040655781409087,0.2395454545454545,0.1605420827402538,0.4240909090909091,0.2378971234006709,0.06,0.1341640786499874,0.1081818181818182,0.1142890347805701,0.5586727272727272,0.3134611605503203,8.4,2.065591117977289,3.7,1.3,0.9,0.5,1.7,0.5,0.1,0.6,1.5,3.3,,0.2,0.3,,0.2,1.1,0.8,4.9,0.4366919191919192,0.2101405380934992,0.1342604617604617,0.1415593834226491,0.0969877344877344,0.0764323220437069,0.0569877344877344,0.0616146503746596,0.2141774891774891,0.1242030748533512,0.4004184704184704,0.2002104818215238,0.03,0.0948683298050513,0.0783766233766233,0.0941297421151683,0.4919950937950938,0.2589548990063628,,,,8.955166666666667,3.3977779999999997,1.7551580000000002,1.204772,0.215462,0.53731,0.1791033333333333,0.7164133333333332,6.357708,5.152936,4.602549999999999,2.95993,0.7164133333333332,3.3977779999999997,1.7551580000000002,1.204772,0.215462,6.357708,0.53731,0.1791033333333333,0.7164133333333332
4351852,Mitchell Robinson,NYK,2026-06-07,0.0,2.0,2.0,3.0,11.0,7,3,0,0,0,1,1,1,2,2,,3,6,,1,2,3,-10,14.0,0.5,0.2142857142857142,0.0,0.0,0.0,0.1428571428571428,0.4285714285714285,0.0714285714285714,0.4028571428571429,0.0,15.0,2.645751311064592,5.666666666666667,6.333333333333333,0.0,0.0,0.0,0.6666666666666666,0.3333333333333333,1.0,2.333333333333333,3.333333333333333,,1.0,3.0,,2.333333333333333,4.0,1.6666666666666667,0.0,0.366096866096866,0.1859015292472673,0.4104599104599105,0.1762754660334182,0.0,0.0,0.0,0.0,0.0,0.0,0.21001221001221,0.1069404702791086,0.2055352055352055,0.193909961090472,0.0608465608465608,0.0563063403539491,0.3612942612942613,0.157002273810229,13.2,3.271085446759227,4.6,5.2,0.0,0.0,0.0,0.4,0.4,0.8,2.0,2.6,,0.6,2.6,,1.8,3.4,1.8,-1.0,0.3307692307692307,0.1454750066961125,0.3796092796092796,0.1316095461295568,0.0,0.0,0.0,0.0,0.0,0.0,0.1815628815628815,0.0873011603770395,0.1899877899877899,0.1820512411055624,0.0531746031746031,0.0506321838340843,0.3183321123321123,0.161178094388885,12.7,5.355163655555056,4.1,4.8,0.2,0.0,0.0,0.5,0.3,0.4,1.5,2.4,,1.1,3.7,,1.9,2.9,1.8,2.3,0.3107796199901462,0.1184250834541897,0.3723045148483745,0.0983850995815412,0.0171957671957671,0.0342513422651429,0.0,0.0,0.0,0.0,0.1792586880306178,0.0761592368195501,0.2806392762533113,0.1876328965048006,0.0295414462081128,0.0454668710113682,0.3322814157901877,0.1294405579190969,,,,13.610666666666669,4.8281600000000005,5.31856,0.1180799999999999,0.0,0.6805333333333333,0.3402666666666666,0.6805333333333333,10.2648,10.14672,4.94624,5.43664,1.0208,4.8281600000000005,5.31856,0.1180799999999999,0.0,10.2648,0.6805333333333333,0.3402666666666666,0.6805333333333333
4395623,Trey Jemison III,NYK,2026-06-07,0.0,28.0,0.0,0.0,2.0,0,0,0,0,0,0,0,0,0,0,,0,0,,0,0,0,0,0.0,,,,,,,,,,0.0,0.0,,0.0,0.0,0.0,0.0,0.0,0.0,0.0,0.0,0.0,0.0,,0.0,0.0,,0.0,0.0,0.0,0.0,,,,,,,,,,,,,,,,,,,0.0,,0.0,0.0,0.0,0.0,0.0,0.0,0.0,0.0,0.0,0.0,,0.0,0.0,,0.0,0.0,0.0,0.0,,,,,,,,,,,,,,,,,,,0.0,,0.0,0.0,0.0,0.0,0.0,0.0,0.0,0.0,0.0,0.0,,0.0,0.0,,0.0,0.0,0.0,0.0,,,,,,,,,,,,,,,,,,,,,,8.0,0.0,0.0,0.0,0.0,0.176,0.144,0.48,0.0,0.0,0.0,0.0,0.3199999999999999,0.0,0.0,0.0,0.0,0.0,0.176,0.144,0.48
4411057,Kevin McCullar Jr.,NYK,2026-06-07,0.0,28.0,0.0,0.0,2.0,0,0,0,0,0,0,0,0,0,0,,0,0,,0,0,0,0,0.0,,,,,,,,,,0.0,0.0,,0.0,0.0,0.0,0.0,0.0,0.0,0.0,0.0,0.0,0.0,,0.0,0.0,,0.0,0.0,0.0,0.0,,,,,,,,,,,,,,,,,,,0.0,,0.0,0.0,0.0,0.0,0.0,0.0,0.0,0.0,0.0,0.0,,0.0,0.0,,0.0,0.0,0.0,0.0,,,,,,,,,,,,,,,,,,,0.0,,0.0,0.0,0.0,0.0,0.0,0.0,0.0,0.0,0.0,0.0,,0.0,0.0,,0.0,0.0,0.0,0.0,,,,,,,,,,,,,,,,,,,,,,8.0,0.0,0.0,0.0,0.0,0.176,0.144,0.48,0.0,0.0,0.0,0.0,0.3199999999999999,0.0,0.0,0.0,0.0,0.0,0.176,0.144,0.48
4431823,Miles McBride,NYK,2026-06-07,0.0,2.0,2.0,3.0,11.0,5,2,2,1,3,0,0,2,2,7,,0,0,,2,0,1,-1,18.0,0.2777777777777778,0.1111111111111111,0.1111111111111111,0.0555555555555555,0.1666666666666666,0.3888888888888889,0.0,0.1111111111111111,0.5,0.0,18.0,0.9999999999999978,7.333333333333333,1.6666666666666667,2.6666666666666665,2.0,4.666666666666667,1.0,0.3333333333333333,0.6666666666666666,2.6666666666666665,6.666666666666667,,0.0,0.0,,0.6666666666666666,1.0,1.0,11.666666666666666,0.4135420249971333,0.2031226074418953,0.0937965829606696,0.0357994108846249,0.146428161908038,0.0556067410606036,0.1124297672285288,0.0607752540018793,0.2588579291365668,0.0805719471911019,0.3700837059970186,0.0180314397425006,0.0,0.0,0.037037037037037,0.0641500299099584,0.4071207430340557,0.0808073259203603,16.4,2.302172886644268,6.4,1.8,2.2,1.6,4.4,0.6,0.4,0.4,2.2,6.4,,0.4,0.4,,1.0,0.8,1.4,6.6,0.3909823578554229,0.1469137728989137,0.1134208069192589,0.1075498121974315,0.1307140400019656,0.0880275598617035,0.0960292889085458,0.0484886086272272,0.2696004717676544,0.1169032939498489,0.3934787950267826,0.1553962489593794,0.0285714285714285,0.0638876564999939,0.0222222222222222,0.0496903994999953,0.4282724458204335,0.1442988012885746,18.6,4.402019738458447,7.2,1.6,1.7,1.9,4.6,0.4,0.4,0.3,2.3,6.0,,0.7,0.8,,0.7,0.9,1.6,8.1,0.3650314088127689,0.2512288900924482,0.087030117552163,0.088179240712636,0.0980250872278735,0.0751000113048228,0.0941763850125652,0.0709028335292651,0.2458242144407672,0.1075964887602051,0.3269854614562098,0.1501251828347504,0.0376026272577996,0.0617916324400717,0.0158730158730158,0.0366571599485476,0.3594036333226575,0.1513500846439086,,,,17.189,5.985624242424242,1.8459333333333332,2.134109090909091,1.5094060606060604,0.5208787878787879,0.3472525252525252,0.3472525252525252,9.965666666666666,7.831557575757575,8.119733333333333,3.980042424242424,0.8681313131313131,5.985624242424242,1.8459333333333332,2.134109090909091,1.5094060606060604,9.965666666666666,0.5208787878787879,0.3472525252525252,0.3472525252525252
4433225,Tyler Kolek,NYK,2026-06-07,0.0,2.0,2.0,3.0,11.0,0,0,0,0,0,0,0,0,0,0,,0,0,,0,0,0,0,0.0,,,,,,,,,,0.0,2.6666666666666665,4.618802153517007,2.6666666666666665,0.3333333333333333,0.3333333333333333,0.6666666666666666,1.0,0.0,0.0,0.0,1.0,2.333333333333333,,0.0,0.0,,0.3333333333333333,0.0,0.0,0.6666666666666666,1.0,,0.125,,0.125,,0.25,,0.375,,0.875,,0.0,,0.0,,0.875,,1.8,3.492849839314596,1.6,0.2,0.2,0.4,0.6,0.0,0.0,0.0,0.6,1.4,,0.0,0.0,,0.2,0.0,0.0,0.0,0.5,0.7071067811865476,0.0625,0.0883883476483184,0.0625,0.0883883476483184,0.125,0.1767766952966369,0.1875,0.2651650429449553,0.4375,0.6187184335382291,0.0,0.0,0.0,0.0,0.4375,0.6187184335382292,3.4,4.971027168615266,2.0,0.4,0.7,0.4,0.7,0.0,0.0,0.2,0.8,1.8,,0.0,0.0,,0.1,0.3,0.1,-0.1,0.4215384615384615,0.4599459705856636,0.0711538461538461,0.1043612580862702,0.1357692307692307,0.1636514733625328,0.09,0.1244989959798873,0.1457692307692308,0.1565649193290024,0.4519230769230769,0.3132018745173525,0.0,0.0,0.0353846153846153,0.0491345213005271,0.4873076923076923,0.3167407522596545,,,,6.775,1.7599999999999998,0.25,0.3099999999999999,0.42,0.14905,0.12195,0.4065,2.32,2.01,2.07,0.5599999999999999,0.271,1.7599999999999998,0.25,0.3099999999999999,0.42,2.32,0.14905,0.12195,0.4065
4610139,Jeremy Sochan,NYK,2026-06-07,0.0,2.0,2.0,3.0,11.0,0,0,0,0,0,0,0,0,0,0,,0,0,,0,0,0,0,0.0,,,,,,,,,,0.0,0.0,0.0,0.0,0.0,0.0,0.0,0.0,0.0,0.0,0.0,0.0,0.0,,0.0,0.0,,0.0,0.0,0.0,0.0,,,,,,,,,,,,,,,,,,,0.0,0.0,0.0,0.0,0.0,0.0,0.0,0.0,0.0,0.0,0.0,0.0,,0.0,0.0,,0.0,0.0,0.0,0.0,,,,,,,,,,,,,,,,,,,1.2,2.820559440174157,0.6,0.4,0.2,0.0,0.0,0.0,0.1,0.1,0.1,0.1,,0.4,0.6,,0.1,0.3,0.1,-1.6,0.3518518518518518,0.3059761415158946,0.4074074074074074,0.5250906251391787,0.074074074074074,0.1283000598199168,0.0,0.0,0.0,0.0,0.037037037037037,0.0641500299099584,0.4814814814814814,0.501027750313655,0.037037037037037,0.0641500299099584,0.2859259259259259,0.2478682777758622,,,,8.0,0.12,0.08,0.04,0.0,0.176,0.144,0.48,0.24,0.2,0.16,0.12,0.3199999999999999,0.12,0.08,0.04,0.0,0.24,0.176,0.144,0.48
4702159,Dillon Jones,NYK,2026-06-07,0.0,28.0,0.0,0.0,2.0,0,0,0,0,0,0,0,0,0,0,,0,0,,0,0,0,0,0.0,,,,,,,,,,0.0,0.0,,0.0,0.0,0.0,0.0,0.0,0.0,0.0,0.0,0.0,0.0,,0.0,0.0,,0.0,0.0,0.0,0.0,,,,,,,,,,,,,,,,,,,0.0,,0.0,0.0,0.0,0.0,0.0,0.0,0.0,0.0,0.0,0.0,,0.0,0.0,,0.0,0.0,0.0,0.0,,,,,,,,,,,,,,,,,,,0.0,,0.0,0.0,0.0,0.0,0.0,0.0,0.0,0.0,0.0,0.0,,0.0,0.0,,0.0,0.0,0.0,0.0,,,,,,,,,,,,,,,,,,,,,,8.0,0.0,0.0,0.0,0.0,0.176,0.144,0.48,0.0,0.0,0.0,0.0,0.3199999999999999,0.0,0.0,0.0,0.0,0.0,0.176,0.144,0.48
4871141,Ariel Hukporti,NYK,2026-06-07,0.0,2.0,2.0,3.0,11.0,0,0,0,0,0,0,0,0,0,0,,0,0,,0,0,0,0,0.0,,,,,,,,,,0.0,2.6666666666666665,4.618802153517007,0.6666666666666666,1.6666666666666667,0.3333333333333333,0.0,0.0,0.3333333333333333,0.0,0.0,0.3333333333333333,0.3333333333333333,,0.0,0.0,,0.6666666666666666,1.0,0.3333333333333333,0.6666666666666666,0.25,,0.625,,0.125,,0.0,,0.0,,0.125,,0.0,,0.0,,0.125,,1.6,3.5777087639996648,0.4,1.0,0.2,0.0,0.0,0.2,0.0,0.0,0.2,0.2,,0.0,0.0,,0.4,0.6,0.2,0.4,0.25,,0.625,,0.125,,0.0,,0.0,,0.125,,0.0,,0.0,,0.125,,5.1,6.723920813863821,1.4,2.2,0.2,0.0,0.1,0.1,0.2,0.2,0.5,1.0,,0.4,0.7,,0.9,1.3,1.4,1.4,0.2284663865546218,0.129720511529609,0.4332633053221288,0.1496670792246758,0.0375,0.0559016994374947,0.0,0.0,0.0125,0.0279508497187473,0.1842436974789916,0.1627195436432968,0.0867647058823529,0.1631292713449985,0.0242647058823529,0.0332512325135147,0.2466848739495798,0.2024748731404237,,,,8.0,0.6199999999999999,1.29,0.21,0.0,0.176,0.144,0.48,2.12,1.91,0.8299999999999998,1.5,0.3199999999999999,0.6199999999999999,1.29,0.21,0.0,2.12,0.176,0.144,0.48
5211983,Pacome Dadiet,NYK,2026-06-07,0.0,2.0,2.0,3.0,11.0,0,0,0,0,0,0,0,0,0,0,,0,0,,0,0,0,0,0.0,,,,,,,,,,0.0,2.333333333333333,4.04145188432738,2.0,0.3333333333333333,0.0,0.3333333333333333,0.6666666666666666,0.3333333333333333,0.0,0.0,0.6666666666666666,1.3333333333333333,,0.3333333333333333,0.6666666666666666,,0.3333333333333333,0.0,0.0,0.6666666666666666,0.8571428571428571,,0.1428571428571428,,0.0,,0.1428571428571428,,0.2857142857142857,,0.5714285714285714,,0.2857142857142857,,0.0,,0.6971428571428572,,1.6,3.049590136395381,1.2,0.2,0.0,0.2,0.6,0.2,0.0,0.0,0.4,1.0,,0.2,0.4,,0.2,0.0,0.0,0.0,0.4285714285714285,0.6060915267313264,0.0714285714285714,0.1010152544552211,0.0,0.0,0.0714285714285714,0.101015254455221,0.6428571428571429,0.5050762722761053,0.7857142857142857,0.3030457633656634,0.1428571428571428,0.2020305089104421,0.0,0.0,0.8485714285714286,0.214152339445069,3.1,4.508017549014447,1.5,0.6,0.3,0.2,0.5,0.2,0.0,0.2,0.6,1.2,,0.1,0.2,,0.2,0.4,0.0,-0.3,0.3436507936507936,0.3589416780535386,0.2007936507936508,0.189514769399669,0.0611111111111111,0.0970236066476276,0.0452380952380952,0.0654220555430194,0.296031746031746,0.4070469270320664,0.4476190476190476,0.3697765458727081,0.0571428571428571,0.1277753129999879,0.1166666666666666,0.2173067468400883,0.5894285714285714,0.2662706242743911,,,,6.6,1.32,0.29,0.06,0.21,0.1452,0.1187999999999999,0.3959999999999999,1.6700000000000002,1.61,1.38,0.35,0.264,1.32,0.29,0.06,0.21,1.6700000000000002,0.1452,0.1187999999999999,0.3959999999999999
5289900,Mohamed Diawara,NYK,2026-06-07,0.0,2.0,2.0,3.0,11.0,0,0,0,0,0,0,0,0,0,0,,0,0,,0,0,0,0,0.0,,,,,,,,,,0.0,2.6666666666666665,4.618802153517007,0.0,1.0,0.6666666666666666,0.0,0.0,0.0,0.0,0.3333333333333333,0.0,0.0,,0.0,0.0,,0.0,1.0,0.3333333333333333,0.6666666666666666,0.0,,0.375,,0.25,,0.0,,0.0,,0.0,,0.0,,0.125,,0.125,,1.6,3.577708763999664,0.0,0.6,0.4,0.0,0.0,0.0,0.0,0.2,0.0,0.0,,0.0,0.0,,0.0,0.6,0.2,0.4,0.0,,0.375,,0.25,,0.0,,0.0,,0.0,,0.0,,0.125,,0.125,,2.7,3.945461527713414,0.5,0.5,0.3,0.1,0.4,0.0,0.0,0.2,0.2,0.6,,0.0,0.0,,0.0,0.5,0.3,-0.5,0.15625,0.3125,0.15625,0.1875,0.09375,0.1196783884695422,0.03125,0.0625,0.1180555555555555,0.1367896916916125,0.1770833333333333,0.2051845375374188,0.0,0.0,0.15625,0.2366211810750114,0.3333333333333333,0.1559023911155809,,,,8.0,0.1,0.61,0.3999999999999999,0.02,0.176,0.144,0.48,1.11,0.71,0.5,1.01,0.3199999999999999,0.1,0.61,0.3999999999999999,0.02,1.11,0.176,0.144,0.48
2991350,Alex Caruso,OKC,2026-06-07,0.0,8.0,0.0,4.0,12.0,12,5,4,1,6,0,1,3,3,14,,5,6,,0,5,1,-5,39.0,0.3076923076923077,0.1282051282051282,0.1025641025641025,0.0256410256410256,0.1538461538461538,0.358974358974359,0.1538461538461538,0.0769230769230769,0.5035897435897436,0.0,29.33333333333333,9.073771725877467,13.666666666666666,2.333333333333333,3.333333333333333,2.0,5.666666666666667,1.3333333333333333,0.3333333333333333,1.6666666666666667,3.6666666666666665,10.333333333333334,,4.333333333333333,4.666666666666667,,0.3333333333333333,2.0,1.3333333333333333,3.0,0.4755799755799756,0.2688900022143707,0.0665445665445665,0.06424195554545,0.1056166056166056,0.1071754643932035,0.072039072039072,0.062306963722457,0.1941391941391941,0.0794964630557168,0.3498168498168498,0.0143044865859086,0.1465201465201465,0.1429979582120376,0.0494505494505494,0.0429134597577288,0.4637362637362637,0.1157420129186257,25.2,9.257429448826494,11.2,2.4,2.4,1.8,4.4,1.2,0.8,1.2,3.0,7.8,,3.4,4.0,,0.4,2.0,2.2,3.0,0.4103479853479854,0.3048894310663651,0.0934981684981685,0.0588689676679625,0.0859890109890109,0.0810946427867077,0.0682234432234432,0.0626218973903359,0.1581501831501831,0.1049462136112834,0.2825091575091575,0.1210775441591332,0.1379120879120879,0.1348170725030046,0.038003663003663,0.0371951599078137,0.3811941391941392,0.1917342043703251,24.7,6.945022198188666,12.4,2.7,2.5,2.4,5.3,1.6,0.6,1.0,3.9,8.4,,2.2,2.7,,0.3,2.4,2.3,6.8,0.4636853563103563,0.2931820322855614,0.1113627206127206,0.0557545773271837,0.0988467782217782,0.0757698182384947,0.0892935397935398,0.079432706455467,0.199279637029637,0.1129407568078114,0.3177204878454878,0.1268384889114644,0.0943310439560439,0.112154108299502,0.0343427405927405,0.0316219944228471,0.3935688877788877,0.1691106374822734,,,,27.6165,14.336773770491805,2.6712803278688524,2.8058262295081966,2.554918032786885,1.358188524590164,0.9054590163934426,1.20727868852459,19.81388032786885,17.008054098360656,17.142599999999998,5.4771065573770485,2.2636475409836065,14.336773770491805,2.6712803278688524,2.8058262295081966,2.554918032786885,19.81388032786885,1.358188524590164,0.9054590163934426,1.20727868852459
3133626,Kenrich Williams,OKC,2026-06-07,0.0,8.0,0.0,4.0,12.0,2,1,0,0,2,0,0,0,1,4,,0,0,,1,0,0,-1,4.0,0.5,0.25,0.0,0.0,0.5,1.0,0.0,0.0,1.0,0.0,10.333333333333334,5.686240703077331,5.666666666666667,3.333333333333333,0.6666666666666666,1.0,2.6666666666666665,0.0,0.0,0.3333333333333333,2.0,5.0,,0.6666666666666666,0.6666666666666666,,1.0,2.333333333333333,0.6666666666666666,0.0,0.5444444444444444,0.1071516751221443,0.3,0.0866025403784438,0.0444444444444444,0.0769800358919501,0.0777777777777777,0.083887049280786,0.3111111111111111,0.1710533813148961,0.5944444444444444,0.3787161548256503,0.0444444444444444,0.0769800358919501,0.0222222222222222,0.038490017945975,0.6362222222222221,0.3755034151839565,11.2,8.526429498916881,6.4,3.2,1.0,1.2,2.6,0.2,0.0,0.4,2.2,4.8,,0.8,0.8,,0.8,2.4,1.2,-0.8,0.913623188405797,0.8913082361173582,0.3234782608695652,0.1215196001989563,0.0527536231884058,0.0722431423984898,0.1640579710144927,0.1969825941728287,0.3214492753623189,0.1676950002429715,0.6175362318840579,0.3649715931550343,0.0440579710144927,0.0625173783862859,0.0220289855072463,0.0312586891931429,0.6589507246376811,0.3443561485843441,6.1,7.880355321938218,3.2,1.6,0.5,0.6,1.6,0.1,0.0,0.2,1.1,2.7,,0.4,0.4,,0.4,1.2,0.7,-0.4,0.6525879917184264,0.8534401492880441,0.231055900621118,0.1864363943025419,0.0376811594202898,0.0643582704671725,0.1171842650103519,0.1796564291145163,0.3962732919254658,0.1933698644097569,0.6077639751552795,0.3023180283677314,0.0314699792960662,0.0553875697133116,0.0157349896480331,0.0276937848566558,0.6373457556935817,0.287628833195979,,,,9.666,5.266057142857144,2.693028571428572,0.7778214285714284,0.9573857142857144,0.1726071428571428,0.0,0.3452142857142857,8.736907142857145,7.959085714285716,6.043878571428572,3.4708500000000004,0.1726071428571428,5.266057142857144,2.693028571428572,0.7778214285714284,0.9573857142857144,8.736907142857145,0.1726071428571428,0.0,0.3452142857142857
4222252,Isaiah Hartenstein,OKC,2026-06-07,0.0,8.0,0.0,4.0,12.0,7,5,0,0,0,1,0,2,3,7,,1,1,,2,3,2,-14,21.0,0.3333333333333333,0.238095238095238,0.0,0.0,0.0,0.3333333333333333,0.0476190476190476,0.0952380952380952,0.4495238095238096,0.0,22.666666666666668,7.637626158259735,9.666666666666666,8.333333333333334,2.333333333333333,0.0,0.0,0.3333333333333333,0.3333333333333333,1.6666666666666667,4.666666666666667,8.333333333333334,,0.3333333333333333,0.3333333333333333,,3.6666666666666665,4.666666666666667,3.0,-5.0,0.4484767025089606,0.1552191444735957,0.3448220686123912,0.1260355680368828,0.105510752688172,0.0959375234794865,0.0,0.0,0.0,0.0,0.4054659498207885,0.1938111144952734,0.0158730158730158,0.0274928699614107,0.0640040962621607,0.0554344942545404,0.4764541730670763,0.1370792254778958,21.4,5.770615218501405,9.2,8.0,2.8,0.0,0.2,0.2,0.2,1.6,4.4,8.0,,0.4,0.6,,2.6,5.4,3.4,-7.4,0.4500384024577572,0.1871102563440758,0.3608614951356886,0.09182986568084,0.1347350230414746,0.0792100031047123,0.0,0.0,0.0095238095238095,0.0212958854999979,0.4035970302099335,0.2022489560457679,0.0285714285714285,0.042591770999996,0.0685611879160266,0.042098311774062,0.4847296466973886,0.1545733629095859,23.2,6.562519841239847,8.5,8.3,2.7,0.0,0.1,0.8,0.5,2.0,3.9,6.6,,0.7,1.1,,3.0,5.3,3.1,2.4,0.3723267622461171,0.166766470008182,0.3433254394947943,0.0992549709798241,0.1231577487625874,0.0680943011521486,0.0,0.0,0.0047619047619047,0.0150584650484208,0.2988500597371565,0.1827181087409503,0.0529100529100529,0.0651245165348739,0.0810462536268988,0.0390129360552619,0.4031767366444786,0.1483774140852337,,,,21.652,8.708887671232876,7.97794520547945,2.578635616438356,0.0,0.2966027397260273,0.444904109589041,1.779616438356164,19.26546849315068,16.686832876712327,11.287523287671233,10.556580821917803,0.7415068493150684,8.708887671232876,7.97794520547945,2.578635616438356,0.0,19.26546849315068,0.2966027397260273,0.444904109589041,1.779616438356164
4278073,Shai Gilgeous-Alexander,OKC,2026-06-07,0.0,8.0,0.0,4.0,12.0,35,4,9,2,5,3,1,3,12,21,,9,11,,1,3,1,-7,43.0,0.813953488372093,0.0930232558139534,0.2093023255813953,0.0465116279069767,0.1162790697674418,0.4883720930232558,0.2558139534883721,0.0697674418604651,0.6706976744186046,0.0,36.0,7.549834435270746,27.33333333333333,2.333333333333333,7.333333333333333,1.3333333333333333,4.333333333333333,1.6666666666666667,0.6666666666666666,3.6666666666666665,8.333333333333334,19.33333333333333,,9.333333333333334,10.333333333333334,,0.3333333333333333,2.0,1.6666666666666667,-9.0,0.7381775463170812,0.1771765249250978,0.0609305318607644,0.0292667725200574,0.1984675705605938,0.0510625716641128,0.0335218939870102,0.0292747345061111,0.1253105264733171,0.0493686881648657,0.5482475831313041,0.082892999401064,0.2741387566968962,0.1768716932594136,0.1011193918170662,0.0528711140076847,0.7699880278950048,0.1038350135868785,35.0,5.787918451395113,25.4,2.6,8.2,1.2,3.6,1.4,0.6,3.4,7.4,18.0,,9.4,10.0,,0.2,2.4,2.0,-6.8,0.7099316173959835,0.1366950138194157,0.0734758818404729,0.0373928281864551,0.2309084993256036,0.0687184319154771,0.0312242475033172,0.0287089876283543,0.1038601510094383,0.053465703440278,0.520167187871614,0.0702213639501083,0.276311211007385,0.1307512940491867,0.097589197814254,0.0457809712690587,0.7393333185291174,0.0856244548478119,36.4,7.058485830702093,26.1,2.7,8.1,1.3,4.2,1.6,0.8,3.0,8.1,19.2,,8.6,9.6,,0.3,2.4,2.4,-1.3,0.7189839886604441,0.1408717806053195,0.0749747814790584,0.0355381848554767,0.2175962768822283,0.0707251809495505,0.0347601326055498,0.0294848908872012,0.11573311972572,0.0510918794348354,0.5317844163332237,0.0730332408086184,0.2634086548279493,0.1098459433940005,0.0837365145765969,0.0391544738396173,0.7314207390341184,0.0763747960679098,,,,37.107,26.28847045454545,2.786681818181818,8.444713636363636,1.2266727272727271,1.827238636363636,0.843340909090909,3.09225,37.51986590909091,29.075152272727276,34.73318409090909,11.231395454545453,2.670579545454545,26.28847045454545,2.786681818181818,8.444713636363636,1.2266727272727271,37.51986590909091,1.827238636363636,0.843340909090909,3.09225
4395702,Isaiah Joe,OKC,2026-06-07,0.0,8.0,0.0,4.0,12.0,0,0,0,0,0,0,0,0,0,0,,0,0,,0,0,0,0,0.0,,,,,,,,,,0.0,6.0,8.717797887081348,1.0,1.3333333333333333,0.6666666666666666,0.3333333333333333,1.3333333333333333,0.3333333333333333,0.0,0.3333333333333333,0.3333333333333333,1.3333333333333333,,0.0,0.0,,1.0,0.3333333333333333,1.0,-3.333333333333333,0.09375,0.1325825214724776,0.1249999999999999,0.1767766952966369,0.0625,0.0883883476483184,0.03125,0.0441941738241592,0.125,0.1767766952966369,0.1249999999999999,0.1767766952966369,0.0,0.0,0.03125,0.0441941738241592,0.15625,0.2209708691207961,9.2,8.34865258589672,3.4,1.8,1.0,0.8,2.4,0.6,0.2,0.4,1.2,2.8,,0.2,0.2,,0.6,1.2,0.6,-1.2,0.2749451754385965,0.2443140182394579,0.1282894736842105,0.1482332861063262,0.085343567251462,0.0574946766738705,0.0697185672514619,0.0512820532088028,0.1823830409356725,0.1607539077293131,0.2086988304093567,0.2041254541185811,0.0131578947368421,0.0263157894736842,0.0287828947368421,0.0334789136859035,0.2432711988304093,0.2416607497648281,9.0,7.039570693980958,3.3,1.4,1.2,0.8,2.3,0.4,0.1,0.3,1.2,2.9,,0.1,0.1,,0.5,0.9,1.2,-2.0,0.2763614766081871,0.2705595786329531,0.0988669590643274,0.1366513638175987,0.1285844820384294,0.0930777038227058,0.0626370614035087,0.0804698397640518,0.2074613617376775,0.1261220844526534,0.2678414786967418,0.1508491586719268,0.006578947368421,0.0186080731891196,0.0322485902255639,0.0517752337312907,0.302984805764411,0.1746605143289415,,,,9.12,2.5211428571428574,1.4034285714285717,0.9022857142857144,0.606857142857143,0.4885714285714285,0.1628571428571428,0.3257142857142857,4.826857142857143,3.924571428571429,3.4234285714285715,2.305714285714286,0.6514285714285715,2.5211428571428574,1.4034285714285717,0.9022857142857144,0.606857142857143,4.826857142857143,0.4885714285714285,0.1628571428571428,0.3257142857142857
4397020,Luguentz Dort,OKC,2026-06-07,0.0,8.0,0.0,4.0,12.0,3,1,2,1,3,0,0,0,1,4,,0,0,,0,1,2,-9,16.0,0.1875,0.0625,0.125,0.0625,0.1875,0.25,0.0,0.0,0.25,0.0,19.0,3.605551275463989,5.0,2.0,0.6666666666666666,1.0,5.333333333333333,0.3333333333333333,0.3333333333333333,0.3333333333333333,2.0,7.333333333333333,,0.0,0.0,,0.3333333333333333,1.6666666666666667,1.6666666666666667,-7.333333333333333,0.2645933977455716,0.1086756612946175,0.1094001610305958,0.0981685782647986,0.0416666666666666,0.0721687836487032,0.0538446054750402,0.009625598813585,0.2670088566827697,0.1090341002527704,0.3723832528180354,0.1150220985734693,0.0,0.0,0.0144927536231884,0.0251021856169402,0.3868760064412238,0.1358807474375014,19.4,3.361547262794323,3.4,3.0,1.0,0.6,3.6,0.6,0.2,0.6,1.4,5.0,,0.0,0.0,,0.8,2.2,2.4,-9.4,0.1822854504120488,0.1426102208797576,0.1561771810173344,0.0946639673666484,0.0510869565217391,0.0699800808818255,0.0323067632850241,0.0302671197488109,0.1806656720659278,0.1412517257792925,0.2556550156294402,0.181246918452518,0.0,0.0,0.029156010230179,0.027343012298525,0.2848110258596192,0.172527527555107,20.9,4.581363212940981,4.9,2.7,1.1,1.0,3.8,0.5,0.1,0.6,1.9,5.2,,0.1,0.2,,0.8,1.9,2.7,-4.4,0.2462683149038441,0.1657095523047094,0.1362743931352132,0.0777449572320634,0.0575345849802371,0.0701741881963443,0.0477482751781489,0.0300168598410854,0.1777760975400402,0.1045150747600472,0.2505420303188639,0.1226468284716214,0.0125,0.0395284707521047,0.0295236572890025,0.033320246138753,0.2855656876078664,0.124522355925943,,,,19.1455,4.200733333333334,2.722913333333333,1.19382,0.7694555555555556,0.4254555555555555,0.1418185185185185,0.567274074074074,8.117466666666667,6.923646666666667,5.394553333333334,3.9167333333333336,0.567274074074074,4.200733333333334,2.722913333333333,1.19382,0.7694555555555556,8.117466666666667,0.4254555555555555,0.1418185185185185,0.567274074074074
4397183,Aaron Wiggins,OKC,2026-06-07,0.0,8.0,0.0,4.0,12.0,0,0,0,0,0,0,0,0,0,0,,0,0,,0,0,0,0,0.0,,,,,,,,,,0.0,2.6666666666666665,3.7859388972001766,1.6666666666666667,0.0,0.0,0.3333333333333333,0.3333333333333333,0.0,0.0,0.3333333333333333,0.6666666666666666,1.0,,0.0,0.0,,0.0,0.0,0.3333333333333333,-0.6666666666666666,0.3571428571428571,0.5050762722761053,0.0,0.0,0.0,0.0,0.0714285714285714,0.101015254455221,0.0714285714285714,0.101015254455221,0.2142857142857142,0.3030457633656632,0.0,0.0,0.0714285714285714,0.101015254455221,0.2857142857142857,0.4040610178208842,6.2,8.700574693662482,1.8,0.4,0.0,0.2,1.0,0.0,0.2,0.6,0.8,2.8,,0.0,0.0,,0.0,0.4,0.4,-1.2,0.2261904761904762,0.3375582590180435,0.0238095238095238,0.0476190476190476,0.0,0.0,0.0357142857142857,0.0714285714285714,0.0833333333333333,0.0981691815623252,0.238095238095238,0.2776643759450143,0.0,0.0,0.0595238095238095,0.0714285714285714,0.2976190476190476,0.3442102927333562,4.0,6.359594676112971,1.3,0.2,0.0,0.1,0.8,0.1,0.1,0.3,0.6,1.9,,0.0,0.0,,0.0,0.2,0.2,-1.3,0.3197278911564626,0.5177968661977463,0.0136054421768707,0.0359966164770692,0.0,0.0,0.0204081632653061,0.0539949247156038,0.1547619047619047,0.2743266338524503,0.3384353741496598,0.3324717566287944,0.0,0.0,0.0340136054421768,0.0596936352883817,0.3724489795918367,0.3525306876819061,,,,7.65,1.7362857142857142,0.3342857142857143,0.0,0.2071428571428571,0.0,0.2185714285714286,0.6557142857142858,2.0705714285714283,2.0705714285714283,1.7362857142857142,0.3342857142857143,0.2185714285714286,1.7362857142857142,0.3342857142857143,0.0,0.2071428571428571,2.0705714285714283,0.0,0.2185714285714286,0.6557142857142858
4432823,Jaylin Williams,OKC,2026-06-07,0.0,8.0,0.0,4.0,12.0,11,10,4,1,3,0,0,0,5,9,,0,0,,3,7,4,10,26.0,0.4230769230769231,0.3846153846153846,0.1538461538461538,0.0384615384615384,0.1153846153846153,0.3461538461538461,0.0,0.0,0.3461538461538461,0.0,23.0,5.196152422706633,6.0,7.666666666666667,2.333333333333333,0.6666666666666666,3.0,0.0,0.0,0.0,2.6666666666666665,6.0,,0.0,0.6666666666666666,,1.3333333333333333,6.333333333333333,3.6666666666666665,0.0,0.251131221719457,0.1493384057077758,0.3220211161387631,0.0775306499762652,0.0965309200603318,0.0504546868285904,0.0324283559577677,0.0298722508602387,0.1289592760180995,0.0215823348736866,0.251131221719457,0.0866548325891653,0.0392156862745098,0.0679235610811324,0.0,0.0,0.2683861236802413,0.0673607393277958,22.8,3.7013511046643486,7.8,6.2,1.8,1.6,4.4,0.4,0.0,0.2,2.8,6.4,,0.6,1.0,,1.0,5.2,2.8,2.2,0.340402053189777,0.291921017333459,0.2647541716595425,0.1016207029961875,0.0757051133010212,0.0456786613205329,0.0736072112031191,0.0885898436306437,0.1927905853737055,0.089428455286851,0.2751846618854291,0.0697371306575411,0.0508021390374331,0.0698777237720426,0.008695652173913,0.0194440693695633,0.3062332552358128,0.0712016746064853,17.1,6.707375708046246,5.5,4.4,1.4,1.3,3.4,0.2,0.0,0.2,1.9,4.4,,0.4,0.6,,0.5,3.9,2.2,-0.1,0.2999446163384782,0.2690732650054662,0.2475907610434464,0.0963599096142634,0.0799038387017926,0.0677161809028634,0.0778292466272005,0.0827336895768759,0.1984465747381348,0.1760051020141284,0.2396436129939966,0.1759340779100636,0.0320677361853832,0.054361873052548,0.0143478260869565,0.033051740640037,0.2681012430025217,0.1672239419949473,,,,21.13,7.169537313432835,6.2406417910447765,1.924731343283582,1.4141194029850743,0.3153731343283582,0.0,0.3153731343283582,15.334910447761194,13.410179104477612,9.094268656716418,8.165373134328359,0.3153731343283582,7.169537313432835,6.2406417910447765,1.924731343283582,1.4141194029850743,15.334910447761194,0.3153731343283582,0.0,0.3153731343283582
4433255,Chet Holmgren,OKC,2026-06-07,0.0,8.0,0.0,4.0,12.0,4,4,0,0,0,2,2,2,1,2,,2,4,,1,3,2,-3,33.0,0.1212121212121212,0.1212121212121212,0.0,0.0,0.0,0.0606060606060606,0.1212121212121212,0.0606060606060606,0.1745454545454545,0.0,29.0,4.582575694955843,10.0,8.666666666666666,0.6666666666666666,0.0,0.6666666666666666,1.3333333333333333,1.6666666666666667,1.6666666666666667,3.6666666666666665,6.333333333333333,,2.6666666666666665,3.333333333333333,,2.6666666666666665,6.0,2.333333333333333,-4.333333333333333,0.3570707070707071,0.2124258274555774,0.3154040404040403,0.1743088367066486,0.0249999999999999,0.0220479275922049,0.0,0.0,0.0249999999999999,0.0220479275922049,0.2313131313131312,0.1487731688505,0.1126262626262626,0.0260823259266168,0.0535353535353535,0.0503735662213805,0.3344040404040404,0.1453668464574183,28.2,3.492849839314592,10.8,7.6,1.0,0.2,1.0,0.8,1.2,1.6,3.8,6.8,,3.0,4.0,,2.6,5.0,2.6,-2.6,0.3911655011655012,0.1624997549666224,0.2799017649017649,0.1571490966294841,0.0375274725274725,0.027378532731487,0.0071428571428571,0.0159719141249984,0.0369780219780219,0.0254542846704723,0.2503263403263403,0.1102750862620616,0.1423010323010322,0.0543812530114827,0.0551981351981352,0.0542045510148434,0.3681369297369297,0.1352942397561768,30.8,4.984420171338332,13.1,7.7,1.1,0.6,2.2,1.0,1.1,1.4,4.8,8.5,,2.9,3.7,,2.2,5.5,2.4,2.4,0.4336885623628346,0.1667629952264492,0.2562971634391776,0.1147152267043775,0.0384878592136656,0.0333645738725697,0.0175403864428254,0.0313454895547532,0.0694215426296464,0.0460816069149478,0.2834822873021142,0.1084476275793797,0.1234840723865114,0.06910385362007,0.045885351062377,0.0386273932414881,0.3837006302145562,0.1216987115779816,,,,29.742,10.40377990430622,7.229186602870813,0.905686124401914,0.3321511961722487,0.7115311004784688,1.1384497607655502,1.4230622009569376,18.538652631578945,17.63296650717703,11.309466028708131,8.134872727272727,1.849980861244019,10.40377990430622,7.229186602870813,0.905686124401914,0.3321511961722487,18.538652631578945,0.7115311004784688,1.1384497607655502,1.4230622009569376
4593803,Jalen Williams,OKC,2026-06-07,0.0,10.0,0.0,1.0,4.0,1,0,1,0,1,0,0,2,0,1,,1,2,,0,0,1,-18,10.0,0.1,0.0,0.1,0.0,0.1,0.1,0.2,0.2,0.388,0.0,18.0,16.522711641858304,10.333333333333334,2.6666666666666665,1.3333333333333333,0.3333333333333333,1.3333333333333333,1.0,0.3333333333333333,1.3333333333333333,4.333333333333333,10.0,,1.3333333333333333,1.6666666666666667,,1.0,1.6666666666666667,1.0,-6.333333333333333,0.458043758043758,0.3169459321256819,0.1106821106821106,0.0986131930733102,0.0603603603603603,0.0531226053614615,0.009009009009009,0.0156040613294493,0.0603603603603603,0.0531226053614615,0.449034749034749,0.306734097731715,0.0936936936936937,0.1005947737096061,0.0846846846846847,0.1034585745582385,0.5749446589446588,0.1887272692561151,18.0,16.522711641858304,10.333333333333334,2.6666666666666665,1.3333333333333333,0.3333333333333333,1.3333333333333333,1.0,0.3333333333333333,1.3333333333333333,4.333333333333333,10.0,,1.3333333333333333,1.6666666666666667,,1.0,1.6666666666666667,1.0,-6.333333333333333,0.458043758043758,0.3169459321256819,0.1106821106821106,0.0986131930733102,0.0603603603603603,0.0531226053614615,0.009009009009009,0.0156040613294493,0.0603603603603603,0.0531226053614615,0.449034749034749,0.306734097731715,0.0936936936936937,0.1005947737096061,0.0846846846846847,0.1034585745582385,0.5749446589446588,0.1887272692561151,18.0,16.522711641858304,10.333333333333334,2.6666666666666665,1.3333333333333333,0.3333333333333333,1.3333333333333333,1.0,0.3333333333333333,1.3333333333333333,4.333333333333333,10.0,,1.3333333333333333,1.6666666666666667,,1.0,1.6666666666666667,1.0,-6.333333333333333,0.458043758043758,0.3169459321256819,0.1106821106821106,0.0986131930733102,0.0603603603603603,0.0531226053614615,0.009009009009009,0.0156040613294493,0.0603603603603603,0.0531226053614615,0.449034749034749,0.306734097731715,0.0936936936936937,0.1005947737096061,0.0846846846846847,0.1034585745582385,0.5749446589446588,0.1887272692561151,,,,17.220000000000002,9.504666666666669,2.437333333333333,1.2786666666666666,0.3046666666666666,0.9566666666666668,0.3188888888888889,1.2755555555555556,13.220666666666666,11.942,10.783333333333331,3.716,1.2755555555555556,9.504666666666669,2.437333333333333,1.2786666666666666,0.3046666666666666,13.220666666666666,0.9566666666666668,0.3188888888888889,1.2755555555555556
4683692,Cason Wallace,OKC,2026-06-07,0.0,8.0,0.0,4.0,12.0,17,7,4,5,9,2,1,2,6,10,,0,0,,2,5,2,-3,36.0,0.4722222222222222,0.1944444444444444,0.1111111111111111,0.1388888888888889,0.25,0.2777777777777778,0.0,0.0555555555555555,0.3333333333333333,0.0,29.0,8.18535277187245,11.666666666666666,4.666666666666667,3.333333333333333,3.0,5.333333333333333,2.333333333333333,1.0,1.3333333333333333,4.0,7.0,,0.6666666666666666,0.6666666666666666,,1.3333333333333333,3.333333333333333,2.0,4.0,0.4160095579450418,0.169249112029601,0.1578255675029868,0.0334008706744071,0.1074671445639187,0.0557345749438695,0.1070489844683393,0.0650086569466275,0.182258064516129,0.0781384613792859,0.2463560334528076,0.0745022695276004,0.021505376344086,0.0372484044638468,0.0518518518518518,0.0501027750313654,0.3076702508960573,0.1074841492148814,27.2,6.760177512462229,10.2,4.6,3.0,2.4,5.0,2.4,0.6,0.8,3.4,7.4,,1.0,1.2,,1.4,3.2,2.0,2.0,0.3757962109575013,0.1426486040923077,0.1685048643113159,0.0280956106626301,0.1025755248335893,0.0522668457474094,0.0880389144905273,0.0534931499638891,0.1807834101382488,0.0607835673581151,0.2811469534050179,0.0786040465803526,0.0414746543778801,0.0631857566857239,0.0311111111111111,0.0454062594260056,0.3305069124423963,0.0829778525162104,26.4,5.4609726443393045,10.2,3.8,2.4,2.5,4.6,2.1,0.4,0.7,3.5,6.8,,0.7,0.8,,1.3,2.5,2.0,0.4,0.3829686851537445,0.1553725391648671,0.1426589322769288,0.057708290291376,0.0841909882232462,0.063686805517422,0.0948770851860834,0.0510099800536257,0.1711894251758428,0.0702034068264063,0.2591090090818443,0.0907652032401366,0.0271889400921658,0.0486945587224488,0.0283901420217209,0.0344351426106242,0.2994622847441183,0.0943892060779454,,,,28.235,11.028079365079364,4.885952380952381,2.955063492063492,2.809428571428572,2.68904761904762,0.4481746031746031,0.746957671957672,18.86909523809524,15.914031746031746,13.983142857142855,7.841015873015873,3.1372222222222224,11.028079365079364,4.885952380952381,2.955063492063492,2.809428571428572,18.86909523809524,2.68904761904762,0.4481746031746031,0.746957671957672
4683778,Jared McCain,OKC,2026-06-07,0.0,8.0,0.0,4.0,12.0,12,1,0,2,7,1,0,1,5,12,,0,0,,0,1,2,-8,23.0,0.5217391304347826,0.0434782608695652,0.0,0.0869565217391304,0.3043478260869565,0.5217391304347826,0.0,0.0434782608695652,0.5652173913043478,0.0,27.666666666666668,5.033222956847167,15.0,2.0,2.0,2.333333333333333,6.333333333333333,1.0,0.0,1.6666666666666667,5.333333333333333,14.0,,2.0,2.6666666666666665,,0.0,2.0,1.3333333333333333,-7.0,0.5364270726589567,0.0635750839976697,0.06948714195091,0.0240458077278864,0.074074074074074,0.1283000598199168,0.0839798955740984,0.0088033899978131,0.2293954033084468,0.1036501094266748,0.5016347045332552,0.0859568830955672,0.0875420875420875,0.0784591259106467,0.0593861318498999,0.0153343443302568,0.5995393549016738,0.0913036744902159,26.8,3.898717737923586,14.6,2.4,1.4,1.8,6.8,0.6,0.0,1.6,5.4,14.6,,2.0,2.4,,0.4,2.0,1.6,-1.2,0.5329673547064852,0.2593143961047833,0.0879885814668423,0.0381580801715871,0.0518518518518518,0.0965807763733725,0.0652027521592738,0.0372251324276675,0.2533779827258088,0.098651434252777,0.539869711608842,0.1507830867774026,0.084006734006734,0.0557859217298371,0.059705753184014,0.0196387623141973,0.636538427755819,0.1371309696689448,22.2,6.696599468718764,12.6,2.2,1.2,2.1,6.0,0.5,0.0,1.1,4.7,11.5,,1.1,1.4,,0.7,1.5,1.4,3.4,0.5627764123959776,0.2659328436342414,0.0906823249214553,0.0695432599360722,0.053019943019943,0.0738191060814863,0.1006676153958762,0.0635951987685934,0.2657488204227334,0.1240371063758376,0.4907254540950193,0.1871593798714715,0.0496956746956746,0.0567200650114335,0.0465195432586736,0.0382361499583867,0.5591110942197899,0.195848498118842,,,,25.5205,13.486222471910112,2.5324831460674155,1.4782657303370783,1.9383140449438203,0.71686797752809,0.0,1.43373595505618,17.496971348314606,16.018705617977528,14.96448820224719,4.010748876404494,0.71686797752809,13.486222471910112,2.5324831460674155,1.4782657303370783,1.9383140449438203,17.496971348314606,0.71686797752809,0.0,1.43373595505618
4900671,Ajay Mitchell,OKC,2026-06-07,0.0,16.0,0.0,0.0,8.0,2,5,1,0,1,0,0,3,1,5,,0,0,,0,5,1,-3,17.0,0.1176470588235294,0.2941176470588235,0.0588235294117647,0.0,0.0588235294117647,0.2941176470588235,0.0,0.1764705882352941,0.4705882352941176,0.0,26.33333333333333,8.621678104251709,5.333333333333333,3.0,2.6666666666666665,0.0,1.3333333333333333,2.0,0.3333333333333333,2.0,2.333333333333333,6.0,,0.6666666666666666,0.6666666666666666,,0.0,3.0,2.0,5.0,0.1974789915966386,0.1382729636294489,0.1372549019607843,0.1480359693190343,0.0924369747899159,0.047721918872271,0.0,0.0,0.0532212885154061,0.0215613505859113,0.242296918767507,0.0825855629568935,0.0238095238095238,0.0412393049421162,0.0945378151260504,0.0889079998718438,0.3473109243697479,0.1749618780796534,28.4,6.8044103344816,13.6,3.2,4.4,0.6,2.4,2.6,0.2,1.4,5.8,10.8,,1.4,1.6,,0.6,2.6,2.2,9.2,0.4481843646549528,0.3573559485339353,0.1272014260249554,0.1066386977544148,0.1463712757830405,0.1105319903633293,0.0193939393939393,0.0295046338051832,0.0828418640183346,0.0435418886483349,0.3738629997453527,0.1894098236700525,0.0524675324675324,0.048995647281381,0.0627832951362363,0.0771865002017403,0.4597320091673033,0.197887869346616,28.571428571428573,5.593363414414827,15.142857142857142,3.0,4.571428571428571,0.5714285714285714,2.857142857142857,1.8571428571428568,0.1428571428571428,1.4285714285714286,6.142857142857143,11.714285714285714,,2.2857142857142856,2.571428571428572,,0.5714285714285714,2.4285714285714284,2.0,11.142857142857142,0.5072065189712248,0.3087771040126719,0.1153479573647641,0.0897721590915053,0.153530503110335,0.0925552906957141,0.0189548546691403,0.0262145719189881,0.098968678380443,0.0503680064423454,0.4058205100221906,0.1713041378494453,0.0861162646876932,0.0789287258661225,0.0594710611517334,0.0639036238426342,0.5031827276365092,0.1794836460628057,,,,26.18445238095238,7.05733670886076,3.1378233273056058,2.95266835443038,0.1297142857142857,1.9886925858951172,0.3314487643158529,1.9886925858951172,13.147828390596745,10.195160036166364,10.01000506329114,6.090491681735985,2.3201413502109705,7.05733670886076,3.1378233273056058,2.95266835443038,0.1297142857142857,13.147828390596745,1.9886925858951172,0.3314487643158529,1.9886925858951172
5159925,Nikola Topic,OKC,2026-06-07,0.0,8.0,0.0,4.0,12.0,0,0,0,0,0,0,0,0,0,0,,0,0,,0,0,0,0,0.0,,,,,,,,,,0.0,2.333333333333333,3.2145502536643185,0.0,0.0,0.0,0.0,0.3333333333333333,0.3333333333333333,0.0,0.0,0.0,0.3333333333333333,,0.0,0.0,,0.0,0.0,0.3333333333333333,-1.0,0.0,0.0,0.0,0.0,0.0,0.0,0.0,0.0,0.0833333333333333,0.1178511301977579,0.0833333333333333,0.1178511301977578,0.0,0.0,0.0,0.0,0.0833333333333332,0.117851130197757,2.4,2.5099800796022267,0.4,0.0,0.4,0.0,0.2,0.2,0.0,0.2,0.2,0.8,,0.0,0.0,,0.0,0.0,0.2,-0.4,0.125,0.25,0.0,0.0,0.125,0.25,0.0,0.0,0.0416666666666666,0.0833333333333333,0.4166666666666667,0.4409585518440984,0.0,0.0,0.0625,0.125,0.4791666666666666,0.4732423621500228,1.6,2.065591117977289,0.4,0.2,0.2,0.0,0.2,0.2,0.0,0.2,0.2,0.6,,0.0,0.0,,0.0,0.2,0.1,-0.4,0.4166666666666667,0.8010409893798611,0.1111111111111111,0.2721655269759087,0.0833333333333333,0.2041241452319315,0.0,0.0,0.0833333333333333,0.1394433377556792,0.5,0.4216370213557839,0.0,0.0,0.0972222222222222,0.1529039882724765,0.5972222222222222,0.4230073110304185,,,,6.25,0.22,0.04,0.18,0.0,0.1374999999999999,0.1124999999999999,0.375,0.44,0.26,0.4,0.22,0.2499999999999999,0.22,0.04,0.18,0.0,0.44,0.1374999999999999,0.1124999999999999,0.375
3133635,Jevon Carter,ORL,2026-06-07,0.0,35.0,0.0,0.0,2.0,0,1,1,0,1,0,0,0,0,2,,0,0,,1,0,0,5,11.0,0.0,0.0909090909090909,0.0909090909090909,0.0,0.0909090909090909,0.1818181818181818,0.0,0.0,0.1818181818181818,0.0,11.0,,0.0,1.0,1.0,0.0,1.0,0.0,0.0,0.0,0.0,2.0,,0.0,0.0,,1.0,0.0,0.0,5.0,0.0,,0.0909090909090909,,0.0909090909090909,,0.0,,0.0909090909090909,,0.1818181818181818,,0.0,,0.0,,0.1818181818181818,,11.0,,0.0,1.0,1.0,0.0,1.0,0.0,0.0,0.0,0.0,2.0,,0.0,0.0,,1.0,0.0,0.0,5.0,0.0,,0.0909090909090909,,0.0909090909090909,,0.0,,0.0909090909090909,,0.1818181818181818,,0.0,,0.0,,0.1818181818181818,,11.0,,0.0,1.0,1.0,0.0,1.0,0.0,0.0,0.0,0.0,2.0,,0.0,0.0,,1.0,0.0,0.0,5.0,0.0,,0.0909090909090909,,0.0909090909090909,,0.0,,0.0909090909090909,,0.1818181818181818,,0.0,,0.0,,0.1818181818181818,,,,,11.0,0.0,1.0,1.0,0.0,0.242,0.1979999999999999,0.6599999999999999,2.0,1.0,1.0,2.0,0.4399999999999999,0.0,1.0,1.0,0.0,2.0,0.242,0.1979999999999999,0.6599999999999999
3150844,Moritz Wagner,ORL,2026-06-07,0.0,35.0,0.0,0.0,2.0,5,2,0,1,1,0,0,1,1,3,,2,2,,1,1,2,5,10.0,0.5,0.2,0.0,0.1,0.1,0.3,0.2,0.1,0.488,0.0,10.0,,5.0,2.0,0.0,1.0,1.0,0.0,0.0,1.0,1.0,3.0,,2.0,2.0,,1.0,1.0,2.0,5.0,0.5,,0.2,,0.0,,0.1,,0.1,,0.3,,0.2,,0.1,,0.488,,10.0,,5.0,2.0,0.0,1.0,1.0,0.0,0.0,1.0,1.0,3.0,,2.0,2.0,,1.0,1.0,2.0,5.0,0.5,,0.2,,0.0,,0.1,,0.1,,0.3,,0.2,,0.1,,0.488,,10.0,,5.0,2.0,0.0,1.0,1.0,0.0,0.0,1.0,1.0,3.0,,2.0,2.0,,1.0,1.0,2.0,5.0,0.5,,0.2,,0.0,,0.1,,0.1,,0.3,,0.2,,0.1,,0.488,,,,,10.0,5.0,2.0,0.0,1.0,0.2199999999999999,0.18,0.6,7.0,7.0,5.0,2.0,0.3999999999999999,5.0,2.0,0.0,1.0,7.0,0.2199999999999999,0.18,0.6
4066320,Desmond Bane,ORL,2026-06-07,0.0,35.0,0.0,0.0,2.0,16,3,3,3,5,2,1,0,5,10,,3,5,,0,3,4,-8,38.0,0.4210526315789473,0.0789473684210526,0.0789473684210526,0.0789473684210526,0.131578947368421,0.2631578947368421,0.131578947368421,0.0,0.3210526315789473,0.0,38.0,,16.0,3.0,3.0,3.0,5.0,2.0,1.0,0.0,5.0,10.0,,3.0,5.0,,0.0,3.0,4.0,-8.0,0.4210526315789473,,0.0789473684210526,,0.0789473684210526,,0.0789473684210526,,0.131578947368421,,0.2631578947368421,,0.131578947368421,,0.0,,0.3210526315789473,,38.0,,16.0,3.0,3.0,3.0,5.0,2.0,1.0,0.0,5.0,10.0,,3.0,5.0,,0.0,3.0,4.0,-8.0,0.4210526315789473,,0.0789473684210526,,0.0789473684210526,,0.0789473684210526,,0.131578947368421,,0.2631578947368421,,0.131578947368421,,0.0,,0.3210526315789473,,38.0,,16.0,3.0,3.0,3.0,5.0,2.0,1.0,0.0,5.0,10.0,,3.0,5.0,,0.0,3.0,4.0,-8.0,0.4210526315789473,,0.0789473684210526,,0.0789473684210526,,0.0789473684210526,,0.131578947368421,,0.2631578947368421,,0.131578947368421,,0.0,,0.3210526315789473,,,,,38.0,16.0,3.0,3.0,3.0,0.836,0.6839999999999999,2.28,22.0,19.0,19.0,5.999999999999999,1.52,16.0,3.0,3.0,3.0,22.0,0.836,0.6839999999999999,2.28
4277847,Wendell Carter Jr.,ORL,2026-06-07,0.0,35.0,0.0,0.0,2.0,13,5,2,1,4,0,1,1,3,7,,6,8,,2,3,3,-27,38.0,0.3421052631578947,0.131578947368421,0.0526315789473684,0.0263157894736842,0.1052631578947368,0.1842105263157894,0.2105263157894736,0.0263157894736842,0.303157894736842,0.0,38.0,,13.0,5.0,2.0,1.0,4.0,0.0,1.0,1.0,3.0,7.0,,6.0,8.0,,2.0,3.0,3.0,-27.0,0.3421052631578947,,0.131578947368421,,0.0526315789473684,,0.0263157894736842,,0.1052631578947368,,0.1842105263157894,,0.2105263157894736,,0.0263157894736842,,0.303157894736842,,38.0,,13.0,5.0,2.0,1.0,4.0,0.0,1.0,1.0,3.0,7.0,,6.0,8.0,,2.0,3.0,3.0,-27.0,0.3421052631578947,,0.131578947368421,,0.0526315789473684,,0.0263157894736842,,0.1052631578947368,,0.1842105263157894,,0.2105263157894736,,0.0263157894736842,,0.303157894736842,,38.0,,13.0,5.0,2.0,1.0,4.0,0.0,1.0,1.0,3.0,7.0,,6.0,8.0,,2.0,3.0,3.0,-27.0,0.3421052631578947,,0.131578947368421,,0.0526315789473684,,0.0263157894736842,,0.1052631578947368,,0.1842105263157894,,0.2105263157894736,,0.0263157894736842,,0.303157894736842,,,,,38.0,12.999999999999998,5.0,2.0,1.0,0.836,0.6839999999999999,2.28,20.0,18.0,14.999999999999998,7.0,1.52,12.999999999999998,5.0,2.0,1.0,20.0,0.836,0.6839999999999999,2.28
4278572,Jamal Cain,ORL,2026-06-07,0.0,35.0,0.0,0.0,2.0,5,4,1,1,3,0,2,0,2,6,,0,1,,2,2,1,-16,24.0,0.2083333333333333,0.1666666666666666,0.0416666666666666,0.0416666666666666,0.125,0.25,0.0416666666666666,0.0,0.2683333333333333,0.0,24.0,,5.0,4.0,1.0,1.0,3.0,0.0,2.0,0.0,2.0,6.0,,0.0,1.0,,2.0,2.0,1.0,-16.0,0.2083333333333333,,0.1666666666666666,,0.0416666666666666,,0.0416666666666666,,0.125,,0.25,,0.0416666666666666,,0.0,,0.2683333333333333,,24.0,,5.0,4.0,1.0,1.0,3.0,0.0,2.0,0.0,2.0,6.0,,0.0,1.0,,2.0,2.0,1.0,-16.0,0.2083333333333333,,0.1666666666666666,,0.0416666666666666,,0.0416666666666666,,0.125,,0.25,,0.0416666666666666,,0.0,,0.2683333333333333,,24.0,,5.0,4.0,1.0,1.0,3.0,0.0,2.0,0.0,2.0,6.0,,0.0,1.0,,2.0,2.0,1.0,-16.0,0.2083333333333333,,0.1666666666666666,,0.0416666666666666,,0.0416666666666666,,0.125,,0.25,,0.0416666666666666,,0.0,,0.2683333333333333,,,,,24.0,5.0,4.0,1.0,1.0,0.5279999999999999,0.4319999999999999,1.4399999999999995,10.0,9.0,6.0,5.0,0.9599999999999996,5.0,4.0,1.0,1.0,10.0,0.5279999999999999,0.4319999999999999,1.4399999999999995
4348700,Goga Bitadze,ORL,2026-06-07,0.0,35.0,0.0,0.0,2.0,0,0,0,0,0,0,0,0,0,0,,0,0,,0,0,0,0,0.0,,,,,,,,,,0.0,0.0,,0.0,0.0,0.0,0.0,0.0,0.0,0.0,0.0,0.0,0.0,,0.0,0.0,,0.0,0.0,0.0,0.0,,,,,,,,,,,,,,,,,,,0.0,,0.0,0.0,0.0,0.0,0.0,0.0,0.0,0.0,0.0,0.0,,0.0,0.0,,0.0,0.0,0.0,0.0,,,,,,,,,,,,,,,,,,,0.0,,0.0,0.0,0.0,0.0,0.0,0.0,0.0,0.0,0.0,0.0,,0.0,0.0,,0.0,0.0,0.0,0.0,,,,,,,,,,,,,,,,,,,,,,8.0,0.0,0.0,0.0,0.0,0.176,0.144,0.48,0.0,0.0,0.0,0.0,0.3199999999999999,0.0,0.0,0.0,0.0,0.0,0.176,0.144,0.48
4432165,Jalen Suggs,ORL,2026-06-07,0.0,35.0,0.0,0.0,2.0,6,4,4,0,4,4,2,3,2,9,,2,2,,0,4,4,-28,36.0,0.1666666666666666,0.1111111111111111,0.1111111111111111,0.0,0.1111111111111111,0.25,0.0555555555555555,0.0833333333333333,0.3577777777777778,0.0,36.0,,6.0,4.0,4.0,0.0,4.0,4.0,2.0,3.0,2.0,9.0,,2.0,2.0,,0.0,4.0,4.0,-28.0,0.1666666666666666,,0.1111111111111111,,0.1111111111111111,,0.0,,0.1111111111111111,,0.25,,0.0555555555555555,,0.0833333333333333,,0.3577777777777778,,36.0,,6.0,4.0,4.0,0.0,4.0,4.0,2.0,3.0,2.0,9.0,,2.0,2.0,,0.0,4.0,4.0,-28.0,0.1666666666666666,,0.1111111111111111,,0.1111111111111111,,0.0,,0.1111111111111111,,0.25,,0.0555555555555555,,0.0833333333333333,,0.3577777777777778,,36.0,,6.0,4.0,4.0,0.0,4.0,4.0,2.0,3.0,2.0,9.0,,2.0,2.0,,0.0,4.0,4.0,-28.0,0.1666666666666666,,0.1111111111111111,,0.1111111111111111,,0.0,,0.1111111111111111,,0.25,,0.0555555555555555,,0.0833333333333333,,0.3577777777777778,,,,,36.0,5.999999999999999,4.0,4.0,0.0,0.7919999999999999,0.6479999999999999,2.16,14.0,10.0,10.0,8.0,1.44,5.999999999999999,4.0,4.0,0.0,14.0,0.7919999999999999,0.6479999999999999,2.16
4432573,Paolo Banchero,ORL,2026-06-07,0.0,35.0,0.0,0.0,2.0,38,9,6,4,7,0,1,5,14,25,,6,8,,2,7,4,-18,42.0,0.9047619047619048,0.2142857142857142,0.1428571428571428,0.0952380952380952,0.1666666666666666,0.5952380952380952,0.1904761904761904,0.119047619047619,0.798095238095238,0.0,42.0,,38.0,9.0,6.0,4.0,7.0,0.0,1.0,5.0,14.0,25.0,,6.0,8.0,,2.0,7.0,4.0,-18.0,0.9047619047619048,,0.2142857142857142,,0.1428571428571428,,0.0952380952380952,,0.1666666666666666,,0.5952380952380952,,0.1904761904761904,,0.119047619047619,,0.798095238095238,,42.0,,38.0,9.0,6.0,4.0,7.0,0.0,1.0,5.0,14.0,25.0,,6.0,8.0,,2.0,7.0,4.0,-18.0,0.9047619047619048,,0.2142857142857142,,0.1428571428571428,,0.0952380952380952,,0.1666666666666666,,0.5952380952380952,,0.1904761904761904,,0.119047619047619,,0.798095238095238,,42.0,,38.0,9.0,6.0,4.0,7.0,0.0,1.0,5.0,14.0,25.0,,6.0,8.0,,2.0,7.0,4.0,-18.0,0.9047619047619048,,0.2142857142857142,,0.1428571428571428,,0.0952380952380952,,0.1666666666666666,,0.5952380952380952,,0.1904761904761904,,0.119047619047619,,0.798095238095238,,,,,41.99999999999999,38.0,9.0,5.999999999999999,4.0,0.9239999999999998,0.7559999999999998,2.52,53.0,47.0,44.0,15.0,1.6799999999999995,38.0,9.0,5.999999999999999,4.0,53.0,0.9239999999999998,0.7559999999999998,2.52
4702382,Tristan da Silva,ORL,2026-06-07,0.0,35.0,0.0,0.0,2.0,0,0,0,0,1,0,0,2,0,1,,0,0,,0,0,0,-12,8.0,0.0,0.0,0.0,0.0,0.125,0.125,0.0,0.25,0.375,0.0,8.0,,0.0,0.0,0.0,0.0,1.0,0.0,0.0,2.0,0.0,1.0,,0.0,0.0,,0.0,0.0,0.0,-12.0,0.0,,0.0,,0.0,,0.0,,0.125,,0.125,,0.0,,0.25,,0.375,,8.0,,0.0,0.0,0.0,0.0,1.0,0.0,0.0,2.0,0.0,1.0,,0.0,0.0,,0.0,0.0,0.0,-12.0,0.0,,0.0,,0.0,,0.0,,0.125,,0.125,,0.0,,0.25,,0.375,,8.0,,0.0,0.0,0.0,0.0,1.0,0.0,0.0,2.0,0.0,1.0,,0.0,0.0,,0.0,0.0,0.0,-12.0,0.0,,0.0,,0.0,,0.0,,0.125,,0.125,,0.0,,0.25,,0.375,,,,,8.0,0.0,0.0,0.0,0.0,0.176,0.144,0.48,0.0,0.0,0.0,0.0,0.3199999999999999,0.0,0.0,0.0,0.0,0.0,0.176,0.144,0.48
4712849,Anthony Black,ORL,2026-06-07,0.0,35.0,0.0,0.0,2.0,11,5,1,0,4,5,0,1,4,12,,3,4,,1,4,3,-11,33.0,0.3333333333333333,0.1515151515151515,0.0303030303030303,0.0,0.1212121212121212,0.3636363636363636,0.1212121212121212,0.0303030303030303,0.4472727272727272,0.0,33.0,,11.0,5.0,1.0,0.0,4.0,5.0,0.0,1.0,4.0,12.0,,3.0,4.0,,1.0,4.0,3.0,-11.0,0.3333333333333333,,0.1515151515151515,,0.0303030303030303,,0.0,,0.1212121212121212,,0.3636363636363636,,0.1212121212121212,,0.0303030303030303,,0.4472727272727272,,33.0,,11.0,5.0,1.0,0.0,4.0,5.0,0.0,1.0,4.0,12.0,,3.0,4.0,,1.0,4.0,3.0,-11.0,0.3333333333333333,,0.1515151515151515,,0.0303030303030303,,0.0,,0.1212121212121212,,0.3636363636363636,,0.1212121212121212,,0.0303030303030303,,0.4472727272727272,,33.0,,11.0,5.0,1.0,0.0,4.0,5.0,0.0,1.0,4.0,12.0,,3.0,4.0,,1.0,4.0,3.0,-11.0,0.3333333333333333,,0.1515151515151515,,0.0303030303030303,,0.0,,0.1212121212121212,,0.3636363636363636,,0.1212121212121212,,0.0303030303030303,,0.4472727272727272,,,,,33.0,11.0,5.0,1.0,0.0,0.726,0.594,1.98,17.0,16.0,12.0,6.0,1.3199999999999998,11.0,5.0,1.0,0.0,17.0,0.726,0.594,1.98
5105806,Jett Howard,ORL,2026-06-07,0.0,35.0,0.0,0.0,2.0,0,0,0,0,0,0,0,0,0,0,,0,0,,0,0,0,0,0.0,,,,,,,,,,0.0,0.0,,0.0,0.0,0.0,0.0,0.0,0.0,0.0,0.0,0.0,0.0,,0.0,0.0,,0.0,0.0,0.0,0.0,,,,,,,,,,,,,,,,,,,0.0,,0.0,0.0,0.0,0.0,0.0,0.0,0.0,0.0,0.0,0.0,,0.0,0.0,,0.0,0.0,0.0,0.0,,,,,,,,,,,,,,,,,,,0.0,,0.0,0.0,0.0,0.0,0.0,0.0,0.0,0.0,0.0,0.0,,0.0,0.0,,0.0,0.0,0.0,0.0,,,,,,,,,,,,,,,,,,,,,,8.0,0.0,0.0,0.0,0.0,0.176,0.144,0.48,0.0,0.0,0.0,0.0,0.3199999999999999,0.0,0.0,0.0,0.0,0.0,0.176,0.144,0.48
5214637,Noah Penda,ORL,2026-06-07,0.0,35.0,0.0,0.0,2.0,0,0,0,0,0,0,0,0,0,0,,0,0,,0,0,0,0,0.0,,,,,,,,,,0.0,0.0,,0.0,0.0,0.0,0.0,0.0,0.0,0.0,0.0,0.0,0.0,,0.0,0.0,,0.0,0.0,0.0,0.0,,,,,,,,,,,,,,,,,,,0.0,,0.0,0.0,0.0,0.0,0.0,0.0,0.0,0.0,0.0,0.0,,0.0,0.0,,0.0,0.0,0.0,0.0,,,,,,,,,,,,,,,,,,,0.0,,0.0,0.0,0.0,0.0,0.0,0.0,0.0,0.0,0.0,0.0,,0.0,0.0,,0.0,0.0,0.0,0.0,,,,,,,,,,,,,,,,,,,,,,8.0,0.0,0.0,0.0,0.0,0.176,0.144,0.48,0.0,0.0,0.0,0.0,0.3199999999999999,0.0,0.0,0.0,0.0,0.0,0.176,0.144,0.48
5239561,Jase Richardson,ORL,2026-06-07,0.0,35.0,0.0,0.0,2.0,0,0,0,0,0,0,0,0,0,0,,0,0,,0,0,0,0,0.0,,,,,,,,,,0.0,0.0,,0.0,0.0,0.0,0.0,0.0,0.0,0.0,0.0,0.0,0.0,,0.0,0.0,,0.0,0.0,0.0,0.0,,,,,,,,,,,,,,,,,,,0.0,,0.0,0.0,0.0,0.0,0.0,0.0,0.0,0.0,0.0,0.0,,0.0,0.0,,0.0,0.0,0.0,0.0,,,,,,,,,,,,,,,,,,,0.0,,0.0,0.0,0.0,0.0,0.0,0.0,0.0,0.0,0.0,0.0,,0.0,0.0,,0.0,0.0,0.0,0.0,,,,,,,,,,,,,,,,,,,,,,8.0,0.0,0.0,0.0,0.0,0.176,0.144,0.48,0.0,0.0,0.0,0.0,0.3199999999999999,0.0,0.0,0.0,0.0,0.0,0.176,0.144,0.48
3012,Kyle Lowry,PHI,2026-06-07,0.0,28.0,0.0,0.0,5.0,0,0,0,0,0,0,0,0,0,0,,0,0,,0,0,0,0,0.0,,,,,,,,,,0.0,0.0,0.0,0.0,0.0,0.0,0.0,0.0,0.0,0.0,0.0,0.0,0.0,,0.0,0.0,,0.0,0.0,0.0,0.0,,,,,,,,,,,,,,,,,,,0.0,0.0,0.0,0.0,0.0,0.0,0.0,0.0,0.0,0.0,0.0,0.0,,0.0,0.0,,0.0,0.0,0.0,0.0,,,,,,,,,,,,,,,,,,,0.0,0.0,0.0,0.0,0.0,0.0,0.0,0.0,0.0,0.0,0.0,0.0,,0.0,0.0,,0.0,0.0,0.0,0.0,,,,,,,,,,,,,,,,,,,,,,8.0,0.0,0.0,0.0,0.0,0.176,0.144,0.48,0.0,0.0,0.0,0.0,0.3199999999999999,0.0,0.0,0.0,0.0,0.0,0.176,0.144,0.48
4251,Paul George,PHI,2026-06-07,0.0,28.0,0.0,0.0,5.0,7,1,2,1,4,0,0,2,3,7,,0,0,,0,1,2,-35,27.0,0.2592592592592592,0.037037037037037,0.074074074074074,0.037037037037037,0.1481481481481481,0.2592592592592592,0.0,0.074074074074074,0.3333333333333333,0.0,36.0,8.185352771872452,13.666666666666666,4.0,3.0,3.0,8.333333333333334,1.3333333333333333,0.6666666666666666,2.333333333333333,5.333333333333333,14.333333333333334,,0.0,0.3333333333333333,,1.3333333333333333,2.6666666666666665,3.0,-17.666666666666668,0.3652855221602671,0.094796283049423,0.1027169560421294,0.0570194094251941,0.08201489943636,0.0098399787626879,0.0774211584085105,0.0396430564609166,0.2203333484443235,0.0775551651909382,0.3838493736494552,0.1113573613091726,0.0077519379844961,0.0134267504462703,0.0665110234673678,0.0174905436317404,0.4537712498300013,0.1112300514257813,33.5,8.34665601703261,14.5,3.75,3.0,3.25,7.75,1.0,0.5,2.0,5.5,13.5,,0.25,0.5,,1.0,2.75,2.5,-19.75,0.4374256800817388,0.1637305705309703,0.1058838708777509,0.0469850270380851,0.0903573284234239,0.0185184936477991,0.0965274072679213,0.0500790335265491,0.2229423190255503,0.0635381460896049,0.3936562610063222,0.0930143793740992,0.0154293381037567,0.0188667690767613,0.0594986522159104,0.0200159806145557,0.4599438219878856,0.0916541623802857,33.5,8.34665601703261,14.5,3.75,3.0,3.25,7.75,1.0,0.5,2.0,5.5,13.5,,0.25,0.5,,1.0,2.75,2.5,-19.75,0.4374256800817388,0.1637305705309703,0.1058838708777509,0.0469850270380851,0.0903573284234239,0.0185184936477991,0.0965274072679213,0.0500790335265491,0.2229423190255503,0.0635381460896049,0.3936562610063222,0.0930143793740992,0.0154293381037567,0.0188667690767613,0.0594986522159104,0.0200159806145557,0.4599438219878856,0.0916541623802857,,,,33.275,13.124999999999998,3.4125,2.85,2.8375,0.73205,0.59895,1.9965,19.3875,16.537499999999998,15.974999999999998,6.262499999999999,1.331,13.124999999999998,3.4125,2.85,2.8375,19.3875,0.73205,0.59895,1.9965
6585,Andre Drummond,PHI,2026-06-07,0.0,28.0,0.0,0.0,5.0,4,4,0,0,0,0,0,1,2,4,,0,0,,2,2,5,-14,7.0,0.5714285714285714,0.5714285714285714,0.0,0.0,0.0,0.5714285714285714,0.0,0.1428571428571428,0.7142857142857143,0.0,8.666666666666666,5.686240703077327,3.333333333333333,4.333333333333333,0.3333333333333333,0.0,0.3333333333333333,0.6666666666666666,0.0,0.3333333333333333,1.3333333333333333,2.333333333333333,,0.6666666666666666,0.6666666666666666,,1.3333333333333333,3.0,3.333333333333333,-4.666666666666667,0.3238095238095238,0.2932343679683933,0.4515873015873016,0.1756157507523754,0.0222222222222222,0.038490017945975,0.0,0.0,0.0833333333333333,0.1443375672974064,0.3182539682539682,0.2268828167738604,0.0444444444444444,0.0769800358919501,0.0476190476190476,0.0824786098842322,0.3854285714285714,0.286271314151667,8.75,4.645786621588784,2.5,4.0,0.25,0.0,0.5,0.5,0.0,0.75,1.0,2.0,,0.5,0.5,,1.25,2.75,3.0,-4.25,0.2428571428571428,0.2890283981998765,0.4220238095238094,0.155101885417832,0.0166666666666666,0.0333333333333333,0.0,0.0,0.0902777777777777,0.1186667186849657,0.2664682539682539,0.2122363050497109,0.0333333333333333,0.0666666666666666,0.0912698412698412,0.1102574919797603,0.3724047619047619,0.2351864267529021,8.75,4.645786621588784,2.5,4.0,0.25,0.0,0.5,0.5,0.0,0.75,1.0,2.0,,0.5,0.5,,1.25,2.75,3.0,-4.25,0.2428571428571428,0.2890283981998765,0.4220238095238094,0.155101885417832,0.0166666666666666,0.0333333333333333,0.0,0.0,0.0902777777777777,0.1186667186849657,0.2664682539682539,0.2122363050497109,0.0333333333333333,0.0666666666666666,0.0912698412698412,0.1102574919797603,0.3724047619047619,0.2351864267529021,,,,8.462499999999999,2.975,4.1,0.2375,0.0,0.1861749999999999,0.1523249999999999,0.5077499999999999,7.312499999999999,7.074999999999999,3.2125,4.3375,0.3384999999999999,2.975,4.1,0.2375,0.0,7.312499999999999,0.1861749999999999,0.1523249999999999,0.5077499999999999
3059318,Joel Embiid,PHI,2026-06-07,0.0,28.0,0.0,0.0,4.0,24,5,4,2,2,0,0,3,8,8,,6,7,,1,4,3,-24,28.0,0.8571428571428571,0.1785714285714285,0.1428571428571428,0.0714285714285714,0.0714285714285714,0.2857142857142857,0.25,0.1071428571428571,0.5028571428571429,0.0,29.33333333333333,5.131601439446884,18.666666666666668,5.0,3.333333333333333,0.6666666666666666,2.6666666666666665,0.0,1.0,2.333333333333333,6.0,12.0,,6.0,7.333333333333333,,0.6666666666666666,4.333333333333333,2.333333333333333,-19.0,0.6438095238095238,0.186160635777076,0.17,0.0093677693204314,0.1085714285714285,0.0593845991166472,0.0238095238095238,0.0412393049421161,0.0885714285714285,0.0226778683805536,0.4038095238095238,0.1047965310741251,0.2604761904761905,0.0947212164382268,0.0776190476190476,0.034295633485773,0.5960380952380953,0.080807785709624,29.33333333333333,5.131601439446884,18.666666666666668,5.0,3.333333333333333,0.6666666666666666,2.6666666666666665,0.0,1.0,2.333333333333333,6.0,12.0,,6.0,7.333333333333333,,0.6666666666666666,4.333333333333333,2.333333333333333,-19.0,0.6438095238095238,0.186160635777076,0.17,0.0093677693204314,0.1085714285714285,0.0593845991166472,0.0238095238095238,0.0412393049421161,0.0885714285714285,0.0226778683805536,0.4038095238095238,0.1047965310741251,0.2604761904761905,0.0947212164382268,0.0776190476190476,0.034295633485773,0.5960380952380953,0.080807785709624,29.33333333333333,5.131601439446884,18.666666666666668,5.0,3.333333333333333,0.6666666666666666,2.6666666666666665,0.0,1.0,2.333333333333333,6.0,12.0,,6.0,7.333333333333333,,0.6666666666666666,4.333333333333333,2.333333333333333,-19.0,0.6438095238095238,0.186160635777076,0.17,0.0093677693204314,0.1085714285714285,0.0593845991166472,0.0238095238095238,0.0412393049421161,0.0885714285714285,0.0226778683805536,0.4038095238095238,0.1047965310741251,0.2604761904761905,0.0947212164382268,0.0776190476190476,0.034295633485773,0.5960380952380953,0.080807785709624,,,,29.133333333333333,19.466666666666665,5.0,3.4333333333333336,0.8666666666666666,0.6409333333333332,0.5244,1.748,27.9,24.466666666666665,22.9,8.433333333333334,1.165333333333333,19.466666666666665,5.0,3.4333333333333336,0.8666666666666666,27.9,0.6409333333333332,0.5244,1.748
3133603,Kelly Oubre Jr.,PHI,2026-06-07,0.0,28.0,0.0,0.0,5.0,10,4,0,0,1,0,0,0,4,6,,2,3,,1,3,0,-28,26.0,0.3846153846153846,0.1538461538461538,0.0,0.0,0.0384615384615384,0.2307692307692307,0.1153846153846153,0.0,0.2815384615384615,0.0,34.0,7.211102550927977,17.0,5.666666666666667,1.0,1.6666666666666667,4.0,0.3333333333333333,0.0,0.3333333333333333,5.666666666666667,11.333333333333334,,4.0,4.333333333333333,,1.0,4.666666666666667,2.0,-14.0,0.4902421652421653,0.1140145658727815,0.167022792022792,0.0499325341704716,0.0259259259259259,0.0250513875156827,0.0435185185185185,0.0389219436240438,0.1091168091168091,0.0614409444186694,0.325071225071225,0.1090215528219813,0.1273504273504273,0.0349069706951489,0.0083333333333333,0.0144337567297406,0.3894387464387464,0.1194385214296268,32.25,6.849574196011505,15.75,5.5,1.0,1.5,3.5,0.5,0.25,0.75,5.5,10.5,,3.25,3.5,,1.25,4.25,1.75,-16.75,0.478792735042735,0.0958674708212978,0.1715633903133903,0.0417688892654554,0.0287037037037037,0.0211954132264066,0.0418981481481481,0.0319444444444444,0.1003561253561253,0.0531381039103847,0.3178774928774929,0.0901709401709401,0.1047720797720797,0.0533990466789063,0.0247685185185185,0.0349191943946908,0.3887457264957265,0.0975309935734755,32.25,6.849574196011505,15.75,5.5,1.0,1.5,3.5,0.5,0.25,0.75,5.5,10.5,,3.25,3.5,,1.25,4.25,1.75,-16.75,0.478792735042735,0.0958674708212978,0.1715633903133903,0.0417688892654554,0.0287037037037037,0.0211954132264066,0.0418981481481481,0.0319444444444444,0.1003561253561253,0.0531381039103847,0.3178774928774929,0.0901709401709401,0.1047720797720797,0.0533990466789063,0.0247685185185185,0.0349191943946908,0.3887457264957265,0.0975309935734755,,,,31.8375,15.2625,5.324999999999999,0.8499999999999999,1.325,0.700425,0.5730749999999999,1.91025,21.4375,20.5875,16.1125,6.174999999999999,1.2735,15.2625,5.324999999999999,0.8499999999999999,1.325,21.4375,0.700425,0.5730749999999999,1.91025
4397014,Quentin Grimes,PHI,2026-06-07,0.0,28.0,0.0,0.0,5.0,6,0,0,2,5,0,1,0,2,6,,0,0,,0,0,2,-24,16.0,0.375,0.0,0.0,0.125,0.3125,0.375,0.0,0.0,0.375,0.0,20.666666666666668,4.163331998932266,6.333333333333333,1.6666666666666667,1.6666666666666667,1.6666666666666667,4.0,0.3333333333333333,0.3333333333333333,0.6666666666666666,1.6666666666666667,5.333333333333333,,1.3333333333333333,1.3333333333333333,,0.3333333333333333,1.3333333333333333,3.0,-15.666666666666666,0.3131313131313131,0.0544102561273112,0.0719696969696969,0.0646163716258787,0.0719696969696969,0.0646163716258786,0.0858585858585858,0.0418956061187804,0.2077020202020202,0.1158300466598082,0.2714646464646464,0.104172405718855,0.0555555555555555,0.0962250448649376,0.029040404040404,0.0252209398427249,0.3249494949494949,0.0470332740132089,21.5,3.785938897200182,6.0,1.5,2.25,1.5,3.75,0.5,0.25,0.5,1.5,5.0,,1.5,1.5,,0.25,1.25,3.0,-17.75,0.2869318181818182,0.0686971963789463,0.0643939393939393,0.0548915785840509,0.0956439393939393,0.0708900275462609,0.074810606060606,0.04072336722947,0.1870265151515151,0.1032196969696969,0.2452651515151515,0.0999011889382217,0.0624999999999999,0.0797855923130281,0.021780303030303,0.0251972248023675,0.2945454545454545,0.071919227386213,21.5,3.785938897200182,6.0,1.5,2.25,1.5,3.75,0.5,0.25,0.5,1.5,5.0,,1.5,1.5,,0.25,1.25,3.0,-17.75,0.2869318181818182,0.0686971963789463,0.0643939393939393,0.0548915785840509,0.0956439393939393,0.0708900275462609,0.074810606060606,0.04072336722947,0.1870265151515151,0.1032196969696969,0.2452651515151515,0.0999011889382217,0.0624999999999999,0.0797855923130281,0.021780303030303,0.0251972248023675,0.2945454545454545,0.071919227386213,,,,20.425,6.1,1.325,1.7375,1.625,0.4493499999999999,0.36765,1.2255,9.1625,7.425,7.837499999999999,3.0625,0.817,6.1,1.325,1.7375,1.625,9.1625,0.4493499999999999,0.36765,1.2255
4397179,Tyrese Martin,PHI,2026-06-07,0.0,28.0,0.0,0.0,2.0,0,0,0,0,0,0,0,0,0,0,,0,0,,0,0,0,0,0.0,,,,,,,,,,0.0,0.0,,0.0,0.0,0.0,0.0,0.0,0.0,0.0,0.0,0.0,0.0,,0.0,0.0,,0.0,0.0,0.0,0.0,,,,,,,,,,,,,,,,,,,0.0,,0.0,0.0,0.0,0.0,0.0,0.0,0.0,0.0,0.0,0.0,,0.0,0.0,,0.0,0.0,0.0,0.0,,,,,,,,,,,,,,,,,,,0.0,,0.0,0.0,0.0,0.0,0.0,0.0,0.0,0.0,0.0,0.0,,0.0,0.0,,0.0,0.0,0.0,0.0,,,,,,,,,,,,,,,,,,,,,,8.0,0.0,0.0,0.0,0.0,0.176,0.144,0.48,0.0,0.0,0.0,0.0,0.3199999999999999,0.0,0.0,0.0,0.0,0.0,0.176,0.144,0.48
4431675,Trendon Watford,PHI,2026-06-07,0.0,28.0,0.0,0.0,5.0,2,0,1,0,0,2,0,0,1,1,,0,0,,0,0,2,14,9.0,0.2222222222222222,0.0,0.1111111111111111,0.0,0.0,0.1111111111111111,0.0,0.0,0.1111111111111111,0.0,3.6666666666666665,4.725815626252607,1.6666666666666667,0.0,0.3333333333333333,0.0,0.0,0.6666666666666666,0.0,0.0,0.6666666666666666,0.6666666666666666,,0.3333333333333333,0.6666666666666666,,0.0,0.0,0.6666666666666666,5.333333333333333,0.8611111111111112,0.903525331516144,0.0,0.0,0.0555555555555555,0.0785674201318386,0.0,0.0,0.0,0.0,0.3055555555555556,0.2749859704614352,0.5,0.7071067811865476,0.0,0.0,0.5255555555555556,0.586112954183516,6.25,6.448514040717701,2.5,0.25,0.5,0.0,0.25,0.75,0.0,0.5,0.75,1.5,,1.0,1.5,,0.0,0.25,0.5,1.0,0.6931216931216931,0.7020258869977297,0.0238095238095238,0.0412393049421161,0.0608465608465608,0.0563063403539491,0.0,0.0,0.0238095238095238,0.0412393049421161,0.2989417989417989,0.1947815887216927,0.4285714285714285,0.5150787536377127,0.0476190476190476,0.0824786098842322,0.5351322751322751,0.4147762507719283,6.25,6.448514040717701,2.5,0.25,0.5,0.0,0.25,0.75,0.0,0.5,0.75,1.5,,1.0,1.5,,0.0,0.25,0.5,1.0,0.6931216931216931,0.7020258869977297,0.0238095238095238,0.0412393049421161,0.0608465608465608,0.0563063403539491,0.0,0.0,0.0238095238095238,0.0412393049421161,0.2989417989417989,0.1947815887216927,0.4285714285714285,0.5150787536377127,0.0476190476190476,0.0824786098842322,0.5351322751322751,0.4147762507719283,,,,8.0,2.175,0.1375,0.525,0.0,0.176,0.144,0.48,2.8375,2.3125,2.7,0.6625000000000001,0.3199999999999999,2.175,0.1375,0.525,0.0,2.8375,0.176,0.144,0.48
4431678,Tyrese Maxey,PHI,2026-06-07,0.0,28.0,0.0,0.0,5.0,17,2,4,1,7,0,0,2,6,16,,4,6,,0,2,2,-35,33.0,0.5151515151515151,0.0606060606060606,0.1212121212121212,0.0303030303030303,0.2121212121212121,0.4848484848484848,0.1818181818181818,0.0606060606060606,0.6254545454545455,0.0,41.333333333333336,7.371114795831993,20.0,2.333333333333333,5.666666666666667,1.0,5.333333333333333,0.6666666666666666,0.0,3.333333333333333,7.666666666666667,17.0,,3.6666666666666665,5.0,,0.0,2.333333333333333,1.6666666666666667,-15.333333333333334,0.4849022136256178,0.087430820172806,0.0566301310982162,0.0098116455909421,0.1359875349237051,0.0202661500242233,0.0247689662583279,0.0048472171980535,0.1359875349237051,0.07233016988728,0.415645819901139,0.1237916621880034,0.1244358478401031,0.1078730415852398,0.077906726842897,0.0437481598236775,0.5483043197936815,0.202865768769959,37.75,9.358596760910972,18.25,2.5,4.75,0.75,4.75,0.5,0.0,3.5,6.5,15.0,,4.5,5.5,,0.25,2.25,1.5,-18.5,0.4840470305895837,0.0714074521985872,0.0702503761014399,0.028394070189499,0.1205091697112973,0.0351017148175259,0.0185767246937459,0.013001503711236,0.1297684289705566,0.0603529460703822,0.3950676982591876,0.1091333440311574,0.1581417006948922,0.1109146825292997,0.0954670821692098,0.0500938982516912,0.56011712873415,0.1673156196514251,37.75,9.358596760910972,18.25,2.5,4.75,0.75,4.75,0.5,0.0,3.5,6.5,15.0,,4.5,5.5,,0.25,2.25,1.5,-18.5,0.4840470305895837,0.0714074521985872,0.0702503761014399,0.028394070189499,0.1205091697112973,0.0351017148175259,0.0185767246937459,0.013001503711236,0.1297684289705566,0.0603529460703822,0.3950676982591876,0.1091333440311574,0.1581417006948922,0.1109146825292997,0.0954670821692098,0.0500938982516912,0.56011712873415,0.1673156196514251,,,,38.1125,18.5875,2.375,4.9125,0.8624999999999999,0.8384749999999999,0.6860249999999999,2.28675,25.875,20.9625,23.5,7.2875,1.5244999999999995,18.5875,2.375,4.9125,0.8624999999999999,25.875,0.8384749999999999,0.6860249999999999,2.28675
4432179,MarJon Beauchamp,PHI,2026-06-07,0.0,28.0,0.0,0.0,2.0,0,0,0,0,0,0,0,0,0,0,,0,0,,0,0,0,0,0.0,,,,,,,,,,0.0,0.0,,0.0,0.0,0.0,0.0,0.0,0.0,0.0,0.0,0.0,0.0,,0.0,0.0,,0.0,0.0,0.0,0.0,,,,,,,,,,,,,,,,,,,0.0,,0.0,0.0,0.0,0.0,0.0,0.0,0.0,0.0,0.0,0.0,,0.0,0.0,,0.0,0.0,0.0,0.0,,,,,,,,,,,,,,,,,,,0.0,,0.0,0.0,0.0,0.0,0.0,0.0,0.0,0.0,0.0,0.0,,0.0,0.0,,0.0,0.0,0.0,0.0,,,,,,,,,,,,,,,,,,,,,,8.0,0.0,0.0,0.0,0.0,0.176,0.144,0.48,0.0,0.0,0.0,0.0,0.3199999999999999,0.0,0.0,0.0,0.0,0.0,0.176,0.144,0.48
4432446,Jabari Walker,PHI,2026-06-07,0.0,28.0,0.0,0.0,5.0,0,2,0,0,0,0,0,0,0,1,,0,0,,0,2,1,12,7.0,0.0,0.2857142857142857,0.0,0.0,0.0,0.1428571428571428,0.0,0.0,0.1428571428571428,0.0,3.0,3.605551275463989,0.0,0.6666666666666666,0.0,0.0,0.3333333333333333,0.0,0.0,0.0,0.0,0.6666666666666666,,0.0,0.0,,0.0,0.6666666666666666,0.3333333333333333,4.666666666666667,0.0,0.0,0.1428571428571428,0.2020305089104421,0.0,0.0,0.0,0.0,0.25,0.3535533905932738,0.3214285714285714,0.2525381361380526,0.0,0.0,0.0,0.0,0.3214285714285714,0.2525381361380526,4.75,4.573474244670748,0.5,1.0,0.0,0.0,0.25,0.0,0.0,0.25,0.0,1.0,,0.5,0.5,,0.25,0.75,0.75,1.5,0.0666666666666666,0.1154700538379251,0.1619047619047619,0.1466171839841966,0.0,0.0,0.0,0.0,0.1666666666666666,0.2886751345948129,0.2809523809523809,0.191840353128416,0.0666666666666666,0.1154700538379251,0.0333333333333333,0.0577350269189625,0.3436190476190476,0.1826609066076293,4.75,4.573474244670748,0.5,1.0,0.0,0.0,0.25,0.0,0.0,0.25,0.0,1.0,,0.5,0.5,,0.25,0.75,0.75,1.5,0.0666666666666666,0.1154700538379251,0.1619047619047619,0.1466171839841966,0.0,0.0,0.0,0.0,0.1666666666666666,0.2886751345948129,0.2809523809523809,0.191840353128416,0.0666666666666666,0.1154700538379251,0.0333333333333333,0.0577350269189625,0.3436190476190476,0.1826609066076293,,,,8.0,0.275,1.05,0.0,0.0,0.176,0.144,0.48,1.3250000000000002,1.3250000000000002,0.275,1.05,0.3199999999999999,0.275,1.05,0.0,0.0,1.3250000000000002,0.176,0.144,0.48
4433159,Dalen Terry,PHI,2026-06-07,0.0,28.0,0.0,0.0,5.0,9,1,3,1,1,3,0,1,3,4,,2,5,,0,1,2,9,12.0,0.75,0.0833333333333333,0.25,0.0833333333333333,0.0833333333333333,0.3333333333333333,0.4166666666666667,0.0833333333333333,0.6,0.0,4.666666666666667,6.429100507328637,3.0,0.6666666666666666,1.3333333333333333,0.3333333333333333,0.3333333333333333,1.3333333333333333,0.0,0.3333333333333333,1.0,2.0,,0.6666666666666666,1.6666666666666667,,0.0,0.6666666666666666,1.0,3.6666666666666665,0.375,0.5303300858899106,0.2916666666666667,0.2946278254943948,0.375,0.1767766952966369,0.0416666666666666,0.0589255650988789,0.0416666666666666,0.0589255650988789,0.6666666666666666,0.4714045207910317,0.2083333333333333,0.2946278254943948,0.0416666666666666,0.0589255650988789,0.8,0.282842712474619,6.5,6.4031242374328485,3.0,0.5,1.25,0.5,0.75,1.25,0.0,0.25,1.0,2.5,,0.5,1.25,,0.0,0.5,0.75,0.75,0.3333333333333333,0.3818813079129866,0.1944444444444444,0.2678791878053598,0.2777777777777778,0.2097176232019652,0.0555555555555555,0.0481125224324688,0.0833333333333333,0.0833333333333333,0.5555555555555555,0.3849001794597505,0.1388888888888889,0.2405626121623441,0.0277777777777777,0.0481125224324688,0.6444444444444444,0.3355481971231444,6.5,6.4031242374328485,3.0,0.5,1.25,0.5,0.75,1.25,0.0,0.25,1.0,2.5,,0.5,1.25,,0.0,0.5,0.75,0.75,0.3333333333333333,0.3818813079129866,0.1944444444444444,0.2678791878053598,0.2777777777777778,0.2097176232019652,0.0555555555555555,0.0481125224324688,0.0833333333333333,0.0833333333333333,0.5555555555555555,0.3849001794597505,0.1388888888888889,0.2405626121623441,0.0277777777777777,0.0481125224324688,0.6444444444444444,0.3355481971231444,,,,8.0,3.9,0.6249999999999999,1.5375,0.525,0.176,0.144,0.48,6.062499999999999,4.525,5.4375,2.1625,0.3199999999999999,3.9,0.6249999999999999,1.5375,0.525,6.062499999999999,0.176,0.144,0.48
4433569,Johni Broome,PHI,2026-06-07,0.0,28.0,0.0,0.0,5.0,7,1,1,1,3,0,0,0,3,5,,0,0,,0,1,0,4,3.0,2.333333333333333,0.3333333333333333,0.3333333333333333,0.3333333333333333,1.0,1.6666666666666667,0.0,0.0,1.6666666666666667,0.0,1.0,1.7320508075688772,2.333333333333333,0.3333333333333333,0.3333333333333333,0.3333333333333333,1.0,0.0,0.0,0.0,1.0,1.6666666666666667,,0.0,0.0,,0.0,0.3333333333333333,0.0,1.3333333333333333,2.333333333333333,,0.3333333333333333,,0.3333333333333333,,0.3333333333333333,,1.0,,1.6666666666666667,,0.0,,0.0,,1.6666666666666667,,2.0,2.449489742783178,1.75,0.5,0.25,0.25,1.0,0.0,0.0,0.0,0.75,1.5,,0.0,0.0,,0.25,0.25,0.0,1.0,1.1666666666666667,1.649915822768611,0.2666666666666666,0.0942809041582063,0.1666666666666666,0.2357022603955158,0.1666666666666666,0.2357022603955158,0.6,0.565685424949238,0.9333333333333332,1.0370899457402698,0.0,0.0,0.0,0.0,0.9333333333333332,1.0370899457402698,2.0,2.449489742783178,1.75,0.5,0.25,0.25,1.0,0.0,0.0,0.0,0.75,1.5,,0.0,0.0,,0.25,0.25,0.0,1.0,1.1666666666666667,1.649915822768611,0.2666666666666666,0.0942809041582063,0.1666666666666666,0.2357022603955158,0.1666666666666666,0.2357022603955158,0.6,0.565685424949238,0.9333333333333332,1.0370899457402698,0.0,0.0,0.0,0.0,0.9333333333333332,1.0370899457402698,,,,8.0,2.7125,0.525,0.3875,0.3875,0.176,0.144,0.48,3.625,3.2375,3.1,0.9125,0.3199999999999999,2.7125,0.525,0.3875,0.3875,3.625,0.176,0.144,0.48
4711297,Justin Edwards,PHI,2026-06-07,0.0,28.0,0.0,0.0,5.0,8,1,1,0,6,0,0,0,3,9,,2,2,,0,1,1,3,17.0,0.4705882352941176,0.0588235294117647,0.0588235294117647,0.0,0.3529411764705882,0.5294117647058824,0.1176470588235294,0.0,0.5811764705882353,0.0,6.333333333333333,9.29157324317757,2.6666666666666665,0.3333333333333333,0.3333333333333333,0.0,2.0,0.0,0.0,0.0,1.0,3.0,,0.6666666666666666,0.6666666666666666,,0.0,0.3333333333333333,0.3333333333333333,1.6666666666666667,0.2352941176470588,0.3327561323230812,0.0294117647058823,0.0415945165403851,0.0294117647058823,0.0415945165403851,0.0,0.0,0.1764705882352941,0.2495670992423109,0.2647058823529412,0.3743506488634663,0.0588235294117647,0.0831890330807703,0.0,0.0,0.2905882352941176,0.4109538234190052,8.75,8.99536917900909,4.0,0.25,0.25,0.5,2.5,0.0,0.0,0.5,1.25,3.25,,1.0,1.5,,0.0,0.25,1.5,-1.25,0.3235294117647059,0.2805703533579252,0.0196078431372549,0.0339617805405662,0.0196078431372549,0.0339617805405662,0.0416666666666666,0.0721687836487032,0.2009803921568627,0.181504986093859,0.2598039215686274,0.2648420129262764,0.1225490196078431,0.1250720668840497,0.0416666666666666,0.0721687836487032,0.3553921568627451,0.3115127079965887,8.75,8.99536917900909,4.0,0.25,0.25,0.5,2.5,0.0,0.0,0.5,1.25,3.25,,1.0,1.5,,0.0,0.25,1.5,-1.25,0.3235294117647059,0.2805703533579252,0.0196078431372549,0.0339617805405662,0.0196078431372549,0.0339617805405662,0.0416666666666666,0.0721687836487032,0.2009803921568627,0.181504986093859,0.2598039215686274,0.2648420129262764,0.1225490196078431,0.1250720668840497,0.0416666666666666,0.0721687836487032,0.3553921568627451,0.3115127079965887,,,,9.2625,4.2,0.3875,0.3875,0.275,0.2037749999999999,0.1667249999999999,0.55575,4.9750000000000005,4.5875,4.5875,0.775,0.3704999999999999,4.2,0.3875,0.3875,0.275,4.9750000000000005,0.2037749999999999,0.1667249999999999,0.55575
4870562,Dominick Barlow,PHI,2026-06-07,0.0,28.0,0.0,0.0,5.0,5,1,1,0,0,0,0,0,2,3,,1,1,,0,1,1,-3,15.0,0.3333333333333333,0.0666666666666666,0.0666666666666666,0.0,0.0,0.2,0.0666666666666666,0.0,0.2293333333333333,0.0,14.333333333333334,2.0816659994661326,4.333333333333333,1.3333333333333333,0.3333333333333333,0.0,0.0,0.3333333333333333,0.6666666666666666,0.6666666666666666,2.0,2.333333333333333,,0.3333333333333333,0.3333333333333333,,0.0,1.3333333333333333,1.3333333333333333,-5.333333333333333,0.2916666666666667,0.1102396379610246,0.0916666666666666,0.0300462606288666,0.0222222222222222,0.038490017945975,0.0,0.0,0.0,0.0,0.1569444444444444,0.0640547364311122,0.0222222222222222,0.038490017945975,0.0416666666666666,0.0721687836487032,0.2083888888888888,0.1160100969424325,14.0,1.8257418583505536,5.0,1.75,0.25,0.0,0.0,0.5,0.5,0.5,2.25,2.5,,0.5,0.75,,0.25,1.5,1.0,-6.0,0.3533653846153846,0.1527376150066304,0.1264423076923077,0.0737511537999836,0.0166666666666666,0.0333333333333333,0.0,0.0,0.0,0.0,0.175400641025641,0.0640145629927122,0.0551282051282051,0.0729305777093738,0.03125,0.0625,0.2309070512820512,0.1048832634185314,14.0,1.8257418583505536,5.0,1.75,0.25,0.0,0.0,0.5,0.5,0.5,2.25,2.5,,0.5,0.75,,0.25,1.5,1.0,-6.0,0.3533653846153846,0.1527376150066304,0.1264423076923077,0.0737511537999836,0.0166666666666666,0.0333333333333333,0.0,0.0,0.0,0.0,0.175400641025641,0.0640145629927122,0.0551282051282051,0.0729305777093738,0.03125,0.0625,0.2309070512820512,0.1048832634185314,,,,14.25,4.8,1.5125,0.3875,0.0,0.3135,0.2565,0.855,6.7,6.3125,5.1875,1.9,0.5700000000000001,4.8,1.5125,0.3875,0.0,6.7,0.3135,0.2565,0.855
5105637,Adem Bona,PHI,2026-06-07,0.0,28.0,0.0,0.0,5.0,7,2,0,0,0,0,1,0,2,2,,3,4,,1,1,1,4,10.0,0.7,0.2,0.0,0.0,0.0,0.2,0.4,0.0,0.376,0.0,9.333333333333334,7.023769168568493,3.0,3.0,0.3333333333333333,0.0,0.0,0.0,1.0,0.6666666666666666,0.6666666666666666,0.6666666666666666,,1.6666666666666667,2.6666666666666665,,2.333333333333333,0.6666666666666666,2.333333333333333,-0.6666666666666666,0.2749999999999999,0.3733296130767019,0.2125,0.2190176933491903,0.0208333333333333,0.0360843918243516,0.0,0.0,0.0,0.0,0.0666666666666666,0.1154700538379251,0.2166666666666666,0.202072594216369,0.0416666666666666,0.072168783648703,0.2036666666666666,0.1899482385633868,8.0,6.324555320336759,2.25,2.5,0.25,0.0,0.0,0.0,0.75,1.25,0.5,0.5,,1.25,2.0,,1.75,0.75,3.0,-1.5,0.20625,0.3343993371205551,0.221875,0.1798074780610269,0.015625,0.03125,0.0,0.0,0.0,0.0,0.05,0.1,0.1625,0.1973786547054501,0.21875,0.3590351654086267,0.34025,0.3141235160463688,8.0,6.324555320336759,2.25,2.5,0.25,0.0,0.0,0.0,0.75,1.25,0.5,0.5,,1.25,2.0,,1.75,0.75,3.0,-1.5,0.20625,0.3343993371205551,0.221875,0.1798074780610269,0.015625,0.03125,0.0,0.0,0.0,0.0,0.05,0.1,0.1625,0.1973786547054501,0.21875,0.3590351654086267,0.34025,0.3141235160463688,,,,8.700000000000001,3.1875,2.575,0.2375,0.0,0.1914,0.1566,0.522,6.0,5.7625,3.425,2.8125,0.348,3.1875,2.575,0.2375,0.0,6.0,0.1914,0.1566,0.522
5124612,VJ Edgecombe,PHI,2026-06-07,0.0,28.0,0.0,0.0,5.0,8,6,7,0,6,0,1,0,4,14,,0,0,,2,4,1,-33,30.0,0.2666666666666666,0.2,0.2333333333333333,0.0,0.2,0.4666666666666667,0.0,0.0,0.4666666666666667,0.0,36.66666666666666,5.773502691896256,12.0,6.0,4.666666666666667,1.3333333333333333,6.0,1.0,0.3333333333333333,2.0,4.666666666666667,12.0,,1.3333333333333333,2.0,,2.0,4.0,2.6666666666666665,-15.666666666666666,0.3222222222222222,0.0891056385130301,0.1666666666666666,0.0381881307912986,0.1361111111111111,0.0851197413669142,0.0333333333333333,0.0381881307912986,0.1666666666666666,0.0381881307912986,0.3388888888888888,0.1214305166355244,0.05,0.05,0.05,0.05,0.4108888888888889,0.0986375707850227,34.5,6.4031242374328485,12.0,4.75,4.0,1.5,5.75,1.0,0.25,1.75,4.75,11.75,,1.0,2.0,,1.75,3.0,2.75,-15.5,0.3488095238095238,0.090115194608455,0.1339285714285714,0.0725214019548477,0.1199404761904762,0.0766564064415106,0.0428571428571428,0.0365381172695781,0.1696428571428571,0.0317435514904128,0.3523809523809523,0.1027540267954289,0.0553571428571428,0.0422073759553234,0.0464285714285714,0.0414449885369743,0.4231666666666667,0.084197519097787,34.5,6.4031242374328485,12.0,4.75,4.0,1.5,5.75,1.0,0.25,1.75,4.75,11.75,,1.0,2.0,,1.75,3.0,2.75,-15.5,0.3488095238095238,0.090115194608455,0.1339285714285714,0.0725214019548477,0.1199404761904762,0.0766564064415106,0.0428571428571428,0.0365381172695781,0.1696428571428571,0.0317435514904128,0.3523809523809523,0.1027540267954289,0.0553571428571428,0.0422073759553234,0.0464285714285714,0.0414449885369743,0.4231666666666667,0.084197519097787,,,,34.474999999999994,11.4,5.3125,4.65,1.225,0.7584499999999998,0.6205499999999998,2.0685,21.3625,16.7125,16.05,9.9625,1.3789999999999996,11.4,5.3125,4.65,1.225,21.3625,0.7584499999999998,0.6205499999999998,2.0685
6427,Bismack Biyombo,SAS,2026-06-07,0.0,2.0,2.0,6.0,16.0,0,0,0,0,0,0,0,0,0,0,,0,0,,0,0,0,0,0.0,,,,,,,,,,0.0,0.0,0.0,0.0,0.0,0.0,0.0,0.0,0.0,0.0,0.0,0.0,0.0,,0.0,0.0,,0.0,0.0,0.0,0.0,,,,,,,,,,,,,,,,,,,1.4,2.190890230020664,0.0,0.2,0.0,0.0,0.0,0.0,0.0,0.2,0.0,0.2,,0.0,0.0,,0.2,0.0,0.2,0.4,0.0,0.0,0.25,0.3535533905932738,0.0,0.0,0.0,0.0,0.0,0.0,0.1,0.1414213562373095,0.0,0.0,0.25,0.3535533905932738,0.35,0.2121320343559642,1.6,2.503331114069145,0.2,0.1,0.0,0.0,0.0,0.0,0.2,0.2,0.1,0.3,,0.0,0.0,,0.1,0.0,0.2,-0.3,0.0714285714285714,0.1428571428571426,0.125,0.25,0.0,0.0,0.0,0.0,0.0,0.0,0.1214285714285714,0.1445141990999382,0.0,0.0,0.1607142857142857,0.2360027095428453,0.2821428571428571,0.2274900012753792,,,,6.25,0.04,0.09,0.0,0.0,0.1374999999999999,0.1124999999999999,0.375,0.13,0.13,0.04,0.09,0.2499999999999999,0.04,0.09,0.0,0.0,0.13,0.1374999999999999,0.1124999999999999,0.375
6578,Harrison Barnes,SAS,2026-06-07,0.0,2.0,2.0,6.0,16.0,0,0,0,0,0,0,0,0,0,0,,0,0,,0,0,0,-5,5.0,0.0,0.0,0.0,0.0,0.0,0.0,0.0,0.0,0.0,0.0,6.666666666666667,4.725815626252608,0.0,0.6666666666666666,0.3333333333333333,0.0,1.0,0.0,0.0,0.0,0.0,1.0,,0.0,0.3333333333333333,,0.3333333333333333,0.3333333333333333,0.3333333333333333,-4.0,0.0,0.0,0.0555555555555555,0.0962250448649377,0.0277777777777777,0.0481125224324688,0.0,0.0,0.1666666666666666,0.1666666666666666,0.1666666666666666,0.1666666666666666,0.0277777777777777,0.0481125224324688,0.0,0.0,0.1788888888888888,0.1680057318246193,7.4,4.722287581247039,1.2,0.6,0.2,0.4,1.4,0.0,0.0,0.2,0.4,1.4,,0.0,0.2,,0.4,0.2,0.2,-2.6,0.0923076923076923,0.2064062748461344,0.0487179487179487,0.0738710784148101,0.0166666666666666,0.0372677996249964,0.0307692307692307,0.0688020916153781,0.1615384615384615,0.1605382137692156,0.1615384615384615,0.1605382137692157,0.0166666666666666,0.0372677996249964,0.0153846153846153,0.034401045807689,0.1842564102564102,0.1807155403081754,8.1,4.724639903973871,1.9,1.3,0.3,0.4,1.5,0.1,0.0,0.4,0.4,1.8,,0.7,0.9,,0.8,0.5,0.3,-0.1,0.1619276556776556,0.2123291274427881,0.1252518315018315,0.1828787050480173,0.0369047619047619,0.0912612142230551,0.038003663003663,0.0637516559663312,0.1861263736263736,0.1582264670181833,0.2152930402930402,0.14255316714597,0.0625,0.1230558690740927,0.0306089743589743,0.0560080296108492,0.2734020146520147,0.1728339985634942,,,,8.077777777777778,1.367927927927928,0.8574594594594593,0.1574954954954955,0.2844864864864865,0.1091591591591591,0.0,0.4366366366366366,2.382882882882883,2.2253873873873875,1.5254234234234234,1.0149549549549548,0.1091591591591591,1.367927927927928,0.8574594594594593,0.1574954954954955,0.2844864864864865,2.382882882882883,0.1091591591591591,0.0,0.4366366366366366
2488653,Mason Plumlee,SAS,2026-06-07,0.0,2.0,2.0,6.0,16.0,0,0,0,0,0,0,0,0,0,0,,0,0,,0,0,0,0,0.0,,,,,,,,,,0.0,0.0,0.0,0.0,0.0,0.0,0.0,0.0,0.0,0.0,0.0,0.0,0.0,,0.0,0.0,,0.0,0.0,0.0,0.0,,,,,,,,,,,,,,,,,,,1.4,2.1908902300206643,0.0,0.4,0.0,0.0,0.0,0.0,0.0,0.0,0.0,0.0,,0.0,0.0,,0.0,0.4,0.6,0.4,0.0,0.0,0.35,0.2121320343559642,0.0,0.0,0.0,0.0,0.0,0.0,0.0,0.0,0.0,0.0,0.0,0.0,0.0,0.0,1.4,2.065591117977289,0.4,0.4,0.1,0.0,0.0,0.0,0.1,0.1,0.2,0.3,,0.0,0.0,,0.0,0.4,0.4,-0.1,0.35,0.4725815626252608,0.275,0.2217355782608345,0.125,0.25,0.0,0.0,0.0,0.0,0.225,0.2629955639676583,0.0,0.0,0.05,0.1,0.275,0.3201562118716424,,,,6.25,0.08,0.22,0.02,0.0,0.1374999999999999,0.1124999999999999,0.375,0.32,0.3,0.1,0.24,0.2499999999999999,0.08,0.22,0.02,0.0,0.32,0.1374999999999999,0.1124999999999999,0.375
2489663,Kelly Olynyk,SAS,2026-06-07,0.0,2.0,2.0,6.0,16.0,0,0,0,0,0,0,0,0,0,0,,0,0,,0,0,0,0,0.0,,,,,,,,,,0.0,0.0,0.0,0.0,0.0,0.0,0.0,0.0,0.0,0.0,0.0,0.0,0.0,,0.0,0.0,,0.0,0.0,0.0,0.0,,,,,,,,,,,,,,,,,,,1.4,2.1908902300206634,1.6,0.2,0.0,0.0,0.0,0.0,0.0,0.0,0.4,0.6,,0.8,1.0,,0.0,0.2,0.0,0.4,1.1,0.1414213562373094,0.1,0.1414213562373095,0.0,0.0,0.0,0.0,0.0,0.0,0.3,0.4242640687119284,0.8,0.2828427124746192,0.0,0.0,0.6520000000000001,0.2998132752230959,2.1,2.7668674625929506,1.7,0.6,0.1,0.3,0.5,0.3,0.0,0.3,0.5,1.1,,0.4,0.5,,0.0,0.6,0.1,0.0,0.965,0.4292435206266951,0.19,0.2073644135332772,0.025,0.0559016994374947,0.175,0.2091650066335189,0.25,0.25,0.4699999999999999,0.2819574435974337,0.32,0.4604345773288535,0.225,0.4366062299143245,0.8358000000000001,0.4032408709444022,,,,6.3375,0.8999999999999999,0.19,0.02,0.06,0.139425,0.114075,0.38025,1.11,1.09,0.92,0.21,0.2535,0.8999999999999999,0.19,0.02,0.06,1.11,0.139425,0.114075,0.38025
3064560,Luke Kornet,SAS,2026-06-07,0.0,2.0,2.0,6.0,16.0,1,3,0,0,0,1,0,0,0,0,,1,2,,0,3,2,-7,8.0,0.125,0.375,0.0,0.0,0.0,0.0,0.25,0.0,0.11,0.0,8.0,2.0000000000000004,1.0,2.6666666666666665,0.0,0.0,0.0,0.6666666666666666,0.3333333333333333,0.0,0.0,1.0,,1.0,1.3333333333333333,,1.0,1.6666666666666667,1.6666666666666667,-4.333333333333333,0.1527777777777777,0.1683938285136406,0.3805555555555555,0.2833741800622031,0.0,0.0,0.0,0.0,0.0,0.0,0.1666666666666666,0.2886751345948129,0.1944444444444444,0.1734721666221777,0.0,0.0,0.2522222222222222,0.3459982873004067,9.0,2.6457513110645907,1.2,2.8,0.2,0.0,0.0,0.4,0.2,0.2,0.2,1.2,,0.8,1.2,,1.2,1.6,1.8,-1.2,0.1378205128205128,0.1457893001992841,0.3302564102564102,0.230909590505696,0.0153846153846153,0.034401045807689,0.0,0.0,0.0,0.0,0.1557692307692307,0.2049227737350494,0.1474358974358974,0.1488229072595371,0.0153846153846153,0.0344010458076891,0.236025641025641,0.253200292066766,10.5,2.718251071716685,2.6,3.4,0.4,0.0,0.0,0.3,0.7,0.5,1.0,1.9,,0.6,0.8,,1.2,2.2,1.7,-4.4,0.2250541125541125,0.181687826059634,0.3287312687312687,0.1883946411436333,0.0336385836385836,0.0446797198131068,0.0,0.0,0.0,0.0,0.1824522699522699,0.1474434816869345,0.088003663003663,0.1248294242418869,0.0413308913308913,0.0576879468088446,0.262504773004773,0.1802592785767116,,,,9.29138888888889,1.7812380952380953,2.8793333333333333,0.2437857142857142,0.0,0.3063095238095238,0.3063095238095238,0.4084126984126984,4.904357142857142,4.660571428571428,2.02502380952381,3.123119047619048,0.6126190476190476,1.7812380952380953,2.8793333333333333,0.2437857142857142,0.0,4.904357142857142,0.3063095238095238,0.3063095238095238,0.4084126984126984
3134916,Jordan McLaughlin,SAS,2026-06-07,0.0,2.0,2.0,6.0,16.0,0,0,0,0,0,0,0,0,0,0,,0,0,,0,0,0,0,0.0,,,,,,,,,,0.0,0.0,0.0,0.0,0.0,0.0,0.0,0.0,0.0,0.0,0.0,0.0,0.0,,0.0,0.0,,0.0,0.0,0.0,0.0,,,,,,,,,,,,,,,,,,,1.8,3.03315017762062,0.8,0.8,0.4,0.0,0.2,0.0,0.0,0.2,0.2,0.6,,0.4,0.4,,0.0,0.8,0.0,0.2,1.0,1.414213562373095,0.2857142857142857,0.4040610178208842,0.1428571428571428,0.2020305089104423,0.0,0.0,0.0714285714285714,0.1010152544552211,0.3928571428571428,0.1515228816828317,0.5,0.7071067811865476,0.0714285714285714,0.101015254455221,0.6842857142857143,0.3616346109496913,3.0,3.265986323710904,1.5,0.8,0.5,0.3,0.5,0.0,0.0,0.2,0.5,0.9,,0.2,0.2,,0.2,0.6,0.1,-1.3,0.6428571428571428,0.7589600833793997,0.2648809523809524,0.22542948427602,0.175595238095238,0.1911353920529583,0.0892857142857142,0.138781137340896,0.1547619047619047,0.2041241452319315,0.306547619047619,0.2083758460025511,0.1666666666666666,0.408248290463863,0.0476190476190476,0.0737711113563317,0.4275,0.3355269234003891,,,,6.74,2.621636363636364,1.4627272727272724,0.8312727272727273,0.5754545454545454,0.0,0.0,0.6127272727272728,4.915636363636364,4.084363636363636,3.452909090909091,2.294,0.0,2.621636363636364,1.4627272727272724,0.8312727272727273,0.5754545454545454,4.915636363636364,0.0,0.0,0.6127272727272728
4066259,De'Aaron Fox,SAS,2026-06-07,0.0,2.0,2.0,6.0,14.0,20,3,5,2,2,1,1,4,8,12,,2,2,,0,3,2,2,34.0,0.5882352941176471,0.088235294117647,0.1470588235294117,0.0588235294117647,0.0588235294117647,0.3529411764705882,0.0588235294117647,0.1176470588235294,0.4964705882352942,0.0,36.0,1.999999999999995,14.0,2.333333333333333,5.0,1.6666666666666667,4.333333333333333,1.6666666666666667,0.3333333333333333,3.0,5.666666666666667,12.333333333333334,,1.0,1.3333333333333333,,0.0,2.333333333333333,3.0,1.6666666666666667,0.3963708290333678,0.2027756001551079,0.0644994840041279,0.0565033150691342,0.1391755532622406,0.007743918506616,0.0473856209150326,0.0428279164120299,0.1195103772503153,0.0689238390769101,0.3427932576539387,0.009822010000184,0.0371517027863777,0.032322930368144,0.0840499942667125,0.03135867164613,0.4431900011466576,0.0537981097463528,33.4,4.560701700396555,11.2,3.2,6.0,1.0,4.0,1.6,0.2,2.0,4.4,12.2,,1.4,2.0,,0.2,3.0,2.8,2.4,0.3308294904270136,0.1715277277084556,0.1014036531064394,0.0691500579732158,0.1858363342883466,0.0648236938397824,0.0284313725490196,0.0398840109937411,0.1190255736695365,0.0487845617412003,0.3658158147322234,0.0501063872024287,0.0651814645622695,0.0555178073638939,0.0564906026206335,0.0450618183911211,0.4509862617602556,0.0524736895359429,32.4,4.550946177566936,14.6,4.5,5.8,1.2,4.2,1.3,0.4,1.7,5.6,13.6,,2.2,2.8,,0.5,4.0,2.4,6.2,0.4578175607425083,0.2159167861693667,0.1447827195904695,0.0877324626073373,0.1887160285729645,0.0854060575722622,0.0388111783510265,0.0403364378318118,0.1285028632489433,0.0495614096866239,0.4179511574473125,0.0861464363537125,0.0858827814460491,0.0833138954676042,0.050959072956726,0.0448341220356311,0.5066986542403001,0.1087093485811336,,,,33.595499999999994,12.921920960698689,4.172763755458515,5.812948908296942,1.1721620087336242,1.4670524017467246,0.2934104803493449,2.0538733624454144,22.907633624454142,17.094684716157204,18.73486986899563,9.985712663755455,1.7604628820960695,12.921920960698689,4.172763755458515,5.812948908296942,1.1721620087336242,22.907633624454142,1.4670524017467246,0.2934104803493449,2.0538733624454144
4066317,Lindy Waters III,SAS,2026-06-07,0.0,2.0,2.0,6.0,16.0,0,0,0,0,0,0,0,0,0,0,,0,0,,0,0,0,0,0.0,,,,,,,,,,0.0,0.0,0.0,0.0,0.0,0.0,0.0,0.0,0.0,0.0,0.0,0.0,0.0,,0.0,0.0,,0.0,0.0,0.0,0.0,,,,,,,,,,,,,,,,,,,1.2,2.683281572999748,0.4,0.0,0.2,0.0,0.2,0.2,0.0,0.0,0.2,0.4,,0.0,0.0,,0.0,0.0,0.2,0.2,0.3333333333333333,,0.0,,0.1666666666666666,,0.0,,0.1666666666666666,,0.3333333333333333,,0.0,,0.0,,0.3333333333333333,,2.0,2.98142396999972,0.4,0.1,0.3,0.0,0.2,0.1,0.0,0.0,0.2,0.5,,0.0,0.0,,0.1,0.0,0.1,-0.1,0.1458333333333333,0.1717960677340694,0.03125,0.0625,0.1354166666666666,0.1041666666666666,0.0,0.0,0.0729166666666666,0.0858980338670345,0.1770833333333333,0.2051845375374188,0.0,0.0,0.0,0.0,0.1770833333333333,0.2051845375374188,,,,6.6,0.7479999999999999,0.008,0.712,0.0,0.5499999999999999,0.0,0.0,1.468,0.7559999999999999,1.46,0.72,0.5499999999999999,0.7479999999999999,0.008,0.712,0.0,1.468,0.5499999999999999,0.0,0.0
4395630,Devin Vassell,SAS,2026-06-07,0.0,2.0,2.0,6.0,16.0,14,9,5,3,7,0,1,0,4,9,,3,3,,0,9,2,6,38.0,0.3684210526315789,0.2368421052631578,0.131578947368421,0.0789473684210526,0.1842105263157894,0.2368421052631578,0.0789473684210526,0.0,0.2715789473684211,0.0,35.666666666666664,2.5166114784235933,11.333333333333334,8.0,3.6666666666666665,1.6666666666666667,6.333333333333333,0.6666666666666666,0.3333333333333333,0.3333333333333333,4.0,11.333333333333334,,1.6666666666666667,1.6666666666666667,,1.6666666666666667,6.333333333333333,1.3333333333333333,-2.333333333333333,0.317251461988304,0.0608264446278204,0.2228867623604465,0.0361697909766397,0.1019404572036151,0.0259456759431824,0.0456760588339535,0.0288414503156397,0.1775651249335459,0.009513838473245,0.3222133616870459,0.0948041758954658,0.0465178096757044,0.0413162299327983,0.0092592592592592,0.0160375074774895,0.3519404572036151,0.0911015581075444,33.8,4.711687595755899,10.4,5.8,3.4,2.2,7.0,1.2,0.6,0.6,3.6,10.4,,1.0,1.2,,1.2,4.6,1.0,1.8,0.3159919028340081,0.1127899586699248,0.1636465873307978,0.088848150365168,0.0987711119290066,0.0223947687091259,0.069285977180714,0.0516596825419401,0.2103852288062814,0.0459473384001242,0.3082852819694925,0.0708702055165752,0.0334662413609782,0.0356280786280647,0.0188034188034188,0.0177105690470958,0.3418138469717416,0.0672400779103014,35.4,6.899275324264137,13.1,5.7,2.9,2.8,7.3,1.2,0.8,0.9,4.3,10.7,,1.7,1.9,,0.9,4.8,1.8,4.1,0.3770711200277764,0.1326149391744033,0.1602590964820067,0.0655984686922268,0.0853999830006022,0.0385606904674016,0.0818198657207945,0.046051774822777,0.2091324253088959,0.0604988712363121,0.3060966495951016,0.0688927954579247,0.054066985645933,0.0637382276116267,0.024649648024261,0.0194055905068653,0.3545357713035731,0.0596080901831603,,,,35.668166666666664,12.55754128440367,6.171201223241591,3.0841544342507645,2.5481544342507645,1.3089235474006111,0.76353873598369,0.8726156982670742,21.81289694189602,18.728742507645254,15.641695718654434,9.255355657492355,2.0724622833843016,12.55754128440367,6.171201223241591,3.0841544342507645,2.5481544342507645,21.81289694189602,1.3089235474006111,0.76353873598369,0.8726156982670742
4395723,Keldon Johnson,SAS,2026-06-07,0.0,2.0,2.0,6.0,16.0,3,4,2,0,2,1,0,1,1,4,,1,2,,1,3,1,-5,16.0,0.1875,0.25,0.125,0.0,0.125,0.25,0.125,0.0625,0.3675,0.0,13.333333333333334,4.6188021535170085,5.666666666666667,2.333333333333333,1.0,1.0,3.0,0.6666666666666666,0.0,0.3333333333333333,2.0,5.333333333333333,,0.6666666666666666,1.3333333333333333,,1.0,1.3333333333333333,2.333333333333333,0.6666666666666666,0.4166666666666667,0.2525907427704612,0.1458333333333333,0.1301041249666333,0.0625,0.0625,0.0833333333333333,0.0721687836487032,0.2291666666666666,0.0954703269782466,0.4166666666666667,0.1443375672974064,0.0833333333333333,0.0721687836487032,0.0208333333333333,0.0360843918243516,0.4741666666666666,0.0963824845775069,15.6,4.56070170039655,8.2,2.8,1.0,1.0,3.2,0.6,0.0,0.8,3.4,7.2,,0.4,0.8,,1.4,1.4,2.6,2.4,0.5,0.2296396633859231,0.1608333333333333,0.0949963449589275,0.0574999999999999,0.0570087712549569,0.0711111111111111,0.0537412065732675,0.2108333333333333,0.0729821134860377,0.4577777777777777,0.1486876749813448,0.05,0.0684653196881457,0.0436111111111111,0.0432522389344124,0.5233888888888888,0.1444233959022934,16.6,5.501514942874069,7.5,2.4,0.8,1.1,3.4,0.4,0.0,0.9,2.9,7.6,,0.6,1.1,,1.4,1.0,2.5,-2.3,0.4225524475524475,0.2254024944894087,0.1329807692307692,0.0949461730560896,0.0525961538461538,0.0693997966269399,0.0652175602175602,0.0534994949881124,0.2036295648795648,0.0985740907757392,0.4442851592851592,0.1493579664305832,0.0657148407148407,0.064921154435464,0.0496416083916083,0.0410762245589103,0.5228412975912976,0.1774371414470466,,,,15.933666666666667,7.20425,2.5748,0.8117,1.0221166666666668,0.4085555555555555,0.0,0.91925,10.59075,9.77905,8.01595,3.3865,0.4085555555555555,7.20425,2.5748,0.8117,1.0221166666666668,10.59075,0.4085555555555555,0.0,0.91925
4592479,Julian Champagnie,SAS,2026-06-07,0.0,2.0,2.0,6.0,16.0,8,4,1,2,5,0,1,0,2,6,,2,2,,0,4,2,-8,36.0,0.2222222222222222,0.1111111111111111,0.0277777777777777,0.0555555555555555,0.1388888888888889,0.1666666666666666,0.0555555555555555,0.0,0.1911111111111111,0.0,35.0,3.605551275463992,14.666666666666666,6.666666666666667,1.0,4.333333333333333,8.333333333333334,0.3333333333333333,0.6666666666666666,0.3333333333333333,4.333333333333333,9.333333333333334,,1.6666666666666667,2.333333333333333,,1.3333333333333333,5.333333333333333,2.0,0.0,0.4215556813179903,0.1727029630375683,0.1971954977048355,0.1110776904294562,0.0287838772558636,0.003096261502178,0.124913538326102,0.0600897647784254,0.2415424762623404,0.0937341190148,0.2703263535182041,0.0955360908096568,0.0663396843362887,0.0118020440070249,0.0087719298245614,0.015193428136569,0.3082877444507326,0.1027866077025451,32.0,5.147815070493499,15.2,6.8,1.2,3.8,7.8,1.0,0.8,0.8,5.0,10.2,,1.4,2.0,,1.6,5.2,2.4,0.8,0.4796000754574608,0.1874011873775773,0.2196506319562346,0.0848731554802554,0.0399369930201848,0.0225887277965208,0.1176147896623278,0.0475481857564048,0.2462588190907375,0.0672580011282658,0.3261958121109224,0.1202754778832826,0.0598038106017732,0.0374130953896459,0.0265964912280701,0.0282847065206784,0.3791059800037729,0.1501342990344203,33.0,5.868938953886335,12.5,6.2,1.5,2.9,7.9,1.0,0.8,0.5,4.1,9.8,,1.4,1.8,,1.0,5.2,2.4,5.4,0.3917210094772884,0.2195110834621229,0.191478337286311,0.0674542006522966,0.0480999244691066,0.0221646599212824,0.0895022555260246,0.0581733870172855,0.2422877607726855,0.0635789410928501,0.3037637536178605,0.0935400219388321,0.0563976317966131,0.0554665334352761,0.0155709728867623,0.023163530193639,0.3441496844951326,0.1200237911695802,,,,33.72722222222222,12.490656798245611,6.2823125,1.3333695175438596,3.0681721491228062,0.8875584795321636,0.8875584795321636,0.5547240497076023,20.10633881578947,18.772969298245613,13.824026315789473,7.615682017543859,1.7751169590643272,12.490656798245611,6.2823125,1.3333695175438596,3.0681721491228062,20.10633881578947,0.8875584795321636,0.8875584795321636,0.5547240497076023
4845367,Stephon Castle,SAS,2026-06-07,0.0,2.0,2.0,6.0,16.0,14,4,4,2,4,1,0,4,5,14,,2,4,,0,4,4,-6,28.0,0.5,0.1428571428571428,0.1428571428571428,0.0714285714285714,0.1428571428571428,0.5,0.1428571428571428,0.1428571428571428,0.7057142857142856,0.0,32.666666666666664,4.163331998932256,15.666666666666666,6.0,4.333333333333333,1.0,4.0,0.6666666666666666,0.0,4.0,6.333333333333333,15.0,,2.0,3.0,,2.333333333333333,3.6666666666666665,3.6666666666666665,-4.666666666666667,0.4814814814814815,0.0320750149549797,0.1816059757236227,0.0479951642710214,0.1325863678804855,0.0402117727033592,0.0336134453781512,0.0358991754004938,0.1244164332399626,0.0356409785720242,0.4624183006535948,0.0422631279620177,0.0950046685340803,0.04321547287949,0.122782446311858,0.0566549260372287,0.6270028011204481,0.0754541990746213,32.6,2.9664793948382657,17.6,5.6,5.6,1.2,3.8,1.2,0.0,3.2,6.2,13.2,,4.0,5.0,,2.0,3.6,3.8,-2.0,0.5405934343434343,0.1089457895653801,0.1705166157372039,0.0372175538849102,0.1721654570919276,0.0705799171726969,0.0383498854087089,0.0414668149700834,0.1174528902470078,0.0414309343648744,0.4066176470588235,0.0823744573899946,0.1554876496052966,0.0883180088349448,0.098101285968933,0.056497483177718,0.573133498854087,0.0950364376448951,34.5,5.930148958219067,18.9,5.8,6.6,1.5,4.6,1.0,0.3,4.0,6.3,13.2,,4.8,5.8,,2.1,3.7,3.7,1.4,0.5607800684069482,0.2115256090563257,0.1716134815170087,0.0771489726298546,0.1895843397167479,0.0510180810691306,0.0467044808353963,0.0508075886187911,0.1343798643859457,0.0471871276440738,0.3894742370632463,0.0999082301825572,0.1692225215445029,0.1062767094679943,0.1080409759597618,0.0795964701096183,0.5719731225025895,0.1127223322498543,,,,33.25150000000001,16.639781904761904,5.184800952380952,5.87217142857143,1.1613619047619048,1.0556031746031749,0.3166809523809524,4.011292063492064,27.696754285714288,21.824582857142858,22.51195333333333,11.05697238095238,1.3722841269841273,16.639781904761904,5.184800952380952,5.87217142857143,1.1613619047619048,27.696754285714288,1.0556031746031749,0.3166809523809524,4.011292063492064
5037871,Dylan Harper,SAS,2026-06-07,0.0,2.0,2.0,6.0,16.0,15,6,3,0,3,1,0,2,6,12,,3,4,,1,5,3,12,32.0,0.46875,0.1875,0.09375,0.0,0.09375,0.375,0.125,0.0625,0.4925,0.0,29.0,2.6457513110646054,14.333333333333334,7.0,2.333333333333333,1.0,3.333333333333333,0.6666666666666666,0.0,1.6666666666666667,5.666666666666667,10.0,,2.0,2.333333333333333,,1.3333333333333333,5.666666666666667,2.0,5.333333333333333,0.4948743386243386,0.0674025439275072,0.2441578483245149,0.0508188049717509,0.0801917989417989,0.0394846670484986,0.0365961199294532,0.0370449097200969,0.1159060846560846,0.0249022428381603,0.3428130511463845,0.0412622799793286,0.0773809523809523,0.0676060517357174,0.0574294532627865,0.0196761574986742,0.43429012345679,0.0612647013048434,26.8,3.70135110466435,13.2,6.6,2.8,1.2,3.2,0.4,0.0,1.8,4.8,8.8,,2.4,2.6,,1.4,5.2,1.6,5.6,0.5005609668109667,0.2238320347225155,0.2490401635401635,0.038338676886349,0.1084787157287157,0.0525117704075456,0.0481394901394901,0.0354960874938353,0.120816378066378,0.0197164909059386,0.3275060125060125,0.0821917671819236,0.0987922077922077,0.0666388427910297,0.067548581048581,0.0328663595037112,0.438523164983165,0.0770121956076296,27.0,8.137703743822469,13.0,5.9,2.9,0.9,3.0,0.9,0.1,1.8,4.7,9.3,,2.7,3.2,,1.1,4.8,1.8,7.6,0.4756640718654172,0.1667722089190827,0.2166116889530531,0.0603393828385537,0.1079861384096365,0.0376877433965806,0.0359259114315434,0.0318196679601138,0.1092492311783613,0.0517354761612623,0.337299518147453,0.0864076623644512,0.1203181630634697,0.0758437469177682,0.0727289270433826,0.0372935864251055,0.4629684369387624,0.0714645346545427,,,,27.87088888888889,13.389521857923498,6.296888524590164,2.934444262295082,0.9082797814207652,1.0280245901639344,0.0,1.7133743169398912,22.620854644808745,19.686410382513664,16.32396612021858,9.231332786885249,1.0280245901639344,13.389521857923498,6.296888524590164,2.934444262295082,0.9082797814207652,22.620854644808745,1.0280245901639344,0.0,1.7133743169398912
5061568,Carter Bryant,SAS,2026-06-07,0.0,2.0,2.0,6.0,15.0,0,0,0,0,0,0,0,1,0,0,,0,0,,0,0,2,0,3.0,0.0,0.0,0.0,0.0,0.0,0.0,0.0,0.3333333333333333,0.3333333333333333,0.0,3.333333333333333,0.5773502691896251,1.0,0.3333333333333333,0.0,0.0,0.3333333333333333,0.0,0.0,0.3333333333333333,0.3333333333333333,0.6666666666666666,,0.3333333333333333,0.6666666666666666,,0.0,0.3333333333333333,1.0,-0.6666666666666666,0.3055555555555555,0.3367876570272817,0.1111111111111111,0.1924500897298753,0.0,0.0,0.0,0.0,0.0833333333333333,0.1443375672974064,0.1944444444444444,0.1734721666221774,0.1666666666666666,0.2886751345948129,0.1111111111111111,0.1924500897298752,0.3788888888888889,0.0789045367892488,4.6,2.07364413533277,2.4,1.2,0.0,0.2,1.2,0.0,0.0,0.4,1.0,2.0,,0.2,0.4,,0.0,1.2,1.4,-0.8,0.5133333333333333,0.5504291255213718,0.2066666666666666,0.2165384235854895,0.0,0.0,0.04,0.0894427190999916,0.22,0.2464751508773247,0.3916666666666666,0.3698723503528691,0.1,0.2236067977499789,0.0916666666666666,0.1455354099714415,0.5273333333333333,0.2750999818247903,7.7,4.001388647846036,2.1,1.7,0.4,0.3,1.2,0.2,0.2,0.6,0.8,1.9,,0.2,0.4,,0.2,1.5,1.6,-0.8,0.3311721611721611,0.4245085061713928,0.198058608058608,0.1772233577720122,0.0391208791208791,0.0538753004766479,0.0371428571428571,0.067746359023919,0.1662637362637362,0.1811375126281912,0.2774816849816849,0.284477302455026,0.0653846153846153,0.1601794687090818,0.0901190476190476,0.1134949078342653,0.3963699633699634,0.2387818274005048,,,,7.688888888888888,1.9215,1.1369166666666668,0.2482499999999999,0.26825,0.2402777777777777,0.2402777777777777,0.7208333333333332,3.306666666666666,3.0584166666666666,2.16975,1.3851666666666669,0.4805555555555555,1.9215,1.1369166666666668,0.2482499999999999,0.26825,3.306666666666666,0.2402777777777777,0.2402777777777777,0.7208333333333332
5104157,Victor Wembanyama,SAS,2026-06-07,0.0,2.0,2.0,6.0,16.0,29,9,2,2,6,2,4,4,11,21,,5,8,,3,6,2,6,40.0,0.725,0.225,0.05,0.05,0.15,0.525,0.2,0.1,0.713,0.0,40.0,1.999999999999977,25.666666666666668,9.333333333333334,2.0,2.333333333333333,6.666666666666667,1.3333333333333333,2.6666666666666665,3.6666666666666665,8.0,19.0,,7.333333333333333,9.333333333333334,,2.333333333333333,7.0,3.0,3.333333333333333,0.6443400167084379,0.106356217870419,0.2358187134502924,0.0751477631984982,0.0500835421888053,0.002507309724053,0.0580200501253132,0.0116864295057987,0.1686299081035923,0.0610670971363214,0.4782581453634085,0.1057948997794392,0.2362573099415204,0.0931698431781957,0.0939014202172096,0.0672503204083332,0.6761127819548872,0.2058769812106024,37.2,5.4037024344425175,25.0,8.8,1.8,2.2,6.8,1.6,2.8,3.2,7.6,18.6,,7.6,8.8,,2.4,6.4,2.2,3.0,0.6918671679197994,0.1947773610929778,0.2444987468671679,0.0890355992006175,0.0495989974937343,0.0160617217995975,0.0633834586466165,0.0517034163138398,0.1917794486215538,0.0858764807436379,0.5159022556390978,0.1550154589917691,0.2334837092731829,0.0899607293953115,0.0882957393483709,0.0518811824034602,0.7069308270676691,0.1920718473946454,36.9,6.674162452656095,26.5,10.3,2.8,2.0,5.7,1.3,2.9,3.3,8.5,18.2,,7.5,8.7,,3.0,7.3,2.6,9.0,0.7298524600446744,0.1866081649949576,0.2754599953078003,0.1288098899988149,0.0783669113004548,0.0464066468923794,0.0566462782409908,0.0443195554484624,0.1616988412719676,0.0832007681696425,0.5023848003638205,0.1365641173697301,0.2366844893257699,0.093810198357999,0.0939273752140596,0.0449526238683048,0.700453350881219,0.1700457982048324,,,,38.26,26.952210526315792,10.226912280701756,2.58119298245614,2.210456140350877,1.454327485380117,2.908654970760234,3.2442690058479533,39.76031578947369,37.17912280701755,29.533403508771933,12.808105263157897,4.362982456140351,26.952210526315792,10.226912280701756,2.58119298245614,2.210456140350877,39.76031578947369,1.454327485380117,2.908654970760234,3.2442690058479533
4023,Garrett Temple,TOR,2026-06-07,0.0,35.0,0.0,0.0,2.0,0,0,0,0,0,0,0,0,0,0,,0,0,,0,0,0,0,0.0,,,,,,,,,,0.0,0.0,,0.0,0.0,0.0,0.0,0.0,0.0,0.0,0.0,0.0,0.0,,0.0,0.0,,0.0,0.0,0.0,0.0,,,,,,,,,,,,,,,,,,,0.0,,0.0,0.0,0.0,0.0,0.0,0.0,0.0,0.0,0.0,0.0,,0.0,0.0,,0.0,0.0,0.0,0.0,,,,,,,,,,,,,,,,,,,0.0,,0.0,0.0,0.0,0.0,0.0,0.0,0.0,0.0,0.0,0.0,,0.0,0.0,,0.0,0.0,0.0,0.0,,,,,,,,,,,,,,,,,,,,,,8.0,0.0,0.0,0.0,0.0,0.176,0.144,0.48,0.0,0.0,0.0,0.0,0.3199999999999999,0.0,0.0,0.0,0.0,0.0,0.176,0.144,0.48
3134908,Jakob Poeltl,TOR,2026-06-07,0.0,35.0,0.0,0.0,2.0,9,7,0,0,0,2,0,2,4,5,,1,4,,2,5,4,9,22.0,0.4090909090909091,0.3181818181818182,0.0,0.0,0.0,0.2272727272727272,0.1818181818181818,0.0909090909090909,0.3981818181818182,0.0,22.0,,9.0,7.0,0.0,0.0,0.0,2.0,0.0,2.0,4.0,5.0,,1.0,4.0,,2.0,5.0,4.0,9.0,0.4090909090909091,,0.3181818181818182,,0.0,,0.0,,0.0,,0.2272727272727272,,0.1818181818181818,,0.0909090909090909,,0.3981818181818182,,22.0,,9.0,7.0,0.0,0.0,0.0,2.0,0.0,2.0,4.0,5.0,,1.0,4.0,,2.0,5.0,4.0,9.0,0.4090909090909091,,0.3181818181818182,,0.0,,0.0,,0.0,,0.2272727272727272,,0.1818181818181818,,0.0909090909090909,,0.3981818181818182,,22.0,,9.0,7.0,0.0,0.0,0.0,2.0,0.0,2.0,4.0,5.0,,1.0,4.0,,2.0,5.0,4.0,9.0,0.4090909090909091,,0.3181818181818182,,0.0,,0.0,,0.0,,0.2272727272727272,,0.1818181818181818,,0.0909090909090909,,0.3981818181818182,,,,,22.0,9.0,7.0,0.0,0.0,0.484,0.3959999999999999,1.3199999999999998,16.0,16.0,9.0,7.0,0.8799999999999999,9.0,7.0,0.0,0.0,16.0,0.484,0.3959999999999999,1.3199999999999998
4067017,A.J. Lawson,TOR,2026-06-07,0.0,35.0,0.0,0.0,2.0,2,2,0,0,2,0,1,0,1,4,,0,0,,0,2,2,-1,16.0,0.125,0.125,0.0,0.0,0.125,0.25,0.0,0.0,0.25,0.0,16.0,,2.0,2.0,0.0,0.0,2.0,0.0,1.0,0.0,1.0,4.0,,0.0,0.0,,0.0,2.0,2.0,-1.0,0.125,,0.125,,0.0,,0.0,,0.125,,0.25,,0.0,,0.0,,0.25,,16.0,,2.0,2.0,0.0,0.0,2.0,0.0,1.0,0.0,1.0,4.0,,0.0,0.0,,0.0,2.0,2.0,-1.0,0.125,,0.125,,0.0,,0.0,,0.125,,0.25,,0.0,,0.0,,0.25,,16.0,,2.0,2.0,0.0,0.0,2.0,0.0,1.0,0.0,1.0,4.0,,0.0,0.0,,0.0,2.0,2.0,-1.0,0.125,,0.125,,0.0,,0.0,,0.125,,0.25,,0.0,,0.0,,0.25,,,,,16.0,2.0,2.0,0.0,0.0,0.352,0.288,0.96,4.0,4.0,2.0,2.0,0.6399999999999999,2.0,2.0,0.0,0.0,4.0,0.352,0.288,0.96
4278580,Sandro Mamukelashvili,TOR,2026-06-07,0.0,35.0,0.0,0.0,2.0,6,0,0,0,2,0,0,1,3,6,,0,1,,0,0,2,-9,9.0,0.6666666666666666,0.0,0.0,0.0,0.2222222222222222,0.6666666666666666,0.1111111111111111,0.1111111111111111,0.8266666666666667,0.0,9.0,,6.0,0.0,0.0,0.0,2.0,0.0,0.0,1.0,3.0,6.0,,0.0,1.0,,0.0,0.0,2.0,-9.0,0.6666666666666666,,0.0,,0.0,,0.0,,0.2222222222222222,,0.6666666666666666,,0.1111111111111111,,0.1111111111111111,,0.8266666666666667,,9.0,,6.0,0.0,0.0,0.0,2.0,0.0,0.0,1.0,3.0,6.0,,0.0,1.0,,0.0,0.0,2.0,-9.0,0.6666666666666666,,0.0,,0.0,,0.0,,0.2222222222222222,,0.6666666666666666,,0.1111111111111111,,0.1111111111111111,,0.8266666666666667,,9.0,,6.0,0.0,0.0,0.0,2.0,0.0,0.0,1.0,3.0,6.0,,0.0,1.0,,0.0,0.0,2.0,-9.0,0.6666666666666666,,0.0,,0.0,,0.0,,0.2222222222222222,,0.6666666666666666,,0.1111111111111111,,0.1111111111111111,,0.8266666666666667,,,,,9.0,5.999999999999999,0.0,0.0,0.0,0.1979999999999999,0.1619999999999999,0.54,5.999999999999999,5.999999999999999,5.999999999999999,0.0,0.36,5.999999999999999,0.0,0.0,0.0,5.999999999999999,0.1979999999999999,0.1619999999999999,0.54
4395625,RJ Barrett,TOR,2026-06-07,0.0,35.0,0.0,0.0,2.0,23,4,6,1,6,3,0,3,9,25,,4,5,,0,4,3,-4,43.0,0.5348837209302325,0.0930232558139534,0.1395348837209302,0.0232558139534883,0.1395348837209302,0.5813953488372093,0.1162790697674418,0.0697674418604651,0.7023255813953488,0.0,43.0,,23.0,4.0,6.0,1.0,6.0,3.0,0.0,3.0,9.0,25.0,,4.0,5.0,,0.0,4.0,3.0,-4.0,0.5348837209302325,,0.0930232558139534,,0.1395348837209302,,0.0232558139534883,,0.1395348837209302,,0.5813953488372093,,0.1162790697674418,,0.0697674418604651,,0.7023255813953488,,43.0,,23.0,4.0,6.0,1.0,6.0,3.0,0.0,3.0,9.0,25.0,,4.0,5.0,,0.0,4.0,3.0,-4.0,0.5348837209302325,,0.0930232558139534,,0.1395348837209302,,0.0232558139534883,,0.1395348837209302,,0.5813953488372093,,0.1162790697674418,,0.0697674418604651,,0.7023255813953488,,43.0,,23.0,4.0,6.0,1.0,6.0,3.0,0.0,3.0,9.0,25.0,,4.0,5.0,,0.0,4.0,3.0,-4.0,0.5348837209302325,,0.0930232558139534,,0.1395348837209302,,0.0232558139534883,,0.1395348837209302,,0.5813953488372093,,0.1162790697674418,,0.0697674418604651,,0.7023255813953488,,,,,43.0,23.0,4.0,5.999999999999999,1.0,0.946,0.7739999999999999,2.58,33.0,27.0,29.0,10.0,1.7199999999999998,23.0,4.0,5.999999999999999,1.0,33.0,0.946,0.7739999999999999,2.58
4431684,Trayce Jackson-Davis,TOR,2026-06-07,0.0,35.0,0.0,0.0,2.0,0,0,0,0,0,0,0,0,0,0,,0,0,,0,0,0,0,0.0,,,,,,,,,,0.0,0.0,,0.0,0.0,0.0,0.0,0.0,0.0,0.0,0.0,0.0,0.0,,0.0,0.0,,0.0,0.0,0.0,0.0,,,,,,,,,,,,,,,,,,,0.0,,0.0,0.0,0.0,0.0,0.0,0.0,0.0,0.0,0.0,0.0,,0.0,0.0,,0.0,0.0,0.0,0.0,,,,,,,,,,,,,,,,,,,0.0,,0.0,0.0,0.0,0.0,0.0,0.0,0.0,0.0,0.0,0.0,,0.0,0.0,,0.0,0.0,0.0,0.0,,,,,,,,,,,,,,,,,,,,,,8.0,0.0,0.0,0.0,0.0,0.176,0.144,0.48,0.0,0.0,0.0,0.0,0.3199999999999999,0.0,0.0,0.0,0.0,0.0,0.176,0.144,0.48
4431893,Jamison Battle,TOR,2026-06-07,0.0,35.0,0.0,0.0,2.0,3,2,1,1,2,0,0,0,1,3,,0,0,,0,2,2,-8,14.0,0.2142857142857142,0.1428571428571428,0.0714285714285714,0.0714285714285714,0.1428571428571428,0.2142857142857142,0.0,0.0,0.2142857142857142,0.0,14.0,,3.0,2.0,1.0,1.0,2.0,0.0,0.0,0.0,1.0,3.0,,0.0,0.0,,0.0,2.0,2.0,-8.0,0.2142857142857142,,0.1428571428571428,,0.0714285714285714,,0.0714285714285714,,0.1428571428571428,,0.2142857142857142,,0.0,,0.0,,0.2142857142857142,,14.0,,3.0,2.0,1.0,1.0,2.0,0.0,0.0,0.0,1.0,3.0,,0.0,0.0,,0.0,2.0,2.0,-8.0,0.2142857142857142,,0.1428571428571428,,0.0714285714285714,,0.0714285714285714,,0.1428571428571428,,0.2142857142857142,,0.0,,0.0,,0.2142857142857142,,14.0,,3.0,2.0,1.0,1.0,2.0,0.0,0.0,0.0,1.0,3.0,,0.0,0.0,,0.0,2.0,2.0,-8.0,0.2142857142857142,,0.1428571428571428,,0.0714285714285714,,0.0714285714285714,,0.1428571428571428,,0.2142857142857142,,0.0,,0.0,,0.2142857142857142,,,,,14.0,3.0,2.0,1.0,1.0,0.308,0.252,0.84,6.0,5.0,4.0,3.0,0.56,3.0,2.0,1.0,1.0,6.0,0.308,0.252,0.84
4432241,Jamal Shead,TOR,2026-06-07,0.0,35.0,0.0,0.0,2.0,14,3,7,2,8,0,0,1,5,16,,2,3,,2,1,3,-13,36.0,0.3888888888888889,0.0833333333333333,0.1944444444444444,0.0555555555555555,0.2222222222222222,0.4444444444444444,0.0833333333333333,0.0277777777777777,0.508888888888889,0.0,36.0,,14.0,3.0,7.0,2.0,8.0,0.0,0.0,1.0,5.0,16.0,,2.0,3.0,,2.0,1.0,3.0,-13.0,0.3888888888888889,,0.0833333333333333,,0.1944444444444444,,0.0555555555555555,,0.2222222222222222,,0.4444444444444444,,0.0833333333333333,,0.0277777777777777,,0.508888888888889,,36.0,,14.0,3.0,7.0,2.0,8.0,0.0,0.0,1.0,5.0,16.0,,2.0,3.0,,2.0,1.0,3.0,-13.0,0.3888888888888889,,0.0833333333333333,,0.1944444444444444,,0.0555555555555555,,0.2222222222222222,,0.4444444444444444,,0.0833333333333333,,0.0277777777777777,,0.508888888888889,,36.0,,14.0,3.0,7.0,2.0,8.0,0.0,0.0,1.0,5.0,16.0,,2.0,3.0,,2.0,1.0,3.0,-13.0,0.3888888888888889,,0.0833333333333333,,0.1944444444444444,,0.0555555555555555,,0.2222222222222222,,0.4444444444444444,,0.0833333333333333,,0.0277777777777777,,0.508888888888889,,,,,36.0,14.0,3.0,7.0,2.0,0.7919999999999999,0.6479999999999999,2.16,24.0,17.0,21.0,10.0,1.44,14.0,3.0,7.0,2.0,24.0,0.7919999999999999,0.6479999999999999,2.16
4433134,Scottie Barnes,TOR,2026-06-07,0.0,35.0,0.0,0.0,2.0,24,9,6,1,1,0,1,3,8,14,,7,7,,1,8,5,0,37.0,0.6486486486486487,0.2432432432432432,0.1621621621621621,0.027027027027027,0.027027027027027,0.3783783783783784,0.1891891891891892,0.081081081081081,0.5427027027027027,0.0,37.0,,24.0,9.0,6.0,1.0,1.0,0.0,1.0,3.0,8.0,14.0,,7.0,7.0,,1.0,8.0,5.0,0.0,0.6486486486486487,,0.2432432432432432,,0.1621621621621621,,0.027027027027027,,0.027027027027027,,0.3783783783783784,,0.1891891891891892,,0.081081081081081,,0.5427027027027027,,37.0,,24.0,9.0,6.0,1.0,1.0,0.0,1.0,3.0,8.0,14.0,,7.0,7.0,,1.0,8.0,5.0,0.0,0.6486486486486487,,0.2432432432432432,,0.1621621621621621,,0.027027027027027,,0.027027027027027,,0.3783783783783784,,0.1891891891891892,,0.081081081081081,,0.5427027027027027,,37.0,,24.0,9.0,6.0,1.0,1.0,0.0,1.0,3.0,8.0,14.0,,7.0,7.0,,1.0,8.0,5.0,0.0,0.6486486486486487,,0.2432432432432432,,0.1621621621621621,,0.027027027027027,,0.027027027027027,,0.3783783783783784,,0.1891891891891892,,0.081081081081081,,0.5427027027027027,,,,,37.0,24.0,9.0,5.999999999999999,1.0,0.814,0.6659999999999999,2.22,39.0,33.0,30.0,15.0,1.48,24.0,9.0,5.999999999999999,1.0,39.0,0.814,0.6659999999999999,2.22
4684272,Ja'Kobe Walter,TOR,2026-06-07,0.0,35.0,0.0,0.0,2.0,13,2,2,3,7,3,1,2,4,9,,2,3,,0,2,4,-15,38.0,0.3421052631578947,0.0526315789473684,0.0526315789473684,0.0789473684210526,0.1842105263157894,0.2368421052631578,0.0789473684210526,0.0526315789473684,0.3242105263157895,0.0,38.0,,13.0,2.0,2.0,3.0,7.0,3.0,1.0,2.0,4.0,9.0,,2.0,3.0,,0.0,2.0,4.0,-15.0,0.3421052631578947,,0.0526315789473684,,0.0526315789473684,,0.0789473684210526,,0.1842105263157894,,0.2368421052631578,,0.0789473684210526,,0.0526315789473684,,0.3242105263157895,,38.0,,13.0,2.0,2.0,3.0,7.0,3.0,1.0,2.0,4.0,9.0,,2.0,3.0,,0.0,2.0,4.0,-15.0,0.3421052631578947,,0.0526315789473684,,0.0526315789473684,,0.0789473684210526,,0.1842105263157894,,0.2368421052631578,,0.0789473684210526,,0.0526315789473684,,0.3242105263157895,,38.0,,13.0,2.0,2.0,3.0,7.0,3.0,1.0,2.0,4.0,9.0,,2.0,3.0,,0.0,2.0,4.0,-15.0,0.3421052631578947,,0.0526315789473684,,0.0526315789473684,,0.0789473684210526,,0.1842105263157894,,0.2368421052631578,,0.0789473684210526,,0.0526315789473684,,0.3242105263157895,,,,,38.0,12.999999999999998,2.0,2.0,3.0,0.836,0.6839999999999999,2.28,17.0,14.999999999999998,14.999999999999998,4.0,1.52,12.999999999999998,2.0,2.0,3.0,17.0,0.836,0.6839999999999999,2.28
5093267,Collin Murray-Boyles,TOR,2026-06-07,0.0,35.0,0.0,0.0,2.0,8,4,3,0,0,2,1,2,3,5,,2,3,,2,2,3,-19,24.0,0.3333333333333333,0.1666666666666666,0.125,0.0,0.0,0.2083333333333333,0.125,0.0833333333333333,0.3466666666666667,0.0,24.0,,8.0,4.0,3.0,0.0,0.0,2.0,1.0,2.0,3.0,5.0,,2.0,3.0,,2.0,2.0,3.0,-19.0,0.3333333333333333,,0.1666666666666666,,0.125,,0.0,,0.0,,0.2083333333333333,,0.125,,0.0833333333333333,,0.3466666666666667,,24.0,,8.0,4.0,3.0,0.0,0.0,2.0,1.0,2.0,3.0,5.0,,2.0,3.0,,2.0,2.0,3.0,-19.0,0.3333333333333333,,0.1666666666666666,,0.125,,0.0,,0.0,,0.2083333333333333,,0.125,,0.0833333333333333,,0.3466666666666667,,24.0,,8.0,4.0,3.0,0.0,0.0,2.0,1.0,2.0,3.0,5.0,,2.0,3.0,,2.0,2.0,3.0,-19.0,0.3333333333333333,,0.1666666666666666,,0.125,,0.0,,0.0,,0.2083333333333333,,0.125,,0.0833333333333333,,0.3466666666666667,,,,,24.0,8.0,4.0,3.0,0.0,0.5279999999999999,0.4319999999999999,1.4399999999999995,15.0,12.0,11.0,7.0,0.9599999999999996,8.0,4.0,3.0,0.0,15.0,0.5279999999999999,0.4319999999999999,1.4399999999999995
5106258,Gradey Dick,TOR,2026-06-07,0.0,35.0,0.0,0.0,2.0,0,0,0,0,0,0,0,0,0,0,,0,0,,0,0,0,0,0.0,,,,,,,,,,0.0,0.0,,0.0,0.0,0.0,0.0,0.0,0.0,0.0,0.0,0.0,0.0,,0.0,0.0,,0.0,0.0,0.0,0.0,,,,,,,,,,,,,,,,,,,0.0,,0.0,0.0,0.0,0.0,0.0,0.0,0.0,0.0,0.0,0.0,,0.0,0.0,,0.0,0.0,0.0,0.0,,,,,,,,,,,,,,,,,,,0.0,,0.0,0.0,0.0,0.0,0.0,0.0,0.0,0.0,0.0,0.0,,0.0,0.0,,0.0,0.0,0.0,0.0,,,,,,,,,,,,,,,,,,,,,,8.0,0.0,0.0,0.0,0.0,0.176,0.144,0.48,0.0,0.0,0.0,0.0,0.3199999999999999,0.0,0.0,0.0,0.0,0.0,0.176,0.144,0.48
5107897,Jonathan Mogbo,TOR,2026-06-07,0.0,35.0,0.0,0.0,2.0,0,0,0,0,0,0,0,0,0,0,,0,0,,0,0,0,0,0.0,,,,,,,,,,0.0,0.0,,0.0,0.0,0.0,0.0,0.0,0.0,0.0,0.0,0.0,0.0,,0.0,0.0,,0.0,0.0,0.0,0.0,,,,,,,,,,,,,,,,,,,0.0,,0.0,0.0,0.0,0.0,0.0,0.0,0.0,0.0,0.0,0.0,,0.0,0.0,,0.0,0.0,0.0,0.0,,,,,,,,,,,,,,,,,,,0.0,,0.0,0.0,0.0,0.0,0.0,0.0,0.0,0.0,0.0,0.0,,0.0,0.0,,0.0,0.0,0.0,0.0,,,,,,,,,,,,,,,,,,,,,,8.0,0.0,0.0,0.0,0.0,0.176,0.144,0.48,0.0,0.0,0.0,0.0,0.3199999999999999,0.0,0.0,0.0,0.0,0.0,0.176,0.144,0.48
