date,snapshot_ts,player_id,player_name,team,stat,side,line,price,implied_prob,model_prob,model_prob_raw,edge,ev,bookmaker,bookmaker_title,commence_time,home_team,away_team,sentiment_strength,sentiment_w,sentiment_applied
2026-05-15,2026-05-15T15:24:09.787475+00:00,4432166,Cade Cunningham,DET,ast,UNDER,7.5,170,0.37037037037037035,0.45256646056279487,0.9183443049865337,0.08219609019242452,0.22192944351954602,bovada,Bovada,2026-05-15T23:10:00Z,Cleveland Cavaliers,Detroit Pistons,,,False
2026-05-15,2026-05-15T15:24:09.787475+00:00,4432166,Cade Cunningham,DET,ast,UNDER,8.5,115,0.46511627906976744,0.5404537015255828,0.9673657621085365,0.07533742245581537,0.16197545828000304,williamhill_us,Caesars,2026-05-15T23:10:00Z,Cleveland Cavaliers,Detroit Pistons,,,False
2026-05-15,2026-05-15T15:24:09.787475+00:00,4432166,Cade Cunningham,DET,ast,UNDER,8.5,115,0.46511627906976744,0.5404537015255828,0.9673657621085365,0.07533742245581537,0.16197545828000304,betonlineag,BetOnline.ag,2026-05-15T23:10:00Z,Cleveland Cavaliers,Detroit Pistons,,,False
2026-05-15,2026-05-15T15:24:09.787475+00:00,4432166,Cade Cunningham,DET,ast,UNDER,8.5,110,0.47619047619047616,0.5498667690781852,0.9673657621085365,0.07367629288770905,0.15472021506418898,betmgm,BetMGM,2026-05-15T23:10:00Z,Cleveland Cavaliers,Detroit Pistons,,,False
2026-05-15,2026-05-15T15:24:09.787475+00:00,4432166,Cade Cunningham,DET,ast,UNDER,8.5,106,0.4854368932038835,0.5577262235395815,0.9673657621085365,0.07228933033569795,0.14891602049153785,fanduel,FanDuel,2026-05-15T23:10:00Z,Cleveland Cavaliers,Detroit Pistons,,,False
2026-05-15,2026-05-15T15:24:09.787475+00:00,4432166,Cade Cunningham,DET,ast,UNDER,8.5,101,0.4975124378109453,0.567990436455584,0.9673657621085365,0.07047799864463872,0.1416607772757239,draftkings,DraftKings,2026-05-15T23:10:00Z,Cleveland Cavaliers,Detroit Pistons,,,False
2026-05-15,2026-05-15T15:24:09.787475+00:00,4432166,Cade Cunningham,DET,ast,UNDER,8.5,100,0.5,0.5701048643162805,0.9673657621085365,0.07010486431628049,0.14020972863256098,bovada,Bovada,2026-05-15T23:10:00Z,Cleveland Cavaliers,Detroit Pistons,,,False
2026-05-15,2026-05-15T15:24:09.787475+00:00,3992,James Harden,CLE,ast,UNDER,5.5,155,0.39215686274509803,0.44603253148424643,0.7513279876727539,0.0538756687391484,0.13738295528482836,bovada,Bovada,2026-05-15T23:10:00Z,Cleveland Cavaliers,Detroit Pistons,,,False
2026-05-15,2026-05-15T15:24:09.787475+00:00,4594268,Anthony Edwards,MIN,ast,UNDER,3.5,122,0.45045045045045046,0.5070194473572487,0.827577096495772,0.05656899690679823,0.12558317313309209,fanduel,FanDuel,2026-05-16T01:40:00Z,Minnesota Timberwolves,San Antonio Spurs,,,False
2026-05-15,2026-05-15T15:24:09.787475+00:00,4594268,Anthony Edwards,MIN,ast,UNDER,3.5,120,0.45454545454545453,0.5105002008380022,0.827577096495772,0.05595474629254765,0.1231004418436048,draftkings,DraftKings,2026-05-16T01:40:00Z,Minnesota Timberwolves,San Antonio Spurs,,,False
2026-05-15,2026-05-15T15:24:09.787475+00:00,4594268,Anthony Edwards,MIN,ast,UNDER,3.5,120,0.45454545454545453,0.5105002008380022,0.827577096495772,0.05595474629254765,0.1231004418436048,betonlineag,BetOnline.ag,2026-05-16T01:40:00Z,Minnesota Timberwolves,San Antonio Spurs,,,False
2026-05-15,2026-05-15T15:24:09.787475+00:00,4594268,Anthony Edwards,MIN,ast,UNDER,3.5,120,0.45454545454545453,0.5105002008380022,0.827577096495772,0.05595474629254765,0.1231004418436048,williamhill_us,Caesars,2026-05-16T01:40:00Z,Minnesota Timberwolves,San Antonio Spurs,,,False
2026-05-15,2026-05-15T15:24:09.787475+00:00,4594268,Anthony Edwards,MIN,ast,UNDER,3.5,120,0.45454545454545453,0.5105002008380022,0.827577096495772,0.05595474629254765,0.1231004418436048,betmgm,BetMGM,2026-05-16T01:40:00Z,Minnesota Timberwolves,San Antonio Spurs,,,False
2026-05-15,2026-05-15T15:24:09.787475+00:00,4594268,Anthony Edwards,MIN,ast,UNDER,3.5,120,0.45454545454545453,0.5105002008380022,0.827577096495772,0.05595474629254765,0.1231004418436048,bovada,Bovada,2026-05-16T01:40:00Z,Minnesota Timberwolves,San Antonio Spurs,,,False
2026-05-15,2026-05-15T15:24:09.787475+00:00,4845367,Stephon Castle,SAS,ast,UNDER,5.5,180,0.35714285714285715,0.3997071608101024,0.6409048815911589,0.04256430366724523,0.11918005026828671,bovada,Bovada,2026-05-16T01:40:00Z,Minnesota Timberwolves,San Antonio Spurs,,,False
2026-05-15,2026-05-15T15:24:09.787475+00:00,3992,James Harden,CLE,ast,UNDER,6.5,-110,0.5238095238095238,0.577541179544051,0.882020562039705,0.053731655734527206,0.10257861549318836,betmgm,BetMGM,2026-05-15T23:10:00Z,Cleveland Cavaliers,Detroit Pistons,,,False
2026-05-15,2026-05-15T15:24:09.787475+00:00,4592479,Julian Champagnie,SAS,ast,OVER,1.5,150,0.4,0.44092847839203964,0.6728565226135974,0.04092847839203961,0.10232119598009903,bovada,Bovada,2026-05-16T01:40:00Z,Minnesota Timberwolves,San Antonio Spurs,,,False
2026-05-15,2026-05-15T15:24:09.787475+00:00,4397002,Ayo Dosunmu,MIN,ast,UNDER,3.5,110,0.47619047619047616,0.5243599752961248,0.7973204702281333,0.048169499105648605,0.10115594812186202,bovada,Bovada,2026-05-16T01:40:00Z,Minnesota Timberwolves,San Antonio Spurs,,,False
2026-05-15,2026-05-15T15:24:09.787475+00:00,4592479,Julian Champagnie,SAS,ast,OVER,1.5,147,0.4048582995951417,0.44505803304791003,0.6728565226135974,0.04019973345276834,0.0992933416283378,draftkings,DraftKings,2026-05-16T01:40:00Z,Minnesota Timberwolves,San Antonio Spurs,,,False
2026-05-15,2026-05-15T15:24:09.787475+00:00,4397002,Ayo Dosunmu,MIN,ast,UNDER,3.5,108,0.4807692307692308,0.5282519166880661,0.7973204702281333,0.047482685918835366,0.09876398671117759,draftkings,DraftKings,2026-05-16T01:40:00Z,Minnesota Timberwolves,San Antonio Spurs,,,False
2026-05-15,2026-05-15T15:24:09.787475+00:00,3992,James Harden,CLE,ast,UNDER,6.5,-115,0.5348837209302325,0.5869542470966533,0.882020562039705,0.05207052616642083,0.097349244572004,draftkings,DraftKings,2026-05-15T23:10:00Z,Cleveland Cavaliers,Detroit Pistons,,,False
2026-05-15,2026-05-15T15:24:09.787475+00:00,3992,James Harden,CLE,ast,UNDER,6.5,-116,0.5370370370370371,0.5887845657874373,0.882020562039705,0.05174752875040023,0.0963574673283315,betonlineag,BetOnline.ag,2026-05-15T23:10:00Z,Cleveland Cavaliers,Detroit Pistons,,,False
2026-05-15,2026-05-15T15:24:09.787475+00:00,3992,James Harden,CLE,ast,UNDER,6.5,-117,0.5391705069124424,0.5905980151815318,0.882020562039705,0.05142750826908937,0.09538264354181525,williamhill_us,Caesars,2026-05-15T23:10:00Z,Cleveland Cavaliers,Detroit Pistons,,,False
2026-05-15,2026-05-15T15:24:09.787475+00:00,4845367,Stephon Castle,SAS,ast,UNDER,6.5,105,0.4878048780487805,0.5339707866927589,0.7955776023419697,0.046165908643978404,0.09464011272015571,betmgm,BetMGM,2026-05-16T01:40:00Z,Minnesota Timberwolves,San Antonio Spurs,,,False
2026-05-15,2026-05-15T15:24:09.787475+00:00,3992,James Harden,CLE,ast,UNDER,6.5,-118,0.5412844036697247,0.5923948274252218,0.882020562039705,0.051110423755497014,0.09442434219235885,fanduel,FanDuel,2026-05-15T23:10:00Z,Cleveland Cavaliers,Detroit Pistons,,,False
2026-05-15,2026-05-15T15:24:09.787475+00:00,3992,James Harden,CLE,ast,UNDER,6.5,-120,0.5454545454545454,0.5959394479423193,0.882020562039705,0.05048490248777393,0.0925556545609188,bovada,Bovada,2026-05-15T23:10:00Z,Cleveland Cavaliers,Detroit Pistons,,,False
2026-05-15,2026-05-15T15:24:09.787475+00:00,4592479,Julian Champagnie,SAS,ast,OVER,1.5,140,0.4166666666666667,0.4550951450587063,0.6728565226135974,0.03842847839203961,0.09222834814089509,betonlineag,BetOnline.ag,2026-05-16T01:40:00Z,Minnesota Timberwolves,San Antonio Spurs,,,False
2026-05-15,2026-05-15T15:24:09.787475+00:00,4592479,Julian Champagnie,SAS,ast,OVER,1.5,140,0.4166666666666667,0.4550951450587063,0.6728565226135974,0.03842847839203961,0.09222834814089509,betmgm,BetMGM,2026-05-16T01:40:00Z,Minnesota Timberwolves,San Antonio Spurs,,,False
2026-05-15,2026-05-15T15:24:09.787475+00:00,4397002,Ayo Dosunmu,MIN,ast,UNDER,3.5,102,0.49504950495049505,0.5403901497421408,0.7973204702281333,0.04534064479164579,0.09158810247912452,fanduel,FanDuel,2026-05-16T01:40:00Z,Minnesota Timberwolves,San Antonio Spurs,,,False
2026-05-15,2026-05-15T15:24:09.787475+00:00,4397002,Ayo Dosunmu,MIN,ast,UNDER,3.5,102,0.49504950495049505,0.5403901497421408,0.7973204702281333,0.04534064479164579,0.09158810247912452,betonlineag,BetOnline.ag,2026-05-16T01:40:00Z,Minnesota Timberwolves,San Antonio Spurs,,,False
2026-05-15,2026-05-15T15:24:09.787475+00:00,4397002,Ayo Dosunmu,MIN,ast,UNDER,3.5,101,0.4975124378109453,0.5424836426735234,0.7973204702281333,0.04497120486257816,0.09039212177378209,williamhill_us,Caesars,2026-05-16T01:40:00Z,Minnesota Timberwolves,San Antonio Spurs,,,False
2026-05-15,2026-05-15T15:24:09.787475+00:00,4432166,Cade Cunningham,DET,ast,UNDER,9.5,-170,0.6296296296296297,0.6835457594739047,0.9890704952581302,0.053916129844275074,0.0856315003409075,bovada,Bovada,2026-05-15T23:10:00Z,Cleveland Cavaliers,Detroit Pistons,,,False
2026-05-15,2026-05-15T15:24:09.787475+00:00,4845367,Stephon Castle,SAS,ast,UNDER,6.5,-103,0.5073891625615764,0.5506174285286354,0.7955776023419697,0.043228265967058976,0.08519745622633967,draftkings,DraftKings,2026-05-16T01:40:00Z,Minnesota Timberwolves,San Antonio Spurs,,,False
2026-05-15,2026-05-15T15:24:09.787475+00:00,4397002,Ayo Dosunmu,MIN,ast,UNDER,3.5,-105,0.5121951219512195,0.5549639241927566,0.7973204702281333,0.04276880224153712,0.08350099485252482,betmgm,BetMGM,2026-05-16T01:40:00Z,Minnesota Timberwolves,San Antonio Spurs,,,False
2026-05-15,2026-05-15T15:24:09.787475+00:00,4845367,Stephon Castle,SAS,ast,UNDER,6.5,-105,0.5121951219512195,0.5547024940098321,0.7955776023419697,0.04250737205861255,0.08299058354300548,fanatics,Fanatics,2026-05-16T01:40:00Z,Minnesota Timberwolves,San Antonio Spurs,,,False
2026-05-15,2026-05-15T15:24:09.787475+00:00,4845367,Stephon Castle,SAS,ast,UNDER,6.5,-105,0.5121951219512195,0.5547024940098321,0.7955776023419697,0.04250737205861255,0.08299058354300548,betonlineag,BetOnline.ag,2026-05-16T01:40:00Z,Minnesota Timberwolves,San Antonio Spurs,,,False
2026-05-15,2026-05-15T15:24:09.787475+00:00,4845367,Stephon Castle,SAS,ast,UNDER,6.5,-105,0.5121951219512195,0.5547024940098321,0.7955776023419697,0.04250737205861255,0.08299058354300548,bovada,Bovada,2026-05-16T01:40:00Z,Minnesota Timberwolves,San Antonio Spurs,,,False
2026-05-15,2026-05-15T15:24:09.787475+00:00,4845367,Stephon Castle,SAS,ast,UNDER,6.5,-108,0.5192307692307693,0.5606827941974494,0.7955776023419697,0.0414520249666801,0.07983352956545808,williamhill_us,Caesars,2026-05-16T01:40:00Z,Minnesota Timberwolves,San Antonio Spurs,,,False
2026-05-15,2026-05-15T15:24:09.787475+00:00,3064514,Julius Randle,MIN,ast,UNDER,3.5,105,0.4878048780487805,0.5256849314998834,0.7403385677227995,0.0378800534511029,0.07765410957476093,bovada,Bovada,2026-05-16T01:40:00Z,Minnesota Timberwolves,San Antonio Spurs,,,False
2026-05-15,2026-05-15T15:24:09.787475+00:00,3908809,Donovan Mitchell,CLE,ast,UNDER,2.5,210,0.3225806451612903,0.34724270219160286,0.4869943586967074,0.024662057030312545,0.07645237679396899,bovada,Bovada,2026-05-15T23:10:00Z,Cleveland Cavaliers,Detroit Pistons,,,False
2026-05-15,2026-05-15T15:24:09.787475+00:00,4066259,De'Aaron Fox,SAS,ast,UNDER,4.5,170,0.37037037037037035,0.39864195561725513,0.5588476053496021,0.02827158524688478,0.0763332801665888,bovada,Bovada,2026-05-16T01:40:00Z,Minnesota Timberwolves,San Antonio Spurs,,,False
2026-05-15,2026-05-15T15:24:09.787475+00:00,3064514,Julius Randle,MIN,ast,UNDER,3.5,103,0.49261083743842365,0.5297699969810801,0.7403385677227995,0.03715915954265642,0.07543309387159258,betonlineag,BetOnline.ag,2026-05-16T01:40:00Z,Minnesota Timberwolves,San Antonio Spurs,,,False
2026-05-15,2026-05-15T15:24:09.787475+00:00,3064514,Julius Randle,MIN,ast,UNDER,3.5,102,0.49504950495049505,0.5318428643663408,0.7403385677227995,0.03679335941584572,0.0743225860200083,draftkings,DraftKings,2026-05-16T01:40:00Z,Minnesota Timberwolves,San Antonio Spurs,,,False
2026-05-15,2026-05-15T15:24:09.787475+00:00,4845367,Stephon Castle,SAS,ast,UNDER,6.5,-114,0.5327102803738317,0.5721403786690524,0.7955776023419697,0.039430098295220706,0.07401790381734397,fanduel,FanDuel,2026-05-16T01:40:00Z,Minnesota Timberwolves,San Antonio Spurs,,,False
2026-05-15,2026-05-15T15:24:09.787475+00:00,4594268,Anthony Edwards,MIN,ast,UNDER,4.5,-180,0.6428571428571429,0.6892954587295526,0.9524459153398742,0.04643831587240965,0.07223738024597065,bovada,Bovada,2026-05-16T01:40:00Z,Minnesota Timberwolves,San Antonio Spurs,,,False
2026-05-15,2026-05-15T15:24:09.787475+00:00,3064514,Julius Randle,MIN,ast,UNDER,3.5,-104,0.5098039215686274,0.5443841184917533,0.7403385677227995,0.03458019692312586,0.06783038627228533,fanduel,FanDuel,2026-05-16T01:40:00Z,Minnesota Timberwolves,San Antonio Spurs,,,False
2026-05-15,2026-05-15T15:24:09.787475+00:00,4066259,De'Aaron Fox,SAS,ast,UNDER,5.5,-105,0.5121951219512195,0.5467670487054411,0.7426746336460301,0.034571926754221605,0.0674975712820517,betmgm,BetMGM,2026-05-16T01:40:00Z,Minnesota Timberwolves,San Antonio Spurs,,,False
2026-05-15,2026-05-15T15:24:09.787475+00:00,3064514,Julius Randle,MIN,ast,UNDER,3.5,-105,0.5121951219512195,0.5464166388169566,0.7403385677227995,0.034221516865737045,0.0668134376902485,williamhill_us,Caesars,2026-05-16T01:40:00Z,Minnesota Timberwolves,San Antonio Spurs,,,False
2026-05-15,2026-05-15T15:24:09.787475+00:00,4066328,Jarrett Allen,CLE,ast,OVER,1.5,140,0.4166666666666667,0.444389476638544,0.6014853998125156,0.027722809971877316,0.06653474393250558,betmgm,BetMGM,2026-05-15T23:10:00Z,Cleveland Cavaliers,Detroit Pistons,,,False
2026-05-15,2026-05-15T15:24:09.787475+00:00,4433621,Jalen Duren,DET,ast,OVER,1.5,-120,0.5454545454545454,0.5817416554367473,0.7873686120025578,0.03628710998220186,0.06652636830070335,fanatics,Fanatics,2026-05-15T23:10:00Z,Cleveland Cavaliers,Detroit Pistons,,,False
2026-05-15,2026-05-15T15:24:09.787475+00:00,4433621,Jalen Duren,DET,ast,OVER,1.5,-122,0.5495495495495496,0.5852224089175009,0.7873686120025578,0.03567285936795128,0.06491290803020655,fanduel,FanDuel,2026-05-15T23:10:00Z,Cleveland Cavaliers,Detroit Pistons,,,False
2026-05-15,2026-05-15T15:24:09.787475+00:00,3032976,Rudy Gobert,MIN,ast,OVER,1.5,100,0.5,0.5320860757816575,0.7139071718777162,0.03208607578165745,0.0641721515633149,fanduel,FanDuel,2026-05-16T01:40:00Z,Minnesota Timberwolves,San Antonio Spurs,,,False
2026-05-15,2026-05-15T15:24:09.787475+00:00,3032976,Rudy Gobert,MIN,ast,OVER,1.5,100,0.5,0.5320860757816575,0.7139071718777162,0.03208607578165745,0.0641721515633149,betonlineag,BetOnline.ag,2026-05-16T01:40:00Z,Minnesota Timberwolves,San Antonio Spurs,,,False
2026-05-15,2026-05-15T15:24:09.787475+00:00,3032976,Rudy Gobert,MIN,ast,OVER,1.5,100,0.5,0.5320860757816575,0.7139071718777162,0.03208607578165745,0.0641721515633149,betmgm,BetMGM,2026-05-16T01:40:00Z,Minnesota Timberwolves,San Antonio Spurs,,,False
2026-05-15,2026-05-15T15:24:09.787475+00:00,4433621,Jalen Duren,DET,ast,OVER,1.5,-125,0.5555555555555556,0.5903275140226059,0.7873686120025578,0.03477195846705028,0.06258952524069056,bovada,Bovada,2026-05-15T23:10:00Z,Cleveland Cavaliers,Detroit Pistons,,,False
2026-05-15,2026-05-15T15:24:09.787475+00:00,4433621,Jalen Duren,DET,ast,OVER,1.5,-125,0.5555555555555556,0.5903275140226059,0.7873686120025578,0.03477195846705028,0.06258952524069056,betonlineag,BetOnline.ag,2026-05-15T23:10:00Z,Cleveland Cavaliers,Detroit Pistons,,,False
2026-05-15,2026-05-15T15:24:09.787475+00:00,4433621,Jalen Duren,DET,ast,OVER,1.5,-125,0.5555555555555556,0.5903275140226059,0.7873686120025578,0.03477195846705028,0.06258952524069056,betmgm,BetMGM,2026-05-15T23:10:00Z,Cleveland Cavaliers,Detroit Pistons,,,False
2026-05-15,2026-05-15T15:24:09.787475+00:00,4433621,Jalen Duren,DET,ast,OVER,1.5,-126,0.5575221238938053,0.5919990971101181,0.7873686120025578,0.03447697321631282,0.061839650372116584,draftkings,DraftKings,2026-05-15T23:10:00Z,Cleveland Cavaliers,Detroit Pistons,,,False
2026-05-15,2026-05-15T15:24:09.787475+00:00,4066259,De'Aaron Fox,SAS,ast,UNDER,5.5,-112,0.5283018867924528,0.5604577988204894,0.7426746336460301,0.03215591202803658,0.060866547767355006,betonlineag,BetOnline.ag,2026-05-16T01:40:00Z,Minnesota Timberwolves,San Antonio Spurs,,,False
2026-05-15,2026-05-15T15:24:09.787475+00:00,4397002,Ayo Dosunmu,MIN,ast,UNDER,4.5,-200,0.6666666666666666,0.7068112626708869,0.9342973066948017,0.04014459600422027,0.060216894006330346,bovada,Bovada,2026-05-16T01:40:00Z,Minnesota Timberwolves,San Antonio Spurs,,,False
2026-05-15,2026-05-15T15:24:09.787475+00:00,3032976,Rudy Gobert,MIN,ast,OVER,1.5,-104,0.5098039215686274,0.5404194091149908,0.7139071718777162,0.03061548754636334,0.06005345634094339,draftkings,DraftKings,2026-05-16T01:40:00Z,Minnesota Timberwolves,San Antonio Spurs,,,False
2026-05-15,2026-05-15T15:24:09.787475+00:00,4395630,Devin Vassell,SAS,ast,OVER,2.5,116,0.46296296296296297,0.4904436438479641,0.6461675021963038,0.027480680885001108,0.05935827071160227,fanduel,FanDuel,2026-05-16T01:40:00Z,Minnesota Timberwolves,San Antonio Spurs,,,False
2026-05-15,2026-05-15T15:24:09.787475+00:00,4066259,De'Aaron Fox,SAS,ast,UNDER,5.5,-114,0.5327102803738317,0.5642049333646615,0.7426746336460301,0.03149465299082976,0.05912154157927679,fanduel,FanDuel,2026-05-16T01:40:00Z,Minnesota Timberwolves,San Antonio Spurs,,,False
2026-05-15,2026-05-15T15:24:09.787475+00:00,4066259,De'Aaron Fox,SAS,ast,UNDER,5.5,-114,0.5327102803738317,0.5642049333646615,0.7426746336460301,0.03149465299082976,0.05912154157927679,draftkings,DraftKings,2026-05-16T01:40:00Z,Minnesota Timberwolves,San Antonio Spurs,,,False
2026-05-15,2026-05-15T15:24:09.787475+00:00,3032976,Rudy Gobert,MIN,ast,OVER,1.5,-105,0.5121951219512195,0.542451929440194,0.7139071718777162,0.030256807488974524,0.05907281462133118,bovada,Bovada,2026-05-16T01:40:00Z,Minnesota Timberwolves,San Antonio Spurs,,,False
2026-05-15,2026-05-15T15:24:09.787475+00:00,3157465,Duncan Robinson,DET,ast,OVER,2.5,170,0.37037037037037035,0.39205380366927656,0.5149265923630785,0.021683433298906207,0.05854526990704667,bovada,Bovada,2026-05-15T23:10:00Z,Cleveland Cavaliers,Detroit Pistons,,,False
2026-05-15,2026-05-15T15:24:09.787475+00:00,3992,James Harden,CLE,ast,UNDER,7.5,-220,0.6875,0.72757114192366,0.9546409461577336,0.040071141923660014,0.05828529734350546,bovada,Bovada,2026-05-15T23:10:00Z,Cleveland Cavaliers,Detroit Pistons,,,False
2026-05-15,2026-05-15T15:24:09.787475+00:00,4066259,De'Aaron Fox,SAS,ast,UNDER,5.5,-115,0.5348837209302325,0.5660523578376021,0.7426746336460301,0.031168636907369596,0.05827179943551697,williamhill_us,Caesars,2026-05-16T01:40:00Z,Minnesota Timberwolves,San Antonio Spurs,,,False
2026-05-15,2026-05-15T15:24:09.787475+00:00,4066259,De'Aaron Fox,SAS,ast,UNDER,5.5,-115,0.5348837209302325,0.5660523578376021,0.7426746336460301,0.031168636907369596,0.05827179943551697,bovada,Bovada,2026-05-16T01:40:00Z,Minnesota Timberwolves,San Antonio Spurs,,,False
2026-05-15,2026-05-15T15:24:09.787475+00:00,4684742,Ausar Thompson,DET,ast,OVER,3.5,140,0.4166666666666667,0.4402052793706293,0.573590751359751,0.023538612703962625,0.05649267048951023,bovada,Bovada,2026-05-15T23:10:00Z,Cleveland Cavaliers,Detroit Pistons,,,False
2026-05-15,2026-05-15T15:24:09.787475+00:00,4395630,Devin Vassell,SAS,ast,OVER,2.5,113,0.4694835680751174,0.49598615819329533,0.6461675021963038,0.02650259011817796,0.0564505169517191,betonlineag,BetOnline.ag,2026-05-16T01:40:00Z,Minnesota Timberwolves,San Antonio Spurs,,,False
2026-05-15,2026-05-15T15:24:09.787475+00:00,4845367,Stephon Castle,SAS,ast,UNDER,7.5,-190,0.6551724137931034,0.6921432008016164,0.90164432718319,0.03697078700851297,0.05642909596036183,bovada,Bovada,2026-05-16T01:40:00Z,Minnesota Timberwolves,San Antonio Spurs,,,False
2026-05-15,2026-05-15T15:24:09.787475+00:00,3064514,Julius Randle,MIN,ast,UNDER,4.5,-185,0.6491228070175439,0.6857216051836336,0.8931147947914753,0.036598798166089686,0.056381932309922,betmgm,BetMGM,2026-05-16T01:40:00Z,Minnesota Timberwolves,San Antonio Spurs,,,False
2026-05-15,2026-05-15T15:24:09.787475+00:00,4395630,Devin Vassell,SAS,ast,OVER,2.5,112,0.4716981132075472,0.4978685215558607,0.6461675021963038,0.026170408348313523,0.05548126569842471,draftkings,DraftKings,2026-05-16T01:40:00Z,Minnesota Timberwolves,San Antonio Spurs,,,False
2026-05-15,2026-05-15T15:24:09.787475+00:00,3908809,Donovan Mitchell,CLE,ast,UNDER,3.5,-115,0.5348837209302325,0.5644828301563497,0.7322111157710136,0.029599109226117193,0.05533746507491466,bovada,Bovada,2026-05-15T23:10:00Z,Cleveland Cavaliers,Detroit Pistons,,,False
2026-05-15,2026-05-15T15:24:09.787475+00:00,4066328,Jarrett Allen,CLE,ast,OVER,1.5,126,0.4424778761061947,0.46632900466214283,0.6014853998125156,0.02385112855594812,0.05390355053644291,fanduel,FanDuel,2026-05-15T23:10:00Z,Cleveland Cavaliers,Detroit Pistons,,,False
2026-05-15,2026-05-15T15:24:09.787475+00:00,4066328,Jarrett Allen,CLE,ast,OVER,1.5,126,0.4424778761061947,0.46632900466214283,0.6014853998125156,0.02385112855594812,0.05390355053644291,draftkings,DraftKings,2026-05-15T23:10:00Z,Cleveland Cavaliers,Detroit Pistons,,,False
2026-05-15,2026-05-15T15:24:09.787475+00:00,3908809,Donovan Mitchell,CLE,ast,UNDER,3.5,-117,0.5391705069124424,0.568126598241228,0.7322111157710136,0.028956091328785627,0.05370488733629469,draftkings,DraftKings,2026-05-15T23:10:00Z,Cleveland Cavaliers,Detroit Pistons,,,False
2026-05-15,2026-05-15T15:24:09.787475+00:00,4395630,Devin Vassell,SAS,ast,OVER,2.5,110,0.47619047619047616,0.5016870300913503,0.6461675021963038,0.02549655390087413,0.05354276319183571,bovada,Bovada,2026-05-16T01:40:00Z,Minnesota Timberwolves,San Antonio Spurs,,,False
2026-05-15,2026-05-15T15:24:09.787475+00:00,4065778,Max Strus,CLE,ast,OVER,2.5,185,0.3508771929824561,0.36949710970737415,0.47500997114857624,0.01861991672491803,0.0530667626660164,bovada,Bovada,2026-05-15T23:10:00Z,Cleveland Cavaliers,Detroit Pistons,,,False
2026-05-15,2026-05-15T15:24:09.787475+00:00,4066328,Jarrett Allen,CLE,ast,OVER,1.5,125,0.4444444444444444,0.4680005877496551,0.6014853998125156,0.023556143305210664,0.05300132243672395,bovada,Bovada,2026-05-15T23:10:00Z,Cleveland Cavaliers,Detroit Pistons,,,False
2026-05-15,2026-05-15T15:24:09.787475+00:00,4066328,Jarrett Allen,CLE,ast,OVER,1.5,125,0.4444444444444444,0.4680005877496551,0.6014853998125156,0.023556143305210664,0.05300132243672395,betonlineag,BetOnline.ag,2026-05-15T23:10:00Z,Cleveland Cavaliers,Detroit Pistons,,,False
2026-05-15,2026-05-15T15:24:09.787475+00:00,3908809,Donovan Mitchell,CLE,ast,UNDER,3.5,-120,0.5454545454545454,0.5734680310020156,0.7322111157710136,0.028013485547470185,0.0513580568370286,betonlineag,BetOnline.ag,2026-05-15T23:10:00Z,Cleveland Cavaliers,Detroit Pistons,,,False
2026-05-15,2026-05-15T15:24:09.787475+00:00,3908809,Donovan Mitchell,CLE,ast,UNDER,3.5,-120,0.5454545454545454,0.5734680310020156,0.7322111157710136,0.028013485547470185,0.0513580568370286,betmgm,BetMGM,2026-05-15T23:10:00Z,Cleveland Cavaliers,Detroit Pistons,,,False
2026-05-15,2026-05-15T15:24:09.787475+00:00,4432166,Cade Cunningham,DET,ast,UNDER,10.5,-290,0.7435897435897436,0.7805512820512821,0.996948569429221,0.03696153846153849,0.04970689655172422,bovada,Bovada,2026-05-15T23:10:00Z,Cleveland Cavaliers,Detroit Pistons,,,False
2026-05-15,2026-05-15T15:24:09.787475+00:00,4395630,Devin Vassell,SAS,ast,OVER,2.5,105,0.4878048780487805,0.511559271670909,0.6461675021963038,0.0237543936221285,0.048696506925363425,betmgm,BetMGM,2026-05-16T01:40:00Z,Minnesota Timberwolves,San Antonio Spurs,,,False
2026-05-15,2026-05-15T15:24:09.787475+00:00,3908809,Donovan Mitchell,CLE,ast,UNDER,3.5,-124,0.5535714285714286,0.5803673816513664,0.7322111157710136,0.026795953079937762,0.04840559266053274,williamhill_us,Caesars,2026-05-15T23:10:00Z,Cleveland Cavaliers,Detroit Pistons,,,False
2026-05-15,2026-05-15T15:24:09.787475+00:00,4684742,Ausar Thompson,DET,ast,OVER,3.5,130,0.43478260869565216,0.455603830095267,0.573590751359751,0.020821221399614842,0.04788880921911409,betonlineag,BetOnline.ag,2026-05-15T23:10:00Z,Cleveland Cavaliers,Detroit Pistons,,,False
2026-05-15,2026-05-15T15:24:09.787475+00:00,3064514,Julius Randle,MIN,ast,UNDER,4.5,-210,0.6774193548387096,0.7097736708316245,0.8931147947914753,0.03235431599291483,0.04776113313239799,bovada,Bovada,2026-05-16T01:40:00Z,Minnesota Timberwolves,San Antonio Spurs,,,False
2026-05-15,2026-05-15T15:24:09.787475+00:00,4684742,Ausar Thompson,DET,ast,OVER,3.5,128,0.43859649122807015,0.45884563024782227,0.573590751359751,0.020249139019752116,0.0461680369650348,fanduel,FanDuel,2026-05-15T23:10:00Z,Cleveland Cavaliers,Detroit Pistons,,,False
2026-05-15,2026-05-15T15:24:09.787475+00:00,4432158,Evan Mobley,CLE,blk,UNDER,1.5,146,0.4065040650406504,0.8144573472167265,0.8144573472167265,0.40795328217607607,1.003565074153147,draftkings,DraftKings,2026-05-15T23:10:00Z,Cleveland Cavaliers,Detroit Pistons,,,False
2026-05-15,2026-05-15T15:24:09.787475+00:00,4432158,Evan Mobley,CLE,blk,UNDER,1.5,145,0.40816326530612246,0.8144573472167265,0.8144573472167265,0.406294081910604,0.9954205006809798,bovada,Bovada,2026-05-15T23:10:00Z,Cleveland Cavaliers,Detroit Pistons,,,False
2026-05-15,2026-05-15T15:24:09.787475+00:00,5104157,Victor Wembanyama,SAS,blk,UNDER,3.5,100,0.5,0.99,0.9951021014282152,0.49,0.98,fanduel,FanDuel,2026-05-16T01:40:00Z,Minnesota Timberwolves,San Antonio Spurs,,,False
2026-05-15,2026-05-15T15:24:09.787475+00:00,5104157,Victor Wembanyama,SAS,blk,UNDER,3.5,100,0.5,0.99,0.9951021014282152,0.49,0.98,bovada,Bovada,2026-05-16T01:40:00Z,Minnesota Timberwolves,San Antonio Spurs,,,False
2026-05-15,2026-05-15T15:24:09.787475+00:00,5104157,Victor Wembanyama,SAS,blk,UNDER,3.5,-101,0.5024875621890548,0.99,0.9951021014282152,0.4875124378109452,0.9701980198019802,draftkings,DraftKings,2026-05-16T01:40:00Z,Minnesota Timberwolves,San Antonio Spurs,,,False
2026-05-15,2026-05-15T15:24:09.787475+00:00,5104157,Victor Wembanyama,SAS,blk,UNDER,3.5,-105,0.5121951219512195,0.99,0.9951021014282152,0.47780487804878047,0.9328571428571428,betmgm,BetMGM,2026-05-16T01:40:00Z,Minnesota Timberwolves,San Antonio Spurs,,,False
2026-05-15,2026-05-15T15:24:09.787475+00:00,4066328,Jarrett Allen,CLE,blk,UNDER,1.5,-105,0.5121951219512195,0.7861658052106708,0.7861658052106708,0.2739706832594513,0.5348951435065478,betmgm,BetMGM,2026-05-15T23:10:00Z,Cleveland Cavaliers,Detroit Pistons,,,False
2026-05-15,2026-05-15T15:24:09.787475+00:00,4432158,Evan Mobley,CLE,blk,UNDER,2.5,-185,0.6491228070175439,0.9801114243677524,0.9801114243677524,0.33098861735020857,0.5099013834854565,betmgm,BetMGM,2026-05-15T23:10:00Z,Cleveland Cavaliers,Detroit Pistons,,,False
2026-05-15,2026-05-15T15:24:09.787475+00:00,4594268,Anthony Edwards,MIN,blk,UNDER,0.5,125,0.4444444444444444,0.6635992402965056,0.6635992402965056,0.2191547958520612,0.49309829066713773,bovada,Bovada,2026-05-16T01:40:00Z,Minnesota Timberwolves,San Antonio Spurs,,,False
2026-05-15,2026-05-15T15:24:09.787475+00:00,4594268,Anthony Edwards,MIN,blk,UNDER,0.5,123,0.4484304932735426,0.6635992402965056,0.6635992402965056,0.21516874702296301,0.47982630586120756,draftkings,DraftKings,2026-05-16T01:40:00Z,Minnesota Timberwolves,San Antonio Spurs,,,False
2026-05-15,2026-05-15T15:24:09.787475+00:00,4066328,Jarrett Allen,CLE,blk,UNDER,1.5,-114,0.5327102803738317,0.7861658052106708,0.7861658052106708,0.2534555248368391,0.4757849325884522,fanduel,FanDuel,2026-05-15T23:10:00Z,Cleveland Cavaliers,Detroit Pistons,,,False
2026-05-15,2026-05-15T15:24:09.787475+00:00,4432158,Evan Mobley,CLE,blk,UNDER,2.5,-200,0.6666666666666666,0.9801114243677524,0.9801114243677524,0.3134447577010858,0.4701671365516287,bovada,Bovada,2026-05-15T23:10:00Z,Cleveland Cavaliers,Detroit Pistons,,,False
2026-05-15,2026-05-15T15:24:09.787475+00:00,5104157,Victor Wembanyama,SAS,blk,UNDER,4.5,-215,0.6825396825396826,0.99,0.9998398283362562,0.30746031746031743,0.45046511627906977,bovada,Bovada,2026-05-16T01:40:00Z,Minnesota Timberwolves,San Antonio Spurs,,,False
2026-05-15,2026-05-15T15:24:09.787475+00:00,4432158,Evan Mobley,CLE,blk,UNDER,2.5,-210,0.6774193548387096,0.9801114243677524,0.9801114243677524,0.3026920695290428,0.44683115025715836,fanduel,FanDuel,2026-05-15T23:10:00Z,Cleveland Cavaliers,Detroit Pistons,,,False
2026-05-15,2026-05-15T15:24:09.787475+00:00,4684742,Ausar Thompson,DET,blk,UNDER,0.5,190,0.3448275862068966,0.491095248385398,0.491095248385398,0.1462676621785014,0.4241762203176541,bovada,Bovada,2026-05-15T23:10:00Z,Cleveland Cavaliers,Detroit Pistons,,,False
2026-05-15,2026-05-15T15:24:09.787475+00:00,4066328,Jarrett Allen,CLE,blk,UNDER,1.5,-129,0.5633187772925764,0.7861658052106708,0.7861658052106708,0.2228470279180944,0.3955966619631288,draftkings,DraftKings,2026-05-15T23:10:00Z,Cleveland Cavaliers,Detroit Pistons,,,False
2026-05-15,2026-05-15T15:24:09.787475+00:00,4066328,Jarrett Allen,CLE,blk,UNDER,1.5,-130,0.5652173913043478,0.7861658052106708,0.7861658052106708,0.22094841390632303,0.39090873229580225,bovada,Bovada,2026-05-15T23:10:00Z,Cleveland Cavaliers,Detroit Pistons,,,False
2026-05-15,2026-05-15T15:24:09.787475+00:00,4432166,Cade Cunningham,DET,blk,UNDER,0.5,100,0.5,0.6814342926726698,0.6814342926726698,0.18143429267266975,0.3628685853453395,bovada,Bovada,2026-05-15T23:10:00Z,Cleveland Cavaliers,Detroit Pistons,,,False
2026-05-15,2026-05-15T15:24:09.787475+00:00,4432166,Cade Cunningham,DET,blk,UNDER,0.5,-101,0.5024875621890548,0.6814342926726698,0.6814342926726698,0.17894673048361498,0.35612171116046154,draftkings,DraftKings,2026-05-15T23:10:00Z,Cleveland Cavaliers,Detroit Pistons,,,False
2026-05-15,2026-05-15T15:24:09.787475+00:00,4684742,Ausar Thompson,DET,blk,UNDER,1.5,-210,0.6774193548387096,0.9150998309892596,0.9150998309892596,0.23768047615055,0.3508616552698594,betmgm,BetMGM,2026-05-15T23:10:00Z,Cleveland Cavaliers,Detroit Pistons,,,False
2026-05-15,2026-05-15T15:24:09.787475+00:00,4594268,Anthony Edwards,MIN,blk,UNDER,0.5,102,0.49504950495049505,0.6635992402965056,0.6635992402965056,0.1685497353460106,0.34047046539894144,fanduel,FanDuel,2026-05-16T01:40:00Z,Minnesota Timberwolves,San Antonio Spurs,,,False
2026-05-15,2026-05-15T15:24:09.787475+00:00,4684742,Ausar Thompson,DET,blk,UNDER,1.5,-219,0.6865203761755486,0.9150998309892596,0.9150998309892596,0.228579454813711,0.3329536350939444,draftkings,DraftKings,2026-05-15T23:10:00Z,Cleveland Cavaliers,Detroit Pistons,,,False
2026-05-15,2026-05-15T15:24:09.787475+00:00,4684742,Ausar Thompson,DET,blk,UNDER,1.5,-220,0.6875,0.9150998309892596,0.9150998309892596,0.22759983098925962,0.33105429962074123,bovada,Bovada,2026-05-15T23:10:00Z,Cleveland Cavaliers,Detroit Pistons,,,False
2026-05-15,2026-05-15T15:24:09.787475+00:00,4594268,Anthony Edwards,MIN,blk,UNDER,0.5,100,0.5,0.6635992402965056,0.6635992402965056,0.16359924029650563,0.32719848059301126,betmgm,BetMGM,2026-05-16T01:40:00Z,Minnesota Timberwolves,San Antonio Spurs,,,False
2026-05-15,2026-05-15T15:24:09.787475+00:00,4433621,Jalen Duren,DET,blk,UNDER,0.5,126,0.4424778761061947,0.5842697978745213,0.5842697978745213,0.14179192176832656,0.32044974319641806,draftkings,DraftKings,2026-05-15T23:10:00Z,Cleveland Cavaliers,Detroit Pistons,,,False
2026-05-15,2026-05-15T15:24:09.787475+00:00,4433621,Jalen Duren,DET,blk,UNDER,0.5,125,0.4444444444444444,0.5842697978745213,0.5842697978745213,0.13982535343007685,0.3146070452176728,bovada,Bovada,2026-05-15T23:10:00Z,Cleveland Cavaliers,Detroit Pistons,,,False
2026-05-15,2026-05-15T15:24:09.787475+00:00,4684742,Ausar Thompson,DET,blk,UNDER,1.5,-245,0.7101449275362319,0.9150998309892596,0.9150998309892596,0.2049549034530277,0.28860996608691664,fanduel,FanDuel,2026-05-15T23:10:00Z,Cleveland Cavaliers,Detroit Pistons,,,False
2026-05-15,2026-05-15T15:24:09.787475+00:00,3032976,Rudy Gobert,MIN,blk,UNDER,0.5,180,0.35714285714285715,0.4591276543428102,0.4591276543428102,0.10198479719995307,0.2855574321598686,bovada,Bovada,2026-05-16T01:40:00Z,Minnesota Timberwolves,San Antonio Spurs,,,False
2026-05-15,2026-05-15T15:24:09.787475+00:00,3032976,Rudy Gobert,MIN,blk,UNDER,1.5,-220,0.6875,0.8810522594379926,0.8810522594379926,0.1935522594379926,0.28153055918253467,fanduel,FanDuel,2026-05-16T01:40:00Z,Minnesota Timberwolves,San Antonio Spurs,,,False
2026-05-15,2026-05-15T15:24:09.787475+00:00,4432166,Cade Cunningham,DET,blk,UNDER,0.5,-114,0.5327102803738317,0.6814342926726698,0.6814342926726698,0.14872401229883803,0.2791836722100993,fanduel,FanDuel,2026-05-15T23:10:00Z,Cleveland Cavaliers,Detroit Pistons,,,False
2026-05-15,2026-05-15T15:24:09.787475+00:00,6440,Tobias Harris,DET,blk,UNDER,0.5,-110,0.5238095238095238,0.6661133298309616,0.6661133298309616,0.14230380602143777,0.27167090240456304,bovada,Bovada,2026-05-15T23:10:00Z,Cleveland Cavaliers,Detroit Pistons,,,False
2026-05-15,2026-05-15T15:24:09.787475+00:00,6440,Tobias Harris,DET,blk,UNDER,0.5,-111,0.5260663507109005,0.6661133298309616,0.6661133298309616,0.14004697912006114,0.26621542877777393,draftkings,DraftKings,2026-05-15T23:10:00Z,Cleveland Cavaliers,Detroit Pistons,,,False
2026-05-15,2026-05-15T15:24:09.787475+00:00,4432166,Cade Cunningham,DET,blk,UNDER,0.5,-118,0.5412844036697247,0.6814342926726698,0.6814342926726698,0.140149889002945,0.2589209813783221,betmgm,BetMGM,2026-05-15T23:10:00Z,Cleveland Cavaliers,Detroit Pistons,,,False
2026-05-15,2026-05-15T15:24:09.787475+00:00,3032976,Rudy Gobert,MIN,blk,UNDER,1.5,-238,0.7041420118343196,0.8810522594379926,0.8810522594379926,0.17691024760367302,0.2512422844119391,draftkings,DraftKings,2026-05-16T01:40:00Z,Minnesota Timberwolves,San Antonio Spurs,,,False
2026-05-15,2026-05-15T15:24:09.787475+00:00,3032976,Rudy Gobert,MIN,blk,UNDER,1.5,-240,0.7058823529411765,0.8810522594379926,0.8810522594379926,0.17516990649681607,0.24815736753715617,bovada,Bovada,2026-05-16T01:40:00Z,Minnesota Timberwolves,San Antonio Spurs,,,False
2026-05-15,2026-05-15T15:24:09.787475+00:00,4066259,De'Aaron Fox,SAS,blk,OVER,0.5,331,0.23201856148491878,0.2861423656474996,0.2861423656474996,0.054123804162580835,0.2332735959407234,draftkings,DraftKings,2026-05-16T01:40:00Z,Minnesota Timberwolves,San Antonio Spurs,,,False
2026-05-15,2026-05-15T15:24:09.787475+00:00,4066259,De'Aaron Fox,SAS,blk,OVER,0.5,330,0.23255813953488372,0.2861423656474996,0.2861423656474996,0.0535842261126159,0.23041217228424826,bovada,Bovada,2026-05-16T01:40:00Z,Minnesota Timberwolves,San Antonio Spurs,,,False
2026-05-15,2026-05-15T15:24:09.787475+00:00,3912848,Dean Wade,CLE,blk,UNDER,0.5,-375,0.7894736842105263,0.9607960989376235,0.9607960989376235,0.1713224147270972,0.21700839198765648,betmgm,BetMGM,2026-05-15T23:10:00Z,Cleveland Cavaliers,Detroit Pistons,,,False
2026-05-15,2026-05-15T15:24:09.787475+00:00,3032976,Rudy Gobert,MIN,blk,UNDER,0.5,165,0.37735849056603776,0.4591276543428102,0.4591276543428102,0.08176916377677246,0.21668828400844709,betmgm,BetMGM,2026-05-16T01:40:00Z,Minnesota Timberwolves,San Antonio Spurs,,,False
2026-05-15,2026-05-15T15:24:09.787475+00:00,4431671,Jaden McDaniels,MIN,blk,UNDER,0.5,126,0.4424778761061947,0.5338320119287161,0.5338320119287161,0.09135413582252139,0.20646034695889837,draftkings,DraftKings,2026-05-16T01:40:00Z,Minnesota Timberwolves,San Antonio Spurs,,,False
2026-05-15,2026-05-15T15:24:09.787475+00:00,4431671,Jaden McDaniels,MIN,blk,UNDER,0.5,125,0.4444444444444444,0.5338320119287161,0.5338320119287161,0.08938756748427168,0.20112202683961122,bovada,Bovada,2026-05-16T01:40:00Z,Minnesota Timberwolves,San Antonio Spurs,,,False
2026-05-15,2026-05-15T15:24:09.787475+00:00,6440,Tobias Harris,DET,blk,UNDER,0.5,-130,0.5652173913043478,0.6661133298309616,0.6661133298309616,0.10089593852661383,0.17850819893170133,betmgm,BetMGM,2026-05-15T23:10:00Z,Cleveland Cavaliers,Detroit Pistons,,,False
2026-05-15,2026-05-15T15:24:09.787475+00:00,4066259,De'Aaron Fox,SAS,blk,OVER,0.5,310,0.24390243902439024,0.2861423656474996,0.2861423656474996,0.04223992662310938,0.17318369915474852,betmgm,BetMGM,2026-05-16T01:40:00Z,Minnesota Timberwolves,San Antonio Spurs,,,False
2026-05-15,2026-05-15T15:24:09.787475+00:00,4433621,Jalen Duren,DET,blk,UNDER,0.5,100,0.5,0.5842697978745213,0.5842697978745213,0.08426979787452127,0.16853959574904254,betmgm,BetMGM,2026-05-15T23:10:00Z,Cleveland Cavaliers,Detroit Pistons,,,False
2026-05-15,2026-05-15T15:24:09.787475+00:00,4431671,Jaden McDaniels,MIN,blk,UNDER,0.5,118,0.45871559633027525,0.5338320119287161,0.5338320119287161,0.07511641559844084,0.1637537860046011,fanduel,FanDuel,2026-05-16T01:40:00Z,Minnesota Timberwolves,San Antonio Spurs,,,False
2026-05-15,2026-05-15T15:24:09.787475+00:00,4431671,Jaden McDaniels,MIN,blk,UNDER,0.5,110,0.47619047619047616,0.5338320119287161,0.5338320119287161,0.057641535738239935,0.12104722505030385,betmgm,BetMGM,2026-05-16T01:40:00Z,Minnesota Timberwolves,San Antonio Spurs,,,False
2026-05-15,2026-05-15T15:24:09.787475+00:00,4845367,Stephon Castle,SAS,blk,OVER,0.5,238,0.2958579881656805,0.3306889662490915,0.3306889662490915,0.03483097808341101,0.11772870592192919,draftkings,DraftKings,2026-05-16T01:40:00Z,Minnesota Timberwolves,San Antonio Spurs,,,False
2026-05-15,2026-05-15T15:24:09.787475+00:00,4845367,Stephon Castle,SAS,blk,OVER,0.5,235,0.29850746268656714,0.3306889662490915,0.3306889662490915,0.03218150356252436,0.10780803693445651,bovada,Bovada,2026-05-16T01:40:00Z,Minnesota Timberwolves,San Antonio Spurs,,,False
2026-05-15,2026-05-15T15:24:09.787475+00:00,4397002,Ayo Dosunmu,MIN,blk,OVER,0.5,190,0.3448275862068966,0.3783894663520403,0.3783894663520403,0.03356188014514372,0.09732945242091684,betmgm,BetMGM,2026-05-16T01:40:00Z,Minnesota Timberwolves,San Antonio Spurs,,,False
2026-05-15,2026-05-15T15:24:09.787475+00:00,4397002,Ayo Dosunmu,MIN,blk,OVER,0.5,186,0.34965034965034963,0.3783894663520403,0.3783894663520403,0.02873911670169066,0.08219387376683529,draftkings,DraftKings,2026-05-16T01:40:00Z,Minnesota Timberwolves,San Antonio Spurs,,,False
2026-05-15,2026-05-15T15:24:09.787475+00:00,4397002,Ayo Dosunmu,MIN,blk,OVER,0.5,185,0.3508771929824561,0.3783894663520403,0.3783894663520403,0.027512273369584173,0.07840997910331482,bovada,Bovada,2026-05-16T01:40:00Z,Minnesota Timberwolves,San Antonio Spurs,,,False
2026-05-15,2026-05-15T15:24:09.787475+00:00,4845367,Stephon Castle,SAS,blk,OVER,0.5,225,0.3076923076923077,0.3306889662490915,0.3306889662490915,0.02299665855678379,0.07473914030954742,betmgm,BetMGM,2026-05-16T01:40:00Z,Minnesota Timberwolves,San Antonio Spurs,,,False
2026-05-15,2026-05-15T15:24:09.787475+00:00,4592479,Julian Champagnie,SAS,blk,UNDER,0.5,-275,0.7333333333333333,0.7874413829399508,0.7874413829399508,0.054108049606617525,0.07378370400902384,betmgm,BetMGM,2026-05-16T01:40:00Z,Minnesota Timberwolves,San Antonio Spurs,,,False
2026-05-15,2026-05-15T15:24:09.787475+00:00,4592479,Julian Champagnie,SAS,blk,UNDER,0.5,-280,0.7368421052631579,0.7874413829399508,0.7874413829399508,0.05059927767679295,0.06867044827564756,bovada,Bovada,2026-05-16T01:40:00Z,Minnesota Timberwolves,San Antonio Spurs,,,False
2026-05-15,2026-05-15T15:24:09.787475+00:00,4592479,Julian Champagnie,SAS,blk,UNDER,0.5,-281,0.7375328083989501,0.7874413829399508,0.7874413829399508,0.04990857454100073,0.06766963309651697,draftkings,DraftKings,2026-05-16T01:40:00Z,Minnesota Timberwolves,San Antonio Spurs,,,False
2026-05-15,2026-05-15T15:24:09.787475+00:00,3992,James Harden,CLE,blk,UNDER,0.5,-106,0.5145631067961165,0.5326236721634032,0.5326236721634032,0.01806056536728673,0.03509883458170815,fanduel,FanDuel,2026-05-15T23:10:00Z,Cleveland Cavaliers,Detroit Pistons,,,False
2026-05-15,2026-05-15T15:24:09.787475+00:00,3157465,Duncan Robinson,DET,blk,UNDER,0.5,-375,0.7894736842105263,0.8164336056948645,0.8164336056948645,0.026959921484338123,0.03414923388016164,betmgm,BetMGM,2026-05-15T23:10:00Z,Cleveland Cavaliers,Detroit Pistons,,,False
2026-05-15,2026-05-15T15:24:09.787475+00:00,3157465,Duncan Robinson,DET,blk,UNDER,0.5,-380,0.7916666666666666,0.8164336056948645,0.8164336056948645,0.02476693902819782,0.03128455456193402,bovada,Bovada,2026-05-15T23:10:00Z,Cleveland Cavaliers,Detroit Pistons,,,False
2026-05-15,2026-05-15T15:24:09.787475+00:00,3157465,Duncan Robinson,DET,blk,UNDER,0.5,-395,0.797979797979798,0.8164336056948645,0.8164336056948645,0.01845380771506644,0.023125657769513697,draftkings,DraftKings,2026-05-15T23:10:00Z,Cleveland Cavaliers,Detroit Pistons,,,False
2026-05-15,2026-05-15T15:24:09.787475+00:00,3992,James Harden,CLE,blk,UNDER,0.5,-109,0.5215311004784688,0.5326236721634032,0.5326236721634032,0.011092571684934383,0.0212692429555163,draftkings,DraftKings,2026-05-15T23:10:00Z,Cleveland Cavaliers,Detroit Pistons,,,False
2026-05-15,2026-05-15T15:24:09.787475+00:00,3992,James Harden,CLE,blk,UNDER,0.5,-110,0.5238095238095238,0.5326236721634032,0.5326236721634032,0.008814148353879392,0.01682701049376978,bovada,Bovada,2026-05-15T23:10:00Z,Cleveland Cavaliers,Detroit Pistons,,,False
2026-05-15,2026-05-15T15:24:09.787475+00:00,3992,James Harden,CLE,blk,UNDER,0.5,-110,0.5238095238095238,0.5326236721634032,0.5326236721634032,0.008814148353879392,0.01682701049376978,betmgm,BetMGM,2026-05-15T23:10:00Z,Cleveland Cavaliers,Detroit Pistons,,,False
2026-05-15,2026-05-15T15:24:09.787475+00:00,3908809,Donovan Mitchell,CLE,blk,UNDER,0.5,-266,0.726775956284153,0.7346822644398256,0.7346822644398256,0.007906308155672614,0.010878604454797658,draftkings,DraftKings,2026-05-15T23:10:00Z,Cleveland Cavaliers,Detroit Pistons,,,False
2026-05-15,2026-05-15T15:24:09.787475+00:00,3908809,Donovan Mitchell,CLE,blk,UNDER,0.5,-275,0.7333333333333333,0.7346822644398256,0.7346822644398256,0.0013489311064923681,0.0018394515088531738,bovada,Bovada,2026-05-15T23:10:00Z,Cleveland Cavaliers,Detroit Pistons,,,False
2026-05-15,2026-05-15T15:24:09.787475+00:00,4065778,Max Strus,CLE,dd,YES,,3100,0.03125,0.061566945798250595,0.061566945798250595,0.030316945798250595,0.9701422655440191,draftkings,DraftKings,2026-05-15T23:10:00Z,Cleveland Cavaliers,Detroit Pistons,,,False
2026-05-15,2026-05-15T15:24:09.787475+00:00,3157465,Duncan Robinson,DET,dd,YES,,8800,0.011235955056179775,0.01881585493870333,0.01881585493870333,0.007579899882523555,0.6746110895445964,draftkings,DraftKings,2026-05-15T23:10:00Z,Cleveland Cavaliers,Detroit Pistons,,,False
2026-05-15,2026-05-15T15:24:09.787475+00:00,3157465,Duncan Robinson,DET,dd,YES,,8500,0.011627906976744186,0.01881585493870333,0.01881585493870333,0.007187947961959144,0.6181635247284863,bovada,Bovada,2026-05-15T23:10:00Z,Cleveland Cavaliers,Detroit Pistons,,,False
2026-05-15,2026-05-15T15:24:09.787475+00:00,4065778,Max Strus,CLE,dd,YES,,2500,0.038461538461538464,0.061566945798250595,0.061566945798250595,0.023105407336712132,0.6007405907545156,bovada,Bovada,2026-05-15T23:10:00Z,Cleveland Cavaliers,Detroit Pistons,,,False
2026-05-15,2026-05-15T15:24:09.787475+00:00,4395630,Devin Vassell,SAS,dd,YES,,3700,0.02631578947368421,0.039698051646985255,0.039698051646985255,0.013382262173301046,0.5085259625854398,draftkings,DraftKings,2026-05-16T01:40:00Z,Minnesota Timberwolves,San Antonio Spurs,,,False
2026-05-15,2026-05-15T15:24:09.787475+00:00,4395630,Devin Vassell,SAS,dd,YES,,3500,0.027777777777777776,0.039698051646985255,0.039698051646985255,0.011920273869207479,0.4291298592914691,bovada,Bovada,2026-05-16T01:40:00Z,Minnesota Timberwolves,San Antonio Spurs,,,False
2026-05-15,2026-05-15T15:24:09.787475+00:00,4065778,Max Strus,CLE,dd,YES,,2200,0.043478260869565216,0.061566945798250595,0.061566945798250595,0.01808868492868538,0.41603975335976373,fanatics,Fanatics,2026-05-15T23:10:00Z,Cleveland Cavaliers,Detroit Pistons,,,False
2026-05-15,2026-05-15T15:24:09.787475+00:00,3908809,Donovan Mitchell,CLE,dd,YES,,1800,0.05263157894736842,0.07290069313489807,0.07290069313489807,0.02026911418752965,0.3851131695630634,draftkings,DraftKings,2026-05-15T23:10:00Z,Cleveland Cavaliers,Detroit Pistons,,,False
2026-05-15,2026-05-15T15:24:09.787475+00:00,5037871,Dylan Harper,SAS,dd,YES,,2500,0.038461538461538464,0.052630575427783335,0.052630575427783335,0.014169036966244872,0.3683949611223667,fanatics,Fanatics,2026-05-16T01:40:00Z,Minnesota Timberwolves,San Antonio Spurs,,,False
2026-05-15,2026-05-15T15:24:09.787475+00:00,4592479,Julian Champagnie,SAS,dd,YES,,1600,0.058823529411764705,0.07809721000906164,0.07809721000906164,0.019273680597296936,0.3276525701540479,draftkings,DraftKings,2026-05-16T01:40:00Z,Minnesota Timberwolves,San Antonio Spurs,,,False
2026-05-15,2026-05-15T15:24:09.787475+00:00,5107199,Daniss Jenkins,DET,dd,YES,,5400,0.01818181818181818,0.02406482180029288,0.02406482180029288,0.0058830036184747,0.3235651990161085,draftkings,DraftKings,2026-05-15T23:10:00Z,Cleveland Cavaliers,Detroit Pistons,,,False
2026-05-15,2026-05-15T15:24:09.787475+00:00,5037871,Dylan Harper,SAS,dd,YES,,2400,0.04,0.052630575427783335,0.052630575427783335,0.012630575427783335,0.31576438569458354,draftkings,DraftKings,2026-05-16T01:40:00Z,Minnesota Timberwolves,San Antonio Spurs,,,False
2026-05-15,2026-05-15T15:24:09.787475+00:00,3908809,Donovan Mitchell,CLE,dd,YES,,1600,0.058823529411764705,0.07290069313489807,0.07290069313489807,0.014077163723133362,0.2393117832932672,fanduel,FanDuel,2026-05-15T23:10:00Z,Cleveland Cavaliers,Detroit Pistons,,,False
2026-05-15,2026-05-15T15:24:09.787475+00:00,3908809,Donovan Mitchell,CLE,dd,YES,,1600,0.058823529411764705,0.07290069313489807,0.07290069313489807,0.014077163723133362,0.2393117832932672,fanatics,Fanatics,2026-05-15T23:10:00Z,Cleveland Cavaliers,Detroit Pistons,,,False
2026-05-15,2026-05-15T15:24:09.787475+00:00,5107199,Daniss Jenkins,DET,dd,YES,,5000,0.0196078431372549,0.02406482180029288,0.02406482180029288,0.004456978663037979,0.22730591181493687,bovada,Bovada,2026-05-15T23:10:00Z,Cleveland Cavaliers,Detroit Pistons,,,False
2026-05-15,2026-05-15T15:24:09.787475+00:00,4592479,Julian Champagnie,SAS,dd,YES,,1400,0.06666666666666667,0.07809721000906164,0.07809721000906164,0.011430543342394975,0.17145815013592458,fanduel,FanDuel,2026-05-16T01:40:00Z,Minnesota Timberwolves,San Antonio Spurs,,,False
2026-05-15,2026-05-15T15:24:09.787475+00:00,4592479,Julian Champagnie,SAS,dd,YES,,1400,0.06666666666666667,0.07809721000906164,0.07809721000906164,0.011430543342394975,0.17145815013592458,fanatics,Fanatics,2026-05-16T01:40:00Z,Minnesota Timberwolves,San Antonio Spurs,,,False
2026-05-15,2026-05-15T15:24:09.787475+00:00,3908809,Donovan Mitchell,CLE,dd,YES,,1500,0.0625,0.07290069313489807,0.07290069313489807,0.010400693134898067,0.16641109015836908,bovada,Bovada,2026-05-15T23:10:00Z,Cleveland Cavaliers,Detroit Pistons,,,False
2026-05-15,2026-05-15T15:24:09.787475+00:00,5037871,Dylan Harper,SAS,dd,YES,,2100,0.045454545454545456,0.052630575427783335,0.052630575427783335,0.00717602997323788,0.1578726594112334,williamhill_us,Caesars,2026-05-16T01:40:00Z,Minnesota Timberwolves,San Antonio Spurs,,,False
2026-05-15,2026-05-15T15:24:09.787475+00:00,4395630,Devin Vassell,SAS,dd,YES,,2800,0.034482758620689655,0.039698051646985255,0.039698051646985255,0.0052152930262956,0.1512434977625724,fanatics,Fanatics,2026-05-16T01:40:00Z,Minnesota Timberwolves,San Antonio Spurs,,,False
2026-05-15,2026-05-15T15:24:09.787475+00:00,4592479,Julian Champagnie,SAS,dd,YES,,1300,0.07142857142857142,0.07809721000906164,0.07809721000906164,0.006668638580490216,0.09336094012686302,williamhill_us,Caesars,2026-05-16T01:40:00Z,Minnesota Timberwolves,San Antonio Spurs,,,False
2026-05-15,2026-05-15T15:24:09.787475+00:00,4592479,Julian Champagnie,SAS,dd,YES,,1300,0.07142857142857142,0.07809721000906164,0.07809721000906164,0.006668638580490216,0.09336094012686302,betmgm,BetMGM,2026-05-16T01:40:00Z,Minnesota Timberwolves,San Antonio Spurs,,,False
2026-05-15,2026-05-15T15:24:09.787475+00:00,3908809,Donovan Mitchell,CLE,dd,YES,,1350,0.06896551724137931,0.07290069313489807,0.07290069313489807,0.003935175893518758,0.05706005045602203,betmgm,BetMGM,2026-05-15T23:10:00Z,Cleveland Cavaliers,Detroit Pistons,,,False
2026-05-15,2026-05-15T15:24:09.787475+00:00,3912848,Dean Wade,CLE,dd,YES,,8300,0.011904761904761904,0.012217487801255342,0.012217487801255342,0.0003127258964934383,0.026268975305448805,draftkings,DraftKings,2026-05-15T23:10:00Z,Cleveland Cavaliers,Detroit Pistons,,,False
2026-05-15,2026-05-15T15:24:09.787475+00:00,3908809,Donovan Mitchell,CLE,dd,YES,,1300,0.07142857142857142,0.07290069313489807,0.07290069313489807,0.0014721217063266429,0.020609703888572972,williamhill_us,Caesars,2026-05-15T23:10:00Z,Cleveland Cavaliers,Detroit Pistons,,,False
2026-05-15,2026-05-15T15:24:09.787475+00:00,4592479,Julian Champagnie,SAS,dd,YES,,1200,0.07692307692307693,0.07809721000906164,0.07809721000906164,0.0011741330859847132,0.015263730117801355,bovada,Bovada,2026-05-16T01:40:00Z,Minnesota Timberwolves,San Antonio Spurs,,,False
2026-05-15,2026-05-15T15:24:09.787475+00:00,4594268,Anthony Edwards,MIN,pa,UNDER,29.5,115,0.46511627906976744,0.5732572791126739,0.9566662792647966,0.10814100004290644,0.23250315009224876,bovada,Bovada,2026-05-16T01:40:00Z,Minnesota Timberwolves,San Antonio Spurs,,,False
2026-05-15,2026-05-15T15:24:09.787475+00:00,5104157,Victor Wembanyama,SAS,pa,UNDER,28.5,110,0.47619047619047616,0.5778477851977102,0.9382691534960852,0.10165730900723402,0.2134803489151914,bovada,Bovada,2026-05-16T01:40:00Z,Minnesota Timberwolves,San Antonio Spurs,,,False
2026-05-15,2026-05-15T15:24:09.787475+00:00,4432166,Cade Cunningham,DET,pa,UNDER,35.5,115,0.46511627906976744,0.5638673232819106,0.9139846618522363,0.09875104421214315,0.2123147450561077,bovada,Bovada,2026-05-15T23:10:00Z,Cleveland Cavaliers,Detroit Pistons,,,False
2026-05-15,2026-05-15T15:24:09.787475+00:00,4594268,Anthony Edwards,MIN,pa,UNDER,30.5,-105,0.5121951219512195,0.6127129570176776,0.9690943722533018,0.10051783506645806,0.19624910655832284,bovada,Bovada,2026-05-16T01:40:00Z,Minnesota Timberwolves,San Antonio Spurs,,,False
2026-05-15,2026-05-15T15:24:09.787475+00:00,3908809,Donovan Mitchell,CLE,pa,UNDER,29.5,110,0.47619047619047616,0.5691189915592785,0.8985928187759413,0.09292851536880231,0.19514988227448482,bovada,Bovada,2026-05-15T23:10:00Z,Cleveland Cavaliers,Detroit Pistons,,,False
2026-05-15,2026-05-15T15:24:09.787475+00:00,4594268,Anthony Edwards,MIN,pa,UNDER,30.5,-106,0.5145631067961165,0.6145599851966973,0.9690943722533018,0.0999968784005808,0.19433355613697778,draftkings,DraftKings,2026-05-16T01:40:00Z,Minnesota Timberwolves,San Antonio Spurs,,,False
2026-05-15,2026-05-15T15:24:09.787475+00:00,3064514,Julius Randle,MIN,pa,UNDER,18.5,125,0.4444444444444444,0.5304170380097905,0.8352289606505627,0.08597259356534603,0.1934383355220285,bovada,Bovada,2026-05-16T01:40:00Z,Minnesota Timberwolves,San Antonio Spurs,,,False
2026-05-15,2026-05-15T15:24:09.787475+00:00,5104157,Victor Wembanyama,SAS,pa,UNDER,29.5,-110,0.5238095238095238,0.6188753721088498,0.9559270160791873,0.09506584829932596,0.18148934675325867,fanduel,FanDuel,2026-05-16T01:40:00Z,Minnesota Timberwolves,San Antonio Spurs,,,False
2026-05-15,2026-05-15T15:24:09.787475+00:00,5104157,Victor Wembanyama,SAS,pa,UNDER,29.5,-110,0.5238095238095238,0.6188753721088498,0.9559270160791873,0.09506584829932596,0.18148934675325867,bovada,Bovada,2026-05-16T01:40:00Z,Minnesota Timberwolves,San Antonio Spurs,,,False
2026-05-15,2026-05-15T15:24:09.787475+00:00,4432166,Cade Cunningham,DET,pa,UNDER,36.5,-105,0.5121951219512195,0.6047427301445816,0.9328660682846837,0.09254760819336205,0.18068818742513537,bovada,Bovada,2026-05-15T23:10:00Z,Cleveland Cavaliers,Detroit Pistons,,,False
2026-05-15,2026-05-15T15:24:09.787475+00:00,5104157,Victor Wembanyama,SAS,pa,UNDER,29.5,-111,0.5260663507109005,0.6206356970919236,0.9559270160791873,0.0945693463810231,0.17976695573329615,draftkings,DraftKings,2026-05-16T01:40:00Z,Minnesota Timberwolves,San Antonio Spurs,,,False
2026-05-15,2026-05-15T15:24:09.787475+00:00,3992,James Harden,CLE,pa,UNDER,25.5,110,0.47619047619047616,0.560416021903287,0.859033865794162,0.08422554571281082,0.1768736459969027,bovada,Bovada,2026-05-15T23:10:00Z,Cleveland Cavaliers,Detroit Pistons,,,False
2026-05-15,2026-05-15T15:24:09.787475+00:00,4594268,Anthony Edwards,MIN,pa,UNDER,30.5,-118,0.5412844036697247,0.6354025967581117,0.9690943722533018,0.09411819308838698,0.17387937367176576,fanduel,FanDuel,2026-05-16T01:40:00Z,Minnesota Timberwolves,San Antonio Spurs,,,False
2026-05-15,2026-05-15T15:24:09.787475+00:00,4594268,Anthony Edwards,MIN,pa,UNDER,30.5,-118,0.5412844036697247,0.6354025967581117,0.9690943722533018,0.09411819308838698,0.17387937367176576,betmgm,BetMGM,2026-05-16T01:40:00Z,Minnesota Timberwolves,San Antonio Spurs,,,False
2026-05-15,2026-05-15T15:24:09.787475+00:00,4432166,Cade Cunningham,DET,pa,UNDER,35.5,-105,0.5121951219512195,0.6005888207294432,0.9139846618522363,0.08839369877822367,0.17257817380510332,betmgm,BetMGM,2026-05-15T23:10:00Z,Cleveland Cavaliers,Detroit Pistons,,,False
2026-05-15,2026-05-15T15:24:09.787475+00:00,4432166,Cade Cunningham,DET,pa,UNDER,36.5,-111,0.5260663507109005,0.6155622885771328,0.9328660682846837,0.08949593786623233,0.17012290891689208,draftkings,DraftKings,2026-05-15T23:10:00Z,Cleveland Cavaliers,Detroit Pistons,,,False
2026-05-15,2026-05-15T15:24:09.787475+00:00,3908809,Donovan Mitchell,CLE,pa,UNDER,30.5,-109,0.5215311004784688,0.6097997558005352,0.9227522610333159,0.0882686553220664,0.1692490730487327,draftkings,DraftKings,2026-05-15T23:10:00Z,Cleveland Cavaliers,Detroit Pistons,,,False
2026-05-15,2026-05-15T15:24:09.787475+00:00,3908809,Donovan Mitchell,CLE,pa,UNDER,30.5,-110,0.5238095238095238,0.6115769259987581,0.9227522610333159,0.08776740218923429,0.16755594963399278,bovada,Bovada,2026-05-15T23:10:00Z,Cleveland Cavaliers,Detroit Pistons,,,False
2026-05-15,2026-05-15T15:24:09.787475+00:00,4594268,Anthony Edwards,MIN,pa,UNDER,31.5,-125,0.5555555555555556,0.6485844949390139,0.9784143709349119,0.09302893938345835,0.16745209089022506,bovada,Bovada,2026-05-16T01:40:00Z,Minnesota Timberwolves,San Antonio Spurs,,,False
2026-05-15,2026-05-15T15:24:09.787475+00:00,3064514,Julius Randle,MIN,pa,UNDER,19.5,100,0.5,0.583029102021899,0.8774050091904495,0.08302910202189895,0.1660582040437979,bovada,Bovada,2026-05-16T01:40:00Z,Minnesota Timberwolves,San Antonio Spurs,,,False
2026-05-15,2026-05-15T15:24:09.787475+00:00,5104157,Victor Wembanyama,SAS,pa,UNDER,30.5,-125,0.5555555555555556,0.6465718677074173,0.9692660653367452,0.09101631215186168,0.16382936187335106,betmgm,BetMGM,2026-05-16T01:40:00Z,Minnesota Timberwolves,San Antonio Spurs,,,False
2026-05-15,2026-05-15T15:24:09.787475+00:00,3064514,Julius Randle,MIN,pa,UNDER,19.5,-104,0.5098039215686274,0.5906761608454283,0.8774050091904495,0.08087223927680087,0.15863400781218628,fanduel,FanDuel,2026-05-16T01:40:00Z,Minnesota Timberwolves,San Antonio Spurs,,,False
2026-05-15,2026-05-15T15:24:09.787475+00:00,5104157,Victor Wembanyama,SAS,pa,UNDER,30.5,-130,0.5652173913043478,0.6541080995914752,0.9692660653367452,0.08889070828712742,0.1572681762003023,bovada,Bovada,2026-05-16T01:40:00Z,Minnesota Timberwolves,San Antonio Spurs,,,False
2026-05-15,2026-05-15T15:24:09.787475+00:00,4592479,Julian Champagnie,SAS,pa,OVER,10.5,100,0.5,0.578391342623256,0.8563242846511635,0.07839134262325598,0.15678268524651195,betmgm,BetMGM,2026-05-16T01:40:00Z,Minnesota Timberwolves,San Antonio Spurs,,,False
2026-05-15,2026-05-15T15:24:09.787475+00:00,4432166,Cade Cunningham,DET,pa,UNDER,37.5,-125,0.5555555555555556,0.6419748685631933,0.9483706146811814,0.08641931300763772,0.15555476341374797,bovada,Bovada,2026-05-15T23:10:00Z,Cleveland Cavaliers,Detroit Pistons,,,False
2026-05-15,2026-05-15T15:24:09.787475+00:00,3992,James Harden,CLE,pa,UNDER,26.5,-110,0.5238095238095238,0.6051467121188143,0.8935240161244804,0.08133718830929049,0.1552800867722819,bovada,Bovada,2026-05-15T23:10:00Z,Cleveland Cavaliers,Detroit Pistons,,,False
2026-05-15,2026-05-15T15:24:09.787475+00:00,3992,James Harden,CLE,pa,UNDER,26.5,-111,0.5260663507109005,0.6069070371018881,0.8935240161244804,0.08084068639098763,0.15367013359007553,draftkings,DraftKings,2026-05-15T23:10:00Z,Cleveland Cavaliers,Detroit Pistons,,,False
2026-05-15,2026-05-15T15:24:09.787475+00:00,3908809,Donovan Mitchell,CLE,pa,UNDER,30.5,-120,0.5454545454545454,0.628460042881875,0.9227522610333159,0.08300549742732954,0.1521767452834375,betmgm,BetMGM,2026-05-15T23:10:00Z,Cleveland Cavaliers,Detroit Pistons,,,False
2026-05-15,2026-05-15T15:24:09.787475+00:00,4432166,Cade Cunningham,DET,pa,UNDER,36.5,-125,0.5555555555555556,0.6385638683559638,0.9328660682846837,0.08300831280040821,0.14941496304073487,fanduel,FanDuel,2026-05-15T23:10:00Z,Cleveland Cavaliers,Detroit Pistons,,,False
2026-05-15,2026-05-15T15:24:09.787475+00:00,4592479,Julian Champagnie,SAS,pa,OVER,10.5,-105,0.5121951219512195,0.5879035377452072,0.8563242846511635,0.07570841579398768,0.14781166893111874,bovada,Bovada,2026-05-16T01:40:00Z,Minnesota Timberwolves,San Antonio Spurs,,,False
2026-05-15,2026-05-15T15:24:09.787475+00:00,3992,James Harden,CLE,pa,UNDER,26.5,-115,0.5348837209302325,0.613784585872967,0.8935240161244804,0.07890086494273452,0.14751031271902526,betmgm,BetMGM,2026-05-15T23:10:00Z,Cleveland Cavaliers,Detroit Pistons,,,False
2026-05-15,2026-05-15T15:24:09.787475+00:00,3908809,Donovan Mitchell,CLE,pa,UNDER,31.5,-130,0.5652173913043478,0.6481681648687299,0.9422663620515388,0.08295077356438207,0.14675906092159902,bovada,Bovada,2026-05-15T23:10:00Z,Cleveland Cavaliers,Detroit Pistons,,,False
2026-05-15,2026-05-15T15:24:09.787475+00:00,3157465,Duncan Robinson,DET,pa,OVER,13.5,110,0.47619047619047616,0.5458513645448937,0.792830877801465,0.06966088835441753,0.14628786554427675,bovada,Bovada,2026-05-15T23:10:00Z,Cleveland Cavaliers,Detroit Pistons,,,False
2026-05-15,2026-05-15T15:24:09.787475+00:00,4592479,Julian Champagnie,SAS,pa,OVER,10.5,-106,0.5145631067961165,0.5897505659242268,0.8563242846511635,0.07518745912811031,0.1461190243433087,draftkings,DraftKings,2026-05-16T01:40:00Z,Minnesota Timberwolves,San Antonio Spurs,,,False
2026-05-15,2026-05-15T15:24:09.787475+00:00,3908809,Donovan Mitchell,CLE,pa,UNDER,30.5,-125,0.5555555555555556,0.6363388307606629,0.9227522610333159,0.08078327520510731,0.14540989536919324,fanduel,FanDuel,2026-05-15T23:10:00Z,Cleveland Cavaliers,Detroit Pistons,,,False
2026-05-15,2026-05-15T15:24:09.787475+00:00,3064514,Julius Randle,MIN,pa,UNDER,20.5,-125,0.5555555555555556,0.6338328852146119,0.9113615994603569,0.07827732965905632,0.1408991933863014,bovada,Bovada,2026-05-16T01:40:00Z,Minnesota Timberwolves,San Antonio Spurs,,,False
2026-05-15,2026-05-15T15:24:09.787475+00:00,3992,James Harden,CLE,pa,UNDER,27.5,-130,0.5652173913043478,0.6435916986983832,0.921464243095418,0.07837430739403539,0.13866223615867795,bovada,Bovada,2026-05-15T23:10:00Z,Cleveland Cavaliers,Detroit Pistons,,,False
2026-05-15,2026-05-15T15:24:09.787475+00:00,3064514,Julius Randle,MIN,pa,UNDER,20.5,-128,0.5614035087719298,0.6383942887233838,0.9113615994603569,0.07699077995145398,0.13713982678852732,draftkings,DraftKings,2026-05-16T01:40:00Z,Minnesota Timberwolves,San Antonio Spurs,,,False
2026-05-15,2026-05-15T15:24:09.787475+00:00,3064514,Julius Randle,MIN,pa,UNDER,20.5,-130,0.5652173913043478,0.6413691170986697,0.9113615994603569,0.07615172579432194,0.1347299764053388,betmgm,BetMGM,2026-05-16T01:40:00Z,Minnesota Timberwolves,San Antonio Spurs,,,False
2026-05-15,2026-05-15T15:24:09.787475+00:00,4065778,Max Strus,CLE,pa,OVER,11.5,110,0.47619047619047616,0.5377137519196188,0.7558417295047609,0.061523275729142624,0.12919887903119953,bovada,Bovada,2026-05-15T23:10:00Z,Cleveland Cavaliers,Detroit Pistons,,,False
2026-05-15,2026-05-15T15:24:09.787475+00:00,3992,James Harden,CLE,pa,UNDER,26.5,-130,0.5652173913043478,0.6374448487647769,0.8935240161244804,0.07222745746042913,0.12778704012229763,fanduel,FanDuel,2026-05-15T23:10:00Z,Cleveland Cavaliers,Detroit Pistons,,,False
2026-05-15,2026-05-15T15:24:09.787475+00:00,3157465,Duncan Robinson,DET,pa,OVER,12.5,-115,0.5348837209302325,0.60077119388817,0.834372234375403,0.06588747295793751,0.12318092770397004,draftkings,DraftKings,2026-05-15T23:10:00Z,Cleveland Cavaliers,Detroit Pistons,,,False
2026-05-15,2026-05-15T15:24:09.787475+00:00,3157465,Duncan Robinson,DET,pa,OVER,12.5,-115,0.5348837209302325,0.60077119388817,0.834372234375403,0.06588747295793751,0.12318092770397004,betmgm,BetMGM,2026-05-15T23:10:00Z,Cleveland Cavaliers,Detroit Pistons,,,False
2026-05-15,2026-05-15T15:24:09.787475+00:00,3157465,Duncan Robinson,DET,pa,OVER,12.5,-120,0.5454545454545454,0.609016437017134,0.834372234375403,0.06356189156258862,0.11653013453141248,bovada,Bovada,2026-05-15T23:10:00Z,Cleveland Cavaliers,Detroit Pistons,,,False
2026-05-15,2026-05-15T15:24:09.787475+00:00,4592479,Julian Champagnie,SAS,pa,OVER,9.5,-145,0.5918367346938775,0.6576529610577049,0.8910013999840016,0.06581622636382733,0.1112067273043979,bovada,Bovada,2026-05-16T01:40:00Z,Minnesota Timberwolves,San Antonio Spurs,,,False
2026-05-15,2026-05-15T15:24:09.787475+00:00,4431671,Jaden McDaniels,MIN,pa,UNDER,16.5,135,0.425531914893617,0.4705068131595138,0.6299632706476934,0.04497489826589679,0.10569101092485755,bovada,Bovada,2026-05-16T01:40:00Z,Minnesota Timberwolves,San Antonio Spurs,,,False
2026-05-15,2026-05-15T15:24:09.787475+00:00,3912848,Dean Wade,CLE,pa,OVER,3.5,-145,0.5918367346938775,0.6508076333141118,0.8598862738767608,0.0589708986202343,0.09964048387556834,betmgm,BetMGM,2026-05-15T23:10:00Z,Cleveland Cavaliers,Detroit Pistons,,,False
2026-05-15,2026-05-15T15:24:09.787475+00:00,4065778,Max Strus,CLE,pa,OVER,10.5,-124,0.5535714285714286,0.6084046261127793,0.8028132355775681,0.05483319754135074,0.09905351813921426,draftkings,DraftKings,2026-05-15T23:10:00Z,Cleveland Cavaliers,Detroit Pistons,,,False
2026-05-15,2026-05-15T15:24:09.787475+00:00,4065778,Max Strus,CLE,pa,OVER,10.5,-125,0.5555555555555556,0.6099522451603984,0.8028132355775681,0.054396689604842785,0.09791404128871706,bovada,Bovada,2026-05-15T23:10:00Z,Cleveland Cavaliers,Detroit Pistons,,,False
2026-05-15,2026-05-15T15:24:09.787475+00:00,4431671,Jaden McDaniels,MIN,pa,UNDER,18.5,-110,0.5238095238095238,0.5749765783391748,0.7563870443988465,0.05116705452965098,0.09768255864751552,betmgm,BetMGM,2026-05-16T01:40:00Z,Minnesota Timberwolves,San Antonio Spurs,,,False
2026-05-15,2026-05-15T15:24:09.787475+00:00,4431671,Jaden McDaniels,MIN,pa,UNDER,18.5,-112,0.5283018867924528,0.5784806214658594,0.7563870443988465,0.05017873467340661,0.09498117634609105,fanduel,FanDuel,2026-05-16T01:40:00Z,Minnesota Timberwolves,San Antonio Spurs,,,False
2026-05-15,2026-05-15T15:24:09.787475+00:00,4431671,Jaden McDaniels,MIN,pa,UNDER,17.5,105,0.4878048780487805,0.5336317775035118,0.6961089664793771,0.045826899454731285,0.0939451438821991,bovada,Bovada,2026-05-16T01:40:00Z,Minnesota Timberwolves,San Antonio Spurs,,,False
2026-05-15,2026-05-15T15:24:09.787475+00:00,3157465,Duncan Robinson,DET,pa,OVER,11.5,-165,0.6226415094339622,0.6770837292211807,0.8701061448304096,0.054442219787218415,0.0874375045067447,bovada,Bovada,2026-05-15T23:10:00Z,Cleveland Cavaliers,Detroit Pistons,,,False
2026-05-15,2026-05-15T15:24:09.787475+00:00,4431671,Jaden McDaniels,MIN,pa,UNDER,18.5,-119,0.54337899543379,0.5902407662061024,0.7563870443988465,0.04686177077231246,0.08624141007677677,draftkings,DraftKings,2026-05-16T01:40:00Z,Minnesota Timberwolves,San Antonio Spurs,,,False
2026-05-15,2026-05-15T15:24:09.787475+00:00,4431671,Jaden McDaniels,MIN,pa,UNDER,18.5,-120,0.5454545454545454,0.5918596952222916,0.7563870443988465,0.046405149767746234,0.08507610790753473,bovada,Bovada,2026-05-16T01:40:00Z,Minnesota Timberwolves,San Antonio Spurs,,,False
2026-05-15,2026-05-15T15:24:09.787475+00:00,5107199,Daniss Jenkins,DET,pa,OVER,12.5,-108,0.5192307692307693,0.5631054401037393,0.7186610913806329,0.043874670872970034,0.08449936612572018,fanduel,FanDuel,2026-05-15T23:10:00Z,Cleveland Cavaliers,Detroit Pistons,,,False
2026-05-15,2026-05-15T15:24:09.787475+00:00,5107199,Daniss Jenkins,DET,pa,OVER,13.5,110,0.47619047619047616,0.5159267470255787,0.6568098890773058,0.03973627083510256,0.08344616875371536,bovada,Bovada,2026-05-15T23:10:00Z,Cleveland Cavaliers,Detroit Pistons,,,False
2026-05-15,2026-05-15T15:24:09.787475+00:00,4395630,Devin Vassell,SAS,pa,OVER,15.5,110,0.47619047619047616,0.5153223408798907,0.6540625884150877,0.03913186468941454,0.08217691584777054,bovada,Bovada,2026-05-16T01:40:00Z,Minnesota Timberwolves,San Antonio Spurs,,,False
2026-05-15,2026-05-15T15:24:09.787475+00:00,4066259,De'Aaron Fox,SAS,pa,UNDER,21.5,130,0.43478260869565216,0.4701265962102094,0.5954370973981851,0.03534398751455725,0.08129117128348173,bovada,Bovada,2026-05-16T01:40:00Z,Minnesota Timberwolves,San Antonio Spurs,,,False
2026-05-15,2026-05-15T15:24:09.787475+00:00,4592479,Julian Champagnie,SAS,pa,OVER,8.5,-210,0.6774193548387096,0.7306137990347491,0.9192122830025256,0.05319444419603947,0.07852513190843913,bovada,Bovada,2026-05-16T01:40:00Z,Minnesota Timberwolves,San Antonio Spurs,,,False
2026-05-15,2026-05-15T15:24:09.787475+00:00,4066259,De'Aaron Fox,SAS,pa,UNDER,22.5,105,0.4878048780487805,0.5243402697879215,0.6538748404994216,0.036535391739141,0.07489755306523904,bovada,Bovada,2026-05-16T01:40:00Z,Minnesota Timberwolves,San Antonio Spurs,,,False
2026-05-15,2026-05-15T15:24:09.787475+00:00,4065778,Max Strus,CLE,pa,OVER,9.5,-170,0.6296296296296297,0.6767596386900184,0.8438569435404877,0.04713000906038878,0.07485354380179399,bovada,Bovada,2026-05-15T23:10:00Z,Cleveland Cavaliers,Detroit Pistons,,,False
2026-05-15,2026-05-15T15:24:09.787475+00:00,5107199,Daniss Jenkins,DET,pa,OVER,12.5,-120,0.5454545454545454,0.5835599855582847,0.7186610913806329,0.038105440103739285,0.06985997352352197,draftkings,DraftKings,2026-05-15T23:10:00Z,Cleveland Cavaliers,Detroit Pistons,,,False
2026-05-15,2026-05-15T15:24:09.787475+00:00,5107199,Daniss Jenkins,DET,pa,OVER,12.5,-120,0.5454545454545454,0.5835599855582847,0.7186610913806329,0.038105440103739285,0.06985997352352197,bovada,Bovada,2026-05-15T23:10:00Z,Cleveland Cavaliers,Detroit Pistons,,,False
2026-05-15,2026-05-15T15:24:09.787475+00:00,4395630,Devin Vassell,SAS,pa,OVER,14.5,-118,0.5412844036697247,0.5787941688743465,0.7117833364180056,0.03750976520462179,0.06929770181870798,betmgm,BetMGM,2026-05-16T01:40:00Z,Minnesota Timberwolves,San Antonio Spurs,,,False
2026-05-15,2026-05-15T15:24:09.787475+00:00,4395630,Devin Vassell,SAS,pa,OVER,14.5,-120,0.5454545454545454,0.5820468794665067,0.7117833364180056,0.03659233401196127,0.0670859456885956,draftkings,DraftKings,2026-05-16T01:40:00Z,Minnesota Timberwolves,San Antonio Spurs,,,False
2026-05-15,2026-05-15T15:24:09.787475+00:00,4395630,Devin Vassell,SAS,pa,OVER,14.5,-120,0.5454545454545454,0.5820468794665067,0.7117833364180056,0.03659233401196127,0.0670859456885956,bovada,Bovada,2026-05-16T01:40:00Z,Minnesota Timberwolves,San Antonio Spurs,,,False
2026-05-15,2026-05-15T15:24:09.787475+00:00,4066259,De'Aaron Fox,SAS,pa,UNDER,23.5,-119,0.54337899543379,0.5797844200980473,0.7088581984531417,0.036405424664257335,0.06699821849976778,draftkings,DraftKings,2026-05-16T01:40:00Z,Minnesota Timberwolves,San Antonio Spurs,,,False
2026-05-15,2026-05-15T15:24:09.787475+00:00,4066259,De'Aaron Fox,SAS,pa,UNDER,23.5,-120,0.5454545454545454,0.5814033491142366,0.7088581984531417,0.03594880365969122,0.06590614004276718,bovada,Bovada,2026-05-16T01:40:00Z,Minnesota Timberwolves,San Antonio Spurs,,,False
2026-05-15,2026-05-15T15:24:09.787475+00:00,4395630,Devin Vassell,SAS,pa,OVER,14.5,-122,0.5495495495495496,0.58524098266061,0.7117833364180056,0.03569143311106038,0.06494670615291326,fanduel,FanDuel,2026-05-16T01:40:00Z,Minnesota Timberwolves,San Antonio Spurs,,,False
2026-05-15,2026-05-15T15:24:09.787475+00:00,4397002,Ayo Dosunmu,MIN,pa,UNDER,15.5,130,0.43478260869565216,0.4629512860899095,0.5628220513968217,0.028168677394257324,0.06478795800679182,bovada,Bovada,2026-05-16T01:40:00Z,Minnesota Timberwolves,San Antonio Spurs,,,False
2026-05-15,2026-05-15T15:24:09.787475+00:00,4397002,Ayo Dosunmu,MIN,pa,UNDER,16.5,105,0.4878048780487805,0.5193823705738585,0.6313389349809533,0.03157749252507802,0.06473385967640999,bovada,Bovada,2026-05-16T01:40:00Z,Minnesota Timberwolves,San Antonio Spurs,,,False
2026-05-15,2026-05-15T15:24:09.787475+00:00,4397002,Ayo Dosunmu,MIN,pa,UNDER,17.5,-118,0.5412844036697247,0.5753022049507778,0.6959107731290568,0.03401780128105303,0.06284644643448772,betmgm,BetMGM,2026-05-16T01:40:00Z,Minnesota Timberwolves,San Antonio Spurs,,,False
2026-05-15,2026-05-15T15:24:09.787475+00:00,2991043,Caris LeVert,DET,pa,OVER,9.5,120,0.45454545454545453,0.4830899980660136,0.5842933796389048,0.028544543520559074,0.06279799574522993,bovada,Bovada,2026-05-15T23:10:00Z,Cleveland Cavaliers,Detroit Pistons,,,False
2026-05-15,2026-05-15T15:24:09.787475+00:00,4066259,De'Aaron Fox,SAS,pa,UNDER,22.5,-105,0.5121951219512195,0.5433646600318239,0.6538748404994216,0.03116953808060441,0.06085481244308477,betmgm,BetMGM,2026-05-16T01:40:00Z,Minnesota Timberwolves,San Antonio Spurs,,,False
2026-05-15,2026-05-15T15:24:09.787475+00:00,4397002,Ayo Dosunmu,MIN,pa,UNDER,17.5,-122,0.5495495495495496,0.5817490187370412,0.6959107731290568,0.032199469187491614,0.05859247671822254,fanduel,FanDuel,2026-05-16T01:40:00Z,Minnesota Timberwolves,San Antonio Spurs,,,False
2026-05-15,2026-05-15T15:24:09.787475+00:00,4066259,De'Aaron Fox,SAS,pa,UNDER,23.5,-130,0.5652173913043478,0.5968183688770824,0.7088581984531417,0.03160097757273461,0.05590942185945347,fanduel,FanDuel,2026-05-16T01:40:00Z,Minnesota Timberwolves,San Antonio Spurs,,,False
2026-05-15,2026-05-15T15:24:09.787475+00:00,4397002,Ayo Dosunmu,MIN,pa,UNDER,17.5,-125,0.5555555555555556,0.5864337034217258,0.6959107731290568,0.03087814786617027,0.05558066615910656,draftkings,DraftKings,2026-05-16T01:40:00Z,Minnesota Timberwolves,San Antonio Spurs,,,False
2026-05-15,2026-05-15T15:24:09.787475+00:00,4397002,Ayo Dosunmu,MIN,pa,UNDER,17.5,-125,0.5555555555555556,0.5864337034217258,0.6959107731290568,0.03087814786617027,0.05558066615910656,bovada,Bovada,2026-05-16T01:40:00Z,Minnesota Timberwolves,San Antonio Spurs,,,False
2026-05-15,2026-05-15T15:24:09.787475+00:00,2991043,Caris LeVert,DET,pa,OVER,8.5,-115,0.5348837209302325,0.5641159350392416,0.6677574214257282,0.029232214109009114,0.05465153072553869,bovada,Bovada,2026-05-15T23:10:00Z,Cleveland Cavaliers,Detroit Pistons,,,False
2026-05-15,2026-05-15T15:24:09.787475+00:00,5107199,Daniss Jenkins,DET,pa,OVER,11.5,-165,0.6226415094339622,0.6560646481234045,0.774564867113245,0.033423138689442244,0.053679586380013244,bovada,Bovada,2026-05-15T23:10:00Z,Cleveland Cavaliers,Detroit Pistons,,,False
2026-05-15,2026-05-15T15:24:09.787475+00:00,4395630,Devin Vassell,SAS,pa,OVER,13.5,-160,0.6153846153846154,0.6481926432286976,0.7645120146758981,0.03280802784408221,0.05331304524663366,bovada,Bovada,2026-05-16T01:40:00Z,Minnesota Timberwolves,San Antonio Spurs,,,False
2026-05-15,2026-05-15T15:24:09.787475+00:00,4845367,Stephon Castle,SAS,pa,UNDER,23.5,100,0.5,0.5263574366582299,0.6198065302646814,0.02635743665822987,0.05271487331645974,bovada,Bovada,2026-05-16T01:40:00Z,Minnesota Timberwolves,San Antonio Spurs,,,False
2026-05-15,2026-05-15T15:24:09.787475+00:00,4845367,Stephon Castle,SAS,pa,UNDER,22.5,120,0.45454545454545453,0.47816178013486743,0.5618923890427859,0.0236163255894129,0.05195591629670837,bovada,Bovada,2026-05-16T01:40:00Z,Minnesota Timberwolves,San Antonio Spurs,,,False
2026-05-15,2026-05-15T15:24:09.787475+00:00,2991043,Caris LeVert,DET,pa,OVER,8.5,-120,0.5454545454545454,0.5723611781682056,0.6677574214257282,0.026906632713660228,0.049328826641710344,draftkings,DraftKings,2026-05-15T23:10:00Z,Cleveland Cavaliers,Detroit Pistons,,,False
2026-05-15,2026-05-15T15:24:09.787475+00:00,4845367,Stephon Castle,SAS,pa,UNDER,24.5,-124,0.5535714285714286,0.5803185300131781,0.6751491623975627,0.02674710144174952,0.04831734453993464,draftkings,DraftKings,2026-05-16T01:40:00Z,Minnesota Timberwolves,San Antonio Spurs,,,False
2026-05-15,2026-05-15T15:24:09.787475+00:00,4845367,Stephon Castle,SAS,pa,UNDER,24.5,-125,0.5555555555555556,0.5818661490607971,0.6751491623975627,0.026310593505241564,0.04735906830943487,bovada,Bovada,2026-05-16T01:40:00Z,Minnesota Timberwolves,San Antonio Spurs,,,False
2026-05-15,2026-05-15T15:24:09.787475+00:00,2991043,Caris LeVert,DET,pa,OVER,7.5,-165,0.6226415094339622,0.6492583813766238,0.7436272909915149,0.026616871942661602,0.04274830948366859,bovada,Bovada,2026-05-15T23:10:00Z,Cleveland Cavaliers,Detroit Pistons,,,False
2026-05-15,2026-05-15T15:24:09.787475+00:00,4066328,Jarrett Allen,CLE,pa,UNDER,12.5,140,0.4166666666666667,0.43408038732823134,0.49581994240105143,0.017413720661564658,0.04179292958775516,bovada,Bovada,2026-05-15T23:10:00Z,Cleveland Cavaliers,Detroit Pistons,,,False
2026-05-15,2026-05-15T15:24:09.787475+00:00,4432158,Evan Mobley,CLE,pa,UNDER,17.5,135,0.425531914893617,0.44294660029917027,0.5046895758279499,0.017414685405553243,0.04092451070305014,bovada,Bovada,2026-05-15T23:10:00Z,Cleveland Cavaliers,Detroit Pistons,,,False
2026-05-15,2026-05-15T15:24:09.787475+00:00,5104157,Victor Wembanyama,SAS,pr,UNDER,38.5,115,0.46511627906976744,0.5779878054097888,0.9781686715244098,0.11287152634002134,0.2426737816310458,bovada,Bovada,2026-05-16T01:40:00Z,Minnesota Timberwolves,San Antonio Spurs,,,False
2026-05-15,2026-05-15T15:24:09.787475+00:00,4594268,Anthony Edwards,MIN,pr,UNDER,31.5,115,0.46511627906976744,0.5695787189561943,0.9399455512807986,0.10446243988642684,0.22459424575581766,bovada,Bovada,2026-05-16T01:40:00Z,Minnesota Timberwolves,San Antonio Spurs,,,False
2026-05-15,2026-05-15T15:24:09.787475+00:00,5104157,Victor Wembanyama,SAS,pr,UNDER,39.5,100,0.5,0.6067111123649315,0.9850505107496883,0.10671111236493147,0.21342222472986294,bovada,Bovada,2026-05-16T01:40:00Z,Minnesota Timberwolves,San Antonio Spurs,,,False
2026-05-15,2026-05-15T15:24:09.787475+00:00,4594268,Anthony Edwards,MIN,pr,UNDER,32.5,-105,0.5121951219512195,0.6097991952795228,0.9558500007162343,0.09760407332830323,0.1905603336409729,bovada,Bovada,2026-05-16T01:40:00Z,Minnesota Timberwolves,San Antonio Spurs,,,False
2026-05-15,2026-05-15T15:24:09.787475+00:00,4594268,Anthony Edwards,MIN,pr,UNDER,32.5,-106,0.5145631067961165,0.6116462234585425,0.9558500007162343,0.09708311666242597,0.18867096257037497,draftkings,DraftKings,2026-05-16T01:40:00Z,Minnesota Timberwolves,San Antonio Spurs,,,False
2026-05-15,2026-05-15T15:24:09.787475+00:00,5104157,Victor Wembanyama,SAS,pr,UNDER,40.5,-115,0.5348837209302325,0.6350045446543628,0.9899783742217342,0.10012082372413034,0.18718240957120014,betmgm,BetMGM,2026-05-16T01:40:00Z,Minnesota Timberwolves,San Antonio Spurs,,,False
2026-05-15,2026-05-15T15:24:09.787475+00:00,5104157,Victor Wembanyama,SAS,pr,UNDER,40.5,-120,0.5454545454545454,0.643249787783327,0.9899783742217342,0.09779524232878156,0.1792912776027662,draftkings,DraftKings,2026-05-16T01:40:00Z,Minnesota Timberwolves,San Antonio Spurs,,,False
2026-05-15,2026-05-15T15:24:09.787475+00:00,5104157,Victor Wembanyama,SAS,pr,UNDER,40.5,-120,0.5454545454545454,0.643249787783327,0.9899783742217342,0.09779524232878156,0.1792912776027662,bovada,Bovada,2026-05-16T01:40:00Z,Minnesota Timberwolves,San Antonio Spurs,,,False
2026-05-15,2026-05-15T15:24:09.787475+00:00,5104157,Victor Wembanyama,SAS,pr,UNDER,40.5,-122,0.5495495495495496,0.6464438909774302,0.9899783742217342,0.09689434142788056,0.17631593276220903,fanduel,FanDuel,2026-05-16T01:40:00Z,Minnesota Timberwolves,San Antonio Spurs,,,False
2026-05-15,2026-05-15T15:24:09.787475+00:00,3912848,Dean Wade,CLE,pr,OVER,7.5,115,0.46511627906976744,0.5439856471333019,0.8236134066312875,0.07886936806353445,0.16956914133659906,bovada,Bovada,2026-05-15T23:10:00Z,Cleveland Cavaliers,Detroit Pistons,,,False
2026-05-15,2026-05-15T15:24:09.787475+00:00,4594268,Anthony Edwards,MIN,pr,UNDER,32.5,-120,0.5454545454545454,0.6357415456121169,0.9558500007162343,0.09028700015757152,0.16552616695554778,betmgm,BetMGM,2026-05-16T01:40:00Z,Minnesota Timberwolves,San Antonio Spurs,,,False
2026-05-15,2026-05-15T15:24:09.787475+00:00,4594268,Anthony Edwards,MIN,pr,UNDER,33.5,-125,0.5555555555555556,0.6463307039023339,0.9681698662227297,0.09077514834677836,0.16339526702420115,bovada,Bovada,2026-05-16T01:40:00Z,Minnesota Timberwolves,San Antonio Spurs,,,False
2026-05-15,2026-05-15T15:24:09.787475+00:00,3157465,Duncan Robinson,DET,pr,OVER,13.5,105,0.4878048780487805,0.5666126789907641,0.8460221550577968,0.07880780094198359,0.1615559919310664,bovada,Bovada,2026-05-15T23:10:00Z,Cleveland Cavaliers,Detroit Pistons,,,False
2026-05-15,2026-05-15T15:24:09.787475+00:00,4594268,Anthony Edwards,MIN,pr,UNDER,32.5,-125,0.5555555555555556,0.6436203334909049,0.9558500007162343,0.08806477793534928,0.1585166002836288,fanduel,FanDuel,2026-05-16T01:40:00Z,Minnesota Timberwolves,San Antonio Spurs,,,False
2026-05-15,2026-05-15T15:24:09.787475+00:00,3908809,Donovan Mitchell,CLE,pr,UNDER,30.5,110,0.47619047619047616,0.5510139232209771,0.8162970536018439,0.07482344703050092,0.15712923876405194,bovada,Bovada,2026-05-15T23:10:00Z,Cleveland Cavaliers,Detroit Pistons,,,False
2026-05-15,2026-05-15T15:24:09.787475+00:00,3064514,Julius Randle,MIN,pr,UNDER,21.5,110,0.47619047619047616,0.5480155681034841,0.8026681667041486,0.0718250919130079,0.1508326930173166,bovada,Bovada,2026-05-16T01:40:00Z,Minnesota Timberwolves,San Antonio Spurs,,,False
2026-05-15,2026-05-15T15:24:09.787475+00:00,4592479,Julian Champagnie,SAS,pr,OVER,14.5,-105,0.5121951219512195,0.5856767236184571,0.846202402256845,0.0734816016672376,0.14346407944555917,betmgm,BetMGM,2026-05-16T01:40:00Z,Minnesota Timberwolves,San Antonio Spurs,,,False
2026-05-15,2026-05-15T15:24:09.787475+00:00,3157465,Duncan Robinson,DET,pr,OVER,13.5,-105,0.5121951219512195,0.5856370692346665,0.8460221550577968,0.073441947283447,0.1433866589819679,betmgm,BetMGM,2026-05-15T23:10:00Z,Cleveland Cavaliers,Detroit Pistons,,,False
2026-05-15,2026-05-15T15:24:09.787475+00:00,3064514,Julius Randle,MIN,pr,UNDER,22.5,-106,0.5145631067961165,0.5879708632471725,0.8482347270281891,0.07340775645105602,0.14266035687658052,fanduel,FanDuel,2026-05-16T01:40:00Z,Minnesota Timberwolves,San Antonio Spurs,,,False
2026-05-15,2026-05-15T15:24:09.787475+00:00,3912848,Dean Wade,CLE,pr,OVER,6.5,-114,0.5327102803738317,0.6075701502513435,0.8729824161807038,0.07485986987751181,0.1405264224016448,fanduel,FanDuel,2026-05-15T23:10:00Z,Cleveland Cavaliers,Detroit Pistons,,,False
2026-05-15,2026-05-15T15:24:09.787475+00:00,3908809,Donovan Mitchell,CLE,pr,UNDER,31.5,-110,0.5238095238095238,0.5961010841519278,0.8524075253659051,0.07229156034240392,0.13801116065368024,draftkings,DraftKings,2026-05-15T23:10:00Z,Cleveland Cavaliers,Detroit Pistons,,,False
2026-05-15,2026-05-15T15:24:09.787475+00:00,3908809,Donovan Mitchell,CLE,pr,UNDER,31.5,-110,0.5238095238095238,0.5961010841519278,0.8524075253659051,0.07229156034240392,0.13801116065368024,bovada,Bovada,2026-05-15T23:10:00Z,Cleveland Cavaliers,Detroit Pistons,,,False
2026-05-15,2026-05-15T15:24:09.787475+00:00,3908809,Donovan Mitchell,CLE,pr,UNDER,31.5,-110,0.5238095238095238,0.5961010841519278,0.8524075253659051,0.07229156034240392,0.13801116065368024,betmgm,BetMGM,2026-05-15T23:10:00Z,Cleveland Cavaliers,Detroit Pistons,,,False
2026-05-15,2026-05-15T15:24:09.787475+00:00,4592479,Julian Champagnie,SAS,pr,OVER,14.5,-109,0.5215311004784688,0.5929587868697116,0.846202402256845,0.07142768639124275,0.13695767390614433,draftkings,DraftKings,2026-05-16T01:40:00Z,Minnesota Timberwolves,San Antonio Spurs,,,False
2026-05-15,2026-05-15T15:24:09.787475+00:00,4592479,Julian Champagnie,SAS,pr,OVER,14.5,-110,0.5238095238095238,0.5947359570679345,0.846202402256845,0.07092643325841064,0.13540500894787488,bovada,Bovada,2026-05-16T01:40:00Z,Minnesota Timberwolves,San Antonio Spurs,,,False
2026-05-15,2026-05-15T15:24:09.787475+00:00,3157465,Duncan Robinson,DET,pr,OVER,12.5,-120,0.5454545454545454,0.6189454009091122,0.879503888429849,0.0734908554545668,0.1347332350000391,fanduel,FanDuel,2026-05-15T23:10:00Z,Cleveland Cavaliers,Detroit Pistons,,,False
2026-05-15,2026-05-15T15:24:09.787475+00:00,4592479,Julian Champagnie,SAS,pr,OVER,14.5,-112,0.5283018867924528,0.5982400001946191,0.846202402256845,0.06993811340216627,0.13238285751124335,fanduel,FanDuel,2026-05-16T01:40:00Z,Minnesota Timberwolves,San Antonio Spurs,,,False
2026-05-15,2026-05-15T15:24:09.787475+00:00,3064514,Julius Randle,MIN,pr,UNDER,22.5,-113,0.5305164319248826,0.6004144568476101,0.8482347270281891,0.06989802492272745,0.13175468414638003,draftkings,DraftKings,2026-05-16T01:40:00Z,Minnesota Timberwolves,San Antonio Spurs,,,False
2026-05-15,2026-05-15T15:24:09.787475+00:00,3064514,Julius Randle,MIN,pr,UNDER,23.5,-125,0.5555555555555556,0.6282985627768194,0.8862055883794819,0.07274300722126381,0.13093741299827488,betmgm,BetMGM,2026-05-16T01:40:00Z,Minnesota Timberwolves,San Antonio Spurs,,,False
2026-05-15,2026-05-15T15:24:09.787475+00:00,4432166,Cade Cunningham,DET,pr,UNDER,31.5,115,0.46511627906976744,0.5257671560587659,0.7408020835652152,0.06065087698899846,0.13039938552634667,bovada,Bovada,2026-05-15T23:10:00Z,Cleveland Cavaliers,Detroit Pistons,,,False
2026-05-15,2026-05-15T15:24:09.787475+00:00,3064514,Julius Randle,MIN,pr,UNDER,22.5,-115,0.5348837209302325,0.603820942271783,0.8482347270281891,0.06893722134155045,0.12888263120376808,bovada,Bovada,2026-05-16T01:40:00Z,Minnesota Timberwolves,San Antonio Spurs,,,False
2026-05-15,2026-05-15T15:24:09.787475+00:00,3157465,Duncan Robinson,DET,pr,OVER,12.5,-125,0.5555555555555556,0.6268241887879001,0.879503888429849,0.07126863323234456,0.12828353981822027,draftkings,DraftKings,2026-05-15T23:10:00Z,Cleveland Cavaliers,Detroit Pistons,,,False
2026-05-15,2026-05-15T15:24:09.787475+00:00,3157465,Duncan Robinson,DET,pr,OVER,12.5,-125,0.5555555555555556,0.6268241887879001,0.879503888429849,0.07126863323234456,0.12828353981822027,bovada,Bovada,2026-05-15T23:10:00Z,Cleveland Cavaliers,Detroit Pistons,,,False
2026-05-15,2026-05-15T15:24:09.787475+00:00,3912848,Dean Wade,CLE,pr,OVER,6.5,-125,0.5555555555555556,0.6253894648930882,0.8729824161807038,0.06983390933753264,0.12570103680755884,bovada,Bovada,2026-05-15T23:10:00Z,Cleveland Cavaliers,Detroit Pistons,,,False
2026-05-15,2026-05-15T15:24:09.787475+00:00,4065778,Max Strus,CLE,pr,OVER,13.5,-109,0.5215311004784688,0.5864799922299415,0.8167533357124352,0.06494889175147267,0.12453503097300711,draftkings,DraftKings,2026-05-15T23:10:00Z,Cleveland Cavaliers,Detroit Pistons,,,False
2026-05-15,2026-05-15T15:24:09.787475+00:00,3908809,Donovan Mitchell,CLE,pr,UNDER,32.5,-130,0.5652173913043478,0.635223191806969,0.8834255754071713,0.07000580050262117,0.12385641627386818,bovada,Bovada,2026-05-15T23:10:00Z,Cleveland Cavaliers,Detroit Pistons,,,False
2026-05-15,2026-05-15T15:24:09.787475+00:00,3908809,Donovan Mitchell,CLE,pr,UNDER,31.5,-120,0.5454545454545454,0.6129842010350446,0.8524075253659051,0.06752965558049917,0.12380436856424848,fanduel,FanDuel,2026-05-15T23:10:00Z,Cleveland Cavaliers,Detroit Pistons,,,False
2026-05-15,2026-05-15T15:24:09.787475+00:00,3912848,Dean Wade,CLE,pr,OVER,6.5,-127,0.5594713656387665,0.6284437967579928,0.8729824161807038,0.06897243111922624,0.12328143200050679,draftkings,DraftKings,2026-05-15T23:10:00Z,Cleveland Cavaliers,Detroit Pistons,,,False
2026-05-15,2026-05-15T15:24:09.787475+00:00,4065778,Max Strus,CLE,pr,OVER,13.5,-110,0.5238095238095238,0.5882571624281644,0.8167533357124352,0.06444763861864056,0.12303640099922286,bovada,Bovada,2026-05-15T23:10:00Z,Cleveland Cavaliers,Detroit Pistons,,,False
2026-05-15,2026-05-15T15:24:09.787475+00:00,3064514,Julius Randle,MIN,pr,UNDER,23.5,-135,0.574468085106383,0.6430503358264648,0.8862055883794819,0.06858225072008173,0.11938391792014236,bovada,Bovada,2026-05-16T01:40:00Z,Minnesota Timberwolves,San Antonio Spurs,,,False
2026-05-15,2026-05-15T15:24:09.787475+00:00,4065778,Max Strus,CLE,pr,OVER,13.5,-114,0.5327102803738317,0.5951997525483245,0.8167533357124352,0.062489472174492744,0.11730479864334586,fanduel,FanDuel,2026-05-15T23:10:00Z,Cleveland Cavaliers,Detroit Pistons,,,False
2026-05-15,2026-05-15T15:24:09.787475+00:00,5107199,Daniss Jenkins,DET,pr,OVER,12.5,-103,0.5073891625615764,0.566565914368442,0.7763743980473287,0.059176751806865546,0.11662990890090985,draftkings,DraftKings,2026-05-15T23:10:00Z,Cleveland Cavaliers,Detroit Pistons,,,False
2026-05-15,2026-05-15T15:24:09.787475+00:00,4432166,Cade Cunningham,DET,pr,UNDER,32.5,-105,0.5121951219512195,0.5713683063432675,0.7811641419150739,0.059173184392047995,0.11552859809876037,bovada,Bovada,2026-05-15T23:10:00Z,Cleveland Cavaliers,Detroit Pistons,,,False
2026-05-15,2026-05-15T15:24:09.787475+00:00,3912848,Dean Wade,CLE,pr,OVER,6.5,-135,0.574468085106383,0.6401412379427336,0.8729824161807038,0.06567315283635056,0.1143199327151288,betmgm,BetMGM,2026-05-15T23:10:00Z,Cleveland Cavaliers,Detroit Pistons,,,False
2026-05-15,2026-05-15T15:24:09.787475+00:00,5107199,Daniss Jenkins,DET,pr,OVER,12.5,-105,0.5121951219512195,0.5703145626923636,0.7763743980473287,0.05811944074114406,0.1134712890660432,bovada,Bovada,2026-05-15T23:10:00Z,Cleveland Cavaliers,Detroit Pistons,,,False
2026-05-15,2026-05-15T15:24:09.787475+00:00,3064560,Luke Kornet,SAS,pr,OVER,5.5,-110,0.5238095238095238,0.5819949946714522,0.788288936818289,0.05818547086192838,0.11108135346368153,draftkings,DraftKings,2026-05-16T01:40:00Z,Minnesota Timberwolves,San Antonio Spurs,,,False
2026-05-15,2026-05-15T15:24:09.787475+00:00,3064560,Luke Kornet,SAS,pr,OVER,5.5,-110,0.5238095238095238,0.5819949946714522,0.788288936818289,0.05818547086192838,0.11108135346368153,bovada,Bovada,2026-05-16T01:40:00Z,Minnesota Timberwolves,San Antonio Spurs,,,False
2026-05-15,2026-05-15T15:24:09.787475+00:00,4432166,Cade Cunningham,DET,pr,UNDER,32.5,-109,0.5215311004784688,0.578650369594522,0.7811641419150739,0.05711926911605314,0.1095222683050926,draftkings,DraftKings,2026-05-15T23:10:00Z,Cleveland Cavaliers,Detroit Pistons,,,False
2026-05-15,2026-05-15T15:24:09.787475+00:00,4592479,Julian Champagnie,SAS,pr,OVER,13.5,-145,0.5918367346938775,0.6553789308369099,0.8806648989803884,0.06354219614303236,0.10736440037960643,bovada,Bovada,2026-05-16T01:40:00Z,Minnesota Timberwolves,San Antonio Spurs,,,False
2026-05-15,2026-05-15T15:24:09.787475+00:00,3992,James Harden,CLE,pr,UNDER,23.5,115,0.46511627906976744,0.5140248967102924,0.68742817743579,0.048908617640524954,0.10515352792712862,bovada,Bovada,2026-05-15T23:10:00Z,Cleveland Cavaliers,Detroit Pistons,,,False
2026-05-15,2026-05-15T15:24:09.787475+00:00,2991043,Caris LeVert,DET,pr,OVER,9.5,110,0.47619047619047616,0.5260028919037831,0.7026105476145988,0.04981241571330697,0.10460607299794467,bovada,Bovada,2026-05-15T23:10:00Z,Cleveland Cavaliers,Detroit Pistons,,,False
2026-05-15,2026-05-15T15:24:09.787475+00:00,4432166,Cade Cunningham,DET,pr,UNDER,33.5,-125,0.5555555555555556,0.6132160947673758,0.8176489156092841,0.05766053921182024,0.10378897058127651,bovada,Bovada,2026-05-15T23:10:00Z,Cleveland Cavaliers,Detroit Pistons,,,False
2026-05-15,2026-05-15T15:24:09.787475+00:00,4431671,Jaden McDaniels,MIN,pr,UNDER,21.5,-104,0.5098039215686274,0.5624183716971123,0.7489605130617405,0.05261445012848487,0.10320526755972026,fanduel,FanDuel,2026-05-16T01:40:00Z,Minnesota Timberwolves,San Antonio Spurs,,,False
2026-05-15,2026-05-15T15:24:09.787475+00:00,4431671,Jaden McDaniels,MIN,pr,UNDER,21.5,-105,0.5121951219512195,0.5642835079955342,0.7489605130617405,0.05208838604431465,0.10169637275318577,betmgm,BetMGM,2026-05-16T01:40:00Z,Minnesota Timberwolves,San Antonio Spurs,,,False
2026-05-15,2026-05-15T15:24:09.787475+00:00,3032976,Rudy Gobert,MIN,pr,UNDER,15.5,-105,0.5121951219512195,0.5629729059203287,0.7430032309017158,0.05077778396910915,0.09913757822540359,betmgm,BetMGM,2026-05-16T01:40:00Z,Minnesota Timberwolves,San Antonio Spurs,,,False
2026-05-15,2026-05-15T15:24:09.787475+00:00,4065778,Max Strus,CLE,pr,OVER,12.5,-145,0.5918367346938775,0.6495882211171239,0.8543434911631791,0.057751486423246345,0.09758009774962317,bovada,Bovada,2026-05-15T23:10:00Z,Cleveland Cavaliers,Detroit Pistons,,,False
2026-05-15,2026-05-15T15:24:09.787475+00:00,3157465,Duncan Robinson,DET,pr,OVER,11.5,-170,0.6296296296296297,0.6907605096260023,0.9074972659767784,0.06113087999637268,0.09709022117070959,bovada,Bovada,2026-05-15T23:10:00Z,Cleveland Cavaliers,Detroit Pistons,,,False
2026-05-15,2026-05-15T15:24:09.787475+00:00,4431671,Jaden McDaniels,MIN,pr,UNDER,19.5,130,0.43478260869565216,0.47694014281984287,0.62640776380561,0.04215753412419071,0.09696232848563857,bovada,Bovada,2026-05-16T01:40:00Z,Minnesota Timberwolves,San Antonio Spurs,,,False
2026-05-15,2026-05-15T15:24:09.787475+00:00,3992,James Harden,CLE,pr,UNDER,24.5,-108,0.5192307692307693,0.568659426800176,0.7439064854553453,0.04942865756940673,0.09519593309663532,draftkings,DraftKings,2026-05-15T23:10:00Z,Cleveland Cavaliers,Detroit Pistons,,,False
2026-05-15,2026-05-15T15:24:09.787475+00:00,4432166,Cade Cunningham,DET,pr,UNDER,32.5,-120,0.5454545454545454,0.5973106566758617,0.7811641419150739,0.05185611122131628,0.0950695372390798,betmgm,BetMGM,2026-05-15T23:10:00Z,Cleveland Cavaliers,Detroit Pistons,,,False
2026-05-15,2026-05-15T15:24:09.787475+00:00,3992,James Harden,CLE,pr,UNDER,24.5,-110,0.5238095238095238,0.5722308553716046,0.7439064854553453,0.04842133156208073,0.09244072389124502,bovada,Bovada,2026-05-15T23:10:00Z,Cleveland Cavaliers,Detroit Pistons,,,False
2026-05-15,2026-05-15T15:24:09.787475+00:00,3992,James Harden,CLE,pr,UNDER,24.5,-110,0.5238095238095238,0.5722308553716046,0.7439064854553453,0.04842133156208073,0.09244072389124502,betmgm,BetMGM,2026-05-15T23:10:00Z,Cleveland Cavaliers,Detroit Pistons,,,False
2026-05-15,2026-05-15T15:24:09.787475+00:00,4431671,Jaden McDaniels,MIN,pr,UNDER,20.5,105,0.4878048780487805,0.5323605783312404,0.6903307884235981,0.04455570028245992,0.09133918557904286,bovada,Bovada,2026-05-16T01:40:00Z,Minnesota Timberwolves,San Antonio Spurs,,,False
2026-05-15,2026-05-15T15:24:09.787475+00:00,3032976,Rudy Gobert,MIN,pr,UNDER,13.5,140,0.4166666666666667,0.45421510960106687,0.5873414072775767,0.037548442934400184,0.09011626304256048,bovada,Bovada,2026-05-16T01:40:00Z,Minnesota Timberwolves,San Antonio Spurs,,,False
2026-05-15,2026-05-15T15:24:09.787475+00:00,4432166,Cade Cunningham,DET,pr,UNDER,32.5,-125,0.5555555555555556,0.6051894445546496,0.7811641419150739,0.049633888999094045,0.08934100019836932,fanduel,FanDuel,2026-05-15T23:10:00Z,Cleveland Cavaliers,Detroit Pistons,,,False
2026-05-15,2026-05-15T15:24:09.787475+00:00,3992,James Harden,CLE,pr,UNDER,25.5,-130,0.5652173913043478,0.6156697956365947,0.7945465019054705,0.05045240433224696,0.08926194612628302,bovada,Bovada,2026-05-15T23:10:00Z,Cleveland Cavaliers,Detroit Pistons,,,False
2026-05-15,2026-05-15T15:24:09.787475+00:00,3032976,Rudy Gobert,MIN,pr,UNDER,14.5,110,0.47619047619047616,0.5185701328825871,0.6688252793364353,0.04237965669211097,0.08899727905343302,bovada,Bovada,2026-05-16T01:40:00Z,Minnesota Timberwolves,San Antonio Spurs,,,False
2026-05-15,2026-05-15T15:24:09.787475+00:00,2991043,Caris LeVert,DET,pr,OVER,8.5,-123,0.5515695067264574,0.5999912984529299,0.7716685600286048,0.04842179172647243,0.08778910207319807,draftkings,DraftKings,2026-05-15T23:10:00Z,Cleveland Cavaliers,Detroit Pistons,,,False
2026-05-15,2026-05-15T15:24:09.787475+00:00,5107199,Daniss Jenkins,DET,pr,OVER,11.5,-145,0.5918367346938775,0.6430541848434495,0.8246433262828405,0.05121745014957191,0.08653982956306977,bovada,Bovada,2026-05-15T23:10:00Z,Cleveland Cavaliers,Detroit Pistons,,,False
2026-05-15,2026-05-15T15:24:09.787475+00:00,3912848,Dean Wade,CLE,pr,OVER,5.5,-190,0.6551724137931034,0.7116325780414724,0.9118095240129626,0.05646016424836897,0.08617604016856312,bovada,Bovada,2026-05-15T23:10:00Z,Cleveland Cavaliers,Detroit Pistons,,,False
2026-05-15,2026-05-15T15:24:09.787475+00:00,5037871,Dylan Harper,SAS,pr,OVER,16.5,110,0.47619047619047616,0.5170082855784234,0.661725973408418,0.04081780938794721,0.08571739971468917,bovada,Bovada,2026-05-16T01:40:00Z,Minnesota Timberwolves,San Antonio Spurs,,,False
2026-05-15,2026-05-15T15:24:09.787475+00:00,2991043,Caris LeVert,DET,pr,OVER,8.5,-125,0.5555555555555556,0.6031004165396264,0.7716685600286048,0.04754486098407085,0.08558074977132757,bovada,Bovada,2026-05-15T23:10:00Z,Cleveland Cavaliers,Detroit Pistons,,,False
2026-05-15,2026-05-15T15:24:09.787475+00:00,4592479,Julian Champagnie,SAS,pr,OVER,12.5,-190,0.6551724137931034,0.7110767601630242,0.9092830791109253,0.05590434636992081,0.08532768656461592,bovada,Bovada,2026-05-16T01:40:00Z,Minnesota Timberwolves,San Antonio Spurs,,,False
2026-05-15,2026-05-15T15:24:09.787475+00:00,4431671,Jaden McDaniels,MIN,pr,UNDER,21.5,-119,0.54337899543379,0.5886069293119391,0.7489605130617405,0.04522793387814916,0.08323460100264429,draftkings,DraftKings,2026-05-16T01:40:00Z,Minnesota Timberwolves,San Antonio Spurs,,,False
2026-05-15,2026-05-15T15:24:09.787475+00:00,4278562,Paul Reed Jr,DET,pr,UNDER,9.5,150,0.4,0.433024065007212,0.5501093863964182,0.033024065007212,0.08256016251803,bovada,Bovada,2026-05-15T23:10:00Z,Cleveland Cavaliers,Detroit Pistons,,,False
2026-05-15,2026-05-15T15:24:09.787475+00:00,4431671,Jaden McDaniels,MIN,pr,UNDER,21.5,-120,0.5454545454545454,0.5902258583281283,0.7489605130617405,0.044771312873582936,0.08208074026823531,bovada,Bovada,2026-05-16T01:40:00Z,Minnesota Timberwolves,San Antonio Spurs,,,False
2026-05-15,2026-05-15T15:24:09.787475+00:00,3032976,Rudy Gobert,MIN,pr,UNDER,15.5,-118,0.5412844036697247,0.5856625456607628,0.7430032309017158,0.04437814199103807,0.0819867368986974,fanduel,FanDuel,2026-05-16T01:40:00Z,Minnesota Timberwolves,San Antonio Spurs,,,False
2026-05-15,2026-05-15T15:24:09.787475+00:00,5037871,Dylan Harper,SAS,pr,OVER,14.5,-130,0.5652173913043478,0.6108448101163735,0.7726147495408282,0.0456274188120257,0.08072543328281467,fanduel,FanDuel,2026-05-16T01:40:00Z,Minnesota Timberwolves,San Antonio Spurs,,,False
2026-05-15,2026-05-15T15:24:09.787475+00:00,4278562,Paul Reed Jr,DET,pr,UNDER,10.5,110,0.47619047619047616,0.5142355939208269,0.649122829510252,0.038045117730350686,0.07989474723373646,bovada,Bovada,2026-05-15T23:10:00Z,Cleveland Cavaliers,Detroit Pistons,,,False
2026-05-15,2026-05-15T15:24:09.787475+00:00,3064560,Luke Kornet,SAS,pr,OVER,4.5,-170,0.6296296296296297,0.6798674505666668,0.8579833611616163,0.0502378209370371,0.07978948031176486,bovada,Bovada,2026-05-16T01:40:00Z,Minnesota Timberwolves,San Antonio Spurs,,,False
2026-05-15,2026-05-15T15:24:09.787475+00:00,3032976,Rudy Gobert,MIN,pr,UNDER,15.5,-120,0.5454545454545454,0.588915256252923,0.7430032309017158,0.043460710798377544,0.07967796979702546,draftkings,DraftKings,2026-05-16T01:40:00Z,Minnesota Timberwolves,San Antonio Spurs,,,False
2026-05-15,2026-05-15T15:24:09.787475+00:00,3032976,Rudy Gobert,MIN,pr,UNDER,15.5,-120,0.5454545454545454,0.588915256252923,0.7430032309017158,0.043460710798377544,0.07967796979702546,bovada,Bovada,2026-05-16T01:40:00Z,Minnesota Timberwolves,San Antonio Spurs,,,False
2026-05-15,2026-05-15T15:24:09.787475+00:00,4395630,Devin Vassell,SAS,pr,OVER,17.5,110,0.47619047619047616,0.5140091497816095,0.6480935379683551,0.037818673591133334,0.07941921454138001,bovada,Bovada,2026-05-16T01:40:00Z,Minnesota Timberwolves,San Antonio Spurs,,,False
2026-05-15,2026-05-15T15:24:09.787475+00:00,4065778,Max Strus,CLE,pr,OVER,11.5,-190,0.6551724137931034,0.7060351515303767,0.8863666762352543,0.050862737737273234,0.07763259970425906,bovada,Bovada,2026-05-15T23:10:00Z,Cleveland Cavaliers,Detroit Pistons,,,False
2026-05-15,2026-05-15T15:24:09.787475+00:00,5037871,Dylan Harper,SAS,pr,OVER,15.5,-115,0.5348837209302325,0.5755715596784005,0.7198284425128139,0.04068783874816795,0.07606856809440088,draftkings,DraftKings,2026-05-16T01:40:00Z,Minnesota Timberwolves,San Antonio Spurs,,,False
2026-05-15,2026-05-15T15:24:09.787475+00:00,5037871,Dylan Harper,SAS,pr,OVER,15.5,-115,0.5348837209302325,0.5755715596784005,0.7198284425128139,0.04068783874816795,0.07606856809440088,bovada,Bovada,2026-05-16T01:40:00Z,Minnesota Timberwolves,San Antonio Spurs,,,False
2026-05-15,2026-05-15T15:24:09.787475+00:00,4395630,Devin Vassell,SAS,pr,OVER,16.5,-110,0.5238095238095238,0.5636224739606865,0.7047774790420818,0.03981295015116271,0.07600654119767425,betmgm,BetMGM,2026-05-16T01:40:00Z,Minnesota Timberwolves,San Antonio Spurs,,,False
2026-05-15,2026-05-15T15:24:09.787475+00:00,4395630,Devin Vassell,SAS,pr,OVER,16.5,-112,0.5283018867924528,0.5671265170873712,0.7047774790420818,0.03882463029491834,0.07348947877252399,fanduel,FanDuel,2026-05-16T01:40:00Z,Minnesota Timberwolves,San Antonio Spurs,,,False
2026-05-15,2026-05-15T15:24:09.787475+00:00,4278562,Paul Reed Jr,DET,pr,UNDER,11.5,-125,0.5555555555555556,0.5958921371299384,0.7389036536209319,0.0403365815743828,0.0726058468338891,bovada,Bovada,2026-05-15T23:10:00Z,Cleveland Cavaliers,Detroit Pistons,,,False
2026-05-15,2026-05-15T15:24:09.787475+00:00,5107199,Daniss Jenkins,DET,pr,OVER,10.5,-190,0.6551724137931034,0.7014939589389931,0.8657248917289657,0.04632154514588971,0.07070130574898947,bovada,Bovada,2026-05-15T23:10:00Z,Cleveland Cavaliers,Detroit Pistons,,,False
2026-05-15,2026-05-15T15:24:09.787475+00:00,4594268,Anthony Edwards,MIN,pra,UNDER,34.5,135,0.425531914893617,0.5252986170008473,0.9211592703999785,0.09976670210723032,0.23445174995199136,bovada,Bovada,2026-05-16T01:40:00Z,Minnesota Timberwolves,San Antonio Spurs,,,False
2026-05-15,2026-05-15T15:24:09.787475+00:00,5104157,Victor Wembanyama,SAS,pra,UNDER,41.5,120,0.45454545454545453,0.5498817519938904,0.9538697516534003,0.09533629744843591,0.20973985438655895,bovada,Bovada,2026-05-16T01:40:00Z,Minnesota Timberwolves,San Antonio Spurs,,,False
2026-05-15,2026-05-15T15:24:09.787475+00:00,3912848,Dean Wade,CLE,pra,OVER,9.5,160,0.38461538461538464,0.46311091444533475,0.7177766539733414,0.07849552982995012,0.20408837755787035,bovada,Bovada,2026-05-15T23:10:00Z,Cleveland Cavaliers,Detroit Pistons,,,False
2026-05-15,2026-05-15T15:24:09.787475+00:00,3157465,Duncan Robinson,DET,pra,OVER,16.5,140,0.4166666666666667,0.49632271225870894,0.7885107367164321,0.07965604559204226,0.19117450942090142,bovada,Bovada,2026-05-15T23:10:00Z,Cleveland Cavaliers,Detroit Pistons,,,False
2026-05-15,2026-05-15T15:24:09.787475+00:00,4594268,Anthony Edwards,MIN,pra,UNDER,35.5,115,0.46511627906976744,0.5540042412666636,0.9381637706932274,0.08888796219689615,0.1911091187233267,bovada,Bovada,2026-05-16T01:40:00Z,Minnesota Timberwolves,San Antonio Spurs,,,False
2026-05-15,2026-05-15T15:24:09.787475+00:00,4432166,Cade Cunningham,DET,pra,UNDER,39.5,130,0.43478260869565216,0.5146224882804163,0.8257931007328142,0.07983987958476418,0.18363172304495767,bovada,Bovada,2026-05-15T23:10:00Z,Cleveland Cavaliers,Detroit Pistons,,,False
2026-05-15,2026-05-15T15:24:09.787475+00:00,4592479,Julian Champagnie,SAS,pra,OVER,17.5,135,0.425531914893617,0.5011815836840074,0.783347651446608,0.07564966879039042,0.17777672165741754,bovada,Bovada,2026-05-16T01:40:00Z,Minnesota Timberwolves,San Antonio Spurs,,,False
2026-05-15,2026-05-15T15:24:09.787475+00:00,3908809,Donovan Mitchell,CLE,pra,UNDER,32.5,140,0.4166666666666667,0.4902147000970809,0.7536078100785575,0.07354803343041422,0.17651528023299412,bovada,Bovada,2026-05-15T23:10:00Z,Cleveland Cavaliers,Detroit Pistons,,,False
2026-05-15,2026-05-15T15:24:09.787475+00:00,5104157,Victor Wembanyama,SAS,pra,UNDER,42.5,105,0.4878048780487805,0.573456461403161,0.9650473752654496,0.0856515833543805,0.17558574587648001,bovada,Bovada,2026-05-16T01:40:00Z,Minnesota Timberwolves,San Antonio Spurs,,,False
2026-05-15,2026-05-15T15:24:09.787475+00:00,3064514,Julius Randle,MIN,pra,UNDER,24.5,130,0.43478260869565216,0.5066336321741396,0.7801424944112327,0.07185102347848743,0.1652573540005211,bovada,Bovada,2026-05-16T01:40:00Z,Minnesota Timberwolves,San Antonio Spurs,,,False
2026-05-15,2026-05-15T15:24:09.787475+00:00,4432166,Cade Cunningham,DET,pra,UNDER,40.5,115,0.46511627906976744,0.5390139301145603,0.8525048498240656,0.0738976510447929,0.1588799497463047,bovada,Bovada,2026-05-15T23:10:00Z,Cleveland Cavaliers,Detroit Pistons,,,False
2026-05-15,2026-05-15T15:24:09.787475+00:00,4594268,Anthony Edwards,MIN,pra,UNDER,36.5,100,0.5,0.5791280041531682,0.9521600237323902,0.07912800415316823,0.15825600830633646,bovada,Bovada,2026-05-16T01:40:00Z,Minnesota Timberwolves,San Antonio Spurs,,,False
2026-05-15,2026-05-15T15:24:09.787475+00:00,3992,James Harden,CLE,pra,UNDER,29.5,130,0.43478260869565216,0.5002105585729406,0.7434392166900956,0.06542794987728845,0.15048428471776343,bovada,Bovada,2026-05-15T23:10:00Z,Cleveland Cavaliers,Detroit Pistons,,,False
2026-05-15,2026-05-15T15:24:09.787475+00:00,5104157,Victor Wembanyama,SAS,pra,UNDER,43.5,-110,0.5238095238095238,0.5984084286576771,0.973898503894209,0.07459890484815324,0.1424160910737471,betmgm,BetMGM,2026-05-16T01:40:00Z,Minnesota Timberwolves,San Antonio Spurs,,,False
2026-05-15,2026-05-15T15:24:09.787475+00:00,3157465,Duncan Robinson,DET,pra,OVER,15.5,110,0.47619047619047616,0.5411914462190093,0.8238150668297131,0.06500097002853311,0.13650203705991948,bovada,Bovada,2026-05-15T23:10:00Z,Cleveland Cavaliers,Detroit Pistons,,,False
2026-05-15,2026-05-15T15:24:09.787475+00:00,3157465,Duncan Robinson,DET,pra,OVER,15.5,110,0.47619047619047616,0.5411914462190093,0.8238150668297131,0.06500097002853311,0.13650203705991948,betonlineag,BetOnline.ag,2026-05-15T23:10:00Z,Cleveland Cavaliers,Detroit Pistons,,,False
2026-05-15,2026-05-15T15:24:09.787475+00:00,4065778,Max Strus,CLE,pra,OVER,16.5,120,0.45454545454545453,0.516253110909568,0.7617060883144151,0.06170765636411352,0.1357568440010497,bovada,Bovada,2026-05-15T23:10:00Z,Cleveland Cavaliers,Detroit Pistons,,,False
2026-05-15,2026-05-15T15:24:09.787475+00:00,3908809,Donovan Mitchell,CLE,pra,UNDER,33.5,115,0.46511627906976744,0.5281233565462398,0.7902730008622338,0.06300707747647233,0.13546521657441546,bovada,Bovada,2026-05-15T23:10:00Z,Cleveland Cavaliers,Detroit Pistons,,,False
2026-05-15,2026-05-15T15:24:09.787475+00:00,3064514,Julius Randle,MIN,pra,UNDER,25.5,110,0.47619047619047616,0.5405836501713787,0.820341946557538,0.0643931739809025,0.13522566535989522,bovada,Bovada,2026-05-16T01:40:00Z,Minnesota Timberwolves,San Antonio Spurs,,,False
2026-05-15,2026-05-15T15:24:09.787475+00:00,5104157,Victor Wembanyama,SAS,pra,UNDER,43.5,-115,0.5348837209302325,0.6056066567861377,0.973898503894209,0.07072293585590517,0.13222114094799653,draftkings,DraftKings,2026-05-16T01:40:00Z,Minnesota Timberwolves,San Antonio Spurs,,,False
2026-05-15,2026-05-15T15:24:09.787475+00:00,5104157,Victor Wembanyama,SAS,pra,UNDER,43.5,-115,0.5348837209302325,0.6056066567861377,0.973898503894209,0.07072293585590517,0.13222114094799653,bovada,Bovada,2026-05-16T01:40:00Z,Minnesota Timberwolves,San Antonio Spurs,,,False
2026-05-15,2026-05-15T15:24:09.787475+00:00,3912848,Dean Wade,CLE,pra,OVER,8.5,115,0.46511627906976744,0.5254514316799733,0.7750048587692829,0.06033515261020589,0.1297205781119426,bovada,Bovada,2026-05-15T23:10:00Z,Cleveland Cavaliers,Detroit Pistons,,,False
2026-05-15,2026-05-15T15:24:09.787475+00:00,4592479,Julian Champagnie,SAS,pra,OVER,16.5,105,0.4878048780487805,0.548464464290295,0.82223596319193,0.060659586241514574,0.12435215179510484,bovada,Bovada,2026-05-16T01:40:00Z,Minnesota Timberwolves,San Antonio Spurs,,,False
2026-05-15,2026-05-15T15:24:09.787475+00:00,4594268,Anthony Edwards,MIN,pra,UNDER,36.5,-116,0.5370370370370371,0.6032020782272424,0.9521600237323902,0.06616504119020528,0.12320386980245124,betonlineag,BetOnline.ag,2026-05-16T01:40:00Z,Minnesota Timberwolves,San Antonio Spurs,,,False
2026-05-15,2026-05-15T15:24:09.787475+00:00,3992,James Harden,CLE,pra,UNDER,30.5,110,0.47619047619047616,0.5344986671685523,0.7855706151128163,0.05830819097807616,0.1224472010539599,bovada,Bovada,2026-05-15T23:10:00Z,Cleveland Cavaliers,Detroit Pistons,,,False
2026-05-15,2026-05-15T15:24:09.787475+00:00,4431671,Jaden McDaniels,MIN,pra,UNDER,21.5,145,0.40816326530612246,0.4577184230859818,0.59949886078287,0.04955515777985936,0.12141013656065547,bovada,Bovada,2026-05-16T01:40:00Z,Minnesota Timberwolves,San Antonio Spurs,,,False
2026-05-15,2026-05-15T15:24:09.787475+00:00,4432166,Cade Cunningham,DET,pra,UNDER,41.5,-105,0.5121951219512195,0.5737834723245948,0.8763236746074408,0.06158835037337529,0.1202439221575422,bovada,Bovada,2026-05-15T23:10:00Z,Cleveland Cavaliers,Detroit Pistons,,,False
2026-05-15,2026-05-15T15:24:09.787475+00:00,4594268,Anthony Edwards,MIN,pra,UNDER,37.5,-120,0.5454545454545454,0.6106574660891031,0.9634972088208494,0.06520292063455768,0.11953868783002242,bovada,Bovada,2026-05-16T01:40:00Z,Minnesota Timberwolves,San Antonio Spurs,,,False
2026-05-15,2026-05-15T15:24:09.787475+00:00,4594268,Anthony Edwards,MIN,pra,UNDER,36.5,-118,0.5412844036697247,0.6059628665384894,0.9521600237323902,0.06467846286876466,0.11949071953720924,fanduel,FanDuel,2026-05-16T01:40:00Z,Minnesota Timberwolves,San Antonio Spurs,,,False
2026-05-15,2026-05-15T15:24:09.787475+00:00,4594268,Anthony Edwards,MIN,pra,UNDER,36.5,-118,0.5412844036697247,0.6059628665384894,0.9521600237323902,0.06467846286876466,0.11949071953720924,betmgm,BetMGM,2026-05-16T01:40:00Z,Minnesota Timberwolves,San Antonio Spurs,,,False
2026-05-15,2026-05-15T15:24:09.787475+00:00,5104157,Victor Wembanyama,SAS,pra,UNDER,43.5,-122,0.5495495495495496,0.6151394453886938,0.973898503894209,0.06558989583914421,0.11935210554336084,fanduel,FanDuel,2026-05-16T01:40:00Z,Minnesota Timberwolves,San Antonio Spurs,,,False
2026-05-15,2026-05-15T15:24:09.787475+00:00,4594268,Anthony Edwards,MIN,pra,UNDER,37.5,-122,0.5495495495495496,0.6133192187508558,0.9634972088208494,0.06376966920130622,0.11603988985811475,draftkings,DraftKings,2026-05-16T01:40:00Z,Minnesota Timberwolves,San Antonio Spurs,,,False
2026-05-15,2026-05-15T15:24:09.787475+00:00,5104157,Victor Wembanyama,SAS,pra,UNDER,43.5,-125,0.5555555555555556,0.6190433492925977,0.973898503894209,0.06348779373704216,0.11427802872667597,betonlineag,BetOnline.ag,2026-05-16T01:40:00Z,Minnesota Timberwolves,San Antonio Spurs,,,False
2026-05-15,2026-05-15T15:24:09.787475+00:00,3908809,Donovan Mitchell,CLE,pra,UNDER,34.5,100,0.5,0.5566154367327852,0.8235167813302011,0.05661543673278524,0.11323087346557048,bovada,Bovada,2026-05-15T23:10:00Z,Cleveland Cavaliers,Detroit Pistons,,,False
2026-05-15,2026-05-15T15:24:09.787475+00:00,5104157,Victor Wembanyama,SAS,pra,UNDER,44.5,-130,0.5652173913043478,0.6265299010073913,0.9807919809118011,0.06131250970304347,0.10847597870538456,bovada,Bovada,2026-05-16T01:40:00Z,Minnesota Timberwolves,San Antonio Spurs,,,False
2026-05-15,2026-05-15T15:24:09.787475+00:00,2991043,Caris LeVert,DET,pra,OVER,12.5,140,0.4166666666666667,0.4614056221027376,0.5889845072537385,0.044738955436070926,0.10737349304657018,bovada,Bovada,2026-05-15T23:10:00Z,Cleveland Cavaliers,Detroit Pistons,,,False
2026-05-15,2026-05-15T15:24:09.787475+00:00,5107199,Daniss Jenkins,DET,pra,OVER,16.5,115,0.46511627906976744,0.51417929749671,0.7105926634363495,0.04906301842694255,0.10548548961792648,bovada,Bovada,2026-05-15T23:10:00Z,Cleveland Cavaliers,Detroit Pistons,,,False
2026-05-15,2026-05-15T15:24:09.787475+00:00,3032976,Rudy Gobert,MIN,pra,UNDER,14.5,165,0.37735849056603776,0.4166387781688223,0.4791757674337014,0.039280287602784514,0.10409276214737906,bovada,Bovada,2026-05-16T01:40:00Z,Minnesota Timberwolves,San Antonio Spurs,,,False
2026-05-15,2026-05-15T15:24:09.787475+00:00,3064514,Julius Randle,MIN,pra,UNDER,26.5,-110,0.5238095238095238,0.5777024407678948,0.855578573095453,0.05389291695837095,0.10288647782961735,betmgm,BetMGM,2026-05-16T01:40:00Z,Minnesota Timberwolves,San Antonio Spurs,,,False
2026-05-15,2026-05-15T15:24:09.787475+00:00,3908809,Donovan Mitchell,CLE,pra,UNDER,34.5,-106,0.5145631067961165,0.566081456150261,0.8235167813302011,0.051518349354144455,0.10012056572597883,fanduel,FanDuel,2026-05-15T23:10:00Z,Cleveland Cavaliers,Detroit Pistons,,,False
2026-05-15,2026-05-15T15:24:09.787475+00:00,4594268,Anthony Edwards,MIN,pra,UNDER,38.5,-135,0.574468085106383,0.6310978145103472,0.9725346239497039,0.05662972940396416,0.09857767711060433,bovada,Bovada,2026-05-16T01:40:00Z,Minnesota Timberwolves,San Antonio Spurs,,,False
2026-05-15,2026-05-15T15:24:09.787475+00:00,4432166,Cade Cunningham,DET,pra,UNDER,42.5,-120,0.5454545454545454,0.5990746495372521,0.897309685667415,0.05362010408270668,0.09830352415162885,bovada,Bovada,2026-05-15T23:10:00Z,Cleveland Cavaliers,Detroit Pistons,,,False
2026-05-15,2026-05-15T15:24:09.787475+00:00,3064514,Julius Randle,MIN,pra,UNDER,26.5,-114,0.5327102803738317,0.5834879325346949,0.855578573095453,0.05077765216086316,0.09531945230197103,fanduel,FanDuel,2026-05-16T01:40:00Z,Minnesota Timberwolves,San Antonio Spurs,,,False
2026-05-15,2026-05-15T15:24:09.787475+00:00,3064514,Julius Randle,MIN,pra,UNDER,26.5,-114,0.5327102803738317,0.5834879325346949,0.855578573095453,0.05077765216086316,0.09531945230197103,draftkings,DraftKings,2026-05-16T01:40:00Z,Minnesota Timberwolves,San Antonio Spurs,,,False
2026-05-15,2026-05-15T15:24:09.787475+00:00,4432166,Cade Cunningham,DET,pra,UNDER,41.5,-118,0.5412844036697247,0.5926915054416232,0.8763236746074408,0.051407101771898445,0.0949724422565581,fanduel,FanDuel,2026-05-15T23:10:00Z,Cleveland Cavaliers,Detroit Pistons,,,False
2026-05-15,2026-05-15T15:24:09.787475+00:00,4432166,Cade Cunningham,DET,pra,UNDER,41.5,-118,0.5412844036697247,0.5926915054416232,0.8763236746074408,0.051407101771898445,0.0949724422565581,betonlineag,BetOnline.ag,2026-05-15T23:10:00Z,Cleveland Cavaliers,Detroit Pistons,,,False
2026-05-15,2026-05-15T15:24:09.787475+00:00,4432166,Cade Cunningham,DET,pra,UNDER,41.5,-118,0.5412844036697247,0.5926915054416232,0.8763236746074408,0.051407101771898445,0.0949724422565581,betmgm,BetMGM,2026-05-15T23:10:00Z,Cleveland Cavaliers,Detroit Pistons,,,False
2026-05-15,2026-05-15T15:24:09.787475+00:00,3908809,Donovan Mitchell,CLE,pra,UNDER,35.5,-114,0.5327102803738317,0.5830747275539863,0.8532174017771182,0.05036444718015454,0.09454378681186892,draftkings,DraftKings,2026-05-15T23:10:00Z,Cleveland Cavaliers,Detroit Pistons,,,False
2026-05-15,2026-05-15T15:24:09.787475+00:00,4065778,Max Strus,CLE,pra,OVER,15.5,-105,0.5121951219512195,0.5606017691094103,0.8009996562349574,0.04840664715819076,0.09450821588027725,bovada,Bovada,2026-05-15T23:10:00Z,Cleveland Cavaliers,Detroit Pistons,,,False
2026-05-15,2026-05-15T15:24:09.787475+00:00,4592479,Julian Champagnie,SAS,pra,OVER,15.5,-115,0.5348837209302325,0.5850446688797555,0.8564014301434537,0.05016094794952297,0.09377916355780369,betmgm,BetMGM,2026-05-16T01:40:00Z,Minnesota Timberwolves,San Antonio Spurs,,,False
2026-05-15,2026-05-15T15:24:09.787475+00:00,3064514,Julius Randle,MIN,pra,UNDER,26.5,-115,0.5348837209302325,0.5849006688963554,0.855578573095453,0.05001694796612288,0.09350994619753394,bovada,Bovada,2026-05-16T01:40:00Z,Minnesota Timberwolves,San Antonio Spurs,,,False
2026-05-15,2026-05-15T15:24:09.787475+00:00,3157465,Duncan Robinson,DET,pra,OVER,14.5,-115,0.5348837209302325,0.584824083654188,0.855140943140211,0.04994036272395552,0.09336676509261244,bovada,Bovada,2026-05-15T23:10:00Z,Cleveland Cavaliers,Detroit Pistons,,,False
2026-05-15,2026-05-15T15:24:09.787475+00:00,4432166,Cade Cunningham,DET,pra,UNDER,42.5,-123,0.5515695067264574,0.603049374363995,0.897309685667415,0.051479867637537535,0.09333341856236488,draftkings,DraftKings,2026-05-15T23:10:00Z,Cleveland Cavaliers,Detroit Pistons,,,False
2026-05-15,2026-05-15T15:24:09.787475+00:00,3064560,Luke Kornet,SAS,pra,OVER,6.5,100,0.5,0.5464416837910113,0.7653810502343508,0.04644168379101132,0.09288336758202265,betmgm,BetMGM,2026-05-16T01:40:00Z,Minnesota Timberwolves,San Antonio Spurs,,,False
2026-05-15,2026-05-15T15:24:09.787475+00:00,3992,James Harden,CLE,pra,UNDER,31.5,-110,0.5238095238095238,0.5720669716909531,0.8233758926557866,0.04825744788142927,0.092127855046365,bovada,Bovada,2026-05-15T23:10:00Z,Cleveland Cavaliers,Detroit Pistons,,,False
2026-05-15,2026-05-15T15:24:09.787475+00:00,3992,James Harden,CLE,pra,UNDER,31.5,-111,0.5260663507109005,0.573533909176848,0.8233758926557866,0.047467558465947524,0.09023112465148586,draftkings,DraftKings,2026-05-15T23:10:00Z,Cleveland Cavaliers,Detroit Pistons,,,False
2026-05-15,2026-05-15T15:24:09.787475+00:00,4065778,Max Strus,CLE,pra,OVER,15.5,-108,0.5192307692307693,0.5651749398411176,0.8009996562349574,0.04594417061034828,0.08848506932363376,draftkings,DraftKings,2026-05-15T23:10:00Z,Cleveland Cavaliers,Detroit Pistons,,,False
2026-05-15,2026-05-15T15:24:09.787475+00:00,3992,James Harden,CLE,pra,UNDER,30.5,-106,0.5145631067961165,0.5594408770622186,0.7855706151128163,0.04487777026610207,0.08721528938506629,fanduel,FanDuel,2026-05-15T23:10:00Z,Cleveland Cavaliers,Detroit Pistons,,,False
2026-05-15,2026-05-15T15:24:09.787475+00:00,4845367,Stephon Castle,SAS,pra,UNDER,26.5,145,0.40816326530612246,0.4436674524617883,0.5192076000731928,0.035504187155665834,0.08698525853138128,bovada,Bovada,2026-05-16T01:40:00Z,Minnesota Timberwolves,San Antonio Spurs,,,False
2026-05-15,2026-05-15T15:24:09.787475+00:00,4592479,Julian Champagnie,SAS,pra,OVER,15.5,-119,0.54337899543379,0.5905665973070678,0.8564014301434537,0.04718760187327786,0.08684104882561228,betonlineag,BetOnline.ag,2026-05-16T01:40:00Z,Minnesota Timberwolves,San Antonio Spurs,,,False
2026-05-15,2026-05-15T15:24:09.787475+00:00,4065778,Max Strus,CLE,pra,OVER,15.5,-109,0.5215311004784688,0.5666701551521223,0.8009996562349574,0.04513905467365342,0.08655103143847298,betonlineag,BetOnline.ag,2026-05-15T23:10:00Z,Cleveland Cavaliers,Detroit Pistons,,,False
2026-05-15,2026-05-15T15:24:09.787475+00:00,4395630,Devin Vassell,SAS,pra,OVER,20.5,120,0.45454545454545453,0.4937762338032674,0.6332667905641256,0.039230779257812876,0.08630771436718832,bovada,Bovada,2026-05-16T01:40:00Z,Minnesota Timberwolves,San Antonio Spurs,,,False
2026-05-15,2026-05-15T15:24:09.787475+00:00,5107199,Daniss Jenkins,DET,pra,OVER,15.5,-102,0.504950495049505,0.5483648572069633,0.7579830595702,0.04341436215745831,0.08597746231182923,fanduel,FanDuel,2026-05-15T23:10:00Z,Cleveland Cavaliers,Detroit Pistons,,,False
2026-05-15,2026-05-15T15:24:09.787475+00:00,3908809,Donovan Mitchell,CLE,pra,UNDER,35.5,-119,0.54337899543379,0.5900093923429591,0.8532174017771182,0.04663039690916915,0.08581560439586594,betonlineag,BetOnline.ag,2026-05-15T23:10:00Z,Cleveland Cavaliers,Detroit Pistons,,,False
2026-05-15,2026-05-15T15:24:09.787475+00:00,4397002,Ayo Dosunmu,MIN,pra,UNDER,19.5,135,0.425531914893617,0.46178675405867026,0.5582343393018239,0.03625483916505323,0.08519887203787513,bovada,Bovada,2026-05-16T01:40:00Z,Minnesota Timberwolves,San Antonio Spurs,,,False
2026-05-15,2026-05-15T15:24:09.787475+00:00,4592479,Julian Champagnie,SAS,pra,OVER,15.5,-120,0.5454545454545454,0.5919157048205589,0.8564014301434537,0.04646115936601347,0.08517879217102464,draftkings,DraftKings,2026-05-16T01:40:00Z,Minnesota Timberwolves,San Antonio Spurs,,,False
2026-05-15,2026-05-15T15:24:09.787475+00:00,4592479,Julian Champagnie,SAS,pra,OVER,15.5,-120,0.5454545454545454,0.5919157048205589,0.8564014301434537,0.04646115936601347,0.08517879217102464,bovada,Bovada,2026-05-16T01:40:00Z,Minnesota Timberwolves,San Antonio Spurs,,,False
2026-05-15,2026-05-15T15:24:09.787475+00:00,3992,James Harden,CLE,pra,UNDER,31.5,-114,0.5327102803738317,0.5778524634577533,0.8233758926557866,0.045142183083921594,0.08474058929788775,betonlineag,BetOnline.ag,2026-05-15T23:10:00Z,Cleveland Cavaliers,Detroit Pistons,,,False
2026-05-15,2026-05-15T15:24:09.787475+00:00,4431671,Jaden McDaniels,MIN,pra,UNDER,22.5,115,0.46511627906976744,0.5043898056174498,0.6546527098405772,0.0392735265476824,0.08443808207751713,bovada,Bovada,2026-05-16T01:40:00Z,Minnesota Timberwolves,San Antonio Spurs,,,False
2026-05-15,2026-05-15T15:24:09.787475+00:00,3908809,Donovan Mitchell,CLE,pra,UNDER,35.5,-120,0.5454545454545454,0.5913584998564502,0.8532174017771182,0.045903954401904756,0.08415724973682531,bovada,Bovada,2026-05-15T23:10:00Z,Cleveland Cavaliers,Detroit Pistons,,,False
2026-05-15,2026-05-15T15:24:09.787475+00:00,5104157,Victor Wembanyama,SAS,pra,UNDER,45.5,-150,0.6,0.6500626702698061,0.9860724015417494,0.05006267026980615,0.0834377837830102,bovada,Bovada,2026-05-16T01:40:00Z,Minnesota Timberwolves,San Antonio Spurs,,,False
2026-05-15,2026-05-15T15:24:09.787475+00:00,3992,James Harden,CLE,pra,UNDER,31.5,-115,0.5348837209302325,0.5792651998194138,0.8233758926557866,0.044381478889181314,0.08297406922759976,betmgm,BetMGM,2026-05-15T23:10:00Z,Cleveland Cavaliers,Detroit Pistons,,,False
2026-05-15,2026-05-15T15:24:09.787475+00:00,5061568,Carter Bryant,SAS,pra,OVER,5.5,-105,0.5121951219512195,0.5544334442213175,0.7657520854458558,0.04223832227009794,0.08246529586066742,betmgm,BetMGM,2026-05-16T01:40:00Z,Minnesota Timberwolves,San Antonio Spurs,,,False
2026-05-15,2026-05-15T15:24:09.787475+00:00,3912848,Dean Wade,CLE,pra,OVER,7.5,-116,0.5370370370370371,0.5809501502170129,0.8250061493882214,0.043913113179975816,0.08176924523167917,draftkings,DraftKings,2026-05-15T23:10:00Z,Cleveland Cavaliers,Detroit Pistons,,,False
2026-05-15,2026-05-15T15:24:09.787475+00:00,3912848,Dean Wade,CLE,pra,OVER,7.5,-116,0.5370370370370371,0.5809501502170129,0.8250061493882214,0.043913113179975816,0.08176924523167917,betonlineag,BetOnline.ag,2026-05-15T23:10:00Z,Cleveland Cavaliers,Detroit Pistons,,,False
2026-05-15,2026-05-15T15:24:09.787475+00:00,3157465,Duncan Robinson,DET,pra,OVER,14.5,-122,0.5495495495495496,0.5943568722567442,0.855140943140211,0.04480732270719456,0.08153463640161646,fanduel,FanDuel,2026-05-15T23:10:00Z,Cleveland Cavaliers,Detroit Pistons,,,False
2026-05-15,2026-05-15T15:24:09.787475+00:00,4432166,Cade Cunningham,DET,pra,UNDER,43.5,-135,0.574468085106383,0.6211306449223958,0.9155793691614103,0.04666255981601275,0.08122741893898522,bovada,Bovada,2026-05-15T23:10:00Z,Cleveland Cavaliers,Detroit Pistons,,,False
2026-05-15,2026-05-15T15:24:09.787475+00:00,3064514,Julius Randle,MIN,pra,UNDER,27.5,-130,0.5652173913043478,0.6099119608076398,0.8858323226275067,0.04469456950329198,0.07907500758274733,betonlineag,BetOnline.ag,2026-05-16T01:40:00Z,Minnesota Timberwolves,San Antonio Spurs,,,False
2026-05-15,2026-05-15T15:24:09.787475+00:00,3912848,Dean Wade,CLE,pra,OVER,7.5,-118,0.5412844036697247,0.5837109385282598,0.8250061493882214,0.04242653485853509,0.07838122541661563,betmgm,BetMGM,2026-05-15T23:10:00Z,Cleveland Cavaliers,Detroit Pistons,,,False
2026-05-15,2026-05-15T15:24:09.787475+00:00,4592479,Julian Champagnie,SAS,pra,OVER,15.5,-125,0.5555555555555556,0.5984813613862155,0.8564014301434537,0.04292580583065997,0.07726645049518799,fanduel,FanDuel,2026-05-16T01:40:00Z,Minnesota Timberwolves,San Antonio Spurs,,,False
2026-05-15,2026-05-15T15:24:09.787475+00:00,4432158,Evan Mobley,CLE,pra,UNDER,25.5,135,0.425531914893617,0.45833864657247986,0.5385308679521645,0.03280673167886283,0.07709581944532773,bovada,Bovada,2026-05-15T23:10:00Z,Cleveland Cavaliers,Detroit Pistons,,,False
2026-05-15,2026-05-15T15:24:09.787475+00:00,3157465,Duncan Robinson,DET,pra,OVER,14.5,-125,0.5555555555555556,0.5982607761606481,0.855140943140211,0.04270522060509252,0.07686939708916662,draftkings,DraftKings,2026-05-15T23:10:00Z,Cleveland Cavaliers,Detroit Pistons,,,False
2026-05-15,2026-05-15T15:24:09.787475+00:00,3157465,Duncan Robinson,DET,pra,OVER,14.5,-125,0.5555555555555556,0.5982607761606481,0.855140943140211,0.04270522060509252,0.07686939708916662,betmgm,BetMGM,2026-05-15T23:10:00Z,Cleveland Cavaliers,Detroit Pistons,,,False
2026-05-15,2026-05-15T15:24:09.787475+00:00,4066328,Jarrett Allen,CLE,pra,UNDER,18.5,160,0.38461538461538464,0.4141691496613759,0.4381094266364336,0.029553765045991276,0.07683978911957745,bovada,Bovada,2026-05-15T23:10:00Z,Cleveland Cavaliers,Detroit Pistons,,,False
2026-05-15,2026-05-15T15:24:09.787475+00:00,5037871,Dylan Harper,SAS,pra,OVER,20.5,130,0.43478260869565216,0.46812388413281614,0.5600867913179557,0.033341275437163975,0.07668493350547712,bovada,Bovada,2026-05-16T01:40:00Z,Minnesota Timberwolves,San Antonio Spurs,,,False
2026-05-15,2026-05-15T15:24:09.787475+00:00,4395723,Keldon Johnson,SAS,pra,OVER,15.5,140,0.4166666666666667,0.4480846309722613,0.5128645579367312,0.031417964305594626,0.07540311433342706,bovada,Bovada,2026-05-16T01:40:00Z,Minnesota Timberwolves,San Antonio Spurs,,,False
2026-05-15,2026-05-15T15:24:09.787475+00:00,3912848,Dean Wade,CLE,pra,OVER,7.5,-120,0.5454545454545454,0.5864215306883933,0.8250061493882214,0.0409669852338479,0.07510613959538776,bovada,Bovada,2026-05-15T23:10:00Z,Cleveland Cavaliers,Detroit Pistons,,,False
2026-05-15,2026-05-15T15:24:09.787475+00:00,3064514,Julius Randle,MIN,pra,UNDER,27.5,-135,0.574468085106383,0.6159249117789627,0.8858323226275067,0.04145682667257966,0.07216558717078686,bovada,Bovada,2026-05-16T01:40:00Z,Minnesota Timberwolves,San Antonio Spurs,,,False
2026-05-15,2026-05-15T15:24:09.787475+00:00,5107199,Daniss Jenkins,DET,pra,OVER,15.5,-109,0.5215311004784688,0.5591422507357897,0.7579830595702,0.03761115025732087,0.07211679269522986,draftkings,DraftKings,2026-05-15T23:10:00Z,Cleveland Cavaliers,Detroit Pistons,,,False
2026-05-15,2026-05-15T15:24:09.787475+00:00,4065778,Max Strus,CLE,pra,OVER,15.5,-118,0.5412844036697247,0.5795098022264387,0.8009996562349574,0.03822539855671392,0.07061980411325108,fanduel,FanDuel,2026-05-15T23:10:00Z,Cleveland Cavaliers,Detroit Pistons,,,False
2026-05-15,2026-05-15T15:24:09.787475+00:00,4594268,Anthony Edwards,MIN,pts,UNDER,22.5,205,0.32786885245901637,0.6407052416941623,0.8126783148759161,0.31283638923514595,0.9541509871671949,bovada,Bovada,2026-05-16T01:40:00Z,Minnesota Timberwolves,San Antonio Spurs,,,False
2026-05-15,2026-05-15T15:24:09.787475+00:00,3908809,Donovan Mitchell,CLE,pts,UNDER,22.5,215,0.31746031746031744,0.5947569130560002,0.7105709179022226,0.27729659559568276,0.8734842761264006,bovada,Bovada,2026-05-15T23:10:00Z,Cleveland Cavaliers,Detroit Pistons,,,False
2026-05-15,2026-05-15T15:24:09.787475+00:00,5104157,Victor Wembanyama,SAS,pts,UNDER,22.5,185,0.3508771929824561,0.6509564334022455,0.835458740893879,0.3000792404197894,0.8552258351963997,bovada,Bovada,2026-05-16T01:40:00Z,Minnesota Timberwolves,San Antonio Spurs,,,False
2026-05-15,2026-05-15T15:24:09.787475+00:00,4594268,Anthony Edwards,MIN,pts,UNDER,23.5,165,0.37735849056603776,0.6567076092647448,0.8482391316994329,0.27934911869870704,0.7402751645515737,bovada,Bovada,2026-05-16T01:40:00Z,Minnesota Timberwolves,San Antonio Spurs,,,False
2026-05-15,2026-05-15T15:24:09.787475+00:00,3912848,Dean Wade,CLE,pts,OVER,4.5,185,0.3508771929824561,0.602360291134793,0.7274673136328731,0.2514830981523368,0.71672682973416,bovada,Bovada,2026-05-15T23:10:00Z,Cleveland Cavaliers,Detroit Pistons,,,False
2026-05-15,2026-05-15T15:24:09.787475+00:00,4592479,Julian Champagnie,SAS,pts,OVER,11.5,190,0.3448275862068966,0.5853822255978149,0.6897382791062554,0.24055463939091837,0.6976084542336634,bovada,Bovada,2026-05-16T01:40:00Z,Minnesota Timberwolves,San Antonio Spurs,,,False
2026-05-15,2026-05-15T15:24:09.787475+00:00,4432166,Cade Cunningham,DET,pts,UNDER,23.5,200,0.3333333333333333,0.559866323144389,0.6330362736541979,0.22653298981105568,0.679598969433167,bovada,Bovada,2026-05-15T23:10:00Z,Cleveland Cavaliers,Detroit Pistons,,,False
2026-05-15,2026-05-15T15:24:09.787475+00:00,5104157,Victor Wembanyama,SAS,pts,UNDER,23.5,150,0.4,0.666751012545076,0.8705578056557244,0.26675101254507594,0.66687753136269,bovada,Bovada,2026-05-16T01:40:00Z,Minnesota Timberwolves,San Antonio Spurs,,,False
2026-05-15,2026-05-15T15:24:09.787475+00:00,3908809,Donovan Mitchell,CLE,pts,UNDER,23.5,170,0.37037037037037035,0.6151191287343645,0.7558202860763654,0.24474875836399412,0.6608216475827839,bovada,Bovada,2026-05-15T23:10:00Z,Cleveland Cavaliers,Detroit Pistons,,,False
2026-05-15,2026-05-15T15:24:09.787475+00:00,4065778,Max Strus,CLE,pts,OVER,11.5,200,0.3333333333333333,0.55088007892162,0.6130668420480446,0.21754674558828674,0.6526402367648602,bovada,Bovada,2026-05-15T23:10:00Z,Cleveland Cavaliers,Detroit Pistons,,,False
2026-05-15,2026-05-15T15:24:09.787475+00:00,3157465,Duncan Robinson,DET,pts,OVER,13.5,190,0.3448275862068966,0.5676129424990722,0.6502509833312716,0.22278535629217566,0.6460775332473095,bovada,Bovada,2026-05-15T23:10:00Z,Cleveland Cavaliers,Detroit Pistons,,,False
2026-05-15,2026-05-15T15:24:09.787475+00:00,4594268,Anthony Edwards,MIN,pts,UNDER,24.5,135,0.425531914893617,0.6705508474564548,0.8790018832365663,0.24501893256283774,0.5757944915226688,bovada,Bovada,2026-05-16T01:40:00Z,Minnesota Timberwolves,San Antonio Spurs,,,False
2026-05-15,2026-05-15T15:24:09.787475+00:00,3195,Mike Conley,MIN,pts,OVER,4.5,180,0.35714285714285715,0.5548178232507577,0.6218173850016838,0.19767496610790053,0.5534899051021215,bovada,Bovada,2026-05-16T01:40:00Z,Minnesota Timberwolves,San Antonio Spurs,,,False
2026-05-15,2026-05-15T15:24:09.787475+00:00,3992,James Harden,CLE,pts,UNDER,16.5,185,0.3508771929824561,0.5430568126555096,0.5956818059011326,0.19217961967305353,0.5477119160682026,bovada,Bovada,2026-05-15T23:10:00Z,Cleveland Cavaliers,Detroit Pistons,,,False
2026-05-15,2026-05-15T15:24:09.787475+00:00,3064514,Julius Randle,MIN,pts,UNDER,13.5,165,0.37735849056603776,0.5803219052050357,0.6784931226778571,0.20296341463899792,0.5378530487933445,bovada,Bovada,2026-05-16T01:40:00Z,Minnesota Timberwolves,San Antonio Spurs,,,False
2026-05-15,2026-05-15T15:24:09.787475+00:00,4432166,Cade Cunningham,DET,pts,UNDER,24.5,165,0.37735849056603776,0.5802383394105262,0.6783074209122802,0.2028798488444884,0.5376315994378943,bovada,Bovada,2026-05-15T23:10:00Z,Cleveland Cavaliers,Detroit Pistons,,,False
2026-05-15,2026-05-15T15:24:09.787475+00:00,5104157,Victor Wembanyama,SAS,pts,UNDER,24.5,125,0.4444444444444444,0.6800433125806398,0.9000962501791994,0.23559886813619535,0.5300974533064395,bovada,Bovada,2026-05-16T01:40:00Z,Minnesota Timberwolves,San Antonio Spurs,,,False
2026-05-15,2026-05-15T15:24:09.787475+00:00,3908809,Donovan Mitchell,CLE,pts,UNDER,24.5,140,0.4166666666666667,0.6336289422424355,0.79695320498319,0.2169622755757688,0.5207094613818452,bovada,Bovada,2026-05-15T23:10:00Z,Cleveland Cavaliers,Detroit Pistons,,,False
2026-05-15,2026-05-15T15:24:09.787475+00:00,5107199,Daniss Jenkins,DET,pts,OVER,12.5,205,0.32786885245901637,0.49577854005206307,0.49061897789347353,0.1679096875930467,0.5121245471587923,bovada,Bovada,2026-05-15T23:10:00Z,Cleveland Cavaliers,Detroit Pistons,,,False
2026-05-15,2026-05-15T15:24:09.787475+00:00,4592479,Julian Champagnie,SAS,pts,OVER,10.5,145,0.40816326530612246,0.6088744790186043,0.7419432867080096,0.2007112137124818,0.49174247359558043,bovada,Bovada,2026-05-16T01:40:00Z,Minnesota Timberwolves,San Antonio Spurs,,,False
2026-05-15,2026-05-15T15:24:09.787475+00:00,3064560,Luke Kornet,SAS,pts,OVER,3.5,165,0.37735849056603776,0.5570754457049836,0.6268343237888523,0.1797169551389458,0.47624993111820646,bovada,Bovada,2026-05-16T01:40:00Z,Minnesota Timberwolves,San Antonio Spurs,,,False
2026-05-15,2026-05-15T15:24:09.787475+00:00,4395630,Devin Vassell,SAS,pts,OVER,15.5,205,0.32786885245901637,0.4817232355277339,0.45938496783940863,0.15385438306871752,0.4692558683595882,bovada,Bovada,2026-05-16T01:40:00Z,Minnesota Timberwolves,San Antonio Spurs,,,False
2026-05-15,2026-05-15T15:24:09.787475+00:00,4431671,Jaden McDaniels,MIN,pts,UNDER,13.5,175,0.36363636363636365,0.5285284201326982,0.5633964891837738,0.16489205649633454,0.45345315536492004,bovada,Bovada,2026-05-16T01:40:00Z,Minnesota Timberwolves,San Antonio Spurs,,,False
2026-05-15,2026-05-15T15:24:09.787475+00:00,3157465,Duncan Robinson,DET,pts,OVER,12.5,145,0.40816326530612246,0.590745712058677,0.7016571379081711,0.18258244675255453,0.44732699454375857,bovada,Bovada,2026-05-15T23:10:00Z,Cleveland Cavaliers,Detroit Pistons,,,False
2026-05-15,2026-05-15T15:24:09.787475+00:00,4065778,Max Strus,CLE,pts,OVER,10.5,150,0.4,0.5754722454502014,0.6677161010004475,0.17547224545020135,0.43868061362550337,bovada,Bovada,2026-05-15T23:10:00Z,Cleveland Cavaliers,Detroit Pistons,,,False
2026-05-15,2026-05-15T15:24:09.787475+00:00,4066757,Sam Merrill,CLE,pts,OVER,8.5,205,0.32786885245901637,0.4710234185320542,0.4356075967378983,0.14315456607303784,0.43662142652276525,bovada,Bovada,2026-05-15T23:10:00Z,Cleveland Cavaliers,Detroit Pistons,,,False
2026-05-15,2026-05-15T15:24:09.787475+00:00,3032979,Dennis Schroder,CLE,pts,OVER,8.5,190,0.3448275862068966,0.4948375790006194,0.4885279533347099,0.15000999279372285,0.4350289791017963,bovada,Bovada,2026-05-15T23:10:00Z,Cleveland Cavaliers,Detroit Pistons,,,False
2026-05-15,2026-05-15T15:24:09.787475+00:00,4594268,Anthony Edwards,MIN,pts,UNDER,25.5,110,0.47619047619047616,0.6822905967021289,0.9050902148936197,0.20610012051165272,0.43281025307447074,bovada,Bovada,2026-05-16T01:40:00Z,Minnesota Timberwolves,San Antonio Spurs,,,False
2026-05-15,2026-05-15T15:24:09.787475+00:00,5104157,Victor Wembanyama,SAS,pts,UNDER,25.5,105,0.4878048780487805,0.6909712075602275,0.92438046124495,0.20316632951144697,0.41649097549846625,bovada,Bovada,2026-05-16T01:40:00Z,Minnesota Timberwolves,San Antonio Spurs,,,False
2026-05-15,2026-05-15T15:24:09.787475+00:00,4432166,Cade Cunningham,DET,pts,UNDER,25.5,135,0.425531914893617,0.5994834710719791,0.7210743801599535,0.17395155617836205,0.4087861570191509,bovada,Bovada,2026-05-15T23:10:00Z,Cleveland Cavaliers,Detroit Pistons,,,False
2026-05-15,2026-05-15T15:24:09.787475+00:00,3908809,Donovan Mitchell,CLE,pts,UNDER,25.5,115,0.46511627906976744,0.6501385754899729,0.8336412788666065,0.18502229642020546,0.3977979373034417,bovada,Bovada,2026-05-15T23:10:00Z,Cleveland Cavaliers,Detroit Pistons,,,False
2026-05-15,2026-05-15T15:24:09.787475+00:00,3992,James Harden,CLE,pts,UNDER,17.5,145,0.40816326530612246,0.5704012515602439,0.6564472256894308,0.16223798625412145,0.39748306632259756,bovada,Bovada,2026-05-15T23:10:00Z,Cleveland Cavaliers,Detroit Pistons,,,False
2026-05-15,2026-05-15T15:24:09.787475+00:00,3912848,Dean Wade,CLE,pts,OVER,3.5,120,0.45454545454545453,0.6315163909816612,0.7922586466259138,0.1769709364362067,0.3893360601596547,draftkings,DraftKings,2026-05-15T23:10:00Z,Cleveland Cavaliers,Detroit Pistons,,,False
2026-05-15,2026-05-15T15:24:09.787475+00:00,3912848,Dean Wade,CLE,pts,OVER,3.5,120,0.45454545454545453,0.6315163909816612,0.7922586466259138,0.1769709364362067,0.3893360601596547,bovada,Bovada,2026-05-15T23:10:00Z,Cleveland Cavaliers,Detroit Pistons,,,False
2026-05-15,2026-05-15T15:24:09.787475+00:00,3912848,Dean Wade,CLE,pts,OVER,3.5,120,0.45454545454545453,0.6315163909816612,0.7922586466259138,0.1769709364362067,0.3893360601596547,betmgm,BetMGM,2026-05-15T23:10:00Z,Cleveland Cavaliers,Detroit Pistons,,,False
2026-05-15,2026-05-15T15:24:09.787475+00:00,2991043,Caris LeVert,DET,pts,OVER,8.5,170,0.37037037037037035,0.5085128099058941,0.5189173553464312,0.13814243953552374,0.37298458674591406,bovada,Bovada,2026-05-15T23:10:00Z,Cleveland Cavaliers,Detroit Pistons,,,False
2026-05-15,2026-05-15T15:24:09.787475+00:00,3064514,Julius Randle,MIN,pts,UNDER,14.5,125,0.4444444444444444,0.6074116297174155,0.7386925104831454,0.16296718527297105,0.3666761668641848,bovada,Bovada,2026-05-16T01:40:00Z,Minnesota Timberwolves,San Antonio Spurs,,,False
2026-05-15,2026-05-15T15:24:09.787475+00:00,4278562,Paul Reed Jr,DET,pts,UNDER,4.5,205,0.32786885245901637,0.444828822370492,0.3773973830455377,0.11695996991147561,0.35672790823000045,bovada,Bovada,2026-05-15T23:10:00Z,Cleveland Cavaliers,Detroit Pistons,,,False
2026-05-15,2026-05-15T15:24:09.787475+00:00,4433621,Jalen Duren,DET,pts,UNDER,7.5,215,0.31746031746031744,0.43004977253636806,0.3445550500808179,0.11258945507605062,0.3546567834895594,bovada,Bovada,2026-05-15T23:10:00Z,Cleveland Cavaliers,Detroit Pistons,,,False
2026-05-15,2026-05-15T15:24:09.787475+00:00,4594268,Anthony Edwards,MIN,pts,UNDER,26.5,-106,0.5145631067961165,0.6920505471811256,0.9267789937358347,0.17748744038500908,0.3449284218803007,draftkings,DraftKings,2026-05-16T01:40:00Z,Minnesota Timberwolves,San Antonio Spurs,,,False
2026-05-15,2026-05-15T15:24:09.787475+00:00,3908809,Donovan Mitchell,CLE,pts,UNDER,26.5,102,0.49504950495049505,0.6645873532957003,0.8657496739904452,0.16953784834520524,0.34246645365731465,williamhill_us,Caesars,2026-05-15T23:10:00Z,Cleveland Cavaliers,Detroit Pistons,,,False
2026-05-15,2026-05-15T15:24:09.787475+00:00,5107199,Daniss Jenkins,DET,pts,OVER,11.5,155,0.39215686274509803,0.5254238303400436,0.5564974007556525,0.13326696759494555,0.33983076736711115,bovada,Bovada,2026-05-15T23:10:00Z,Cleveland Cavaliers,Detroit Pistons,,,False
2026-05-15,2026-05-15T15:24:09.787475+00:00,5104157,Victor Wembanyama,SAS,pts,UNDER,26.5,-110,0.5238095238095238,0.6997476232269513,0.943883607171003,0.17593809941742744,0.3358818261605433,betmgm,BetMGM,2026-05-16T01:40:00Z,Minnesota Timberwolves,San Antonio Spurs,,,False
2026-05-15,2026-05-15T15:24:09.787475+00:00,3908809,Donovan Mitchell,CLE,pts,UNDER,26.5,100,0.5,0.6645873532957003,0.8657496739904452,0.1645873532957003,0.3291747065914006,betmgm,BetMGM,2026-05-15T23:10:00Z,Cleveland Cavaliers,Detroit Pistons,,,False
2026-05-15,2026-05-15T15:24:09.787475+00:00,3064560,Luke Kornet,SAS,pts,OVER,2.5,120,0.45454545454545453,0.6031189710114118,0.7291532689142484,0.14857351646595723,0.32686173622510584,betmgm,BetMGM,2026-05-16T01:40:00Z,Minnesota Timberwolves,San Antonio Spurs,,,False
2026-05-15,2026-05-15T15:24:09.787475+00:00,5104157,Victor Wembanyama,SAS,pts,UNDER,26.5,-112,0.5283018867924528,0.6997476232269513,0.943883607171003,0.17144573643449845,0.32452228682244355,fanduel,FanDuel,2026-05-16T01:40:00Z,Minnesota Timberwolves,San Antonio Spurs,,,False
2026-05-15,2026-05-15T15:24:09.787475+00:00,5104157,Victor Wembanyama,SAS,pts,UNDER,26.5,-112,0.5283018867924528,0.6997476232269513,0.943883607171003,0.17144573643449845,0.32452228682244355,williamhill_us,Caesars,2026-05-16T01:40:00Z,Minnesota Timberwolves,San Antonio Spurs,,,False
2026-05-15,2026-05-15T15:24:09.787475+00:00,4395630,Devin Vassell,SAS,pts,OVER,14.5,160,0.38461538461538464,0.5086917784769178,0.5193150632820397,0.12407639386153319,0.3225986240399864,bovada,Bovada,2026-05-16T01:40:00Z,Minnesota Timberwolves,San Antonio Spurs,,,False
2026-05-15,2026-05-15T15:24:09.787475+00:00,4594268,Anthony Edwards,MIN,pts,UNDER,26.5,-110,0.5238095238095238,0.6920505471811256,0.9267789937358347,0.16824102337160174,0.32118740825487613,bovada,Bovada,2026-05-16T01:40:00Z,Minnesota Timberwolves,San Antonio Spurs,,,False
2026-05-15,2026-05-15T15:24:09.787475+00:00,4594268,Anthony Edwards,MIN,pts,UNDER,26.5,-111,0.5260663507109005,0.6920505471811256,0.9267789937358347,0.1659841964702251,0.315519508605563,betonlineag,BetOnline.ag,2026-05-16T01:40:00Z,Minnesota Timberwolves,San Antonio Spurs,,,False
2026-05-15,2026-05-15T15:24:09.787475+00:00,4431671,Jaden McDaniels,MIN,pts,UNDER,14.5,135,0.425531914893617,0.5578323102015172,0.6285162448922605,0.13230039530790022,0.3109059289735656,bovada,Bovada,2026-05-16T01:40:00Z,Minnesota Timberwolves,San Antonio Spurs,,,False
2026-05-15,2026-05-15T15:24:09.787475+00:00,5037871,Dylan Harper,SAS,pts,OVER,13.5,165,0.37735849056603776,0.4943399372987236,0.4874220828860525,0.11698144673268585,0.3100008338416175,bovada,Bovada,2026-05-16T01:40:00Z,Minnesota Timberwolves,San Antonio Spurs,,,False
2026-05-15,2026-05-15T15:24:09.787475+00:00,5104157,Victor Wembanyama,SAS,pts,UNDER,26.5,-115,0.5348837209302325,0.6997476232269513,0.943883607171003,0.16486390229671877,0.3082238173373437,draftkings,DraftKings,2026-05-16T01:40:00Z,Minnesota Timberwolves,San Antonio Spurs,,,False
2026-05-15,2026-05-15T15:24:09.787475+00:00,4066328,Jarrett Allen,CLE,pts,UNDER,10.5,165,0.37735849056603776,0.49293118366663236,0.484291519259183,0.11557269310059459,0.30626763671657575,bovada,Bovada,2026-05-15T23:10:00Z,Cleveland Cavaliers,Detroit Pistons,,,False
2026-05-15,2026-05-15T15:24:09.787475+00:00,5104157,Victor Wembanyama,SAS,pts,UNDER,26.5,-116,0.5370370370370371,0.6997476232269513,0.943883607171003,0.16271058618991419,0.3029783329053575,betonlineag,BetOnline.ag,2026-05-16T01:40:00Z,Minnesota Timberwolves,San Antonio Spurs,,,False
2026-05-15,2026-05-15T15:24:09.787475+00:00,3908809,Donovan Mitchell,CLE,pts,UNDER,26.5,-105,0.5121951219512195,0.6645873532957003,0.8657496739904452,0.15239223134448077,0.29752768976779576,bovada,Bovada,2026-05-15T23:10:00Z,Cleveland Cavaliers,Detroit Pistons,,,False
2026-05-15,2026-05-15T15:24:09.787475+00:00,4432166,Cade Cunningham,DET,pts,UNDER,26.5,110,0.47619047619047616,0.6173911239483576,0.7608691643296834,0.14120064775788144,0.29652136029155096,bovada,Bovada,2026-05-15T23:10:00Z,Cleveland Cavaliers,Detroit Pistons,,,False
2026-05-15,2026-05-15T15:24:09.787475+00:00,4397002,Ayo Dosunmu,MIN,pts,UNDER,10.5,190,0.3448275862068966,0.4466905650979896,0.3815345891066435,0.10186297889109303,0.2954026387841697,bovada,Bovada,2026-05-16T01:40:00Z,Minnesota Timberwolves,San Antonio Spurs,,,False
2026-05-15,2026-05-15T15:24:09.787475+00:00,4592479,Julian Champagnie,SAS,pts,OVER,9.5,105,0.4878048780487805,0.6301320632484331,0.7891823627742958,0.1423271851996526,0.29177072965928785,bovada,Bovada,2026-05-16T01:40:00Z,Minnesota Timberwolves,San Antonio Spurs,,,False
2026-05-15,2026-05-15T15:24:09.787475+00:00,3908809,Donovan Mitchell,CLE,pts,UNDER,26.5,-106,0.5145631067961165,0.6645873532957003,0.8657496739904452,0.1500242464995838,0.29155655451805906,betonlineag,BetOnline.ag,2026-05-15T23:10:00Z,Cleveland Cavaliers,Detroit Pistons,,,False
2026-05-15,2026-05-15T15:24:09.787475+00:00,4432847,Terrence Shannon Jr.,MIN,pts,OVER,8.5,170,0.37037037037037035,0.4778338293392454,0.45074184297610087,0.10746345896887505,0.2901513392159626,bovada,Bovada,2026-05-16T01:40:00Z,Minnesota Timberwolves,San Antonio Spurs,,,False
2026-05-15,2026-05-15T15:24:09.787475+00:00,4066259,De'Aaron Fox,SAS,pts,UNDER,14.5,175,0.36363636363636365,0.4682721817503351,0.4294937372229668,0.10463581811397143,0.28774849981342143,bovada,Bovada,2026-05-16T01:40:00Z,Minnesota Timberwolves,San Antonio Spurs,,,False
2026-05-15,2026-05-15T15:24:09.787475+00:00,3157465,Duncan Robinson,DET,pts,OVER,11.5,110,0.47619047619047616,0.6121933626736031,0.749318583719118,0.13600288648312697,0.2856060616145666,bovada,Bovada,2026-05-15T23:10:00Z,Cleveland Cavaliers,Detroit Pistons,,,False
2026-05-15,2026-05-15T15:24:09.787475+00:00,5104157,Victor Wembanyama,SAS,pts,UNDER,26.5,-120,0.5454545454545454,0.6997476232269513,0.943883607171003,0.15429307777240586,0.2828706425827441,bovada,Bovada,2026-05-16T01:40:00Z,Minnesota Timberwolves,San Antonio Spurs,,,False
2026-05-15,2026-05-15T15:24:09.787475+00:00,3992,James Harden,CLE,pts,UNDER,18.5,115,0.46511627906976744,0.5960363965911963,0.7134142146471029,0.1309201175214289,0.28147825267107207,bovada,Bovada,2026-05-15T23:10:00Z,Cleveland Cavaliers,Detroit Pistons,,,False
2026-05-15,2026-05-15T15:24:09.787475+00:00,4066757,Sam Merrill,CLE,pts,OVER,7.5,150,0.4,0.5091866040261684,0.5204146756137076,0.10918660402616842,0.27296651006542116,bovada,Bovada,2026-05-15T23:10:00Z,Cleveland Cavaliers,Detroit Pistons,,,False
2026-05-15,2026-05-15T15:24:09.787475+00:00,3195,Mike Conley,MIN,pts,OVER,3.5,115,0.46511627906976744,0.5919731556201694,0.704384790267043,0.12685687655040195,0.27274228458336414,bovada,Bovada,2026-05-16T01:40:00Z,Minnesota Timberwolves,San Antonio Spurs,,,False
2026-05-15,2026-05-15T15:24:09.787475+00:00,4594268,Anthony Edwards,MIN,pts,UNDER,26.5,-120,0.5454545454545454,0.6920505471811256,0.9267789937358347,0.14659600172658016,0.2687593364987303,williamhill_us,Caesars,2026-05-16T01:40:00Z,Minnesota Timberwolves,San Antonio Spurs,,,False
2026-05-15,2026-05-15T15:24:09.787475+00:00,3064514,Julius Randle,MIN,pts,UNDER,15.5,100,0.5,0.6316280640785127,0.7925068090633615,0.13162806407851269,0.26325612815702537,bovada,Bovada,2026-05-16T01:40:00Z,Minnesota Timberwolves,San Antonio Spurs,,,False
2026-05-15,2026-05-15T15:24:09.787475+00:00,4432158,Evan Mobley,CLE,pts,UNDER,12.5,170,0.37037037037037035,0.4666096257663845,0.4257991683697433,0.09623925539601413,0.2598459895692381,bovada,Bovada,2026-05-15T23:10:00Z,Cleveland Cavaliers,Detroit Pistons,,,False
2026-05-15,2026-05-15T15:24:09.787475+00:00,4395723,Keldon Johnson,SAS,pts,OVER,11.5,180,0.35714285714285715,0.4490579170307914,0.38679537117953644,0.09191505988793425,0.2573621676862159,bovada,Bovada,2026-05-16T01:40:00Z,Minnesota Timberwolves,San Antonio Spurs,,,False
2026-05-15,2026-05-15T15:24:09.787475+00:00,4396971,Naz Reid,MIN,pts,UNDER,10.5,190,0.3448275862068966,0.43351889545688405,0.352264212126409,0.08869130924998747,0.25720479682496367,bovada,Bovada,2026-05-16T01:40:00Z,Minnesota Timberwolves,San Antonio Spurs,,,False
2026-05-15,2026-05-15T15:24:09.787475+00:00,4065778,Max Strus,CLE,pts,OVER,9.5,110,0.47619047619047616,0.5985554524425931,0.7190121165390959,0.12236497625211695,0.25696645012944563,bovada,Bovada,2026-05-15T23:10:00Z,Cleveland Cavaliers,Detroit Pistons,,,False
2026-05-15,2026-05-15T15:24:09.787475+00:00,4395723,Keldon Johnson,SAS,pts,UNDER,6.5,215,0.31746031746031744,0.3987084248537466,0.2749076107861035,0.08124810739342914,0.2559315382893017,bovada,Bovada,2026-05-16T01:40:00Z,Minnesota Timberwolves,San Antonio Spurs,,,False
2026-05-15,2026-05-15T15:24:09.787475+00:00,3908809,Donovan Mitchell,CLE,pts,UNDER,26.5,-114,0.5327102803738317,0.6645873532957003,0.8657496739904452,0.13187707292186857,0.24755871583578826,fanduel,FanDuel,2026-05-15T23:10:00Z,Cleveland Cavaliers,Detroit Pistons,,,False
2026-05-15,2026-05-15T15:24:09.787475+00:00,3032979,Dennis Schroder,CLE,pts,OVER,7.5,135,0.425531914893617,0.5305430112626205,0.5678733583613789,0.10501109636900346,0.24677607646715816,bovada,Bovada,2026-05-15T23:10:00Z,Cleveland Cavaliers,Detroit Pistons,,,False
2026-05-15,2026-05-15T15:24:09.787475+00:00,4594268,Anthony Edwards,MIN,pts,UNDER,26.5,-125,0.5555555555555556,0.6920505471811256,0.9267789937358347,0.13649499162557,0.24569098492602603,fanduel,FanDuel,2026-05-16T01:40:00Z,Minnesota Timberwolves,San Antonio Spurs,,,False
2026-05-15,2026-05-15T15:24:09.787475+00:00,4594268,Anthony Edwards,MIN,pts,UNDER,26.5,-125,0.5555555555555556,0.6920505471811256,0.9267789937358347,0.13649499162557,0.24569098492602603,betmgm,BetMGM,2026-05-16T01:40:00Z,Minnesota Timberwolves,San Antonio Spurs,,,False
2026-05-15,2026-05-15T15:24:09.787475+00:00,3032976,Rudy Gobert,MIN,pts,OVER,8.5,190,0.3448275862068966,0.4277743744801854,0.3394986099559676,0.08294678827328883,0.24054568599253767,bovada,Bovada,2026-05-16T01:40:00Z,Minnesota Timberwolves,San Antonio Spurs,,,False
2026-05-15,2026-05-15T15:24:09.787475+00:00,4684742,Ausar Thompson,DET,pts,OVER,11.5,200,0.3333333333333333,0.4133022604258697,0.30733835650193264,0.07996892709253639,0.23990678127760912,bovada,Bovada,2026-05-15T23:10:00Z,Cleveland Cavaliers,Detroit Pistons,,,False
2026-05-15,2026-05-15T15:24:09.787475+00:00,4594268,Anthony Edwards,MIN,pts,UNDER,27.5,-130,0.5652173913043478,0.7000048857459913,0.9444553016577584,0.1347874944416435,0.2384701824736769,bovada,Bovada,2026-05-16T01:40:00Z,Minnesota Timberwolves,San Antonio Spurs,,,False
2026-05-15,2026-05-15T15:24:09.787475+00:00,3908809,Donovan Mitchell,CLE,pts,UNDER,27.5,-121,0.5475113122171946,0.6769948180781395,0.8933218179514211,0.12948350586094493,0.23649466772949457,draftkings,DraftKings,2026-05-15T23:10:00Z,Cleveland Cavaliers,Detroit Pistons,,,False
2026-05-15,2026-05-15T15:24:09.787475+00:00,4592479,Julian Champagnie,SAS,pts,OVER,9.5,-105,0.5121951219512195,0.6301320632484331,0.7891823627742958,0.11793694129721355,0.23025783777075026,betmgm,BetMGM,2026-05-16T01:40:00Z,Minnesota Timberwolves,San Antonio Spurs,,,False
2026-05-15,2026-05-15T15:24:09.787475+00:00,2991043,Caris LeVert,DET,pts,OVER,7.5,125,0.4444444444444444,0.5450582023689705,0.6001293385977123,0.10061375792452609,0.22638095533018365,bovada,Bovada,2026-05-15T23:10:00Z,Cleveland Cavaliers,Detroit Pistons,,,False
2026-05-15,2026-05-15T15:24:09.787475+00:00,3157465,Duncan Robinson,DET,pts,OVER,11.5,100,0.5,0.6121933626736031,0.749318583719118,0.11219336267360314,0.22438672534720627,betmgm,BetMGM,2026-05-15T23:10:00Z,Cleveland Cavaliers,Detroit Pistons,,,False
2026-05-15,2026-05-15T15:24:09.787475+00:00,5107199,Daniss Jenkins,DET,pts,OVER,10.5,120,0.45454545454545453,0.5543811708813748,0.6208470464030553,0.09983571633592031,0.21963857593902458,bovada,Bovada,2026-05-15T23:10:00Z,Cleveland Cavaliers,Detroit Pistons,,,False
2026-05-15,2026-05-15T15:24:09.787475+00:00,3908809,Donovan Mitchell,CLE,pts,UNDER,27.5,-125,0.5555555555555556,0.6769948180781395,0.8933218179514211,0.12143926252258397,0.21859067254065123,bovada,Bovada,2026-05-15T23:10:00Z,Cleveland Cavaliers,Detroit Pistons,,,False
2026-05-15,2026-05-15T15:24:09.787475+00:00,3064560,Luke Kornet,SAS,pts,OVER,2.5,102,0.49504950495049505,0.6031189710114118,0.7291532689142484,0.10806946606091672,0.21830032144305178,fanduel,FanDuel,2026-05-16T01:40:00Z,Minnesota Timberwolves,San Antonio Spurs,,,False
2026-05-15,2026-05-15T15:24:09.787475+00:00,4396971,Naz Reid,MIN,pts,OVER,16.5,200,0.3333333333333333,0.4056337191934743,0.29029715376327625,0.07230038586014098,0.21690115758042283,bovada,Bovada,2026-05-16T01:40:00Z,Minnesota Timberwolves,San Antonio Spurs,,,False
2026-05-15,2026-05-15T15:24:09.787475+00:00,4684742,Ausar Thompson,DET,pts,UNDER,6.5,190,0.3448275862068966,0.4188834643936404,0.31974103198586756,0.0740558781867438,0.21476204674155697,bovada,Bovada,2026-05-15T23:10:00Z,Cleveland Cavaliers,Detroit Pistons,,,False
2026-05-15,2026-05-15T15:24:09.787475+00:00,3157465,Duncan Robinson,DET,ra,OVER,5.5,200,0.3333333333333333,0.40469303491226444,0.6576956132375658,0.07135970157893112,0.21407910473679326,bovada,Bovada,2026-05-15T23:10:00Z,Cleveland Cavaliers,Detroit Pistons,,,False
2026-05-15,2026-05-15T15:24:09.787475+00:00,4594268,Anthony Edwards,MIN,ra,UNDER,8.5,175,0.36363636363636365,0.439343299400533,0.7077587989280426,0.07570693576416937,0.2081940733514659,bovada,Bovada,2026-05-16T01:40:00Z,Minnesota Timberwolves,San Antonio Spurs,,,False
2026-05-15,2026-05-15T15:24:09.787475+00:00,4432166,Cade Cunningham,DET,ra,UNDER,12.5,155,0.39215686274509803,0.47167975051636746,0.7536245344326863,0.07952288777126942,0.202783363816737,bovada,Bovada,2026-05-15T23:10:00Z,Cleveland Cavaliers,Detroit Pistons,,,False
2026-05-15,2026-05-15T15:24:09.787475+00:00,5104157,Victor Wembanyama,SAS,ra,UNDER,15.5,130,0.43478260869565216,0.5223836837757347,0.8329693136051186,0.08760107508008258,0.20148247268418995,bovada,Bovada,2026-05-16T01:40:00Z,Minnesota Timberwolves,San Antonio Spurs,,,False
2026-05-15,2026-05-15T15:24:09.787475+00:00,4594268,Anthony Edwards,MIN,ra,UNDER,9.5,115,0.46511627906976744,0.5450003939767126,0.8282258922831546,0.07988411490694519,0.17175084704993215,bovada,Bovada,2026-05-16T01:40:00Z,Minnesota Timberwolves,San Antonio Spurs,,,False
2026-05-15,2026-05-15T15:24:09.787475+00:00,5107199,Daniss Jenkins,DET,ra,OVER,6.5,145,0.40816326530612246,0.4726819936852611,0.7014302124840253,0.06451872837913863,0.15807088452888962,bovada,Bovada,2026-05-15T23:10:00Z,Cleveland Cavaliers,Detroit Pistons,,,False
2026-05-15,2026-05-15T15:24:09.787475+00:00,4432166,Cade Cunningham,DET,ra,UNDER,13.5,105,0.4878048780487805,0.564762635987637,0.8376128686799467,0.07695775793885651,0.1577634037746558,bovada,Bovada,2026-05-15T23:10:00Z,Cleveland Cavaliers,Detroit Pistons,,,False
2026-05-15,2026-05-15T15:24:09.787475+00:00,4432166,Cade Cunningham,DET,ra,UNDER,13.5,105,0.4878048780487805,0.564762635987637,0.8376128686799467,0.07695775793885651,0.1577634037746558,betmgm,BetMGM,2026-05-15T23:10:00Z,Cleveland Cavaliers,Detroit Pistons,,,False
2026-05-15,2026-05-15T15:24:09.787475+00:00,5104157,Victor Wembanyama,SAS,ra,UNDER,16.5,-110,0.5238095238095238,0.6061039917348067,0.8978752871062639,0.08229446792528283,0.1571076205846309,draftkings,DraftKings,2026-05-16T01:40:00Z,Minnesota Timberwolves,San Antonio Spurs,,,False
2026-05-15,2026-05-15T15:24:09.787475+00:00,5104157,Victor Wembanyama,SAS,ra,UNDER,16.5,-110,0.5238095238095238,0.6061039917348067,0.8978752871062639,0.08229446792528283,0.1571076205846309,bovada,Bovada,2026-05-16T01:40:00Z,Minnesota Timberwolves,San Antonio Spurs,,,False
2026-05-15,2026-05-15T15:24:09.787475+00:00,4594268,Anthony Edwards,MIN,ra,UNDER,9.5,106,0.4854368932038835,0.5608504730013232,0.8282258922831546,0.07541357979743968,0.15535197438272574,fanduel,FanDuel,2026-05-16T01:40:00Z,Minnesota Timberwolves,San Antonio Spurs,,,False
2026-05-15,2026-05-15T15:24:09.787475+00:00,4845367,Stephon Castle,SAS,ra,UNDER,10.5,165,0.37735849056603776,0.4359770213022081,0.6438063575486304,0.05861853073617035,0.15533910645085136,bovada,Bovada,2026-05-16T01:40:00Z,Minnesota Timberwolves,San Antonio Spurs,,,False
2026-05-15,2026-05-15T15:24:09.787475+00:00,5104157,Victor Wembanyama,SAS,ra,UNDER,16.5,-115,0.5348837209302325,0.6147418654889594,0.8978752871062639,0.07985814455872686,0.1493000093924023,betmgm,BetMGM,2026-05-16T01:40:00Z,Minnesota Timberwolves,San Antonio Spurs,,,False
2026-05-15,2026-05-15T15:24:09.787475+00:00,4594268,Anthony Edwards,MIN,ra,UNDER,9.5,100,0.5,0.572209696302294,0.8282258922831546,0.07220969630229401,0.14441939260458803,betmgm,BetMGM,2026-05-16T01:40:00Z,Minnesota Timberwolves,San Antonio Spurs,,,False
2026-05-15,2026-05-15T15:24:09.787475+00:00,3157465,Duncan Robinson,DET,ra,OVER,4.5,110,0.47619047619047616,0.5449032516525127,0.7885212737451877,0.06871277546203658,0.1442968284702768,draftkings,DraftKings,2026-05-15T23:10:00Z,Cleveland Cavaliers,Detroit Pistons,,,False
2026-05-15,2026-05-15T15:24:09.787475+00:00,3157465,Duncan Robinson,DET,ra,OVER,4.5,110,0.47619047619047616,0.5449032516525127,0.7885212737451877,0.06871277546203658,0.1442968284702768,bovada,Bovada,2026-05-15T23:10:00Z,Cleveland Cavaliers,Detroit Pistons,,,False
2026-05-15,2026-05-15T15:24:09.787475+00:00,4065778,Max Strus,CLE,ra,OVER,7.5,165,0.37735849056603776,0.43039290953413534,0.6184240313301176,0.053034418968097574,0.14054121026545863,bovada,Bovada,2026-05-15T23:10:00Z,Cleveland Cavaliers,Detroit Pistons,,,False
2026-05-15,2026-05-15T15:24:09.787475+00:00,5104157,Victor Wembanyama,SAS,ra,UNDER,16.5,-122,0.5495495495495496,0.6261812118120267,0.8978752871062639,0.07663166226247708,0.1394445001825404,fanduel,FanDuel,2026-05-16T01:40:00Z,Minnesota Timberwolves,San Antonio Spurs,,,False
2026-05-15,2026-05-15T15:24:09.787475+00:00,4432166,Cade Cunningham,DET,ra,UNDER,14.5,-130,0.5652173913043478,0.6389427206755103,0.9003325248096317,0.0737253293711625,0.13043712119513362,fanduel,FanDuel,2026-05-15T23:10:00Z,Cleveland Cavaliers,Detroit Pistons,,,False
2026-05-15,2026-05-15T15:24:09.787475+00:00,4397002,Ayo Dosunmu,MIN,ra,UNDER,6.5,185,0.3508771929824561,0.3963434909632317,0.5575421838041633,0.04546629798077556,0.1295789492452104,bovada,Bovada,2026-05-16T01:40:00Z,Minnesota Timberwolves,San Antonio Spurs,,,False
2026-05-15,2026-05-15T15:24:09.787475+00:00,4594268,Anthony Edwards,MIN,ra,UNDER,10.5,-135,0.574468085106383,0.648525217244728,0.9110914130079513,0.07405713213834497,0.12891426705563763,bovada,Bovada,2026-05-16T01:40:00Z,Minnesota Timberwolves,San Antonio Spurs,,,False
2026-05-15,2026-05-15T15:24:09.787475+00:00,4432166,Cade Cunningham,DET,ra,UNDER,14.5,-134,0.5726495726495726,0.6447398221247856,0.9003325248096317,0.07209024947521303,0.12588894311343168,draftkings,DraftKings,2026-05-15T23:10:00Z,Cleveland Cavaliers,Detroit Pistons,,,False
2026-05-15,2026-05-15T15:24:09.787475+00:00,3032976,Rudy Gobert,MIN,ra,UNDER,8.5,185,0.3508771929824561,0.3949048583892179,0.5510029448313734,0.044027665406761785,0.12547884640927098,bovada,Bovada,2026-05-16T01:40:00Z,Minnesota Timberwolves,San Antonio Spurs,,,False
2026-05-15,2026-05-15T15:24:09.787475+00:00,5104157,Victor Wembanyama,SAS,ra,UNDER,17.5,-150,0.6,0.6752737162430028,0.942153255650013,0.07527371624300283,0.125456193738338,bovada,Bovada,2026-05-16T01:40:00Z,Minnesota Timberwolves,San Antonio Spurs,,,False
2026-05-15,2026-05-15T15:24:09.787475+00:00,4432166,Cade Cunningham,DET,ra,UNDER,14.5,-135,0.574468085106383,0.6461582618410977,0.9003325248096317,0.07169017673471467,0.12479401135302193,bovada,Bovada,2026-05-15T23:10:00Z,Cleveland Cavaliers,Detroit Pistons,,,False
2026-05-15,2026-05-15T15:24:09.787475+00:00,4594268,Anthony Edwards,MIN,ra,UNDER,10.5,-139,0.5815899581589958,0.654080278225766,0.9110914130079513,0.07249032006677014,0.12464162946732421,draftkings,DraftKings,2026-05-16T01:40:00Z,Minnesota Timberwolves,San Antonio Spurs,,,False
2026-05-15,2026-05-15T15:24:09.787475+00:00,4845367,Stephon Castle,SAS,ra,UNDER,11.5,105,0.4878048780487805,0.5471860492836863,0.757719292752898,0.05938117123490583,0.121731401031557,bovada,Bovada,2026-05-16T01:40:00Z,Minnesota Timberwolves,San Antonio Spurs,,,False
2026-05-15,2026-05-15T15:24:09.787475+00:00,4592479,Julian Champagnie,SAS,ra,OVER,7.5,150,0.4,0.44788868094726075,0.6176758224875487,0.04788868094726073,0.11972170236815194,bovada,Bovada,2026-05-16T01:40:00Z,Minnesota Timberwolves,San Antonio Spurs,,,False
2026-05-15,2026-05-15T15:24:09.787475+00:00,4845367,Stephon Castle,SAS,ra,UNDER,11.5,103,0.49261083743842365,0.550934697607608,0.757719292752898,0.058323860169184394,0.11839743614344433,draftkings,DraftKings,2026-05-16T01:40:00Z,Minnesota Timberwolves,San Antonio Spurs,,,False
2026-05-15,2026-05-15T15:24:09.787475+00:00,3032976,Rudy Gobert,MIN,ra,UNDER,9.5,120,0.45454545454545453,0.5064016140497337,0.6902552704739964,0.05185615950427919,0.11408355090941413,bovada,Bovada,2026-05-16T01:40:00Z,Minnesota Timberwolves,San Antonio Spurs,,,False
2026-05-15,2026-05-15T15:24:09.787475+00:00,5107199,Daniss Jenkins,DET,ra,OVER,5.5,-120,0.5454545454545454,0.6041430514082161,0.812220481607594,0.0586885059536707,0.10759559424839626,bovada,Bovada,2026-05-15T23:10:00Z,Cleveland Cavaliers,Detroit Pistons,,,False
2026-05-15,2026-05-15T15:24:09.787475+00:00,4397002,Ayo Dosunmu,MIN,ra,UNDER,7.5,110,0.47619047619047616,0.5271316509815053,0.707741270695154,0.05094117479102911,0.10697646706116115,bovada,Bovada,2026-05-16T01:40:00Z,Minnesota Timberwolves,San Antonio Spurs,,,False
2026-05-15,2026-05-15T15:24:09.787475+00:00,4065778,Max Strus,CLE,ra,OVER,6.5,100,0.5,0.5530549921875088,0.7411590553977672,0.053054992187508754,0.10610998437501751,draftkings,DraftKings,2026-05-15T23:10:00Z,Cleveland Cavaliers,Detroit Pistons,,,False
2026-05-15,2026-05-15T15:24:09.787475+00:00,4065778,Max Strus,CLE,ra,OVER,6.5,100,0.5,0.5530549921875088,0.7411590553977672,0.053054992187508754,0.10610998437501751,bovada,Bovada,2026-05-15T23:10:00Z,Cleveland Cavaliers,Detroit Pistons,,,False
2026-05-15,2026-05-15T15:24:09.787475+00:00,4397002,Ayo Dosunmu,MIN,ra,UNDER,7.5,109,0.4784688995215311,0.5289088211797282,0.707741270695154,0.05043992165819705,0.10541943626563188,draftkings,DraftKings,2026-05-16T01:40:00Z,Minnesota Timberwolves,San Antonio Spurs,,,False
2026-05-15,2026-05-15T15:24:09.787475+00:00,3032976,Rudy Gobert,MIN,ra,UNDER,10.5,-120,0.5454545454545454,0.6028773994693654,0.8064675182491816,0.057422854014819946,0.10527523236050318,betmgm,BetMGM,2026-05-16T01:40:00Z,Minnesota Timberwolves,San Antonio Spurs,,,False
2026-05-15,2026-05-15T15:24:09.787475+00:00,5107199,Daniss Jenkins,DET,ra,OVER,5.5,-122,0.5495495495495496,0.6073371546023194,0.812220481607594,0.05778760505276981,0.10515449444028613,draftkings,DraftKings,2026-05-15T23:10:00Z,Cleveland Cavaliers,Detroit Pistons,,,False
2026-05-15,2026-05-15T15:24:09.787475+00:00,4845367,Stephon Castle,SAS,ra,UNDER,12.5,-135,0.574468085106383,0.6347187792464954,0.8483348766523484,0.060250694140112415,0.10488083794760317,bovada,Bovada,2026-05-16T01:40:00Z,Minnesota Timberwolves,San Antonio Spurs,,,False
2026-05-15,2026-05-15T15:24:09.787475+00:00,4395630,Devin Vassell,SAS,ra,OVER,7.5,145,0.40816326530612246,0.4506099592391767,0.6011027831836415,0.042446693933054225,0.10399440013598282,bovada,Bovada,2026-05-16T01:40:00Z,Minnesota Timberwolves,San Antonio Spurs,,,False
2026-05-15,2026-05-15T15:24:09.787475+00:00,4845367,Stephon Castle,SAS,ra,UNDER,11.5,-108,0.5192307692307693,0.5716982444056375,0.757719292752898,0.05246747517486827,0.10104847070715384,fanduel,FanDuel,2026-05-16T01:40:00Z,Minnesota Timberwolves,San Antonio Spurs,,,False
2026-05-15,2026-05-15T15:24:09.787475+00:00,3912848,Dean Wade,CLE,ra,OVER,4.5,125,0.4444444444444444,0.48828636513084533,0.6437259021099031,0.043841920686400915,0.09864432154440195,bovada,Bovada,2026-05-15T23:10:00Z,Cleveland Cavaliers,Detroit Pistons,,,False
2026-05-15,2026-05-15T15:24:09.787475+00:00,3032976,Rudy Gobert,MIN,ra,UNDER,10.5,-128,0.5614035087719298,0.6153175908569252,0.8064675182491816,0.053914082084995374,0.09603445871389793,draftkings,DraftKings,2026-05-16T01:40:00Z,Minnesota Timberwolves,San Antonio Spurs,,,False
2026-05-15,2026-05-15T15:24:09.787475+00:00,3912848,Dean Wade,CLE,ra,OVER,4.5,123,0.4484304932735426,0.4913954832175419,0.6437259021099031,0.04296498994399928,0.09581192757511847,draftkings,DraftKings,2026-05-15T23:10:00Z,Cleveland Cavaliers,Detroit Pistons,,,False
2026-05-15,2026-05-15T15:24:09.787475+00:00,4395630,Devin Vassell,SAS,ra,OVER,6.5,-105,0.5121951219512195,0.5606430227051576,0.7324128526509381,0.04844790075393812,0.09458875861483151,betmgm,BetMGM,2026-05-16T01:40:00Z,Minnesota Timberwolves,San Antonio Spurs,,,False
2026-05-15,2026-05-15T15:24:09.787475+00:00,3032976,Rudy Gobert,MIN,ra,UNDER,10.5,-130,0.5652173913043478,0.6182924192322112,0.8064675182491816,0.05307502792786345,0.09390197248775833,fanduel,FanDuel,2026-05-16T01:40:00Z,Minnesota Timberwolves,San Antonio Spurs,,,False
2026-05-15,2026-05-15T15:24:09.787475+00:00,3032976,Rudy Gobert,MIN,ra,UNDER,10.5,-130,0.5652173913043478,0.6182924192322112,0.8064675182491816,0.05307502792786345,0.09390197248775833,bovada,Bovada,2026-05-16T01:40:00Z,Minnesota Timberwolves,San Antonio Spurs,,,False
2026-05-15,2026-05-15T15:24:09.787475+00:00,4845367,Stephon Castle,SAS,ra,UNDER,11.5,-115,0.5348837209302325,0.5839075467312189,0.757719292752898,0.04902382580098641,0.09165323954097448,betmgm,BetMGM,2026-05-16T01:40:00Z,Minnesota Timberwolves,San Antonio Spurs,,,False
2026-05-15,2026-05-15T15:24:09.787475+00:00,4592479,Julian Champagnie,SAS,ra,OVER,6.5,-110,0.5238095238095238,0.5713261329298893,0.7397941107202759,0.04751660912036548,0.09071352650251596,draftkings,DraftKings,2026-05-16T01:40:00Z,Minnesota Timberwolves,San Antonio Spurs,,,False
2026-05-15,2026-05-15T15:24:09.787475+00:00,4592479,Julian Champagnie,SAS,ra,OVER,6.5,-110,0.5238095238095238,0.5713261329298893,0.7397941107202759,0.04751660912036548,0.09071352650251596,bovada,Bovada,2026-05-16T01:40:00Z,Minnesota Timberwolves,San Antonio Spurs,,,False
2026-05-15,2026-05-15T15:24:09.787475+00:00,4395630,Devin Vassell,SAS,ra,OVER,6.5,-108,0.5192307692307693,0.5661308275832064,0.7324128526509381,0.04690005835243716,0.09032603830839758,fanduel,FanDuel,2026-05-16T01:40:00Z,Minnesota Timberwolves,San Antonio Spurs,,,False
2026-05-15,2026-05-15T15:24:09.787475+00:00,3064514,Julius Randle,MIN,ra,UNDER,8.5,165,0.37735849056603776,0.4111881531336157,0.5311296840550284,0.03382966256757791,0.08964860580408152,bovada,Bovada,2026-05-16T01:40:00Z,Minnesota Timberwolves,San Antonio Spurs,,,False
2026-05-15,2026-05-15T15:24:09.787475+00:00,4397002,Ayo Dosunmu,MIN,ra,UNDER,7.5,-102,0.504950495049505,0.5495644656915477,0.707741270695154,0.044613970642042755,0.08835315754600626,fanduel,FanDuel,2026-05-16T01:40:00Z,Minnesota Timberwolves,San Antonio Spurs,,,False
2026-05-15,2026-05-15T15:24:09.787475+00:00,4397002,Ayo Dosunmu,MIN,ra,UNDER,8.5,-145,0.5918367346938775,0.6439362930833654,0.8286529091915499,0.05209955838948788,0.08803028831327264,bovada,Bovada,2026-05-16T01:40:00Z,Minnesota Timberwolves,San Antonio Spurs,,,False
2026-05-15,2026-05-15T15:24:09.787475+00:00,3912848,Dean Wade,CLE,ra,OVER,4.5,115,0.46511627906976744,0.5044103961385973,0.6437259021099031,0.03929411706882985,0.08448235169798413,betmgm,BetMGM,2026-05-15T23:10:00Z,Cleveland Cavaliers,Detroit Pistons,,,False
2026-05-15,2026-05-15T15:24:09.787475+00:00,4592479,Julian Champagnie,SAS,ra,OVER,6.5,-115,0.5348837209302325,0.579964006684042,0.7397941107202759,0.04508028575380951,0.08428053423538284,betmgm,BetMGM,2026-05-16T01:40:00Z,Minnesota Timberwolves,San Antonio Spurs,,,False
2026-05-15,2026-05-15T15:24:09.787475+00:00,3157465,Duncan Robinson,DET,ra,OVER,3.5,-180,0.6428571428571429,0.6959599599298057,0.8842335840965193,0.053102817072662845,0.08260438211303117,bovada,Bovada,2026-05-15T23:10:00Z,Cleveland Cavaliers,Detroit Pistons,,,False
2026-05-15,2026-05-15T15:24:09.787475+00:00,4395630,Devin Vassell,SAS,ra,OVER,6.5,-114,0.5327102803738317,0.5766448462747952,0.7324128526509381,0.04393456590096345,0.08247365879654533,draftkings,DraftKings,2026-05-16T01:40:00Z,Minnesota Timberwolves,San Antonio Spurs,,,False
2026-05-15,2026-05-15T15:24:09.787475+00:00,4396971,Naz Reid,MIN,ra,UNDER,7.5,200,0.3333333333333333,0.3606650160753286,0.45756825488785724,0.027331682741995267,0.0819950482259858,bovada,Bovada,2026-05-16T01:40:00Z,Minnesota Timberwolves,San Antonio Spurs,,,False
2026-05-15,2026-05-15T15:24:09.787475+00:00,4395630,Devin Vassell,SAS,ra,OVER,6.5,-115,0.5348837209302325,0.5783401299087878,0.7324128526509381,0.043456408978555294,0.081244590699038,bovada,Bovada,2026-05-16T01:40:00Z,Minnesota Timberwolves,San Antonio Spurs,,,False
2026-05-15,2026-05-15T15:24:09.787475+00:00,3992,James Harden,CLE,ra,UNDER,9.5,190,0.3448275862068966,0.3719147691233083,0.46795114491785883,0.02708718291641171,0.07855283045759398,bovada,Bovada,2026-05-15T23:10:00Z,Cleveland Cavaliers,Detroit Pistons,,,False
2026-05-15,2026-05-15T15:24:09.787475+00:00,3064514,Julius Randle,MIN,ra,UNDER,9.5,105,0.4878048780487805,0.526110916119218,0.6619232329144057,0.03830603807043753,0.07852737804439691,bovada,Bovada,2026-05-16T01:40:00Z,Minnesota Timberwolves,San Antonio Spurs,,,False
2026-05-15,2026-05-15T15:24:09.787475+00:00,3992,James Harden,CLE,ra,UNDER,10.5,125,0.4444444444444444,0.4787788079422982,0.6005097330710526,0.03433436349785379,0.07725231787017095,bovada,Bovada,2026-05-15T23:10:00Z,Cleveland Cavaliers,Detroit Pistons,,,False
2026-05-15,2026-05-15T15:24:09.787475+00:00,4397002,Ayo Dosunmu,MIN,ra,UNDER,7.5,-110,0.5238095238095238,0.5642745081243625,0.707741270695154,0.04046498431483869,0.0772513336919648,betmgm,BetMGM,2026-05-16T01:40:00Z,Minnesota Timberwolves,San Antonio Spurs,,,False
2026-05-15,2026-05-15T15:24:09.787475+00:00,3064514,Julius Randle,MIN,ra,UNDER,10.5,-135,0.574468085106383,0.6187110733359888,0.7755725770591368,0.04424298822960582,0.077015572103388,betmgm,BetMGM,2026-05-16T01:40:00Z,Minnesota Timberwolves,San Antonio Spurs,,,False
2026-05-15,2026-05-15T15:24:09.787475+00:00,4396971,Naz Reid,MIN,ra,UNDER,8.5,125,0.4444444444444444,0.4784695202502072,0.5991038799251844,0.034025075805762806,0.07655642056296619,bovada,Bovada,2026-05-16T01:40:00Z,Minnesota Timberwolves,San Antonio Spurs,,,False
2026-05-15,2026-05-15T15:24:09.787475+00:00,4396971,Naz Reid,MIN,ra,UNDER,9.5,-118,0.5412844036697247,0.5824963360162015,0.7286113688809831,0.0412119323464768,0.07613729874179603,fanduel,FanDuel,2026-05-16T01:40:00Z,Minnesota Timberwolves,San Antonio Spurs,,,False
2026-05-15,2026-05-15T15:24:09.787475+00:00,3064514,Julius Randle,MIN,ra,UNDER,10.5,-136,0.576271186440678,0.620117492376739,0.7755725770591368,0.04384630593606098,0.07608623677140003,fanduel,FanDuel,2026-05-16T01:40:00Z,Minnesota Timberwolves,San Antonio Spurs,,,False
2026-05-15,2026-05-15T15:24:09.787475+00:00,3992,James Harden,CLE,ra,UNDER,11.5,-118,0.5412844036697247,0.5811127683136984,0.7223224247786959,0.03982836464397366,0.0735812160371716,betmgm,BetMGM,2026-05-15T23:10:00Z,Cleveland Cavaliers,Detroit Pistons,,,False
2026-05-15,2026-05-15T15:24:09.787475+00:00,3064514,Julius Randle,MIN,ra,UNDER,10.5,-139,0.5815899581589958,0.6242661343170268,0.7755725770591368,0.04267617615803099,0.0733784611638087,draftkings,DraftKings,2026-05-16T01:40:00Z,Minnesota Timberwolves,San Antonio Spurs,,,False
2026-05-15,2026-05-15T15:24:09.787475+00:00,4396971,Naz Reid,MIN,ra,UNDER,9.5,-125,0.5555555555555556,0.5936278344871496,0.7286113688809831,0.03807227893159404,0.06853010207686933,bovada,Bovada,2026-05-16T01:40:00Z,Minnesota Timberwolves,San Antonio Spurs,,,False
2026-05-15,2026-05-15T15:24:09.787475+00:00,3064514,Julius Randle,MIN,ra,UNDER,10.5,-145,0.5918367346938775,0.6322586200142346,0.7755725770591368,0.040421885320357065,0.06829904761025851,bovada,Bovada,2026-05-16T01:40:00Z,Minnesota Timberwolves,San Antonio Spurs,,,False
2026-05-15,2026-05-15T15:24:09.787475+00:00,3992,James Harden,CLE,ra,UNDER,11.5,-123,0.5515695067264574,0.5891351486979499,0.7223224247786959,0.03756564197149248,0.06810681430603927,draftkings,DraftKings,2026-05-15T23:10:00Z,Cleveland Cavaliers,Detroit Pistons,,,False
2026-05-15,2026-05-15T15:24:09.787475+00:00,4065778,Max Strus,CLE,ra,OVER,5.5,-180,0.6428571428571429,0.6861237277957445,0.8395234380326047,0.04326658493860158,0.0673035765711581,bovada,Bovada,2026-05-15T23:10:00Z,Cleveland Cavaliers,Detroit Pistons,,,False
2026-05-15,2026-05-15T15:24:09.787475+00:00,5037871,Dylan Harper,SAS,ra,OVER,7.5,114,0.4672897196261682,0.4983708471542054,0.608567572026337,0.031081127528037156,0.06651361290999946,fanduel,FanDuel,2026-05-16T01:40:00Z,Minnesota Timberwolves,San Antonio Spurs,,,False
2026-05-15,2026-05-15T15:24:09.787475+00:00,4396971,Naz Reid,MIN,ra,UNDER,9.5,-127,0.5594713656387665,0.5966821663520542,0.7286113688809831,0.03721080071328764,0.06651064379461658,draftkings,DraftKings,2026-05-16T01:40:00Z,Minnesota Timberwolves,San Antonio Spurs,,,False
2026-05-15,2026-05-15T15:24:09.787475+00:00,3992,James Harden,CLE,ra,UNDER,11.5,-125,0.5555555555555556,0.5922442667846465,0.7223224247786959,0.0366887112290909,0.06603968021236367,bovada,Bovada,2026-05-15T23:10:00Z,Cleveland Cavaliers,Detroit Pistons,,,False
2026-05-15,2026-05-15T15:24:09.787475+00:00,5107199,Daniss Jenkins,DET,ra,OVER,4.5,-220,0.6875,0.7327528491503498,0.8931947688652264,0.04525284915034977,0.06582232603687238,bovada,Bovada,2026-05-15T23:10:00Z,Cleveland Cavaliers,Detroit Pistons,,,False
2026-05-15,2026-05-15T15:24:09.787475+00:00,3912848,Dean Wade,CLE,ra,OVER,3.5,-160,0.6153846153846154,0.6544461744193004,0.7929371564513656,0.039061559034685,0.06347503343136318,bovada,Bovada,2026-05-15T23:10:00Z,Cleveland Cavaliers,Detroit Pistons,,,False
2026-05-15,2026-05-15T15:24:09.787475+00:00,4592479,Julian Champagnie,SAS,ra,OVER,5.5,-190,0.6551724137931034,0.6953819496327802,0.8379430312461799,0.04020953583967679,0.06137244943950665,bovada,Bovada,2026-05-16T01:40:00Z,Minnesota Timberwolves,San Antonio Spurs,,,False
2026-05-15,2026-05-15T15:24:09.787475+00:00,3992,James Harden,CLE,ra,UNDER,11.5,-132,0.5689655172413793,0.602704036899589,0.7223224247786959,0.03373851965820962,0.05929800424776238,fanduel,FanDuel,2026-05-15T23:10:00Z,Cleveland Cavaliers,Detroit Pistons,,,False
2026-05-15,2026-05-15T15:24:09.787475+00:00,4395630,Devin Vassell,SAS,ra,OVER,5.5,-200,0.6666666666666666,0.7042400452937809,0.8374547513353677,0.037573378627114296,0.05636006794067139,bovada,Bovada,2026-05-16T01:40:00Z,Minnesota Timberwolves,San Antonio Spurs,,,False
2026-05-15,2026-05-15T15:24:09.787475+00:00,4432158,Evan Mobley,CLE,ra,UNDER,12.5,-118,0.5412844036697247,0.5697596021105568,0.670717123855325,0.028475198440832017,0.052606722543231954,fanduel,FanDuel,2026-05-15T23:10:00Z,Cleveland Cavaliers,Detroit Pistons,,,False
2026-05-15,2026-05-15T15:24:09.787475+00:00,5037871,Dylan Harper,SAS,ra,OVER,8.5,160,0.38461538461538464,0.40318471709053694,0.4690214413206224,0.0185693324751523,0.048280264435396125,bovada,Bovada,2026-05-16T01:40:00Z,Minnesota Timberwolves,San Antonio Spurs,,,False
2026-05-15,2026-05-15T15:24:09.787475+00:00,5037871,Dylan Harper,SAS,ra,OVER,7.5,100,0.5,0.5238848658457942,0.608567572026337,0.02388486584579419,0.04776973169158838,draftkings,DraftKings,2026-05-16T01:40:00Z,Minnesota Timberwolves,San Antonio Spurs,,,False
2026-05-15,2026-05-15T15:24:09.787475+00:00,5037871,Dylan Harper,SAS,ra,OVER,7.5,100,0.5,0.5238848658457942,0.608567572026337,0.02388486584579419,0.04776973169158838,bovada,Bovada,2026-05-16T01:40:00Z,Minnesota Timberwolves,San Antonio Spurs,,,False
2026-05-15,2026-05-15T15:24:09.787475+00:00,4432158,Evan Mobley,CLE,ra,UNDER,12.5,-125,0.5555555555555556,0.5808911005815048,0.670717123855325,0.025335545025949258,0.04560398104670871,betmgm,BetMGM,2026-05-15T23:10:00Z,Cleveland Cavaliers,Detroit Pistons,,,False
2026-05-15,2026-05-15T15:24:09.787475+00:00,4432158,Evan Mobley,CLE,ra,UNDER,11.5,115,0.46511627906976744,0.4857739456242597,0.5590147634083686,0.02065766655449225,0.04441398309215827,bovada,Bovada,2026-05-15T23:10:00Z,Cleveland Cavaliers,Detroit Pistons,,,False
2026-05-15,2026-05-15T15:24:09.787475+00:00,4432158,Evan Mobley,CLE,ra,UNDER,10.5,170,0.37037037037037035,0.3862113671426325,0.44237490115337996,0.01584099677226214,0.04277069128510769,bovada,Bovada,2026-05-15T23:10:00Z,Cleveland Cavaliers,Detroit Pistons,,,False
2026-05-15,2026-05-15T15:24:09.787475+00:00,4432158,Evan Mobley,CLE,ra,UNDER,12.5,-129,0.5633187772925764,0.5869464135363811,0.670717123855325,0.023627636243804706,0.04194363333202539,draftkings,DraftKings,2026-05-15T23:10:00Z,Cleveland Cavaliers,Detroit Pistons,,,False
2026-05-15,2026-05-15T15:24:09.787475+00:00,4432158,Evan Mobley,CLE,ra,UNDER,12.5,-130,0.5652173913043478,0.5884273324655628,0.670717123855325,0.023209941161214998,0.04106374205445723,bovada,Bovada,2026-05-15T23:10:00Z,Cleveland Cavaliers,Detroit Pistons,,,False
2026-05-15,2026-05-15T15:24:09.787475+00:00,5104157,Victor Wembanyama,SAS,reb,UNDER,11.5,205,0.32786885245901637,0.39598442050610977,0.781972639439639,0.0681155680470934,0.20775248254363476,bovada,Bovada,2026-05-16T01:40:00Z,Minnesota Timberwolves,San Antonio Spurs,,,False
2026-05-15,2026-05-15T15:24:09.787475+00:00,5104157,Victor Wembanyama,SAS,reb,UNDER,12.5,135,0.425531914893617,0.4923374800647244,0.8709023493676661,0.06680556517110736,0.1569930781521024,bovada,Bovada,2026-05-16T01:40:00Z,Minnesota Timberwolves,San Antonio Spurs,,,False
2026-05-15,2026-05-15T15:24:09.787475+00:00,3032976,Rudy Gobert,MIN,reb,UNDER,7.5,150,0.4,0.4546769301632247,0.7645128677548311,0.05467693016322467,0.13669232540806175,bovada,Bovada,2026-05-16T01:40:00Z,Minnesota Timberwolves,San Antonio Spurs,,,False
2026-05-15,2026-05-15T15:24:09.787475+00:00,5104157,Victor Wembanyama,SAS,reb,UNDER,13.5,-105,0.5121951219512195,0.5749995342328322,0.9308912038286375,0.06280441228161271,0.12261813826410095,betmgm,BetMGM,2026-05-16T01:40:00Z,Minnesota Timberwolves,San Antonio Spurs,,,False
2026-05-15,2026-05-15T15:24:09.787475+00:00,3157465,Duncan Robinson,DET,reb,OVER,2.5,130,0.43478260869565216,0.48555422691226485,0.77326006347307,0.05077161821661269,0.11677472189820914,fanduel,FanDuel,2026-05-15T23:10:00Z,Cleveland Cavaliers,Detroit Pistons,,,False
2026-05-15,2026-05-15T15:24:09.787475+00:00,5104157,Victor Wembanyama,SAS,reb,UNDER,13.5,-110,0.5238095238095238,0.5848717758123909,0.9308912038286375,0.06106225200286708,0.11657339018729174,bovada,Bovada,2026-05-16T01:40:00Z,Minnesota Timberwolves,San Antonio Spurs,,,False
2026-05-15,2026-05-15T15:24:09.787475+00:00,5104157,Victor Wembanyama,SAS,reb,UNDER,13.5,-111,0.5260663507109005,0.586790078678561,0.9308912038286375,0.06072372796766057,0.11542978919978719,draftkings,DraftKings,2026-05-16T01:40:00Z,Minnesota Timberwolves,San Antonio Spurs,,,False
2026-05-15,2026-05-15T15:24:09.787475+00:00,5104157,Victor Wembanyama,SAS,reb,UNDER,13.5,-111,0.5260663507109005,0.586790078678561,0.9308912038286375,0.06072372796766057,0.11542978919978719,betonlineag,BetOnline.ag,2026-05-16T01:40:00Z,Minnesota Timberwolves,San Antonio Spurs,,,False
2026-05-15,2026-05-15T15:24:09.787475+00:00,5104157,Victor Wembanyama,SAS,reb,UNDER,13.5,-113,0.5305164319248826,0.5905726477104458,0.9308912038286375,0.060056215785563194,0.1132033094011059,williamhill_us,Caesars,2026-05-16T01:40:00Z,Minnesota Timberwolves,San Antonio Spurs,,,False
2026-05-15,2026-05-15T15:24:09.787475+00:00,3032976,Rudy Gobert,MIN,reb,UNDER,8.5,100,0.5,0.5563983959029585,0.8759893060197235,0.056398395902958476,0.11279679180591695,betmgm,BetMGM,2026-05-16T01:40:00Z,Minnesota Timberwolves,San Antonio Spurs,,,False
2026-05-15,2026-05-15T15:24:09.787475+00:00,3157465,Duncan Robinson,DET,reb,OVER,2.5,124,0.44642857142857145,0.4954532952352462,0.77326006347307,0.049024723806674775,0.10981538132695146,betonlineag,BetOnline.ag,2026-05-15T23:10:00Z,Cleveland Cavaliers,Detroit Pistons,,,False
2026-05-15,2026-05-15T15:24:09.787475+00:00,3157465,Duncan Robinson,DET,reb,OVER,2.5,121,0.45248868778280543,0.5006043941363452,0.77326006347307,0.04811570635353973,0.10633571104132278,draftkings,DraftKings,2026-05-15T23:10:00Z,Cleveland Cavaliers,Detroit Pistons,,,False
2026-05-15,2026-05-15T15:24:09.787475+00:00,3157465,Duncan Robinson,DET,reb,OVER,2.5,120,0.45454545454545453,0.5023526458845968,0.77326006347307,0.047807191339142296,0.105175820946113,bovada,Bovada,2026-05-15T23:10:00Z,Cleveland Cavaliers,Detroit Pistons,,,False
2026-05-15,2026-05-15T15:24:09.787475+00:00,3064560,Luke Kornet,SAS,reb,OVER,3.5,200,0.3333333333333333,0.36817394913811974,0.5656041053652429,0.03484061580478642,0.10452184741435921,bovada,Bovada,2026-05-16T01:40:00Z,Minnesota Timberwolves,San Antonio Spurs,,,False
2026-05-15,2026-05-15T15:24:09.787475+00:00,3032976,Rudy Gobert,MIN,reb,UNDER,8.5,-109,0.5215311004784688,0.5746998313096571,0.8759893060197235,0.05316873083118823,0.10194738296989292,draftkings,DraftKings,2026-05-16T01:40:00Z,Minnesota Timberwolves,San Antonio Spurs,,,False
2026-05-15,2026-05-15T15:24:09.787475+00:00,3032976,Rudy Gobert,MIN,reb,UNDER,8.5,-109,0.5215311004784688,0.5746998313096571,0.8759893060197235,0.05316873083118823,0.10194738296989292,betonlineag,BetOnline.ag,2026-05-16T01:40:00Z,Minnesota Timberwolves,San Antonio Spurs,,,False
2026-05-15,2026-05-15T15:24:09.787475+00:00,3032976,Rudy Gobert,MIN,reb,UNDER,8.5,-109,0.5215311004784688,0.5746998313096571,0.8759893060197235,0.05316873083118823,0.10194738296989292,williamhill_us,Caesars,2026-05-16T01:40:00Z,Minnesota Timberwolves,San Antonio Spurs,,,False
2026-05-15,2026-05-15T15:24:09.787475+00:00,5104157,Victor Wembanyama,SAS,reb,UNDER,13.5,-125,0.5555555555555556,0.6118559027965179,0.9308912038286375,0.056300347240962334,0.10134062503373226,fanduel,FanDuel,2026-05-16T01:40:00Z,Minnesota Timberwolves,San Antonio Spurs,,,False
2026-05-15,2026-05-15T15:24:09.787475+00:00,5107199,Daniss Jenkins,DET,reb,OVER,2.5,100,0.5,0.5505605888156074,0.8370705921040498,0.05056058881560743,0.10112117763121486,betmgm,BetMGM,2026-05-15T23:10:00Z,Cleveland Cavaliers,Detroit Pistons,,,False
2026-05-15,2026-05-15T15:24:09.787475+00:00,3032976,Rudy Gobert,MIN,reb,UNDER,8.5,-110,0.5238095238095238,0.5766364911410538,0.8759893060197235,0.05282696733152992,0.10085148308746628,fanatics,Fanatics,2026-05-16T01:40:00Z,Minnesota Timberwolves,San Antonio Spurs,,,False
2026-05-15,2026-05-15T15:24:09.787475+00:00,4065778,Max Strus,CLE,reb,OVER,5.5,190,0.3448275862068966,0.3795827288247629,0.5765285369926721,0.03475514261786633,0.10078991359181233,bovada,Bovada,2026-05-15T23:10:00Z,Cleveland Cavaliers,Detroit Pistons,,,False
2026-05-15,2026-05-15T15:24:09.787475+00:00,5107199,Daniss Jenkins,DET,reb,OVER,2.5,-101,0.5024875621890548,0.552675016676304,0.8370705921040498,0.05018745448724926,0.0998780034845258,betonlineag,BetOnline.ag,2026-05-15T23:10:00Z,Cleveland Cavaliers,Detroit Pistons,,,False
2026-05-15,2026-05-15T15:24:09.787475+00:00,5037871,Dylan Harper,SAS,reb,OVER,4.5,135,0.425531914893617,0.4672598497649637,0.7037181473692615,0.041727934871346684,0.09806064694766481,betmgm,BetMGM,2026-05-16T01:40:00Z,Minnesota Timberwolves,San Antonio Spurs,,,False
2026-05-15,2026-05-15T15:24:09.787475+00:00,3032976,Rudy Gobert,MIN,reb,UNDER,8.5,-114,0.5327102803738317,0.5842021342207155,0.8759893060197235,0.05149185384688382,0.09666014669502743,fanduel,FanDuel,2026-05-16T01:40:00Z,Minnesota Timberwolves,San Antonio Spurs,,,False
2026-05-15,2026-05-15T15:24:09.787475+00:00,5107199,Daniss Jenkins,DET,reb,OVER,2.5,-104,0.5098039215686274,0.5588939221489407,0.8370705921040498,0.04909000058031332,0.09629192421522992,draftkings,DraftKings,2026-05-15T23:10:00Z,Cleveland Cavaliers,Detroit Pistons,,,False
2026-05-15,2026-05-15T15:24:09.787475+00:00,3032976,Rudy Gobert,MIN,reb,UNDER,8.5,-115,0.5348837209302325,0.5860495586936562,0.8759893060197235,0.05116583776342365,0.09565787060118325,bovada,Bovada,2026-05-16T01:40:00Z,Minnesota Timberwolves,San Antonio Spurs,,,False
2026-05-15,2026-05-15T15:24:09.787475+00:00,5107199,Daniss Jenkins,DET,reb,OVER,2.5,-105,0.5121951219512195,0.560926442474144,0.8370705921040498,0.048731320522924504,0.09514210197332873,bovada,Bovada,2026-05-15T23:10:00Z,Cleveland Cavaliers,Detroit Pistons,,,False
2026-05-15,2026-05-15T15:24:09.787475+00:00,3157465,Duncan Robinson,DET,reb,OVER,2.5,110,0.47619047619047616,0.5207509142828652,0.77326006347307,0.044560438092389076,0.09357691999401707,betmgm,BetMGM,2026-05-15T23:10:00Z,Cleveland Cavaliers,Detroit Pistons,,,False
2026-05-15,2026-05-15T15:24:09.787475+00:00,2991043,Caris LeVert,DET,reb,OVER,2.5,145,0.40816326530612246,0.4462754826688933,0.6622447143912611,0.03811221736277082,0.09337493253878848,bovada,Bovada,2026-05-15T23:10:00Z,Cleveland Cavaliers,Detroit Pistons,,,False
2026-05-15,2026-05-15T15:24:09.787475+00:00,5037871,Dylan Harper,SAS,reb,OVER,4.5,130,0.43478260869565216,0.47512293949669354,0.7037181473692615,0.04034033080104138,0.09278276084239523,bovada,Bovada,2026-05-16T01:40:00Z,Minnesota Timberwolves,San Antonio Spurs,,,False
2026-05-15,2026-05-15T15:24:09.787475+00:00,2991043,Caris LeVert,DET,reb,OVER,2.5,144,0.4098360655737705,0.4476973628963941,0.6622447143912611,0.03786129732262361,0.09238156546720155,betonlineag,BetOnline.ag,2026-05-15T23:10:00Z,Cleveland Cavaliers,Detroit Pistons,,,False
2026-05-15,2026-05-15T15:24:09.787475+00:00,5107199,Daniss Jenkins,DET,reb,OVER,2.5,-108,0.5192307692307693,0.5669067426617613,0.8370705921040498,0.04767597343099206,0.09182039327450331,fanduel,FanDuel,2026-05-15T23:10:00Z,Cleveland Cavaliers,Detroit Pistons,,,False
2026-05-15,2026-05-15T15:24:09.787475+00:00,4066259,De'Aaron Fox,SAS,reb,OVER,4.5,215,0.31746031746031744,0.3450113977360445,0.5011341859651645,0.027551080275727058,0.08678590286854015,bovada,Bovada,2026-05-16T01:40:00Z,Minnesota Timberwolves,San Antonio Spurs,,,False
2026-05-15,2026-05-15T15:24:09.787475+00:00,5104157,Victor Wembanyama,SAS,reb,UNDER,14.5,-160,0.6153846153846154,0.6680807193027901,0.9666919748391134,0.0526961039181747,0.08563116886703392,bovada,Bovada,2026-05-16T01:40:00Z,Minnesota Timberwolves,San Antonio Spurs,,,False
2026-05-15,2026-05-15T15:24:09.787475+00:00,3908809,Donovan Mitchell,CLE,reb,OVER,5.5,180,0.35714285714285715,0.3871094993608304,0.5569204719293456,0.02996664221797324,0.08390659821032509,bovada,Bovada,2026-05-15T23:10:00Z,Cleveland Cavaliers,Detroit Pistons,,,False
2026-05-15,2026-05-15T15:24:09.787475+00:00,4065778,Max Strus,CLE,reb,OVER,4.5,108,0.4807692307692308,0.5177007388278643,0.7269792844934542,0.03693150805863349,0.07681753676195768,fanduel,FanDuel,2026-05-15T23:10:00Z,Cleveland Cavaliers,Detroit Pistons,,,False
2026-05-15,2026-05-15T15:24:09.787475+00:00,4065778,Max Strus,CLE,reb,OVER,4.5,107,0.4830917874396135,0.5196749119976896,0.7269792844934542,0.03658312455807605,0.07572706783521743,betonlineag,BetOnline.ag,2026-05-15T23:10:00Z,Cleveland Cavaliers,Detroit Pistons,,,False
2026-05-15,2026-05-15T15:24:09.787475+00:00,4065778,Max Strus,CLE,reb,OVER,4.5,105,0.4878048780487805,0.5236810390154816,0.7269792844934542,0.0358761609667011,0.07354612998173726,betmgm,BetMGM,2026-05-15T23:10:00Z,Cleveland Cavaliers,Detroit Pistons,,,False
2026-05-15,2026-05-15T15:24:09.787475+00:00,3064560,Luke Kornet,SAS,reb,OVER,2.5,-102,0.504950495049505,0.5414377105001187,0.7481985980535961,0.03648721545061373,0.07225899530415658,fanduel,FanDuel,2026-05-16T01:40:00Z,Minnesota Timberwolves,San Antonio Spurs,,,False
2026-05-15,2026-05-15T15:24:09.787475+00:00,4065778,Max Strus,CLE,reb,OVER,4.5,103,0.49261083743842365,0.5277661044966783,0.7269792844934542,0.03515526705825461,0.07136519212825687,williamhill_us,Caesars,2026-05-15T23:10:00Z,Cleveland Cavaliers,Detroit Pistons,,,False
2026-05-15,2026-05-15T15:24:09.787475+00:00,4396971,Naz Reid,MIN,reb,UNDER,5.5,205,0.32786885245901637,0.3512423624335737,0.4836922522893987,0.023373509974557338,0.07128920542239969,bovada,Bovada,2026-05-16T01:40:00Z,Minnesota Timberwolves,San Antonio Spurs,,,False
2026-05-15,2026-05-15T15:24:09.787475+00:00,5037871,Dylan Harper,SAS,reb,OVER,3.5,-132,0.5689655172413793,0.6088037519747947,0.834553748797482,0.03983823473341541,0.07001871559206352,fanduel,FanDuel,2026-05-16T01:40:00Z,Minnesota Timberwolves,San Antonio Spurs,,,False
2026-05-15,2026-05-15T15:24:09.787475+00:00,3032976,Rudy Gobert,MIN,reb,UNDER,9.5,-185,0.6491228070175439,0.6933573479175531,0.9440197463509385,0.04423454090000922,0.06814510354866293,bovada,Bovada,2026-05-16T01:40:00Z,Minnesota Timberwolves,San Antonio Spurs,,,False
2026-05-15,2026-05-15T15:24:09.787475+00:00,4065778,Max Strus,CLE,reb,OVER,4.5,100,0.5,0.5340468926740182,0.7269792844934542,0.03404689267401817,0.06809378534803634,draftkings,DraftKings,2026-05-15T23:10:00Z,Cleveland Cavaliers,Detroit Pistons,,,False
2026-05-15,2026-05-15T15:24:09.787475+00:00,4065778,Max Strus,CLE,reb,OVER,4.5,100,0.5,0.5340468926740182,0.7269792844934542,0.03404689267401817,0.06809378534803634,bovada,Bovada,2026-05-15T23:10:00Z,Cleveland Cavaliers,Detroit Pistons,,,False
2026-05-15,2026-05-15T15:24:09.787475+00:00,3912848,Dean Wade,CLE,reb,OVER,3.5,110,0.47619047619047616,0.5080506768912604,0.6885918141957044,0.031860200700784214,0.06690642147164683,bovada,Bovada,2026-05-15T23:10:00Z,Cleveland Cavaliers,Detroit Pistons,,,False
2026-05-15,2026-05-15T15:24:09.787475+00:00,5037871,Dylan Harper,SAS,reb,OVER,3.5,-138,0.5798319327731093,0.6180402051767652,0.834553748797482,0.038208272403655874,0.06589542631934864,williamhill_us,Caesars,2026-05-16T01:40:00Z,Minnesota Timberwolves,San Antonio Spurs,,,False
2026-05-15,2026-05-15T15:24:09.787475+00:00,3912848,Dean Wade,CLE,reb,OVER,3.5,107,0.4830917874396135,0.5139167914530272,0.6885918141957044,0.030825004013413648,0.0638077583077662,draftkings,DraftKings,2026-05-15T23:10:00Z,Cleveland Cavaliers,Detroit Pistons,,,False
2026-05-15,2026-05-15T15:24:09.787475+00:00,4395630,Devin Vassell,SAS,reb,OVER,4.5,134,0.42735042735042733,0.45398506524914645,0.6049146800085548,0.026634637898719116,0.0623250526830027,fanduel,FanDuel,2026-05-16T01:40:00Z,Minnesota Timberwolves,San Antonio Spurs,,,False
2026-05-15,2026-05-15T15:24:09.787475+00:00,4396971,Naz Reid,MIN,reb,UNDER,7.5,-125,0.5555555555555556,0.5901640341928747,0.7862787464710163,0.034608478637319084,0.06229526154717441,betmgm,BetMGM,2026-05-16T01:40:00Z,Minnesota Timberwolves,San Antonio Spurs,,,False
2026-05-15,2026-05-15T15:24:09.787475+00:00,3912848,Dean Wade,CLE,reb,OVER,3.5,105,0.4878048780487805,0.5179229184708191,0.6885918141957044,0.030118040422038583,0.06174198286517907,williamhill_us,Caesars,2026-05-15T23:10:00Z,Cleveland Cavaliers,Detroit Pistons,,,False
2026-05-15,2026-05-15T15:24:09.787475+00:00,5037871,Dylan Harper,SAS,reb,OVER,3.5,-145,0.5918367346938775,0.6282442868094182,0.834553748797482,0.0364075521155407,0.061516208746948076,betonlineag,BetOnline.ag,2026-05-16T01:40:00Z,Minnesota Timberwolves,San Antonio Spurs,,,False
2026-05-15,2026-05-15T15:24:09.787475+00:00,3912848,Dean Wade,CLE,reb,OVER,3.5,104,0.49019607843137253,0.5199554387960224,0.6885918141957044,0.029759360364649823,0.06070909514388556,fanduel,FanDuel,2026-05-15T23:10:00Z,Cleveland Cavaliers,Detroit Pistons,,,False
2026-05-15,2026-05-15T15:24:09.787475+00:00,3064560,Luke Kornet,SAS,reb,OVER,2.5,-114,0.5327102803738317,0.5650335280257964,0.7481985980535961,0.032323247651964704,0.06067697366245994,draftkings,DraftKings,2026-05-16T01:40:00Z,Minnesota Timberwolves,San Antonio Spurs,,,False
2026-05-15,2026-05-15T15:24:09.787475+00:00,3908809,Donovan Mitchell,CLE,reb,OVER,4.5,-105,0.5121951219512195,0.5430705214320007,0.718031118489761,0.030875399480781218,0.06028054184343001,bovada,Bovada,2026-05-15T23:10:00Z,Cleveland Cavaliers,Detroit Pistons,,,False
2026-05-15,2026-05-15T15:24:09.787475+00:00,4066259,De'Aaron Fox,SAS,reb,OVER,3.5,105,0.4878048780487805,0.5171147638798291,0.6832041169224379,0.029309885831048654,0.060085265953649714,bovada,Bovada,2026-05-16T01:40:00Z,Minnesota Timberwolves,San Antonio Spurs,,,False
2026-05-15,2026-05-15T15:24:09.787475+00:00,3064560,Luke Kornet,SAS,reb,OVER,2.5,-115,0.5348837209302325,0.566880952498737,0.7481985980535961,0.031997231568504536,0.05982091119329097,bovada,Bovada,2026-05-16T01:40:00Z,Minnesota Timberwolves,San Antonio Spurs,,,False
2026-05-15,2026-05-15T15:24:09.787475+00:00,3912848,Dean Wade,CLE,reb,OVER,3.5,103,0.49261083743842365,0.5220079839520158,0.6885918141957044,0.0293971465135921,0.05967620742259194,betonlineag,BetOnline.ag,2026-05-15T23:10:00Z,Cleveland Cavaliers,Detroit Pistons,,,False
2026-05-15,2026-05-15T15:24:09.787475+00:00,5104157,Victor Wembanyama,SAS,reb,UNDER,15.5,-240,0.7058823529411765,0.747839104004006,0.9855940266933734,0.04195675106282948,0.059438730672341844,bovada,Bovada,2026-05-16T01:40:00Z,Minnesota Timberwolves,San Antonio Spurs,,,False
2026-05-15,2026-05-15T15:24:09.787475+00:00,3908809,Donovan Mitchell,CLE,reb,OVER,4.5,-106,0.5145631067961165,0.5450833085501632,0.718031118489761,0.030520201754046683,0.059312844918241625,draftkings,DraftKings,2026-05-15T23:10:00Z,Cleveland Cavaliers,Detroit Pistons,,,False
2026-05-15,2026-05-15T15:24:09.787475+00:00,4066259,De'Aaron Fox,SAS,reb,OVER,3.5,104,0.49019607843137253,0.5191472842050323,0.6832041169224379,0.028951205773659783,0.059060459778265906,draftkings,DraftKings,2026-05-16T01:40:00Z,Minnesota Timberwolves,San Antonio Spurs,,,False
2026-05-15,2026-05-15T15:24:09.787475+00:00,4396971,Naz Reid,MIN,reb,UNDER,6.5,115,0.46511627906976744,0.49234921860016273,0.6466692092724029,0.027232939530395295,0.058550819990349834,bovada,Bovada,2026-05-16T01:40:00Z,Minnesota Timberwolves,San Antonio Spurs,,,False
2026-05-15,2026-05-15T15:24:09.787475+00:00,4592479,Julian Champagnie,SAS,reb,OVER,6.5,200,0.3333333333333333,0.35239477267561686,0.46040959561522365,0.019061439342283548,0.057184318026850645,bovada,Bovada,2026-05-16T01:40:00Z,Minnesota Timberwolves,San Antonio Spurs,,,False
2026-05-15,2026-05-15T15:24:09.787475+00:00,4395630,Devin Vassell,SAS,reb,OVER,4.5,126,0.4424778761061947,0.46684339669154873,0.6049146800085548,0.024365520585354017,0.055066076522900076,betonlineag,BetOnline.ag,2026-05-16T01:40:00Z,Minnesota Timberwolves,San Antonio Spurs,,,False
2026-05-15,2026-05-15T15:24:09.787475+00:00,3908809,Donovan Mitchell,CLE,reb,OVER,4.5,-111,0.5260663507109005,0.5548610658777295,0.718031118489761,0.028794715166829077,0.05473590000181022,betonlineag,BetOnline.ag,2026-05-15T23:10:00Z,Cleveland Cavaliers,Detroit Pistons,,,False
2026-05-15,2026-05-15T15:24:09.787475+00:00,4395630,Devin Vassell,SAS,reb,OVER,4.5,125,0.4444444444444444,0.468514979779061,0.6049146800085548,0.02407053533461656,0.05415870450288718,bovada,Bovada,2026-05-16T01:40:00Z,Minnesota Timberwolves,San Antonio Spurs,,,False
2026-05-15,2026-05-15T15:24:09.787475+00:00,4066259,De'Aaron Fox,SAS,reb,OVER,3.5,-101,0.5024875621890548,0.5295950453990622,0.6832041169224379,0.027107483210007444,0.053946575497143656,betonlineag,BetOnline.ag,2026-05-16T01:40:00Z,Minnesota Timberwolves,San Antonio Spurs,,,False
2026-05-15,2026-05-15T15:24:09.787475+00:00,5037871,Dylan Harper,SAS,reb,OVER,3.5,-159,0.6138996138996139,0.6469977341342941,0.834553748797482,0.03309812023468017,0.05391454805523371,draftkings,DraftKings,2026-05-16T01:40:00Z,Minnesota Timberwolves,San Antonio Spurs,,,False
2026-05-15,2026-05-15T15:24:09.787475+00:00,5037871,Dylan Harper,SAS,reb,OVER,3.5,-160,0.6153846153846154,0.6482599853965454,0.834553748797482,0.03287537001192997,0.05342247626938623,bovada,Bovada,2026-05-16T01:40:00Z,Minnesota Timberwolves,San Antonio Spurs,,,False
2026-05-15,2026-05-15T15:24:09.787475+00:00,4395630,Devin Vassell,SAS,reb,OVER,4.5,124,0.44642857142857145,0.47020148771556897,0.6049146800085548,0.023772916286997514,0.05325133248287439,draftkings,DraftKings,2026-05-16T01:40:00Z,Minnesota Timberwolves,San Antonio Spurs,,,False
2026-05-15,2026-05-15T15:24:09.787475+00:00,4066259,De'Aaron Fox,SAS,reb,OVER,3.5,-102,0.504950495049505,0.5316885383304449,0.6832041169224379,0.026738043280939983,0.05295181120343018,williamhill_us,Caesars,2026-05-16T01:40:00Z,Minnesota Timberwolves,San Antonio Spurs,,,False
2026-05-15,2026-05-15T15:24:09.787475+00:00,3908809,Donovan Mitchell,CLE,reb,OVER,4.5,-114,0.5327102803738317,0.5605084060912211,0.718031118489761,0.027798125717389377,0.05218244652211679,williamhill_us,Caesars,2026-05-15T23:10:00Z,Cleveland Cavaliers,Detroit Pistons,,,False
2026-05-15,2026-05-15T15:24:09.787475+00:00,3912848,Dean Wade,CLE,reb,OVER,3.5,-105,0.5121951219512195,0.5386546257878922,0.6885918141957044,0.026459503836672726,0.05165903130017058,betmgm,BetMGM,2026-05-15T23:10:00Z,Cleveland Cavaliers,Detroit Pistons,,,False
2026-05-15,2026-05-15T15:24:09.787475+00:00,3908809,Donovan Mitchell,CLE,reb,OVER,4.5,-115,0.5348837209302325,0.5623558305641618,0.718031118489761,0.02747210963392932,0.051360900619954686,betmgm,BetMGM,2026-05-15T23:10:00Z,Cleveland Cavaliers,Detroit Pistons,,,False
2026-05-15,2026-05-15T15:24:09.787475+00:00,4066259,De'Aaron Fox,SAS,reb,OVER,3.5,-104,0.5098039215686274,0.535813950871699,0.6832041169224379,0.026010029303071613,0.051019672863717336,fanduel,FanDuel,2026-05-16T01:40:00Z,Minnesota Timberwolves,San Antonio Spurs,,,False
2026-05-15,2026-05-15T15:24:09.787475+00:00,4396971,Naz Reid,MIN,reb,UNDER,7.5,-143,0.588477366255144,0.6181475732875249,0.7862787464710163,0.02967020703238088,0.05041860355852129,betonlineag,BetOnline.ag,2026-05-16T01:40:00Z,Minnesota Timberwolves,San Antonio Spurs,,,False
2026-05-15,2026-05-15T15:24:09.787475+00:00,4395630,Devin Vassell,SAS,reb,OVER,4.5,120,0.45454545454545453,0.47710083836491957,0.6049146800085548,0.022555383819465036,0.04962184440282302,williamhill_us,Caesars,2026-05-16T01:40:00Z,Minnesota Timberwolves,San Antonio Spurs,,,False
2026-05-15,2026-05-15T15:24:09.787475+00:00,4395723,Keldon Johnson,SAS,reb,OVER,4.5,200,0.3333333333333333,0.34921265983149996,0.4391955099877778,0.015879326498166646,0.04763797949449988,bovada,Bovada,2026-05-16T01:40:00Z,Minnesota Timberwolves,San Antonio Spurs,,,False
2026-05-15,2026-05-15T15:24:09.787475+00:00,3908809,Donovan Mitchell,CLE,reb,OVER,4.5,-120,0.5454545454545454,0.5713410314098277,0.718031118489761,0.025886485955282312,0.0474585575846842,fanduel,FanDuel,2026-05-15T23:10:00Z,Cleveland Cavaliers,Detroit Pistons,,,False
2026-05-15,2026-05-15T15:24:09.787475+00:00,4396971,Naz Reid,MIN,reb,UNDER,7.5,-149,0.5983935742971888,0.6265763501232628,0.7862787464710163,0.02818277582607409,0.047097390474446,draftkings,DraftKings,2026-05-16T01:40:00Z,Minnesota Timberwolves,San Antonio Spurs,,,False
2026-05-15,2026-05-15T15:24:09.787475+00:00,4594268,Anthony Edwards,MIN,reb,UNDER,4.5,215,0.31746031746031744,0.33234361166256293,0.41668227880862063,0.01488329420224549,0.046882376737073184,bovada,Bovada,2026-05-16T01:40:00Z,Minnesota Timberwolves,San Antonio Spurs,,,False
2026-05-15,2026-05-15T15:24:09.787475+00:00,4396971,Naz Reid,MIN,reb,UNDER,7.5,-150,0.6,0.6279418119706525,0.7862787464710163,0.027941811970652486,0.04656968661775407,williamhill_us,Caesars,2026-05-16T01:40:00Z,Minnesota Timberwolves,San Antonio Spurs,,,False
2026-05-15,2026-05-15T15:24:09.787475+00:00,4396971,Naz Reid,MIN,reb,UNDER,7.5,-150,0.6,0.6279418119706525,0.7862787464710163,0.027941811970652486,0.04656968661775407,bovada,Bovada,2026-05-16T01:40:00Z,Minnesota Timberwolves,San Antonio Spurs,,,False
2026-05-15,2026-05-15T15:24:09.787475+00:00,4395723,Keldon Johnson,SAS,reb,OVER,3.5,104,0.49019607843137253,0.5129724864208784,0.6420387983614118,0.02277640798950592,0.04646387229859206,fanduel,FanDuel,2026-05-16T01:40:00Z,Minnesota Timberwolves,San Antonio Spurs,,,False
2026-05-15,2026-05-15T15:24:09.787475+00:00,3064560,Luke Kornet,SAS,reb,OVER,2.5,-135,0.574468085106383,0.600527662048465,0.7481985980535961,0.02605957694208194,0.045362967269550136,betmgm,BetMGM,2026-05-16T01:40:00Z,Minnesota Timberwolves,San Antonio Spurs,,,False
2026-05-15,2026-05-15T15:24:09.787475+00:00,4395630,Devin Vassell,SAS,reb,OVER,4.5,115,0.46511627906976744,0.4860860392105855,0.6049146800085548,0.020969760140818083,0.04508498430275876,betmgm,BetMGM,2026-05-16T01:40:00Z,Minnesota Timberwolves,San Antonio Spurs,,,False
2026-05-15,2026-05-15T15:24:09.787475+00:00,4592479,Julian Champagnie,SAS,reb,OVER,5.5,110,0.47619047619047616,0.4969871885582973,0.6148352253092839,0.020796712367821157,0.043673095972424414,bovada,Bovada,2026-05-16T01:40:00Z,Minnesota Timberwolves,San Antonio Spurs,,,False
2026-05-15,2026-05-15T15:24:09.787475+00:00,4433621,Jalen Duren,DET,reb,UNDER,8.5,-110,0.5238095238095238,0.5466222906181849,0.6758946358672646,0.022812766808661067,0.0435516457256257,betmgm,BetMGM,2026-05-15T23:10:00Z,Cleveland Cavaliers,Detroit Pistons,,,False
2026-05-15,2026-05-15T15:24:09.787475+00:00,3157465,Duncan Robinson,DET,reb,OVER,1.5,-230,0.696969696969697,0.726856361269304,0.8962141256337433,0.029886664299606958,0.04288086616900133,bovada,Bovada,2026-05-15T23:10:00Z,Cleveland Cavaliers,Detroit Pistons,,,False
2026-05-15,2026-05-15T15:24:09.787475+00:00,4395723,Keldon Johnson,SAS,reb,OVER,3.5,100,0.5,0.5213058197542118,0.6420387983614118,0.021305819754211752,0.042611639508423504,betonlineag,BetOnline.ag,2026-05-16T01:40:00Z,Minnesota Timberwolves,San Antonio Spurs,,,False
2026-05-15,2026-05-15T15:24:09.787475+00:00,4594268,Anthony Edwards,MIN,stl,UNDER,0.5,178,0.3597122302158273,0.6607746187319494,0.6607746187319494,0.3010623885161221,0.8369534400748193,fanduel,FanDuel,2026-05-16T01:40:00Z,Minnesota Timberwolves,San Antonio Spurs,,,False
2026-05-15,2026-05-15T15:24:09.787475+00:00,4594268,Anthony Edwards,MIN,stl,UNDER,0.5,170,0.37037037037037035,0.6607746187319494,0.6607746187319494,0.2904042483615791,0.7840914705762634,bovada,Bovada,2026-05-16T01:40:00Z,Minnesota Timberwolves,San Antonio Spurs,,,False
2026-05-15,2026-05-15T15:24:09.787475+00:00,4594268,Anthony Edwards,MIN,stl,UNDER,0.5,169,0.37174721189591076,0.6607746187319494,0.6607746187319494,0.28902740683603867,0.7774837243889439,draftkings,DraftKings,2026-05-16T01:40:00Z,Minnesota Timberwolves,San Antonio Spurs,,,False
2026-05-15,2026-05-15T15:24:09.787475+00:00,4684742,Ausar Thompson,DET,stl,UNDER,1.5,140,0.4166666666666667,0.6713155381605984,0.6713155381605984,0.2546488714939317,0.6111572915854361,bovada,Bovada,2026-05-15T23:10:00Z,Cleveland Cavaliers,Detroit Pistons,,,False
2026-05-15,2026-05-15T15:24:09.787475+00:00,4684742,Ausar Thompson,DET,stl,UNDER,1.5,137,0.4219409282700422,0.6713155381605984,0.6713155381605984,0.2493746098905562,0.5910178254406183,draftkings,DraftKings,2026-05-15T23:10:00Z,Cleveland Cavaliers,Detroit Pistons,,,False
2026-05-15,2026-05-15T15:24:09.787475+00:00,4684742,Ausar Thompson,DET,stl,UNDER,1.5,132,0.43103448275862066,0.6713155381605984,0.6713155381605984,0.24028105540197775,0.5574520485325883,fanduel,FanDuel,2026-05-15T23:10:00Z,Cleveland Cavaliers,Detroit Pistons,,,False
2026-05-15,2026-05-15T15:24:09.787475+00:00,4432166,Cade Cunningham,DET,stl,UNDER,1.5,-144,0.5901639344262295,0.8029383134219742,0.8029383134219742,0.2127743789957447,0.3605343644094563,fanduel,FanDuel,2026-05-15T23:10:00Z,Cleveland Cavaliers,Detroit Pistons,,,False
2026-05-15,2026-05-15T15:24:09.787475+00:00,3908809,Donovan Mitchell,CLE,stl,UNDER,1.5,-205,0.6721311475409836,0.886484795366312,0.886484795366312,0.2143536478253284,0.3189164028620739,draftkings,DraftKings,2026-05-15T23:10:00Z,Cleveland Cavaliers,Detroit Pistons,,,False
2026-05-15,2026-05-15T15:24:09.787475+00:00,4845367,Stephon Castle,SAS,stl,UNDER,0.5,210,0.3225806451612903,0.4249798556538885,0.4249798556538885,0.1023992104925982,0.3174375525270544,bovada,Bovada,2026-05-16T01:40:00Z,Minnesota Timberwolves,San Antonio Spurs,,,False
2026-05-15,2026-05-15T15:24:09.787475+00:00,4684742,Ausar Thompson,DET,stl,UNDER,2.5,-240,0.7058823529411765,0.9247903870015062,0.9247903870015062,0.21890803406032966,0.3101197149188004,bovada,Bovada,2026-05-15T23:10:00Z,Cleveland Cavaliers,Detroit Pistons,,,False
2026-05-15,2026-05-15T15:24:09.787475+00:00,3908809,Donovan Mitchell,CLE,stl,UNDER,1.5,-210,0.6774193548387096,0.886484795366312,0.886484795366312,0.20906544052760234,0.3086204122074129,bovada,Bovada,2026-05-15T23:10:00Z,Cleveland Cavaliers,Detroit Pistons,,,False
2026-05-15,2026-05-15T15:24:09.787475+00:00,4432166,Cade Cunningham,DET,stl,UNDER,1.5,-159,0.6138996138996139,0.8029383134219742,0.8029383134219742,0.1890386995223603,0.3079309633729014,draftkings,DraftKings,2026-05-15T23:10:00Z,Cleveland Cavaliers,Detroit Pistons,,,False
2026-05-15,2026-05-15T15:24:09.787475+00:00,4432166,Cade Cunningham,DET,stl,UNDER,1.5,-160,0.6153846153846154,0.8029383134219742,0.8029383134219742,0.18755369803735877,0.3047747593107081,bovada,Bovada,2026-05-15T23:10:00Z,Cleveland Cavaliers,Detroit Pistons,,,False
2026-05-15,2026-05-15T15:24:09.787475+00:00,3908809,Donovan Mitchell,CLE,stl,UNDER,1.5,-220,0.6875,0.886484795366312,0.886484795366312,0.19898479536631197,0.2894324296237265,fanduel,FanDuel,2026-05-15T23:10:00Z,Cleveland Cavaliers,Detroit Pistons,,,False
2026-05-15,2026-05-15T15:24:09.787475+00:00,6440,Tobias Harris,DET,stl,UNDER,1.5,-132,0.5689655172413793,0.6991563881349531,0.6991563881349531,0.13019087089357373,0.22882031854022056,fanduel,FanDuel,2026-05-15T23:10:00Z,Cleveland Cavaliers,Detroit Pistons,,,False
2026-05-15,2026-05-15T15:24:09.787475+00:00,4845367,Stephon Castle,SAS,stl,UNDER,1.5,-242,0.7076023391812866,0.8619241232840759,0.8619241232840759,0.1543217841027893,0.21809111637666923,draftkings,DraftKings,2026-05-16T01:40:00Z,Minnesota Timberwolves,San Antonio Spurs,,,False
2026-05-15,2026-05-15T15:24:09.787475+00:00,4845367,Stephon Castle,SAS,stl,UNDER,1.5,-245,0.7101449275362319,0.8619241232840759,0.8619241232840759,0.15177919574784393,0.2137298878898211,bovada,Bovada,2026-05-16T01:40:00Z,Minnesota Timberwolves,San Antonio Spurs,,,False
2026-05-15,2026-05-15T15:24:09.787475+00:00,5104157,Victor Wembanyama,SAS,stl,UNDER,1.5,-236,0.7023809523809523,0.8510779102944301,0.8510779102944301,0.1486969579134778,0.21170414347003613,draftkings,DraftKings,2026-05-16T01:40:00Z,Minnesota Timberwolves,San Antonio Spurs,,,False
2026-05-15,2026-05-15T15:24:09.787475+00:00,4431671,Jaden McDaniels,MIN,stl,UNDER,0.5,161,0.3831417624521073,0.46400534157983675,0.46400534157983675,0.08086357912772946,0.21105394152337398,draftkings,DraftKings,2026-05-16T01:40:00Z,Minnesota Timberwolves,San Antonio Spurs,,,False
2026-05-15,2026-05-15T15:24:09.787475+00:00,4431671,Jaden McDaniels,MIN,stl,UNDER,0.5,160,0.38461538461538464,0.46400534157983675,0.46400534157983675,0.07938995696445211,0.20641388810757555,bovada,Bovada,2026-05-16T01:40:00Z,Minnesota Timberwolves,San Antonio Spurs,,,False
2026-05-15,2026-05-15T15:24:09.787475+00:00,5104157,Victor Wembanyama,SAS,stl,UNDER,1.5,-240,0.7058823529411765,0.8510779102944301,0.8510779102944301,0.14519555735325362,0.2056937062504427,bovada,Bovada,2026-05-16T01:40:00Z,Minnesota Timberwolves,San Antonio Spurs,,,False
2026-05-15,2026-05-15T15:24:09.787475+00:00,4066259,De'Aaron Fox,SAS,stl,UNDER,1.5,-180,0.6428571428571429,0.7651040769952379,0.7651040769952379,0.12224693413809495,0.19016189754814777,bovada,Bovada,2026-05-16T01:40:00Z,Minnesota Timberwolves,San Antonio Spurs,,,False
2026-05-15,2026-05-15T15:24:09.787475+00:00,3992,James Harden,CLE,stl,UNDER,1.5,-168,0.6268656716417911,0.7459310440783591,0.7459310440783591,0.119065372436568,0.18993761793452518,fanduel,FanDuel,2026-05-15T23:10:00Z,Cleveland Cavaliers,Detroit Pistons,,,False
2026-05-15,2026-05-15T15:24:09.787475+00:00,4066259,De'Aaron Fox,SAS,stl,UNDER,1.5,-181,0.6441281138790036,0.7651040769952379,0.7651040769952379,0.12097596311623426,0.18781351179923672,draftkings,DraftKings,2026-05-16T01:40:00Z,Minnesota Timberwolves,San Antonio Spurs,,,False
2026-05-15,2026-05-15T15:24:09.787475+00:00,4845367,Stephon Castle,SAS,stl,UNDER,0.5,178,0.3597122302158273,0.4249798556538885,0.4249798556538885,0.0652676254380612,0.18144399871781014,fanduel,FanDuel,2026-05-16T01:40:00Z,Minnesota Timberwolves,San Antonio Spurs,,,False
2026-05-15,2026-05-15T15:24:09.787475+00:00,4431671,Jaden McDaniels,MIN,stl,UNDER,0.5,154,0.3937007874015748,0.46400534157983675,0.46400534157983675,0.07030455417826192,0.1785735676127853,fanduel,FanDuel,2026-05-16T01:40:00Z,Minnesota Timberwolves,San Antonio Spurs,,,False
2026-05-15,2026-05-15T15:24:09.787475+00:00,4066259,De'Aaron Fox,SAS,stl,UNDER,1.5,-186,0.6503496503496503,0.7651040769952379,0.7651040769952379,0.11475442664558755,0.17645035494966677,fanduel,FanDuel,2026-05-16T01:40:00Z,Minnesota Timberwolves,San Antonio Spurs,,,False
2026-05-15,2026-05-15T15:24:09.787475+00:00,6440,Tobias Harris,DET,stl,UNDER,1.5,-149,0.5983935742971888,0.6991563881349531,0.6991563881349531,0.10076281383776431,0.16838886339331083,draftkings,DraftKings,2026-05-15T23:10:00Z,Cleveland Cavaliers,Detroit Pistons,,,False
2026-05-15,2026-05-15T15:24:09.787475+00:00,5104157,Victor Wembanyama,SAS,stl,UNDER,1.5,-270,0.7297297297297297,0.8510779102944301,0.8510779102944301,0.12134818056470043,0.16629195114421907,fanduel,FanDuel,2026-05-16T01:40:00Z,Minnesota Timberwolves,San Antonio Spurs,,,False
2026-05-15,2026-05-15T15:24:09.787475+00:00,3157465,Duncan Robinson,DET,stl,OVER,0.5,-142,0.5867768595041323,0.6841790737233868,0.6841790737233868,0.09740221421925455,0.1659953228243634,draftkings,DraftKings,2026-05-15T23:10:00Z,Cleveland Cavaliers,Detroit Pistons,,,False
2026-05-15,2026-05-15T15:24:09.787475+00:00,6440,Tobias Harris,DET,stl,UNDER,1.5,-150,0.6,0.6991563881349531,0.6991563881349531,0.09915638813495309,0.16526064689158843,bovada,Bovada,2026-05-15T23:10:00Z,Cleveland Cavaliers,Detroit Pistons,,,False
2026-05-15,2026-05-15T15:24:09.787475+00:00,3157465,Duncan Robinson,DET,stl,OVER,0.5,-145,0.5918367346938775,0.6841790737233868,0.6841790737233868,0.09234233902950928,0.15602671077399843,bovada,Bovada,2026-05-15T23:10:00Z,Cleveland Cavaliers,Detroit Pistons,,,False
2026-05-15,2026-05-15T15:24:09.787475+00:00,3992,James Harden,CLE,stl,UNDER,1.5,-185,0.6491228070175439,0.7459310440783591,0.7459310440783591,0.0968082370608152,0.1491370138504451,bovada,Bovada,2026-05-15T23:10:00Z,Cleveland Cavaliers,Detroit Pistons,,,False
2026-05-15,2026-05-15T15:24:09.787475+00:00,3992,James Harden,CLE,stl,UNDER,1.5,-188,0.6527777777777778,0.7459310440783591,0.7459310440783591,0.0931532663005813,0.14270287603493303,draftkings,DraftKings,2026-05-15T23:10:00Z,Cleveland Cavaliers,Detroit Pistons,,,False
2026-05-15,2026-05-15T15:24:09.787475+00:00,4432158,Evan Mobley,CLE,stl,UNDER,0.5,178,0.3597122302158273,0.38586366240200387,0.38586366240200387,0.02615143218617655,0.07270098147757076,fanduel,FanDuel,2026-05-15T23:10:00Z,Cleveland Cavaliers,Detroit Pistons,,,False
2026-05-15,2026-05-15T15:24:09.787475+00:00,4433621,Jalen Duren,DET,stl,OVER,0.5,-105,0.5121951219512195,0.5423785263411348,0.5423785263411348,0.03018340438991529,0.05892950380888218,bovada,Bovada,2026-05-15T23:10:00Z,Cleveland Cavaliers,Detroit Pistons,,,False
2026-05-15,2026-05-15T15:24:09.787475+00:00,4433621,Jalen Duren,DET,stl,OVER,0.5,-107,0.5169082125603864,0.5423785263411348,0.5423785263411348,0.025470313780748377,0.04927434535154118,draftkings,DraftKings,2026-05-15T23:10:00Z,Cleveland Cavaliers,Detroit Pistons,,,False
2026-05-15,2026-05-15T15:24:09.787475+00:00,4432158,Evan Mobley,CLE,stl,UNDER,0.5,171,0.36900369003690037,0.38586366240200387,0.38586366240200387,0.016859972365103504,0.0456905251094305,draftkings,DraftKings,2026-05-15T23:10:00Z,Cleveland Cavaliers,Detroit Pistons,,,False
2026-05-15,2026-05-15T15:24:09.787475+00:00,4395630,Devin Vassell,SAS,stl,UNDER,1.5,-245,0.7101449275362319,0.7400002142451587,0.7400002142451587,0.029855286708926787,0.04204111801869287,draftkings,DraftKings,2026-05-16T01:40:00Z,Minnesota Timberwolves,San Antonio Spurs,,,False
2026-05-15,2026-05-15T15:24:09.787475+00:00,4432158,Evan Mobley,CLE,stl,UNDER,0.5,170,0.37037037037037035,0.38586366240200387,0.38586366240200387,0.015493292031633521,0.04183188848541042,bovada,Bovada,2026-05-15T23:10:00Z,Cleveland Cavaliers,Detroit Pistons,,,False
2026-05-15,2026-05-15T15:24:09.787475+00:00,4395630,Devin Vassell,SAS,stl,UNDER,1.5,-250,0.7142857142857143,0.7400002142451587,0.7400002142451587,0.025714499959444415,0.036000299943222236,bovada,Bovada,2026-05-16T01:40:00Z,Minnesota Timberwolves,San Antonio Spurs,,,False
2026-05-15,2026-05-15T15:24:09.787475+00:00,4395630,Devin Vassell,SAS,stl,UNDER,0.5,205,0.32786885245901637,0.3352962051612871,0.3352962051612871,0.00742735270227074,0.022653425741925637,bovada,Bovada,2026-05-16T01:40:00Z,Minnesota Timberwolves,San Antonio Spurs,,,False
2026-05-15,2026-05-15T15:24:09.787475+00:00,4395630,Devin Vassell,SAS,stl,UNDER,1.5,-270,0.7297297297297297,0.7400002142451587,0.7400002142451587,0.010270484515429001,0.014074367669291543,fanduel,FanDuel,2026-05-16T01:40:00Z,Minnesota Timberwolves,San Antonio Spurs,,,False
2026-05-15,2026-05-15T15:24:09.787475+00:00,4845367,Stephon Castle,SAS,threes,OVER,1.5,174,0.36496350364963503,0.6207294114674058,0.6207294114674058,0.25576590781777075,0.7007985874206919,fanduel,FanDuel,2026-05-16T01:40:00Z,Minnesota Timberwolves,San Antonio Spurs,,,False
2026-05-15,2026-05-15T15:24:09.787475+00:00,4845367,Stephon Castle,SAS,threes,OVER,1.5,171,0.36900369003690037,0.6207294114674058,0.6207294114674058,0.2517257214305054,0.6821767050766696,betonlineag,BetOnline.ag,2026-05-16T01:40:00Z,Minnesota Timberwolves,San Antonio Spurs,,,False
2026-05-15,2026-05-15T15:24:09.787475+00:00,4845367,Stephon Castle,SAS,threes,OVER,1.5,170,0.37037037037037035,0.6207294114674058,0.6207294114674058,0.25035904109703544,0.6759694109619956,bovada,Bovada,2026-05-16T01:40:00Z,Minnesota Timberwolves,San Antonio Spurs,,,False
2026-05-15,2026-05-15T15:24:09.787475+00:00,4845367,Stephon Castle,SAS,threes,OVER,1.5,167,0.37453183520599254,0.6207294114674058,0.6207294114674058,0.24619757626141325,0.6573475286179735,draftkings,DraftKings,2026-05-16T01:40:00Z,Minnesota Timberwolves,San Antonio Spurs,,,False
2026-05-15,2026-05-15T15:24:09.787475+00:00,4845367,Stephon Castle,SAS,threes,OVER,1.5,165,0.37735849056603776,0.6207294114674058,0.6207294114674058,0.24337092090136803,0.6449329403886253,williamhill_us,Caesars,2026-05-16T01:40:00Z,Minnesota Timberwolves,San Antonio Spurs,,,False
2026-05-15,2026-05-15T15:24:09.787475+00:00,4845367,Stephon Castle,SAS,threes,OVER,1.5,165,0.37735849056603776,0.6207294114674058,0.6207294114674058,0.24337092090136803,0.6449329403886253,betmgm,BetMGM,2026-05-16T01:40:00Z,Minnesota Timberwolves,San Antonio Spurs,,,False
2026-05-15,2026-05-15T15:24:09.787475+00:00,4432158,Evan Mobley,CLE,threes,OVER,1.5,178,0.3597122302158273,0.5683474675593964,0.5683474675593964,0.20863523734356904,0.5800059598151218,betonlineag,BetOnline.ag,2026-05-15T23:10:00Z,Cleveland Cavaliers,Detroit Pistons,,,False
2026-05-15,2026-05-15T15:24:09.787475+00:00,4432158,Evan Mobley,CLE,threes,OVER,1.5,174,0.36496350364963503,0.5683474675593964,0.5683474675593964,0.20338396390976132,0.557272061112746,fanduel,FanDuel,2026-05-15T23:10:00Z,Cleveland Cavaliers,Detroit Pistons,,,False
2026-05-15,2026-05-15T15:24:09.787475+00:00,4432158,Evan Mobley,CLE,threes,OVER,1.5,170,0.37037037037037035,0.5683474675593964,0.5683474675593964,0.197977097189026,0.5345381624103701,bovada,Bovada,2026-05-15T23:10:00Z,Cleveland Cavaliers,Detroit Pistons,,,False
2026-05-15,2026-05-15T15:24:09.787475+00:00,4432158,Evan Mobley,CLE,threes,OVER,1.5,169,0.37174721189591076,0.5683474675593964,0.5683474675593964,0.1966002556634856,0.5288546877347762,williamhill_us,Caesars,2026-05-15T23:10:00Z,Cleveland Cavaliers,Detroit Pistons,,,False
2026-05-15,2026-05-15T15:24:09.787475+00:00,4432158,Evan Mobley,CLE,threes,OVER,1.5,168,0.373134328358209,0.5683474675593964,0.5683474675593964,0.19521313920118738,0.5231712130591822,draftkings,DraftKings,2026-05-15T23:10:00Z,Cleveland Cavaliers,Detroit Pistons,,,False
2026-05-15,2026-05-15T15:24:09.787475+00:00,3032979,Dennis Schroder,CLE,threes,OVER,0.5,-103,0.5073891625615764,0.732209320044308,0.732209320044308,0.22482015748273165,0.44309215503878185,betonlineag,BetOnline.ag,2026-05-15T23:10:00Z,Cleveland Cavaliers,Detroit Pistons,,,False
2026-05-15,2026-05-15T15:24:09.787475+00:00,3032979,Dennis Schroder,CLE,threes,OVER,0.5,-105,0.5121951219512195,0.732209320044308,0.732209320044308,0.22001419809308853,0.42955152961031573,betmgm,BetMGM,2026-05-15T23:10:00Z,Cleveland Cavaliers,Detroit Pistons,,,False
2026-05-15,2026-05-15T15:24:09.787475+00:00,4594268,Anthony Edwards,MIN,threes,UNDER,2.5,105,0.4878048780487805,0.6868662630447164,0.6868662630447164,0.19906138499593595,0.4080758392416687,bovada,Bovada,2026-05-16T01:40:00Z,Minnesota Timberwolves,San Antonio Spurs,,,False
2026-05-15,2026-05-15T15:24:09.787475+00:00,4594268,Anthony Edwards,MIN,threes,UNDER,2.5,104,0.49019607843137253,0.6868662630447164,0.6868662630447164,0.1966701846133439,0.4012071766112215,draftkings,DraftKings,2026-05-16T01:40:00Z,Minnesota Timberwolves,San Antonio Spurs,,,False
2026-05-15,2026-05-15T15:24:09.787475+00:00,3032979,Dennis Schroder,CLE,threes,OVER,0.5,-110,0.5238095238095238,0.732209320044308,0.732209320044308,0.20839979623478422,0.3978541564482244,bovada,Bovada,2026-05-15T23:10:00Z,Cleveland Cavaliers,Detroit Pistons,,,False
2026-05-15,2026-05-15T15:24:09.787475+00:00,4594268,Anthony Edwards,MIN,threes,UNDER,2.5,102,0.49504950495049505,0.6868662630447164,0.6868662630447164,0.19181675809422138,0.3874698513503272,betonlineag,BetOnline.ag,2026-05-16T01:40:00Z,Minnesota Timberwolves,San Antonio Spurs,,,False
2026-05-15,2026-05-15T15:24:09.787475+00:00,3032979,Dennis Schroder,CLE,threes,OVER,0.5,-112,0.5283018867924528,0.732209320044308,0.732209320044308,0.20390743325185523,0.38596764151244023,draftkings,DraftKings,2026-05-15T23:10:00Z,Cleveland Cavaliers,Detroit Pistons,,,False
2026-05-15,2026-05-15T15:24:09.787475+00:00,4594268,Anthony Edwards,MIN,threes,UNDER,2.5,-104,0.5098039215686274,0.6868662630447164,0.6868662630447164,0.177062341476089,0.34731459289540534,fanduel,FanDuel,2026-05-16T01:40:00Z,Minnesota Timberwolves,San Antonio Spurs,,,False
2026-05-15,2026-05-15T15:24:09.787475+00:00,4594268,Anthony Edwards,MIN,threes,UNDER,2.5,-104,0.5098039215686274,0.6868662630447164,0.6868662630447164,0.177062341476089,0.34731459289540534,williamhill_us,Caesars,2026-05-16T01:40:00Z,Minnesota Timberwolves,San Antonio Spurs,,,False
2026-05-15,2026-05-15T15:24:09.787475+00:00,4432166,Cade Cunningham,DET,threes,OVER,2.5,135,0.425531914893617,0.57004602669175,0.57004602669175,0.14451411179813295,0.33960816272561245,betmgm,BetMGM,2026-05-15T23:10:00Z,Cleveland Cavaliers,Detroit Pistons,,,False
2026-05-15,2026-05-15T15:24:09.787475+00:00,3908809,Donovan Mitchell,CLE,threes,UNDER,2.5,122,0.45045045045045046,0.5990002930089805,0.5990002930089805,0.14854984255853004,0.32978065047993665,draftkings,DraftKings,2026-05-15T23:10:00Z,Cleveland Cavaliers,Detroit Pistons,,,False
2026-05-15,2026-05-15T15:24:09.787475+00:00,5104157,Victor Wembanyama,SAS,threes,UNDER,1.5,175,0.36363636363636365,0.48125518927416744,0.48125518927416744,0.11761882563780379,0.32345177050396046,bovada,Bovada,2026-05-16T01:40:00Z,Minnesota Timberwolves,San Antonio Spurs,,,False
2026-05-15,2026-05-15T15:24:09.787475+00:00,3908809,Donovan Mitchell,CLE,threes,UNDER,2.5,120,0.45454545454545453,0.5990002930089805,0.5990002930089805,0.14445483846352597,0.3178006446197571,bovada,Bovada,2026-05-15T23:10:00Z,Cleveland Cavaliers,Detroit Pistons,,,False
2026-05-15,2026-05-15T15:24:09.787475+00:00,3908809,Donovan Mitchell,CLE,threes,UNDER,2.5,120,0.45454545454545453,0.5990002930089805,0.5990002930089805,0.14445483846352597,0.3178006446197571,betmgm,BetMGM,2026-05-15T23:10:00Z,Cleveland Cavaliers,Detroit Pistons,,,False
2026-05-15,2026-05-15T15:24:09.787475+00:00,4432166,Cade Cunningham,DET,threes,OVER,2.5,130,0.43478260869565216,0.57004602669175,0.57004602669175,0.1352634179960978,0.3111058613910249,fanduel,FanDuel,2026-05-15T23:10:00Z,Cleveland Cavaliers,Detroit Pistons,,,False
2026-05-15,2026-05-15T15:24:09.787475+00:00,3908809,Donovan Mitchell,CLE,threes,UNDER,2.5,118,0.45871559633027525,0.5990002930089805,0.5990002930089805,0.14028469667870525,0.30582063875957743,fanduel,FanDuel,2026-05-15T23:10:00Z,Cleveland Cavaliers,Detroit Pistons,,,False
2026-05-15,2026-05-15T15:24:09.787475+00:00,3908809,Donovan Mitchell,CLE,threes,UNDER,2.5,118,0.45871559633027525,0.5990002930089805,0.5990002930089805,0.14028469667870525,0.30582063875957743,betonlineag,BetOnline.ag,2026-05-15T23:10:00Z,Cleveland Cavaliers,Detroit Pistons,,,False
2026-05-15,2026-05-15T15:24:09.787475+00:00,4432166,Cade Cunningham,DET,threes,OVER,2.5,128,0.43859649122807015,0.57004602669175,0.57004602669175,0.13144953546367982,0.2997049408571899,betonlineag,BetOnline.ag,2026-05-15T23:10:00Z,Cleveland Cavaliers,Detroit Pistons,,,False
2026-05-15,2026-05-15T15:24:09.787475+00:00,3908809,Donovan Mitchell,CLE,threes,UNDER,2.5,116,0.46296296296296297,0.5990002930089805,0.5990002930089805,0.13603733004601753,0.2938406328993979,williamhill_us,Caesars,2026-05-15T23:10:00Z,Cleveland Cavaliers,Detroit Pistons,,,False
2026-05-15,2026-05-15T15:24:09.787475+00:00,4594268,Anthony Edwards,MIN,threes,UNDER,2.5,-115,0.5348837209302325,0.6868662630447164,0.6868662630447164,0.15198254211448392,0.2841412743879481,betmgm,BetMGM,2026-05-16T01:40:00Z,Minnesota Timberwolves,San Antonio Spurs,,,False
2026-05-15,2026-05-15T15:24:09.787475+00:00,4432166,Cade Cunningham,DET,threes,OVER,2.5,124,0.44642857142857145,0.57004602669175,0.57004602669175,0.12361745526317852,0.27690309978952,williamhill_us,Caesars,2026-05-15T23:10:00Z,Cleveland Cavaliers,Detroit Pistons,,,False
2026-05-15,2026-05-15T15:24:09.787475+00:00,4432166,Cade Cunningham,DET,threes,OVER,2.5,120,0.45454545454545453,0.57004602669175,0.57004602669175,0.11550057214629544,0.25410125872184997,bovada,Bovada,2026-05-15T23:10:00Z,Cleveland Cavaliers,Detroit Pistons,,,False
2026-05-15,2026-05-15T15:24:09.787475+00:00,5037871,Dylan Harper,SAS,threes,OVER,0.5,-150,0.6,0.7501422592262945,0.7501422592262945,0.15014225922629454,0.2502370987104908,betmgm,BetMGM,2026-05-16T01:40:00Z,Minnesota Timberwolves,San Antonio Spurs,,,False
2026-05-15,2026-05-15T15:24:09.787475+00:00,4594268,Anthony Edwards,MIN,threes,UNDER,3.5,-245,0.7101449275362319,0.8859479422603531,0.8859479422603531,0.1758030147241212,0.2475593472645789,bovada,Bovada,2026-05-16T01:40:00Z,Minnesota Timberwolves,San Antonio Spurs,,,False
2026-05-15,2026-05-15T15:24:09.787475+00:00,5104157,Victor Wembanyama,SAS,threes,UNDER,2.5,-168,0.6268656716417911,0.7773879362759614,0.7773879362759614,0.1505222646341703,0.24011885072593836,draftkings,DraftKings,2026-05-16T01:40:00Z,Minnesota Timberwolves,San Antonio Spurs,,,False
2026-05-15,2026-05-15T15:24:09.787475+00:00,3908809,Donovan Mitchell,CLE,threes,UNDER,3.5,-210,0.6774193548387096,0.838494890378356,0.838494890378356,0.16107553553964638,0.23777817151090647,bovada,Bovada,2026-05-15T23:10:00Z,Cleveland Cavaliers,Detroit Pistons,,,False
2026-05-15,2026-05-15T15:24:09.787475+00:00,4432166,Cade Cunningham,DET,threes,OVER,2.5,117,0.4608294930875576,0.57004602669175,0.57004602669175,0.10921653360419237,0.23699987792109745,draftkings,DraftKings,2026-05-15T23:10:00Z,Cleveland Cavaliers,Detroit Pistons,,,False
2026-05-15,2026-05-15T15:24:09.787475+00:00,5104157,Victor Wembanyama,SAS,threes,UNDER,2.5,-170,0.6296296296296297,0.7773879362759614,0.7773879362759614,0.14775830664633172,0.2346749576147622,bovada,Bovada,2026-05-16T01:40:00Z,Minnesota Timberwolves,San Antonio Spurs,,,False
2026-05-15,2026-05-15T15:24:09.787475+00:00,5037871,Dylan Harper,SAS,threes,OVER,0.5,-156,0.609375,0.7501422592262945,0.7501422592262945,0.14076725922629452,0.23100268180725259,betonlineag,BetOnline.ag,2026-05-16T01:40:00Z,Minnesota Timberwolves,San Antonio Spurs,,,False
2026-05-15,2026-05-15T15:24:09.787475+00:00,5037871,Dylan Harper,SAS,threes,OVER,0.5,-162,0.6183206106870229,0.7501422592262945,0.7501422592262945,0.13182164853927159,0.2131930365264763,fanduel,FanDuel,2026-05-16T01:40:00Z,Minnesota Timberwolves,San Antonio Spurs,,,False
2026-05-15,2026-05-15T15:24:09.787475+00:00,5104157,Victor Wembanyama,SAS,threes,UNDER,2.5,-179,0.6415770609318996,0.7773879362759614,0.7773879362759614,0.13581087534406178,0.21168287274297887,betonlineag,BetOnline.ag,2026-05-16T01:40:00Z,Minnesota Timberwolves,San Antonio Spurs,,,False
2026-05-15,2026-05-15T15:24:09.787475+00:00,5037871,Dylan Harper,SAS,threes,OVER,0.5,-163,0.6197718631178707,0.7501422592262945,0.7501422592262945,0.13037039610842382,0.2103522342117513,draftkings,DraftKings,2026-05-16T01:40:00Z,Minnesota Timberwolves,San Antonio Spurs,,,False
2026-05-15,2026-05-15T15:24:09.787475+00:00,5037871,Dylan Harper,SAS,threes,OVER,0.5,-165,0.6226415094339622,0.7501422592262945,0.7501422592262945,0.12750074979233228,0.20477393148465484,bovada,Bovada,2026-05-16T01:40:00Z,Minnesota Timberwolves,San Antonio Spurs,,,False
2026-05-15,2026-05-15T15:24:09.787475+00:00,5104157,Victor Wembanyama,SAS,threes,UNDER,1.5,150,0.4,0.48125518927416744,0.48125518927416744,0.08125518927416742,0.2031379731854186,betmgm,BetMGM,2026-05-16T01:40:00Z,Minnesota Timberwolves,San Antonio Spurs,,,False
2026-05-15,2026-05-15T15:24:09.787475+00:00,5104157,Victor Wembanyama,SAS,threes,UNDER,2.5,-190,0.6551724137931034,0.7773879362759614,0.7773879362759614,0.12221552248285794,0.18653948168436207,williamhill_us,Caesars,2026-05-16T01:40:00Z,Minnesota Timberwolves,San Antonio Spurs,,,False
2026-05-15,2026-05-15T15:24:09.787475+00:00,5104157,Victor Wembanyama,SAS,threes,UNDER,2.5,-192,0.6575342465753424,0.7773879362759614,0.7773879362759614,0.11985368970061894,0.18227748641969127,fanduel,FanDuel,2026-05-16T01:40:00Z,Minnesota Timberwolves,San Antonio Spurs,,,False
2026-05-15,2026-05-15T15:24:09.787475+00:00,3912848,Dean Wade,CLE,threes,OVER,0.5,-155,0.6078431372549019,0.7046306907336469,0.7046306907336469,0.09678755347874501,0.1592311363682578,betmgm,BetMGM,2026-05-15T23:10:00Z,Cleveland Cavaliers,Detroit Pistons,,,False
2026-05-15,2026-05-15T15:24:09.787475+00:00,4845367,Stephon Castle,SAS,threes,OVER,0.5,-275,0.7333333333333333,0.8482569708615936,0.8482569708615936,0.11492363752826029,0.15671405117490034,bovada,Bovada,2026-05-16T01:40:00Z,Minnesota Timberwolves,San Antonio Spurs,,,False
2026-05-15,2026-05-15T15:24:09.787475+00:00,6440,Tobias Harris,DET,threes,OVER,1.5,100,0.5,0.5771101324100055,0.5771101324100055,0.07711013241000553,0.15422026482001105,fanduel,FanDuel,2026-05-15T23:10:00Z,Cleveland Cavaliers,Detroit Pistons,,,False
2026-05-15,2026-05-15T15:24:09.787475+00:00,6440,Tobias Harris,DET,threes,OVER,1.5,-101,0.5024875621890548,0.5771101324100055,0.5771101324100055,0.07462257022095076,0.1485063031129813,betonlineag,BetOnline.ag,2026-05-15T23:10:00Z,Cleveland Cavaliers,Detroit Pistons,,,False
2026-05-15,2026-05-15T15:24:09.787475+00:00,4432158,Evan Mobley,CLE,threes,OVER,0.5,-250,0.7142857142857143,0.8180427587389284,0.8180427587389284,0.1037570444532141,0.14525986223449977,betmgm,BetMGM,2026-05-15T23:10:00Z,Cleveland Cavaliers,Detroit Pistons,,,False
2026-05-15,2026-05-15T15:24:09.787475+00:00,6440,Tobias Harris,DET,threes,OVER,1.5,-104,0.5098039215686274,0.5771101324100055,0.5771101324100055,0.06730621084137811,0.1320237212657801,williamhill_us,Caesars,2026-05-15T23:10:00Z,Cleveland Cavaliers,Detroit Pistons,,,False
2026-05-15,2026-05-15T15:24:09.787475+00:00,4395723,Keldon Johnson,SAS,threes,OVER,0.5,-177,0.6389891696750902,0.7201021595691497,0.7201021595691497,0.08111298989405946,0.1269395378568049,draftkings,DraftKings,2026-05-16T01:40:00Z,Minnesota Timberwolves,San Antonio Spurs,,,False
2026-05-15,2026-05-15T15:24:09.787475+00:00,6440,Tobias Harris,DET,threes,OVER,1.5,-105,0.5121951219512195,0.5771101324100055,0.5771101324100055,0.064915010458786,0.12673882994334407,draftkings,DraftKings,2026-05-15T23:10:00Z,Cleveland Cavaliers,Detroit Pistons,,,False
2026-05-15,2026-05-15T15:24:09.787475+00:00,6440,Tobias Harris,DET,threes,OVER,1.5,-105,0.5121951219512195,0.5771101324100055,0.5771101324100055,0.064915010458786,0.12673882994334407,bovada,Bovada,2026-05-15T23:10:00Z,Cleveland Cavaliers,Detroit Pistons,,,False
2026-05-15,2026-05-15T15:24:09.787475+00:00,3912848,Dean Wade,CLE,threes,OVER,0.5,-167,0.6254681647940075,0.7046306907336469,0.7046306907336469,0.07916252593963946,0.12656523608313608,betonlineag,BetOnline.ag,2026-05-15T23:10:00Z,Cleveland Cavaliers,Detroit Pistons,,,False
2026-05-15,2026-05-15T15:24:09.787475+00:00,3064514,Julius Randle,MIN,threes,UNDER,1.5,-190,0.6551724137931034,0.7354851229504453,0.7354851229504453,0.0803127091573419,0.12258255608225865,betmgm,BetMGM,2026-05-16T01:40:00Z,Minnesota Timberwolves,San Antonio Spurs,,,False
2026-05-15,2026-05-15T15:24:09.787475+00:00,3064514,Julius Randle,MIN,threes,UNDER,1.5,-190,0.6551724137931034,0.7354851229504453,0.7354851229504453,0.0803127091573419,0.12258255608225865,bovada,Bovada,2026-05-16T01:40:00Z,Minnesota Timberwolves,San Antonio Spurs,,,False
2026-05-15,2026-05-15T15:24:09.787475+00:00,3064514,Julius Randle,MIN,threes,UNDER,1.5,-191,0.6563573883161512,0.7354851229504453,0.7354851229504453,0.07912773463429412,0.12055586795067846,draftkings,DraftKings,2026-05-16T01:40:00Z,Minnesota Timberwolves,San Antonio Spurs,,,False
2026-05-15,2026-05-15T15:24:09.787475+00:00,3064514,Julius Randle,MIN,threes,UNDER,1.5,-192,0.6575342465753424,0.7354851229504453,0.7354851229504453,0.0779508763751029,0.11855029115380228,betonlineag,BetOnline.ag,2026-05-16T01:40:00Z,Minnesota Timberwolves,San Antonio Spurs,,,False
2026-05-15,2026-05-15T15:24:09.787475+00:00,3912848,Dean Wade,CLE,threes,OVER,0.5,-171,0.6309963099630996,0.7046306907336469,0.7046306907336469,0.07363438077054729,0.11669542215683226,draftkings,DraftKings,2026-05-15T23:10:00Z,Cleveland Cavaliers,Detroit Pistons,,,False
2026-05-15,2026-05-15T15:24:09.787475+00:00,3064514,Julius Randle,MIN,threes,UNDER,1.5,-193,0.658703071672355,0.7354851229504453,0.7354851229504453,0.07678205127809035,0.11656549753616824,williamhill_us,Caesars,2026-05-16T01:40:00Z,Minnesota Timberwolves,San Antonio Spurs,,,False
2026-05-15,2026-05-15T15:24:09.787475+00:00,4395723,Keldon Johnson,SAS,threes,OVER,0.5,-182,0.6453900709219859,0.7201021595691497,0.7201021595691497,0.07471208864716383,0.11576268680494628,betonlineag,BetOnline.ag,2026-05-16T01:40:00Z,Minnesota Timberwolves,San Antonio Spurs,,,False
2026-05-15,2026-05-15T15:24:09.787475+00:00,4432158,Evan Mobley,CLE,threes,OVER,0.5,-275,0.7333333333333333,0.8180427587389284,0.8180427587389284,0.08470942540559512,0.11551285282581147,bovada,Bovada,2026-05-15T23:10:00Z,Cleveland Cavaliers,Detroit Pistons,,,False
2026-05-15,2026-05-15T15:24:09.787475+00:00,4395630,Devin Vassell,SAS,threes,UNDER,2.5,-161,0.6168582375478927,0.6855992166612463,0.6855992166612463,0.06874097911335364,0.11143723943220679,betonlineag,BetOnline.ag,2026-05-16T01:40:00Z,Minnesota Timberwolves,San Antonio Spurs,,,False
2026-05-15,2026-05-15T15:24:09.787475+00:00,4395723,Keldon Johnson,SAS,threes,OVER,0.5,-185,0.6491228070175439,0.7201021595691497,0.7201021595691497,0.07097935255160581,0.10934657014706844,bovada,Bovada,2026-05-16T01:40:00Z,Minnesota Timberwolves,San Antonio Spurs,,,False
2026-05-15,2026-05-15T15:24:09.787475+00:00,3064514,Julius Randle,MIN,threes,UNDER,1.5,-200,0.6666666666666666,0.7354851229504453,0.7354851229504453,0.0688184562837787,0.10322768442566799,fanduel,FanDuel,2026-05-16T01:40:00Z,Minnesota Timberwolves,San Antonio Spurs,,,False
2026-05-15,2026-05-15T15:24:09.787475+00:00,4432166,Cade Cunningham,DET,threes,OVER,1.5,-250,0.7142857142857143,0.7875473040030994,0.7875473040030994,0.07326158971738506,0.10256622560433915,bovada,Bovada,2026-05-15T23:10:00Z,Cleveland Cavaliers,Detroit Pistons,,,False
2026-05-15,2026-05-15T15:24:09.787475+00:00,6440,Tobias Harris,DET,threes,OVER,1.5,-110,0.5238095238095238,0.5771101324100055,0.5771101324100055,0.05330060860048169,0.10175570732819239,betmgm,BetMGM,2026-05-15T23:10:00Z,Cleveland Cavaliers,Detroit Pistons,,,False
2026-05-15,2026-05-15T15:24:09.787475+00:00,3912848,Dean Wade,CLE,threes,OVER,0.5,-180,0.6428571428571429,0.7046306907336469,0.7046306907336469,0.06177354787650402,0.096092185585673,bovada,Bovada,2026-05-15T23:10:00Z,Cleveland Cavaliers,Detroit Pistons,,,False
2026-05-15,2026-05-15T15:24:09.787475+00:00,4065778,Max Strus,CLE,threes,OVER,2.5,155,0.39215686274509803,0.42920796780479753,0.42920796780479753,0.037051105059699496,0.09448031790223377,betonlineag,BetOnline.ag,2026-05-15T23:10:00Z,Cleveland Cavaliers,Detroit Pistons,,,False
2026-05-15,2026-05-15T15:24:09.787475+00:00,4066259,De'Aaron Fox,SAS,threes,OVER,1.5,104,0.49019607843137253,0.5305328839473272,0.5305328839473272,0.0403368055159547,0.08228708325254752,fanduel,FanDuel,2026-05-16T01:40:00Z,Minnesota Timberwolves,San Antonio Spurs,,,False
2026-05-15,2026-05-15T15:24:09.787475+00:00,4395630,Devin Vassell,SAS,threes,UNDER,2.5,-175,0.6363636363636364,0.6855992166612463,0.6855992166612463,0.04923558029760999,0.07737019761052993,betmgm,BetMGM,2026-05-16T01:40:00Z,Minnesota Timberwolves,San Antonio Spurs,,,False
2026-05-15,2026-05-15T15:24:09.787475+00:00,3992,James Harden,CLE,threes,UNDER,2.5,-135,0.574468085106383,0.6184585953247769,0.6184585953247769,0.04399051021839384,0.0765760733431301,williamhill_us,Caesars,2026-05-15T23:10:00Z,Cleveland Cavaliers,Detroit Pistons,,,False
2026-05-15,2026-05-15T15:24:09.787475+00:00,3992,James Harden,CLE,threes,UNDER,2.5,-135,0.574468085106383,0.6184585953247769,0.6184585953247769,0.04399051021839384,0.0765760733431301,bovada,Bovada,2026-05-15T23:10:00Z,Cleveland Cavaliers,Detroit Pistons,,,False
2026-05-15,2026-05-15T15:24:09.787475+00:00,3992,James Harden,CLE,threes,UNDER,2.5,-135,0.574468085106383,0.6184585953247769,0.6184585953247769,0.04399051021839384,0.0765760733431301,betonlineag,BetOnline.ag,2026-05-15T23:10:00Z,Cleveland Cavaliers,Detroit Pistons,,,False
2026-05-15,2026-05-15T15:24:09.787475+00:00,3992,James Harden,CLE,threes,UNDER,2.5,-135,0.574468085106383,0.6184585953247769,0.6184585953247769,0.04399051021839384,0.0765760733431301,betmgm,BetMGM,2026-05-15T23:10:00Z,Cleveland Cavaliers,Detroit Pistons,,,False
2026-05-15,2026-05-15T15:24:09.787475+00:00,3992,James Harden,CLE,threes,UNDER,2.5,-136,0.576271186440678,0.6184585953247769,0.6184585953247769,0.04218740888409889,0.07320756247534815,draftkings,DraftKings,2026-05-15T23:10:00Z,Cleveland Cavaliers,Detroit Pistons,,,False
2026-05-15,2026-05-15T15:24:09.787475+00:00,4066757,Sam Merrill,CLE,threes,UNDER,1.5,-120,0.5454545454545454,0.582306768984155,0.582306768984155,0.036852223529609596,0.06756240980428418,bovada,Bovada,2026-05-15T23:10:00Z,Cleveland Cavaliers,Detroit Pistons,,,False
2026-05-15,2026-05-15T15:24:09.787475+00:00,4066259,De'Aaron Fox,SAS,threes,OVER,1.5,100,0.5,0.5305328839473272,0.5305328839473272,0.030532883947327227,0.061065767894654455,williamhill_us,Caesars,2026-05-16T01:40:00Z,Minnesota Timberwolves,San Antonio Spurs,,,False
2026-05-15,2026-05-15T15:24:09.787475+00:00,3992,James Harden,CLE,threes,UNDER,2.5,-140,0.5833333333333334,0.6184585953247769,0.6184585953247769,0.0351252619914435,0.06021473484247464,fanatics,Fanatics,2026-05-15T23:10:00Z,Cleveland Cavaliers,Detroit Pistons,,,False
2026-05-15,2026-05-15T15:24:09.787475+00:00,4066757,Sam Merrill,CLE,threes,UNDER,1.5,-122,0.5495495495495496,0.582306768984155,0.582306768984155,0.03275721943460541,0.05960739929903619,draftkings,DraftKings,2026-05-15T23:10:00Z,Cleveland Cavaliers,Detroit Pistons,,,False
2026-05-15,2026-05-15T15:24:09.787475+00:00,4066259,De'Aaron Fox,SAS,threes,OVER,1.5,-101,0.5024875621890548,0.5305328839473272,0.5305328839473272,0.028045321758272457,0.05581296706349281,betonlineag,BetOnline.ag,2026-05-16T01:40:00Z,Minnesota Timberwolves,San Antonio Spurs,,,False
2026-05-15,2026-05-15T15:24:09.787475+00:00,4065778,Max Strus,CLE,threes,OVER,2.5,145,0.40816326530612246,0.42920796780479753,0.42920796780479753,0.021044702498675072,0.05155952112175388,bovada,Bovada,2026-05-15T23:10:00Z,Cleveland Cavaliers,Detroit Pistons,,,False
2026-05-15,2026-05-15T15:24:09.787475+00:00,4395630,Devin Vassell,SAS,threes,UNDER,2.5,-189,0.6539792387543253,0.6855992166612463,0.6855992166612463,0.03161997790692106,0.04835012494762003,draftkings,DraftKings,2026-05-16T01:40:00Z,Minnesota Timberwolves,San Antonio Spurs,,,False
2026-05-15,2026-05-15T15:24:09.787475+00:00,4066757,Sam Merrill,CLE,threes,UNDER,1.5,-125,0.5555555555555556,0.582306768984155,0.582306768984155,0.02675121342859943,0.04815218417147904,betmgm,BetMGM,2026-05-15T23:10:00Z,Cleveland Cavaliers,Detroit Pistons,,,False
2026-05-15,2026-05-15T15:24:09.787475+00:00,3992,James Harden,CLE,threes,UNDER,2.5,-144,0.5901639344262295,0.6184585953247769,0.6184585953247769,0.028294660898547375,0.04794373096698301,fanduel,FanDuel,2026-05-15T23:10:00Z,Cleveland Cavaliers,Detroit Pistons,,,False
2026-05-15,2026-05-15T15:24:09.787475+00:00,4065778,Max Strus,CLE,threes,OVER,2.5,144,0.4098360655737705,0.42920796780479753,0.42920796780479753,0.019371902231027027,0.04726744144370598,draftkings,DraftKings,2026-05-15T23:10:00Z,Cleveland Cavaliers,Detroit Pistons,,,False
2026-05-15,2026-05-15T15:24:09.787475+00:00,4395630,Devin Vassell,SAS,threes,UNDER,2.5,-190,0.6551724137931034,0.6855992166612463,0.6855992166612463,0.03042680286814292,0.04644090964084968,williamhill_us,Caesars,2026-05-16T01:40:00Z,Minnesota Timberwolves,San Antonio Spurs,,,False
