player_id,player_name,team,asof_date,is_home,days_rest,games_last7,games_last14,season_game_number,lag1_pts,lag1_reb,lag1_ast,lag1_threes,lag1_fg3a,lag1_stl,lag1_blk,lag1_tov,lag1_fgm,lag1_fga,lag1_fg_pct,lag1_ftm,lag1_fta,lag1_ft_pct,lag1_oreb,lag1_dreb,lag1_pf,lag1_plus_minus,lag1_min,lag1_pts_per_min,lag1_reb_per_min,lag1_ast_per_min,lag1_fg3m_per_min,lag1_fg3a_per_min,lag1_fga_per_min,lag1_fta_per_min,lag1_tov_per_min,lag1_usage_per_min,b2b,roll3_min,roll3_min_std,roll3_pts,roll3_reb,roll3_ast,roll3_threes,roll3_fg3a,roll3_stl,roll3_blk,roll3_tov,roll3_fgm,roll3_fga,roll3_fg_pct,roll3_ftm,roll3_fta,roll3_ft_pct,roll3_oreb,roll3_dreb,roll3_pf,roll3_plus_minus,roll3_pts_per_min,roll3_pts_per_min_std,roll3_reb_per_min,roll3_reb_per_min_std,roll3_ast_per_min,roll3_ast_per_min_std,roll3_fg3m_per_min,roll3_fg3m_per_min_std,roll3_fg3a_per_min,roll3_fg3a_per_min_std,roll3_fga_per_min,roll3_fga_per_min_std,roll3_fta_per_min,roll3_fta_per_min_std,roll3_tov_per_min,roll3_tov_per_min_std,roll3_usage_per_min,roll3_usage_per_min_std,roll5_min,roll5_min_std,roll5_pts,roll5_reb,roll5_ast,roll5_threes,roll5_fg3a,roll5_stl,roll5_blk,roll5_tov,roll5_fgm,roll5_fga,roll5_fg_pct,roll5_ftm,roll5_fta,roll5_ft_pct,roll5_oreb,roll5_dreb,roll5_pf,roll5_plus_minus,roll5_pts_per_min,roll5_pts_per_min_std,roll5_reb_per_min,roll5_reb_per_min_std,roll5_ast_per_min,roll5_ast_per_min_std,roll5_fg3m_per_min,roll5_fg3m_per_min_std,roll5_fg3a_per_min,roll5_fg3a_per_min_std,roll5_fga_per_min,roll5_fga_per_min_std,roll5_fta_per_min,roll5_fta_per_min_std,roll5_tov_per_min,roll5_tov_per_min_std,roll5_usage_per_min,roll5_usage_per_min_std,roll10_min,roll10_min_std,roll10_pts,roll10_reb,roll10_ast,roll10_threes,roll10_fg3a,roll10_stl,roll10_blk,roll10_tov,roll10_fgm,roll10_fga,roll10_fg_pct,roll10_ftm,roll10_fta,roll10_ft_pct,roll10_oreb,roll10_dreb,roll10_pf,roll10_plus_minus,roll10_pts_per_min,roll10_pts_per_min_std,roll10_reb_per_min,roll10_reb_per_min_std,roll10_ast_per_min,roll10_ast_per_min_std,roll10_fg3m_per_min,roll10_fg3m_per_min_std,roll10_fg3a_per_min,roll10_fg3a_per_min_std,roll10_fga_per_min,roll10_fga_per_min_std,roll10_fta_per_min,roll10_fta_per_min_std,roll10_tov_per_min,roll10_tov_per_min_std,roll10_usage_per_min,roll10_usage_per_min_std,injury_status,team_on_slate,playing_today,pred_min,pred_pts,pred_reb,pred_ast,pred_threes,pred_stl,pred_blk,pred_tov,pred_pra,pred_pr,pred_pa,pred_ra,pred_stocks,mean_pts,mean_reb,mean_ast,mean_threes,mean_pra,mean_stl,mean_blk,mean_tov
3992,James Harden,CLE,2026-06-09,0.0,15.0,0.0,0.0,12.0,12,4,2,0,6,1,1,5,2,8,,8,9,,0,4,2,-19,33.0,0.3636363636363636,0.1212121212121212,0.0606060606060606,0.0,0.1818181818181818,0.2424242424242424,0.2727272727272727,0.1515151515151515,0.5139393939393939,0.0,35.333333333333336,4.932882862316244,16.333333333333332,5.0,3.0,1.3333333333333333,6.666666666666667,1.3333333333333333,0.3333333333333333,3.6666666666666665,5.333333333333333,12.666666666666666,,4.333333333333333,5.0,,0.0,5.0,2.0,-16.333333333333332,0.4631836659275683,0.0994320193734429,0.1435544469081054,0.0380597595103894,0.0816857600394185,0.0348837665902398,0.039380081300813,0.0486393569439632,0.1904332963784183,0.0251416836590214,0.3590093003202759,0.113318008564857,0.1465493348115299,0.1097566881031281,0.0992855383099285,0.0860227025282255,0.5227765459472776,0.0188213618164343,36.8,4.54972526643093,14.6,4.8,3.6,1.0,6.8,1.0,0.4,3.6,4.6,12.8,,4.4,5.8,,0.2,4.6,3.0,-4.8,0.3993387709851125,0.1184108614616161,0.13295806497026,0.0342487638734767,0.0966305036426987,0.0464865355387807,0.0283899535423925,0.0384736683036616,0.1856885492556224,0.0207153319782917,0.3471516119381973,0.0895251044450341,0.1609454739027909,0.0848481514730276,0.0936983071129412,0.0735791571666502,0.5116659275683666,0.0678967721665013,37.8,3.675746333890726,17.9,4.7,4.9,1.9,7.2,1.5,0.6,4.1,5.3,13.9,,5.4,6.7,,0.5,4.2,2.7,-1.6,0.4709908814070754,0.159058625827155,0.1252188187830558,0.0627924636034093,0.128417388842091,0.0723902825353081,0.0502933425788644,0.0471225108333209,0.1903568453380563,0.0395429157998621,0.3655211233795323,0.0742715078872975,0.1776930386484413,0.1017048046788303,0.1061404797664014,0.0661211502004035,0.549846540151248,0.1096876763628176,,,,36.343500000000006,15.585664864864867,4.687431756756757,3.1440621621621627,1.1886925675675677,1.2278209459459462,0.4911283783783784,4.174591216216217,23.41715878378379,20.273096621621622,18.72972702702703,7.83149391891892,1.7189493243243246,15.585664864864867,4.687431756756757,3.1440621621621627,1.1886925675675677,23.41715878378379,1.2278209459459462,0.4911283783783784,4.174591216216217
2580365,Larry Nance Jr.,CLE,2026-06-09,0.0,15.0,0.0,0.0,11.0,0,0,0,0,0,0,0,0,0,0,,0,0,,0,0,0,0,0.0,,,,,,,,,,0.0,0.0,0.0,0.0,0.0,0.0,0.0,0.0,0.0,0.0,0.0,0.0,0.0,,0.0,0.0,,0.0,0.0,0.0,0.0,,,,,,,,,,,,,,,,,,,0.0,0.0,0.0,0.0,0.0,0.0,0.0,0.0,0.0,0.0,0.0,0.0,,0.0,0.0,,0.0,0.0,0.0,0.0,,,,,,,,,,,,,,,,,,,0.0,0.0,0.0,0.0,0.0,0.0,0.0,0.0,0.0,0.0,0.0,0.0,,0.0,0.0,,0.0,0.0,0.0,0.0,,,,,,,,,,,,,,,,,,,,,,8.0,0.0,0.0,0.0,0.0,0.176,0.144,0.48,0.0,0.0,0.0,0.0,0.3199999999999999,0.0,0.0,0.0,0.0,0.0,0.176,0.144,0.48
3032979,Dennis Schroder,CLE,2026-06-09,0.0,17.0,0.0,0.0,11.0,3,0,2,1,1,0,0,0,1,1,,0,0,,0,0,1,2,9.0,0.3333333333333333,0.0,0.2222222222222222,0.1111111111111111,0.1111111111111111,0.1111111111111111,0.0,0.0,0.1111111111111111,0.0,15.0,5.196152422706632,3.333333333333333,1.3333333333333333,3.333333333333333,0.6666666666666666,2.0,0.3333333333333333,0.0,0.0,1.3333333333333333,5.0,,0.0,0.6666666666666666,,0.3333333333333333,1.0,1.6666666666666667,1.0,0.2407407407407407,0.0848625128695525,0.074074074074074,0.1283000598199168,0.2222222222222222,0.0555555555555555,0.0555555555555555,0.0555555555555555,0.1296296296296296,0.0848625128695526,0.2962962962962963,0.1951046991269025,0.037037037037037,0.0641500299099584,0.0,0.0,0.3125925925925926,0.1948260805079507,15.6,3.9115214431215897,2.4,1.8,3.2,0.4,1.4,0.4,0.0,1.0,1.0,4.0,,0.0,0.4,,0.4,1.4,1.6,2.2,0.1666666666666666,0.1242259987499883,0.1044444444444444,0.1004926138186223,0.2066666666666667,0.0462147429846342,0.0333333333333333,0.0496903994999953,0.0911111111111111,0.0832962880621835,0.2422222222222222,0.1734543736925835,0.0222222222222222,0.0496903994999952,0.0622222222222222,0.0908125188520113,0.3142222222222222,0.1738780614307439,17.3,3.560586718193756,4.8,1.6,3.1,0.7,1.6,0.3,0.2,1.6,1.7,4.4,,0.7,1.1,,0.4,1.2,1.5,0.2,0.2739950980392157,0.1716895087608383,0.0880176767676767,0.0788384586576496,0.1855860071301248,0.0882565755362093,0.0415530303030303,0.0507355308482686,0.0913242721330956,0.0594600999621996,0.2498677956030897,0.1245015686065935,0.0630228758169934,0.0970435415226488,0.0919667260843731,0.0849000622989621,0.36956458704694,0.1709036554353029,,,,14.8505,3.2800666666666665,1.3320266666666667,3.196066666666667,0.6480133333333333,0.3300111111111111,0.0,0.0,7.80816,4.612093333333333,6.476133333333333,4.5280933333333335,0.3300111111111111,3.2800666666666665,1.3320266666666667,3.196066666666667,0.6480133333333333,7.80816,0.3300111111111111,0.0,0.0
3908809,Donovan Mitchell,CLE,2026-06-09,0.0,15.0,0.0,0.0,12.0,31,4,1,5,9,1,0,4,9,18,,8,10,,0,4,3,-23,32.0,0.96875,0.125,0.03125,0.15625,0.28125,0.5625,0.3125,0.125,0.825,0.0,36.333333333333336,3.7859388972001815,26.666666666666668,3.0,2.0,3.333333333333333,8.666666666666666,1.3333333333333333,0.3333333333333333,3.333333333333333,8.666666666666666,19.0,,6.0,8.333333333333334,,0.0,3.0,4.0,-17.666666666666668,0.7468932748538011,0.1945710733686358,0.0846266306792622,0.0517296629122511,0.0540513945119208,0.0444392695700891,0.0954931399010346,0.0544048663256727,0.2412983580746738,0.0542890174620487,0.5255566801619433,0.0556605396156997,0.233721322537112,0.0773448962982364,0.0940733243364822,0.0593553305582342,0.7224673864147548,0.1211947586334597,36.2,4.43846820423443,27.0,4.0,3.4,3.2,8.6,2.2,0.6,2.8,9.6,20.4,,4.6,6.4,,0.4,3.6,4.6,-9.8,0.757341315030298,0.1459165214992262,0.1138758997293512,0.0598568945544937,0.0986778862744223,0.0948406312867177,0.0897113048690236,0.040977072934216,0.237147228849525,0.0469499434701039,0.5694646139193533,0.0890387630205663,0.1838205197221098,0.1060039864617251,0.0759561897238405,0.0597220892166637,0.7263018323209222,0.0966573537917387,37.2,3.4576806613039843,28.3,4.9,3.2,2.7,8.6,1.5,0.3,2.5,9.8,21.4,,6.0,7.4,,0.7,4.2,3.3,-4.5,0.7694245693216923,0.216141509415786,0.1333180894027099,0.0632461429210494,0.0886297376911636,0.0652906331055213,0.0741213843318226,0.0378378089327505,0.2316468380243019,0.052346359528621,0.5799365337428508,0.0937983510929531,0.2029242814013922,0.1064854357147552,0.0668509526821465,0.0436524533343349,0.7360741702416098,0.1157882046331727,,,,36.4015,26.975054,3.590484,2.342454,3.4024840000000003,2.4267666666666665,0.4853533333333333,3.3974733333333336,32.907992,30.565538,29.317508,5.932938,2.91212,26.975054,3.590484,2.342454,3.4024840000000003,32.907992,2.4267666666666665,0.4853533333333333,3.3974733333333336
3912848,Dean Wade,CLE,2026-06-09,0.0,15.0,0.0,0.0,12.0,0,1,1,0,1,2,1,0,0,1,,0,0,,1,0,0,-14,12.0,0.0,0.0833333333333333,0.0833333333333333,0.0,0.0833333333333333,0.0833333333333333,0.0,0.0,0.0833333333333333,0.0,16.666666666666668,4.509249752822893,1.0,2.0,1.6666666666666667,0.3333333333333333,1.6666666666666667,1.0,0.3333333333333333,0.6666666666666666,0.3333333333333333,1.6666666666666667,,0.0,0.0,,0.6666666666666666,1.3333333333333333,1.0,-8.333333333333334,0.0476190476190476,0.0824786098842322,0.1146125116713352,0.029877706276936,0.0950046685340803,0.0432154728794902,0.0158730158730158,0.0274928699614107,0.0950046685340803,0.0432154728794902,0.0950046685340803,0.0432154728794902,0.0,0.0,0.0317460317460317,0.0549857399228215,0.126750700280112,0.0972028147638558,20.0,6.244997998398398,3.6,3.4,1.8,1.0,2.2,0.6,0.2,0.4,1.2,2.4,,0.2,0.2,,1.2,2.2,1.0,-1.4,0.1451559934318555,0.1505425668476067,0.1603931227663479,0.0773350472286286,0.0872162658166715,0.0379095953624067,0.0397372742200328,0.042841096971642,0.1010093692649473,0.0542965046622677,0.1105331787887568,0.046156549083987,0.0068965517241379,0.0154211584655157,0.019047619047619,0.0425917709999959,0.1326152805949966,0.0765160294096885,20.8,4.5898438608156,3.2,3.7,0.9,0.9,1.9,0.4,0.1,0.5,1.1,2.3,,0.1,0.1,,1.2,2.5,0.8,-1.1,0.1386440278714729,0.1392447093891668,0.1692804953520184,0.0749962099860558,0.0436081329083357,0.0524565875957087,0.0389920967705604,0.0381817540097963,0.0887516039535618,0.0635867499990612,0.1065569869763361,0.0731165689605402,0.0034482758620689,0.0109044057247185,0.0256363414931189,0.045005264323103,0.1337105698487654,0.0893245398091412,,,,18.5865,2.7151227848101263,2.6247962025316456,1.713306329113924,0.816653164556962,0.7058164556962025,0.2352721518987341,0.4705443037974683,7.053225316455696,5.339918987341772,4.42842911392405,4.3381025316455695,0.9410886075949368,2.7151227848101263,2.6247962025316456,1.713306329113924,0.816653164556962,7.053225316455696,0.7058164556962025,0.2352721518987341,0.4705443037974683
3934723,Thomas Bryant,CLE,2026-06-09,0.0,15.0,0.0,0.0,12.0,10,3,0,2,5,0,0,0,4,7,,0,0,,0,3,0,-4,9.0,1.1111111111111112,0.3333333333333333,0.0,0.2222222222222222,0.5555555555555556,0.7777777777777778,0.0,0.0,0.7777777777777778,0.0,3.333333333333333,4.932882862316247,3.333333333333333,1.3333333333333333,0.0,0.6666666666666666,1.6666666666666667,0.0,0.0,0.0,1.3333333333333333,2.6666666666666665,,0.0,0.0,,0.0,1.3333333333333333,0.0,-0.6666666666666666,0.5555555555555556,0.7856742013183862,0.6666666666666666,0.4714045207910317,0.0,0.0,0.1111111111111111,0.1571348402636772,0.2777777777777778,0.3928371006591931,0.8888888888888888,0.1571348402636772,0.0,0.0,0.0,0.0,0.8888888888888888,0.1571348402636772,2.8,3.8340579025361623,2.0,1.6,0.2,0.4,1.4,0.0,0.0,0.2,0.8,2.4,,0.0,0.0,,0.4,1.2,0.2,-0.2,0.3703703703703704,0.6415002990995842,0.7777777777777778,0.3849001794597505,0.0833333333333333,0.1443375672974064,0.074074074074074,0.1283000598199168,0.3518518518518518,0.3059761415158946,0.925925925925926,0.1283000598199168,0.0,0.0,0.0833333333333333,0.1443375672974064,1.0092592592592593,0.2362472374476495,1.6,2.913569784454954,1.0,0.8,0.1,0.2,0.8,0.0,0.0,0.1,0.4,1.4,,0.0,0.0,,0.2,0.6,0.1,-0.5,0.2777777777777778,0.5555555555555556,0.5833333333333334,0.5,0.0625,0.125,0.0555555555555555,0.1111111111111111,0.3888888888888889,0.2605786533235238,0.9444444444444444,0.1111111111111111,0.0,0.0,0.0625,0.125,1.0069444444444444,0.1929506109645806,,,,6.95,3.4000000000000004,1.5699999999999998,0.09,0.68,0.1529,0.1251,0.417,5.0600000000000005,4.970000000000001,3.49,1.66,0.278,3.4000000000000004,1.5699999999999998,0.09,0.68,5.0600000000000005,0.1529,0.1251,0.417
4065778,Max Strus,CLE,2026-06-09,0.0,15.0,0.0,0.0,12.0,5,2,2,1,4,0,0,2,2,6,,0,0,,0,2,3,-9,22.0,0.2272727272727272,0.0909090909090909,0.0909090909090909,0.0454545454545454,0.1818181818181818,0.2727272727272727,0.0,0.0909090909090909,0.3636363636363636,0.0,26.33333333333333,4.509249752822893,7.666666666666667,4.333333333333333,3.6666666666666665,2.0,6.333333333333333,0.6666666666666666,0.0,1.6666666666666667,2.333333333333333,8.333333333333334,,1.0,1.0,,2.0,2.333333333333333,4.666666666666667,-9.666666666666666,0.2796450860966989,0.1222487204387483,0.1568538987893827,0.0674989583508238,0.1332806977968268,0.053608848194624,0.0709827806602,0.0503937685322968,0.230167681780585,0.1088703700960776,0.3096849387171967,0.0670634072206188,0.0363937138130686,0.0386279385569416,0.0687645687645687,0.0607962767167598,0.3944627415595157,0.0280430355989292,26.4,3.361547262794322,8.0,3.6,2.8,1.8,6.0,1.2,0.0,1.6,2.4,7.6,,1.4,1.4,,1.6,2.0,4.2,-5.8,0.2960727659437337,0.0893231978472849,0.131540910702201,0.0597624283059489,0.1022541329638103,0.0580119657927551,0.0657325255389771,0.0395803451853184,0.2218148947826367,0.0808014813344093,0.283810963230318,0.0593000226228753,0.0521219425735554,0.0349152503133008,0.0652587412587412,0.060589924335644,0.3720033592214237,0.0543782391756159,27.9,3.813717929323621,8.1,4.6,2.0,2.0,6.1,1.0,0.3,1.3,2.6,7.5,,0.9,0.9,,1.5,3.1,3.7,-4.9,0.2797478196833035,0.1310308908637552,0.1594192139998591,0.0646012819654809,0.0725759879308266,0.0542827928083881,0.067320882224108,0.045823322681202,0.2154984119822829,0.0582389546562227,0.2684052781149555,0.0487590513418399,0.0316165268423332,0.0358238830380787,0.051062419062419,0.0499105925037385,0.3333789689880012,0.0676203597949276,,,,26.013,7.640324999999999,3.763125,2.9129,1.9126,0.750375,0.0,2.001,14.31635,11.40345,10.553224999999998,6.676024999999999,0.750375,7.640324999999999,3.763125,2.9129,1.9126,14.31635,0.750375,0.0,2.001
4066328,Jarrett Allen,CLE,2026-06-09,0.0,15.0,0.0,0.0,12.0,6,3,1,0,0,2,2,1,3,5,,0,0,,0,3,0,-22,26.0,0.2307692307692307,0.1153846153846153,0.0384615384615384,0.0,0.0,0.1923076923076923,0.0,0.0384615384615384,0.2307692307692307,0.0,30.33333333333333,5.131601439446881,12.0,6.666666666666667,0.3333333333333333,0.0,0.0,1.0,1.3333333333333333,0.3333333333333333,5.0,8.0,,2.0,3.333333333333333,,3.0,3.6666666666666665,1.0,-18.666666666666668,0.3837557716868061,0.1330301406358389,0.2182188820119854,0.1165544384662301,0.0128205128205128,0.0222057795842163,0.0,0.0,0.0,0.0,0.2623784261715297,0.0770097304541389,0.1060025542784163,0.1035428355489621,0.0128205128205128,0.0222057795842163,0.3218400628745456,0.1044549441641795,30.2,5.06951674225463,13.8,6.8,1.0,0.0,0.0,1.0,1.2,0.8,5.2,8.8,,3.4,6.2,,3.6,3.2,1.4,-11.4,0.4713963201549409,0.2711824631715321,0.2269313292071912,0.0879476758836267,0.0328351648351648,0.0354805878882255,0.0,0.0,0.0,0.0,0.303712769988632,0.1582473021580359,0.2133158182813355,0.1938288990589957,0.0294065934065934,0.0330600884471636,0.4269783234390131,0.2579578110726031,31.2,3.8528488738133015,14.7,6.8,1.2,0.0,0.0,0.9,1.4,0.9,5.4,8.4,,3.9,6.1,,3.7,3.1,1.6,-4.6,0.4788186797907321,0.2100310504709221,0.2186157542093304,0.0743856742444234,0.0384561128835322,0.0313379218653557,0.0,0.0,0.0,0.0,0.2755414208366099,0.1144313617778867,0.200513195879019,0.1415564587944926,0.0302902142660207,0.0221034674110839,0.394057441289399,0.1833054541916015,,,,30.4015,11.56737619047619,6.384764285714287,0.9150761904761904,0.0,0.9651269841269842,1.20640873015873,0.4825634920634921,18.86721666666667,17.95214047619048,12.48245238095238,7.299840476190477,2.171535714285714,11.56737619047619,6.384764285714287,0.9150761904761904,0.0,18.86721666666667,0.9651269841269842,1.20640873015873,0.4825634920634921
4066757,Sam Merrill,CLE,2026-06-09,0.0,15.0,0.0,0.0,12.0,5,1,1,1,2,0,0,1,2,4,,0,0,,1,0,3,-13,18.0,0.2777777777777778,0.0555555555555555,0.0555555555555555,0.0555555555555555,0.1111111111111111,0.2222222222222222,0.0,0.0555555555555555,0.2777777777777778,0.0,21.666666666666668,3.21455025366432,5.0,1.3333333333333333,0.6666666666666666,1.0,4.333333333333333,0.3333333333333333,0.0,0.6666666666666666,1.6666666666666667,5.666666666666667,,0.6666666666666666,1.3333333333333333,,0.3333333333333333,1.0,3.0,-7.333333333333333,0.2338969404186795,0.0537722247418394,0.0601851851851851,0.0626284687892068,0.0324074074074074,0.0289120277703629,0.0462962962962963,0.0424312564347762,0.1940418679549114,0.0994844622935811,0.2594605475040257,0.076841243682608,0.0579710144927536,0.1004087424677609,0.0330112721417069,0.0292193998576876,0.3179790660225443,0.134336257124204,23.6,3.646916505762096,10.0,1.2,1.2,2.2,5.8,0.6,0.0,0.8,3.2,7.2,,1.4,1.8,,0.4,0.8,3.4,-3.4,0.4100524499654934,0.2996934480820649,0.0512539682539682,0.0459676072040793,0.0497301587301587,0.0314608019759912,0.0892063492063492,0.0736912347919343,0.237567977915804,0.0929932637885462,0.2999620427881297,0.0824600987707383,0.0739254658385093,0.0863081461954056,0.0358067632850241,0.0352354843750572,0.3682960110420979,0.1394813846153246,18.9,7.880355321938218,7.9,0.8,1.0,1.8,4.9,0.5,0.0,0.4,2.5,5.9,,1.1,1.3,,0.2,0.6,2.8,-2.4,0.4123307261713058,0.2213842003349052,0.0409744268077601,0.0401295512794929,0.052363315696649,0.0387941585485927,0.0930776014109347,0.0540102220365008,0.2586356491066636,0.0943835777203482,0.3137355264166858,0.0932315516379221,0.0680538302277432,0.075702960545857,0.0198926462694578,0.0312556445720457,0.3635718579863507,0.1187944155398141,,,,21.9435,6.754416129032259,1.1598548387096774,0.954283870967742,1.4814258064516128,0.4719032258064516,0.0,0.4719032258064516,8.868554838709679,7.914270967741936,7.7087,2.11413870967742,0.4719032258064516,6.754416129032259,1.1598548387096774,0.954283870967742,1.4814258064516128,8.868554838709679,0.4719032258064516,0.0,0.4719032258064516
4278046,Olivier Sarr,CLE,2026-06-09,0.0,31.0,0.0,0.0,2.0,0,0,0,0,0,0,0,0,0,0,,0,0,,0,0,0,0,0.0,,,,,,,,,,0.0,0.0,,0.0,0.0,0.0,0.0,0.0,0.0,0.0,0.0,0.0,0.0,,0.0,0.0,,0.0,0.0,0.0,0.0,,,,,,,,,,,,,,,,,,,0.0,,0.0,0.0,0.0,0.0,0.0,0.0,0.0,0.0,0.0,0.0,,0.0,0.0,,0.0,0.0,0.0,0.0,,,,,,,,,,,,,,,,,,,0.0,,0.0,0.0,0.0,0.0,0.0,0.0,0.0,0.0,0.0,0.0,,0.0,0.0,,0.0,0.0,0.0,0.0,,,,,,,,,,,,,,,,,,,,,,8.0,0.0,0.0,0.0,0.0,0.176,0.144,0.48,0.0,0.0,0.0,0.0,0.3199999999999999,0.0,0.0,0.0,0.0,0.0,0.176,0.144,0.48
4431734,Tristan Enaruna,CLE,2026-06-09,0.0,31.0,0.0,0.0,2.0,0,0,0,0,0,0,0,0,0,0,,0,0,,0,0,0,0,0.0,,,,,,,,,,0.0,0.0,,0.0,0.0,0.0,0.0,0.0,0.0,0.0,0.0,0.0,0.0,,0.0,0.0,,0.0,0.0,0.0,0.0,,,,,,,,,,,,,,,,,,,0.0,,0.0,0.0,0.0,0.0,0.0,0.0,0.0,0.0,0.0,0.0,,0.0,0.0,,0.0,0.0,0.0,0.0,,,,,,,,,,,,,,,,,,,0.0,,0.0,0.0,0.0,0.0,0.0,0.0,0.0,0.0,0.0,0.0,,0.0,0.0,,0.0,0.0,0.0,0.0,,,,,,,,,,,,,,,,,,,,,,8.0,0.0,0.0,0.0,0.0,0.176,0.144,0.48,0.0,0.0,0.0,0.0,0.3199999999999999,0.0,0.0,0.0,0.0,0.0,0.176,0.144,0.48
4432158,Evan Mobley,CLE,2026-06-09,0.0,15.0,0.0,0.0,12.0,15,7,4,1,4,1,0,3,7,15,,0,1,,2,5,1,-30,33.0,0.4545454545454545,0.2121212121212121,0.1212121212121212,0.0303030303030303,0.1212121212121212,0.4545454545454545,0.0303030303030303,0.0909090909090909,0.5587878787878787,0.0,35.333333333333336,2.081665999466131,17.666666666666668,6.333333333333333,3.0,1.3333333333333333,4.333333333333333,0.3333333333333333,1.0,3.0,7.333333333333333,13.666666666666666,,1.6666666666666667,3.0,,1.6666666666666667,4.666666666666667,1.0,-18.666666666666668,0.4998634998634998,0.1493915265824474,0.1803166803166803,0.0276354631350171,0.0859495859495859,0.0330979290620232,0.0373782873782873,0.0144967279324519,0.122986622986623,0.0428203778289926,0.3902538902538903,0.1524249419024084,0.0831740831740831,0.045812287440481,0.0856083356083356,0.0561190033755895,0.5124588224588225,0.2024980970552413,36.4,2.509980079602228,17.8,9.0,3.6,1.4,5.0,0.6,1.6,2.8,7.0,13.4,,2.4,4.4,,1.6,7.4,1.2,-6.2,0.4915847665847665,0.129277875140538,0.2448566748566748,0.0907013068379276,0.0999030849030849,0.0443074082494057,0.0379825279825279,0.0129418132621608,0.136014196014196,0.0471451727147159,0.3697078897078897,0.1194800168110197,0.121015561015561,0.1090775907186207,0.0774761124761124,0.0417843457160016,0.5004308490308491,0.1445017031419271,37.2,2.780887148615228,16.5,7.6,4.1,1.3,4.3,1.2,2.3,2.7,6.1,12.1,,3.0,5.0,,1.7,5.9,2.0,-2.9,0.4446792845048659,0.1182656185783357,0.2032124757706153,0.0908911101037349,0.1091544842126237,0.0440155786769838,0.0345398626793975,0.0171014020233904,0.1157958080051103,0.0439853493454024,0.3266249645319412,0.1058349679947319,0.1347176791362838,0.103203989638181,0.0723993561784259,0.0332544959041497,0.4583000995303321,0.1262675081579122,,,,35.9995,16.892134246575342,7.93012397260274,3.2073178082191776,1.4076589041095888,0.2465719178082191,1.479431506849315,2.95886301369863,28.02957602739726,24.82225821917808,20.09945205479452,11.137441780821916,1.726003424657534,16.892134246575342,7.93012397260274,3.2073178082191776,1.4076589041095888,28.02957602739726,0.2465719178082191,1.479431506849315,2.95886301369863
4683747,Jaylon Tyson,CLE,2026-06-09,0.0,15.0,0.0,0.0,12.0,2,3,2,0,4,1,0,2,1,6,,0,0,,1,2,2,-21,16.0,0.125,0.1875,0.125,0.0,0.25,0.375,0.0,0.125,0.5,0.0,11.666666666666666,3.785938897200178,3.0,3.0,1.0,0.0,2.6666666666666665,0.3333333333333333,0.0,1.0,1.0,4.0,,1.0,1.0,,0.6666666666666666,2.333333333333333,1.3333333333333333,-6.0,0.2861111111111111,0.1434527925963928,0.2736111111111111,0.0764141372415495,0.0787037037037037,0.0685122619766145,0.0,0.0,0.2203703703703703,0.0978682241609171,0.3324074074074074,0.0962384085265345,0.1037037037037037,0.1002055500627309,0.0787037037037037,0.0685122619766145,0.4567407407407407,0.0648132486583267,7.8,6.099180272790763,1.8,1.8,0.6,0.0,1.8,0.2,0.0,0.6,0.6,2.6,,0.6,0.6,,0.4,1.4,0.8,-3.4,0.2145833333333333,0.1848892311027815,0.2052083333333333,0.1503612547980511,0.0590277777777777,0.0683948458458062,0.0,0.0,0.2277777777777777,0.0812707713240433,0.3118055555555555,0.0887259791871357,0.0777777777777777,0.0968644209675705,0.0590277777777777,0.0683948458458062,0.4050555555555555,0.1161289725762048,8.8,6.957010852370435,2.2,1.9,0.6,0.1,1.5,0.1,0.1,0.5,0.8,2.6,,0.5,0.7,,0.5,1.4,0.6,-3.2,0.2795334295334295,0.3054236205336471,0.1739959114959115,0.1485270269945688,0.0471580888247554,0.061674538816374,0.0079365079365079,0.0238095238095238,0.1490339907006573,0.1102572762404647,0.3042247875581209,0.1137032165584301,0.0724466891133557,0.0973867527893797,0.0712081128747795,0.1109890044593929,0.4073094436427769,0.142839636313288,,,,10.836833333333333,2.579968571428572,2.615968571428572,0.9293228571428572,0.008,0.3096238095238095,0.0,0.9288714285714286,6.125260000000001,5.195937142857144,3.5092914285714287,3.5452914285714288,0.3096238095238095,2.579968571428572,2.615968571428572,0.9293228571428572,0.008,6.125260000000001,0.3096238095238095,0.0,0.9288714285714286
4701233,Craig Porter Jr.,CLE,2026-06-09,0.0,15.0,0.0,0.0,12.0,0,1,3,0,0,0,0,3,0,0,,0,0,,0,1,1,-4,9.0,0.0,0.1111111111111111,0.3333333333333333,0.0,0.0,0.0,0.0,0.3333333333333333,0.3333333333333333,0.0,3.333333333333333,4.932882862316247,0.0,0.3333333333333333,1.0,0.0,0.0,0.0,0.0,1.0,0.0,0.0,,0.0,0.0,,0.0,0.3333333333333333,0.3333333333333333,-0.6666666666666666,0.0,0.0,0.0555555555555555,0.0785674201318386,0.1666666666666666,0.2357022603955158,0.0,0.0,0.0,0.0,0.0,0.0,0.0,0.0,0.1666666666666666,0.2357022603955158,0.1666666666666666,0.2357022603955158,2.8,3.8340579025361623,0.4,0.6,0.8,0.0,0.0,0.0,0.0,0.6,0.2,0.4,,0.0,0.0,,0.0,0.6,0.2,-0.2,0.1666666666666666,0.2886751345948129,0.2037037037037037,0.2625453125695893,0.1944444444444444,0.1734721666221777,0.0,0.0,0.0,0.0,0.1666666666666666,0.2886751345948129,0.0,0.0,0.1111111111111111,0.1924500897298752,0.2777777777777777,0.2545875386086578,1.6,2.913569784454954,0.2,0.3,0.4,0.0,0.0,0.0,0.0,0.4,0.1,0.2,,0.0,0.0,,0.0,0.3,0.1,-0.5,0.125,0.25,0.1527777777777778,0.2373334373699314,0.1458333333333333,0.1717960677340692,0.0,0.0,0.0,0.0,0.125,0.25,0.0,0.0,0.0833333333333333,0.1666666666666666,0.2083333333333333,0.25,,,,6.95,0.18,0.52,1.11,0.0,0.1529,0.1251,0.417,1.81,0.7,1.29,1.63,0.278,0.18,0.52,1.11,0.0,1.81,0.1529,0.1251,0.417
4702177,Keon Ellis,CLE,2026-06-09,0.0,15.0,0.0,0.0,12.0,5,2,1,1,3,1,0,0,1,3,,2,2,,0,2,1,-20,16.0,0.3125,0.125,0.0625,0.0625,0.1875,0.1875,0.125,0.0,0.2425,0.0,5.666666666666667,8.962886439832502,1.6666666666666667,0.6666666666666666,0.3333333333333333,0.3333333333333333,1.0,0.3333333333333333,0.0,0.0,0.3333333333333333,1.0,,0.6666666666666666,0.6666666666666666,,0.0,0.6666666666666666,0.3333333333333333,-6.0,0.15625,0.2209708691207961,0.0625,0.0883883476483184,0.03125,0.0441941738241592,0.03125,0.0441941738241592,0.09375,0.1325825214724776,0.09375,0.1325825214724776,0.0625,0.0883883476483184,0.0,0.0,0.12125,0.1714733944377377,5.2,6.3796551630946325,2.0,0.4,0.2,0.4,0.8,0.2,0.0,0.6,0.4,0.8,,0.8,0.8,,0.0,0.4,0.6,-2.2,0.365625,0.3084529610275555,0.03125,0.0625,0.015625,0.03125,0.078125,0.1183105905375057,0.109375,0.1288470508005519,0.109375,0.1288470508005519,0.13125,0.1886078382959379,0.1625,0.1973786547054502,0.329625,0.2620252452850043,3.4,4.971027168615267,1.3,0.2,0.2,0.3,0.5,0.2,0.0,0.4,0.3,0.5,,0.4,0.4,,0.0,0.2,0.3,-1.6,0.3270833333333333,0.2926619921798296,0.0208333333333333,0.0510310363079828,0.09375,0.2005850816985151,0.0798611111111111,0.1057518277576046,0.1006944444444444,0.1136642432130051,0.1006944444444444,0.1136642432130051,0.0875,0.161051234084064,0.1916666666666666,0.2245365597551246,0.3308611111111111,0.2287118618278045,,,,7.766666666666667,2.366727272727273,0.6956363636363636,0.3558181818181818,0.3918181818181818,0.353030303030303,0.0,0.706060606060606,3.418181818181818,3.0623636363636364,2.722545454545455,1.0514545454545454,0.353030303030303,2.366727272727273,0.6956363636363636,0.3558181818181818,0.3918181818181818,3.418181818181818,0.353030303030303,0.0,0.706060606060606
5023693,Tyrese Proctor,CLE,2026-06-09,0.0,15.0,0.0,0.0,12.0,0,1,2,0,2,0,0,1,0,2,,0,0,,0,1,1,-4,9.0,0.0,0.1111111111111111,0.2222222222222222,0.0,0.2222222222222222,0.2222222222222222,0.0,0.1111111111111111,0.3333333333333333,0.0,3.333333333333333,4.932882862316247,0.0,0.3333333333333333,0.6666666666666666,0.0,0.6666666666666666,0.0,0.0,0.3333333333333333,0.0,0.6666666666666666,,0.0,0.0,,0.0,0.3333333333333333,0.3333333333333333,-0.6666666666666666,0.0,0.0,0.0555555555555555,0.0785674201318386,0.1111111111111111,0.1571348402636772,0.0,0.0,0.1111111111111111,0.1571348402636772,0.1111111111111111,0.1571348402636772,0.0,0.0,0.0555555555555555,0.0785674201318386,0.1666666666666666,0.2357022603955158,2.0,3.9370039370059056,0.0,0.2,0.4,0.0,0.4,0.0,0.0,0.2,0.0,0.4,,0.0,0.0,,0.0,0.2,0.2,-0.4,0.0,0.0,0.0555555555555555,0.0785674201318386,0.1111111111111111,0.1571348402636772,0.0,0.0,0.1111111111111111,0.1571348402636772,0.1111111111111111,0.1571348402636772,0.0,0.0,0.0555555555555555,0.0785674201318386,0.1666666666666666,0.2357022603955158,1.0,2.8284271247461903,0.0,0.1,0.2,0.0,0.2,0.0,0.0,0.2,0.0,0.2,,0.0,0.0,,0.0,0.1,0.1,-0.6,0.0,0.0,0.0555555555555555,0.0785674201318386,0.1111111111111111,0.1571348402636772,0.0,0.0,0.1111111111111111,0.1571348402636772,0.1111111111111111,0.1571348402636772,0.0,0.0,0.0555555555555555,0.0785674201318386,0.1666666666666666,0.2357022603955158,,,,6.95,0.0,0.34,0.68,0.0,0.1529,0.1251,0.417,1.02,0.34,0.68,1.02,0.278,0.0,0.34,0.68,0.0,1.02,0.1529,0.1251,0.417
5106268,Nae'Qwan Tomlin,CLE,2026-06-09,0.0,15.0,0.0,0.0,12.0,2,1,1,0,0,0,0,0,1,2,,0,0,,1,0,1,-2,7.0,0.2857142857142857,0.1428571428571428,0.1428571428571428,0.0,0.0,0.2857142857142857,0.0,0.0,0.2857142857142857,0.0,2.6666666666666665,3.7859388972001824,1.3333333333333333,0.6666666666666666,0.3333333333333333,0.0,0.0,0.0,0.0,0.0,0.6666666666666666,1.0,,0.0,0.0,,0.6666666666666666,0.0,0.3333333333333333,0.0,1.1428571428571428,1.212183053462653,0.5714285714285714,0.6060915267313265,0.0714285714285714,0.101015254455221,0.0,0.0,0.0,0.0,0.6428571428571428,0.5050762722761053,0.0,0.0,0.0,0.0,0.6428571428571428,0.5050762722761053,2.4,3.049590136395381,1.2,0.6,0.2,0.0,0.0,0.2,0.0,0.0,0.6,0.8,,0.0,0.0,,0.4,0.2,0.2,0.2,0.9285714285714284,0.9340497736158586,0.4642857142857142,0.4670248868079293,0.0476190476190476,0.0824786098842322,0.0,0.0,0.0,0.0,0.5119047619047619,0.4230798962837347,0.0,0.0,0.0,0.0,0.5119047619047619,0.4230798962837347,1.4,2.3664319132398464,0.7,0.4,0.1,0.0,0.0,0.1,0.0,0.0,0.3,0.4,,0.1,0.2,,0.3,0.1,0.1,-0.3,0.8214285714285714,0.7921811790292441,0.4732142857142857,0.381742112971999,0.0357142857142857,0.0714285714285714,0.0,0.0,0.0,0.0,0.3839285714285714,0.429933351898675,0.25,0.5,0.0,0.0,0.4939285714285714,0.347309141048407,,,,6.6,1.2599999999999998,0.6399999999999999,0.34,0.0,0.1452,0.1187999999999999,0.3959999999999999,2.24,1.9,1.6,0.98,0.264,1.2599999999999998,0.6399999999999999,0.34,0.0,2.24,0.1452,0.1187999999999999,0.3959999999999999
5177362,Riley Minix,CLE,2026-06-09,0.0,31.0,0.0,0.0,2.0,0,0,0,0,0,0,0,0,0,0,,0,0,,0,0,0,0,0.0,,,,,,,,,,0.0,0.0,,0.0,0.0,0.0,0.0,0.0,0.0,0.0,0.0,0.0,0.0,,0.0,0.0,,0.0,0.0,0.0,0.0,,,,,,,,,,,,,,,,,,,0.0,,0.0,0.0,0.0,0.0,0.0,0.0,0.0,0.0,0.0,0.0,,0.0,0.0,,0.0,0.0,0.0,0.0,,,,,,,,,,,,,,,,,,,0.0,,0.0,0.0,0.0,0.0,0.0,0.0,0.0,0.0,0.0,0.0,,0.0,0.0,,0.0,0.0,0.0,0.0,,,,,,,,,,,,,,,,,,,,,,8.0,0.0,0.0,0.0,0.0,0.176,0.144,0.48,0.0,0.0,0.0,0.0,0.3199999999999999,0.0,0.0,0.0,0.0,0.0,0.176,0.144,0.48
6440,Tobias Harris,DET,2026-06-09,0.0,23.0,0.0,0.0,8.0,5,5,2,0,2,1,1,1,0,6,,5,6,,1,4,3,-23,23.0,0.217391304347826,0.217391304347826,0.0869565217391304,0.0,0.0869565217391304,0.2608695652173913,0.2608695652173913,0.0434782608695652,0.4191304347826087,0.0,29.33333333333333,9.291573243177568,8.0,5.333333333333333,2.6666666666666665,0.3333333333333333,3.6666666666666665,1.3333333333333333,0.6666666666666666,1.0,2.6666666666666665,10.666666666666666,,2.333333333333333,2.6666666666666665,,1.0,4.333333333333333,4.0,-6.333333333333333,0.2607971014492753,0.0567388527951455,0.1891304347826087,0.0349858194335458,0.0939855072463768,0.0233089034050469,0.0083333333333333,0.0144337567297406,0.1139855072463768,0.0529544572549204,0.3386231884057971,0.1184924868470294,0.1136231884057971,0.1336455072686938,0.041159420289855,0.0400503778537179,0.4297768115942029,0.040951422495572,32.4,7.829431652425354,12.2,5.8,2.6,1.0,3.8,1.2,0.6,0.8,4.2,12.6,,2.8,3.0,,1.2,4.6,3.0,-5.6,0.3558934655479278,0.141523594636081,0.1842384947876938,0.0410353501198602,0.0841690821256038,0.0535125877724688,0.0266374269005847,0.027082006462592,0.1119585558098144,0.0431151250006038,0.3713025680142384,0.1018305506337909,0.1056008136282735,0.0988619112773115,0.0299588100686498,0.0335232323926931,0.4477257360793287,0.0410481779752172,34.0,6.976149845485451,14.571428571428571,6.285714285714286,2.0,1.1428571428571428,3.857142857142857,1.4285714285714286,0.7142857142857143,1.0,5.142857142857143,13.285714285714286,,3.142857142857143,3.571428571428572,,1.1428571428571428,5.142857142857143,2.571428571428572,-2.0,0.4085507725896741,0.1472742289586351,0.1879299811794091,0.03440227635042,0.0637837766098635,0.0563551701493348,0.0304117448854291,0.0244495610810871,0.1098684269050401,0.0379087613083935,0.3782742330682834,0.0866279982031035,0.112455189617661,0.0924919841531937,0.0325861612360468,0.0286070608672297,0.460340677736101,0.0401535054248928,,,,30.39,10.334285714285716,5.637142857142856,2.41,0.6785714285714285,0.6685799999999998,0.54702,1.8234,18.38142857142857,15.971428571428572,12.744285714285716,8.047142857142855,1.2155999999999998,10.334285714285716,5.637142857142856,2.41,0.6785714285714285,18.38142857142857,0.6685799999999998,0.54702,1.8234
2596112,Javonte Green,DET,2026-06-09,0.0,23.0,0.0,0.0,8.0,0,0,0,0,0,0,0,0,0,0,,0,0,,0,0,0,0,0.0,,,,,,,,,,0.0,0.0,0.0,0.0,0.0,0.0,0.0,0.0,0.0,0.0,0.0,0.0,0.0,,0.0,0.0,,0.0,0.0,0.0,0.0,,,,,,,,,,,,,,,,,,,3.4,4.979959839195493,0.6,0.4,0.0,0.2,0.8,0.0,0.0,0.0,0.2,1.0,,0.0,0.0,,0.2,0.2,0.6,-0.8,0.1363636363636363,0.1928473039599671,0.0909090909090909,0.128564869306645,0.0,0.0,0.0454545454545454,0.0642824346533225,0.1818181818181818,0.2571297386132896,0.2272727272727273,0.3214121732666124,0.0,0.0,0.0,0.0,0.2272727272727273,0.3214121732666124,3.4285714285714284,4.07664661444276,0.8571428571428571,0.4285714285714285,0.0,0.2857142857142857,1.0,0.0,0.0,0.0,0.2857142857142857,1.1428571428571428,,0.0,0.0,,0.1428571428571428,0.2857142857142857,0.4285714285714285,-1.1428571428571428,0.3181818181818182,0.4723774929733302,0.1287878787878787,0.1610628153444643,0.0,0.0,0.106060606060606,0.1574591643244434,0.3409090909090909,0.4716479520082842,0.3636363636363636,0.475284458829034,0.0,0.0,0.0,0.0,0.3636363636363636,0.475284458829034,,,,8.0,0.3814285714285714,0.2257142857142857,0.0,0.1271428571428571,0.176,0.144,0.48,0.6071428571428572,0.6071428571428572,0.3814285714285714,0.2257142857142857,0.3199999999999999,0.3814285714285714,0.2257142857142857,0.0,0.1271428571428571,0.6071428571428572,0.176,0.144,0.48
2991043,Caris LeVert,DET,2026-06-09,0.0,23.0,0.0,0.0,8.0,11,2,2,2,4,1,0,1,3,5,,3,4,,0,2,3,-14,17.0,0.6470588235294118,0.1176470588235294,0.1176470588235294,0.1176470588235294,0.2352941176470588,0.2941176470588235,0.2352941176470588,0.0588235294117647,0.4564705882352941,0.0,23.33333333333333,6.027713773341709,8.666666666666666,2.0,2.0,1.3333333333333333,4.0,1.0,0.6666666666666666,1.0,2.6666666666666665,6.333333333333333,,2.0,2.333333333333333,,0.0,2.0,3.6666666666666665,-3.0,0.4048625197205319,0.20989695927082,0.0875873337840883,0.0403971794903859,0.0875873337840883,0.0403971794903858,0.0622041920216362,0.0591142474493425,0.1775693035835023,0.0553275027731983,0.2757212080234393,0.0297661935481657,0.1200980392156862,0.1177236270443414,0.0425963488843813,0.0372364295145756,0.3711606941627225,0.0760799087706586,23.6,6.542170893518451,11.2,2.4,1.8,1.4,3.6,1.6,0.6,0.8,4.0,8.2,,1.8,2.0,,0.8,1.6,2.6,-0.8,0.4683444568038561,0.227521932988777,0.1018882636480621,0.0348659936927897,0.0719072389801304,0.0494734190954737,0.0566773539226591,0.0545451769562782,0.1452512595694562,0.0903965900446769,0.3392467665597941,0.1064817062928177,0.1020398481973434,0.091936230446404,0.0373225152129817,0.0343213020009738,0.421466814979607,0.0905362664612533,20.0,8.225975119502044,9.142857142857142,2.2857142857142856,1.4285714285714286,1.2857142857142858,3.0,1.1428571428571428,0.4285714285714285,0.5714285714285714,3.2857142857142856,6.714285714285714,,1.2857142857142858,1.4285714285714286,,0.7142857142857143,1.5714285714285714,2.0,1.1428571428571428,0.4224438427719851,0.2687266870008238,0.1265013849012409,0.0544698599226236,0.062351324546247,0.0488996897252036,0.0624618462084928,0.0636665545190712,0.1367179326595017,0.1004885582992706,0.3131371897893523,0.125622207363635,0.0728856058552453,0.0900773317667089,0.0266589394378441,0.0334209625575276,0.3718657958035044,0.1373827532233784,,,,21.81,9.998571428571427,2.197142857142857,1.8157142857142856,1.447142857142857,0.4798199999999999,0.3925799999999999,1.3086,14.011428571428572,12.195714285714288,11.814285714285717,4.012857142857143,0.8723999999999998,9.998571428571427,2.197142857142857,1.8157142857142856,1.447142857142857,14.011428571428572,0.4798199999999999,0.3925799999999999,1.3086
3157465,Duncan Robinson,DET,2026-06-09,0.0,23.0,0.0,0.0,7.0,13,1,1,3,5,1,0,3,4,7,,2,3,,0,1,3,-20,22.0,0.5909090909090909,0.0454545454545454,0.0454545454545454,0.1363636363636363,0.2272727272727272,0.3181818181818182,0.1363636363636363,0.1363636363636363,0.5145454545454545,0.0,23.666666666666668,4.725815626252609,10.333333333333334,1.3333333333333333,1.3333333333333333,2.6666666666666665,4.666666666666667,0.3333333333333333,0.0,1.3333333333333333,3.0,5.333333333333333,,1.6666666666666667,2.6666666666666665,,0.0,1.3333333333333333,3.0,-12.0,0.4762800417972831,0.2980524193403123,0.0599791013584117,0.0350905866671121,0.0599791013584117,0.0350905866671121,0.1236154649947753,0.0834917732677394,0.2154127481713688,0.1408921199111748,0.2457157784743991,0.1538947377528201,0.1184430512016718,0.0433878713282838,0.0569487983281086,0.0709034733682349,0.3547795193312434,0.1976209722081452,28.8,7.791020472312982,12.6,2.0,2.2,3.4,6.0,1.8,0.2,1.0,4.0,7.4,,1.2,2.0,,0.0,2.0,2.6,-6.0,0.4609932503035951,0.2123315484466547,0.0688703436979299,0.027650231883921,0.0744258992534854,0.0334623843582042,0.1234185282461144,0.0596460814986176,0.2167851864403588,0.1011261182747179,0.2622943319495043,0.1142263065958365,0.0821769418321142,0.0615882594318471,0.0395746844022706,0.0563111532616537,0.3380268707579052,0.1441963225386158,28.666666666666668,6.97614984548545,13.666666666666666,1.6666666666666667,2.1666666666666665,3.6666666666666665,6.333333333333333,1.8333333333333333,0.1666666666666666,0.8333333333333334,4.5,8.166666666666666,,1.0,1.8333333333333333,,0.0,1.6666666666666667,2.833333333333333,-4.0,0.4972562800149007,0.2096611387827068,0.0573919530816082,0.0374452796148305,0.0739263446159997,0.0299546701294465,0.1326106783003334,0.0579059389547174,0.22827336965268,0.094726255911278,0.2900071813864917,0.1226626733701969,0.0744331658124761,0.058260512889345,0.0329789036685588,0.0528940708042894,0.3557366780125401,0.1360730950074493,,,,26.21333333333333,12.193333333333332,1.5833333333333337,1.7533333333333332,3.1733333333333333,0.5766933333333333,0.47184,1.5728,15.53,13.776666666666666,13.946666666666664,3.336666666666667,1.048533333333333,12.193333333333332,1.5833333333333337,1.7533333333333332,3.1733333333333333,15.53,0.5766933333333333,0.47184,1.5728
4066372,Kevin Huerter,DET,2026-06-09,0.0,23.0,0.0,0.0,4.0,0,0,0,0,0,0,0,0,0,0,,0,0,,0,0,0,0,0.0,,,,,,,,,,0.0,1.0,1.7320508075688772,0.0,0.0,0.3333333333333333,0.0,0.0,0.0,0.0,0.0,0.0,0.0,,0.0,0.0,,0.0,0.0,0.0,-1.3333333333333333,0.0,,0.0,,0.3333333333333333,,0.0,,0.0,,0.0,,0.0,,0.0,,0.0,,1.0,1.7320508075688772,0.0,0.0,0.3333333333333333,0.0,0.0,0.0,0.0,0.0,0.0,0.0,,0.0,0.0,,0.0,0.0,0.0,-1.3333333333333333,0.0,,0.0,,0.3333333333333333,,0.0,,0.0,,0.0,,0.0,,0.0,,0.0,,1.0,1.7320508075688772,0.0,0.0,0.3333333333333333,0.0,0.0,0.0,0.0,0.0,0.0,0.0,,0.0,0.0,,0.0,0.0,0.0,-1.3333333333333333,0.0,,0.0,,0.3333333333333333,,0.0,,0.0,,0.0,,0.0,,0.0,,0.0,,,,,8.0,0.0,0.0,0.2833333333333333,0.0,0.176,0.144,0.48,0.2833333333333333,0.0,0.2833333333333333,0.2833333333333333,0.3199999999999999,0.0,0.0,0.2833333333333333,0.0,0.2833333333333333,0.176,0.144,0.48
4278562,Paul Reed,DET,2026-06-09,0.0,23.0,0.0,0.0,8.0,4,4,1,0,0,0,0,0,2,5,,0,0,,3,1,1,-7,8.0,0.5,0.5,0.125,0.0,0.0,0.625,0.0,0.0,0.625,0.0,13.666666666666666,4.932882862316247,10.333333333333334,6.0,1.0,0.3333333333333333,0.3333333333333333,0.0,1.0,1.3333333333333333,4.333333333333333,7.0,,1.3333333333333333,1.6666666666666667,,3.333333333333333,2.6666666666666665,1.6666666666666667,0.3333333333333333,0.7169117647058822,0.3025223761348634,0.4485294117647059,0.0653543707155558,0.0821078431372549,0.0371911541801311,0.0208333333333333,0.0360843918243516,0.0208333333333333,0.0360843918243515,0.5330882352941176,0.1096180258520262,0.1017156862745098,0.0947597961873691,0.0821078431372549,0.0958941184288707,0.6599509803921569,0.1579999297373298,13.0,3.872983346207416,11.4,5.0,1.0,0.4,0.6,0.2,0.6,1.2,4.8,6.8,,1.4,2.0,,2.8,2.2,1.6,1.8,0.8644327731092437,0.2943917877558994,0.3862605042016807,0.0971146934399907,0.0778361344537815,0.057243562398376,0.0267857142857142,0.0368134430858719,0.0410714285714285,0.0630081384442048,0.5284243697478992,0.1158502874570315,0.1496008403361344,0.1089761287722512,0.0835504201680672,0.0685841360619939,0.6777991596638656,0.1253498717177855,9.285714285714286,7.087883692477977,8.142857142857142,3.571428571428572,0.7142857142857143,0.2857142857142857,0.4285714285714285,0.1428571428571428,0.4285714285714285,0.8571428571428571,3.4285714285714284,4.857142857142857,,1.0,1.4285714285714286,,2.0,1.5714285714285714,1.1428571428571428,1.2857142857142858,0.8644327731092437,0.2943917877558994,0.3862605042016807,0.0971146934399907,0.0778361344537815,0.057243562398376,0.0267857142857142,0.0368134430858719,0.0410714285714285,0.0630081384442048,0.5284243697478992,0.1158502874570315,0.1496008403361344,0.1089761287722512,0.0835504201680672,0.0685841360619939,0.6777991596638656,0.1253498717177855,,,,11.707142857142856,9.318571428571428,4.864285714285715,0.9428571428571428,0.2971428571428571,0.2575571428571428,0.2107285714285714,0.7024285714285714,15.125714285714285,14.18285714285714,10.26142857142857,5.807142857142858,0.4682857142857142,9.318571428571428,4.864285714285715,0.9428571428571428,0.2971428571428571,15.125714285714285,0.2575571428571428,0.2107285714285714,0.7024285714285714
4397882,Tolu Smith,DET,2026-06-09,0.0,23.0,0.0,0.0,8.0,4,2,0,0,0,1,0,1,2,2,,0,0,,0,2,0,4,5.0,0.8,0.4,0.0,0.0,0.0,0.4,0.0,0.2,0.6,0.0,1.6666666666666667,2.8867513459481287,1.3333333333333333,0.6666666666666666,0.0,0.0,0.0,0.3333333333333333,0.0,0.3333333333333333,0.6666666666666666,0.6666666666666666,,0.0,0.0,,0.0,0.6666666666666666,0.0,1.3333333333333333,0.8,,0.4,,0.0,,0.0,,0.0,,0.4,,0.0,,0.2,,0.6,,1.0,2.23606797749979,0.8,0.4,0.0,0.0,0.0,0.2,0.0,0.2,0.4,0.4,,0.0,0.0,,0.0,0.4,0.0,0.8,0.8,,0.4,,0.0,,0.0,,0.0,,0.4,,0.0,,0.2,,0.6,,0.7142857142857143,1.889822365046136,0.5714285714285714,0.2857142857142857,0.0,0.0,0.0,0.1428571428571428,0.0,0.1428571428571428,0.2857142857142857,0.2857142857142857,,0.0,0.0,,0.0,0.2857142857142857,0.0,0.5714285714285714,0.8,,0.4,,0.0,,0.0,,0.0,,0.4,,0.0,,0.2,,0.6,,,,,8.0,1.3942857142857144,0.6971428571428572,0.0,0.0,0.176,0.144,0.48,2.091428571428572,2.091428571428572,1.3942857142857144,0.6971428571428572,0.3199999999999999,1.3942857142857144,0.6971428571428572,0.0,0.0,2.091428571428572,0.176,0.144,0.48
4432107,Marcus Sasser,DET,2026-06-09,0.0,23.0,0.0,0.0,8.0,9,2,1,3,9,1,0,0,3,12,,0,0,,2,0,3,-16,23.0,0.391304347826087,0.0869565217391304,0.0434782608695652,0.1304347826086956,0.391304347826087,0.5217391304347826,0.0,0.0,0.5217391304347826,0.0,19.0,3.605551275463989,6.666666666666667,1.6666666666666667,0.6666666666666666,1.3333333333333333,4.0,0.6666666666666666,0.0,0.6666666666666666,2.6666666666666665,6.333333333333333,,0.0,0.0,,1.0,0.6666666666666666,1.3333333333333333,6.666666666666667,0.338768115942029,0.1929411613560767,0.0891706924315619,0.0347751294741054,0.0330112721417069,0.0292193998576876,0.0619967793880837,0.0654555204080601,0.188305152979066,0.1774746879480796,0.3081723027375201,0.2001083575595563,0.0,0.0,0.0393518518518518,0.0342561309883072,0.3475241545893719,0.1675708316933188,12.0,9.97496867163,5.4,1.0,0.4,1.0,2.8,0.6,0.0,0.4,2.2,4.6,,0.0,0.0,,0.6,0.4,0.8,5.6,0.8374094202898551,1.0096485177709584,0.0668780193236714,0.0528588641302628,0.0247584541062801,0.0290106573658558,0.1298309178743961,0.1458155163599339,0.3078955314009661,0.2796526613841153,0.5644625603864735,0.5379910357120488,0.0,0.0,0.0295138888888888,0.0341974229229031,0.5939764492753623,0.5115417121932038,8.571428571428571,10.030904626156488,3.857142857142857,0.7142857142857143,0.2857142857142857,0.7142857142857143,2.0,0.4285714285714285,0.0,0.2857142857142857,1.5714285714285714,3.2857142857142856,,0.0,0.0,,0.4285714285714285,0.2857142857142857,0.5714285714285714,4.0,0.8374094202898551,1.0096485177709584,0.0668780193236714,0.0528588641302628,0.0247584541062801,0.0290106573658558,0.1298309178743961,0.1458155163599339,0.3078955314009661,0.2796526613841153,0.5644625603864735,0.5379910357120488,0.0,0.0,0.0295138888888888,0.0341974229229031,0.5939764492753623,0.5115417121932038,,,,15.064285714285711,6.011428571428571,1.2928571428571427,0.5471428571428572,1.3428571428571423,0.3314142857142856,0.2711571428571428,0.9038571428571428,7.85142857142857,7.304285714285713,6.558571428571428,1.84,0.6025714285714285,6.011428571428571,1.2928571428571427,0.5471428571428572,1.3428571428571423,7.85142857142857,0.3314142857142856,0.2711571428571428,0.9038571428571428
4432166,Cade Cunningham,DET,2026-06-09,0.0,23.0,0.0,0.0,8.0,13,4,5,0,7,2,0,3,5,16,,3,3,,0,4,4,-32,37.0,0.3513513513513513,0.1081081081081081,0.1351351351351351,0.0,0.1891891891891892,0.4324324324324324,0.081081081081081,0.081081081081081,0.5491891891891892,0.0,42.333333333333336,5.507570547286103,24.33333333333333,4.333333333333333,7.333333333333333,3.6666666666666665,9.0,1.3333333333333333,0.0,5.333333333333333,8.333333333333334,20.666666666666668,,4.0,4.333333333333333,,0.3333333333333333,4.0,3.333333333333333,-7.666666666666667,0.5546171171171171,0.2353758508200392,0.100520163020163,0.0495448701944518,0.1710371085371085,0.031127611505778,0.0813492063492063,0.0705133160472891,0.2118725868725869,0.0246443734270433,0.482437794937795,0.0700496493324631,0.0984555984555984,0.061396166742923,0.1242492492492492,0.042797731657463,0.6500075075075076,0.1061763796355452,41.0,4.301162633521313,23.8,5.2,7.6,3.0,7.6,1.2,0.0,5.8,8.4,21.0,,4.0,4.4,,1.4,3.8,3.6,-8.0,0.5686677061677062,0.1825671215355384,0.1269787644787644,0.0810364795306563,0.1846735471735471,0.0463470533142057,0.0693223443223443,0.0525097516099833,0.1835338085338085,0.0434930139913097,0.5099754974754974,0.1175561648261167,0.1052272052272052,0.0520611861181772,0.1412162162162162,0.0468533785124972,0.6974916839916839,0.1707420770154221,41.285714285714285,3.545621041711673,23.857142857142858,4.571428571428571,7.857142857142857,2.857142857142857,7.0,1.2857142857142858,0.2857142857142857,5.428571428571429,7.857142857142857,19.714285714285715,,5.285714285714286,5.857142857142857,,1.0,3.571428571428572,3.2857142857142856,-2.142857142857143,0.5694565248136677,0.1497039809207627,0.1111072807501378,0.0715028717191146,0.1897328058042343,0.0439529095072514,0.0665227629513343,0.0436839057815968,0.1685105435105434,0.0443466259248251,0.4765131104416819,0.1168754849615387,0.1397881397881397,0.0756036895798084,0.131480970766685,0.0422748262237809,0.6695008627151484,0.1518467736468494,,,,40.85714285714286,22.35142857142857,4.634285714285714,7.181428571428571,2.721428571428571,0.8988571428571429,0.7354285714285714,2.4514285714285715,34.167142857142856,26.985714285714284,29.53285714285714,11.815714285714286,1.6342857142857143,22.35142857142857,4.634285714285714,7.181428571428571,2.721428571428571,34.167142857142856,0.8988571428571429,0.7354285714285714,2.4514285714285715
4432810,Isaiah Stewart,DET,2026-06-09,0.0,23.0,0.0,0.0,8.0,3,0,0,0,0,0,0,0,1,1,,1,1,,0,0,2,-8,6.0,0.5,0.0,0.0,0.0,0.0,0.1666666666666666,0.1666666666666666,0.0,0.24,0.0,7.0,3.60555127546399,3.6666666666666665,1.0,0.3333333333333333,0.6666666666666666,1.3333333333333333,0.0,0.3333333333333333,0.0,1.3333333333333333,2.333333333333333,,0.3333333333333333,0.3333333333333333,,0.6666666666666666,0.3333333333333333,1.3333333333333333,2.0,0.4090909090909091,0.3720614896305659,0.1439393939393939,0.1292327432517573,0.0303030303030303,0.0524863881081478,0.0606060606060606,0.1049727762162956,0.1742424242424242,0.1513256390563498,0.2904040404040404,0.1481314078390147,0.0555555555555555,0.0962250448649376,0.0,0.0,0.3148484848484849,0.1210844024095879,7.4,2.701851217221259,3.8,1.6,0.2,0.4,0.8,0.0,0.2,0.2,1.6,2.6,,0.2,0.2,,0.8,0.8,1.8,1.6,0.4486291486291486,0.2723263351562633,0.2165223665223665,0.1534636444362125,0.0181818181818181,0.040655781409087,0.0363636363636363,0.0813115628181741,0.1045454545454545,0.14338009359625,0.3266233766233766,0.1206853115962099,0.0333333333333333,0.0745355992499929,0.0285714285714285,0.0638876564999939,0.3698614718614718,0.1417442695193276,9.285714285714286,3.946064947695181,3.857142857142857,1.8571428571428568,0.2857142857142857,0.2857142857142857,0.5714285714285714,0.0,0.1428571428571428,0.4285714285714285,1.5714285714285714,2.2857142857142856,,0.4285714285714285,0.4285714285714285,,1.0,0.8571428571428571,2.2857142857142856,0.7142857142857143,0.4054310768596482,0.2527060607864365,0.2066734852449138,0.1295175315040723,0.0239760239760239,0.041145421967575,0.0259740259740259,0.0687208132744049,0.0746753246753246,0.1277010418136177,0.2648042433756719,0.1465935428625365,0.0457875457875457,0.0782846530152472,0.0423861852433281,0.0724576674366816,0.3273369487655201,0.1631282733137726,,,,8.0,3.6514285714285712,1.231428571428571,0.2271428571428571,0.3971428571428571,0.176,0.144,0.48,5.109999999999999,4.882857142857143,3.878571428571429,1.4585714285714284,0.3199999999999999,3.6514285714285712,1.231428571428571,0.2271428571428571,0.3971428571428571,5.109999999999999,0.176,0.144,0.48
4433621,Jalen Duren,DET,2026-06-09,0.0,23.0,0.0,0.0,8.0,7,9,3,0,0,0,2,3,3,7,,1,2,,2,7,5,-18,26.0,0.2692307692307692,0.3461538461538461,0.1153846153846153,0.0,0.0,0.2692307692307692,0.0769230769230769,0.1153846153846153,0.4184615384615384,0.0,26.0,1.0000000000000124,10.333333333333334,8.333333333333334,2.333333333333333,0.0,0.0,0.6666666666666666,1.6666666666666667,1.0,4.333333333333333,7.333333333333333,,1.6666666666666667,3.333333333333333,,2.333333333333333,6.0,3.0,-8.333333333333334,0.3949287749287749,0.1463232220274772,0.3178537511870845,0.1065604508868621,0.0917948717948718,0.0825672877232405,0.0,0.0,0.0,0.0,0.2798670465337132,0.0856817575168899,0.1283570750237417,0.0449356063555834,0.0384615384615384,0.0666173387526491,0.3748056980056979,0.0908210531052431,26.8,1.4832396974191344,10.0,6.2,2.0,0.0,0.0,1.2,1.2,2.0,4.4,7.6,,1.2,2.4,,1.8,4.4,3.4,-10.2,0.3720785931820414,0.112007385671351,0.2331132724236172,0.1401840135685086,0.0767882896158758,0.0634575280183952,0.0,0.0,0.0,0.0,0.2823519009725906,0.061110176582009,0.0908073484625208,0.0651755388497896,0.0733962078789665,0.0689710308588933,0.3957033421750663,0.0713747339526103,28.857142857142858,3.7606990231680535,9.857142857142858,7.571428571428571,2.142857142857143,0.0,0.0,0.8571428571428571,1.1428571428571428,1.8571428571428568,4.0,8.0,,1.8571428571428568,3.142857142857143,,2.571428571428572,5.0,2.857142857142857,-4.0,0.3453004175171663,0.1043339114395879,0.2587791154293617,0.1231037438009917,0.0755043132383034,0.0572462916873329,0.0,0.0,0.0,0.0,0.2768809187528399,0.058708902351137,0.1071629483452143,0.0631836864158806,0.0651655040817602,0.0587744980174286,0.3891981201064944,0.0604630518262673,,,,26.85142857142857,9.621428571428572,7.534285714285714,2.2785714285714285,0.0,0.5907314285714285,0.4833257142857142,1.6110857142857142,19.434285714285718,17.155714285714286,11.9,9.812857142857142,1.0740571428571428,9.621428571428572,7.534285714285714,2.2785714285714285,0.0,19.434285714285718,0.5907314285714285,0.4833257142857142,1.6110857142857142
4592187,Wendell Moore Jr.,DET,2026-06-09,0.0,31.0,0.0,0.0,2.0,0,0,0,0,0,0,0,0,0,0,,0,0,,0,0,0,0,0.0,,,,,,,,,,0.0,0.0,,0.0,0.0,0.0,0.0,0.0,0.0,0.0,0.0,0.0,0.0,,0.0,0.0,,0.0,0.0,0.0,0.0,,,,,,,,,,,,,,,,,,,0.0,,0.0,0.0,0.0,0.0,0.0,0.0,0.0,0.0,0.0,0.0,,0.0,0.0,,0.0,0.0,0.0,0.0,,,,,,,,,,,,,,,,,,,0.0,,0.0,0.0,0.0,0.0,0.0,0.0,0.0,0.0,0.0,0.0,,0.0,0.0,,0.0,0.0,0.0,0.0,,,,,,,,,,,,,,,,,,,,,,8.0,0.0,0.0,0.0,0.0,0.176,0.144,0.48,0.0,0.0,0.0,0.0,0.3199999999999999,0.0,0.0,0.0,0.0,0.0,0.176,0.144,0.48
4683771,Ronald Holland II,DET,2026-06-09,0.0,23.0,0.0,0.0,8.0,3,2,0,1,2,0,0,0,1,3,,0,0,,0,2,0,4,6.0,0.5,0.3333333333333333,0.0,0.1666666666666666,0.3333333333333333,0.5,0.0,0.0,0.5,0.0,2.6666666666666665,3.055050463303893,1.0,0.6666666666666666,0.0,0.3333333333333333,0.6666666666666666,0.0,0.0,0.0,0.3333333333333333,1.0,,0.0,0.0,,0.0,0.6666666666666666,0.3333333333333333,2.0,0.25,0.3535533905932738,0.1666666666666666,0.2357022603955158,0.0,0.0,0.0833333333333333,0.1178511301977579,0.1666666666666666,0.2357022603955158,0.25,0.3535533905932738,0.0,0.0,0.0,0.0,0.25,0.3535533905932738,4.0,3.16227766016838,0.6,1.2,0.0,0.2,0.6,0.2,0.2,0.2,0.2,0.8,,0.0,0.0,,0.0,1.2,0.4,2.8,0.125,0.25,0.2395833333333333,0.1679637030895531,0.0,0.0,0.0416666666666666,0.0833333333333333,0.1145833333333333,0.1572882174014739,0.15625,0.2366211810750114,0.0,0.0,0.03125,0.0625,0.1875,0.2393567769390845,5.571428571428571,3.735288603626359,1.5714285714285714,1.2857142857142858,0.0,0.2857142857142857,1.0,0.4285714285714285,0.2857142857142857,0.1428571428571428,0.4285714285714285,1.4285714285714286,,0.4285714285714285,0.7142857142857143,,0.1428571428571428,1.1428571428571428,0.8571428571428571,3.4285714285714284,0.2203703703703703,0.271294716213323,0.2134259259259259,0.1416439705857336,0.0,0.0,0.0444444444444444,0.0720082299823095,0.1467592592592592,0.1318249946637852,0.2097222222222222,0.2014128338255277,0.087037037037037,0.1370620597775061,0.0208333333333333,0.0510310363079828,0.2688518518518518,0.2241842459489231,,,,8.0,1.2742857142857142,1.177142857142857,0.0,0.3771428571428571,0.176,0.144,0.48,2.451428571428571,2.451428571428571,1.2742857142857142,1.177142857142857,0.3199999999999999,1.2742857142857142,1.177142857142857,0.0,0.3771428571428571,2.451428571428571,0.176,0.144,0.48
4684742,Ausar Thompson,DET,2026-06-09,0.0,23.0,0.0,0.0,8.0,5,7,0,1,2,0,2,1,2,7,,0,2,,1,6,4,-14,29.0,0.1724137931034483,0.2413793103448276,0.0,0.0344827586206896,0.0689655172413793,0.2413793103448276,0.0689655172413793,0.0344827586206896,0.3062068965517241,0.0,31.33333333333333,8.736894948054104,7.0,7.666666666666667,3.0,0.3333333333333333,1.3333333333333333,2.6666666666666665,2.0,1.6666666666666667,2.6666666666666665,6.333333333333333,,1.3333333333333333,2.333333333333333,,3.0,4.666666666666667,4.0,-0.3333333333333333,0.245140641061583,0.1491168155801263,0.2623703392206336,0.1037393431579752,0.0962059620596205,0.0862644663544553,0.0114942528735632,0.019908629972056,0.0450074759368283,0.0224746413374053,0.2125735912531539,0.0575204323788184,0.0809153350154191,0.0394898989418832,0.055532193252967,0.0251154097574021,0.3037085319129053,0.0859012366194529,28.4,8.17312669668102,6.8,6.8,3.0,0.2,1.2,1.8,1.6,1.8,2.8,6.4,,1.0,1.8,,2.6,4.2,3.8,-3.2,0.2512586133120859,0.1115058730623711,0.2478033287592404,0.0767970372598777,0.1027326516459357,0.074793863889485,0.0068965517241379,0.0154211584655157,0.0407975890103728,0.029670119228683,0.2280886193616927,0.0804588654173328,0.0623423044575273,0.0449561077659328,0.0754245791096749,0.0812250500885505,0.3309438124326797,0.0713162659070498,28.428571428571427,7.1614044911395895,7.857142857142857,7.0,3.142857142857143,0.1428571428571428,0.8571428571428571,1.7142857142857142,1.2857142857142858,1.4285714285714286,3.2857142857142856,6.571428571428571,,1.1428571428571428,2.142857142857143,,2.857142857142857,4.142857142857143,4.0,-3.0,0.2866132952229185,0.1118634941641012,0.253301078983873,0.0649775472849833,0.1069302490111662,0.0645616183464484,0.0049261083743842,0.0130332576899733,0.0291411350074091,0.0313555949256088,0.2365135159942826,0.0802237154499108,0.0737509966904416,0.0429716521103846,0.0582037036930578,0.0730741022265864,0.3271676582311348,0.0659020151746139,,,,29.375714285714285,6.801428571428572,7.13,2.5785714285714283,0.3485714285714286,0.6462657142857142,0.5287628571428571,1.762542857142857,16.51,13.931428571428572,9.38,9.708571428571428,1.175028571428571,6.801428571428572,7.13,2.5785714285714283,0.3485714285714286,16.51,0.6462657142857142,0.5287628571428571,1.762542857142857
4700852,Chaz Lanier,DET,2026-06-09,0.0,23.0,0.0,0.0,8.0,0,0,1,0,1,0,0,0,0,2,,0,0,,0,0,0,4,5.0,0.0,0.0,0.2,0.0,0.2,0.4,0.0,0.0,0.4,0.0,2.0,2.6457513110645907,0.0,0.0,0.3333333333333333,0.0,0.3333333333333333,0.0,0.0,0.0,0.0,0.6666666666666666,,0.0,0.0,,0.0,0.0,0.0,1.0,0.0,0.0,0.0,0.0,0.1,0.1414213562373095,0.0,0.0,0.1,0.1414213562373095,0.2,0.282842712474619,0.0,0.0,0.0,0.0,0.2,0.282842712474619,1.2,2.16794833886788,0.0,0.0,0.2,0.0,0.2,0.0,0.0,0.0,0.0,0.4,,0.0,0.0,,0.0,0.0,0.0,0.6,0.0,0.0,0.0,0.0,0.1,0.1414213562373095,0.0,0.0,0.1,0.1414213562373095,0.2,0.282842712474619,0.0,0.0,0.0,0.0,0.2,0.282842712474619,0.8571428571428571,1.864454471471609,0.0,0.0,0.1428571428571428,0.0,0.1428571428571428,0.0,0.0,0.0,0.0,0.2857142857142857,,0.0,0.0,,0.0,0.0,0.0,0.4285714285714285,0.0,0.0,0.0,0.0,0.1,0.1414213562373095,0.0,0.0,0.1,0.1414213562373095,0.2,0.282842712474619,0.0,0.0,0.0,0.0,0.2,0.282842712474619,,,,8.0,0.0,0.0,0.3485714285714286,0.0,0.176,0.144,0.48,0.3485714285714286,0.0,0.3485714285714286,0.3485714285714286,0.3199999999999999,0.0,0.0,0.3485714285714286,0.0,0.3485714285714286,0.176,0.144,0.48
5107199,Daniss Jenkins,DET,2026-06-09,0.0,23.0,0.0,0.0,8.0,17,3,5,2,7,0,0,1,4,12,,7,8,,1,2,3,-15,34.0,0.5,0.088235294117647,0.1470588235294117,0.0588235294117647,0.2058823529411764,0.3529411764705882,0.2352941176470588,0.0294117647058823,0.4858823529411764,0.0,35.333333333333336,5.131601439446881,17.0,2.6666666666666665,3.6666666666666665,2.333333333333333,7.333333333333333,0.3333333333333333,0.6666666666666666,0.3333333333333333,5.666666666666667,13.333333333333334,,3.333333333333333,3.6666666666666665,,1.0,1.6666666666666667,2.0,-4.0,0.482428533962759,0.0183352859281498,0.0779299918236374,0.0256027027728874,0.1056679162617053,0.0377383923353077,0.0681260702550099,0.0253130775954607,0.2089369185911972,0.0155686357649191,0.3741380108298237,0.0350835132448359,0.1080668301939186,0.1119937885280957,0.0098039215686274,0.0169808902702831,0.4314913376837753,0.0516016743933622,29.0,9.460443964212253,11.0,2.4,3.4,1.4,5.0,0.2,0.4,0.6,3.6,9.8,,2.4,2.6,,1.0,1.4,2.2,-6.8,0.3307269616474966,0.2082057843567916,0.0864405347767221,0.0376330985018979,0.125305511661785,0.0388074827589816,0.0408756421530059,0.0413850744012146,0.1586954844880517,0.091248515718895,0.3181336001486879,0.0863078711560385,0.0838877171639702,0.0922023400352515,0.0265172735760971,0.0259962322404509,0.3815614692769318,0.0797576422922196,28.571428571428573,7.807200583588265,11.571428571428571,3.571428571428572,3.4285714285714284,1.2857142857142858,4.714285714285714,0.7142857142857143,0.2857142857142857,0.7142857142857143,4.142857142857143,10.857142857142858,,2.0,2.142857142857143,,1.4285714285714286,2.142857142857143,2.0,-2.4285714285714284,0.3722699214496139,0.1876927943530958,0.1291930307139527,0.0792752228114345,0.1262602840024497,0.0349046528748859,0.0401858982411581,0.0404512113148912,0.1556047700871456,0.0789729209397368,0.3682007716105633,0.113820437257929,0.0697720147230329,0.0815170082310117,0.0293615235661019,0.021804825430806,0.4282619816547997,0.1046008373154888,,,,31.564285714285717,13.814285714285717,2.8042857142857143,3.725714285714286,1.747142857142857,0.6944142857142857,0.5681571428571428,1.893857142857143,20.344285714285714,16.61857142857143,17.54,6.53,1.2625714285714285,13.814285714285717,2.8042857142857143,3.725714285714286,1.747142857142857,20.344285714285714,0.6944142857142857,0.5681571428571428,1.893857142857143
5107818,Isaac Jones,DET,2026-06-09,0.0,31.0,0.0,0.0,2.0,0,0,0,0,0,0,0,0,0,0,,0,0,,0,0,0,0,0.0,,,,,,,,,,0.0,0.0,,0.0,0.0,0.0,0.0,0.0,0.0,0.0,0.0,0.0,0.0,,0.0,0.0,,0.0,0.0,0.0,0.0,,,,,,,,,,,,,,,,,,,0.0,,0.0,0.0,0.0,0.0,0.0,0.0,0.0,0.0,0.0,0.0,,0.0,0.0,,0.0,0.0,0.0,0.0,,,,,,,,,,,,,,,,,,,0.0,,0.0,0.0,0.0,0.0,0.0,0.0,0.0,0.0,0.0,0.0,,0.0,0.0,,0.0,0.0,0.0,0.0,,,,,,,,,,,,,,,,,,,,,,8.0,0.0,0.0,0.0,0.0,0.176,0.144,0.48,0.0,0.0,0.0,0.0,0.3199999999999999,0.0,0.0,0.0,0.0,0.0,0.176,0.144,0.48
1966,LeBron James,LAL,2026-06-09,0.0,29.0,0.0,0.0,5.0,24,12,3,2,6,0,1,4,8,18,,6,8,,0,12,1,-17,40.0,0.6,0.3,0.075,0.05,0.15,0.45,0.2,0.1,0.638,0.0,38.333333333333336,1.5275252316519456,22.0,6.666666666666667,5.666666666666667,1.6666666666666667,5.333333333333333,1.3333333333333333,0.3333333333333333,3.333333333333333,8.0,18.33333333333333,,4.333333333333333,5.333333333333333,,0.3333333333333333,6.333333333333333,1.0,-16.666666666666668,0.5729255571360835,0.0515195924218529,0.1715979137031768,0.1239538583057253,0.1497036510194405,0.0709635494167391,0.043456614509246,0.0149821477346576,0.1391417733522996,0.0299633106666426,0.4790659080132764,0.032096940673352,0.1377904220009483,0.0538938505911779,0.0866761498340445,0.011588007588128,0.6263698435277383,0.023839568037165,37.75,1.707825127659933,23.25,6.0,5.75,2.0,5.5,1.25,0.25,3.0,9.0,18.0,,3.25,4.25,,0.5,5.5,1.0,-14.0,0.6171941678520626,0.0980222007902674,0.1564762130551604,0.1056300272075611,0.153944404931247,0.0585589691864249,0.0534257942152679,0.0233919076435826,0.1460229966808914,0.0280702380122135,0.4773549865655128,0.0264294925388436,0.1102872609451556,0.0704418925541206,0.0788960012644223,0.0182110990050003,0.6047773826458037,0.0473689856750586,37.75,1.707825127659933,23.25,6.0,5.75,2.0,5.5,1.25,0.25,3.0,9.0,18.0,,3.25,4.25,,0.5,5.5,1.0,-14.0,0.6171941678520626,0.0980222007902674,0.1564762130551604,0.1056300272075611,0.153944404931247,0.0585589691864249,0.0534257942152679,0.0233919076435826,0.1460229966808914,0.0280702380122135,0.4773549865655128,0.0264294925388436,0.1102872609451556,0.0704418925541206,0.0788960012644223,0.0182110990050003,0.6047773826458037,0.0473689856750586,,,,38.2625,22.9875,7.1,5.3125,1.9,0.841775,0.688725,2.29575,35.4,30.0875,28.3,12.4125,1.5305,22.9875,7.1,5.3125,1.9,35.4,0.841775,0.688725,2.29575
2960236,Maxi Kleber,LAL,2026-06-09,0.0,29.0,0.0,0.0,5.0,0,0,0,0,0,0,0,0,0,0,,0,0,,0,0,0,0,0.0,,,,,,,,,,0.0,2.6666666666666665,4.618802153517007,0.0,0.3333333333333333,0.3333333333333333,0.0,0.0,0.0,0.0,0.6666666666666666,0.0,0.3333333333333333,,0.0,0.0,,0.3333333333333333,0.0,0.3333333333333333,-0.3333333333333333,0.0,,0.125,,0.125,,0.0,,0.0,,0.125,,0.0,,0.25,,0.375,,2.0,4.0,0.0,0.25,0.25,0.0,0.0,0.0,0.0,0.5,0.0,0.25,,0.0,0.0,,0.25,0.0,0.25,-0.25,0.0,,0.125,,0.125,,0.0,,0.0,,0.125,,0.0,,0.25,,0.375,,2.0,4.0,0.0,0.25,0.25,0.0,0.0,0.0,0.0,0.5,0.0,0.25,,0.0,0.0,,0.25,0.0,0.25,-0.25,0.0,,0.125,,0.125,,0.0,,0.0,,0.125,,0.0,,0.25,,0.375,,,,,8.0,0.0,0.2375,0.2375,0.0,0.176,0.144,0.48,0.475,0.2375,0.2375,0.475,0.3199999999999999,0.0,0.2375,0.2375,0.0,0.475,0.176,0.144,0.48
2990992,Marcus Smart,LAL,2026-06-09,0.0,29.0,0.0,0.0,5.0,5,2,3,0,4,2,0,6,2,8,,1,1,,0,2,5,5,36.0,0.1388888888888889,0.0555555555555555,0.0833333333333333,0.0,0.1111111111111111,0.2222222222222222,0.0277777777777777,0.1666666666666666,0.4011111111111111,0.0,34.0,2.0,9.666666666666666,3.0,3.6666666666666665,0.6666666666666666,4.333333333333333,1.3333333333333333,0.0,3.6666666666666665,3.0,9.333333333333334,,3.0,3.333333333333333,,1.3333333333333333,1.6666666666666667,4.666666666666667,-5.0,0.2877178649237473,0.1381155984643509,0.0889842047930283,0.0313188968114347,0.108047385620915,0.0341840014023736,0.0202205882352941,0.0175356470848703,0.1264978213507625,0.0729190504788444,0.2744417211328976,0.0934699825626358,0.0999455337690631,0.0634648459975183,0.1058006535947712,0.0542593770815843,0.4242184095860566,0.1015140415143723,33.5,1.9148542155126764,10.25,3.25,4.5,1.0,5.25,2.0,0.0,3.25,3.25,10.75,,2.75,3.0,,1.5,1.75,4.25,-6.25,0.3095383986928104,0.120920725278911,0.0979881535947712,0.0312761875514663,0.1357230392156862,0.0619903044207405,0.0307904411764705,0.02553206697304,0.1573733660130719,0.0857787210283989,0.3230187908496732,0.1235449387979135,0.0905841503267973,0.0550974874031323,0.0949754901960784,0.0493098027910066,0.4578513071895425,0.1067462143960184,33.5,1.9148542155126764,10.25,3.25,4.5,1.0,5.25,2.0,0.0,3.25,3.25,10.75,,2.75,3.0,,1.5,1.75,4.25,-6.25,0.3095383986928104,0.120920725278911,0.0979881535947712,0.0312761875514663,0.1357230392156862,0.0619903044207405,0.0307904411764705,0.02553206697304,0.1573733660130719,0.0857787210283989,0.3230187908496732,0.1235449387979135,0.0905841503267973,0.0550974874031323,0.0949754901960784,0.0493098027910066,0.4578513071895425,0.1067462143960184,,,,34.025,9.2875,2.9875,4.025,0.75,0.7485499999999999,0.6124499999999999,2.0415,16.299999999999997,12.275,13.3125,7.0125,1.3609999999999998,9.2875,2.9875,4.025,0.75,16.299999999999997,0.7485499999999999,0.6124499999999999,2.0415
3913174,Luke Kennard,LAL,2026-06-09,0.0,29.0,0.0,0.0,5.0,5,2,2,1,2,1,0,0,2,5,,0,0,,0,2,1,15,24.0,0.2083333333333333,0.0833333333333333,0.0833333333333333,0.0416666666666666,0.0833333333333333,0.2083333333333333,0.0,0.0,0.2083333333333333,0.0,26.33333333333333,2.5166114784235827,11.0,1.6666666666666667,1.3333333333333333,2.333333333333333,3.6666666666666665,0.6666666666666666,0.0,0.0,4.333333333333333,6.666666666666667,,0.0,0.0,,0.0,1.6666666666666667,1.3333333333333333,-2.6666666666666665,0.4045461243737105,0.2068993954332622,0.063586796345417,0.0229143508005705,0.0507662835249042,0.0445479538476378,0.0855069260241674,0.0487028641539763,0.1352048334806955,0.0641217437286725,0.2484895372826407,0.0838150943772653,0.0,0.0,0.0,0.0,0.2484895372826407,0.0838150943772654,27.0,2.449489742783178,10.0,2.5,1.25,2.0,3.5,0.75,0.0,0.5,3.5,6.0,,1.0,1.0,,0.0,2.5,1.25,-5.5,0.3637544208664898,0.1876008853582083,0.0907935455349248,0.0575401928010691,0.0466954022988505,0.0372733384226231,0.0727508841732979,0.0472459423231771,0.1272656940760389,0.0547100089911951,0.2208499115826702,0.0879722058322086,0.0344827586206896,0.0689655172413793,0.0172413793103448,0.0344827586206896,0.2532637046861185,0.0690976415026759,27.0,2.449489742783178,10.0,2.5,1.25,2.0,3.5,0.75,0.0,0.5,3.5,6.0,,1.0,1.0,,0.0,2.5,1.25,-5.5,0.3637544208664898,0.1876008853582083,0.0907935455349248,0.0575401928010691,0.0466954022988505,0.0372733384226231,0.0727508841732979,0.0472459423231771,0.1272656940760389,0.0547100089911951,0.2208499115826702,0.0879722058322086,0.0344827586206896,0.0689655172413793,0.0172413793103448,0.0344827586206896,0.2532637046861185,0.0690976415026759,,,,26.35,9.55,2.175,1.3875,1.95,0.5797,0.4743,1.581,13.1125,11.725,10.9375,3.5625,1.054,9.55,2.175,1.3875,1.95,13.1125,0.5797,0.4743,1.581
4066457,Austin Reaves,LAL,2026-06-09,0.0,29.0,0.0,0.0,5.0,27,7,6,3,7,0,2,8,8,16,,8,9,,1,6,5,-6,43.0,0.627906976744186,0.1627906976744186,0.1395348837209302,0.0697674418604651,0.1627906976744186,0.3720930232558139,0.2093023255813953,0.1860465116279069,0.650232558139535,0.0,40.0,2.645751311064592,25.0,4.0,7.0,2.333333333333333,6.0,0.0,0.6666666666666666,6.0,7.666666666666667,15.0,,7.333333333333333,9.0,,0.6666666666666666,3.333333333333333,4.0,-16.333333333333332,0.6265312954419441,0.189949755113638,0.0974484511816213,0.0578768183387794,0.1760662837774221,0.0482553661145499,0.0581186119741811,0.0284984731772619,0.149630187573884,0.0187154344014217,0.3754929960560315,0.0439583744291961,0.2258628084821475,0.0323658525988157,0.1486101957338187,0.0324646573172753,0.6234828275219951,0.0627461359784193,39.0,2.9439202887759497,20.75,4.25,6.75,1.75,5.75,0.0,0.75,5.5,6.5,15.25,,6.0,7.25,,0.75,3.5,3.75,-14.75,0.5254540271370136,0.2547948121863976,0.1078085606084382,0.0515992073907716,0.1737163794997332,0.039679656076593,0.0435889589806358,0.0372274797258884,0.1469448629026352,0.0161973927196946,0.3927308581531347,0.0497674727811241,0.1832859952504995,0.0891600006139677,0.1392354245781418,0.0324681585563044,0.6126121206414964,0.0556543570544279,39.0,2.9439202887759497,20.75,4.25,6.75,1.75,5.75,0.0,0.75,5.5,6.5,15.25,,6.0,7.25,,0.75,3.5,3.75,-14.75,0.5254540271370136,0.2547948121863976,0.1078085606084382,0.0515992073907716,0.1737163794997332,0.039679656076593,0.0435889589806358,0.0372274797258884,0.1469448629026352,0.0161973927196946,0.3927308581531347,0.0497674727811241,0.1832859952504995,0.0891600006139677,0.1392354245781418,0.0324681585563044,0.6126121206414964,0.0556543570544279,,,,39.89999999999999,22.9625,4.5875,6.7125,2.1125,0.8777999999999998,0.7181999999999998,2.3939999999999992,34.2625,27.55,29.675,11.3,1.5959999999999996,22.9625,4.5875,6.7125,2.1125,34.2625,0.8777999999999998,0.7181999999999998,2.3939999999999992
4066648,Rui Hachimura,LAL,2026-06-09,0.0,29.0,0.0,0.0,5.0,25,5,2,4,8,0,1,0,9,15,,3,3,,1,4,5,-2,43.0,0.5813953488372093,0.1162790697674418,0.0465116279069767,0.0930232558139534,0.1860465116279069,0.3488372093023256,0.0697674418604651,0.0,0.3795348837209302,0.0,40.333333333333336,2.309401076758502,20.666666666666668,4.666666666666667,2.6666666666666665,4.333333333333333,7.666666666666667,0.6666666666666666,0.3333333333333333,1.0,7.333333333333333,13.0,,1.6666666666666667,1.6666666666666667,,0.6666666666666666,4.0,2.6666666666666665,-15.0,0.5100377658517193,0.089039694584335,0.1156827668455575,0.0128309092375372,0.0667859272510435,0.0310764799541929,0.1079308288610614,0.0181945692336223,0.1902206320810971,0.013320398272921,0.3214072748956469,0.056516809533633,0.0403498310475054,0.036145664544739,0.0256410256410256,0.0256410256410256,0.364802226197575,0.0513538033533439,39.5,2.5166114784235827,20.0,4.0,2.5,4.0,7.25,0.75,0.5,1.0,7.25,13.0,,1.5,1.75,,0.5,3.5,2.25,-16.5,0.5041499460104111,0.0736481081294642,0.1002755886476816,0.0325465724973565,0.0636029589517961,0.0261602157165855,0.1012183919160663,0.0200230401960722,0.1832060146013634,0.0177512846571951,0.328893294009573,0.0485138650484261,0.0437758867991426,0.030297813050458,0.0259875259875259,0.0209472762090044,0.3741422101887218,0.0459029768430704,39.5,2.5166114784235827,20.0,4.0,2.5,4.0,7.25,0.75,0.5,1.0,7.25,13.0,,1.5,1.75,,0.5,3.5,2.25,-16.5,0.5041499460104111,0.0736481081294642,0.1002755886476816,0.0325465724973565,0.0636029589517961,0.0261602157165855,0.1012183919160663,0.0200230401960722,0.1832060146013634,0.0177512846571951,0.328893294009573,0.0485138650484261,0.0437758867991426,0.030297813050458,0.0259875259875259,0.0209472762090044,0.3741422101887218,0.0459029768430704,,,,40.275,20.95,4.3500000000000005,2.475,4.1,0.8860499999999999,0.7249499999999999,2.4165,27.775,25.3,23.425,6.825,1.6109999999999998,20.95,4.3500000000000005,2.475,4.1,27.775,0.8860499999999999,0.7249499999999999,2.4165
4278077,Jarred Vanderbilt,LAL,2026-06-09,0.0,29.0,0.0,0.0,4.0,0,1,0,0,0,0,0,0,0,1,,0,0,,1,0,0,-12,3.0,0.0,0.3333333333333333,0.0,0.0,0.0,0.3333333333333333,0.0,0.0,0.3333333333333333,0.0,3.0,3.0,0.6666666666666666,0.6666666666666666,0.0,0.0,0.3333333333333333,0.0,0.0,0.0,0.3333333333333333,1.0,,0.0,0.0,,0.3333333333333333,0.3333333333333333,0.3333333333333333,-5.333333333333333,0.1666666666666666,0.2357022603955158,0.25,0.1178511301977579,0.0,0.0,0.0,0.0,0.0833333333333333,0.1178511301977579,0.3333333333333333,0.0,0.0,0.0,0.0,0.0,0.3333333333333333,0.0,3.0,3.0,0.6666666666666666,0.6666666666666666,0.0,0.0,0.3333333333333333,0.0,0.0,0.0,0.3333333333333333,1.0,,0.0,0.0,,0.3333333333333333,0.3333333333333333,0.3333333333333333,-5.333333333333333,0.1666666666666666,0.2357022603955158,0.25,0.1178511301977579,0.0,0.0,0.0,0.0,0.0833333333333333,0.1178511301977579,0.3333333333333333,0.0,0.0,0.0,0.0,0.0,0.3333333333333333,0.0,3.0,3.0,0.6666666666666666,0.6666666666666666,0.0,0.0,0.3333333333333333,0.0,0.0,0.0,0.3333333333333333,1.0,,0.0,0.0,,0.3333333333333333,0.3333333333333333,0.3333333333333333,-5.333333333333333,0.1666666666666666,0.2357022603955158,0.25,0.1178511301977579,0.0,0.0,0.0,0.0,0.0833333333333333,0.1178511301977579,0.3333333333333333,0.0,0.0,0.0,0.0,0.0,0.3333333333333333,0.0,,,,8.0,0.5666666666666667,0.7166666666666666,0.0,0.0,0.176,0.144,0.48,1.2833333333333332,1.2833333333333332,0.5666666666666667,0.7166666666666666,0.3199999999999999,0.5666666666666667,0.7166666666666666,0.0,0.0,1.2833333333333332,0.176,0.144,0.48
4278129,Deandre Ayton,LAL,2026-06-09,0.0,29.0,0.0,0.0,5.0,6,3,1,0,0,0,0,0,3,3,,0,0,,1,2,2,-2,21.0,0.2857142857142857,0.1428571428571428,0.0476190476190476,0.0,0.0,0.1428571428571428,0.0,0.0,0.1428571428571428,0.0,24.0,3.0,6.333333333333333,6.333333333333333,0.3333333333333333,0.0,0.0,0.3333333333333333,0.3333333333333333,0.6666666666666666,3.0,6.333333333333333,,0.3333333333333333,0.6666666666666666,,3.6666666666666665,2.6666666666666665,2.6666666666666665,-4.666666666666667,0.2711640211640211,0.1532965493139949,0.2544091710758377,0.1138206825034598,0.0158730158730158,0.0274928699614107,0.0,0.0,0.0,0.0,0.2590388007054673,0.1160715855930843,0.0246913580246913,0.0427666866066389,0.0246913580246913,0.0427666866066389,0.2945943562610229,0.1314865816490657,24.75,2.8722813232690143,7.25,7.75,0.75,0.0,0.0,0.25,0.5,0.75,3.5,7.75,,0.25,0.5,,4.0,3.75,3.0,-4.5,0.2959656084656085,0.1346366577809763,0.3019179894179894,0.1329101819203701,0.0304232804232804,0.0367524973265867,0.0,0.0,0.0,0.0,0.3053902116402116,0.1325728296847733,0.0185185185185185,0.037037037037037,0.0277777777777777,0.0354602632502347,0.3413161375661375,0.1423288919924416,24.75,2.8722813232690143,7.25,7.75,0.75,0.0,0.0,0.25,0.5,0.75,3.5,7.75,,0.25,0.5,,4.0,3.75,3.0,-4.5,0.2959656084656085,0.1346366577809763,0.3019179894179894,0.1329101819203701,0.0304232804232804,0.0367524973265867,0.0,0.0,0.0,0.0,0.3053902116402116,0.1325728296847733,0.0185185185185185,0.037037037037037,0.0277777777777777,0.0354602632502347,0.3413161375661375,0.1423288919924416,,,,23.9625,6.7875,6.6125,0.6625,0.0,0.527175,0.4313249999999999,1.43775,14.062499999999998,13.4,7.449999999999999,7.274999999999999,0.9585,6.7875,6.6125,0.6625,0.0,14.062499999999998,0.527175,0.4313249999999999,1.43775
4397077,Jaxson Hayes,LAL,2026-06-09,0.0,29.0,0.0,0.0,5.0,18,5,1,0,0,0,1,1,6,8,,6,6,,3,2,2,-1,27.0,0.6666666666666666,0.1851851851851851,0.037037037037037,0.0,0.0,0.2962962962962963,0.2222222222222222,0.037037037037037,0.4311111111111111,0.0,17.0,9.16515138991168,8.333333333333334,3.333333333333333,1.0,0.0,0.0,0.3333333333333333,0.3333333333333333,1.0,3.0,3.6666666666666665,,2.333333333333333,2.6666666666666665,,1.6666666666666667,1.6666666666666667,3.0,-5.666666666666667,0.3925925925925926,0.2778518419779415,0.2024691358024691,0.0186415665068411,0.0567901234567901,0.0688264684679819,0.0,0.0,0.0,0.0,0.1654320987654321,0.151142577212868,0.1481481481481481,0.1283000598199168,0.0567901234567901,0.0688264684679819,0.2874074074074074,0.1713466392489009,16.75,7.5,7.0,4.0,1.0,0.0,0.0,0.25,0.25,1.5,2.5,3.5,,2.0,2.5,,2.0,2.0,2.75,-7.25,0.3413194444444444,0.2489648709043997,0.2456018518518518,0.0875979267814372,0.0582175925925925,0.0562690487484083,0.0,0.0,0.0,0.0,0.170949074074074,0.1238996926170111,0.1423611111111111,0.1053940040540019,0.0894675925925926,0.0861935213980805,0.3230555555555555,0.1570231693737093,16.75,7.5,7.0,4.0,1.0,0.0,0.0,0.25,0.25,1.5,2.5,3.5,,2.0,2.5,,2.0,2.0,2.75,-7.25,0.3413194444444444,0.2489648709043997,0.2456018518518518,0.0875979267814372,0.0582175925925925,0.0562690487484083,0.0,0.0,0.0,0.0,0.170949074074074,0.1238996926170111,0.1423611111111111,0.1053940040540019,0.0894675925925926,0.0861935213980805,0.3230555555555555,0.1570231693737093,,,,18.3625,9.05,3.95,1.0,0.0,0.403975,0.330525,1.10175,14.0,13.0,10.05,4.95,0.7344999999999999,9.05,3.95,1.0,0.0,14.0,0.403975,0.330525,1.10175
4592691,Jake LaRavia,LAL,2026-06-09,0.0,29.0,0.0,0.0,5.0,0,0,0,0,0,0,0,0,0,0,,0,0,,0,0,0,0,0.0,,,,,,,,,,0.0,3.333333333333333,5.773502691896257,0.0,0.0,0.3333333333333333,0.0,0.3333333333333333,0.3333333333333333,0.0,0.3333333333333333,0.0,0.6666666666666666,,0.0,0.0,,0.0,0.0,0.6666666666666666,-4.666666666666667,0.0,,0.0,,0.1,,0.0,,0.1,,0.2,,0.0,,0.1,,0.3,,6.0,7.118052168020874,0.75,0.25,0.25,0.25,0.5,0.5,0.25,0.75,0.25,1.0,,0.0,0.0,,0.0,0.25,0.5,-5.75,0.1071428571428571,0.1515228816828316,0.0357142857142857,0.0505076272276105,0.05,0.0707106781186547,0.0357142857142857,0.0505076272276105,0.0857142857142857,0.0202030508910442,0.1714285714285714,0.0404061017820884,0.0,0.0,0.1214285714285714,0.0303045763365663,0.2928571428571428,0.0101015254455221,6.0,7.118052168020874,0.75,0.25,0.25,0.25,0.5,0.5,0.25,0.75,0.25,1.0,,0.0,0.0,,0.0,0.25,0.5,-5.75,0.1071428571428571,0.1515228816828316,0.0357142857142857,0.0505076272276105,0.05,0.0707106781186547,0.0357142857142857,0.0505076272276105,0.0857142857142857,0.0202030508910442,0.1714285714285714,0.0404061017820884,0.0,0.0,0.1214285714285714,0.0303045763365663,0.2928571428571428,0.0101015254455221,,,,8.0,0.4125,0.1375,0.2375,0.1375,0.176,0.144,0.48,0.7875000000000001,0.55,0.6499999999999999,0.375,0.3199999999999999,0.4125,0.1375,0.2375,0.1375,0.7875000000000001,0.176,0.144,0.48
4683686,Nick Smith Jr.,LAL,2026-06-09,0.0,29.0,0.0,0.0,5.0,0,0,0,0,0,0,0,0,0,0,,0,0,,0,0,0,0,0.0,,,,,,,,,,0.0,2.0,2.0,2.6666666666666665,0.0,0.3333333333333333,0.3333333333333333,0.6666666666666666,0.3333333333333333,0.0,0.0,1.0,1.6666666666666667,,0.3333333333333333,0.6666666666666666,,0.0,0.0,0.0,-0.3333333333333333,1.25,0.353553390593274,0.0,0.0,0.25,0.3535533905932738,0.125,0.1767766952966369,0.375,0.1767766952966369,1.0,0.7071067811865476,0.25,0.3535533905932738,0.0,0.0,1.11,0.5515432893255071,2.0,1.632993161855452,2.0,0.25,0.25,0.25,0.5,0.25,0.0,0.0,0.75,1.25,,0.25,0.5,,0.0,0.25,0.0,-0.25,0.8333333333333334,0.7637626158259734,0.1666666666666666,0.2886751345948129,0.1666666666666666,0.2886751345948129,0.0833333333333333,0.1443375672974064,0.25,0.25,0.6666666666666666,0.7637626158259734,0.1666666666666666,0.2886751345948129,0.0,0.0,0.7399999999999999,0.7501999733404421,2.0,1.632993161855452,2.0,0.25,0.25,0.25,0.5,0.25,0.0,0.0,0.75,1.25,,0.25,0.5,,0.0,0.25,0.0,-0.25,0.8333333333333334,0.7637626158259734,0.1666666666666666,0.2886751345948129,0.1666666666666666,0.2886751345948129,0.0833333333333333,0.1443375672974064,0.25,0.25,0.6666666666666666,0.7637626158259734,0.1666666666666666,0.2886751345948129,0.0,0.0,0.7399999999999999,0.7501999733404421,,,,8.0,1.9,0.1375,0.2375,0.2375,0.176,0.144,0.48,2.275,2.0375,2.1375,0.375,0.3199999999999999,1.9,0.1375,0.2375,0.2375,2.275,0.176,0.144,0.48
4683774,Bronny James,LAL,2026-06-09,0.0,29.0,0.0,0.0,5.0,0,0,0,0,0,0,0,0,0,0,,0,0,,0,0,0,0,0.0,,,,,,,,,,0.0,2.0,2.0,0.6666666666666666,0.0,0.3333333333333333,0.0,0.0,0.0,0.0,0.3333333333333333,0.3333333333333333,0.3333333333333333,,0.0,0.0,,0.0,0.0,0.0,-0.3333333333333333,0.25,0.3535533905932738,0.0,0.0,0.25,0.3535533905932738,0.0,0.0,0.0,0.0,0.125,0.1767766952966369,0.0,0.0,0.125,0.1767766952966369,0.25,0.3535533905932738,2.0,1.632993161855452,0.5,0.0,0.5,0.0,0.0,0.0,0.0,0.25,0.25,0.25,,0.0,0.0,,0.0,0.0,0.0,-0.25,0.1666666666666666,0.2886751345948129,0.0,0.0,0.3333333333333333,0.2886751345948129,0.0,0.0,0.0,0.0,0.0833333333333333,0.1443375672974064,0.0,0.0,0.0833333333333333,0.1443375672974064,0.1666666666666666,0.2886751345948129,2.0,1.632993161855452,0.5,0.0,0.5,0.0,0.0,0.0,0.0,0.25,0.25,0.25,,0.0,0.0,,0.0,0.0,0.0,-0.25,0.1666666666666666,0.2886751345948129,0.0,0.0,0.3333333333333333,0.2886751345948129,0.0,0.0,0.0,0.0,0.0833333333333333,0.1443375672974064,0.0,0.0,0.0833333333333333,0.1443375672974064,0.1666666666666666,0.2886751345948129,,,,8.0,0.475,0.0,0.375,0.0,0.176,0.144,0.48,0.85,0.475,0.85,0.375,0.3199999999999999,0.475,0.0,0.375,0.0,0.85,0.176,0.144,0.48
4897943,Dalton Knecht,LAL,2026-06-09,0.0,29.0,0.0,0.0,5.0,0,0,0,0,0,0,0,0,0,0,,0,0,,0,0,0,0,0.0,,,,,,,,,,0.0,2.0,2.0,0.6666666666666666,0.6666666666666666,1.0,0.0,0.3333333333333333,0.0,0.0,0.3333333333333333,0.3333333333333333,1.0,,0.0,0.0,,0.0,0.6666666666666666,0.0,-0.3333333333333333,0.5,0.7071067811865476,0.375,0.1767766952966369,0.375,0.5303300858899106,0.0,0.0,0.125,0.1767766952966369,0.5,0.0,0.0,0.0,0.25,0.3535533905932738,0.75,0.3535533905932738,2.0,1.632993161855452,0.5,0.5,0.75,0.0,0.25,0.0,0.0,0.25,0.25,1.0,,0.0,0.0,,0.0,0.5,0.0,-0.25,0.3333333333333333,0.5773502691896258,0.25,0.25,0.25,0.4330127018922193,0.0,0.0,0.0833333333333333,0.1443375672974064,0.5,0.0,0.0,0.0,0.1666666666666666,0.2886751345948129,0.6666666666666666,0.2886751345948128,2.0,1.632993161855452,0.5,0.5,0.75,0.0,0.25,0.0,0.0,0.25,0.25,1.0,,0.0,0.0,,0.0,0.5,0.0,-0.25,0.3333333333333333,0.5773502691896258,0.25,0.25,0.25,0.4330127018922193,0.0,0.0,0.0833333333333333,0.1443375672974064,0.5,0.0,0.0,0.0,0.1666666666666666,0.2886751345948129,0.6666666666666666,0.2886751345948128,,,,8.0,0.475,0.475,0.7125,0.0,0.176,0.144,0.48,1.6625,0.95,1.1875,1.1875,0.3199999999999999,0.475,0.475,0.7125,0.0,1.6625,0.176,0.144,0.48
5060631,Adou Thiero,LAL,2026-06-09,0.0,29.0,0.0,0.0,5.0,0,0,0,0,1,0,0,0,0,1,,0,0,,0,0,1,-5,3.0,0.0,0.0,0.0,0.0,0.3333333333333333,0.3333333333333333,0.0,0.0,0.3333333333333333,0.0,7.333333333333333,5.131601439446884,1.3333333333333333,3.6666666666666665,0.3333333333333333,0.0,0.6666666666666666,0.0,0.0,1.0,0.3333333333333333,1.3333333333333333,,0.6666666666666666,1.0,,1.3333333333333333,2.333333333333333,1.0,-0.6666666666666666,0.1025641025641025,0.177646236673731,0.3717948717948718,0.3271115595428993,0.0256410256410256,0.0444115591684327,0.0,0.0,0.1367521367521367,0.1745348534757447,0.188034188034188,0.1707263620122921,0.0769230769230769,0.1332346775052982,0.1068376068376068,0.092745873565003,0.3287179487179487,0.159793588092668,6.0,4.96655480858378,1.0,2.75,0.25,0.0,0.5,0.0,0.0,0.75,0.25,1.0,,0.5,0.75,,1.0,1.75,0.75,-0.5,0.0769230769230769,0.1538461538461538,0.2788461538461538,0.3254112858076168,0.0192307692307692,0.0384615384615384,0.0,0.0,0.1025641025641025,0.158061897512025,0.141025641025641,0.1681394493410769,0.0576923076923076,0.1153846153846153,0.0801282051282051,0.0926720018897497,0.2465384615384615,0.2098488336462388,6.0,4.96655480858378,1.0,2.75,0.25,0.0,0.5,0.0,0.0,0.75,0.25,1.0,,0.5,0.75,,1.0,1.75,0.75,-0.5,0.0769230769230769,0.1538461538461538,0.2788461538461538,0.3254112858076168,0.0192307692307692,0.0384615384615384,0.0,0.0,0.1025641025641025,0.158061897512025,0.141025641025641,0.1681394493410769,0.0576923076923076,0.1153846153846153,0.0801282051282051,0.0926720018897497,0.2465384615384615,0.2098488336462388,,,,8.0,0.95,2.6125,0.2375,0.0,0.176,0.144,0.48,3.8,3.5625,1.1875,2.85,0.3199999999999999,0.95,2.6125,0.2375,0.0,3.8,0.176,0.144,0.48
3195,Mike Conley,MIN,2026-06-09,0.0,25.0,0.0,0.0,6.0,6,0,4,2,3,3,0,0,2,3,,0,0,,0,0,0,-5,19.0,0.3157894736842105,0.0,0.2105263157894736,0.1052631578947368,0.1578947368421052,0.1578947368421052,0.0,0.0,0.1578947368421052,0.0,15.0,4.0,6.333333333333333,0.3333333333333333,2.6666666666666665,1.6666666666666667,2.333333333333333,1.0,0.0,0.3333333333333333,2.0,2.6666666666666665,,0.6666666666666666,0.6666666666666666,,0.0,0.3333333333333333,0.6666666666666666,-0.3333333333333333,0.4587985114300903,0.2326709053192645,0.0222222222222222,0.0384900179459749,0.1752259436469962,0.0390164367696196,0.1179160021265284,0.0586092032942599,0.1576820839978734,0.0242431237482672,0.1799043062200957,0.0211177765461376,0.0606060606060606,0.1049727762162956,0.0303030303030303,0.0524863881081477,0.2368740031897926,0.1025168198067609,13.0,5.787918451395113,4.4,0.8,2.2,1.2,2.2,0.8,0.0,0.4,1.4,2.6,,0.4,0.4,,0.0,0.8,0.6,-4.2,0.3127791068580542,0.2672836153793205,0.1258333333333333,0.211648621278025,0.1426355661881977,0.084540944145718,0.083249601275917,0.0667764882482792,0.182109250398724,0.0435996890354705,0.2079425837320574,0.0411946856896874,0.0363636363636363,0.0813115628181741,0.0681818181818181,0.1089961709843799,0.2921244019138756,0.1370802191057848,13.0,5.787918451395113,4.4,0.8,2.2,1.2,2.2,0.8,0.0,0.4,1.4,2.6,,0.4,0.4,,0.0,0.8,0.6,-4.2,0.3127791068580542,0.2672836153793205,0.1258333333333333,0.211648621278025,0.1426355661881977,0.084540944145718,0.083249601275917,0.0667764882482792,0.182109250398724,0.0435996890354705,0.2079425837320574,0.0411946856896874,0.0363636363636363,0.0813115628181741,0.0681818181818181,0.1089961709843799,0.2921244019138756,0.1370802191057848,,,,14.499999999999998,5.22,0.54,2.61,1.46,0.3189999999999999,0.2609999999999999,0.8699999999999999,8.37,5.76,7.83,3.15,0.5799999999999998,5.22,0.54,2.61,1.46,8.37,0.3189999999999999,0.2609999999999999,0.8699999999999999
2968436,Joe Ingles,MIN,2026-06-09,0.0,25.0,0.0,0.0,6.0,0,0,0,0,0,0,0,0,0,0,,0,0,,0,0,0,0,0.0,,,,,,,,,,0.0,0.0,0.0,0.0,0.0,0.0,0.0,0.0,0.0,0.0,0.0,0.0,0.0,,0.0,0.0,,0.0,0.0,0.0,0.0,,,,,,,,,,,,,,,,,,,2.0,4.472135954999579,1.4,0.4,0.0,0.4,0.6,0.4,0.0,0.2,0.4,0.6,,0.2,0.4,,0.2,0.2,0.0,-0.2,0.7,,0.2,,0.0,,0.2,,0.3,,0.3,,0.2,,0.1,,0.488,,2.0,4.472135954999579,1.4,0.4,0.0,0.4,0.6,0.4,0.0,0.2,0.4,0.6,,0.2,0.4,,0.2,0.2,0.0,-0.2,0.7,,0.2,,0.0,,0.2,,0.3,,0.3,,0.2,,0.1,,0.488,,,,,8.0,0.7699999999999999,0.22,0.0,0.22,0.176,0.144,0.48,0.99,0.99,0.7699999999999999,0.22,0.3199999999999999,0.7699999999999999,0.22,0.0,0.22,0.99,0.176,0.144,0.48
2993874,Kyle Anderson,MIN,2026-06-09,0.0,25.0,0.0,0.0,6.0,2,0,3,0,0,0,0,0,1,3,,0,0,,0,0,0,3,8.0,0.25,0.0,0.375,0.0,0.0,0.375,0.0,0.0,0.375,0.0,3.6666666666666665,4.041451884327381,1.0,0.0,1.0,0.0,0.0,0.0,0.0,0.0,0.3333333333333333,1.3333333333333333,,0.3333333333333333,0.6666666666666666,,0.0,0.0,0.0,-1.3333333333333333,0.2916666666666666,0.0589255650988789,0.0,0.0,0.1875,0.2651650429449553,0.0,0.0,0.0,0.0,0.3541666666666666,0.0294627825494395,0.3333333333333333,0.4714045207910317,0.0,0.0,0.5008333333333332,0.1779552065986143,5.0,6.0,2.2,0.6,1.4,0.0,0.2,0.0,0.0,0.2,0.8,2.0,,0.6,1.6,,0.2,0.4,0.4,-3.4,0.3849206349206349,0.1668083298173309,0.0714285714285714,0.1237179148263483,0.2202380952380952,0.1958866984750516,0.0,0.0,0.0238095238095238,0.0412393049421161,0.3789682539682539,0.0477428945060157,0.3650793650793651,0.3378380421236946,0.0238095238095238,0.0412393049421161,0.5634126984126984,0.1660799764540781,5.0,6.0,2.2,0.6,1.4,0.0,0.2,0.0,0.0,0.2,0.8,2.0,,0.6,1.6,,0.2,0.4,0.4,-3.4,0.3849206349206349,0.1668083298173309,0.0714285714285714,0.1237179148263483,0.2202380952380952,0.1958866984750516,0.0,0.0,0.0238095238095238,0.0412393049421161,0.3789682539682539,0.0477428945060157,0.3650793650793651,0.3378380421236946,0.0238095238095238,0.0412393049421161,0.5634126984126984,0.1660799764540781,,,,8.0,1.81,0.3299999999999999,1.52,0.0,0.176,0.144,0.48,3.66,2.14,3.33,1.85,0.3199999999999999,1.81,0.3299999999999999,1.52,0.0,3.66,0.176,0.144,0.48
3032976,Rudy Gobert,MIN,2026-06-09,0.0,25.0,0.0,0.0,6.0,0,3,0,0,0,0,0,0,0,4,,0,0,,1,2,3,-10,22.0,0.0,0.1363636363636363,0.0,0.0,0.0,0.1818181818181818,0.0,0.0,0.1818181818181818,0.0,25.0,4.358898943540674,5.0,7.0,1.3333333333333333,0.0,0.3333333333333333,0.6666666666666666,0.6666666666666666,0.3333333333333333,1.6666666666666667,5.0,,1.6666666666666667,2.0,,3.333333333333333,3.6666666666666665,2.333333333333333,-10.666666666666666,0.1801932367149758,0.1834139900101106,0.2623627580149319,0.1535075697262773,0.0444444444444444,0.0769800358919501,0.0,0.0,0.0111111111111111,0.0192450089729875,0.196354852876592,0.0322673025787797,0.0734299516908212,0.0676880382150221,0.0144927536231884,0.0251021856169402,0.2431567852437417,0.056143648954806,26.8,4.08656334834051,6.6,7.6,1.4,0.0,0.2,0.4,1.0,1.2,2.4,5.2,,1.8,3.2,,3.4,4.2,2.6,-12.2,0.2277011954852067,0.1682239986302598,0.2740075165601112,0.1191330943179901,0.0467127496159754,0.0554644345588736,0.0,0.0,0.0066666666666666,0.0149071198499985,0.1915456306199644,0.037736309382684,0.1147952982034328,0.1262995657747971,0.0437186936485674,0.0586994128765109,0.2857742554780423,0.0893318726690248,26.8,4.08656334834051,6.6,7.6,1.4,0.0,0.2,0.4,1.0,1.2,2.4,5.2,,1.8,3.2,,3.4,4.2,2.6,-12.2,0.2277011954852067,0.1682239986302598,0.2740075165601112,0.1191330943179901,0.0467127496159754,0.0554644345588736,0.0,0.0,0.0066666666666666,0.0149071198499985,0.1915456306199644,0.037736309382684,0.1147952982034328,0.1262995657747971,0.0437186936485674,0.0586994128765109,0.2857742554780423,0.0893318726690248,,,,25.54,5.13,6.729999999999999,1.17,0.0,0.5618799999999999,0.4597199999999999,1.5324,13.03,11.86,6.3,7.899999999999999,1.0215999999999998,5.13,6.729999999999999,1.17,0.0,13.03,0.5618799999999999,0.4597199999999999,1.5324
3064514,Julius Randle,MIN,2026-06-09,0.0,25.0,0.0,0.0,6.0,3,7,1,0,2,0,0,0,1,8,,1,2,,2,5,3,-34,24.0,0.125,0.2916666666666667,0.0416666666666666,0.0,0.0833333333333333,0.3333333333333333,0.0833333333333333,0.0,0.37,0.0,32.666666666666664,7.571877794400364,10.666666666666666,8.333333333333334,1.6666666666666667,0.6666666666666666,3.333333333333333,0.0,0.0,2.0,4.0,12.333333333333334,,2.0,3.0,,3.6666666666666665,4.666666666666667,2.6666666666666665,-14.666666666666666,0.3043372319688109,0.1738941726495328,0.259990253411306,0.0433962688768789,0.0494639376218323,0.0264609113110505,0.0175438596491228,0.0303868562731381,0.0999025341130604,0.0146442292410494,0.3737816764132553,0.0857021151852304,0.0925925925925926,0.0975523495634513,0.0526315789473684,0.0911605688194146,0.4671539961013645,0.0940590571509038,31.2,5.890670590009257,11.2,7.2,1.4,0.4,3.0,0.6,0.0,2.6,3.8,11.8,,3.2,4.0,,3.2,4.0,3.0,-16.2,0.3489105829088851,0.1387656489461066,0.2317408665031755,0.0494637565120037,0.0444931773879142,0.0328981660186458,0.0105263157894736,0.0235375576578925,0.0941111739923284,0.0153142376774269,0.3757624347607369,0.0609487836509195,0.1313022700119474,0.087043361073857,0.0815192102119096,0.0868327753097129,0.5150546437779034,0.0999113003058064,31.2,5.890670590009257,11.2,7.2,1.4,0.4,3.0,0.6,0.0,2.6,3.8,11.8,,3.2,4.0,,3.2,4.0,3.0,-16.2,0.3489105829088851,0.1387656489461066,0.2317408665031755,0.0494637565120037,0.0444931773879142,0.0328981660186458,0.0105263157894736,0.0235375576578925,0.0941111739923284,0.0153142376774269,0.3757624347607369,0.0609487836509195,0.1313022700119474,0.087043361073857,0.0815192102119096,0.0868327753097129,0.5150546437779034,0.0999113003058064,,,,30.56,9.81,7.510000000000001,1.42,0.42,0.67232,0.55008,1.8336,18.74,17.32,11.23,8.93,1.2224,9.81,7.510000000000001,1.42,0.42,18.74,0.67232,0.55008,1.8336
4396971,Naz Reid,MIN,2026-06-09,0.0,25.0,0.0,0.0,6.0,18,7,1,3,7,0,0,0,7,13,,1,1,,1,6,0,-15,32.0,0.5625,0.21875,0.03125,0.09375,0.21875,0.40625,0.03125,0.0,0.42,0.0,31.33333333333333,0.5773502691896263,15.0,7.0,2.333333333333333,2.0,6.0,0.6666666666666666,0.0,0.3333333333333333,5.666666666666667,11.666666666666666,,1.6666666666666667,2.0,,1.0,6.0,3.0,-9.333333333333334,0.4778225806451613,0.087857897457665,0.2234543010752688,0.0646446342843862,0.0749327956989247,0.0497164229041293,0.063508064516129,0.0550203792298193,0.1911962365591397,0.0539510754670501,0.3719758064516129,0.0438363203733042,0.0641801075268817,0.0327633891391089,0.010752688172043,0.0186242022319234,0.4109677419354838,0.0560325459163962,29.4,4.722287581247038,14.8,7.4,2.4,2.6,6.0,0.4,0.4,0.6,5.4,11.0,,1.4,2.0,,1.0,6.4,3.2,-10.2,0.5039554531490016,0.0729870698395456,0.2569892473118279,0.0673584421810779,0.0762096774193548,0.0655032534778316,0.0916762672811059,0.0551470316274205,0.2028129800307219,0.0463818243088015,0.3711021505376344,0.0403341997148544,0.063508064516129,0.049906829816478,0.0254992319508448,0.0414120253081526,0.424544930875576,0.0452652940049394,29.4,4.722287581247038,14.8,7.4,2.4,2.6,6.0,0.4,0.4,0.6,5.4,11.0,,1.4,2.0,,1.0,6.4,3.2,-10.2,0.5039554531490016,0.0729870698395456,0.2569892473118279,0.0673584421810779,0.0762096774193548,0.0655032534778316,0.0916762672811059,0.0551470316274205,0.2028129800307219,0.0463818243088015,0.3711021505376344,0.0403341997148544,0.063508064516129,0.049906829816478,0.0254992319508448,0.0414120253081526,0.424544930875576,0.0452652940049394,,,,30.37,15.34,7.220000000000001,2.17,2.4799999999999995,0.66814,0.5466599999999999,1.8222,24.730000000000004,22.56,17.509999999999998,9.39,1.2148,15.34,7.220000000000001,2.17,2.4799999999999995,24.730000000000004,0.66814,0.5466599999999999,1.8222
4397002,Ayo Dosunmu,MIN,2026-06-09,0.0,25.0,0.0,0.0,6.0,10,1,9,0,1,0,0,0,4,8,,2,2,,0,1,3,-28,23.0,0.4347826086956521,0.0434782608695652,0.391304347826087,0.0,0.0434782608695652,0.3478260869565217,0.0869565217391304,0.0,0.3860869565217392,0.0,28.666666666666668,5.131601439446885,12.0,5.0,5.333333333333333,0.6666666666666666,3.0,1.6666666666666667,0.6666666666666666,1.3333333333333333,4.666666666666667,11.333333333333334,,2.0,2.333333333333333,,0.0,5.0,3.6666666666666665,-17.333333333333332,0.4176548089591567,0.077196058367801,0.1609574000878348,0.1147310949703041,0.2041721563460694,0.1624079164870509,0.0212121212121212,0.0184326137281764,0.0993412384716732,0.0487568984427031,0.390689503732982,0.0390496883035168,0.0825208607817303,0.0200680574879606,0.0424242424242424,0.0368652274563528,0.4694229249011858,0.0721723125647199,25.6,9.555103348473002,9.4,4.4,4.2,1.0,3.6,1.4,0.6,1.6,3.6,10.0,,1.2,1.4,,0.2,4.2,2.8,-12.6,0.319342885375494,0.1894002055803064,0.1403244400527009,0.1155910056565341,0.1537532938076416,0.1449354655293575,0.0314772727272727,0.0382895343564071,0.1296047430830039,0.075620050460682,0.3894137022397892,0.0290450677141528,0.0495125164690382,0.0473737396129687,0.0504545454545454,0.0524743585990004,0.4616537549407115,0.0629888589671613,25.6,9.555103348473002,9.4,4.4,4.2,1.0,3.6,1.4,0.6,1.6,3.6,10.0,,1.2,1.4,,0.2,4.2,2.8,-12.6,0.319342885375494,0.1894002055803064,0.1403244400527009,0.1155910056565341,0.1537532938076416,0.1449354655293575,0.0314772727272727,0.0382895343564071,0.1296047430830039,0.075620050460682,0.3894137022397892,0.0290450677141528,0.0495125164690382,0.0473737396129687,0.0504545454545454,0.0524743585990004,0.4616537549407115,0.0629888589671613,,,,26.13,10.27,4.07,5.26,0.75,0.5748599999999999,0.4703399999999999,1.5678,19.6,14.340000000000002,15.53,9.33,1.0452,10.27,4.07,5.26,0.75,19.6,0.5748599999999999,0.4703399999999999,1.5678
4431671,Jaden McDaniels,MIN,2026-06-09,0.0,25.0,0.0,0.0,6.0,13,1,3,2,4,0,1,0,4,13,,3,3,,1,0,5,-21,23.0,0.5652173913043478,0.0434782608695652,0.1304347826086956,0.0869565217391304,0.1739130434782608,0.5652173913043478,0.1304347826086956,0.0,0.6226086956521739,0.0,31.33333333333333,9.073771725877467,14.666666666666666,4.333333333333333,1.6666666666666667,1.6666666666666667,4.333333333333333,0.3333333333333333,0.3333333333333333,1.0,5.333333333333333,13.666666666666666,,2.333333333333333,2.333333333333333,,1.3333333333333333,3.0,4.666666666666667,-12.666666666666666,0.4911158242017202,0.1296048142115277,0.1299399080947331,0.0795394365568917,0.0657004830917874,0.0652227587700006,0.0623188405797101,0.0543623169087276,0.1520089548721574,0.0942060508747208,0.4548014610580888,0.1014008622585565,0.0819606456934134,0.0429218512046034,0.0303523035230352,0.0337308571978354,0.521216448686226,0.1056847232759391,30.8,9.57601169589929,14.6,4.6,2.2,1.6,4.4,0.4,0.6,1.2,5.4,14.6,,2.2,2.4,,2.0,2.6,4.6,-11.8,0.4996694945210321,0.111193587161193,0.1429639448568399,0.0596609911027107,0.0894202898550724,0.0774237298407217,0.052391304347826,0.0486369016710438,0.1412053729232944,0.086421843903559,0.4828808766348533,0.0832581401081184,0.079176387416048,0.0353295603136499,0.0432113821138211,0.0397750258363574,0.5609298692117356,0.0924279310349331,30.8,9.57601169589929,14.6,4.6,2.2,1.6,4.4,0.4,0.6,1.2,5.4,14.6,,2.2,2.4,,2.0,2.6,4.6,-11.8,0.4996694945210321,0.111193587161193,0.1429639448568399,0.0596609911027107,0.0894202898550724,0.0774237298407217,0.052391304347826,0.0486369016710438,0.1412053729232944,0.086421843903559,0.4828808766348533,0.0832581401081184,0.079176387416048,0.0353295603136499,0.0432113821138211,0.0397750258363574,0.5609298692117356,0.0924279310349331,,,,29.79,14.38,3.98,2.16,1.68,0.6553799999999999,0.5362199999999999,1.7873999999999997,20.52,18.36,16.54,6.14,1.1915999999999998,14.38,3.98,2.16,1.68,20.52,0.6553799999999999,0.5362199999999999,1.7873999999999997
4432247,Jaylen Clark,MIN,2026-06-09,0.0,25.0,0.0,0.0,6.0,2,3,0,0,1,0,0,0,0,2,,2,2,,0,3,0,3,8.0,0.25,0.375,0.0,0.0,0.125,0.25,0.25,0.0,0.36,0.0,3.6666666666666665,4.041451884327381,0.6666666666666666,1.0,0.0,0.0,0.3333333333333333,0.0,0.0,0.0,0.0,0.6666666666666666,,0.6666666666666666,0.6666666666666666,,0.0,1.0,0.0,-1.3333333333333333,0.125,0.1767766952966369,0.1875,0.2651650429449553,0.0,0.0,0.0,0.0,0.0625,0.0883883476483184,0.125,0.1767766952966369,0.125,0.1767766952966369,0.0,0.0,0.18,0.2545584412271571,5.2,6.3796551630946325,1.0,0.6,0.2,0.2,1.0,0.2,0.0,0.0,0.2,1.4,,0.4,0.4,,0.0,0.6,0.2,-2.4,0.15,0.1322875655532295,0.125,0.2165063509461096,0.0222222222222222,0.038490017945975,0.0222222222222222,0.038490017945975,0.1305555555555555,0.1334201106502536,0.1944444444444444,0.1734721666221777,0.0833333333333333,0.1443375672974064,0.0,0.0,0.2311111111111111,0.2005917172692757,5.2,6.3796551630946325,1.0,0.6,0.2,0.2,1.0,0.2,0.0,0.0,0.2,1.4,,0.4,0.4,,0.0,0.6,0.2,-2.4,0.15,0.1322875655532295,0.125,0.2165063509461096,0.0222222222222222,0.038490017945975,0.0222222222222222,0.038490017945975,0.1305555555555555,0.1334201106502536,0.1944444444444444,0.1734721666221777,0.0833333333333333,0.1443375672974064,0.0,0.0,0.2311111111111111,0.2005917172692757,,,,8.0,1.05,1.08,0.11,0.11,0.176,0.144,0.48,2.24,2.13,1.16,1.1900000000000002,0.3199999999999999,1.05,1.08,0.11,0.11,2.24,0.176,0.144,0.48
4432847,Terrence Shannon Jr.,MIN,2026-06-09,0.0,25.0,0.0,0.0,6.0,21,2,1,1,3,1,0,1,8,15,,4,4,,1,1,3,-21,22.0,0.9545454545454546,0.0909090909090909,0.0454545454545454,0.0454545454545454,0.1363636363636363,0.6818181818181818,0.1818181818181818,0.0454545454545454,0.8072727272727274,0.0,19.666666666666668,2.5166114784235827,10.333333333333334,1.3333333333333333,2.333333333333333,1.0,4.0,0.6666666666666666,0.0,1.6666666666666667,3.6666666666666665,10.666666666666666,,2.0,2.0,,0.3333333333333333,1.0,2.6666666666666665,-5.0,0.4907308377896613,0.4257626039062066,0.0636363636363636,0.0552978411845293,0.1269162210338681,0.0977401044025284,0.0484848484848484,0.0500688231571463,0.2072192513368983,0.0618017343921188,0.5253119429590017,0.204356687097811,0.0998217468805704,0.0922104610080396,0.0877005347593583,0.0376350552083698,0.656934046345811,0.1758717544468707,22.4,4.277849927241487,9.6,2.2,2.0,0.8,3.8,0.4,0.0,1.4,3.4,10.0,,2.0,2.0,,0.6,1.6,3.0,-3.0,0.4261527883880825,0.3313814324500421,0.0924675324675324,0.0717901121726959,0.0984354469060351,0.0801308184785346,0.0362337662337662,0.0411618659354288,0.1777601222307104,0.0623390922314623,0.4540443086325439,0.1980646483526178,0.0918930481283422,0.0870014658179781,0.0677631779984721,0.0381549960494195,0.5622404278074866,0.2162460626598513,22.4,4.277849927241487,9.6,2.2,2.0,0.8,3.8,0.4,0.0,1.4,3.4,10.0,,2.0,2.0,,0.6,1.6,3.0,-3.0,0.4261527883880825,0.3313814324500421,0.0924675324675324,0.0717901121726959,0.0984354469060351,0.0801308184785346,0.0362337662337662,0.0411618659354288,0.1777601222307104,0.0623390922314623,0.4540443086325439,0.1980646483526178,0.0918930481283422,0.0870014658179781,0.0677631779984721,0.0381549960494195,0.5622404278074866,0.2162460626598513,,,,21.52,11.53,1.91,1.95,0.89,0.4734399999999999,0.38736,1.2912,15.39,13.44,13.48,3.86,0.8608,11.53,1.91,1.95,0.89,15.39,0.4734399999999999,0.38736,1.2912
4592492,Bones Hyland,MIN,2026-06-09,0.0,25.0,0.0,0.0,6.0,3,1,0,1,4,0,0,0,1,6,,0,0,,1,0,1,3,8.0,0.375,0.125,0.0,0.125,0.5,0.75,0.0,0.0,0.75,0.0,3.6666666666666665,4.041451884327381,1.0,0.6666666666666666,0.0,0.3333333333333333,1.6666666666666667,0.0,0.0,0.3333333333333333,0.3333333333333333,2.333333333333333,,0.0,0.0,,0.3333333333333333,0.3333333333333333,0.3333333333333333,-1.3333333333333333,0.1875,0.2651650429449553,0.2291666666666666,0.1473139127471973,0.0,0.0,0.0625,0.0883883476483184,0.4166666666666666,0.1178511301977579,0.5416666666666666,0.2946278254943948,0.0,0.0,0.1666666666666666,0.2357022603955158,0.7083333333333333,0.058925565098879,4.4,4.929503017546495,0.6,0.6,0.4,0.2,1.2,0.0,0.0,0.4,0.2,2.0,,0.0,0.0,,0.2,0.4,0.2,-4.2,0.125,0.2165063509461096,0.1830808080808081,0.1312341934452744,0.0606060606060606,0.1049727762162956,0.0416666666666666,0.0721687836487032,0.308080808080808,0.2057112308526899,0.452020202020202,0.2598311829796557,0.0,0.0,0.1414141414141414,0.1723103243356765,0.5934343434343434,0.2033259569030369,4.4,4.929503017546495,0.6,0.6,0.4,0.2,1.2,0.0,0.0,0.4,0.2,2.0,,0.0,0.0,,0.2,0.4,0.2,-4.2,0.125,0.2165063509461096,0.1830808080808081,0.1312341934452744,0.0606060606060606,0.1049727762162956,0.0416666666666666,0.0721687836487032,0.308080808080808,0.2057112308526899,0.452020202020202,0.2598311829796557,0.0,0.0,0.1414141414141414,0.1723103243356765,0.5934343434343434,0.2033259569030369,,,,8.0,1.08,0.6799999999999999,0.22,0.36,0.176,0.144,0.48,1.98,1.76,1.3,0.8999999999999999,0.3199999999999999,1.08,0.6799999999999999,0.22,0.36,1.98,0.176,0.144,0.48
4594268,Anthony Edwards,MIN,2026-06-09,0.0,25.0,0.0,0.0,6.0,24,2,2,2,7,3,0,3,9,26,,4,7,,1,1,4,-31,36.0,0.6666666666666666,0.0555555555555555,0.0555555555555555,0.0555555555555555,0.1944444444444444,0.7222222222222222,0.1944444444444444,0.0833333333333333,0.8911111111111111,0.0,38.333333333333336,2.081665999466133,26.666666666666668,3.333333333333333,2.0,2.0,5.0,1.3333333333333333,0.0,3.6666666666666665,9.333333333333334,20.33333333333333,,6.0,7.333333333333333,,0.6666666666666666,2.6666666666666665,3.0,-13.333333333333334,0.693162393162393,0.1949448805817812,0.0856125356125356,0.055802104685927,0.0522792022792022,0.0029089142245957,0.052065527065527,0.0248638756349121,0.1321225071225071,0.0590835470905878,0.5351851851851852,0.1948672651545317,0.1913105413105413,0.0106094280235699,0.0952991452991453,0.0104417023272398,0.7146609686609686,0.1892023746123189,36.0,6.96419413859206,24.8,5.4,2.4,2.0,5.8,0.8,0.2,3.4,9.0,20.0,,4.8,6.0,,0.6,4.8,3.0,-16.6,0.6719949968730456,0.1722673483754758,0.1446602042943506,0.1181161065837085,0.0606358140504482,0.0530296679305919,0.0542067959141129,0.0210182386413202,0.1648426099645611,0.0613876066971489,0.5562737127371273,0.14453216955075,0.1607212841359183,0.048030984954662,0.1002689180737961,0.042871533938721,0.7272599958307275,0.1348965137374778,36.0,6.96419413859206,24.8,5.4,2.4,2.0,5.8,0.8,0.2,3.4,9.0,20.0,,4.8,6.0,,0.6,4.8,3.0,-16.6,0.6719949968730456,0.1722673483754758,0.1446602042943506,0.1181161065837085,0.0606358140504482,0.0530296679305919,0.0542067959141129,0.0210182386413202,0.1648426099645611,0.0613876066971489,0.5562737127371273,0.14453216955075,0.1607212841359183,0.048030984954662,0.1002689180737961,0.042871533938721,0.7272599958307275,0.1348965137374778,,,,36.7,25.24,4.27,2.22,2.0,0.8074,0.6606,2.202,31.73,29.51,27.46,6.489999999999999,1.468,25.24,4.27,2.22,2.0,31.73,0.8074,0.6606,2.202
5105553,Julian Phillips,MIN,2026-06-09,0.0,25.0,0.0,0.0,6.0,3,0,1,1,2,1,0,1,1,2,,0,0,,0,0,0,3,8.0,0.375,0.0,0.125,0.125,0.25,0.25,0.0,0.125,0.375,0.0,3.6666666666666665,4.041451884327381,1.0,0.0,0.3333333333333333,0.3333333333333333,1.0,0.3333333333333333,0.0,0.3333333333333333,0.3333333333333333,1.0,,0.0,0.0,,0.0,0.0,0.0,-1.3333333333333333,0.1875,0.2651650429449553,0.0,0.0,0.0625,0.0883883476483184,0.0625,0.0883883476483184,0.2916666666666666,0.0589255650988789,0.2916666666666666,0.0589255650988789,0.0,0.0,0.0625,0.0883883476483184,0.3541666666666666,0.0294627825494395,4.2,4.604345773288535,1.2,0.0,0.4,0.4,0.8,0.2,0.0,0.2,0.4,1.2,,0.0,0.0,,0.0,0.0,0.2,-1.0,0.225,0.1984313483298443,0.0,0.0,0.075,0.0661437827766147,0.075,0.0661437827766147,0.2277777777777777,0.1182433147432931,0.2944444444444444,0.041943524640393,0.0,0.0,0.0416666666666666,0.0721687836487032,0.3361111111111111,0.0375770812735241,4.2,4.604345773288535,1.2,0.0,0.4,0.4,0.8,0.2,0.0,0.2,0.4,1.2,,0.0,0.0,,0.0,0.0,0.2,-1.0,0.225,0.1984313483298443,0.0,0.0,0.075,0.0661437827766147,0.075,0.0661437827766147,0.2277777777777777,0.1182433147432931,0.2944444444444444,0.041943524640393,0.0,0.0,0.0416666666666666,0.0721687836487032,0.3361111111111111,0.0375770812735241,,,,8.0,1.41,0.0,0.47,0.47,0.176,0.144,0.48,1.88,1.41,1.88,0.47,0.3199999999999999,1.41,0.0,0.47,0.47,1.88,0.176,0.144,0.48
5279133,Joan Beringer,MIN,2026-06-09,0.0,25.0,0.0,0.0,6.0,4,2,0,0,0,1,1,0,2,3,,0,0,,1,1,0,3,8.0,0.5,0.25,0.0,0.0,0.0,0.375,0.0,0.0,0.375,0.0,3.6666666666666665,4.041451884327381,2.333333333333333,1.6666666666666667,0.0,0.0,0.0,0.3333333333333333,0.6666666666666666,0.3333333333333333,0.6666666666666666,1.3333333333333333,,1.0,1.3333333333333333,,0.6666666666666666,1.0,0.0,-1.3333333333333333,0.75,0.3535533905932738,0.625,0.5303300858899106,0.0,0.0,0.0,0.0,0.0,0.0,0.3541666666666666,0.0294627825494395,0.6666666666666666,0.9428090415820634,0.1666666666666666,0.2357022603955158,0.8141666666666666,0.6210754561421842,3.8,4.024922359499622,2.8,1.6,0.0,0.0,0.0,0.2,0.4,0.4,1.0,1.6,,0.8,1.2,,0.6,1.0,0.0,-1.0,0.7916666666666666,0.2602082499332666,0.5416666666666666,0.4018187817080397,0.0,0.0,0.0,0.0,0.0,0.0,0.4027777777777777,0.0867360833110888,0.5277777777777778,0.7087417123429485,0.1527777777777777,0.1683938285136408,0.7877777777777778,0.4415387655478072,3.8,4.024922359499622,2.8,1.6,0.0,0.0,0.0,0.2,0.4,0.4,1.0,1.6,,0.8,1.2,,0.6,1.0,0.0,-1.0,0.7916666666666666,0.2602082499332666,0.5416666666666666,0.4018187817080397,0.0,0.0,0.0,0.0,0.0,0.0,0.4027777777777777,0.0867360833110888,0.5277777777777778,0.7087417123429485,0.1527777777777777,0.1683938285136408,0.7877777777777778,0.4415387655478072,,,,8.0,2.84,1.68,0.0,0.0,0.176,0.144,0.48,4.52,4.52,2.84,1.68,0.3199999999999999,2.84,1.68,0.0,0.0,4.52,0.176,0.144,0.48
2528426,Jordan Clarkson,NYK,2026-06-09,0.0,1.0,3.0,3.0,11.0,10,3,1,2,2,1,0,2,4,7,,0,0,,1,2,0,8,13.0,0.7692307692307693,0.2307692307692307,0.0769230769230769,0.1538461538461538,0.1538461538461538,0.5384615384615384,0.0,0.1538461538461538,0.6923076923076923,0.0,6.333333333333333,6.506407098647711,3.333333333333333,1.3333333333333333,0.3333333333333333,0.6666666666666666,1.0,0.3333333333333333,0.0,0.6666666666666666,1.3333333333333333,2.6666666666666665,,0.0,0.0,,0.3333333333333333,1.0,0.3333333333333333,3.333333333333333,0.3846153846153846,0.5439282932204211,0.1987179487179487,0.0453273577683684,0.0384615384615384,0.0543928293220421,0.0769230769230769,0.1087856586440842,0.1602564102564102,0.0090654715536736,0.3525641025641025,0.2628986750565369,0.0,0.0,0.0769230769230769,0.1087856586440842,0.4294871794871795,0.3716843337006211,6.2,5.069516742254629,2.6,1.0,0.2,0.6,1.4,0.2,0.0,0.6,1.0,2.8,,0.0,0.0,,0.4,0.6,0.4,1.8,0.2756410256410256,0.3646528885468691,0.1271367521367521,0.0978483174517548,0.0192307692307692,0.0384615384615384,0.0662393162393162,0.0784511100456658,0.1912393162393162,0.1850111498674591,0.3429487179487179,0.3118267457279827,0.0,0.0,0.0662393162393162,0.0784511100456659,0.4091880341880342,0.3839559874605626,8.3,4.808557187163549,3.7,1.8,0.7,0.4,0.9,0.2,0.1,0.8,1.4,2.9,,0.5,0.6,,0.8,1.0,0.9,2.3,0.4215761090761091,0.3331245570741192,0.1964624881291548,0.1986845192653738,0.0758547008547008,0.1360198408584804,0.0363841405508072,0.059167470912035,0.1058285849952516,0.14478921161886,0.3278642653642654,0.210765451103232,0.0833333333333333,0.1767766952966369,0.083240062406729,0.0682478923473788,0.4477709944376611,0.2729168102518802,,,,8.35,3.515555555555556,1.2734444444444444,0.2767777777777778,0.6871111111111111,0.1546296296296296,0.1546296296296296,0.7731481481481481,5.065777777777777,4.789,3.7923333333333336,1.5502222222222222,0.3092592592592592,3.515555555555556,1.2734444444444444,0.2767777777777778,0.6871111111111111,5.065777777777777,0.1546296296296296,0.1546296296296296,0.7731481481481481
3062679,Josh Hart,NYK,2026-06-09,0.0,1.0,3.0,3.0,11.0,16,9,5,4,7,0,0,2,6,10,,0,0,,1,8,2,-7,35.0,0.4571428571428571,0.2571428571428571,0.1428571428571428,0.1142857142857142,0.2,0.2857142857142857,0.0,0.0571428571428571,0.3428571428571428,0.0,26.666666666666668,8.50490054811539,6.333333333333333,10.0,5.0,1.3333333333333333,4.0,1.6666666666666667,0.6666666666666666,1.3333333333333333,2.333333333333333,6.333333333333333,,0.3333333333333333,0.3333333333333333,,1.0,9.0,3.6666666666666665,4.0,0.1894179894179894,0.238419532236371,0.3820105820105819,0.1550472203800412,0.1957671957671957,0.0458214499356845,0.038095238095238,0.0659828879073858,0.1407407407407407,0.0513200239279667,0.2310405643738976,0.050841394375307,0.0123456790123456,0.0213833433033194,0.056084656084656,0.0555631136204236,0.2925573192239859,0.0790176050151843,27.8,7.328028384224503,7.4,10.0,5.2,1.4,4.4,2.2,0.4,2.0,2.8,7.2,,0.4,0.6,,1.6,8.4,3.2,7.0,0.2322222222222222,0.1814803631168587,0.3723015873015872,0.1313631124849877,0.196031746031746,0.0498485991982291,0.0426190476190476,0.0473833452374955,0.1494444444444444,0.0464977100192798,0.2488624338624338,0.0644208141227435,0.024074074074074,0.0368048276191699,0.0731746031746031,0.0470213816264255,0.3326296296296296,0.0905910260125644,31.6,7.604092465391394,11.0,8.8,4.7,1.8,5.3,1.9,0.3,2.2,4.3,9.6,,0.6,1.0,,1.2,7.6,3.1,7.0,0.3368187997887664,0.2380640591170693,0.2952962246010077,0.130383446235807,0.1567158595328784,0.0695517285954176,0.055752676133655,0.0582312972614895,0.1662378793496702,0.0721195906833847,0.3016705737923758,0.1392765682970725,0.0329975318629378,0.0315388677244382,0.0686084024738084,0.0381221037833514,0.3847978902858769,0.1381957613685376,,,,29.195,10.19408866995074,9.107729064039408,5.196753694581282,1.861778325123153,2.013448275862069,0.2876354679802955,1.8696305418719212,24.49857142857143,19.30181773399015,15.39084236453202,14.30448275862069,2.301083743842365,10.19408866995074,9.107729064039408,5.196753694581282,1.861778325123153,24.49857142857143,2.013448275862069,0.2876354679802955,1.8696305418719212
3136195,Karl-Anthony Towns,NYK,2026-06-09,0.0,1.0,3.0,3.0,11.0,11,8,1,0,2,3,2,1,4,10,,3,3,,2,6,4,6,38.0,0.2894736842105263,0.2105263157894736,0.0263157894736842,0.0,0.0526315789473684,0.2631578947368421,0.0789473684210526,0.0263157894736842,0.3242105263157895,0.0,35.333333333333336,2.309401076758502,16.666666666666668,11.0,3.0,1.0,3.0,1.3333333333333333,1.3333333333333333,1.6666666666666667,6.333333333333333,12.333333333333334,,3.0,3.0,,3.0,8.0,4.333333333333333,10.333333333333334,0.4788441692466461,0.1698300686984443,0.3152734778121774,0.0918979811510376,0.087203302373581,0.0527301329445634,0.0294117647058823,0.0509426708108493,0.0861713106295149,0.0528209426552547,0.3524251805985552,0.089010409648785,0.0851393188854489,0.0298966066808482,0.0479876160990712,0.0187683524039971,0.4378740970072239,0.1137772596756733,33.6,4.560701700396551,16.4,11.0,3.8,1.4,3.0,1.8,1.4,1.4,6.2,11.4,,2.6,2.6,,2.8,8.2,4.2,15.8,0.5056825699240559,0.1812528036436499,0.3413008388240586,0.1341406042706206,0.1142877933899605,0.0595565582625245,0.046279537456008,0.0528244820089242,0.0914463761212987,0.0396939657760294,0.3460704929745177,0.0882133523248746,0.0733058135534915,0.0474623338857837,0.0441771850440581,0.0307082129558429,0.4225022359821121,0.1094138645009159,31.7,6.498717822257967,15.8,10.7,4.9,1.4,3.1,1.1,1.1,2.0,5.8,10.6,,2.8,3.2,,2.6,8.1,4.2,14.2,0.5251845898053328,0.2036588897740328,0.3424524137140236,0.1094875743717309,0.1752706773217609,0.1407896403150128,0.047676805765041,0.0448219812283458,0.0985080883455496,0.0418731322533316,0.3367674402194526,0.0618280655933175,0.1132341033579423,0.1143942855264575,0.064545857479294,0.0540764762367469,0.4511363031762412,0.1048483822939443,,,,34.56,15.823147540983609,11.079672131147545,3.4685901639344268,1.3628196721311476,1.416393442622951,1.1331147540983608,1.9829508196721315,30.371409836065578,26.90281967213115,19.291737704918035,14.548262295081969,2.549508196721312,15.823147540983609,11.079672131147545,3.4685901639344268,1.3628196721311476,30.371409836065578,1.416393442622951,1.1331147540983608,1.9829508196721315
3147657,Mikal Bridges,NYK,2026-06-09,0.0,1.0,3.0,3.0,11.0,2,5,2,0,3,0,1,1,1,5,,0,0,,0,5,4,11,29.0,0.0689655172413793,0.1724137931034483,0.0689655172413793,0.0,0.1034482758620689,0.1724137931034483,0.0,0.0344827586206896,0.2068965517241379,0.0,32.666666666666664,7.234178138070241,10.333333333333334,4.666666666666667,3.6666666666666665,1.3333333333333333,3.0,1.0,0.3333333333333333,1.0,4.0,8.0,,1.0,1.3333333333333333,,0.6666666666666666,4.0,3.0,9.666666666666666,0.2927329889062437,0.2108890226697677,0.1419660378869798,0.0328547109514592,0.1074832792662902,0.038689096357607,0.032520325203252,0.0563268555306952,0.0832632464255677,0.0752298646722063,0.2345908927069566,0.0744366112003205,0.0476190476190476,0.0824786098842322,0.0315290960791381,0.0062130163806428,0.2870723697384757,0.0708921789899706,33.4,6.107372593840987,13.6,4.6,3.6,1.0,3.6,1.2,0.6,1.4,5.4,11.0,,1.8,2.0,,0.6,4.0,2.2,11.6,0.388460306164259,0.1998316939627612,0.1359488535014187,0.0311452926414792,0.1080797111495177,0.0491252609919255,0.0261788617886178,0.0424340401396707,0.108419486316879,0.1061979495260226,0.3243442792139175,0.1436642441862465,0.0685714285714285,0.0960442075084092,0.0425072012372264,0.0165788817990228,0.3970229090225726,0.18200114124911,35.2,5.750362307426086,15.8,4.3,3.1,1.0,3.1,1.5,0.4,1.1,6.6,11.5,,1.6,1.7,,0.5,3.8,2.0,14.3,0.436975022011209,0.152216323734872,0.1229309057861357,0.0320817616043037,0.0933152399817222,0.0637641041616491,0.0257567410616191,0.0330144285421949,0.0894503785306538,0.0768309996388524,0.326125265665348,0.1007351651568493,0.0525611325611325,0.0769635665236429,0.0319678863328989,0.0264403763765674,0.3812200503251453,0.1273400656039839,,,,33.822,13.085373493975904,4.37446265060241,3.104973493975904,1.031990361445783,1.2224819277108434,0.4074939759036144,1.358313253012048,20.564809638554216,17.45983614457831,16.190346987951806,7.4794361445783135,1.629975903614458,13.085373493975904,4.37446265060241,3.104973493975904,1.031990361445783,20.564809638554216,1.2224819277108434,0.4074939759036144,1.358313253012048
3914044,Landry Shamet,NYK,2026-06-09,0.0,1.0,3.0,3.0,11.0,3,4,2,1,7,0,1,0,1,8,,0,0,,2,2,5,-20,23.0,0.1304347826086956,0.1739130434782608,0.0869565217391304,0.0434782608695652,0.3043478260869565,0.3478260869565217,0.0,0.0,0.3478260869565217,0.0,28.666666666666668,5.131601439446886,9.666666666666666,2.333333333333333,1.3333333333333333,2.333333333333333,6.666666666666667,0.0,0.6666666666666666,0.0,3.6666666666666665,9.666666666666666,,0.0,0.0,,0.6666666666666666,1.6666666666666667,3.0,-7.0,0.319235836627141,0.1646886429420689,0.0902942468159859,0.0746636181739932,0.051207729468599,0.045492782094661,0.078129117259552,0.0303508244277554,0.2398331137461572,0.0615228720901364,0.3401844532279315,0.063979549087118,0.0,0.0,0.0,0.0,0.3401844532279315,0.0639795490871181,26.6,5.594640292279746,11.8,1.6,1.8,3.0,5.8,0.2,0.4,0.4,4.0,8.0,,0.8,1.0,,0.4,1.2,2.6,2.4,0.4599625546078635,0.2555840235717798,0.0613194052324487,0.0672376897573779,0.0732058406886782,0.044074737121844,0.1175541620850545,0.0628279590742813,0.2217194171198747,0.0513358549895078,0.3029828523878867,0.0836373939141963,0.0424812030075188,0.0581735790584455,0.0142857142857142,0.0319438282499969,0.3359602959969093,0.0510652738726529,21.0,8.353309390761112,9.5,1.6,0.9,2.4,4.1,0.3,0.2,0.4,3.2,5.8,,0.7,0.9,,0.4,1.2,2.2,7.1,0.4497056705577368,0.3495979162207744,0.074747183762529,0.0874944368851684,0.0366029203443391,0.0484975000349719,0.1204800839220007,0.1100607114777684,0.1945906834673829,0.1562262525539515,0.2684007913386026,0.1778279232967076,0.0366252168883747,0.0603825749135888,0.0148351648351648,0.0313020755839591,0.2993510516046523,0.1777472561574304,,,,24.864,9.900189090909093,2.047389090909091,1.4177309090909092,2.579461818181818,0.3013818181818181,0.3013818181818181,0.3013818181818181,13.365309090909092,11.947578181818182,11.31792,3.46512,0.6027636363636363,9.900189090909093,2.047389090909091,1.4177309090909092,2.579461818181818,13.365309090909092,0.3013818181818181,0.3013818181818181,0.3013818181818181
3934672,Jalen Brunson,NYK,2026-06-09,0.0,1.0,3.0,3.0,11.0,32,5,5,3,5,0,0,5,11,25,,7,8,,2,3,5,-9,35.0,0.9142857142857144,0.1428571428571428,0.1428571428571428,0.0857142857142857,0.1428571428571428,0.7142857142857143,0.2285714285714285,0.1428571428571428,0.9577142857142856,0.0,36.66666666666666,1.527525231651937,27.33333333333333,4.333333333333333,4.333333333333333,2.333333333333333,7.333333333333333,1.6666666666666667,0.0,4.333333333333333,10.0,27.0,,5.0,5.666666666666667,,1.6666666666666667,2.6666666666666665,3.0,-4.333333333333333,0.750470771523403,0.2009001142248742,0.1185057237688816,0.0328976037668796,0.118268644584434,0.0561174441323945,0.0641333062385694,0.0187032046774275,0.1988755672966199,0.0511971409652419,0.7366727629885524,0.0920367582067486,0.1560861613493192,0.0638616124686129,0.1187428029533292,0.0209320203797109,0.9240934769355822,0.0910135046936038,36.4,3.714835124201341,25.4,3.6,4.8,1.8,6.2,1.2,0.0,3.4,9.2,22.8,,5.2,6.2,,1.2,2.4,2.2,3.6,0.6933981198770631,0.1842978544100796,0.098640806409244,0.0359220259858977,0.1324875439497162,0.0445151589651986,0.0513832095495932,0.031622865243767,0.1710956000160522,0.057142275690854,0.6250091652675611,0.1662279030944721,0.1650915079818968,0.0932669246202131,0.0907578768939487,0.0536401006347732,0.7884073056735443,0.2101465288455669,37.5,5.190803834132479,26.5,3.6,6.5,2.1,6.7,1.0,0.0,2.9,9.6,21.9,,5.2,6.2,,0.8,2.8,2.2,10.2,0.7056359235716334,0.1640918777236901,0.0975726018348136,0.0399489902749962,0.1740341785320783,0.0787074736303939,0.0621278504791954,0.060042599329851,0.1850533175133482,0.0755460563604626,0.585376595646163,0.1336021962406164,0.157481290073998,0.0909780667075984,0.0746124875902461,0.0453244117687047,0.7292808508689683,0.1704755256631904,,,,37.1185,26.166605970149256,3.772629104477612,5.668449253731343,1.7941123134328358,1.2465167910447763,0.0,3.185542910447761,35.60768432835821,29.93923507462687,31.8350552238806,9.441078358208957,1.2465167910447763,26.166605970149256,3.772629104477612,5.668449253731343,1.7941123134328358,35.60768432835821,1.2465167910447763,0.0,3.185542910447761
3934719,OG Anunoby,NYK,2026-06-09,0.0,1.0,3.0,3.0,9.0,28,5,1,3,7,0,2,1,9,13,,7,9,,0,5,2,-3,38.0,0.7368421052631579,0.131578947368421,0.0263157894736842,0.0789473684210526,0.1842105263157894,0.3421052631578947,0.2368421052631578,0.0263157894736842,0.4726315789473684,0.0,35.333333333333336,3.7859388972001766,20.666666666666668,4.0,1.3333333333333333,2.6666666666666665,6.0,1.0,1.6666666666666667,0.3333333333333333,6.333333333333333,11.666666666666666,,5.333333333333333,6.0,,0.0,4.0,2.0,-6.0,0.5815628871656037,0.1416360047775144,0.112153749674972,0.0177515670824846,0.0357989568515884,0.0413640335914816,0.0765918720078312,0.0214572563977397,0.1709646828492329,0.0313785958583055,0.3331574358739044,0.0589250007599662,0.1670031661542697,0.0605592217504982,0.0087719298245614,0.015193428136569,0.4154107588063445,0.0755825525299872,32.8,4.604345773288538,20.0,5.2,2.4,2.4,5.4,1.0,1.0,0.6,6.2,11.6,,5.2,5.6,,1.0,4.2,2.4,1.4,0.61034752919303,0.1089467894677316,0.1643053919794157,0.0734646767167046,0.0769154553534859,0.0638042387790247,0.0727173693217835,0.0265409114446399,0.16542229835948,0.0307253696557471,0.360706886852897,0.079469083910162,0.1685412067415463,0.0457798298727426,0.01912217820537,0.0178644697503397,0.4539871960245475,0.0907081625824712,33.375,3.814914340921881,18.875,5.0,2.375,2.125,5.5,1.375,1.125,0.5,5.875,11.5,,5.0,5.5,,0.875,4.125,2.625,7.0,0.5650299044737837,0.1278240370443899,0.1535901148202032,0.0577716680808252,0.073900607529156,0.0497774654014705,0.0636940831711068,0.025338879616065,0.1647214086527354,0.0295034027200622,0.3472124720096107,0.0886637513244399,0.1634289736093329,0.0744891470257102,0.0156278319665915,0.0169708340637648,0.4347490523643088,0.0962434890709229,,,,33.89575,19.699809347826086,5.002829347826086,2.2492028260869565,2.3323554347826088,1.0316097826086956,1.178982608695652,0.589491304347826,26.95184152173913,24.702638695652173,21.949012173913044,7.252032173913043,2.210592391304348,19.699809347826086,5.002829347826086,2.2492028260869565,2.3323554347826088,26.95184152173913,1.0316097826086956,1.178982608695652,0.589491304347826
4277869,Jose Alvarado,NYK,2026-06-09,0.0,1.0,3.0,3.0,11.0,4,3,1,0,2,0,0,0,2,5,,0,0,,0,3,1,5,12.0,0.3333333333333333,0.25,0.0833333333333333,0.0,0.1666666666666666,0.4166666666666667,0.0,0.0,0.4166666666666667,0.0,11.0,1.0,4.333333333333333,3.333333333333333,1.3333333333333333,0.3333333333333333,2.333333333333333,0.3333333333333333,0.0,0.3333333333333333,1.6666666666666667,5.0,,0.6666666666666666,1.0,,0.6666666666666666,2.6666666666666665,1.6666666666666667,6.666666666666667,0.3898989898989899,0.223613642052876,0.3045454545454545,0.0569543822097348,0.1247474747474747,0.0652805862670758,0.0303030303030303,0.0524863881081478,0.2131313131313131,0.0542359343784195,0.4540404040404039,0.0796043552973571,0.0999999999999999,0.1732050807568877,0.0303030303030303,0.0524863881081477,0.5283434343434343,0.109894119395937,9.4,3.130495168499705,3.8,2.0,1.2,0.2,2.0,0.6,0.0,0.8,1.6,4.2,,0.4,0.6,,0.4,1.6,1.4,7.6,0.4139393939393939,0.1653335110636208,0.1827272727272727,0.1715991870369307,0.1148484848484848,0.085524901190236,0.0181818181818181,0.040655781409087,0.2478787878787879,0.1540604391673511,0.4824242424242424,0.1731805588649566,0.06,0.1341640786499874,0.1081818181818182,0.1142890347805701,0.6170060606060607,0.228096139091619,8.7,2.359378449224852,3.6,1.5,0.9,0.4,1.6,0.4,0.1,0.6,1.5,3.4,,0.2,0.3,,0.2,1.3,0.9,4.9,0.4144696969696969,0.20791226070634,0.1481493506493506,0.1457860941569078,0.0942099567099567,0.0763667402056598,0.0458766233766233,0.060782837810628,0.1975108225108225,0.1174350976821901,0.3976406926406927,0.1997238900413984,0.03,0.0948683298050513,0.0783766233766233,0.0941297421151683,0.489217316017316,0.2596696415449418,,,,9.684500000000002,3.735582258064517,2.104651612903226,1.1160467741935485,0.1937209677419354,0.4686048387096774,0.1562016129032258,0.6248064516129033,6.95628064516129,5.840233870967742,4.851629032258065,3.2206983870967743,0.6248064516129033,3.735582258064517,2.104651612903226,1.1160467741935485,0.1937209677419354,6.95628064516129,0.4686048387096774,0.1562016129032258,0.6248064516129033
4351852,Mitchell Robinson,NYK,2026-06-09,0.0,1.0,3.0,3.0,11.0,5,4,0,0,0,0,0,0,2,3,,1,2,,4,0,0,-13,7.0,0.7142857142857143,0.5714285714285714,0.0,0.0,0.0,0.4285714285714285,0.2857142857142857,0.0,0.5542857142857143,0.0,11.333333333333334,3.78593889720018,4.666666666666667,4.333333333333333,0.0,0.0,0.0,0.3333333333333333,0.3333333333333333,0.3333333333333333,1.6666666666666667,2.333333333333333,,1.3333333333333333,3.0,,2.0,2.333333333333333,1.3333333333333333,-9.0,0.456043956043956,0.2827936095045664,0.4157509157509158,0.1829211021560272,0.0,0.0,0.0,0.0,0.0,0.0,0.2417582417582417,0.1618782402489695,0.2637362637362637,0.176851394938803,0.0238095238095238,0.0412393049421161,0.3816117216117216,0.1842178259082471,12.2,4.324349662087932,4.8,5.2,0.0,0.0,0.0,0.4,0.2,0.6,2.0,2.8,,0.8,2.2,,2.4,2.8,1.6,-3.4,0.4069597069597069,0.2251140186045553,0.4272283272283273,0.1521509115642316,0.0,0.0,0.0,0.0,0.0,0.0,0.2339438339438339,0.1392466109354835,0.1804639804639804,0.1737330711178208,0.0365079365079365,0.0519219912184003,0.3498559218559218,0.1926671738263603,12.2,5.652924513520021,4.4,4.8,0.1,0.0,0.0,0.5,0.3,0.4,1.6,2.6,,1.2,3.5,,2.3,2.5,1.4,0.4,0.3716261808367072,0.1661790797022201,0.3987595413034009,0.1168705713893622,0.0079365079365079,0.0238095238095238,0.0,0.0,0.0,0.0,0.2176184763904062,0.103750749080784,0.275348270962306,0.1866299715489252,0.0295414462081128,0.0454668710113682,0.3683131618219337,0.1419413189978679,,,,11.604,4.44488275862069,4.752993103448276,0.0880275862068965,0.0,0.5335172413793103,0.2667586206896551,0.5335172413793103,9.285903448275862,9.197875862068964,4.532910344827586,4.841020689655172,0.8002758620689655,4.44488275862069,4.752993103448276,0.0880275862068965,0.0,9.285903448275862,0.5335172413793103,0.2667586206896551,0.5335172413793103
4395623,Trey Jemison III,NYK,2026-06-09,0.0,30.0,0.0,0.0,2.0,0,0,0,0,0,0,0,0,0,0,,0,0,,0,0,0,0,0.0,,,,,,,,,,0.0,0.0,,0.0,0.0,0.0,0.0,0.0,0.0,0.0,0.0,0.0,0.0,,0.0,0.0,,0.0,0.0,0.0,0.0,,,,,,,,,,,,,,,,,,,0.0,,0.0,0.0,0.0,0.0,0.0,0.0,0.0,0.0,0.0,0.0,,0.0,0.0,,0.0,0.0,0.0,0.0,,,,,,,,,,,,,,,,,,,0.0,,0.0,0.0,0.0,0.0,0.0,0.0,0.0,0.0,0.0,0.0,,0.0,0.0,,0.0,0.0,0.0,0.0,,,,,,,,,,,,,,,,,,,,,,8.0,0.0,0.0,0.0,0.0,0.176,0.144,0.48,0.0,0.0,0.0,0.0,0.3199999999999999,0.0,0.0,0.0,0.0,0.0,0.176,0.144,0.48
4411057,Kevin McCullar Jr.,NYK,2026-06-09,0.0,30.0,0.0,0.0,2.0,0,0,0,0,0,0,0,0,0,0,,0,0,,0,0,0,0,0.0,,,,,,,,,,0.0,0.0,,0.0,0.0,0.0,0.0,0.0,0.0,0.0,0.0,0.0,0.0,,0.0,0.0,,0.0,0.0,0.0,0.0,,,,,,,,,,,,,,,,,,,0.0,,0.0,0.0,0.0,0.0,0.0,0.0,0.0,0.0,0.0,0.0,,0.0,0.0,,0.0,0.0,0.0,0.0,,,,,,,,,,,,,,,,,,,0.0,,0.0,0.0,0.0,0.0,0.0,0.0,0.0,0.0,0.0,0.0,,0.0,0.0,,0.0,0.0,0.0,0.0,,,,,,,,,,,,,,,,,,,,,,8.0,0.0,0.0,0.0,0.0,0.176,0.144,0.48,0.0,0.0,0.0,0.0,0.3199999999999999,0.0,0.0,0.0,0.0,0.0,0.176,0.144,0.48
4431823,Miles McBride,NYK,2026-06-09,0.0,1.0,3.0,3.0,11.0,0,0,0,0,2,0,0,1,0,2,,0,0,,0,0,0,2,9.0,0.0,0.0,0.0,0.0,0.2222222222222222,0.2222222222222222,0.0,0.1111111111111111,0.3333333333333333,0.0,15.333333333333334,5.507570547286102,3.6666666666666665,1.0,2.0,1.0,3.6666666666666665,0.0,0.3333333333333333,1.0,1.3333333333333333,5.333333333333333,,0.0,0.0,,0.6666666666666666,0.3333333333333333,0.6666666666666666,4.0,0.1978557504873294,0.1723989436078395,0.0545808966861598,0.0555811985551005,0.1072124756335282,0.1053172916899813,0.0536062378167641,0.0526586458449906,0.2348927875243664,0.0753645162659777,0.3265107212475633,0.0908944517117681,0.0,0.0,0.074074074074074,0.0641500299099584,0.4005847953216374,0.0878653754462966,15.4,4.037325847637271,5.4,1.0,1.6,1.4,3.6,0.6,0.4,0.6,1.8,5.0,,0.4,0.4,,0.4,0.6,1.0,7.6,0.3195537864268514,0.2305138363166363,0.0562779497764017,0.0572724942915221,0.0878568971448228,0.0893219838876213,0.0817435746228315,0.0651931774246811,0.2283306304978131,0.0760303475199074,0.3093518108997985,0.0841790989991519,0.0285714285714285,0.0638876564999939,0.0444444444444444,0.0608580619450184,0.3663676839156715,0.0823019157710708,17.9,5.321862664727663,6.4,1.6,1.5,1.7,4.3,0.4,0.4,0.4,2.0,5.6,,0.7,0.8,,0.7,0.9,1.5,6.7,0.3150314088127689,0.2704060744235765,0.087030117552163,0.088179240712636,0.0855250872278736,0.0803318651932435,0.0816763850125652,0.0757198803158717,0.2367964366629894,0.1051398145763898,0.311707683678432,0.1524518029977774,0.0376026272577996,0.0617916324400717,0.0269841269841269,0.0467588382969009,0.3552369666559908,0.1514465200335135,,,,15.098,4.392088888888888,1.3106555555555557,1.5905333333333331,1.123022222222222,0.4193888888888888,0.2795925925925925,0.4193888888888888,7.293277777777776,5.702744444444443,5.982622222222221,2.9011888888888886,0.6989814814814814,4.392088888888888,1.3106555555555557,1.5905333333333331,1.123022222222222,7.293277777777776,0.4193888888888888,0.2795925925925925,0.4193888888888888
4433225,Tyler Kolek,NYK,2026-06-09,0.0,1.0,3.0,3.0,11.0,0,0,0,0,0,0,0,0,0,0,,0,0,,0,0,0,0,0.0,,,,,,,,,,0.0,0.0,0.0,0.0,0.0,0.0,0.0,0.0,0.0,0.0,0.0,0.0,0.0,,0.0,0.0,,0.0,0.0,0.0,0.0,,,,,,,,,,,,,,,,,,,1.6,3.5777087639996634,1.6,0.2,0.2,0.4,0.6,0.0,0.0,0.0,0.6,1.4,,0.0,0.0,,0.2,0.0,0.0,0.4,1.0,,0.125,,0.125,,0.25,,0.375,,0.875,,0.0,,0.0,,0.875,,2.4,4.477102237434884,1.2,0.4,0.3,0.2,0.5,0.0,0.0,0.1,0.5,1.3,,0.0,0.0,,0.1,0.3,0.1,-0.9,0.3269230769230769,0.47157882455768,0.0889423076923077,0.1114099060216968,0.0697115384615384,0.0813528214519042,0.0625,0.125,0.1322115384615384,0.1773641033240069,0.4399038461538461,0.3603204215875333,0.0,0.0,0.0192307692307692,0.0384615384615384,0.4591346153846154,0.3584338020247603,,,,6.775,0.7999999999999999,0.15,0.13,0.18,0.14905,0.12195,0.4065,1.08,0.95,0.93,0.28,0.271,0.7999999999999999,0.15,0.13,0.18,1.08,0.14905,0.12195,0.4065
4610139,Jeremy Sochan,NYK,2026-06-09,0.0,1.0,3.0,3.0,11.0,0,0,0,0,0,0,0,0,0,0,,0,0,,0,0,0,0,0.0,,,,,,,,,,0.0,0.0,0.0,0.0,0.0,0.0,0.0,0.0,0.0,0.0,0.0,0.0,0.0,,0.0,0.0,,0.0,0.0,0.0,0.0,,,,,,,,,,,,,,,,,,,0.0,0.0,0.0,0.0,0.0,0.0,0.0,0.0,0.0,0.0,0.0,0.0,,0.0,0.0,,0.0,0.0,0.0,0.0,,,,,,,,,,,,,,,,,,,1.2,2.820559440174157,0.6,0.4,0.2,0.0,0.0,0.0,0.1,0.1,0.1,0.1,,0.4,0.6,,0.1,0.3,0.1,-1.6,0.3518518518518518,0.3059761415158946,0.4074074074074074,0.5250906251391787,0.074074074074074,0.1283000598199168,0.0,0.0,0.0,0.0,0.037037037037037,0.0641500299099584,0.4814814814814814,0.501027750313655,0.037037037037037,0.0641500299099584,0.2859259259259259,0.2478682777758622,,,,8.0,0.12,0.08,0.04,0.0,0.176,0.144,0.48,0.24,0.2,0.16,0.12,0.3199999999999999,0.12,0.08,0.04,0.0,0.24,0.176,0.144,0.48
4702159,Dillon Jones,NYK,2026-06-09,0.0,30.0,0.0,0.0,2.0,0,0,0,0,0,0,0,0,0,0,,0,0,,0,0,0,0,0.0,,,,,,,,,,0.0,0.0,,0.0,0.0,0.0,0.0,0.0,0.0,0.0,0.0,0.0,0.0,,0.0,0.0,,0.0,0.0,0.0,0.0,,,,,,,,,,,,,,,,,,,0.0,,0.0,0.0,0.0,0.0,0.0,0.0,0.0,0.0,0.0,0.0,,0.0,0.0,,0.0,0.0,0.0,0.0,,,,,,,,,,,,,,,,,,,0.0,,0.0,0.0,0.0,0.0,0.0,0.0,0.0,0.0,0.0,0.0,,0.0,0.0,,0.0,0.0,0.0,0.0,,,,,,,,,,,,,,,,,,,,,,8.0,0.0,0.0,0.0,0.0,0.176,0.144,0.48,0.0,0.0,0.0,0.0,0.3199999999999999,0.0,0.0,0.0,0.0,0.0,0.176,0.144,0.48
4871141,Ariel Hukporti,NYK,2026-06-09,0.0,1.0,3.0,3.0,11.0,0,0,0,0,0,0,0,0,0,0,,0,0,,0,0,0,0,0.0,,,,,,,,,,0.0,0.0,0.0,0.0,0.0,0.0,0.0,0.0,0.0,0.0,0.0,0.0,0.0,,0.0,0.0,,0.0,0.0,0.0,0.0,,,,,,,,,,,,,,,,,,,1.6,3.5777087639996648,0.4,1.0,0.2,0.0,0.0,0.2,0.0,0.0,0.2,0.2,,0.0,0.0,,0.4,0.6,0.2,0.4,0.25,,0.625,,0.125,,0.0,,0.0,,0.125,,0.0,,0.0,,0.125,,3.4,5.399588461684423,0.9,1.3,0.2,0.0,0.1,0.1,0.0,0.1,0.3,0.8,,0.3,0.6,,0.6,0.7,1.0,-0.8,0.2120535714285714,0.1436686400933011,0.4092261904761904,0.161291951248086,0.046875,0.0598391942347711,0.0,0.0,0.015625,0.03125,0.2008928571428571,0.1829086376524935,0.09375,0.1875,0.015625,0.03125,0.2577678571428571,0.2320399726223002,,,,8.0,0.32,0.61,0.11,0.0,0.176,0.144,0.48,1.04,0.93,0.43,0.72,0.3199999999999999,0.32,0.61,0.11,0.0,1.04,0.176,0.144,0.48
5211983,Pacome Dadiet,NYK,2026-06-09,0.0,1.0,3.0,3.0,11.0,0,0,0,0,0,0,0,0,0,0,,0,0,,0,0,0,0,0.0,,,,,,,,,,0.0,0.0,0.0,0.0,0.0,0.0,0.0,0.0,0.0,0.0,0.0,0.0,0.0,,0.0,0.0,,0.0,0.0,0.0,0.0,,,,,,,,,,,,,,,,,,,1.4,3.130495168499705,1.2,0.2,0.0,0.2,0.4,0.2,0.0,0.0,0.4,0.8,,0.2,0.4,,0.2,0.0,0.0,0.4,0.8571428571428571,,0.1428571428571428,,0.0,,0.1428571428571428,,0.2857142857142857,,0.5714285714285714,,0.2857142857142857,,0.0,,0.6971428571428572,,2.2,4.077035960378841,1.1,0.5,0.1,0.2,0.4,0.1,0.0,0.2,0.4,0.9,,0.1,0.2,,0.1,0.4,0.0,-1.0,0.3184523809523809,0.4093316963560522,0.2232142857142857,0.2110368797766171,0.0208333333333333,0.0416666666666666,0.056547619047619,0.0696708328019025,0.3422619047619047,0.4546076153126196,0.4761904761904761,0.420560041253707,0.0714285714285714,0.1428571428571428,0.1458333333333333,0.2393567769390845,0.653452380952381,0.2592419832814345,,,,6.6,0.64,0.1699999999999999,0.02,0.11,0.1452,0.1187999999999999,0.3959999999999999,0.8300000000000001,0.81,0.66,0.19,0.264,0.64,0.1699999999999999,0.02,0.11,0.8300000000000001,0.1452,0.1187999999999999,0.3959999999999999
5289900,Mohamed Diawara,NYK,2026-06-09,0.0,1.0,3.0,3.0,11.0,0,0,0,0,0,0,0,0,0,0,,0,0,,0,0,0,0,0.0,,,,,,,,,,0.0,0.0,0.0,0.0,0.0,0.0,0.0,0.0,0.0,0.0,0.0,0.0,0.0,,0.0,0.0,,0.0,0.0,0.0,0.0,,,,,,,,,,,,,,,,,,,1.6,3.577708763999664,0.0,0.6,0.4,0.0,0.0,0.0,0.0,0.2,0.0,0.0,,0.0,0.0,,0.0,0.6,0.2,0.4,0.0,,0.375,,0.25,,0.0,,0.0,,0.0,,0.0,,0.125,,0.125,,1.9,3.5418137224371984,0.0,0.3,0.2,0.0,0.2,0.0,0.0,0.2,0.0,0.3,,0.0,0.0,,0.0,0.3,0.2,-1.4,0.0,0.0,0.125,0.2165063509461096,0.0833333333333333,0.1443375672974064,0.0,0.0,0.074074074074074,0.1283000598199168,0.1111111111111111,0.1924500897298752,0.0,0.0,0.2083333333333333,0.2602082499332666,0.3194444444444444,0.1878854063676205,,,,8.0,0.0,0.27,0.18,0.0,0.176,0.144,0.48,0.45,0.27,0.18,0.45,0.3199999999999999,0.0,0.27,0.18,0.0,0.45,0.176,0.144,0.48
2991350,Alex Caruso,OKC,2026-06-09,0.0,10.0,0.0,3.0,12.0,12,5,4,1,6,0,1,3,3,14,,5,6,,0,5,1,-5,39.0,0.3076923076923077,0.1282051282051282,0.1025641025641025,0.0256410256410256,0.1538461538461538,0.358974358974359,0.1538461538461538,0.0769230769230769,0.5035897435897436,0.0,29.33333333333333,9.073771725877467,13.666666666666666,2.333333333333333,3.333333333333333,2.0,5.666666666666667,1.3333333333333333,0.3333333333333333,1.6666666666666667,3.6666666666666665,10.333333333333334,,4.333333333333333,4.666666666666667,,0.3333333333333333,2.0,1.3333333333333333,3.0,0.4755799755799756,0.2688900022143707,0.0665445665445665,0.06424195554545,0.1056166056166056,0.1071754643932035,0.072039072039072,0.062306963722457,0.1941391941391941,0.0794964630557168,0.3498168498168498,0.0143044865859086,0.1465201465201465,0.1429979582120376,0.0494505494505494,0.0429134597577288,0.4637362637362637,0.1157420129186257,25.2,9.257429448826494,11.2,2.4,2.4,1.8,4.4,1.2,0.8,1.2,3.0,7.8,,3.4,4.0,,0.4,2.0,2.2,3.0,0.4103479853479854,0.3048894310663651,0.0934981684981685,0.0588689676679625,0.0859890109890109,0.0810946427867077,0.0682234432234432,0.0626218973903359,0.1581501831501831,0.1049462136112834,0.2825091575091575,0.1210775441591332,0.1379120879120879,0.1348170725030046,0.038003663003663,0.0371951599078137,0.3811941391941392,0.1917342043703251,24.7,6.945022198188666,12.4,2.7,2.5,2.4,5.3,1.6,0.6,1.0,3.9,8.4,,2.2,2.7,,0.3,2.4,2.3,6.8,0.4636853563103563,0.2931820322855614,0.1113627206127206,0.0557545773271837,0.0988467782217782,0.0757698182384947,0.0892935397935398,0.079432706455467,0.199279637029637,0.1129407568078114,0.3177204878454878,0.1268384889114644,0.0943310439560439,0.112154108299502,0.0343427405927405,0.0316219944228471,0.3935688877788877,0.1691106374822734,,,,27.274833333333333,12.831507947019867,2.757652317880795,3.018405960264901,2.0445218543046355,1.264396247240618,0.7225121412803531,1.0837682119205296,18.607566225165563,15.589160264900665,15.849913907284767,5.776058278145696,1.986908388520971,12.831507947019867,2.757652317880795,3.018405960264901,2.0445218543046355,18.607566225165563,1.264396247240618,0.7225121412803531,1.0837682119205296
3133626,Kenrich Williams,OKC,2026-06-09,0.0,10.0,0.0,3.0,12.0,2,1,0,0,2,0,0,0,1,4,,0,0,,1,0,0,-1,4.0,0.5,0.25,0.0,0.0,0.5,1.0,0.0,0.0,1.0,0.0,10.333333333333334,5.686240703077331,5.666666666666667,3.333333333333333,0.6666666666666666,1.0,2.6666666666666665,0.0,0.0,0.3333333333333333,2.0,5.0,,0.6666666666666666,0.6666666666666666,,1.0,2.333333333333333,0.6666666666666666,0.0,0.5444444444444444,0.1071516751221443,0.3,0.0866025403784438,0.0444444444444444,0.0769800358919501,0.0777777777777777,0.083887049280786,0.3111111111111111,0.1710533813148961,0.5944444444444444,0.3787161548256503,0.0444444444444444,0.0769800358919501,0.0222222222222222,0.038490017945975,0.6362222222222221,0.3755034151839565,11.2,8.526429498916881,6.4,3.2,1.0,1.2,2.6,0.2,0.0,0.4,2.2,4.8,,0.8,0.8,,0.8,2.4,1.2,-0.8,0.913623188405797,0.8913082361173582,0.3234782608695652,0.1215196001989563,0.0527536231884058,0.0722431423984898,0.1640579710144927,0.1969825941728287,0.3214492753623189,0.1676950002429715,0.6175362318840579,0.3649715931550343,0.0440579710144927,0.0625173783862859,0.0220289855072463,0.0312586891931429,0.6589507246376811,0.3443561485843441,6.1,7.880355321938218,3.2,1.6,0.5,0.6,1.6,0.1,0.0,0.2,1.1,2.7,,0.4,0.4,,0.4,1.2,0.7,-0.4,0.6525879917184264,0.8534401492880441,0.231055900621118,0.1864363943025419,0.0376811594202898,0.0643582704671725,0.1171842650103519,0.1796564291145163,0.3962732919254658,0.1933698644097569,0.6077639751552795,0.3023180283677314,0.0314699792960662,0.0553875697133116,0.0157349896480331,0.0276937848566558,0.6373457556935817,0.287628833195979,,,,9.666,5.266057142857144,2.693028571428572,0.7778214285714284,0.9573857142857144,0.1726071428571428,0.0,0.3452142857142857,8.736907142857145,7.959085714285716,6.043878571428572,3.4708500000000004,0.1726071428571428,5.266057142857144,2.693028571428572,0.7778214285714284,0.9573857142857144,8.736907142857145,0.1726071428571428,0.0,0.3452142857142857
4222252,Isaiah Hartenstein,OKC,2026-06-09,0.0,10.0,0.0,3.0,12.0,7,5,0,0,0,1,0,2,3,7,,1,1,,2,3,2,-14,21.0,0.3333333333333333,0.238095238095238,0.0,0.0,0.0,0.3333333333333333,0.0476190476190476,0.0952380952380952,0.4495238095238096,0.0,22.666666666666668,7.637626158259735,9.666666666666666,8.333333333333334,2.333333333333333,0.0,0.0,0.3333333333333333,0.3333333333333333,1.6666666666666667,4.666666666666667,8.333333333333334,,0.3333333333333333,0.3333333333333333,,3.6666666666666665,4.666666666666667,3.0,-5.0,0.4484767025089606,0.1552191444735957,0.3448220686123912,0.1260355680368828,0.105510752688172,0.0959375234794865,0.0,0.0,0.0,0.0,0.4054659498207885,0.1938111144952734,0.0158730158730158,0.0274928699614107,0.0640040962621607,0.0554344942545404,0.4764541730670763,0.1370792254778958,21.4,5.770615218501405,9.2,8.0,2.8,0.0,0.2,0.2,0.2,1.6,4.4,8.0,,0.4,0.6,,2.6,5.4,3.4,-7.4,0.4500384024577572,0.1871102563440758,0.3608614951356886,0.09182986568084,0.1347350230414746,0.0792100031047123,0.0,0.0,0.0095238095238095,0.0212958854999979,0.4035970302099335,0.2022489560457679,0.0285714285714285,0.042591770999996,0.0685611879160266,0.042098311774062,0.4847296466973886,0.1545733629095859,23.2,6.562519841239847,8.5,8.3,2.7,0.0,0.1,0.8,0.5,2.0,3.9,6.6,,0.7,1.1,,3.0,5.3,3.1,2.4,0.3723267622461171,0.166766470008182,0.3433254394947943,0.0992549709798241,0.1231577487625874,0.0680943011521486,0.0,0.0,0.0047619047619047,0.0150584650484208,0.2988500597371565,0.1827181087409503,0.0529100529100529,0.0651245165348739,0.0810462536268988,0.0390129360552619,0.4031767366444786,0.1483774140852337,,,,22.168666666666663,9.106710447761197,8.3449223880597,2.5754656716417905,0.0,0.1654378109452736,0.1654378109452736,1.8198159203980095,20.02709850746269,17.451632835820895,11.682176119402984,10.92038805970149,0.3308756218905472,9.106710447761197,8.3449223880597,2.5754656716417905,0.0,20.02709850746269,0.1654378109452736,0.1654378109452736,1.8198159203980095
4278073,Shai Gilgeous-Alexander,OKC,2026-06-09,0.0,10.0,0.0,3.0,12.0,35,4,9,2,5,3,1,3,12,21,,9,11,,1,3,1,-7,43.0,0.813953488372093,0.0930232558139534,0.2093023255813953,0.0465116279069767,0.1162790697674418,0.4883720930232558,0.2558139534883721,0.0697674418604651,0.6706976744186046,0.0,36.0,7.549834435270746,27.33333333333333,2.333333333333333,7.333333333333333,1.3333333333333333,4.333333333333333,1.6666666666666667,0.6666666666666666,3.6666666666666665,8.333333333333334,19.33333333333333,,9.333333333333334,10.333333333333334,,0.3333333333333333,2.0,1.6666666666666667,-9.0,0.7381775463170812,0.1771765249250978,0.0609305318607644,0.0292667725200574,0.1984675705605938,0.0510625716641128,0.0335218939870102,0.0292747345061111,0.1253105264733171,0.0493686881648657,0.5482475831313041,0.082892999401064,0.2741387566968962,0.1768716932594136,0.1011193918170662,0.0528711140076847,0.7699880278950048,0.1038350135868785,35.0,5.787918451395113,25.4,2.6,8.2,1.2,3.6,1.4,0.6,3.4,7.4,18.0,,9.4,10.0,,0.2,2.4,2.0,-6.8,0.7099316173959835,0.1366950138194157,0.0734758818404729,0.0373928281864551,0.2309084993256036,0.0687184319154771,0.0312242475033172,0.0287089876283543,0.1038601510094383,0.053465703440278,0.520167187871614,0.0702213639501083,0.276311211007385,0.1307512940491867,0.097589197814254,0.0457809712690587,0.7393333185291174,0.0856244548478119,36.4,7.058485830702093,26.1,2.7,8.1,1.3,4.2,1.6,0.8,3.0,8.1,19.2,,8.6,9.6,,0.3,2.4,2.4,-1.3,0.7189839886604441,0.1408717806053195,0.0749747814790584,0.0355381848554767,0.2175962768822283,0.0707251809495505,0.0347601326055498,0.0294848908872012,0.11573311972572,0.0510918794348354,0.5317844163332237,0.0730332408086184,0.2634086548279493,0.1098459433940005,0.0837365145765969,0.0391544738396173,0.7314207390341184,0.0763747960679098,,,,36.332,27.09195492957746,2.8398422535211267,8.33318309859155,1.166061971830986,1.3645821596244132,0.8528638497652583,3.0703098591549294,38.264980281690136,29.93179718309859,35.42513802816901,11.173025352112676,2.2174460093896715,27.09195492957746,2.8398422535211267,8.33318309859155,1.166061971830986,38.264980281690136,1.3645821596244132,0.8528638497652583,3.0703098591549294
4395702,Isaiah Joe,OKC,2026-06-09,0.0,10.0,0.0,3.0,12.0,0,0,0,0,0,0,0,0,0,0,,0,0,,0,0,0,0,0.0,,,,,,,,,,0.0,6.0,8.717797887081348,1.0,1.3333333333333333,0.6666666666666666,0.3333333333333333,1.3333333333333333,0.3333333333333333,0.0,0.3333333333333333,0.3333333333333333,1.3333333333333333,,0.0,0.0,,1.0,0.3333333333333333,1.0,-3.333333333333333,0.09375,0.1325825214724776,0.1249999999999999,0.1767766952966369,0.0625,0.0883883476483184,0.03125,0.0441941738241592,0.125,0.1767766952966369,0.1249999999999999,0.1767766952966369,0.0,0.0,0.03125,0.0441941738241592,0.15625,0.2209708691207961,9.2,8.34865258589672,3.4,1.8,1.0,0.8,2.4,0.6,0.2,0.4,1.2,2.8,,0.2,0.2,,0.6,1.2,0.6,-1.2,0.2749451754385965,0.2443140182394579,0.1282894736842105,0.1482332861063262,0.085343567251462,0.0574946766738705,0.0697185672514619,0.0512820532088028,0.1823830409356725,0.1607539077293131,0.2086988304093567,0.2041254541185811,0.0131578947368421,0.0263157894736842,0.0287828947368421,0.0334789136859035,0.2432711988304093,0.2416607497648281,9.0,7.039570693980958,3.3,1.4,1.2,0.8,2.3,0.4,0.1,0.3,1.2,2.9,,0.1,0.1,,0.5,0.9,1.2,-2.0,0.2763614766081871,0.2705595786329531,0.0988669590643274,0.1366513638175987,0.1285844820384294,0.0930777038227058,0.0626370614035087,0.0804698397640518,0.2074613617376775,0.1261220844526534,0.2678414786967418,0.1508491586719268,0.006578947368421,0.0186080731891196,0.0322485902255639,0.0517752337312907,0.302984805764411,0.1746605143289415,,,,9.12,2.5211428571428574,1.4034285714285717,0.9022857142857144,0.606857142857143,0.4885714285714285,0.1628571428571428,0.3257142857142857,4.826857142857143,3.924571428571429,3.4234285714285715,2.305714285714286,0.6514285714285715,2.5211428571428574,1.4034285714285717,0.9022857142857144,0.606857142857143,4.826857142857143,0.4885714285714285,0.1628571428571428,0.3257142857142857
4397020,Luguentz Dort,OKC,2026-06-09,0.0,10.0,0.0,3.0,12.0,3,1,2,1,3,0,0,0,1,4,,0,0,,0,1,2,-9,16.0,0.1875,0.0625,0.125,0.0625,0.1875,0.25,0.0,0.0,0.25,0.0,19.0,3.605551275463989,5.0,2.0,0.6666666666666666,1.0,5.333333333333333,0.3333333333333333,0.3333333333333333,0.3333333333333333,2.0,7.333333333333333,,0.0,0.0,,0.3333333333333333,1.6666666666666667,1.6666666666666667,-7.333333333333333,0.2645933977455716,0.1086756612946175,0.1094001610305958,0.0981685782647986,0.0416666666666666,0.0721687836487032,0.0538446054750402,0.009625598813585,0.2670088566827697,0.1090341002527704,0.3723832528180354,0.1150220985734693,0.0,0.0,0.0144927536231884,0.0251021856169402,0.3868760064412238,0.1358807474375014,19.4,3.361547262794323,3.4,3.0,1.0,0.6,3.6,0.6,0.2,0.6,1.4,5.0,,0.0,0.0,,0.8,2.2,2.4,-9.4,0.1822854504120488,0.1426102208797576,0.1561771810173344,0.0946639673666484,0.0510869565217391,0.0699800808818255,0.0323067632850241,0.0302671197488109,0.1806656720659278,0.1412517257792925,0.2556550156294402,0.181246918452518,0.0,0.0,0.029156010230179,0.027343012298525,0.2848110258596192,0.172527527555107,20.9,4.581363212940981,4.9,2.7,1.1,1.0,3.8,0.5,0.1,0.6,1.9,5.2,,0.1,0.2,,0.8,1.9,2.7,-4.4,0.2462683149038441,0.1657095523047094,0.1362743931352132,0.0777449572320634,0.0575345849802371,0.0701741881963443,0.0477482751781489,0.0300168598410854,0.1777760975400402,0.1045150747600472,0.2505420303188639,0.1226468284716214,0.0125,0.0395284707521047,0.0295236572890025,0.033320246138753,0.2855656876078664,0.124522355925943,,,,18.987166666666667,4.1684203539823015,2.750702654867257,1.2345345132743364,0.7472672566371681,0.5040840707964602,0.16802802359882,0.6721120943952802,8.153657522123895,6.919123008849558,5.402954867256637,3.985237168141593,0.6721120943952803,4.1684203539823015,2.750702654867257,1.2345345132743364,0.7472672566371681,8.153657522123895,0.5040840707964602,0.16802802359882,0.6721120943952802
4397183,Aaron Wiggins,OKC,2026-06-09,0.0,10.0,0.0,3.0,12.0,0,0,0,0,0,0,0,0,0,0,,0,0,,0,0,0,0,0.0,,,,,,,,,,0.0,2.6666666666666665,3.7859388972001766,1.6666666666666667,0.0,0.0,0.3333333333333333,0.3333333333333333,0.0,0.0,0.3333333333333333,0.6666666666666666,1.0,,0.0,0.0,,0.0,0.0,0.3333333333333333,-0.6666666666666666,0.3571428571428571,0.5050762722761053,0.0,0.0,0.0,0.0,0.0714285714285714,0.101015254455221,0.0714285714285714,0.101015254455221,0.2142857142857142,0.3030457633656632,0.0,0.0,0.0714285714285714,0.101015254455221,0.2857142857142857,0.4040610178208842,6.2,8.700574693662482,1.8,0.4,0.0,0.2,1.0,0.0,0.2,0.6,0.8,2.8,,0.0,0.0,,0.0,0.4,0.4,-1.2,0.2261904761904762,0.3375582590180435,0.0238095238095238,0.0476190476190476,0.0,0.0,0.0357142857142857,0.0714285714285714,0.0833333333333333,0.0981691815623252,0.238095238095238,0.2776643759450143,0.0,0.0,0.0595238095238095,0.0714285714285714,0.2976190476190476,0.3442102927333562,4.0,6.359594676112971,1.3,0.2,0.0,0.1,0.8,0.1,0.1,0.3,0.6,1.9,,0.0,0.0,,0.0,0.2,0.2,-1.3,0.3197278911564626,0.5177968661977463,0.0136054421768707,0.0359966164770692,0.0,0.0,0.0204081632653061,0.0539949247156038,0.1547619047619047,0.2743266338524503,0.3384353741496598,0.3324717566287944,0.0,0.0,0.0340136054421768,0.0596936352883817,0.3724489795918367,0.3525306876819061,,,,7.9125,1.934306451612903,0.3782903225806451,0.0,0.2291451612903225,0.0,0.255241935483871,0.7657258064516128,2.312596774193548,2.312596774193548,1.934306451612903,0.3782903225806451,0.255241935483871,1.934306451612903,0.3782903225806451,0.0,0.2291451612903225,2.312596774193548,0.0,0.255241935483871,0.7657258064516128
4432823,Jaylin Williams,OKC,2026-06-09,0.0,10.0,0.0,3.0,12.0,11,10,4,1,3,0,0,0,5,9,,0,0,,3,7,4,10,26.0,0.4230769230769231,0.3846153846153846,0.1538461538461538,0.0384615384615384,0.1153846153846153,0.3461538461538461,0.0,0.0,0.3461538461538461,0.0,23.0,5.196152422706633,6.0,7.666666666666667,2.333333333333333,0.6666666666666666,3.0,0.0,0.0,0.0,2.6666666666666665,6.0,,0.0,0.6666666666666666,,1.3333333333333333,6.333333333333333,3.6666666666666665,0.0,0.251131221719457,0.1493384057077758,0.3220211161387631,0.0775306499762652,0.0965309200603318,0.0504546868285904,0.0324283559577677,0.0298722508602387,0.1289592760180995,0.0215823348736866,0.251131221719457,0.0866548325891653,0.0392156862745098,0.0679235610811324,0.0,0.0,0.2683861236802413,0.0673607393277958,22.8,3.7013511046643486,7.8,6.2,1.8,1.6,4.4,0.4,0.0,0.2,2.8,6.4,,0.6,1.0,,1.0,5.2,2.8,2.2,0.340402053189777,0.291921017333459,0.2647541716595425,0.1016207029961875,0.0757051133010212,0.0456786613205329,0.0736072112031191,0.0885898436306437,0.1927905853737055,0.089428455286851,0.2751846618854291,0.0697371306575411,0.0508021390374331,0.0698777237720426,0.008695652173913,0.0194440693695633,0.3062332552358128,0.0712016746064853,17.1,6.707375708046246,5.5,4.4,1.4,1.3,3.4,0.2,0.0,0.2,1.9,4.4,,0.4,0.6,,0.5,3.9,2.2,-0.1,0.2999446163384782,0.2690732650054662,0.2475907610434464,0.0963599096142634,0.0799038387017926,0.0677161809028634,0.0778292466272005,0.0827336895768759,0.1984465747381348,0.1760051020141284,0.2396436129939966,0.1759340779100636,0.0320677361853832,0.054361873052548,0.0143478260869565,0.033051740640037,0.2681012430025217,0.1672239419949473,,,,21.66333333333333,7.629016129032258,6.303967741935484,2.037048387096774,1.516225806451613,0.3494086021505376,0.0,0.1747043010752688,15.970032258064515,13.932983870967742,9.666064516129032,8.341016129032258,0.3494086021505376,7.629016129032258,6.303967741935484,2.037048387096774,1.516225806451613,15.970032258064515,0.3494086021505376,0.0,0.1747043010752688
4433255,Chet Holmgren,OKC,2026-06-09,0.0,10.0,0.0,3.0,12.0,4,4,0,0,0,2,2,2,1,2,,2,4,,1,3,2,-3,33.0,0.1212121212121212,0.1212121212121212,0.0,0.0,0.0,0.0606060606060606,0.1212121212121212,0.0606060606060606,0.1745454545454545,0.0,29.0,4.582575694955843,10.0,8.666666666666666,0.6666666666666666,0.0,0.6666666666666666,1.3333333333333333,1.6666666666666667,1.6666666666666667,3.6666666666666665,6.333333333333333,,2.6666666666666665,3.333333333333333,,2.6666666666666665,6.0,2.333333333333333,-4.333333333333333,0.3570707070707071,0.2124258274555774,0.3154040404040403,0.1743088367066486,0.0249999999999999,0.0220479275922049,0.0,0.0,0.0249999999999999,0.0220479275922049,0.2313131313131312,0.1487731688505,0.1126262626262626,0.0260823259266168,0.0535353535353535,0.0503735662213805,0.3344040404040404,0.1453668464574183,28.2,3.492849839314592,10.8,7.6,1.0,0.2,1.0,0.8,1.2,1.6,3.8,6.8,,3.0,4.0,,2.6,5.0,2.6,-2.6,0.3911655011655012,0.1624997549666224,0.2799017649017649,0.1571490966294841,0.0375274725274725,0.027378532731487,0.0071428571428571,0.0159719141249984,0.0369780219780219,0.0254542846704723,0.2503263403263403,0.1102750862620616,0.1423010323010322,0.0543812530114827,0.0551981351981352,0.0542045510148434,0.3681369297369297,0.1352942397561768,30.8,4.984420171338332,13.1,7.7,1.1,0.6,2.2,1.0,1.1,1.4,4.8,8.5,,2.9,3.7,,2.2,5.5,2.4,2.4,0.4336885623628346,0.1667629952264492,0.2562971634391776,0.1147152267043775,0.0384878592136656,0.0333645738725697,0.0175403864428254,0.0313454895547532,0.0694215426296464,0.0460816069149478,0.2834822873021142,0.1084476275793797,0.1234840723865114,0.06910385362007,0.045885351062377,0.0386273932414881,0.3837006302145562,0.1216987115779816,,,,29.092,10.9613,7.323799999999999,1.0353,0.1799,0.6926666666666667,1.039,1.5584999999999998,19.3204,18.2851,11.9966,8.3591,1.7316666666666665,10.9613,7.323799999999999,1.0353,0.1799,19.3204,0.6926666666666667,1.039,1.5584999999999998
4593803,Jalen Williams,OKC,2026-06-09,0.0,12.0,0.0,1.0,4.0,1,0,1,0,1,0,0,2,0,1,,1,2,,0,0,1,-18,10.0,0.1,0.0,0.1,0.0,0.1,0.1,0.2,0.2,0.388,0.0,18.0,16.522711641858304,10.333333333333334,2.6666666666666665,1.3333333333333333,0.3333333333333333,1.3333333333333333,1.0,0.3333333333333333,1.3333333333333333,4.333333333333333,10.0,,1.3333333333333333,1.6666666666666667,,1.0,1.6666666666666667,1.0,-6.333333333333333,0.458043758043758,0.3169459321256819,0.1106821106821106,0.0986131930733102,0.0603603603603603,0.0531226053614615,0.009009009009009,0.0156040613294493,0.0603603603603603,0.0531226053614615,0.449034749034749,0.306734097731715,0.0936936936936937,0.1005947737096061,0.0846846846846847,0.1034585745582385,0.5749446589446588,0.1887272692561151,18.0,16.522711641858304,10.333333333333334,2.6666666666666665,1.3333333333333333,0.3333333333333333,1.3333333333333333,1.0,0.3333333333333333,1.3333333333333333,4.333333333333333,10.0,,1.3333333333333333,1.6666666666666667,,1.0,1.6666666666666667,1.0,-6.333333333333333,0.458043758043758,0.3169459321256819,0.1106821106821106,0.0986131930733102,0.0603603603603603,0.0531226053614615,0.009009009009009,0.0156040613294493,0.0603603603603603,0.0531226053614615,0.449034749034749,0.306734097731715,0.0936936936936937,0.1005947737096061,0.0846846846846847,0.1034585745582385,0.5749446589446588,0.1887272692561151,18.0,16.522711641858304,10.333333333333334,2.6666666666666665,1.3333333333333333,0.3333333333333333,1.3333333333333333,1.0,0.3333333333333333,1.3333333333333333,4.333333333333333,10.0,,1.3333333333333333,1.6666666666666667,,1.0,1.6666666666666667,1.0,-6.333333333333333,0.458043758043758,0.3169459321256819,0.1106821106821106,0.0986131930733102,0.0603603603603603,0.0531226053614615,0.009009009009009,0.0156040613294493,0.0603603603603603,0.0531226053614615,0.449034749034749,0.306734097731715,0.0936936936936937,0.1005947737096061,0.0846846846846847,0.1034585745582385,0.5749446589446588,0.1887272692561151,,,,13.895,8.933333333333334,2.2666666666666666,1.2833333333333332,0.2833333333333333,0.30569,0.25011,0.8337,12.483333333333333,11.2,10.216666666666669,3.55,0.5558000000000001,8.933333333333334,2.2666666666666666,1.2833333333333332,0.2833333333333333,12.483333333333333,0.30569,0.25011,0.8337
4683692,Cason Wallace,OKC,2026-06-09,0.0,10.0,0.0,3.0,12.0,17,7,4,5,9,2,1,2,6,10,,0,0,,2,5,2,-3,36.0,0.4722222222222222,0.1944444444444444,0.1111111111111111,0.1388888888888889,0.25,0.2777777777777778,0.0,0.0555555555555555,0.3333333333333333,0.0,29.0,8.18535277187245,11.666666666666666,4.666666666666667,3.333333333333333,3.0,5.333333333333333,2.333333333333333,1.0,1.3333333333333333,4.0,7.0,,0.6666666666666666,0.6666666666666666,,1.3333333333333333,3.333333333333333,2.0,4.0,0.4160095579450418,0.169249112029601,0.1578255675029868,0.0334008706744071,0.1074671445639187,0.0557345749438695,0.1070489844683393,0.0650086569466275,0.182258064516129,0.0781384613792859,0.2463560334528076,0.0745022695276004,0.021505376344086,0.0372484044638468,0.0518518518518518,0.0501027750313654,0.3076702508960573,0.1074841492148814,27.2,6.760177512462229,10.2,4.6,3.0,2.4,5.0,2.4,0.6,0.8,3.4,7.4,,1.0,1.2,,1.4,3.2,2.0,2.0,0.3757962109575013,0.1426486040923077,0.1685048643113159,0.0280956106626301,0.1025755248335893,0.0522668457474094,0.0880389144905273,0.0534931499638891,0.1807834101382488,0.0607835673581151,0.2811469534050179,0.0786040465803526,0.0414746543778801,0.0631857566857239,0.0311111111111111,0.0454062594260056,0.3305069124423963,0.0829778525162104,26.4,5.4609726443393045,10.2,3.8,2.4,2.5,4.6,2.1,0.4,0.7,3.5,6.8,,0.7,0.8,,1.3,2.5,2.0,0.4,0.3829686851537445,0.1553725391648671,0.1426589322769288,0.057708290291376,0.0841909882232462,0.063686805517422,0.0948770851860834,0.0510099800536257,0.1711894251758428,0.0702034068264063,0.2591090090818443,0.0907652032401366,0.0271889400921658,0.0486945587224488,0.0283901420217209,0.0344351426106242,0.2994622847441183,0.0943892060779454,,,,28.176666666666662,11.279391304347826,4.763167701863354,3.2471180124223604,2.876099378881987,2.800165631469979,0.5250310559006212,0.7000414078674948,19.28967701863354,16.042559006211178,14.526509316770186,8.010285714285715,3.3251966873706005,11.279391304347826,4.763167701863354,3.2471180124223604,2.876099378881987,19.28967701863354,2.800165631469979,0.5250310559006212,0.7000414078674948
4683778,Jared McCain,OKC,2026-06-09,0.0,10.0,0.0,3.0,12.0,12,1,0,2,7,1,0,1,5,12,,0,0,,0,1,2,-8,23.0,0.5217391304347826,0.0434782608695652,0.0,0.0869565217391304,0.3043478260869565,0.5217391304347826,0.0,0.0434782608695652,0.5652173913043478,0.0,27.666666666666668,5.033222956847167,15.0,2.0,2.0,2.333333333333333,6.333333333333333,1.0,0.0,1.6666666666666667,5.333333333333333,14.0,,2.0,2.6666666666666665,,0.0,2.0,1.3333333333333333,-7.0,0.5364270726589567,0.0635750839976697,0.06948714195091,0.0240458077278864,0.074074074074074,0.1283000598199168,0.0839798955740984,0.0088033899978131,0.2293954033084468,0.1036501094266748,0.5016347045332552,0.0859568830955672,0.0875420875420875,0.0784591259106467,0.0593861318498999,0.0153343443302568,0.5995393549016738,0.0913036744902159,26.8,3.898717737923586,14.6,2.4,1.4,1.8,6.8,0.6,0.0,1.6,5.4,14.6,,2.0,2.4,,0.4,2.0,1.6,-1.2,0.5329673547064852,0.2593143961047833,0.0879885814668423,0.0381580801715871,0.0518518518518518,0.0965807763733725,0.0652027521592738,0.0372251324276675,0.2533779827258088,0.098651434252777,0.539869711608842,0.1507830867774026,0.084006734006734,0.0557859217298371,0.059705753184014,0.0196387623141973,0.636538427755819,0.1371309696689448,22.2,6.696599468718764,12.6,2.2,1.2,2.1,6.0,0.5,0.0,1.1,4.7,11.5,,1.1,1.4,,0.7,1.5,1.4,3.4,0.5627764123959776,0.2659328436342414,0.0906823249214553,0.0695432599360722,0.053019943019943,0.0738191060814863,0.1006676153958762,0.0635951987685934,0.2657488204227334,0.1240371063758376,0.4907254540950193,0.1871593798714715,0.0496956746956746,0.0567200650114335,0.0465195432586736,0.0382361499583867,0.5591110942197899,0.195848498118842,,,,25.953833333333336,13.844784375,2.56388375,1.50526875,1.9879225,0.8110572916666667,0.0,1.297691666666667,17.913936874999997,16.408668125,15.350053125,4.0691525,0.8110572916666667,13.844784375,2.56388375,1.50526875,1.9879225,17.913936874999997,0.8110572916666667,0.0,1.297691666666667
4900671,Ajay Mitchell,OKC,2026-06-09,0.0,18.0,0.0,0.0,8.0,2,5,1,0,1,0,0,3,1,5,,0,0,,0,5,1,-3,17.0,0.1176470588235294,0.2941176470588235,0.0588235294117647,0.0,0.0588235294117647,0.2941176470588235,0.0,0.1764705882352941,0.4705882352941176,0.0,26.33333333333333,8.621678104251709,5.333333333333333,3.0,2.6666666666666665,0.0,1.3333333333333333,2.0,0.3333333333333333,2.0,2.333333333333333,6.0,,0.6666666666666666,0.6666666666666666,,0.0,3.0,2.0,5.0,0.1974789915966386,0.1382729636294489,0.1372549019607843,0.1480359693190343,0.0924369747899159,0.047721918872271,0.0,0.0,0.0532212885154061,0.0215613505859113,0.242296918767507,0.0825855629568935,0.0238095238095238,0.0412393049421162,0.0945378151260504,0.0889079998718438,0.3473109243697479,0.1749618780796534,28.4,6.8044103344816,13.6,3.2,4.4,0.6,2.4,2.6,0.2,1.4,5.8,10.8,,1.4,1.6,,0.6,2.6,2.2,9.2,0.4481843646549528,0.3573559485339353,0.1272014260249554,0.1066386977544148,0.1463712757830405,0.1105319903633293,0.0193939393939393,0.0295046338051832,0.0828418640183346,0.0435418886483349,0.3738629997453527,0.1894098236700525,0.0524675324675324,0.048995647281381,0.0627832951362363,0.0771865002017403,0.4597320091673033,0.197887869346616,28.571428571428573,5.593363414414827,15.142857142857142,3.0,4.571428571428571,0.5714285714285714,2.857142857142857,1.8571428571428568,0.1428571428571428,1.4285714285714286,6.142857142857143,11.714285714285714,,2.2857142857142856,2.571428571428572,,0.5714285714285714,2.4285714285714284,2.0,11.142857142857142,0.5072065189712248,0.3087771040126719,0.1153479573647641,0.0897721590915053,0.153530503110335,0.0925552906957141,0.0189548546691403,0.0262145719189881,0.098968678380443,0.0503680064423454,0.4058205100221906,0.1713041378494453,0.0861162646876932,0.0789287258661225,0.0594710611517334,0.0639036238426342,0.5031827276365092,0.1794836460628057,,,,24.842785714285714,9.688571428571429,3.37,3.4042857142857144,0.3242857142857143,0.5465412857142857,0.4471701428571428,1.4905671428571428,16.462857142857143,13.058571428571428,13.092857142857143,6.774285714285714,0.9937114285714286,9.688571428571429,3.37,3.4042857142857144,0.3242857142857143,16.462857142857143,0.5465412857142857,0.4471701428571428,1.4905671428571428
5159925,Nikola Topic,OKC,2026-06-09,0.0,10.0,0.0,3.0,12.0,0,0,0,0,0,0,0,0,0,0,,0,0,,0,0,0,0,0.0,,,,,,,,,,0.0,2.333333333333333,3.2145502536643185,0.0,0.0,0.0,0.0,0.3333333333333333,0.3333333333333333,0.0,0.0,0.0,0.3333333333333333,,0.0,0.0,,0.0,0.0,0.3333333333333333,-1.0,0.0,0.0,0.0,0.0,0.0,0.0,0.0,0.0,0.0833333333333333,0.1178511301977579,0.0833333333333333,0.1178511301977578,0.0,0.0,0.0,0.0,0.0833333333333332,0.117851130197757,2.4,2.5099800796022267,0.4,0.0,0.4,0.0,0.2,0.2,0.0,0.2,0.2,0.8,,0.0,0.0,,0.0,0.0,0.2,-0.4,0.125,0.25,0.0,0.0,0.125,0.25,0.0,0.0,0.0416666666666666,0.0833333333333333,0.4166666666666667,0.4409585518440984,0.0,0.0,0.0625,0.125,0.4791666666666666,0.4732423621500228,1.6,2.065591117977289,0.4,0.2,0.2,0.0,0.2,0.2,0.0,0.2,0.2,0.6,,0.0,0.0,,0.0,0.2,0.1,-0.4,0.4166666666666667,0.8010409893798611,0.1111111111111111,0.2721655269759087,0.0833333333333333,0.2041241452319315,0.0,0.0,0.0833333333333333,0.1394433377556792,0.5,0.4216370213557839,0.0,0.0,0.0972222222222222,0.1529039882724765,0.5972222222222222,0.4230073110304185,,,,6.25,0.22,0.04,0.18,0.0,0.1374999999999999,0.1124999999999999,0.375,0.44,0.26,0.4,0.22,0.2499999999999999,0.22,0.04,0.18,0.0,0.44,0.1374999999999999,0.1124999999999999,0.375
3012,Kyle Lowry,PHI,2026-06-09,0.0,30.0,0.0,0.0,4.0,0,0,0,0,0,0,0,0,0,0,,0,0,,0,0,0,0,0.0,,,,,,,,,,0.0,0.0,0.0,0.0,0.0,0.0,0.0,0.0,0.0,0.0,0.0,0.0,0.0,,0.0,0.0,,0.0,0.0,0.0,0.0,,,,,,,,,,,,,,,,,,,0.0,0.0,0.0,0.0,0.0,0.0,0.0,0.0,0.0,0.0,0.0,0.0,,0.0,0.0,,0.0,0.0,0.0,0.0,,,,,,,,,,,,,,,,,,,0.0,0.0,0.0,0.0,0.0,0.0,0.0,0.0,0.0,0.0,0.0,0.0,,0.0,0.0,,0.0,0.0,0.0,0.0,,,,,,,,,,,,,,,,,,,,,,8.0,0.0,0.0,0.0,0.0,0.176,0.144,0.48,0.0,0.0,0.0,0.0,0.3199999999999999,0.0,0.0,0.0,0.0,0.0,0.176,0.144,0.48
4251,Paul George,PHI,2026-06-09,0.0,30.0,0.0,0.0,4.0,7,1,2,1,4,0,0,2,3,7,,0,0,,0,1,2,-35,27.0,0.2592592592592592,0.037037037037037,0.074074074074074,0.037037037037037,0.1481481481481481,0.2592592592592592,0.0,0.074074074074074,0.3333333333333333,0.0,36.0,8.18535277187245,13.666666666666666,4.0,3.0,3.0,8.333333333333334,1.3333333333333333,0.6666666666666666,2.333333333333333,5.333333333333333,14.333333333333334,,0.0,0.3333333333333333,,1.3333333333333333,2.6666666666666665,3.0,-17.666666666666668,0.3652855221602671,0.094796283049423,0.1027169560421294,0.0570194094251941,0.08201489943636,0.0098399787626879,0.0774211584085105,0.0396430564609166,0.2203333484443235,0.0775551651909382,0.3838493736494552,0.1113573613091726,0.0077519379844961,0.0134267504462703,0.0665110234673678,0.0174905436317404,0.4537712498300014,0.1112300514257813,36.0,8.18535277187245,13.666666666666666,4.0,3.0,3.0,8.333333333333334,1.3333333333333333,0.6666666666666666,2.333333333333333,5.333333333333333,14.333333333333334,,0.0,0.3333333333333333,,1.3333333333333333,2.6666666666666665,3.0,-17.666666666666668,0.3652855221602671,0.094796283049423,0.1027169560421294,0.0570194094251941,0.08201489943636,0.0098399787626879,0.0774211584085105,0.0396430564609166,0.2203333484443235,0.0775551651909382,0.3838493736494552,0.1113573613091726,0.0077519379844961,0.0134267504462703,0.0665110234673678,0.0174905436317404,0.4537712498300014,0.1112300514257813,36.0,8.18535277187245,13.666666666666666,4.0,3.0,3.0,8.333333333333334,1.3333333333333333,0.6666666666666666,2.333333333333333,5.333333333333333,14.333333333333334,,0.0,0.3333333333333333,,1.3333333333333333,2.6666666666666665,3.0,-17.666666666666668,0.3652855221602671,0.094796283049423,0.1027169560421294,0.0570194094251941,0.08201489943636,0.0098399787626879,0.0774211584085105,0.0396430564609166,0.2203333484443235,0.0775551651909382,0.3838493736494552,0.1113573613091726,0.0077519379844961,0.0134267504462703,0.0665110234673678,0.0174905436317404,0.4537712498300014,0.1112300514257813,,,,34.65,12.666666666666668,3.55,2.85,2.7,0.7623,0.6236999999999999,2.079,19.06666666666667,16.21666666666667,15.516666666666667,6.4,1.386,12.666666666666668,3.55,2.85,2.7,19.06666666666667,0.7623,0.6236999999999999,2.079
6585,Andre Drummond,PHI,2026-06-09,0.0,30.0,0.0,0.0,4.0,4,4,0,0,0,0,0,1,2,4,,0,0,,2,2,5,-14,7.0,0.5714285714285714,0.5714285714285714,0.0,0.0,0.0,0.5714285714285714,0.0,0.1428571428571428,0.7142857142857143,0.0,8.666666666666666,5.686240703077327,3.333333333333333,4.333333333333333,0.3333333333333333,0.0,0.3333333333333333,0.6666666666666666,0.0,0.3333333333333333,1.3333333333333333,2.333333333333333,,0.6666666666666666,0.6666666666666666,,1.3333333333333333,3.0,3.333333333333333,-4.666666666666667,0.3238095238095238,0.2932343679683933,0.4515873015873016,0.1756157507523755,0.0222222222222222,0.038490017945975,0.0,0.0,0.0833333333333333,0.1443375672974064,0.3182539682539682,0.2268828167738604,0.0444444444444444,0.0769800358919501,0.0476190476190476,0.0824786098842322,0.3854285714285714,0.286271314151667,8.666666666666666,5.686240703077327,3.333333333333333,4.333333333333333,0.3333333333333333,0.0,0.3333333333333333,0.6666666666666666,0.0,0.3333333333333333,1.3333333333333333,2.333333333333333,,0.6666666666666666,0.6666666666666666,,1.3333333333333333,3.0,3.333333333333333,-4.666666666666667,0.3238095238095238,0.2932343679683933,0.4515873015873016,0.1756157507523755,0.0222222222222222,0.038490017945975,0.0,0.0,0.0833333333333333,0.1443375672974064,0.3182539682539682,0.2268828167738604,0.0444444444444444,0.0769800358919501,0.0476190476190476,0.0824786098842322,0.3854285714285714,0.286271314151667,8.666666666666666,5.686240703077327,3.333333333333333,4.333333333333333,0.3333333333333333,0.0,0.3333333333333333,0.6666666666666666,0.0,0.3333333333333333,1.3333333333333333,2.333333333333333,,0.6666666666666666,0.6666666666666666,,1.3333333333333333,3.0,3.333333333333333,-4.666666666666667,0.3238095238095238,0.2932343679683933,0.4515873015873016,0.1756157507523755,0.0222222222222222,0.038490017945975,0.0,0.0,0.0833333333333333,0.1443375672974064,0.3182539682539682,0.2268828167738604,0.0444444444444444,0.0769800358919501,0.0476190476190476,0.0824786098842322,0.3854285714285714,0.286271314151667,,,,8.416666666666664,3.4333333333333336,4.283333333333333,0.2833333333333333,0.0,0.1851666666666666,0.1514999999999999,0.5049999999999999,8.0,7.716666666666667,3.716666666666667,4.566666666666666,0.3366666666666665,3.4333333333333336,4.283333333333333,0.2833333333333333,0.0,8.0,0.1851666666666666,0.1514999999999999,0.5049999999999999
3059318,Joel Embiid,PHI,2026-06-09,0.0,30.0,0.0,0.0,3.0,24,5,4,2,2,0,0,3,8,8,,6,7,,1,4,3,-24,28.0,0.8571428571428571,0.1785714285714285,0.1428571428571428,0.0714285714285714,0.0714285714285714,0.2857142857142857,0.25,0.1071428571428571,0.5028571428571429,0.0,31.5,4.949747468305833,21.0,5.5,4.5,1.0,3.0,0.0,1.5,3.0,7.5,12.5,,5.0,6.5,,1.0,4.5,3.0,-16.5,0.6857142857142857,0.2424366106925305,0.175,0.005050762722761,0.1428571428571428,0.0,0.0357142857142857,0.0505076272276105,0.0928571428571428,0.0303045763365663,0.3857142857142857,0.1414213562373095,0.2107142857142857,0.0555583899503715,0.0964285714285714,0.0151522881682831,0.574857142857143,0.1018233764908629,31.5,4.949747468305833,21.0,5.5,4.5,1.0,3.0,0.0,1.5,3.0,7.5,12.5,,5.0,6.5,,1.0,4.5,3.0,-16.5,0.6857142857142857,0.2424366106925305,0.175,0.005050762722761,0.1428571428571428,0.0,0.0357142857142857,0.0505076272276105,0.0928571428571428,0.0303045763365663,0.3857142857142857,0.1414213562373095,0.2107142857142857,0.0555583899503715,0.0964285714285714,0.0151522881682831,0.574857142857143,0.1018233764908629,31.5,4.949747468305833,21.0,5.5,4.5,1.0,3.0,0.0,1.5,3.0,7.5,12.5,,5.0,6.5,,1.0,4.5,3.0,-16.5,0.6857142857142857,0.2424366106925305,0.175,0.005050762722761,0.1428571428571428,0.0,0.0357142857142857,0.0505076272276105,0.0928571428571428,0.0303045763365663,0.3857142857142857,0.1414213562373095,0.2107142857142857,0.0555583899503715,0.0964285714285714,0.0151522881682831,0.574857142857143,0.1018233764908629,,,,30.975,21.45,5.424999999999999,4.425,1.15,0.6814499999999999,0.5575499999999999,1.8585,31.3,26.875,25.875,9.849999999999998,1.239,21.45,5.424999999999999,4.425,1.15,31.3,0.6814499999999999,0.5575499999999999,1.8585
3133603,Kelly Oubre Jr.,PHI,2026-06-09,0.0,30.0,0.0,0.0,4.0,10,4,0,0,1,0,0,0,4,6,,2,3,,1,3,0,-28,26.0,0.3846153846153846,0.1538461538461538,0.0,0.0,0.0384615384615384,0.2307692307692307,0.1153846153846153,0.0,0.2815384615384615,0.0,34.0,7.211102550927978,17.0,5.666666666666667,1.0,1.6666666666666667,4.0,0.3333333333333333,0.0,0.3333333333333333,5.666666666666667,11.333333333333334,,4.0,4.333333333333333,,1.0,4.666666666666667,2.0,-14.0,0.4902421652421653,0.1140145658727815,0.167022792022792,0.0499325341704716,0.0259259259259259,0.0250513875156827,0.0435185185185185,0.0389219436240438,0.1091168091168091,0.0614409444186694,0.325071225071225,0.1090215528219813,0.1273504273504273,0.0349069706951489,0.0083333333333333,0.0144337567297406,0.3894387464387465,0.1194385214296268,34.0,7.211102550927978,17.0,5.666666666666667,1.0,1.6666666666666667,4.0,0.3333333333333333,0.0,0.3333333333333333,5.666666666666667,11.333333333333334,,4.0,4.333333333333333,,1.0,4.666666666666667,2.0,-14.0,0.4902421652421653,0.1140145658727815,0.167022792022792,0.0499325341704716,0.0259259259259259,0.0250513875156827,0.0435185185185185,0.0389219436240438,0.1091168091168091,0.0614409444186694,0.325071225071225,0.1090215528219813,0.1273504273504273,0.0349069706951489,0.0083333333333333,0.0144337567297406,0.3894387464387465,0.1194385214296268,34.0,7.211102550927978,17.0,5.666666666666667,1.0,1.6666666666666667,4.0,0.3333333333333333,0.0,0.3333333333333333,5.666666666666667,11.333333333333334,,4.0,4.333333333333333,,1.0,4.666666666666667,2.0,-14.0,0.4902421652421653,0.1140145658727815,0.167022792022792,0.0499325341704716,0.0259259259259259,0.0250513875156827,0.0435185185185185,0.0389219436240438,0.1091168091168091,0.0614409444186694,0.325071225071225,0.1090215528219813,0.1273504273504273,0.0349069706951489,0.0083333333333333,0.0144337567297406,0.3894387464387465,0.1194385214296268,,,,32.8,15.95,5.416666666666667,0.8499999999999999,1.416666666666667,0.7215999999999999,0.5903999999999999,1.968,22.21666666666667,21.366666666666667,16.8,6.266666666666667,1.3119999999999998,15.95,5.416666666666667,0.8499999999999999,1.416666666666667,22.21666666666667,0.7215999999999999,0.5903999999999999,1.968
4397014,Quentin Grimes,PHI,2026-06-09,0.0,30.0,0.0,0.0,4.0,6,0,0,2,5,0,1,0,2,6,,0,0,,0,0,2,-24,16.0,0.375,0.0,0.0,0.125,0.3125,0.375,0.0,0.0,0.375,0.0,20.666666666666668,4.163331998932266,6.333333333333333,1.6666666666666667,1.6666666666666667,1.6666666666666667,4.0,0.3333333333333333,0.3333333333333333,0.6666666666666666,1.6666666666666667,5.333333333333333,,1.3333333333333333,1.3333333333333333,,0.3333333333333333,1.3333333333333333,3.0,-15.666666666666666,0.3131313131313131,0.0544102561273112,0.0719696969696969,0.0646163716258787,0.0719696969696969,0.0646163716258787,0.0858585858585858,0.0418956061187804,0.2077020202020202,0.1158300466598082,0.2714646464646464,0.1041724057188551,0.0555555555555555,0.0962250448649376,0.029040404040404,0.0252209398427249,0.3249494949494949,0.0470332740132089,20.666666666666668,4.163331998932266,6.333333333333333,1.6666666666666667,1.6666666666666667,1.6666666666666667,4.0,0.3333333333333333,0.3333333333333333,0.6666666666666666,1.6666666666666667,5.333333333333333,,1.3333333333333333,1.3333333333333333,,0.3333333333333333,1.3333333333333333,3.0,-15.666666666666666,0.3131313131313131,0.0544102561273112,0.0719696969696969,0.0646163716258787,0.0719696969696969,0.0646163716258787,0.0858585858585858,0.0418956061187804,0.2077020202020202,0.1158300466598082,0.2714646464646464,0.1041724057188551,0.0555555555555555,0.0962250448649376,0.029040404040404,0.0252209398427249,0.3249494949494949,0.0470332740132089,20.666666666666668,4.163331998932266,6.333333333333333,1.6666666666666667,1.6666666666666667,1.6666666666666667,4.0,0.3333333333333333,0.3333333333333333,0.6666666666666666,1.6666666666666667,5.333333333333333,,1.3333333333333333,1.3333333333333333,,0.3333333333333333,1.3333333333333333,3.0,-15.666666666666666,0.3131313131313131,0.0544102561273112,0.0719696969696969,0.0646163716258787,0.0719696969696969,0.0646163716258787,0.0858585858585858,0.0418956061187804,0.2077020202020202,0.1158300466598082,0.2714646464646464,0.1041724057188551,0.0555555555555555,0.0962250448649376,0.029040404040404,0.0252209398427249,0.3249494949494949,0.0470332740132089,,,,19.966666666666665,6.283333333333332,1.416666666666667,1.416666666666667,1.7166666666666668,0.4392666666666666,0.3593999999999999,1.198,9.116666666666667,7.699999999999999,7.699999999999999,2.833333333333334,0.7986666666666665,6.283333333333332,1.416666666666667,1.416666666666667,1.7166666666666668,9.116666666666667,0.4392666666666666,0.3593999999999999,1.198
4397179,Tyrese Martin,PHI,2026-06-09,0.0,30.0,0.0,0.0,2.0,0,0,0,0,0,0,0,0,0,0,,0,0,,0,0,0,0,0.0,,,,,,,,,,0.0,0.0,,0.0,0.0,0.0,0.0,0.0,0.0,0.0,0.0,0.0,0.0,,0.0,0.0,,0.0,0.0,0.0,0.0,,,,,,,,,,,,,,,,,,,0.0,,0.0,0.0,0.0,0.0,0.0,0.0,0.0,0.0,0.0,0.0,,0.0,0.0,,0.0,0.0,0.0,0.0,,,,,,,,,,,,,,,,,,,0.0,,0.0,0.0,0.0,0.0,0.0,0.0,0.0,0.0,0.0,0.0,,0.0,0.0,,0.0,0.0,0.0,0.0,,,,,,,,,,,,,,,,,,,,,,8.0,0.0,0.0,0.0,0.0,0.176,0.144,0.48,0.0,0.0,0.0,0.0,0.3199999999999999,0.0,0.0,0.0,0.0,0.0,0.176,0.144,0.48
4431675,Trendon Watford,PHI,2026-06-09,0.0,30.0,0.0,0.0,4.0,2,0,1,0,0,2,0,0,1,1,,0,0,,0,0,2,14,9.0,0.2222222222222222,0.0,0.1111111111111111,0.0,0.0,0.1111111111111111,0.0,0.0,0.1111111111111111,0.0,3.6666666666666665,4.725815626252609,1.6666666666666667,0.0,0.3333333333333333,0.0,0.0,0.6666666666666666,0.0,0.0,0.6666666666666666,0.6666666666666666,,0.3333333333333333,0.6666666666666666,,0.0,0.0,0.6666666666666666,5.333333333333333,0.8611111111111112,0.903525331516144,0.0,0.0,0.0555555555555555,0.0785674201318386,0.0,0.0,0.0,0.0,0.3055555555555556,0.2749859704614352,0.5,0.7071067811865476,0.0,0.0,0.5255555555555556,0.586112954183516,3.6666666666666665,4.725815626252609,1.6666666666666667,0.0,0.3333333333333333,0.0,0.0,0.6666666666666666,0.0,0.0,0.6666666666666666,0.6666666666666666,,0.3333333333333333,0.6666666666666666,,0.0,0.0,0.6666666666666666,5.333333333333333,0.8611111111111112,0.903525331516144,0.0,0.0,0.0555555555555555,0.0785674201318386,0.0,0.0,0.0,0.0,0.3055555555555556,0.2749859704614352,0.5,0.7071067811865476,0.0,0.0,0.5255555555555556,0.586112954183516,3.6666666666666665,4.725815626252609,1.6666666666666667,0.0,0.3333333333333333,0.0,0.0,0.6666666666666666,0.0,0.0,0.6666666666666666,0.6666666666666666,,0.3333333333333333,0.6666666666666666,,0.0,0.0,0.6666666666666666,5.333333333333333,0.8611111111111112,0.903525331516144,0.0,0.0,0.0555555555555555,0.0785674201318386,0.0,0.0,0.0,0.0,0.3055555555555556,0.2749859704614352,0.5,0.7071067811865476,0.0,0.0,0.5255555555555556,0.586112954183516,,,,8.0,1.7166666666666668,0.0,0.4333333333333333,0.0,0.176,0.144,0.48,2.15,1.7166666666666668,2.15,0.4333333333333333,0.3199999999999999,1.7166666666666668,0.0,0.4333333333333333,0.0,2.15,0.176,0.144,0.48
4431678,Tyrese Maxey,PHI,2026-06-09,0.0,30.0,0.0,0.0,4.0,17,2,4,1,7,0,0,2,6,16,,4,6,,0,2,2,-35,33.0,0.5151515151515151,0.0606060606060606,0.1212121212121212,0.0303030303030303,0.2121212121212121,0.4848484848484848,0.1818181818181818,0.0606060606060606,0.6254545454545455,0.0,41.333333333333336,7.371114795831994,20.0,2.333333333333333,5.666666666666667,1.0,5.333333333333333,0.6666666666666666,0.0,3.333333333333333,7.666666666666667,17.0,,3.6666666666666665,5.0,,0.0,2.333333333333333,1.6666666666666667,-15.333333333333334,0.4849022136256178,0.087430820172806,0.0566301310982162,0.0098116455909421,0.1359875349237051,0.0202661500242234,0.0247689662583279,0.0048472171980535,0.1359875349237051,0.07233016988728,0.415645819901139,0.1237916621880034,0.1244358478401031,0.1078730415852398,0.077906726842897,0.0437481598236775,0.5483043197936815,0.202865768769959,41.333333333333336,7.371114795831994,20.0,2.333333333333333,5.666666666666667,1.0,5.333333333333333,0.6666666666666666,0.0,3.333333333333333,7.666666666666667,17.0,,3.6666666666666665,5.0,,0.0,2.333333333333333,1.6666666666666667,-15.333333333333334,0.4849022136256178,0.087430820172806,0.0566301310982162,0.0098116455909421,0.1359875349237051,0.0202661500242234,0.0247689662583279,0.0048472171980535,0.1359875349237051,0.07233016988728,0.415645819901139,0.1237916621880034,0.1244358478401031,0.1078730415852398,0.077906726842897,0.0437481598236775,0.5483043197936815,0.202865768769959,41.333333333333336,7.371114795831994,20.0,2.333333333333333,5.666666666666667,1.0,5.333333333333333,0.6666666666666666,0.0,3.333333333333333,7.666666666666667,17.0,,3.6666666666666665,5.0,,0.0,2.333333333333333,1.6666666666666667,-15.333333333333334,0.4849022136256178,0.087430820172806,0.0566301310982162,0.0098116455909421,0.1359875349237051,0.0202661500242234,0.0247689662583279,0.0048472171980535,0.1359875349237051,0.07233016988728,0.415645819901139,0.1237916621880034,0.1244358478401031,0.1078730415852398,0.077906726842897,0.0437481598236775,0.5483043197936815,0.202865768769959,,,,40.083333333333336,19.55,2.283333333333333,5.416666666666667,1.0,0.8818333333333334,0.7215,2.405,27.250000000000004,21.833333333333336,24.96666666666667,7.7,1.6033333333333335,19.55,2.283333333333333,5.416666666666667,1.0,27.250000000000004,0.8818333333333334,0.7215,2.405
4432179,MarJon Beauchamp,PHI,2026-06-09,0.0,30.0,0.0,0.0,2.0,0,0,0,0,0,0,0,0,0,0,,0,0,,0,0,0,0,0.0,,,,,,,,,,0.0,0.0,,0.0,0.0,0.0,0.0,0.0,0.0,0.0,0.0,0.0,0.0,,0.0,0.0,,0.0,0.0,0.0,0.0,,,,,,,,,,,,,,,,,,,0.0,,0.0,0.0,0.0,0.0,0.0,0.0,0.0,0.0,0.0,0.0,,0.0,0.0,,0.0,0.0,0.0,0.0,,,,,,,,,,,,,,,,,,,0.0,,0.0,0.0,0.0,0.0,0.0,0.0,0.0,0.0,0.0,0.0,,0.0,0.0,,0.0,0.0,0.0,0.0,,,,,,,,,,,,,,,,,,,,,,8.0,0.0,0.0,0.0,0.0,0.176,0.144,0.48,0.0,0.0,0.0,0.0,0.3199999999999999,0.0,0.0,0.0,0.0,0.0,0.176,0.144,0.48
4432446,Jabari Walker,PHI,2026-06-09,0.0,30.0,0.0,0.0,4.0,0,2,0,0,0,0,0,0,0,1,,0,0,,0,2,1,12,7.0,0.0,0.2857142857142857,0.0,0.0,0.0,0.1428571428571428,0.0,0.0,0.1428571428571428,0.0,3.0,3.605551275463989,0.0,0.6666666666666666,0.0,0.0,0.3333333333333333,0.0,0.0,0.0,0.0,0.6666666666666666,,0.0,0.0,,0.0,0.6666666666666666,0.3333333333333333,4.666666666666667,0.0,0.0,0.1428571428571428,0.2020305089104421,0.0,0.0,0.0,0.0,0.25,0.3535533905932738,0.3214285714285714,0.2525381361380526,0.0,0.0,0.0,0.0,0.3214285714285714,0.2525381361380526,3.0,3.605551275463989,0.0,0.6666666666666666,0.0,0.0,0.3333333333333333,0.0,0.0,0.0,0.0,0.6666666666666666,,0.0,0.0,,0.0,0.6666666666666666,0.3333333333333333,4.666666666666667,0.0,0.0,0.1428571428571428,0.2020305089104421,0.0,0.0,0.0,0.0,0.25,0.3535533905932738,0.3214285714285714,0.2525381361380526,0.0,0.0,0.0,0.0,0.3214285714285714,0.2525381361380526,3.0,3.605551275463989,0.0,0.6666666666666666,0.0,0.0,0.3333333333333333,0.0,0.0,0.0,0.0,0.6666666666666666,,0.0,0.0,,0.0,0.6666666666666666,0.3333333333333333,4.666666666666667,0.0,0.0,0.1428571428571428,0.2020305089104421,0.0,0.0,0.0,0.0,0.25,0.3535533905932738,0.3214285714285714,0.2525381361380526,0.0,0.0,0.0,0.0,0.3214285714285714,0.2525381361380526,,,,8.0,0.0,0.8666666666666666,0.0,0.0,0.176,0.144,0.48,0.8666666666666666,0.8666666666666666,0.0,0.8666666666666666,0.3199999999999999,0.0,0.8666666666666666,0.0,0.0,0.8666666666666666,0.176,0.144,0.48
4433159,Dalen Terry,PHI,2026-06-09,0.0,30.0,0.0,0.0,4.0,9,1,3,1,1,3,0,1,3,4,,2,5,,0,1,2,9,12.0,0.75,0.0833333333333333,0.25,0.0833333333333333,0.0833333333333333,0.3333333333333333,0.4166666666666667,0.0833333333333333,0.6,0.0,4.666666666666667,6.429100507328637,3.0,0.6666666666666666,1.3333333333333333,0.3333333333333333,0.3333333333333333,1.3333333333333333,0.0,0.3333333333333333,1.0,2.0,,0.6666666666666666,1.6666666666666667,,0.0,0.6666666666666666,1.0,3.6666666666666665,0.375,0.5303300858899106,0.2916666666666667,0.2946278254943948,0.375,0.1767766952966369,0.0416666666666666,0.0589255650988789,0.0416666666666666,0.0589255650988789,0.6666666666666666,0.4714045207910317,0.2083333333333333,0.2946278254943948,0.0416666666666666,0.0589255650988789,0.8,0.282842712474619,4.666666666666667,6.429100507328637,3.0,0.6666666666666666,1.3333333333333333,0.3333333333333333,0.3333333333333333,1.3333333333333333,0.0,0.3333333333333333,1.0,2.0,,0.6666666666666666,1.6666666666666667,,0.0,0.6666666666666666,1.0,3.6666666666666665,0.375,0.5303300858899106,0.2916666666666667,0.2946278254943948,0.375,0.1767766952966369,0.0416666666666666,0.0589255650988789,0.0416666666666666,0.0589255650988789,0.6666666666666666,0.4714045207910317,0.2083333333333333,0.2946278254943948,0.0416666666666666,0.0589255650988789,0.8,0.282842712474619,4.666666666666667,6.429100507328637,3.0,0.6666666666666666,1.3333333333333333,0.3333333333333333,0.3333333333333333,1.3333333333333333,0.0,0.3333333333333333,1.0,2.0,,0.6666666666666666,1.6666666666666667,,0.0,0.6666666666666666,1.0,3.6666666666666665,0.375,0.5303300858899106,0.2916666666666667,0.2946278254943948,0.375,0.1767766952966369,0.0416666666666666,0.0589255650988789,0.0416666666666666,0.0589255650988789,0.6666666666666666,0.4714045207910317,0.2083333333333333,0.2946278254943948,0.0416666666666666,0.0589255650988789,0.8,0.282842712474619,,,,8.0,3.9,0.7166666666666666,1.583333333333333,0.4333333333333333,0.176,0.144,0.48,6.199999999999999,4.616666666666666,5.4833333333333325,2.3,0.3199999999999999,3.9,0.7166666666666666,1.583333333333333,0.4333333333333333,6.199999999999999,0.176,0.144,0.48
4433569,Johni Broome,PHI,2026-06-09,0.0,30.0,0.0,0.0,4.0,7,1,1,1,3,0,0,0,3,5,,0,0,,0,1,0,4,3.0,2.333333333333333,0.3333333333333333,0.3333333333333333,0.3333333333333333,1.0,1.6666666666666667,0.0,0.0,1.6666666666666667,0.0,1.0,1.7320508075688772,2.333333333333333,0.3333333333333333,0.3333333333333333,0.3333333333333333,1.0,0.0,0.0,0.0,1.0,1.6666666666666667,,0.0,0.0,,0.0,0.3333333333333333,0.0,1.3333333333333333,2.333333333333333,,0.3333333333333333,,0.3333333333333333,,0.3333333333333333,,1.0,,1.6666666666666667,,0.0,,0.0,,1.6666666666666667,,1.0,1.7320508075688772,2.333333333333333,0.3333333333333333,0.3333333333333333,0.3333333333333333,1.0,0.0,0.0,0.0,1.0,1.6666666666666667,,0.0,0.0,,0.0,0.3333333333333333,0.0,1.3333333333333333,2.333333333333333,,0.3333333333333333,,0.3333333333333333,,0.3333333333333333,,1.0,,1.6666666666666667,,0.0,,0.0,,1.6666666666666667,,1.0,1.7320508075688772,2.333333333333333,0.3333333333333333,0.3333333333333333,0.3333333333333333,1.0,0.0,0.0,0.0,1.0,1.6666666666666667,,0.0,0.0,,0.0,0.3333333333333333,0.0,1.3333333333333333,2.333333333333333,,0.3333333333333333,,0.3333333333333333,,0.3333333333333333,,1.0,,1.6666666666666667,,0.0,,0.0,,1.6666666666666667,,,,,8.0,3.033333333333333,0.4333333333333333,0.4333333333333333,0.4333333333333333,0.176,0.144,0.48,3.9,3.4666666666666663,3.4666666666666663,0.8666666666666666,0.3199999999999999,3.033333333333333,0.4333333333333333,0.4333333333333333,0.4333333333333333,3.9,0.176,0.144,0.48
4711297,Justin Edwards,PHI,2026-06-09,0.0,30.0,0.0,0.0,4.0,8,1,1,0,6,0,0,0,3,9,,2,2,,0,1,1,3,17.0,0.4705882352941176,0.0588235294117647,0.0588235294117647,0.0,0.3529411764705882,0.5294117647058824,0.1176470588235294,0.0,0.5811764705882353,0.0,6.333333333333333,9.29157324317757,2.6666666666666665,0.3333333333333333,0.3333333333333333,0.0,2.0,0.0,0.0,0.0,1.0,3.0,,0.6666666666666666,0.6666666666666666,,0.0,0.3333333333333333,0.3333333333333333,1.6666666666666667,0.2352941176470588,0.3327561323230812,0.0294117647058823,0.0415945165403851,0.0294117647058823,0.0415945165403851,0.0,0.0,0.1764705882352941,0.2495670992423109,0.2647058823529412,0.3743506488634663,0.0588235294117647,0.0831890330807703,0.0,0.0,0.2905882352941176,0.4109538234190052,6.333333333333333,9.29157324317757,2.6666666666666665,0.3333333333333333,0.3333333333333333,0.0,2.0,0.0,0.0,0.0,1.0,3.0,,0.6666666666666666,0.6666666666666666,,0.0,0.3333333333333333,0.3333333333333333,1.6666666666666667,0.2352941176470588,0.3327561323230812,0.0294117647058823,0.0415945165403851,0.0294117647058823,0.0415945165403851,0.0,0.0,0.1764705882352941,0.2495670992423109,0.2647058823529412,0.3743506488634663,0.0588235294117647,0.0831890330807703,0.0,0.0,0.2905882352941176,0.4109538234190052,6.333333333333333,9.29157324317757,2.6666666666666665,0.3333333333333333,0.3333333333333333,0.0,2.0,0.0,0.0,0.0,1.0,3.0,,0.6666666666666666,0.6666666666666666,,0.0,0.3333333333333333,0.3333333333333333,1.6666666666666667,0.2352941176470588,0.3327561323230812,0.0294117647058823,0.0415945165403851,0.0294117647058823,0.0415945165403851,0.0,0.0,0.1764705882352941,0.2495670992423109,0.2647058823529412,0.3743506488634663,0.0588235294117647,0.0831890330807703,0.0,0.0,0.2905882352941176,0.4109538234190052,,,,8.0,3.4666666666666663,0.4333333333333333,0.4333333333333333,0.0,0.176,0.144,0.48,4.333333333333333,3.9,3.9,0.8666666666666666,0.3199999999999999,3.4666666666666663,0.4333333333333333,0.4333333333333333,0.0,4.333333333333333,0.176,0.144,0.48
4870562,Dominick Barlow,PHI,2026-06-09,0.0,30.0,0.0,0.0,4.0,5,1,1,0,0,0,0,0,2,3,,1,1,,0,1,1,-3,15.0,0.3333333333333333,0.0666666666666666,0.0666666666666666,0.0,0.0,0.2,0.0666666666666666,0.0,0.2293333333333333,0.0,14.333333333333334,2.0816659994661326,4.333333333333333,1.3333333333333333,0.3333333333333333,0.0,0.0,0.3333333333333333,0.6666666666666666,0.6666666666666666,2.0,2.333333333333333,,0.3333333333333333,0.3333333333333333,,0.0,1.3333333333333333,1.3333333333333333,-5.333333333333333,0.2916666666666667,0.1102396379610246,0.0916666666666666,0.0300462606288665,0.0222222222222222,0.038490017945975,0.0,0.0,0.0,0.0,0.1569444444444444,0.0640547364311122,0.0222222222222222,0.038490017945975,0.0416666666666666,0.0721687836487032,0.2083888888888888,0.1160100969424325,14.333333333333334,2.0816659994661326,4.333333333333333,1.3333333333333333,0.3333333333333333,0.0,0.0,0.3333333333333333,0.6666666666666666,0.6666666666666666,2.0,2.333333333333333,,0.3333333333333333,0.3333333333333333,,0.0,1.3333333333333333,1.3333333333333333,-5.333333333333333,0.2916666666666667,0.1102396379610246,0.0916666666666666,0.0300462606288665,0.0222222222222222,0.038490017945975,0.0,0.0,0.0,0.0,0.1569444444444444,0.0640547364311122,0.0222222222222222,0.038490017945975,0.0416666666666666,0.0721687836487032,0.2083888888888888,0.1160100969424325,14.333333333333334,2.0816659994661326,4.333333333333333,1.3333333333333333,0.3333333333333333,0.0,0.0,0.3333333333333333,0.6666666666666666,0.6666666666666666,2.0,2.333333333333333,,0.3333333333333333,0.3333333333333333,,0.0,1.3333333333333333,1.3333333333333333,-5.333333333333333,0.2916666666666667,0.1102396379610246,0.0916666666666666,0.0300462606288665,0.0222222222222222,0.038490017945975,0.0,0.0,0.0,0.0,0.1569444444444444,0.0640547364311122,0.0222222222222222,0.038490017945975,0.0416666666666666,0.0721687836487032,0.2083888888888888,0.1160100969424325,,,,14.433333333333334,4.433333333333334,1.2833333333333332,0.4333333333333333,0.0,0.3175333333333333,0.2598,0.866,6.15,5.716666666666667,4.866666666666667,1.7166666666666666,0.5773333333333333,4.433333333333334,1.2833333333333332,0.4333333333333333,0.0,6.15,0.3175333333333333,0.2598,0.866
5105637,Adem Bona,PHI,2026-06-09,0.0,30.0,0.0,0.0,4.0,7,2,0,0,0,0,1,0,2,2,,3,4,,1,1,1,4,10.0,0.7,0.2,0.0,0.0,0.0,0.2,0.4,0.0,0.376,0.0,9.333333333333334,7.023769168568493,3.0,3.0,0.3333333333333333,0.0,0.0,0.0,1.0,0.6666666666666666,0.6666666666666666,0.6666666666666666,,1.6666666666666667,2.6666666666666665,,2.333333333333333,0.6666666666666666,2.333333333333333,-0.6666666666666666,0.2749999999999999,0.3733296130767019,0.2125,0.2190176933491903,0.0208333333333333,0.0360843918243516,0.0,0.0,0.0,0.0,0.0666666666666666,0.1154700538379251,0.2166666666666666,0.202072594216369,0.0416666666666666,0.0721687836487032,0.2036666666666666,0.1899482385633868,9.333333333333334,7.023769168568493,3.0,3.0,0.3333333333333333,0.0,0.0,0.0,1.0,0.6666666666666666,0.6666666666666666,0.6666666666666666,,1.6666666666666667,2.6666666666666665,,2.333333333333333,0.6666666666666666,2.333333333333333,-0.6666666666666666,0.2749999999999999,0.3733296130767019,0.2125,0.2190176933491903,0.0208333333333333,0.0360843918243516,0.0,0.0,0.0,0.0,0.0666666666666666,0.1154700538379251,0.2166666666666666,0.202072594216369,0.0416666666666666,0.0721687836487032,0.2036666666666666,0.1899482385633868,9.333333333333334,7.023769168568493,3.0,3.0,0.3333333333333333,0.0,0.0,0.0,1.0,0.6666666666666666,0.6666666666666666,0.6666666666666666,,1.6666666666666667,2.6666666666666665,,2.333333333333333,0.6666666666666666,2.333333333333333,-0.6666666666666666,0.2749999999999999,0.3733296130767019,0.2125,0.2190176933491903,0.0208333333333333,0.0360843918243516,0.0,0.0,0.0,0.0,0.0666666666666666,0.1154700538379251,0.2166666666666666,0.202072594216369,0.0416666666666666,0.0721687836487032,0.2036666666666666,0.1899482385633868,,,,9.433333333333334,3.6,2.85,0.2833333333333333,0.0,0.2075333333333333,0.1697999999999999,0.566,6.733333333333333,6.45,3.883333333333333,3.1333333333333333,0.3773333333333333,3.6,2.85,0.2833333333333333,0.0,6.733333333333333,0.2075333333333333,0.1697999999999999,0.566
5124612,VJ Edgecombe,PHI,2026-06-09,0.0,30.0,0.0,0.0,4.0,8,6,7,0,6,0,1,0,4,14,,0,0,,2,4,1,-33,30.0,0.2666666666666666,0.2,0.2333333333333333,0.0,0.2,0.4666666666666667,0.0,0.0,0.4666666666666667,0.0,36.66666666666666,5.773502691896256,12.0,6.0,4.666666666666667,1.3333333333333333,6.0,1.0,0.3333333333333333,2.0,4.666666666666667,12.0,,1.3333333333333333,2.0,,2.0,4.0,2.6666666666666665,-15.666666666666666,0.3222222222222222,0.0891056385130301,0.1666666666666666,0.0381881307912986,0.1361111111111111,0.0851197413669142,0.0333333333333333,0.0381881307912986,0.1666666666666666,0.0381881307912986,0.3388888888888888,0.1214305166355244,0.05,0.05,0.05,0.05,0.4108888888888889,0.0986375707850227,36.66666666666666,5.773502691896256,12.0,6.0,4.666666666666667,1.3333333333333333,6.0,1.0,0.3333333333333333,2.0,4.666666666666667,12.0,,1.3333333333333333,2.0,,2.0,4.0,2.6666666666666665,-15.666666666666666,0.3222222222222222,0.0891056385130301,0.1666666666666666,0.0381881307912986,0.1361111111111111,0.0851197413669142,0.0333333333333333,0.0381881307912986,0.1666666666666666,0.0381881307912986,0.3388888888888888,0.1214305166355244,0.05,0.05,0.05,0.05,0.4108888888888889,0.0986375707850227,36.66666666666666,5.773502691896256,12.0,6.0,4.666666666666667,1.3333333333333333,6.0,1.0,0.3333333333333333,2.0,4.666666666666667,12.0,,1.3333333333333333,2.0,,2.0,4.0,2.6666666666666665,-15.666666666666666,0.3222222222222222,0.0891056385130301,0.1666666666666666,0.0381881307912986,0.1361111111111111,0.0851197413669142,0.0333333333333333,0.0381881307912986,0.1666666666666666,0.0381881307912986,0.3388888888888888,0.1214305166355244,0.05,0.05,0.05,0.05,0.4108888888888889,0.0986375707850227,,,,35.666666666666664,11.4,5.999999999999999,5.016666666666668,1.1333333333333333,0.7846666666666666,0.6419999999999999,2.14,22.416666666666664,17.4,16.416666666666668,11.016666666666666,1.4266666666666663,11.4,5.999999999999999,5.016666666666668,1.1333333333333333,22.416666666666664,0.7846666666666666,0.6419999999999999,2.14
6427,Bismack Biyombo,SAS,2026-06-09,0.0,1.0,3.0,6.0,16.0,0,0,0,0,0,0,0,0,0,0,,0,0,,0,0,0,0,0.0,,,,,,,,,,0.0,0.0,0.0,0.0,0.0,0.0,0.0,0.0,0.0,0.0,0.0,0.0,0.0,,0.0,0.0,,0.0,0.0,0.0,0.0,,,,,,,,,,,,,,,,,,,1.0,2.2360679774997894,0.0,0.0,0.0,0.0,0.0,0.0,0.0,0.0,0.0,0.2,,0.0,0.0,,0.0,0.0,0.0,0.2,0.0,,0.0,,0.0,,0.0,,0.0,,0.2,,0.0,,0.0,,0.2,,0.9,1.66332999331662,0.0,0.1,0.0,0.0,0.0,0.0,0.0,0.1,0.0,0.1,,0.0,0.0,,0.1,0.0,0.1,0.2,0.0,0.0,0.1666666666666666,0.2886751345948129,0.0,0.0,0.0,0.0,0.0,0.0,0.0666666666666666,0.115470053837925,0.0,0.0,0.1666666666666666,0.2886751345948129,0.2333333333333333,0.2516611478423581,,,,6.25,0.0,0.02,0.0,0.0,0.1374999999999999,0.1124999999999999,0.375,0.02,0.02,0.0,0.02,0.2499999999999999,0.0,0.02,0.0,0.0,0.02,0.1374999999999999,0.1124999999999999,0.375
6578,Harrison Barnes,SAS,2026-06-09,0.0,1.0,3.0,6.0,16.0,0,0,0,0,0,0,0,0,0,0,,0,0,,0,0,0,0,0.0,,,,,,,,,,0.0,5.666666666666667,6.027713773341707,0.0,0.6666666666666666,0.3333333333333333,0.0,0.6666666666666666,0.0,0.0,0.0,0.0,0.6666666666666666,,0.0,0.3333333333333333,,0.3333333333333333,0.3333333333333333,0.3333333333333333,-2.333333333333333,0.0,0.0,0.0833333333333333,0.1178511301977581,0.0416666666666666,0.0589255650988789,0.0,0.0,0.0833333333333332,0.1178511301977579,0.0833333333333333,0.117851130197758,0.0416666666666666,0.0589255650988789,0.0,0.0,0.1016666666666666,0.1437783788412642,6.6,5.683308895353129,1.2,0.6,0.2,0.4,1.4,0.0,0.0,0.2,0.4,1.4,,0.0,0.2,,0.4,0.2,0.2,-1.4,0.1153846153846153,0.2307692307692306,0.0608974358974358,0.0792904928003399,0.0208333333333333,0.0416666666666666,0.0384615384615384,0.0769230769230769,0.2019230769230769,0.1532663576105067,0.2019230769230769,0.1532663576105068,0.0208333333333333,0.0416666666666666,0.0192307692307692,0.0384615384615384,0.2303205128205128,0.1714588338686381,7.4,5.378971401051816,1.6,0.9,0.1,0.3,1.2,0.1,0.0,0.4,0.3,1.5,,0.7,0.9,,0.5,0.4,0.3,-0.8,0.1323005698005698,0.2020996492031845,0.0756766381766381,0.0998803067736772,0.0092592592592592,0.0277777777777776,0.0263532763532763,0.0551844938895083,0.1591880341880341,0.1414257145699372,0.1915954415954416,0.128622894835641,0.0694444444444444,0.1284252917285203,0.0340099715099715,0.0582999614945302,0.2561609686609686,0.1739581449361923,,,,8.175,1.4501176470588235,0.8851911764705882,0.1481323529411765,0.2963970588235294,0.1202205882352941,0.0,0.4808823529411765,2.483441176470589,2.335308823529412,1.5982500000000002,1.0333235294117646,0.1202205882352941,1.4501176470588235,0.8851911764705882,0.1481323529411765,0.2963970588235294,2.483441176470589,0.1202205882352941,0.0,0.4808823529411765
2488653,Mason Plumlee,SAS,2026-06-09,0.0,1.0,3.0,6.0,16.0,0,0,0,0,0,0,0,0,0,0,,0,0,,0,0,0,0,0.0,,,,,,,,,,0.0,0.0,0.0,0.0,0.0,0.0,0.0,0.0,0.0,0.0,0.0,0.0,0.0,,0.0,0.0,,0.0,0.0,0.0,0.0,,,,,,,,,,,,,,,,,,,1.0,2.23606797749979,0.0,0.2,0.0,0.0,0.0,0.0,0.0,0.0,0.0,0.0,,0.0,0.0,,0.0,0.2,0.2,0.2,0.0,,0.2,,0.0,,0.0,,0.0,,0.0,,0.0,,0.0,,0.0,,0.9,1.66332999331662,0.2,0.2,0.1,0.0,0.0,0.0,0.1,0.0,0.1,0.1,,0.0,0.0,,0.0,0.2,0.3,0.2,0.3333333333333333,0.5773502691896258,0.2333333333333333,0.2516611478423583,0.1666666666666666,0.2886751345948129,0.0,0.0,0.0,0.0,0.1666666666666666,0.2886751345948128,0.0,0.0,0.0,0.0,0.1666666666666667,0.2886751345948128,,,,6.25,0.04,0.11,0.02,0.0,0.1374999999999999,0.1124999999999999,0.375,0.17,0.15,0.06,0.13,0.2499999999999999,0.04,0.11,0.02,0.0,0.17,0.1374999999999999,0.1124999999999999,0.375
2489663,Kelly Olynyk,SAS,2026-06-09,0.0,1.0,3.0,6.0,16.0,0,0,0,0,0,0,0,0,0,0,,0,0,,0,0,0,0,0.0,,,,,,,,,,0.0,0.0,0.0,0.0,0.0,0.0,0.0,0.0,0.0,0.0,0.0,0.0,0.0,,0.0,0.0,,0.0,0.0,0.0,0.0,,,,,,,,,,,,,,,,,,,1.0,2.2360679774997885,1.2,0.2,0.0,0.0,0.0,0.0,0.0,0.0,0.4,0.6,,0.4,0.6,,0.0,0.2,0.0,0.2,1.2,,0.2,,0.0,,0.0,,0.0,,0.6,,0.6,,0.0,,0.8640000000000001,,1.3,1.888562063228705,1.4,0.2,0.0,0.2,0.3,0.3,0.0,0.2,0.4,0.7,,0.4,0.5,,0.0,0.2,0.1,0.3,1.1125,0.317214438511238,0.1124999999999999,0.1314977819838292,0.0,0.0,0.1875,0.2393567769390845,0.25,0.2886751345948129,0.4624999999999999,0.3249999999999999,0.4,0.4898979485566356,0.25,0.5,0.8885000000000001,0.4452965304154076,,,,6.3375,0.7,0.11,0.0,0.04,0.139425,0.114075,0.38025,0.8099999999999999,0.8099999999999999,0.7,0.11,0.2535,0.7,0.11,0.0,0.04,0.8099999999999999,0.139425,0.114075,0.38025
3064560,Luke Kornet,SAS,2026-06-09,0.0,1.0,3.0,6.0,16.0,2,5,2,0,0,1,0,0,0,1,,2,2,,3,2,1,-3,9.0,0.2222222222222222,0.5555555555555556,0.2222222222222222,0.0,0.0,0.1111111111111111,0.2222222222222222,0.0,0.2088888888888888,0.0,9.0,1.0000000000000024,1.0,3.0,0.6666666666666666,0.0,0.0,1.0,0.0,0.0,0.0,0.3333333333333333,,1.0,1.3333333333333333,,1.0,2.0,2.0,-5.666666666666667,0.1157407407407407,0.1114000871807029,0.3435185185185185,0.2294036373002494,0.074074074074074,0.1283000598199168,0.0,0.0,0.0,0.0,0.037037037037037,0.0641500299099584,0.1574074074074074,0.1370245239532291,0.0,0.0,0.1062962962962962,0.1044936842165705,9.2,2.588435821108957,1.6,3.6,0.6,0.0,0.0,0.6,0.2,0.2,0.2,1.2,,1.2,1.6,,1.6,2.0,1.4,-0.6,0.1822649572649572,0.1257683304694914,0.4163675213675214,0.2149597925120299,0.0598290598290598,0.0966983632391859,0.0,0.0,0.0,0.0,0.1529914529914529,0.2055373412688192,0.1918803418803418,0.1250721174094808,0.0153846153846153,0.034401045807689,0.2528034188034188,0.2467001179703594,10.0,2.449489742783178,2.2,3.3,0.5,0.0,0.0,0.4,0.3,0.4,0.8,1.7,,0.6,0.8,,1.3,2.0,1.4,-5.5,0.2044191919191919,0.1671409642694677,0.3414296814296814,0.199805897485699,0.0487179487179487,0.0744075334563411,0.0,0.0,0.0,0.0,0.1721348096348096,0.1485739305382766,0.0959401709401709,0.1310713555508584,0.0341880341880341,0.057968632334404,0.248536519036519,0.1782497437295495,,,,9.564388888888889,2.027361904761905,3.3198571428571437,0.576247619047619,0.0,0.4204126984126983,0.3153095238095238,0.3153095238095238,5.923466666666667,5.347219047619048,2.603609523809524,3.896104761904762,0.7357222222222222,2.027361904761905,3.3198571428571437,0.576247619047619,0.0,5.923466666666667,0.4204126984126983,0.3153095238095238,0.3153095238095238
3134916,Jordan McLaughlin,SAS,2026-06-09,0.0,1.0,3.0,6.0,16.0,0,0,0,0,0,0,0,0,0,0,,0,0,,0,0,0,0,0.0,,,,,,,,,,0.0,0.0,0.0,0.0,0.0,0.0,0.0,0.0,0.0,0.0,0.0,0.0,0.0,,0.0,0.0,,0.0,0.0,0.0,0.0,,,,,,,,,,,,,,,,,,,1.4,3.130495168499705,0.0,0.8,0.4,0.0,0.2,0.0,0.0,0.2,0.0,0.4,,0.0,0.0,,0.0,0.8,0.0,0.0,0.0,,0.5714285714285714,,0.2857142857142857,,0.0,,0.1428571428571428,,0.2857142857142857,,0.0,,0.1428571428571428,,0.4285714285714285,,2.2,2.859681411936962,1.3,0.7,0.4,0.3,0.5,0.0,0.0,0.2,0.4,0.8,,0.2,0.2,,0.2,0.5,0.1,-1.0,0.7214285714285713,0.8208072184111922,0.2928571428571428,0.240110518771023,0.1857142857142856,0.2118913853455904,0.1071428571428571,0.1472537723434878,0.1857142857142857,0.2118913853455903,0.3428571428571428,0.210684017196466,0.2,0.4472135954999579,0.0571428571428571,0.0782460796435951,0.488,0.3365576034026912,,,,6.74,2.493636363636364,1.4547272727272724,0.8232727272727273,0.5754545454545454,0.0,0.0,0.6127272727272728,4.771636363636364,3.948363636363636,3.316909090909091,2.278,0.0,2.493636363636364,1.4547272727272724,0.8232727272727273,0.5754545454545454,4.771636363636364,0.0,0.0,0.6127272727272728
4066259,De'Aaron Fox,SAS,2026-06-09,0.0,1.0,3.0,6.0,14.0,12,3,8,0,5,1,2,2,4,14,,4,4,,0,3,3,-7,37.0,0.3243243243243243,0.081081081081081,0.2162162162162162,0.0,0.1351351351351351,0.3783783783783784,0.1081081081081081,0.054054054054054,0.4799999999999999,0.0,36.333333333333336,2.0816659994661277,13.0,3.333333333333333,6.0,0.6666666666666666,3.6666666666666665,1.0,1.0,3.0,5.0,13.0,,2.333333333333333,2.6666666666666665,,0.0,3.333333333333333,3.333333333333333,-1.6666666666666667,0.3655900482525869,0.2051490878064754,0.091526511031155,0.0124224511000931,0.1649513290380163,0.0450663192920729,0.0196078431372549,0.0339617805405662,0.0997406074805455,0.0384543783505564,0.3578082726689537,0.0186199138290889,0.0731877388224137,0.0303999869395585,0.083549493766212,0.0320453152921304,0.4735603715170279,0.0267185353117753,34.2,4.81663783151692,11.8,3.0,6.0,1.0,4.2,1.2,0.6,2.2,4.4,12.0,,2.0,2.4,,0.0,3.0,2.8,3.0,0.341148900746424,0.1686868725101319,0.0933774450802314,0.0686029400234215,0.1805947290467414,0.0599829535854688,0.0284313725490196,0.0398840109937411,0.1218101764541393,0.049334827389588,0.3505823994988081,0.017082040858227,0.074681874062679,0.0585221779314248,0.0612408073708383,0.0428065284332915,0.4446832314572253,0.0447028017319315,32.4,4.550946177566936,13.4,4.4,6.3,1.1,4.0,1.1,0.6,1.8,5.2,12.7,,1.9,2.2,,0.5,3.9,2.5,6.1,0.4253851283100759,0.2082908864146189,0.1420800168877668,0.0893884721369081,0.202229542086478,0.0767337242636751,0.0361084756483238,0.0420814676500144,0.1230974578435379,0.0449394317936279,0.3936268331229881,0.0482568311755032,0.0696665652298329,0.0540949874741995,0.0536617756594287,0.0440387159906831,0.4779418974835433,0.0584524686546739,,,,34.322500000000005,12.358821428571428,4.13909022556391,6.337539473684211,0.8499342105263158,1.419351503759399,0.5161278195488722,2.064511278195489,22.835451127819542,16.497911654135336,18.69636090225564,10.476629699248122,1.9354793233082708,12.358821428571428,4.13909022556391,6.337539473684211,0.8499342105263158,22.835451127819542,1.419351503759399,0.5161278195488722,2.064511278195489
4066317,Lindy Waters III,SAS,2026-06-09,0.0,1.0,3.0,6.0,16.0,0,0,0,0,0,0,0,0,0,0,,0,0,,0,0,0,0,0.0,,,,,,,,,,0.0,0.0,0.0,0.0,0.0,0.0,0.0,0.0,0.0,0.0,0.0,0.0,0.0,,0.0,0.0,,0.0,0.0,0.0,0.0,,,,,,,,,,,,,,,,,,,1.2,2.683281572999748,0.4,0.0,0.2,0.0,0.2,0.2,0.0,0.0,0.2,0.4,,0.0,0.0,,0.0,0.0,0.2,0.2,0.3333333333333333,,0.0,,0.1666666666666666,,0.0,,0.1666666666666666,,0.3333333333333333,,0.0,,0.0,,0.3333333333333333,,1.2,2.14993539954628,0.2,0.0,0.2,0.0,0.1,0.1,0.0,0.0,0.1,0.2,,0.0,0.0,,0.0,0.0,0.1,0.2,0.1111111111111111,0.1924500897298756,0.0,0.0,0.1388888888888888,0.1272937693043289,0.0,0.0,0.0555555555555555,0.0962250448649376,0.111111111111111,0.1924500897298753,0.0,0.0,0.0,0.0,0.111111111111111,0.1924500897298753,,,,6.6,0.7319999999999999,0.0,0.704,0.0,0.5499999999999999,0.0,0.0,1.436,0.7319999999999999,1.436,0.704,0.5499999999999999,0.7319999999999999,0.0,0.704,0.0,1.436,0.5499999999999999,0.0,0.0
4395630,Devin Vassell,SAS,2026-06-09,0.0,1.0,3.0,6.0,16.0,11,4,0,3,4,0,0,1,3,4,,2,3,,0,4,3,12,38.0,0.2894736842105263,0.1052631578947368,0.0,0.0789473684210526,0.1052631578947368,0.1052631578947368,0.0789473684210526,0.0263157894736842,0.1663157894736842,0.0,37.333333333333336,1.1547005383792748,11.333333333333334,7.333333333333333,2.6666666666666665,2.333333333333333,5.666666666666667,0.0,0.3333333333333333,0.6666666666666666,3.6666666666666665,8.0,,1.6666666666666667,2.0,,1.3333333333333333,6.0,2.0,1.6666666666666667,0.3026315789473684,0.0602970486178396,0.1973684210526315,0.0800363490828712,0.0716374269005848,0.0665646341393696,0.0618908382066276,0.0295427769322177,0.1520467836257309,0.0414545230373036,0.2158869395711501,0.1017772094678593,0.0526315789473684,0.0455802844097072,0.0180311890838206,0.0156325681601807,0.2570760233918128,0.0844480082188497,34.2,5.019960159204453,11.4,5.8,2.6,2.4,6.0,0.6,0.6,0.6,3.8,9.0,,1.4,1.6,,1.0,4.8,1.4,4.6,0.34055330634278,0.0810480970751015,0.162476996687523,0.0897465656069469,0.0765488897067844,0.0478027819053187,0.0739643397538134,0.0511621779789609,0.1814378603852288,0.0586007692519954,0.2682268024373287,0.1154095605498446,0.0437001594896331,0.0405892499509027,0.0185110211426,0.017536577032123,0.3059658937553674,0.1030110447512573,36.5,6.258327785172862,13.1,5.6,2.5,2.8,7.0,1.2,0.7,0.9,4.2,10.1,,1.9,2.2,,0.9,4.7,1.8,3.9,0.3652777477080882,0.13484257609571,0.1522668937529618,0.0670761773999616,0.0705851681857873,0.0401986444368625,0.0786034914517886,0.0448871637538541,0.1937328151724436,0.0656976797286296,0.2795859283475382,0.0893748362482852,0.0619617224880382,0.0611333521844589,0.0235775232679257,0.0189356412681525,0.3304266095102008,0.0808269444688337,,,,35.72161111111111,12.71842696390658,5.792892781316349,2.45393067940552,2.7264463906581744,1.2513940198159943,0.5688154635527248,0.6825785562632696,20.965250424628447,18.511319745222927,15.1723576433121,8.246823460721869,1.8202094833687197,12.71842696390658,5.792892781316349,2.45393067940552,2.7264463906581744,20.965250424628447,1.2513940198159943,0.5688154635527248,0.6825785562632696
4395723,Keldon Johnson,SAS,2026-06-09,0.0,1.0,3.0,6.0,16.0,7,2,0,0,0,1,0,2,3,5,,1,4,,0,2,3,14,17.0,0.4117647058823529,0.1176470588235294,0.0,0.0,0.0,0.2941176470588235,0.2352941176470588,0.1176470588235294,0.5152941176470588,0.0,13.666666666666666,4.93288286231625,4.333333333333333,2.0,0.6666666666666666,0.3333333333333333,1.3333333333333333,0.6666666666666666,0.0,1.0,1.6666666666666667,4.333333333333333,,0.6666666666666666,2.0,,0.3333333333333333,1.6666666666666667,2.333333333333333,3.333333333333333,0.3247549019607843,0.1202792250717153,0.1225490196078431,0.1250720668840497,0.0416666666666666,0.0721687836487032,0.0416666666666666,0.0721687836487032,0.125,0.1250000000000001,0.3480392156862745,0.133437819498198,0.1200980392156862,0.1177236270443414,0.0600490196078431,0.0588618135221707,0.4609313725490196,0.0812744950211677,15.0,3.9999999999999982,6.6,2.4,0.6,0.8,2.4,0.8,0.0,0.8,2.6,5.6,,0.6,1.6,,0.8,1.6,2.2,4.6,0.4323529411764705,0.1825803551115628,0.1443627450980392,0.0936373955297742,0.0375,0.0559016994374947,0.0611111111111111,0.0625771129226045,0.1708333333333333,0.1200405024240661,0.3866013071895425,0.1150401067121139,0.0970588235294117,0.0993871793476659,0.0471405228758169,0.0493010033312869,0.4764477124183006,0.0726774183223943,17.3,4.98998997994986,8.2,2.6,0.6,1.1,3.4,0.5,0.0,1.1,3.2,7.9,,0.7,1.5,,1.4,1.2,2.7,-0.1,0.4637289181406828,0.1705765868508499,0.1447454751131221,0.0831999844061388,0.0325961538461538,0.0475925384968964,0.0652175602175602,0.0534994949881124,0.2036295648795648,0.0985740907757391,0.4536969239910416,0.1344781885490874,0.0892442524795465,0.0794670898575466,0.0614063142739613,0.042113174206715,0.5543707093560035,0.1371312716246279,,,,15.856222222222222,6.867335099337748,2.542126269315673,0.5900291390728476,0.74403885209713,0.5250404709345107,0.0,1.0500809418690211,9.999490507726268,9.40946136865342,7.457364238410595,3.1321554083885204,0.5250404709345107,6.867335099337748,2.542126269315673,0.5900291390728476,0.74403885209713,9.999490507726268,0.5250404709345107,0.0,1.0500809418690211
4592479,Julian Champagnie,SAS,2026-06-09,0.0,1.0,3.0,6.0,16.0,12,1,3,3,7,1,0,0,4,9,,1,2,,0,1,1,8,27.0,0.4444444444444444,0.037037037037037,0.1111111111111111,0.1111111111111111,0.2592592592592592,0.3333333333333333,0.074074074074074,0.0,0.3659259259259259,0.0,31.33333333333333,4.509249752822896,12.0,5.0,1.6666666666666667,3.333333333333333,7.333333333333333,0.3333333333333333,0.6666666666666666,0.0,3.6666666666666665,8.666666666666666,,1.3333333333333333,2.0,,1.0,4.0,1.6666666666666667,-2.6666666666666665,0.3942652329749103,0.1532441457091896,0.1569095977698128,0.148178655920226,0.0570489844683393,0.0468727361604673,0.1093189964157706,0.0528901597253537,0.2402429311031461,0.0933106686452067,0.2849462365591397,0.102995935810043,0.0647152528872958,0.0092608649575734,0.0,0.0,0.31342094782955,0.1062760254484479,31.4,5.594640292279744,13.2,5.4,1.6,3.6,7.6,0.6,0.8,0.4,4.2,9.0,,1.2,1.8,,1.0,4.4,1.8,6.4,0.4218222976796831,0.1231267785019077,0.1737247060303087,0.111136261244198,0.0554925485757404,0.0382533420612263,0.1131703452178834,0.0467433943524745,0.244777337609256,0.066775953995567,0.2928624787775892,0.0744181685579386,0.054618625416588,0.031829368816183,0.0132631578947368,0.0187947066279289,0.3301578318556247,0.0786368030381857,33.1,5.743595467030114,11.9,5.8,1.6,2.8,7.7,0.9,0.8,0.5,4.0,9.7,,1.1,1.6,,1.0,4.8,2.2,2.7,0.3669346846909636,0.1943507223781145,0.1759512717592455,0.0832607366615926,0.05151872788791,0.0287599310409454,0.0852287512525203,0.0543665170797812,0.2335983020832268,0.0528365791849507,0.2986355484896554,0.0899518453087694,0.0484204238194051,0.0445579655838845,0.0155709728867623,0.023163530193639,0.335511507856956,0.1143490091785369,,,,31.35011111111111,12.03835261324042,5.091474796747968,1.7151045296167249,2.946507549361208,0.8738706929926441,0.6554030197444831,0.436935346496322,18.84493193960511,17.129827409988387,13.753457142857144,6.806579326364693,1.5292737127371272,12.03835261324042,5.091474796747968,1.7151045296167249,2.946507549361208,18.84493193960511,0.8738706929926441,0.6554030197444831,0.436935346496322
4845367,Stephon Castle,SAS,2026-06-09,0.0,1.0,3.0,6.0,16.0,23,5,5,2,5,1,1,2,8,14,,5,6,,1,4,4,6,38.0,0.6052631578947368,0.131578947368421,0.131578947368421,0.0526315789473684,0.131578947368421,0.3684210526315789,0.1578947368421052,0.0526315789473684,0.4905263157894737,0.0,33.333333333333336,5.033222956847164,18.0,5.666666666666667,4.0,1.6666666666666667,4.666666666666667,0.6666666666666666,0.3333333333333333,2.6666666666666665,6.666666666666667,14.666666666666666,,3.0,4.0,,1.3333333333333333,4.333333333333333,3.6666666666666665,-3.0,0.5350877192982456,0.0607737125462763,0.1699100692908742,0.0569043474433489,0.1208904614477369,0.0288369448518318,0.051157305027274,0.0210471642861112,0.1404983045849918,0.0080049815730909,0.4463364293085656,0.0690606068451186,0.1198584697036709,0.0533898891227688,0.0847707504054253,0.0503994722559631,0.583844906383606,0.1103984884552305,33.6,3.847076812334269,17.4,5.6,5.4,1.0,3.8,0.8,0.2,3.0,6.4,13.8,,3.6,4.6,,2.0,3.6,3.6,1.0,0.5161915204678362,0.0588057990077442,0.1665293749078578,0.0406699557319778,0.1621176102019755,0.0724144190988488,0.0306943830163644,0.0317271574449925,0.1134656494176618,0.0381638136502639,0.4136351909184726,0.0758029756996666,0.1385817484888692,0.0745302927900526,0.0904457835765885,0.0601884445390439,0.5650569438301637,0.1010477489645625,35.3,5.79367471184452,18.0,5.2,6.5,1.2,4.4,1.1,0.4,4.0,6.0,13.0,,4.8,5.8,,1.9,3.3,3.9,-0.8,0.5146397175297551,0.1190032327948978,0.1481047095871841,0.035898113710211,0.18274223445359,0.0539687120075794,0.0353009720634665,0.0290143717086027,0.1242044257894545,0.0320074396747432,0.3729830089930709,0.086192988298443,0.1650119952287135,0.1057546589389937,0.106637467187832,0.0805253941480366,0.552225754081537,0.1073046949977367,,,,34.260222222222225,18.43787412280702,5.290467543859649,5.707418421052632,1.299807456140351,1.1269809941520468,0.4507923976608187,3.268244883040936,29.435760087719306,23.72834166666667,24.145292543859654,10.997885964912282,1.5777733918128656,18.43787412280702,5.290467543859649,5.707418421052632,1.299807456140351,29.435760087719306,1.1269809941520468,0.4507923976608187,3.268244883040936
5037871,Dylan Harper,SAS,2026-06-09,0.0,1.0,3.0,6.0,16.0,13,9,4,1,8,0,0,0,5,18,,2,2,,1,8,1,-8,32.0,0.40625,0.28125,0.125,0.03125,0.25,0.5625,0.0625,0.0,0.59,0.0,30.666666666666668,2.30940107675852,14.666666666666666,7.666666666666667,2.6666666666666665,0.6666666666666666,5.0,0.6666666666666666,0.0,1.0,5.666666666666667,13.333333333333334,,2.6666666666666665,3.0,,0.6666666666666666,7.0,2.0,-0.3333333333333333,0.4821428571428571,0.0833997396976311,0.2514880952380952,0.0554602534332864,0.0848214285714285,0.0453075516298759,0.0223214285714285,0.0194593702836636,0.1622023809523809,0.07990115332535,0.431547619047619,0.1137590169858119,0.0982142857142857,0.0321924221023568,0.0327380952380952,0.0313561123596807,0.5075,0.0761166867381916,28.2,4.147288270665545,14.8,7.2,3.0,1.2,4.2,0.4,0.0,1.2,5.6,11.4,,2.4,2.6,,1.0,6.2,1.6,5.4,0.5418109668109669,0.1661723279178589,0.2572901635401635,0.0402953256889679,0.1094787157287157,0.0528326531797618,0.0463894901394901,0.0362062839398119,0.146816378066378,0.0609563404358347,0.4000060125060125,0.0996306771319596,0.0952922077922077,0.0683111790756783,0.043548581048581,0.0285151266864107,0.4854831649831649,0.0847050571293369,27.6,8.275801404630785,12.8,6.3,3.1,0.9,3.5,0.9,0.0,1.5,4.6,10.3,,2.7,3.2,,1.1,5.2,1.7,5.2,0.4585967641731096,0.1639677218773333,0.2255059197222839,0.0628613321210873,0.1127938307173288,0.0363267771836919,0.0352047575853896,0.0318375312003672,0.1227107696398998,0.0683536890410639,0.3627802873782223,0.1108264565021306,0.118875855371162,0.0768905928958277,0.061190465504921,0.0403538961774353,0.4762761292464546,0.0818495518965625,,,,28.009055555555555,13.268161863173216,6.788080931586608,3.062654294032023,0.9670893740902476,0.244620572537603,0.0,1.712344007763222,23.118897088791847,20.056242794759825,16.330816157205238,9.850735225618632,0.244620572537603,13.268161863173216,6.788080931586608,3.062654294032023,0.9670893740902476,23.118897088791847,0.244620572537603,0.0,1.712344007763222
5061568,Carter Bryant,SAS,2026-06-09,0.0,1.0,3.0,6.0,16.0,3,0,0,1,1,0,1,0,1,1,,0,0,,0,0,2,-9,4.0,0.75,0.0,0.0,0.25,0.25,0.25,0.0,0.0,0.25,0.0,3.6666666666666665,0.5773502691896251,1.3333333333333333,0.0,0.0,0.3333333333333333,0.6666666666666666,0.0,0.3333333333333333,0.3333333333333333,0.3333333333333333,0.6666666666666666,,0.3333333333333333,0.6666666666666666,,0.0,0.0,1.6666666666666667,-4.333333333333333,0.3333333333333333,0.3818813079129867,0.0,0.0,0.0,0.0,0.0833333333333333,0.1443375672974064,0.1666666666666666,0.1443375672974064,0.1666666666666666,0.144337567297406,0.1666666666666666,0.2886751345948129,0.1111111111111111,0.1924500897298752,0.3511111111111111,0.1110722154142835,4.4,2.07364413533277,1.6,1.0,0.0,0.2,0.8,0.0,0.2,0.4,0.6,1.2,,0.2,0.4,,0.0,1.0,1.4,-1.8,0.3833333333333333,0.3151278400198171,0.1666666666666666,0.2357022603955158,0.0,0.0,0.05,0.1118033988749894,0.15,0.1369306393762915,0.2416666666666666,0.1455354099714416,0.1,0.2236067977499789,0.0916666666666666,0.1455354099714415,0.3773333333333333,0.1045466403094809,6.8,3.675746333890729,2.1,1.1,0.3,0.4,1.2,0.2,0.3,0.6,0.8,1.7,,0.1,0.2,,0.1,1.0,1.8,-3.3,0.383095238095238,0.4422471904664117,0.1519047619047619,0.1602695197847465,0.0314285714285714,0.0533673360995119,0.0621428571428571,0.0936807189207345,0.1835714285714285,0.1799171515056185,0.2794047619047619,0.2841912947081705,0.05,0.1581138830084189,0.0901190476190476,0.1134949078342653,0.3915238095238095,0.241466377762663,,,,7.3,2.192,0.958,0.1862222222222222,0.4033333333333333,0.2703703703703703,0.4055555555555555,0.811111111111111,3.3362222222222218,3.1499999999999995,2.378222222222222,1.1442222222222225,0.6759259259259258,2.192,0.958,0.1862222222222222,0.4033333333333333,3.3362222222222218,0.2703703703703703,0.4055555555555555,0.811111111111111
5104157,Victor Wembanyama,SAS,2026-06-09,0.0,1.0,3.0,6.0,16.0,32,8,6,2,4,2,3,1,11,18,,8,9,,1,7,3,7,39.0,0.8205128205128205,0.2051282051282051,0.1538461538461538,0.0512820512820512,0.1025641025641025,0.4615384615384615,0.2307692307692307,0.0256410256410256,0.5887179487179487,0.0,39.0,0.9999999999999822,29.0,9.666666666666666,3.333333333333333,2.0,6.333333333333333,1.6666666666666667,3.333333333333333,3.6666666666666665,9.333333333333334,20.0,,8.333333333333334,10.0,,2.333333333333333,7.333333333333333,2.333333333333333,3.333333333333333,0.7432411156095368,0.0699580772667018,0.2486392262708052,0.0589965156057359,0.0854925775978407,0.0592105551518436,0.0513045434098065,0.0013159336460913,0.1631354026090868,0.0680958853638674,0.5130566801619434,0.0467062220307299,0.2576248313090418,0.0747622492609675,0.0945119208277103,0.066297438045264,0.720923526765632,0.1363401319478399,37.4,5.458937625582472,27.4,9.2,2.8,2.6,6.6,1.6,2.8,3.0,9.0,19.2,,6.8,8.2,,2.4,6.8,2.4,6.0,0.7507065741276268,0.1757732544989452,0.2539454405243878,0.0795501989299579,0.0751050703682282,0.0450124390950339,0.0736398689030267,0.0396736200375822,0.1859764796606902,0.0917414643943351,0.5292625795257374,0.1444827355656438,0.216479660690187,0.0777161060053614,0.0828976286871023,0.0576077494123162,0.7074112589165221,0.1916973666267277,38.1,5.704773829385738,27.8,10.5,3.2,2.2,5.9,1.5,2.9,3.0,9.0,18.9,,7.6,8.7,,3.0,7.5,2.6,7.2,0.7415333717255861,0.188436423617012,0.2737505935983986,0.129705208298697,0.0863441192776628,0.0520944878880352,0.0617744833691959,0.0397701677283723,0.1645478441209704,0.0803042545845304,0.507797905776926,0.1334176918541773,0.2264280790693597,0.0874612495566011,0.0816766629633474,0.0452265646467878,0.6891029235307915,0.1736642707974405,,,,37.780111111111104,27.641722289156625,9.29846204819277,3.388041967871485,2.3338234939759035,1.5931372155287815,2.9586834002677374,3.0724789156626504,40.32822630522088,36.94018433734939,31.029764257028116,12.686504016064257,4.551820615796519,27.641722289156625,9.29846204819277,3.388041967871485,2.3338234939759035,40.32822630522088,1.5931372155287815,2.9586834002677374,3.0724789156626504
