player_id,player_name,team,asof_date,is_home,days_rest,games_last7,games_last14,season_game_number,lag1_pts,lag1_reb,lag1_ast,lag1_threes,lag1_fg3a,lag1_stl,lag1_blk,lag1_tov,lag1_fgm,lag1_fga,lag1_fg_pct,lag1_ftm,lag1_fta,lag1_ft_pct,lag1_oreb,lag1_dreb,lag1_pf,lag1_plus_minus,lag1_min,lag1_pts_per_min,lag1_reb_per_min,lag1_ast_per_min,lag1_fg3m_per_min,lag1_fg3a_per_min,lag1_fga_per_min,lag1_fta_per_min,lag1_tov_per_min,lag1_usage_per_min,b2b,roll3_min,roll3_min_std,roll3_pts,roll3_reb,roll3_ast,roll3_threes,roll3_fg3a,roll3_stl,roll3_blk,roll3_tov,roll3_fgm,roll3_fga,roll3_fg_pct,roll3_ftm,roll3_fta,roll3_ft_pct,roll3_oreb,roll3_dreb,roll3_pf,roll3_plus_minus,roll3_pts_per_min,roll3_pts_per_min_std,roll3_reb_per_min,roll3_reb_per_min_std,roll3_ast_per_min,roll3_ast_per_min_std,roll3_fg3m_per_min,roll3_fg3m_per_min_std,roll3_fg3a_per_min,roll3_fg3a_per_min_std,roll3_fga_per_min,roll3_fga_per_min_std,roll3_fta_per_min,roll3_fta_per_min_std,roll3_tov_per_min,roll3_tov_per_min_std,roll3_usage_per_min,roll3_usage_per_min_std,roll5_min,roll5_min_std,roll5_pts,roll5_reb,roll5_ast,roll5_threes,roll5_fg3a,roll5_stl,roll5_blk,roll5_tov,roll5_fgm,roll5_fga,roll5_fg_pct,roll5_ftm,roll5_fta,roll5_ft_pct,roll5_oreb,roll5_dreb,roll5_pf,roll5_plus_minus,roll5_pts_per_min,roll5_pts_per_min_std,roll5_reb_per_min,roll5_reb_per_min_std,roll5_ast_per_min,roll5_ast_per_min_std,roll5_fg3m_per_min,roll5_fg3m_per_min_std,roll5_fg3a_per_min,roll5_fg3a_per_min_std,roll5_fga_per_min,roll5_fga_per_min_std,roll5_fta_per_min,roll5_fta_per_min_std,roll5_tov_per_min,roll5_tov_per_min_std,roll5_usage_per_min,roll5_usage_per_min_std,roll10_min,roll10_min_std,roll10_pts,roll10_reb,roll10_ast,roll10_threes,roll10_fg3a,roll10_stl,roll10_blk,roll10_tov,roll10_fgm,roll10_fga,roll10_fg_pct,roll10_ftm,roll10_fta,roll10_ft_pct,roll10_oreb,roll10_dreb,roll10_pf,roll10_plus_minus,roll10_pts_per_min,roll10_pts_per_min_std,roll10_reb_per_min,roll10_reb_per_min_std,roll10_ast_per_min,roll10_ast_per_min_std,roll10_fg3m_per_min,roll10_fg3m_per_min_std,roll10_fg3a_per_min,roll10_fg3a_per_min_std,roll10_fga_per_min,roll10_fga_per_min_std,roll10_fta_per_min,roll10_fta_per_min_std,roll10_tov_per_min,roll10_tov_per_min_std,roll10_usage_per_min,roll10_usage_per_min_std,injury_status,team_on_slate,playing_today,opponent,home,pred_min,pred_pts,pred_reb,pred_ast,pred_threes,pred_stl,pred_blk,pred_tov,pred_pra,pred_pr,pred_pa,pred_ra,pred_stocks,mean_pts,mean_reb,mean_ast,mean_threes,mean_pra,mean_stl,mean_blk,mean_tov,sd_pts,sd_reb,sd_ast,sd_threes,sd_pra,sd_stl,sd_blk,sd_tov
3992,James Harden,CLE,2026-05-09,1.0,2.0,3.0,6.0,13.0,10,6,3,0,4,1,0,4,3,13,,4,4,,0,6,3,-15,37.0,0.2702702702702703,0.16216216216216217,0.08108108108108109,0.0,0.10810810810810811,0.35135135135135137,0.10810810810810811,0.10810810810810811,0.507027027027027,0.0,36.333333333333336,1.1547005383792464,16.666666666666668,6.666666666666667,4.333333333333333,0.6666666666666666,5.333333333333333,1.6666666666666667,0.6666666666666666,4.333333333333333,4.0,12.333333333333334,,8.0,8.666666666666666,,0.6666666666666666,6.0,3.0,-5.666666666666667,0.46177606177606173,0.18042417750128475,0.18429858429858428,0.03834140783807556,0.12072072072072071,0.06865786984957711,0.018532818532818532,0.016068457178907234,0.14774774774774777,0.04722645917867091,0.341055341055341,0.09309210460759379,0.23886743886743886,0.12264710363775011,0.12072072072072071,0.07378592875475054,0.5668777348777349,0.1539020318673824,38.6,3.5071355833500353,17.8,7.6,5.4,1.4,5.6,1.8,0.8,4.6,4.8,12.8,,6.8,7.4,,1.6,6.0,2.6,0.8,0.4647929097929097,0.14791156254003243,0.19648824148824148,0.032648619392316974,0.13834152334152336,0.06107421917530765,0.03566514566514567,0.037760106493399365,0.14683046683046683,0.05103283415693978,0.3332695682695682,0.06672735686401958,0.19604773604773604,0.10547183653469883,0.12061425061425061,0.05620204478514123,0.5401448227448228,0.11841250445570507,35.6,4.971027168615265,19.6,5.1,5.8,2.1,6.5,1.7,0.6,5.2,5.8,13.6,,5.9,6.7,,0.8,4.3,2.3,-2.6,0.5649599274599274,0.1704691578843299,0.13611705861705864,0.07725773249967317,0.16464519714519715,0.07138482292163968,0.06102152802152803,0.04007308254119182,0.188003744003744,0.06474178711111676,0.3904120159120159,0.09141897996643226,0.19105393705393706,0.09062431874828215,0.14987539487539486,0.058128144773072724,0.624351143091143,0.12799010569992567,,,,DET,True,36.974222222222224,18.456005639476334,6.0501607250755285,5.4722062437059416,1.7174324269889225,1.8989781805975159,0.6702275931520644,5.250116146357839,29.978372608257803,24.506166364551863,23.928211883182275,11.52236696878147,2.56920577374958,13.548,5.266,3.678,1.756,22.492,1.082,0.396,2.65,5.986626428966484,2.1361750864571007,1.9885462026314602,1.3101389239313517,6.566729475164939,1.0233650375110537,0.638109708435783,1.5998437423698604
2580365,Larry Nance Jr.,CLE,2026-05-09,1.0,2.0,3.0,6.0,15.0,0,0,0,0,0,0,0,0,0,0,,0,0,,0,0,0,0,0.0,,,,,,,,,,0.0,0.0,0.0,0.0,0.0,0.0,0.0,0.0,0.0,0.0,0.0,0.0,0.0,,0.0,0.0,,0.0,0.0,0.0,0.0,,,,,,,,,,,,,,,,,,,0.0,0.0,0.0,0.0,0.0,0.0,0.0,0.0,0.0,0.0,0.0,0.0,,0.0,0.0,,0.0,0.0,0.0,0.0,,,,,,,,,,,,,,,,,,,2.5,6.240548408949685,1.0,0.6,0.3,0.1,0.3,0.0,0.1,0.1,0.4,0.6,,0.1,0.2,,0.1,0.5,0.2,-0.7,0.16666666666666663,0.288675134594813,0.09999999999999999,0.17320508075688773,0.05000000000000001,0.08660254037844387,0.016666666666666666,0.02886751345948129,0.05000000000000001,0.08660254037844387,0.10000000000000002,0.1732050807568877,0.03333333333333333,0.05773502691896258,0.16666666666666666,0.28867513459481287,0.2813333333333334,0.2558228553771796,,,,DET,True,6.075,0.2,0.12,0.06,0.020000000000000004,0.13365,0.10934999999999999,0.3645,0.38,0.32,0.26,0.18,0.243,0.386,0.306,0.186,0.056,0.878,0.076,0.046,0.22,0.9343468306790578,0.5480547417913653,0.42356109358627364,0.25,1.1450397373017236,0.27968553770261345,0.25,0.4422668877499196
3032979,Dennis Schroder,CLE,2026-05-09,1.0,2.0,3.0,6.0,15.0,4,3,5,0,2,0,0,2,1,5,,2,2,,1,2,2,-4,20.0,0.2,0.15,0.25,0.0,0.1,0.25,0.1,0.1,0.394,0.0,16.666666666666668,3.055050463303893,5.0,1.6666666666666667,3.0,0.3333333333333333,1.6666666666666667,0.0,0.0,2.0,1.6666666666666667,6.0,,1.3333333333333333,1.3333333333333333,,0.6666666666666666,1.0,1.3333333333333333,-5.0,0.3017857142857143,0.22758576539899159,0.09464285714285715,0.04814810272397415,0.16964285714285712,0.09061510325975197,0.020833333333333332,0.036084391824351615,0.1017857142857143,0.0402083223185634,0.375,0.12500000000000003,0.075,0.06614378277661487,0.11666666666666663,0.12583057392117922,0.5246666666666667,0.1445867674904357,17.4,2.9664793948382653,8.2,1.0,2.4,0.8,2.4,0.4,0.0,1.6,2.4,6.6,,2.6,2.8,,0.4,0.6,1.4,-3.2,0.44952380952380955,0.30678025153589383,0.05678571428571429,0.06201855384002569,0.13333333333333333,0.08192366372425336,0.04107142857142857,0.06300813844420482,0.13071428571428573,0.092766095473442,0.37976190476190474,0.13124966256300433,0.16404761904761905,0.19373770167975618,0.09499999999999997,0.10368220676663863,0.5469428571428571,0.10719282644289367,13.2,6.373556481449132,5.9,1.3,1.8,0.5,2.0,0.3,0.1,1.4,1.9,5.1,,1.6,1.7,,0.2,1.1,1.2,-2.9,0.44155474155474156,0.2554401455776659,0.1129884004884005,0.12018687411405535,0.12291412291412292,0.10311716225346106,0.04503968253968254,0.07587593181950689,0.1671245421245421,0.10967180840769024,0.3891229141229141,0.11147759954219993,0.11494708994708994,0.16267227819521823,0.1450854700854701,0.18982315985782386,0.5847851037851037,0.19200839323904448,,,,DET,True,16.007833333333334,6.753009848484849,1.569917424242424,2.449731818181818,0.555814393939394,0.36381439393939397,0.12127146464646466,1.6978005050505052,10.772659090909091,8.322927272727274,9.202741666666668,4.019649242424242,0.4850858585858586,5.824,1.87,1.804,0.596,9.498,0.326,0.104,1.052,3.8901187642538626,1.353920233987217,1.3272467743415313,0.7673226179385044,4.369667721921199,0.558322487456846,0.30526054445342266,1.0340676960431556
3908809,Donovan Mitchell,CLE,2026-05-09,1.0,2.0,3.0,6.0,12.0,31,6,3,2,9,2,0,2,11,24,,7,9,,1,5,2,-2,37.0,0.8378378378378378,0.16216216216216217,0.08108108108108109,0.05405405405405406,0.24324324324324326,0.6486486486486487,0.24324324324324326,0.05405405405405406,0.8097297297297298,0.0,35.666666666666664,1.1547005383792526,25.333333333333332,4.333333333333333,2.0,2.6666666666666665,9.333333333333334,1.0,0.0,2.3333333333333335,9.666666666666666,21.0,,3.3333333333333335,4.333333333333333,,1.3333333333333333,3.0,2.6666666666666665,-0.3333333333333333,0.7078507078507078,0.11347498448720487,0.12072072072072072,0.03862805242581325,0.0555984555984556,0.02628887186185201,0.07516087516087516,0.033918283469815444,0.26203346203346206,0.021653772749599027,0.5876447876447877,0.05472828268534354,0.11917631917631917,0.10744510801135121,0.06563706563706563,0.017455837151285403,0.7057194337194336,0.09007555860005566,35.8,3.6331804249169903,23.8,4.6,2.2,2.6,8.6,0.8,0.4,2.4,9.4,21.2,,2.4,3.0,,0.8,3.8,2.6,-2.8,0.6643642406034223,0.10039340602539365,0.1290807408510005,0.032719298234673115,0.06247000962972639,0.026870264113281785,0.07420746136717812,0.029408397127945716,0.2382586295410843,0.04633970379314227,0.5890935602343942,0.04920222541036524,0.08440901731224312,0.09251460359803167,0.06691961153015442,0.01283745014396409,0.6931531393819356,0.06998449214163725,35.2,3.04776785350999,24.7,5.1,3.0,2.7,8.3,0.8,0.3,2.6,9.6,20.8,,2.8,3.3,,1.0,4.1,2.6,1.1,0.7045690359144332,0.1792873627519115,0.14450444006698923,0.03827861025737339,0.08627933276241694,0.03459283748711752,0.0775160239991082,0.03751216396474047,0.2338101120319846,0.06058156440554078,0.588860498947045,0.05815325393654349,0.09544152447378254,0.08917118649951744,0.07468173989023713,0.02957789263289358,0.7055365096057464,0.09316578771850685,,,,DET,True,35.61077777777778,24.766854258675078,4.897692534174554,2.720454679284963,2.772454679284963,0.8986947073256221,0.22467367683140552,2.6960841219768663,32.3850014721346,29.66454679284963,27.48730893796004,7.618147213459517,1.1233683841570277,17.276,5.076,2.264,2.172,24.616,0.748,0.232,1.856,6.127627926041201,2.270291611225307,1.4290920194305192,1.465065186263055,6.743926452742497,0.8393425998958948,0.49616126410674183,1.360611627173603
3912848,Dean Wade,CLE,2026-05-09,1.0,2.0,3.0,6.0,12.0,8,5,0,2,4,0,0,0,3,6,,0,0,,2,3,1,-4,23.0,0.34782608695652173,0.21739130434782608,0.0,0.08695652173913043,0.17391304347826086,0.2608695652173913,0.0,0.0,0.2608695652173913,0.0,24.0,3.605551275463988,6.0,4.0,0.6666666666666666,1.3333333333333333,3.0,0.6666666666666666,0.0,0.6666666666666666,2.3333333333333335,4.666666666666667,,0.0,0.0,,1.6666666666666667,2.3333333333333335,0.6666666666666666,-4.666666666666667,0.25483091787439616,0.08585946121142711,0.1716701173222912,0.05747983401488789,0.027777777777777776,0.02478173808888253,0.056763285024154585,0.026817056074394007,0.12939958592132506,0.05255089087576416,0.20203588681849552,0.082964949254085,0.0,0.0,0.031746031746031744,0.0549857399228215,0.23378191856452726,0.11550254685811649,24.2,3.563705936241092,7.0,4.0,0.6,1.4,4.2,0.8,0.0,0.8,2.8,6.4,,0.0,0.0,,1.6,2.4,1.6,0.0,0.2909937888198758,0.07879608196746975,0.167287784679089,0.04298154846636668,0.026190476190476188,0.024397501823713325,0.05786749482401656,0.02080204496935553,0.17763975155279502,0.07988673939236357,0.27360248447204966,0.1325898652107502,0.0,0.0,0.03333333333333333,0.04641330640385221,0.30693581780538304,0.13592648911078362,23.9,3.9001424475410027,5.8,4.1,0.5,1.2,3.4,0.9,0.0,0.5,2.3,4.9,,0.0,0.2,,1.4,2.7,1.5,1.7,0.24332464210980836,0.08177661532807529,0.1727759878655019,0.037094103322654025,0.021014492753623187,0.02251033814784928,0.050852238128452965,0.0169388991846143,0.14300827050187664,0.07136136214199731,0.20702577473677217,0.12088049771323588,0.00909090909090909,0.02874797872880345,0.02023809523809524,0.03551531878613404,0.23126386997486742,0.13094796112599313,,,,DET,True,24.168333333333333,6.23659009009009,4.150153153153154,0.5305990990990991,1.2905180180180178,0.9797972972972971,0.0,0.5443318318318318,10.917342342342343,10.386743243243243,6.767189189189189,4.680752252252253,0.9797972972972971,8.4,4.052,1.052,1.202,13.504,0.776,0.066,0.646,4.783722399972641,2.0700956499640304,0.9966423631373493,1.088667074913171,5.458020153865319,0.8659237841750278,0.25621085066796057,0.8078886061828078
3934723,Thomas Bryant,CLE,2026-05-09,1.0,2.0,3.0,6.0,9.0,0,0,0,0,0,0,0,0,0,0,,0,0,,0,0,0,0,0.0,,,,,,,,,,0.0,3.3333333333333335,5.77350269189626,1.3333333333333333,0.0,0.0,0.0,0.6666666666666666,0.3333333333333333,0.0,0.0,0.3333333333333333,1.3333333333333333,,0.6666666666666666,0.6666666666666666,,0.0,0.0,0.3333333333333333,-1.0,0.4,,0.0,,0.0,,0.0,,0.2,,0.4,,0.2,,0.0,,0.488,,4.4,4.39317652729776,0.8,0.4,0.2,0.0,0.6,0.4,0.0,0.2,0.2,1.0,,0.4,0.4,,0.2,0.2,0.6,-2.2,0.13333333333333333,0.23094010767585033,0.09523809523809523,0.1649572197684645,0.06666666666666667,0.11547005383792516,0.0,0.0,0.11428571428571428,0.10301575072754256,0.18095238095238098,0.20270282527421687,0.06666666666666667,0.11547005383792516,0.06666666666666667,0.11547005383792516,0.27695238095238095,0.18499229621760988,6.375,8.733147035453895,2.625,1.625,0.375,0.25,1.0,0.25,0.25,0.125,1.0,2.0,,0.375,0.375,,0.375,1.25,0.625,-0.875,0.38769230769230767,0.4178558965670557,0.20073260073260074,0.18655084646739567,0.055384615384615386,0.08743552146697121,0.015384615384615385,0.034401045807689073,0.16600732600732598,0.11978705271142472,0.31113553113553116,0.2552687305771634,0.10666666666666666,0.1534781924429512,0.04,0.0894427190999916,0.39806886446886447,0.2681378634610664,,,,DET,True,7.3875,1.7231,0.7179,0.2353,0.020000000000000004,0.5910000000000001,0.29550000000000004,0.29550000000000004,2.6763,2.441,1.9584000000000001,0.9532,0.8865000000000001,1.258,0.702,0.29,0.136,2.25,0.24,0.092,0.178,1.737652439356041,0.8106762609081383,0.5530822723609933,0.35426543720775244,2.002872936558882,0.47581509013481277,0.309088983951224,0.44532684626013735
4065778,Max Strus,CLE,2026-05-09,1.0,2.0,3.0,6.0,14.0,3,3,1,1,6,0,2,0,1,6,,0,0,,0,3,2,-9,28.0,0.10714285714285714,0.10714285714285714,0.03571428571428571,0.03571428571428571,0.21428571428571427,0.21428571428571427,0.0,0.0,0.21428571428571427,0.0,29.0,1.7320508075688794,11.333333333333334,5.333333333333333,2.6666666666666665,2.3333333333333335,7.333333333333333,1.0,1.0,1.3333333333333333,4.0,9.666666666666666,,1.0,1.0,,1.6666666666666667,3.6666666666666665,2.6666666666666665,0.6666666666666666,0.3909370199692781,0.2857336411361778,0.18125960061443933,0.07549673164769749,0.08947772657450076,0.0647044377139365,0.08102918586789554,0.055447351097472806,0.25268817204301075,0.036016510254050324,0.3337173579109063,0.12537152698340476,0.03341013824884793,0.0323197238228238,0.04416282642089094,0.0489371486121591,0.3925806451612903,0.15810399071783865,26.8,4.086563348340509,9.6,5.0,2.6,1.8,5.6,0.8,0.6,1.0,3.2,7.8,,1.4,1.4,,1.2,3.8,2.4,-0.4,0.3538214712408261,0.20834227592176555,0.18838538999829324,0.0651291781756985,0.09850145075951526,0.05446652325020868,0.06861751152073733,0.055462126577967896,0.20642771804062127,0.08150654799725458,0.2898600443761734,0.11978262774746237,0.04967571257893838,0.06133378515954272,0.03649769585253456,0.04025029729176459,0.34821505376344086,0.13610191530734295,25.0,4.136557881996952,10.4,4.9,2.1,2.0,5.7,0.5,0.3,1.2,3.5,7.8,,1.4,1.6,,1.3,3.6,2.5,-2.1,0.4171427258524033,0.2891800953125896,0.20199184029829192,0.07881215471186735,0.08301140914044139,0.05722772700733791,0.07932300077461368,0.06050199711106986,0.23094076174721337,0.07689951055086054,0.3173862696443342,0.1214121983123449,0.06427619572780863,0.059556764347112025,0.048295652973072326,0.03232369882152252,0.3939634487376423,0.14739423289230094,,,,DET,True,26.75422222222222,10.220043678160918,4.956445977011494,2.2266471264367813,2.0666471264367816,0.5765996168582376,0.34595977011494244,1.2685191570881227,17.403136781609195,15.176489655172412,12.446690804597699,7.183093103448275,0.9225593869731801,11.62,4.488,2.03,1.732,18.138,0.562,0.262,1.07,5.264940645439415,2.0410428706913533,1.4089357685856372,1.2633985911025862,5.924099594031147,0.7470983870950332,0.5189951830219621,1.1068423555321687
4066328,Jarrett Allen,CLE,2026-05-09,1.0,2.0,3.0,6.0,12.0,22,7,3,0,0,1,1,1,7,9,,8,10,,3,4,5,-6,31.0,0.7096774193548387,0.22580645161290322,0.0967741935483871,0.0,0.0,0.2903225806451613,0.3225806451612903,0.03225806451612903,0.4645161290322581,0.0,27.333333333333332,8.144527815247077,15.333333333333334,9.666666666666666,2.0,0.0,0.0,1.0,1.6666666666666667,1.6666666666666667,5.0,8.0,,5.333333333333333,8.0,,4.0,5.666666666666667,3.6666666666666665,3.6666666666666665,0.4958183990442055,0.3338596325603447,0.3227435646790486,0.22110279485435183,0.07097860323666776,0.022481909615596384,0.0,0.0,0.0,0.0,0.2819593787335723,0.05602568261741149,0.24894102313457153,0.22150057354542174,0.05957423699359183,0.029531306686502914,0.45106766590637565,0.16697234446902998,28.2,6.685805860178712,13.8,7.8,1.6,0.0,0.0,0.8,2.0,1.6,5.0,7.4,,3.8,6.4,,3.0,4.8,2.6,3.0,0.45184398060299386,0.24431916726564903,0.25882260939566437,0.1817312197936286,0.05646951488317712,0.025718574122703473,0.0,0.0,0.0,0.0,0.25623445076955514,0.05446072205358212,0.20065873152780173,0.1733941629497242,0.059744542196155104,0.047287455202700786,0.404268834837943,0.1351650945495004,27.6,4.623610902506587,12.0,7.6,1.0,0.0,0.0,1.2,1.8,1.2,4.4,7.1,,3.2,5.5,,2.5,5.1,2.5,3.6,0.41407364707384336,0.20064519798626254,0.2649376825345549,0.16681373506287728,0.03608091128774241,0.031003188227836275,0.0,0.0,0.0,0.0,0.25359330358499366,0.04742407438672159,0.18391037989663914,0.1436797787547793,0.04406325253043829,0.04661496990522093,0.3785771232699532,0.12872149182589138,,,,DET,True,27.961555555555552,13.11597192982456,7.898750877192981,1.4032280701754387,0.0,1.132046783625731,2.037684210526316,1.018842105263158,22.41795087719298,21.01472280701754,14.5192,9.30197894736842,3.1697309941520473,8.784,6.448,1.602,0.678,16.834,0.816,0.714,0.948,4.379651127658458,2.5774592140322996,1.256819796152177,0.8308525741670421,5.409846947927456,0.908924639340358,0.8718967828820107,0.9280603428656997
4066757,Sam Merrill,CLE,2026-05-09,1.0,2.0,3.0,6.0,12.0,0,0,0,0,0,0,0,0,0,0,,0,0,,0,0,0,0,0.0,,,,,,,,,,0.0,10.0,11.789826122551595,4.333333333333333,1.0,1.0,1.0,2.3333333333333335,0.0,0.0,0.3333333333333333,1.3333333333333333,2.6666666666666665,,0.6666666666666666,0.6666666666666666,,0.3333333333333333,0.6666666666666666,1.3333333333333333,2.0,0.28260869565217395,0.39966905023587457,0.06521739130434782,0.09223131928520185,0.11490683229813665,0.03952770826508652,0.06521739130434782,0.09223131928520183,0.15217391304347827,0.21520641166547103,0.1739130434782608,0.2459501847605383,0.043478260869565216,0.061487546190134565,0.07142857142857142,0.10101525445522107,0.264472049689441,0.17198945062897647,14.2,10.2810505299799,4.8,1.0,1.2,1.0,2.4,0.4,0.0,0.8,1.4,3.2,,1.0,1.2,,0.4,0.6,1.4,3.8,0.26690821256038644,0.25818307157526516,0.057367149758454104,0.05424036611808122,0.09308143547273982,0.03633566588383449,0.05434782608695653,0.06521739130434782,0.13949275362318841,0.1292721940210962,0.1890096618357488,0.1551967611772955,0.06521739130434782,0.0832545311092468,0.07134230503795722,0.059713543240051965,0.28904761904761905,0.10451983095869188,17.6,8.085652588244056,5.9,1.3,1.2,1.3,3.2,0.4,0.0,0.5,1.8,4.0,,1.0,1.2,,0.6,0.7,1.7,2.9,0.3085219086363251,0.2296659125562452,0.07073460624185263,0.07375509106995295,0.06985277202668508,0.048242541292600506,0.06694830204873428,0.053042085512201,0.17127460357818863,0.11580452200204078,0.21582458561863593,0.14632315083261477,0.061553037182327804,0.07521590434237722,0.03726324668353654,0.05130676577067777,0.2801711686623967,0.13493721892080726,,,,DET,True,13.98725,4.649198322147651,1.0962184563758388,0.8909204697986577,0.9835694630872484,0.2816224832214765,0.0,0.4693708053691275,6.636337248322148,5.74541677852349,5.540118791946309,1.9871389261744965,0.2816224832214765,5.798,1.498,1.12,0.94,8.416,0.256,0.032,0.492,3.8973319078569637,1.2140823695285259,1.0205880657738458,0.98,4.293127531299297,0.51620151104002,0.25,0.6913291546000356
4278046,Olivier Sarr,CLE,2026-05-09,1.0,27.0,0.0,0.0,6.0,10,6,2,1,2,2,1,2,4,6,,1,3,,2,4,5,18,24.0,0.4166666666666667,0.25,0.08333333333333333,0.041666666666666664,0.08333333333333333,0.25,0.125,0.08333333333333333,0.38833333333333336,0.0,11.333333333333334,12.055427546683417,4.333333333333333,3.6666666666666665,1.6666666666666667,0.6666666666666666,1.0,0.6666666666666666,1.0,0.6666666666666666,1.6666666666666667,2.3333333333333335,,0.3333333333333333,1.0,,0.6666666666666666,3.0,2.3333333333333335,9.666666666666666,0.35833333333333334,0.08249579113843056,0.375,0.1767766952966369,0.19166666666666665,0.15320646925708528,0.07083333333333333,0.04124789556921528,0.09166666666666667,0.011785113019775804,0.175,0.10606601717798214,0.0625,0.08838834764831845,0.041666666666666664,0.05892556509887896,0.2441666666666667,0.2038824552421212,7.0,10.392304845413264,2.6,2.2,1.0,0.4,0.6,0.4,0.6,0.4,1.0,1.4,,0.2,0.6,,0.4,1.8,1.4,6.6,0.2388888888888889,0.21495046802392337,0.25,0.25,0.12777777777777777,0.15485955405295948,0.04722222222222222,0.0502309481111809,0.061111111111111116,0.053575837561071975,0.11666666666666665,0.12583057392117916,0.041666666666666664,0.07216878364870323,0.027777777777777776,0.048112522432468816,0.1627777777777778,0.2016345245276252,7.0,10.392304845413264,2.6,2.2,1.0,0.4,0.6,0.4,0.6,0.4,1.0,1.4,,0.2,0.6,,0.4,1.8,1.4,6.6,0.2388888888888889,0.21495046802392337,0.25,0.25,0.12777777777777777,0.15485955405295948,0.04722222222222222,0.0502309481111809,0.061111111111111116,0.053575837561071975,0.11666666666666665,0.12583057392117916,0.041666666666666664,0.07216878364870323,0.027777777777777776,0.048112522432468816,0.1627777777777778,0.2016345245276252,,,,DET,True,10.85,4.23,3.2099999999999995,1.3499999999999999,0.5700000000000001,0.23869999999999997,0.19529999999999997,0.6509999999999999,8.79,7.4399999999999995,5.58,4.56,0.43399999999999994,3.782,2.32,1.088,0.496,7.19,0.24,0.124,0.544,2.8897190174824954,1.507846145997661,0.998126244520201,0.6999885713352754,3.384361091845845,0.48826222462934815,0.3641757817318444,0.7430100941440836
4431734,Tristan Enaruna,CLE,2026-05-09,1.0,27.0,0.0,0.0,5.0,15,3,3,2,3,3,0,1,4,6,,5,6,,2,1,2,8,28.0,0.5357142857142857,0.10714285714285714,0.10714285714285714,0.07142857142857142,0.10714285714285714,0.21428571428571427,0.21428571428571427,0.03571428571428571,0.3442857142857143,0.0,17.0,9.539392014169456,8.0,1.6666666666666667,1.3333333333333333,0.6666666666666666,1.6666666666666667,1.3333333333333333,0.0,0.3333333333333333,2.6666666666666665,4.0,,2.0,2.3333333333333335,,0.6666666666666666,1.0,0.6666666666666666,11.666666666666666,0.43362193362193363,0.21936440114765743,0.0937950937950938,0.012164296753309784,0.06349206349206349,0.05625970983634057,0.023809523809523808,0.041239304942116126,0.0937950937950938,0.012164296753309784,0.24314574314574314,0.0797739696518614,0.0992063492063492,0.10802109197473174,0.011904761904761904,0.020619652471058063,0.29870129870129875,0.10203701966288145,12.75,11.528949070347508,6.0,1.25,1.0,0.5,1.25,1.0,0.0,0.25,2.0,3.0,,1.5,1.75,,0.5,0.75,0.5,8.75,0.43362193362193363,0.21936440114765743,0.0937950937950938,0.012164296753309784,0.06349206349206349,0.05625970983634057,0.023809523809523808,0.041239304942116126,0.0937950937950938,0.012164296753309784,0.24314574314574314,0.0797739696518614,0.0992063492063492,0.10802109197473174,0.011904761904761904,0.020619652471058063,0.29870129870129875,0.10203701966288145,12.75,11.528949070347508,6.0,1.25,1.0,0.5,1.25,1.0,0.0,0.25,2.0,3.0,,1.5,1.75,,0.5,0.75,0.5,8.75,0.43362193362193363,0.21936440114765743,0.0937950937950938,0.012164296753309784,0.06349206349206349,0.05625970983634057,0.023809523809523808,0.041239304942116126,0.0937950937950938,0.012164296753309784,0.24314574314574314,0.0797739696518614,0.0992063492063492,0.10802109197473174,0.011904761904761904,0.020619652471058063,0.29870129870129875,0.10203701966288145,,,,DET,True,16.3125,7.95,1.6375,1.3999999999999997,0.775,0.358875,0.29362499999999997,0.97875,10.9875,9.5875,9.35,3.0374999999999996,0.6525,6.532,1.98,1.314,0.806,9.826,0.334,0.216,0.826,4.217223731318983,1.395564401953561,1.1186617004260047,0.8765637455427872,4.688680411373759,0.5919831078671081,0.47047210331750805,0.8600720900017625
4432158,Evan Mobley,CLE,2026-05-09,1.0,2.0,3.0,6.0,13.0,9,1,4,1,4,3,3,2,4,10,,0,0,,0,1,3,-6,36.0,0.25,0.027777777777777776,0.1111111111111111,0.027777777777777776,0.1111111111111111,0.2777777777777778,0.0,0.05555555555555555,0.3333333333333333,0.0,32.666666666666664,4.932882862316244,12.0,5.666666666666667,4.333333333333333,1.3333333333333333,3.6666666666666665,1.0,2.0,2.3333333333333335,5.0,9.333333333333334,,0.6666666666666666,1.3333333333333333,,1.3333333333333333,4.333333333333333,3.6666666666666665,-9.333333333333334,0.3771604938271605,0.11741870101853309,0.18139329805996474,0.13303915154252446,0.13403880070546736,0.02003142273650888,0.040652557319223986,0.015012693353044016,0.10934744268077601,0.03442543438437943,0.2837742504409171,0.02799903483148076,0.04938271604938271,0.08553337321327782,0.07742504409171073,0.06271645607659224,0.38292768959435625,0.07779795536660203,34.4,5.079370039680119,17.0,8.0,3.4,2.0,4.2,1.0,1.8,2.0,6.4,11.2,,2.2,4.0,,2.0,6.0,3.2,-6.6,0.49251950398291866,0.17983009264105806,0.23167411630826265,0.1190822881627641,0.1011180328253499,0.0496227339260074,0.05720749891481599,0.025804952534647332,0.11793662525369841,0.03908117046528554,0.32222316075974616,0.0571176121149102,0.11713886835838057,0.11200713209545311,0.061089172796489864,0.056002546587658616,0.4348534356339234,0.09030743558348284,32.5,5.082650227325635,16.0,7.6,3.4,1.2,3.2,0.8,1.3,2.0,6.2,11.4,,2.4,3.7,,2.3,5.3,2.7,-6.7,0.48944157017327755,0.17053103473935843,0.2348711490632222,0.08416041600900075,0.10387341035206887,0.05506879703808293,0.034664355518014056,0.03135361722531655,0.09258573686927345,0.04802896429095079,0.35609264098593363,0.08472845816189496,0.1100845856943418,0.10418766735080022,0.06700291973157826,0.05638118291892159,0.4715327784230223,0.1181114401117717,,,,DET,True,33.71433333333333,15.654158415841582,7.141273927392739,3.7111148514851484,1.3971326732673266,0.8901474147414741,1.335221122112211,1.7802948294829481,26.50654719471947,22.79543234323432,19.36527326732673,10.852388778877888,2.225368536853685,13.854,6.412,2.85,1.762,23.116,0.7,0.602,1.402,5.768247914228375,2.525520936361447,1.5985931314752981,1.262282060396962,6.681806941239772,0.806225774829855,0.7665481067747802,1.07163239965951
4683747,Jaylon Tyson,CLE,2026-05-09,1.0,2.0,3.0,6.0,12.0,7,5,1,0,2,0,0,0,3,7,,1,2,,2,3,1,-3,22.0,0.3181818181818182,0.22727272727272727,0.045454545454545456,0.0,0.09090909090909091,0.3181818181818182,0.09090909090909091,0.0,0.35818181818181816,0.0,19.666666666666668,2.0816659994661317,4.666666666666667,6.333333333333333,2.0,0.3333333333333333,1.6666666666666667,0.0,0.0,0.3333333333333333,2.0,5.333333333333333,,0.3333333333333333,0.6666666666666666,,1.3333333333333333,5.0,1.6666666666666667,8.333333333333334,0.2288676236044657,0.19979060793813888,0.3262449051922736,0.13015933158889575,0.1038454722665249,0.09252626320316353,0.017543859649122816,0.0303868562731381,0.08293460925039872,0.07924885645170548,0.26493000177210707,0.18847770453985382,0.030303030303030304,0.0524863881081478,0.018518518518518517,0.03207501495497931,0.29678185362395887,0.1638395656221608,17.6,3.3615472627943204,5.4,4.8,2.2,0.8,2.8,0.0,0.0,0.6,2.2,5.4,,0.2,0.4,,1.2,3.6,1.6,3.8,0.3228974972396025,0.21909715178301825,0.26113155849997954,0.1420024852170336,0.1305765141291457,0.07590721958106889,0.05379554655870446,0.06299834920059182,0.1737992270887008,0.1364690077107472,0.3108810779863412,0.14741962095259167,0.01818181818181818,0.040655781409087086,0.03611111111111111,0.055207241428754994,0.3549921890974522,0.14642142511409428,17.7,4.398231968012197,7.2,3.9,2.0,1.1,3.2,0.3,0.0,1.0,2.6,6.6,,0.9,1.4,,1.1,2.8,2.3,0.2,0.3940723749934276,0.2508708548785779,0.20661889280310333,0.12825329403342692,0.11730290907922487,0.08066330853371455,0.0655195681511471,0.06898561682660097,0.18703697618171303,0.12439249450081011,0.36370519100782256,0.1552172793367181,0.06733266733266732,0.09923990980804824,0.0512973137973138,0.0597035770444889,0.4446288784315101,0.18486528455520437,,,,DET,True,18.157222222222224,6.207986754966887,4.424880794701987,1.9945143487858719,0.8171832229580573,0.24049300956585723,0.0,0.7214790286975717,12.627381898454745,10.632867549668873,8.202501103752759,6.419395143487859,0.24049300956585723,6.736,3.828,1.872,0.918,12.436,0.2,0.046,0.702,4.076555408675319,1.8347795507907756,1.398433409211894,0.9269714127199393,4.792692771292565,0.44271887242357316,0.25,0.8325839297031861
4701233,Craig Porter Jr.,CLE,2026-05-09,1.0,2.0,3.0,6.0,15.0,0,0,0,0,0,0,0,0,0,0,,0,0,,0,0,0,0,0.0,,,,,,,,,,0.0,0.0,0.0,0.0,0.0,0.0,0.0,0.0,0.0,0.0,0.0,0.0,0.0,,0.0,0.0,,0.0,0.0,0.0,0.0,,,,,,,,,,,,,,,,,,,0.0,0.0,0.0,0.0,0.0,0.0,0.0,0.0,0.0,0.0,0.0,0.0,,0.0,0.0,,0.0,0.0,0.0,0.0,,,,,,,,,,,,,,,,,,,3.3,8.743886753358348,0.7,0.7,0.4,0.1,0.2,0.0,0.1,0.2,0.3,0.6,,0.0,0.0,,0.4,0.3,0.2,0.9,0.08333333333333331,0.1443375672974064,0.08333333333333331,0.14433756729740646,0.047619047619047616,0.08247860988423222,0.011904761904761904,0.020619652471058056,0.12301587301587302,0.1830135326603207,0.17063492063492067,0.16680832981733093,0.0,0.0,0.023809523809523805,0.04123930494211612,0.19444444444444445,0.17347216662217774,,,,DET,True,6.075,0.13999999999999999,0.13999999999999999,0.08000000000000002,0.020000000000000004,0.13365,0.10934999999999999,0.3645,0.36,0.27999999999999997,0.22,0.22,0.243,0.41,0.382,0.236,0.058,1.028,0.138,0.064,0.264,1.03435970532499,0.6165030413550285,0.49830111378563063,0.25,1.2486857090557255,0.3563088547875284,0.25279240494919936,0.5160465095318445
4702177,Keon Ellis,CLE,2026-05-09,1.0,2.0,3.0,6.0,15.0,3,0,0,1,1,0,0,0,1,1,,0,0,,0,0,0,-1,6.0,0.5,0.0,0.0,0.16666666666666666,0.16666666666666666,0.16666666666666666,0.0,0.0,0.16666666666666666,0.0,5.666666666666667,5.507570547286102,2.0,1.0,0.0,0.6666666666666666,1.3333333333333333,0.6666666666666666,0.0,0.0,0.6666666666666666,1.6666666666666667,,0.0,0.0,,0.3333333333333333,0.6666666666666666,0.3333333333333333,-2.0,0.38636363636363635,0.16070608663330627,0.13636363636363633,0.1928473039599675,0.0,0.0,0.12878787878787878,0.053568695544435406,0.21969696969696967,0.07499617376220957,0.26515151515151514,0.13927860841553208,0.0,0.0,0.0,0.0,0.2651515151515152,0.13927860841553208,3.4,4.979959839195495,1.2,0.6,0.0,0.4,0.8,0.4,0.0,0.0,0.4,1.0,,0.0,0.0,,0.2,0.4,0.2,-1.2,0.38636363636363635,0.16070608663330627,0.13636363636363633,0.1928473039599675,0.0,0.0,0.12878787878787878,0.053568695544435406,0.21969696969696967,0.07499617376220957,0.26515151515151514,0.13927860841553208,0.0,0.0,0.0,0.0,0.26515151515151514,0.13927860841553208,6.0,6.182412330330471,0.9,1.2,0.1,0.3,1.0,0.5,0.1,0.2,0.3,1.1,,0.0,0.1,,0.3,0.9,0.6,-1.6,0.1621212121212121,0.2033127840404287,0.2065656565656566,0.18945978653316523,0.041666666666666664,0.10206207261596575,0.054040404040404035,0.0677709280134762,0.2000841750841751,0.15901647021256654,0.21523569023569022,0.17118766151275436,0.011111111111111112,0.027216552697590865,0.029629629629629627,0.04800548665487303,0.24975420875420876,0.18468817706983665,,,,DET,True,8.7,1.4429999999999998,1.3439999999999999,0.095,0.481,0.725,0.145,0.29,2.882,2.787,1.5379999999999998,1.4389999999999998,0.87,1.316,0.888,0.116,0.252,2.32,0.184,0.036,0.166,1.9152399327499414,0.9270684980086423,0.32022492095400695,0.5103880876352818,2.1169789795838785,0.4220710840604934,0.25,0.41284864054517606
5023693,Tyrese Proctor,CLE,2026-05-09,1.0,2.0,3.0,6.0,15.0,0,0,0,0,0,0,0,0,0,0,,0,0,,0,0,0,0,0.0,,,,,,,,,,0.0,0.0,0.0,0.0,0.0,0.0,0.0,0.0,0.0,0.0,0.0,0.0,0.0,,0.0,0.0,,0.0,0.0,0.0,0.0,,,,,,,,,,,,,,,,,,,0.0,0.0,0.0,0.0,0.0,0.0,0.0,0.0,0.0,0.0,0.0,0.0,,0.0,0.0,,0.0,0.0,0.0,0.0,,,,,,,,,,,,,,,,,,,3.8,11.003029885748138,2.4,1.1,0.8,0.4,0.8,0.1,0.0,0.7,0.9,1.6,,0.2,0.2,,0.1,1.0,0.1,1.0,0.6476190476190475,0.026937401188059745,0.15714285714285714,0.22223355980148635,0.1142857142857143,0.16162440712835371,0.05714285714285716,0.08081220356417686,0.1142857142857143,0.16162440712835371,0.2285714285714286,0.32324881425670743,0.33333333333333337,0.4714045207910317,0.1,0.14142135623730953,0.47523809523809535,0.2572521813459629,,,,DET,True,6.25,0.48,0.22000000000000003,0.16000000000000003,0.08000000000000002,0.13749999999999998,0.11249999999999999,0.375,0.86,0.7,0.64,0.38000000000000006,0.24999999999999997,1.196,0.522,0.43,0.174,2.148,0.098,0.062,0.266,1.8356426667518926,0.7358777072313035,0.6396092557178953,0.4095412067179565,2.0702888687330567,0.3104770522921138,0.25,0.5091600927016964
5106268,Nae'Qwan Tomlin,CLE,2026-05-09,1.0,2.0,3.0,6.0,15.0,0,0,0,0,0,0,0,0,0,0,,0,0,,0,0,0,0,0.0,,,,,,,,,,0.0,0.0,0.0,0.0,0.0,0.0,0.0,0.0,0.0,0.0,0.0,0.0,0.0,,0.0,0.0,,0.0,0.0,0.0,0.0,,,,,,,,,,,,,,,,,,,0.0,0.0,0.0,0.0,0.0,0.0,0.0,0.0,0.0,0.0,0.0,0.0,,0.0,0.0,,0.0,0.0,0.0,0.0,,,,,,,,,,,,,,,,,,,4.1,11.259070417519673,2.8,0.9,0.6,0.4,0.8,0.0,0.0,0.2,1.0,1.8,,0.4,0.4,,0.7,0.2,0.3,0.1,0.5740740740740741,0.516198513509865,0.1851851851851852,0.16972502573910514,0.1574074074074074,0.16743649370393632,0.03703703703703704,0.06415002990995841,0.07407407407407408,0.12830005981991682,0.4259259259259259,0.08486251286955267,0.03703703703703704,0.06415002990995841,0.1759259259259259,0.2809998315832133,0.6181481481481481,0.34376336487299897,,,,DET,True,6.075,0.5599999999999999,0.18000000000000002,0.12,0.08000000000000002,0.13365,0.10934999999999999,0.3645,0.86,0.74,0.6799999999999999,0.30000000000000004,0.243,1.234,0.438,0.3,0.172,1.972,0.106,0.06,0.232,1.7581933909556138,0.679820564560973,0.5709640969448079,0.41763141644277674,1.9695725424568653,0.3078376195334157,0.25,0.48803278578390613
5177362,Riley Minix,CLE,2026-05-09,1.0,27.0,0.0,0.0,6.0,12,1,1,1,5,1,1,1,5,9,,1,1,,0,1,2,16,25.0,0.48,0.04,0.04,0.04,0.2,0.36,0.04,0.04,0.41759999999999997,0.0,11.0,12.767145334803704,5.333333333333333,0.3333333333333333,0.3333333333333333,0.3333333333333333,2.0,0.3333333333333333,0.3333333333333333,0.3333333333333333,2.0,3.6666666666666665,,1.0,1.0,,0.0,0.3333333333333333,0.6666666666666666,8.0,0.49,0.014142135623730963,0.02,0.0282842712474619,0.02,0.0282842712474619,0.02,0.0282842712474619,0.1625,0.05303300858899107,0.305,0.07778174593052022,0.145,0.14849242404917498,0.02,0.0282842712474619,0.3888,0.040729350596345124,6.8,10.709808588392232,3.2,0.2,0.2,0.2,1.2,0.2,0.2,0.2,1.2,2.2,,0.6,0.6,,0.0,0.2,0.4,5.6,0.32666666666666666,0.2830783166074953,0.013333333333333334,0.023094010767585032,0.013333333333333334,0.023094010767585032,0.013333333333333334,0.023094010767585032,0.10833333333333334,0.10103629710818451,0.20333333333333334,0.1844812546936228,0.09666666666666666,0.13428824718989124,0.013333333333333334,0.023094010767585032,0.2592,0.2263137644952246,6.8,10.709808588392232,3.2,0.2,0.2,0.2,1.2,0.2,0.2,0.2,1.2,2.2,,0.6,0.6,,0.0,0.2,0.4,5.6,0.32666666666666666,0.2830783166074953,0.013333333333333334,0.023094010767585032,0.013333333333333334,0.023094010767585032,0.013333333333333334,0.023094010767585032,0.10833333333333334,0.10103629710818451,0.20333333333333334,0.1844812546936228,0.09666666666666666,0.13428824718989124,0.013333333333333334,0.023094010767585032,0.2592,0.2263137644952246,,,,DET,True,10.79,5.16,0.36,0.36,0.36,0.23737999999999998,0.19421999999999998,0.6474,5.880000000000001,5.5200000000000005,5.5200000000000005,0.72,0.4316,4.056,0.574,0.444,0.464,5.074,0.182,0.14,0.514,3.071947916225143,0.7723496617465434,0.6832744690093434,0.6728328172733551,3.2416853641277403,0.4391765021036531,0.3693237062523877,0.7414876937616699
6440,Tobias Harris,DET,2026-05-09,0.0,2.0,3.0,7.0,15.0,21,7,0,2,3,2,2,1,9,16,,1,2,,1,6,2,8,37.0,0.5675675675675675,0.1891891891891892,0.0,0.05405405405405406,0.08108108108108109,0.43243243243243246,0.05405405405405406,0.02702702702702703,0.4832432432432432,0.0,37.333333333333336,1.5275252316519452,23.666666666666668,8.0,1.0,2.6666666666666665,5.0,2.3333333333333335,1.0,1.3333333333333333,8.666666666666666,16.0,,3.6666666666666665,4.333333333333333,,1.3333333333333333,6.666666666666667,1.6666666666666667,12.0,0.6379071379071379,0.17144345538671746,0.21477246477246478,0.0315316901851371,0.027065527065527062,0.02780515854122954,0.07286132286132287,0.058919900310025426,0.13457688457688458,0.05694964879355493,0.4304689304689305,0.07053332093162598,0.11417186417186419,0.08011935483329309,0.03536228536228536,0.013792030919249857,0.516066836066836,0.042776796502548155,36.2,3.1144823004794904,23.2,8.4,0.8,2.2,5.0,1.8,0.6,1.0,8.4,17.2,,4.2,5.8,,1.0,7.4,2.4,11.2,0.6469208532026869,0.1347939470586043,0.2331079610366537,0.03362623380297687,0.022690929142542043,0.023505708607578592,0.06069472240949321,0.04544459703690059,0.13694307471896605,0.05087011047201022,0.4796735484341596,0.08599992334671581,0.16103282987833073,0.08568655184102723,0.027668984120597023,0.018334620441146872,0.5781969777012221,0.09480362171261696,34.5,5.016638981097468,21.6,7.6,1.1,1.8,5.0,1.8,0.8,1.1,7.9,16.3,,4.0,5.0,,1.1,6.5,2.2,6.8,0.645927579331654,0.1926467216846485,0.22029970847458116,0.05392165055657159,0.032517713375098775,0.02770752953991899,0.056570115059079405,0.05895181869183186,0.14526389704657955,0.04418643643850483,0.47824073867367584,0.06879277502903308,0.14255598355768134,0.06933966293307924,0.030686850228446156,0.023868236133238786,0.5716522216675017,0.06748395494135281,,,,CLE,False,36.16911111111111,21.975943034055724,8.001478637770898,0.9918720330237359,1.83262084623323,1.6796800825593396,0.895829377364981,1.231765393876849,30.969293704850358,29.977421671826622,22.96781506707946,8.993350670794634,2.5755094599243207,19.28,7.62,1.864,2.118,28.764,1.268,0.308,1.228,6.560609727761589,2.6697565432076384,1.365834543420249,1.4339023676666414,7.259772999205967,1.1082310228467709,0.5414203542535134,1.0256783121427497
2596112,Javonte Green,DET,2026-05-09,0.0,2.0,3.0,7.0,15.0,0,0,0,0,0,0,0,0,0,0,,0,0,,0,0,0,0,4.0,0.0,0.0,0.0,0.0,0.0,0.0,0.0,0.0,0.0,0.0,7.0,6.082762530298218,2.0,1.0,0.0,0.6666666666666666,2.6666666666666665,0.0,0.0,0.0,0.6666666666666666,2.6666666666666665,,0.0,0.0,,0.0,1.0,1.0,-0.3333333333333333,0.4047619047619047,0.5265081997022852,0.15873015873015872,0.16723259925163078,0.0,0.0,0.1349206349206349,0.1755027332340951,0.4523809523809524,0.5067570631855419,0.4523809523809524,0.5067570631855419,0.0,0.0,0.0,0.0,0.45238095238095233,0.5067570631855419,9.6,5.683308895353127,2.2,1.2,0.2,0.6,2.4,0.2,0.0,0.0,0.8,2.6,,0.0,0.0,,0.0,1.2,0.6,0.4,0.3095238095238095,0.4117051539473948,0.13857142857142857,0.12271032201592373,0.013333333333333332,0.029814239699997188,0.09428571428571428,0.13802954102296847,0.32476190476190475,0.4096677487905205,0.33809523809523806,0.408387126818995,0.0,0.0,0.0,0.0,0.3380952380952381,0.408387126818995,12.8,7.208020224413605,3.3,2.1,0.4,0.8,2.6,0.7,0.5,0.3,1.0,2.8,,0.5,0.6,,0.2,1.9,1.1,0.0,0.3289562781634393,0.3067801793662192,0.16978443551333577,0.10859122118115387,0.03934782608695652,0.06480460707168306,0.07838752892461331,0.10435567999555578,0.2554627938131774,0.2886048623267917,0.2680118134210206,0.28832185356940865,0.08869565217391304,0.25141648702400177,0.013043478260869565,0.029345589465676215,0.3200813786384119,0.2931383718884063,,,,CLE,False,10.11411111111111,2.2244879310344827,1.3976586206896553,0.21694310344827583,0.5418862068965518,0.5231436781609194,0.43595306513409965,0.2615718390804597,3.839089655172414,3.6221465517241382,2.4414310344827586,1.6146017241379311,0.959096743295019,4.106,1.846,0.486,0.61,6.438,0.408,0.142,0.286,3.256188569478125,1.352879891195076,0.6998599859971992,0.8184741901856161,3.601410279321144,0.661465040648408,0.37661120535639936,0.5368463467324706
2991043,Caris LeVert,DET,2026-05-09,0.0,2.0,3.0,7.0,15.0,8,2,1,2,3,0,0,0,3,5,,0,0,,1,1,0,-1,13.0,0.6153846153846154,0.15384615384615385,0.07692307692307693,0.15384615384615385,0.23076923076923078,0.38461538461538464,0.0,0.0,0.38461538461538464,0.0,7.333333333333333,6.658328118479389,2.6666666666666665,1.3333333333333333,0.3333333333333333,0.6666666666666666,1.0,0.0,0.0,0.0,1.0,2.0,,0.0,0.0,,0.3333333333333333,1.0,0.3333333333333333,4.0,0.30769230769230776,0.43514263457633695,0.18803418803418803,0.04834918161959298,0.038461538461538464,0.05439282932204212,0.07692307692307693,0.10878565864408424,0.11538461538461536,0.16317848796612636,0.24786324786324787,0.193396726478372,0.0,0.0,0.0,0.0,0.24786324786324793,0.193396726478372,10.4,9.476286192385707,2.0,1.4,0.6,0.4,1.0,0.0,0.0,0.2,0.8,2.4,,0.0,0.0,,0.4,1.0,1.0,2.4,0.17384615384615384,0.29676493729531056,0.12401709401709402,0.09297024016472194,0.039230769230769236,0.04531720330280083,0.038461538461538464,0.07692307692307693,0.11769230769230771,0.11467129938809037,0.26393162393162395,0.14970533797034902,0.0,0.0,0.01,0.020000000000000098,0.27393162393162396,0.14156333651516723,11.3,8.641630504585217,2.7,1.7,0.7,0.4,1.0,0.0,0.3,0.6,1.0,2.7,,0.3,0.4,,0.2,1.5,0.8,1.0,0.3044078144078144,0.28180828812513864,0.19638854972188305,0.22650530726734167,0.05854700854700855,0.08541617958200466,0.052808302808302815,0.09094794408076273,0.10833943833943833,0.09926463170114425,0.2620648487315154,0.11617048106330162,0.031746031746031744,0.09523809523809523,0.05698412698412699,0.08780905898027985,0.33301722968389635,0.13651688791779182,,,,CLE,False,10.86375,2.678659090909091,1.7312954545454546,0.7008863636363636,0.4855227272727273,0.0,0.32920454545454547,0.43893939393939396,5.110840909090909,4.4099545454545455,3.379545454545455,2.4321818181818182,0.32920454545454547,4.18,1.944,1.07,0.55,7.194,0.036,0.132,0.45,3.131070104612798,1.3374842055142184,0.9965440281292139,0.6982120021884471,3.5060467766417487,0.25,0.36684601674272005,0.6568865959965997
3157465,Duncan Robinson,DET,2026-05-09,0.0,2.0,3.0,7.0,14.0,17,3,3,5,9,3,0,1,6,12,,0,0,,0,3,1,5,37.0,0.4594594594594595,0.08108108108108109,0.08108108108108109,0.13513513513513514,0.24324324324324326,0.32432432432432434,0.0,0.02702702702702703,0.35135135135135137,0.0,33.666666666666664,4.93288286231625,15.333333333333334,3.0,2.6666666666666665,4.0,9.0,2.6666666666666665,0.0,0.6666666666666666,5.666666666666667,12.333333333333334,,0.0,0.3333333333333333,,0.3333333333333333,2.6666666666666665,2.6666666666666665,8.666666666666666,0.471936221936222,0.20068791650358977,0.08258258258258258,0.08334347799626377,0.07861432861432861,0.006324119685888276,0.1230873730873731,0.06238659857079862,0.2689117689117689,0.022581008548188945,0.37133562133562137,0.052870314383167805,0.011904761904761904,0.020619652471058063,0.01826826826826827,0.015825236990753156,0.39484198484198485,0.04675230975122022,32.4,5.504543577809154,14.4,3.4,2.4,3.8,8.4,1.6,0.0,1.0,5.2,11.2,,0.2,0.6,,0.4,3.0,2.6,10.4,0.456939510939511,0.14695973683329547,0.10132732732732733,0.06462566562006936,0.07183526383526383,0.018463110268061845,0.12007464607464606,0.04441777646873647,0.2593470613470613,0.02095191593324216,0.3479124839124839,0.04952193080893081,0.023142857142857142,0.03534667954846737,0.030072072072072076,0.020413459332865338,0.38816741312741315,0.03635487386095846,29.9,5.152130088074681,11.7,2.6,2.4,3.0,7.1,1.1,0.2,1.0,4.1,9.4,,0.5,0.8,,0.4,2.2,2.7,6.5,0.39509644774299946,0.124719377927637,0.08195284861664172,0.07109393038011434,0.08048244210744211,0.04026660146051708,0.0996588006975938,0.04409589701170158,0.23253101801377665,0.054445449439193695,0.3117353809207257,0.05415742186463021,0.028289408866995075,0.03267790017069651,0.033125920289713395,0.02069872571567231,0.35730864111191696,0.04821202957630829,,,,CLE,False,32.20272222222222,13.34534440433213,2.898076534296029,2.5625701564380265,3.574842478941035,1.2788084636983554,0.2325106297633373,1.046297833935018,18.805991095066187,16.24342093862816,15.907914560770156,5.460646690734055,1.5113190934616927,19.062,4.338,2.842,3.066,26.242,1.12,0.174,1.12,6.535300758190093,1.9949325803144327,1.5814664081162142,1.7139556587029898,6.920074855086468,1.1285388783732706,0.4046282244233588,1.0380751417888783
4066372,Kevin Huerter,DET,2026-05-09,0.0,6.0,1.0,3.0,10.0,0,0,0,0,0,0,0,0,0,0,,0,0,,0,0,0,0,0.0,,,,,,,,,,0.0,6.0,7.937253933193775,0.0,0.6666666666666666,1.6666666666666667,0.0,0.3333333333333333,0.3333333333333333,0.0,0.0,0.0,0.6666666666666666,,0.0,0.0,,0.0,0.6666666666666666,0.3333333333333333,1.6666666666666667,0.0,0.0,0.2,0.18856180831641264,0.16666666666666669,0.2357022603955158,0.0,0.0,0.033333333333333326,0.04714045207910361,0.06666666666666665,0.09428090415820682,0.0,0.0,0.0,0.0,0.06666666666666665,0.09428090415820649,8.4,7.765307463326868,1.2,1.0,1.2,0.4,1.0,0.4,0.0,0.4,0.4,1.4,,0.0,0.0,,0.0,1.0,0.4,1.6,0.16666666666666663,0.23570226039551584,0.16944444444444443,0.11666666666666668,0.09722222222222221,0.15957118462605635,0.05555555555555555,0.07856742013183861,0.12777777777777777,0.14444444444444443,0.15833333333333335,0.13709958532503405,0.0,0.0,0.08333333333333333,0.16666666666666666,0.24166666666666664,0.2923404914871749,15.0,10.452272480183437,5.333333333333333,2.0,2.5555555555555554,1.1111111111111112,3.111111111111111,1.1111111111111112,0.1111111111111111,0.8888888888888888,2.0,5.0,,0.2222222222222222,0.2222222222222222,,0.1111111111111111,1.8888888888888888,0.7777777777777778,0.1111111111111111,0.30755208333333334,0.2681828583465258,0.15737847222222223,0.08575751253528158,0.14032986111111112,0.11730794882852302,0.07105902777777778,0.06240927884432416,0.1884201388888889,0.12363070420561609,0.28041666666666665,0.16744342802063503,0.0125,0.03535533905932738,0.06729166666666667,0.11766220651198855,0.35320833333333335,0.2377121567031111,,,,CLE,False,8.875,1.3553809523809521,1.0139285714285715,1.33315873015873,0.39846031746031746,0.4226190476190476,0.0,0.4226190476190476,3.7024682539682536,2.3693095238095236,2.688539682539682,2.3470873015873015,0.4226190476190476,3.612,1.584,1.69,0.652,6.886,0.402,0.018,0.446,3.0655270346222685,1.2549677286687495,1.2719669807035088,0.7841530462862464,3.660191798253201,0.6575682474085864,0.25,0.6863555929691256
4278562,Paul Reed,DET,2026-05-09,0.0,2.0,3.0,7.0,15.0,0,0,0,0,0,0,0,0,0,0,,0,0,,0,0,0,0,0.0,,,,,,,,,,0.0,0.6666666666666666,1.154700538379258,0.0,0.0,0.0,0.0,0.0,0.0,0.0,0.0,0.0,0.3333333333333333,,0.0,0.0,,0.0,0.0,0.3333333333333333,-1.6666666666666667,0.0,,0.0,,0.0,,0.0,,0.0,,0.5,,0.0,,0.0,,0.5,,2.6,4.774934554525327,1.2,1.2,0.0,0.0,0.4,0.0,0.6,0.2,0.4,1.0,,0.4,0.4,,0.6,0.6,0.6,0.4,0.2727272727272727,0.38569460791993465,0.27272727272727276,0.38569460791993493,0.0,0.0,0.0,0.0,0.09090909090909091,0.128564869306645,0.43181818181818177,0.09642365197998398,0.09090909090909091,0.128564869306645,0.045454545454545456,0.0642824346533225,0.5172727272727272,0.024427325168262796,4.3,7.257945837341153,3.6,1.7,0.3,0.0,0.2,0.3,0.6,0.1,1.5,1.9,,0.6,0.6,,0.6,1.1,0.7,3.1,0.45974025974025984,0.49090221942555645,0.3064935064935065,0.32109716616061423,0.02727272727272727,0.06098367211363062,0.0,0.0,0.03636363636363637,0.08131156281817417,0.35844155844155845,0.20826852874136254,0.07272727272727272,0.09958591954639383,0.01818181818181818,0.040655781409087086,0.4086233766233766,0.23502499481305827,,,,CLE,False,7.0375,2.4667142857142856,2.5157857142857143,0.024,0.0,0.0,1.0053571428571428,0.3351190476190476,5.0065,4.9825,2.4907142857142857,2.5397857142857143,1.0053571428571428,1.56,1.1,0.124,0.144,2.784,0.006,0.078,0.168,1.8542923178398814,1.0285912696499033,0.37499866666429627,0.3623037399751761,2.139472832264995,0.25,0.26817158686184484,0.41925648474412414
4397882,Tolu Smith,DET,2026-05-09,0.0,2.0,3.0,7.0,15.0,0,0,0,0,0,0,0,0,0,0,,0,0,,0,0,0,0,0.0,,,,,,,,,,0.0,0.3333333333333333,0.5773502691896258,0.0,0.0,0.0,0.0,0.0,0.0,0.0,0.0,0.0,0.0,,0.0,0.0,,0.0,0.0,0.0,0.0,0.0,,0.0,,0.0,,0.0,,0.0,,0.0,,0.0,,0.0,,0.0,,0.2,0.4472135954999579,0.0,0.0,0.0,0.0,0.0,0.0,0.0,0.0,0.0,0.0,,0.0,0.0,,0.0,0.0,0.0,0.0,0.0,,0.0,,0.0,,0.0,,0.0,,0.0,,0.0,,0.0,,0.0,,0.7,1.8885620632287063,0.5,0.3,0.1,0.0,0.0,0.0,0.0,0.0,0.1,0.2,,0.3,0.4,,0.2,0.1,0.1,-0.4,0.4166666666666667,0.5892556509887896,0.25,0.35355339059327373,0.08333333333333333,0.11785113019775793,0.0,0.0,0.0,0.0,0.16666666666666663,0.2357022603955159,0.3333333333333333,0.47140452079103173,0.0,0.0,0.31333333333333324,0.4431202495435696,,,,CLE,False,5.55,0.1,0.06,0.020000000000000004,0.0,0.12209999999999999,0.09989999999999999,0.33299999999999996,0.18,0.16,0.12000000000000001,0.08,0.22199999999999998,0.01,0.074,0.044,0.002,0.128,0.026,0.008,0.062,0.25,0.2617708921939183,0.25,0.25,0.37896701703446434,0.25,0.25,0.25
4432107,Marcus Sasser,DET,2026-05-09,0.0,2.0,3.0,7.0,15.0,0,0,0,0,0,0,0,0,0,0,,0,0,,0,0,0,0,0.0,,,,,,,,,,0.0,0.3333333333333333,0.5773502691896258,0.0,0.0,0.3333333333333333,0.0,0.0,0.0,0.0,0.0,0.0,0.0,,0.0,0.0,,0.0,0.0,0.0,0.0,0.0,,0.0,,1.0,,0.0,,0.0,,0.0,,0.0,,0.0,,0.0,,0.2,0.4472135954999579,0.0,0.0,0.2,0.0,0.0,0.0,0.0,0.0,0.0,0.0,,0.0,0.0,,0.0,0.0,0.0,0.0,0.0,,0.0,,1.0,,0.0,,0.0,,0.0,,0.0,,0.0,,0.0,,0.9,2.1832697191750436,0.3,0.0,0.1,0.1,0.3,0.0,0.0,0.0,0.1,0.4,,0.0,0.0,,0.0,0.0,0.1,-0.1,0.14285714285714285,0.24743582965269667,0.0,0.0,0.3333333333333333,0.5773502691896257,0.047619047619047616,0.08247860988423224,0.14285714285714282,0.24743582965269667,0.19047619047619047,0.329914439536929,0.0,0.0,0.0,0.0,0.19047619047619047,0.32991443953692895,,,,CLE,False,5.55,0.06,0.0,0.19,0.020000000000000004,0.12209999999999999,0.09989999999999999,0.33299999999999996,0.25,0.06,0.25,0.19,0.22199999999999998,0.006,0.002,0.142,0.0,0.15,0.054,0.026,0.084,0.25,0.25,0.36583602884352434,1.3,0.38923000912057126,0.25,0.25,0.27738781516137295
4432166,Cade Cunningham,DET,2026-05-09,0.0,2.0,3.0,7.0,13.0,25,3,10,3,6,1,2,5,7,14,,8,8,,0,3,3,13,42.0,0.5952380952380952,0.07142857142857142,0.23809523809523808,0.07142857142857142,0.14285714285714285,0.3333333333333333,0.19047619047619047,0.11904761904761904,0.5361904761904762,0.0,41.0,1.7320508075688743,26.666666666666668,2.3333333333333335,9.666666666666666,3.0,5.666666666666667,1.0,1.3333333333333333,4.333333333333333,7.666666666666667,17.0,,8.333333333333334,9.666666666666666,,0.0,2.3333333333333335,3.0,18.0,0.6544566544566544,0.14576652955322436,0.05616605616605616,0.026435451885972013,0.23748473748473753,0.07051480262980102,0.07387057387057387,0.027553807317208176,0.13858363858363856,0.01778852537769688,0.4157509157509158,0.07152243292954823,0.23626373626373623,0.03974823152785835,0.10561660561660562,0.012194740143734926,0.6253235653235653,0.07751124633943265,41.8,1.7888543819998273,31.4,4.2,7.4,3.2,5.8,1.6,1.0,4.6,9.2,19.4,,9.8,11.0,,0.8,3.4,3.0,12.8,0.7496003996003997,0.19000160864562174,0.0995004995004995,0.08110733943034652,0.1795038295038295,0.0949326291621412,0.07657342657342657,0.030628247574390546,0.13856143856143857,0.03309426937794877,0.46351981351981353,0.08314854780507334,0.26253746253746246,0.0470750181724602,0.10969030969030968,0.017801274023097276,0.6887266067266067,0.10323674056197528,38.8,6.232531142677463,28.2,5.4,8.1,2.7,7.0,0.9,0.8,5.4,8.8,20.1,,7.9,9.3,,0.7,4.7,2.5,10.4,0.707047577230504,0.2064778520467074,0.15010214735824493,0.10153724671418678,0.23045384301481864,0.1637293859034879,0.06804425139790994,0.026796137025013083,0.18536503487723,0.06367746853264365,0.5202286326066814,0.09120333564825128,0.22798259804357368,0.08821655864299034,0.14190993197090757,0.05247397090134254,0.7624509077167614,0.11465582956234378,,,,CLE,False,40.87683333333332,29.78008060109289,4.562515300546448,7.933750546448087,2.946291256830601,1.005168032786885,0.8934826958105644,5.5842668488160285,42.27634644808743,34.34259590163934,37.71383114754098,12.496265846994534,1.8986507285974494,22.992,5.51,4.398,2.836,32.9,0.858,0.278,2.884,7.595784093824679,2.298238455861358,2.0822094034942786,1.7137981211332916,8.235168486436692,0.9153338188879508,0.5222221749408962,1.6966272425020175
4432810,Isaiah Stewart,DET,2026-05-09,0.0,2.0,3.0,7.0,13.0,2,2,0,0,0,0,0,0,1,1,,0,0,,2,0,5,4,15.0,0.13333333333333333,0.13333333333333333,0.0,0.0,0.0,0.06666666666666667,0.0,0.0,0.06666666666666667,0.0,12.0,3.6055512754639896,2.6666666666666665,2.0,0.3333333333333333,0.0,0.0,0.0,0.0,1.0,1.0,1.6666666666666667,,0.6666666666666666,0.6666666666666666,,1.0,1.0,3.0,-1.0,0.19829059829059828,0.23752688810504954,0.16303418803418804,0.05880806170798064,0.025641025641025644,0.04441155916843275,0.0,0.0,0.0,0.0,0.15683760683760684,0.09170326804987829,0.05128205128205129,0.0888231183368655,0.09294871794871795,0.08177788988572483,0.27235042735042736,0.1781274657064694,12.8,5.0695167422546294,2.6,2.2,0.2,0.0,0.2,0.0,0.2,0.6,0.8,1.6,,1.0,1.2,,0.8,1.4,2.4,-0.2,0.16897435897435897,0.19399346593576902,0.14782051282051284,0.09987829543374688,0.015384615384615385,0.034401045807689073,0.0,0.0,0.01,0.022360679774997894,0.12410256410256411,0.09500769891638232,0.07076923076923076,0.09826904260105424,0.05576923076923077,0.07704317547696203,0.21101025641025642,0.17320537835203723,14.5,4.196559437338057,5.3,3.1,0.2,0.3,0.6,0.1,1.4,1.0,1.9,3.0,,1.2,1.8,,1.1,2.0,3.0,-1.1,0.3289531237596254,0.2974925091220339,0.19827171151861556,0.09319342980287341,0.013574660633484165,0.02893412683748247,0.01801470588235294,0.029023685623673866,0.03416021671826626,0.04056293752017096,0.19904818607604985,0.14477252291260168,0.10876567833611177,0.08586615397990952,0.07016402714932127,0.07666785716090291,0.31706911169326035,0.20303014635484742,,,,CLE,False,13.577277777777777,3.582809114583333,2.5707307291666663,0.21128697916666667,0.15128697916666664,0.10607248263888888,1.3789422743055555,0.8485798611111111,6.364826822916666,6.15353984375,3.79409609375,2.782017708333333,1.4850147569444443,5.132,3.108,0.534,0.508,8.774,0.198,0.278,0.746,3.482897644203746,1.8634205107811816,0.7272166114714378,0.6970910987812139,3.966222888340997,0.43680201464736856,0.5106035644215579,0.8446798209972817
4433621,Jalen Duren,DET,2026-05-09,0.0,2.0,3.0,7.0,14.0,8,10,1,0,0,0,0,2,2,7,,4,6,,2,8,3,6,33.0,0.24242424242424243,0.30303030303030304,0.030303030303030304,0.0,0.0,0.21212121212121213,0.18181818181818182,0.06060606060606061,0.3527272727272727,0.0,35.0,1.9999999999999947,11.333333333333334,12.333333333333334,2.6666666666666665,0.0,0.0,0.3333333333333333,0.6666666666666666,1.6666666666666667,3.6666666666666665,9.0,,4.0,5.333333333333333,,5.0,7.333333333333333,2.0,16.666666666666668,0.32070512070512075,0.08167999421985911,0.3504309504309504,0.051606078299479045,0.07522327522327521,0.04229666912813169,0.0,0.0,0.0,0.0,0.2565500565500565,0.0523660179497825,0.15275535275535276,0.03473506283523861,0.047743847743847746,0.016923901446078988,0.37150625950625954,0.020358765207484066,33.0,3.3911649915626336,10.8,11.0,2.2,0.0,0.0,0.2,0.8,2.0,3.8,7.8,,3.2,4.2,,5.0,6.0,3.2,11.2,0.3281373581373581,0.08617048017143346,0.3307942845442845,0.047501377057692876,0.06566967941967941,0.03560094516135889,0.0,0.0,0.0,0.0,0.23428717678717675,0.04888866313306997,0.12647464022464022,0.05878178976544928,0.06257488007488007,0.028368228827699644,0.35251089856089857,0.05196047988992352,31.0,4.320493798938574,11.3,9.7,2.4,0.0,0.0,0.3,1.1,2.4,4.2,8.2,,2.9,3.8,,4.0,5.7,3.6,4.8,0.3819345012691787,0.19730057938700202,0.31478313933959096,0.06184776761359922,0.07992808398050333,0.05064623338812633,0.0,0.0,0.0,0.0,0.27335828916474075,0.10691918187609575,0.12302437072598363,0.051923021901321496,0.07915489143311724,0.029052472685583676,0.4066439037172908,0.11781713481521984,,,,CLE,False,32.78,10.607125,10.405666666666667,2.2458333333333336,0.0,0.3414583333333333,1.252013888888889,2.504027777777778,23.258625,21.012791666666665,12.852958333333333,12.6515,1.5934722222222222,10.846,8.708,3.07,0.64,22.624,0.526,0.384,2.006,4.857806500880824,2.9021950313512703,1.7711860433054456,0.7657675887630657,5.763212992767142,0.7247923840659476,0.6201161181585269,1.4035540602342327
4592187,Wendell Moore Jr.,DET,2026-05-09,0.0,31.0,0.0,0.0,2.0,0,0,1,0,0,0,0,0,0,0,,0,0,,0,0,2,-1,5.0,0.0,0.0,0.2,0.0,0.0,0.0,0.0,0.0,0.0,0.0,5.0,,0.0,0.0,1.0,0.0,0.0,0.0,0.0,0.0,0.0,0.0,,0.0,0.0,,0.0,0.0,2.0,-1.0,0.0,,0.0,,0.2,,0.0,,0.0,,0.0,,0.0,,0.0,,0.0,,5.0,,0.0,0.0,1.0,0.0,0.0,0.0,0.0,0.0,0.0,0.0,,0.0,0.0,,0.0,0.0,2.0,-1.0,0.0,,0.0,,0.2,,0.0,,0.0,,0.0,,0.0,,0.0,,0.0,,5.0,,0.0,0.0,1.0,0.0,0.0,0.0,0.0,0.0,0.0,0.0,,0.0,0.0,,0.0,0.0,2.0,-1.0,0.0,,0.0,,0.2,,0.0,,0.0,,0.0,,0.0,,0.0,,0.0,,,,,CLE,False,8.0,0.0,0.0,1.0,0.0,0.176,0.144,0.48,1.0,0.0,1.0,1.0,0.31999999999999995,0.304,0.088,1.056,0.014,1.448,0.172,0.054,0.416,0.8096814188308881,0.2902688409044278,0.9637759075635787,0.25,1.3112192799070643,0.4030086847699439,0.2511652842253483,0.609051721941577
4683771,Ronald Holland II,DET,2026-05-09,0.0,2.0,3.0,7.0,15.0,2,2,0,0,2,1,1,0,0,3,,2,2,,1,1,2,2,9.0,0.2222222222222222,0.2222222222222222,0.0,0.0,0.2222222222222222,0.3333333333333333,0.2222222222222222,0.0,0.4311111111111111,0.0,6.666666666666667,4.932882862316248,2.6666666666666665,1.0,0.0,0.3333333333333333,1.3333333333333333,0.6666666666666666,0.3333333333333333,0.0,0.6666666666666666,2.0,,1.0,1.6666666666666667,,0.3333333333333333,0.6666666666666666,1.3333333333333333,3.3333333333333335,0.2740740740740741,0.3033421515473077,0.1074074074074074,0.11129614223197569,0.0,0.0,0.03333333333333333,0.05773502691896258,0.14074074074074075,0.12239045660635782,0.2111111111111111,0.18358568490953672,0.17407407407407405,0.15568777449617557,0.0,0.0,0.28770370370370374,0.2491591125656166,4.0,5.049752469181039,1.6,0.6,0.0,0.2,0.8,0.4,0.2,0.0,0.4,1.2,,0.6,1.0,,0.2,0.4,0.8,2.0,0.2740740740740741,0.3033421515473077,0.1074074074074074,0.11129614223197569,0.0,0.0,0.03333333333333333,0.05773502691896258,0.14074074074074075,0.12239045660635782,0.2111111111111111,0.18358568490953672,0.17407407407407405,0.15568777449617557,0.0,0.0,0.28770370370370374,0.2491591125656166,5.8,6.795423296438403,1.3,1.3,0.3,0.2,0.9,0.3,0.2,0.3,0.4,1.4,,0.3,0.5,,0.1,1.2,1.0,-1.1,0.19234006734006734,0.22044153794725807,0.1971019721019721,0.14527140960139934,0.03181818181818182,0.049376274960000986,0.025000000000000005,0.04183300132670377,0.12751322751322752,0.10220874734546757,0.20133477633477634,0.12154256262350259,0.08703703703703702,0.13706205977750616,0.038636363636363635,0.07294002970855097,0.2782674362674363,0.17350721127741658,,,,CLE,False,7.859999999999999,2.009052631578947,1.4208421052631577,0.14810526315789474,0.20810526315789474,0.6205263157894736,0.20684210526315788,0.41368421052631577,3.5779999999999994,3.4298947368421047,2.1571578947368417,1.5689473684210524,0.8273684210526315,1.702,1.33,0.324,0.224,3.356,0.262,0.046,0.264,1.9912799903579605,1.1597844627343479,0.5540974643508125,0.4793996245305163,2.3514387085356914,0.526645991155349,0.25,0.5042856333468166
4684742,Ausar Thompson,DET,2026-05-09,0.0,2.0,3.0,7.0,15.0,10,7,2,0,0,2,0,0,5,8,,0,2,,3,4,5,4,24.0,0.4166666666666667,0.2916666666666667,0.08333333333333333,0.0,0.0,0.3333333333333333,0.08333333333333333,0.0,0.37000000000000005,0.0,30.333333333333332,5.507570547286101,9.666666666666666,6.333333333333333,3.6666666666666665,0.0,0.0,1.6666666666666667,1.0,0.6666666666666666,4.333333333333333,6.333333333333333,,1.0,2.3333333333333335,,3.0,3.3333333333333335,3.3333333333333335,2.3333333333333335,0.3284313725490196,0.09078558420319666,0.21724598930481287,0.08970041416336591,0.1174985145573381,0.034091151809434304,0.0,0.0,0.0,0.0,0.22073677956030893,0.09904817609796232,0.07798573975044563,0.0461332193924719,0.01990493166963755,0.017243935663614436,0.2749554367201426,0.09066822973231256,32.8,5.167204273105524,7.8,8.8,4.6,0.0,0.0,2.2,1.8,1.4,3.6,6.2,,0.6,1.8,,3.6,5.2,2.4,5.4,0.25201377848436674,0.12449494177293427,0.26773498097027504,0.10715271594381957,0.1362648745001686,0.03526996078493137,0.0,0.0,0.0,0.0,0.19805768335180102,0.07865065641505603,0.05790255496137849,0.04697011037380509,0.03972073677956031,0.057412464574112976,0.2632555443143678,0.07722749698327407,30.8,5.633234713140699,8.8,8.1,3.3,0.0,0.1,2.0,1.8,1.5,3.8,6.9,,1.2,2.4,,3.3,4.8,2.5,4.8,0.2938067312920254,0.1157403129208382,0.26291281340546047,0.07501259454446903,0.10511879211143918,0.05850063793684851,0.0,0.0,0.002702702702702703,0.008546696378833459,0.22938054402760283,0.07074507416676072,0.079198557227969,0.04283973769722496,0.04850138278079454,0.04183894304709784,0.31272929198870375,0.08323020560620323,,,,CLE,False,30.843222222222224,8.79719090909091,7.977660606060606,3.3444757575757578,0.0,2.0490252525252526,1.8333383838383839,1.509808080808081,20.119327272727276,16.774851515151518,12.141666666666667,11.322136363636364,3.8823636363636362,10.468,7.786,3.574,0.66,21.828,1.452,0.496,1.338,4.713913024229446,2.8495971645129075,1.8837526376889298,0.8151073548925933,5.766317368997305,1.1729006778069488,0.7028399533321935,1.1948874423978184
4700852,Chaz Lanier,DET,2026-05-09,0.0,2.0,3.0,7.0,15.0,0,0,0,0,0,0,0,0,0,0,,0,0,,0,0,0,0,0.0,,,,,,,,,,0.0,0.3333333333333333,0.5773502691896258,0.6666666666666666,0.0,0.0,0.0,0.0,0.0,0.0,0.0,0.3333333333333333,0.3333333333333333,,0.0,0.0,,0.0,0.0,0.0,0.6666666666666666,2.0,,0.0,,0.0,,0.0,,0.0,,1.0,,0.0,,0.0,,1.0,,0.2,0.4472135954999579,0.4,0.0,0.0,0.0,0.0,0.0,0.0,0.0,0.2,0.2,,0.0,0.0,,0.0,0.0,0.0,0.4,2.0,,0.0,,0.0,,0.0,,0.0,,1.0,,0.0,,0.0,,1.0,,0.7,1.888562063228707,0.4,0.0,0.0,0.0,0.0,0.0,0.0,0.1,0.2,0.2,,0.0,0.0,,0.0,0.0,0.0,-0.2,1.1666666666666665,1.1785113019775795,0.0,0.0,0.0,0.0,0.0,0.0,0.0,0.0,0.5833333333333333,0.5892556509887895,0.0,0.0,0.08333333333333333,0.11785113019775792,0.6666666666666666,0.4714045207910316,,,,CLE,False,5.55,0.42,0.0,0.0,0.0,0.12209999999999999,0.09989999999999999,0.33299999999999996,0.42,0.42,0.42,0.0,0.22199999999999998,0.014,0.002,0.002,0.002,0.018,0.028,0.028,0.084,0.25,0.25,0.25,0.25,0.25,0.25,0.25,0.2914515397111499
5107199,Daniss Jenkins,DET,2026-05-09,0.0,2.0,3.0,7.0,15.0,14,6,4,2,5,0,0,1,6,14,,0,0,,2,4,1,9,26.0,0.5384615384615384,0.23076923076923078,0.15384615384615385,0.07692307692307693,0.19230769230769232,0.5384615384615384,0.0,0.038461538461538464,0.5769230769230769,0.0,28.0,1.7320508075688772,14.0,5.333333333333333,4.0,2.0,4.333333333333333,1.3333333333333333,0.3333333333333333,1.6666666666666667,5.333333333333333,11.666666666666666,,1.3333333333333333,1.3333333333333333,,1.6666666666666667,3.6666666666666665,1.6666666666666667,7.333333333333333,0.5013262599469496,0.07609542858239272,0.19186560565870914,0.07675520570896806,0.14323607427055704,0.035686005429903696,0.07161803713527852,0.06911837782915321,0.15605658709106987,0.04663333157906185,0.4208664898320071,0.1334281664781318,0.04597701149425287,0.03981725994411212,0.05879752431476568,0.03871982544588418,0.49989389920424393,0.08441271888606768,23.8,5.974947698515862,11.0,3.4,3.4,1.4,4.4,1.0,0.2,1.2,4.0,10.0,,1.6,1.6,,1.0,2.4,1.6,6.6,0.4494799664944855,0.08911082406504689,0.12564567918469915,0.10730313919542754,0.14252059193075525,0.02780221747172874,0.05349713807064079,0.05788457098084214,0.19823921541253664,0.075653746362725,0.42620410442552004,0.1054470683403996,0.0736388384754991,0.04770855501535089,0.0458048303783331,0.037581800895877836,0.5044100237330726,0.06753448450528848,19.1,7.5343657109717395,7.5,3.0,2.9,0.9,3.5,0.6,0.3,1.1,2.7,8.0,,1.2,1.8,,1.0,2.0,1.4,-0.6,0.3934081571785746,0.17492055278376056,0.160367400294805,0.09642999254896739,0.15035488558628302,0.08090099059460587,0.04557973786648923,0.05716580861095339,0.187199948418188,0.0766089521027823,0.43440969194145235,0.10761653399512015,0.09765858007691038,0.08941320465650292,0.05304595585902301,0.06715408284442355,0.530425423034316,0.11523453690612644,,,,CLE,False,22.58138888888889,10.410376937984495,3.685307170542636,3.3973071705426356,1.3369505813953488,0.656435723514212,0.39386143410852714,0.9190100129198967,17.492991279069766,14.09568410852713,13.80768410852713,7.0826143410852715,1.0502971576227391,12.194,4.36,3.258,1.402,19.812,0.678,0.174,0.964,5.333700779008886,2.0489997559785116,1.7965066100629854,1.1918036751076075,5.869297743342043,0.8211674616057312,0.41439594592611545,0.9605748279025429
5107818,Isaac Jones,DET,2026-05-09,0.0,27.0,0.0,0.0,3.0,2,0,0,0,0,0,0,1,0,1,,2,2,,0,0,0,-7,10.0,0.2,0.0,0.0,0.0,0.0,0.1,0.2,0.1,0.288,0.0,5.0,7.0710678118654755,1.0,0.0,0.0,0.0,0.0,0.0,0.0,0.5,0.0,0.5,,1.0,1.0,,0.0,0.0,0.0,-3.5,0.2,,0.0,,0.0,,0.0,,0.0,,0.1,,0.2,,0.1,,0.288,,5.0,7.0710678118654755,1.0,0.0,0.0,0.0,0.0,0.0,0.0,0.5,0.0,0.5,,1.0,1.0,,0.0,0.0,0.0,-3.5,0.2,,0.0,,0.0,,0.0,,0.0,,0.1,,0.2,,0.1,,0.288,,5.0,7.0710678118654755,1.0,0.0,0.0,0.0,0.0,0.0,0.0,0.5,0.0,0.5,,1.0,1.0,,0.0,0.0,0.0,-3.5,0.2,,0.0,,0.0,,0.0,,0.0,,0.1,,0.2,,0.1,,0.288,,,,,CLE,False,8.0,1.15,0.0,0.0,0.0,0.176,0.144,0.48,1.15,1.15,1.15,0.0,0.31999999999999995,1.274,0.092,0.038,0.046,1.404,0.188,0.052,0.394,1.6549694861235358,0.29586483400363756,0.25,0.25,1.6591515904220446,0.46114639757890336,0.25,0.6440217387635296
1966,LeBron James,LAL,2026-05-09,1.0,2.0,2.0,5.0,12.0,23,2,6,1,4,3,0,3,9,18,,4,4,,1,1,1,-9,38.0,0.6052631578947368,0.05263157894736842,0.15789473684210525,0.02631578947368421,0.10526315789473684,0.47368421052631576,0.10526315789473684,0.07894736842105263,0.5989473684210527,0.0,37.0,1.0000000000000062,26.0,4.333333333333333,6.666666666666667,2.0,5.0,1.3333333333333333,0.0,2.6666666666666665,10.333333333333334,20.0,,3.3333333333333335,4.333333333333333,,1.0,3.3333333333333335,1.3333333333333333,3.6666666666666665,0.7040066382171646,0.0855810704543169,0.11764395974922291,0.06851280035318677,0.18025920657499603,0.031447044296178644,0.0545677256203572,0.028512242472406028,0.13568831989884622,0.03070549189336034,0.5405273694747378,0.11704414916683,0.11641905062957693,0.09471326056742378,0.07186133501922976,0.014161462331531692,0.6636130867709816,0.16569664874178977,36.6,2.3021728866442643,22.6,4.0,7.2,1.2,4.8,1.2,0.0,3.6,8.4,17.8,,4.6,5.8,,0.6,3.4,1.4,-2.4,0.6112151717414875,0.18462501548666468,0.11021341547657337,0.05192028687781453,0.19859841438788808,0.04702961768310372,0.03274063537221432,0.03605225359414045,0.13036404089035666,0.03193274578156474,0.4814259787943998,0.14354298618378572,0.1574971180234338,0.0913492602689085,0.1018580597527966,0.0797140026259723,0.6525827704775073,0.12162088846833216,35.4,7.381658952355418,23.3,6.1,7.9,1.6,4.8,1.7,0.3,3.9,8.6,17.8,,4.5,6.0,,0.4,5.7,1.5,3.8,0.6789792550512365,0.19893040333098844,0.17409046048364935,0.07899506827126711,0.23446090243884363,0.08569689222099973,0.0423939906505696,0.03741504179717613,0.13653774998395743,0.04395668841130075,0.5217179078963134,0.16260556929453934,0.18066895672545827,0.13074981002076386,0.11769168500592649,0.07458014800126314,0.7189039338614416,0.23124377007439637,,,,OKC,True,37.19225,23.35620049180328,5.273089016393443,7.336235081967214,1.5471460655737705,1.4633016393442624,0.24388360655737706,3.7801959016393445,35.96552459016394,28.62928950819672,30.692435573770492,12.609324098360656,1.7071852459016394,15.802,5.708,4.014,1.622,25.524,1.2,0.2,2.008,6.228867954933706,2.5001471956666874,1.9323053588912906,1.2771515180275206,7.107279648360546,1.1436782764396638,0.4381780460041329,1.4614841771295368
2960236,Maxi Kleber,LAL,2026-05-09,1.0,2.0,2.0,5.0,13.0,0,0,0,0,0,0,0,0,0,0,,0,0,,0,0,0,0,0.0,,,,,,,,,,0.0,0.0,0.0,0.0,0.0,0.0,0.0,0.0,0.0,0.0,0.0,0.0,0.0,,0.0,0.0,,0.0,0.0,0.0,0.0,,,,,,,,,,,,,,,,,,,1.4,3.1304951684997055,0.2,0.2,0.4,0.0,0.0,0.2,0.0,0.0,0.0,0.0,,0.2,0.4,,0.2,0.0,0.2,0.2,0.14285714285714285,,0.14285714285714285,,0.2857142857142857,,0.0,,0.0,,0.0,,0.2857142857142857,,0.0,,0.12571428571428572,,2.7,5.012207320355197,0.3,0.8,0.2,0.0,0.0,0.1,0.1,0.2,0.1,0.3,,0.1,0.2,,0.6,0.2,0.4,0.1,0.09206349206349207,0.0798714007962484,0.24761904761904763,0.1350233036072174,0.09523809523809523,0.1649572197684645,0.0,0.0,0.0,0.0,0.11111111111111112,0.10183501544346313,0.09523809523809523,0.1649572197684645,0.044444444444444446,0.0769800358919501,0.19746031746031747,0.07051050215810448,,,,OKC,True,7.65,0.13,0.23000000000000004,0.18,0.0,0.1683,0.1377,0.459,0.54,0.36000000000000004,0.31,0.41000000000000003,0.306,0.15,0.322,0.23,0.004,0.702,0.132,0.05,0.184,0.5399073994677236,0.5712407548486015,0.47444704657105835,0.25,0.9215183123519575,0.3443486605172147,0.25,0.4360550423971727
2990992,Marcus Smart,LAL,2026-05-09,1.0,2.0,2.0,5.0,10.0,14,4,5,1,7,1,0,3,4,13,,5,5,,2,2,5,2,34.0,0.4117647058823529,0.11764705882352941,0.14705882352941177,0.029411764705882353,0.20588235294117646,0.38235294117647056,0.14705882352941177,0.08823529411764706,0.5352941176470588,0.0,33.666666666666664,1.527525231651937,11.0,5.0,4.333333333333333,1.6666666666666667,6.333333333333333,2.3333333333333335,0.6666666666666666,2.0,3.3333333333333335,11.666666666666666,,2.6666666666666665,3.0,,1.6666666666666667,3.3333333333333335,3.0,5.666666666666667,0.328921568627451,0.11315250347507072,0.14754901960784314,0.04557241977402537,0.13146008403361345,0.09604406677690405,0.04968487394957983,0.017760179157405125,0.19005602240896358,0.06922749735705339,0.3503676470588235,0.1372003458626993,0.08890056022408964,0.050437708491924416,0.05976890756302521,0.029925546985874567,0.4492528011204482,0.16974695243118004,33.8,2.3874672772626617,10.6,4.4,4.0,1.6,5.6,2.0,1.0,3.2,3.2,10.0,,2.6,2.8,,1.2,3.2,2.6,-2.0,0.3148769167649623,0.08232662580550631,0.12845966459818453,0.04842581687420175,0.12194492574710791,0.0788634436050313,0.04602714058596412,0.03169487885384437,0.1647746770896676,0.07441467748996115,0.2996713292989384,0.12175349060530875,0.08350598565494201,0.039429338048926316,0.09410022858315079,0.05286697697989041,0.4305141915702636,0.1242467326153439,33.666666666666664,3.7416573867739413,13.222222222222221,3.5555555555555554,6.111111111111111,1.8888888888888888,5.444444444444445,2.4444444444444446,1.1111111111111112,3.3333333333333335,3.888888888888889,10.11111111111111,,3.5555555555555554,4.444444444444445,,0.8888888888888888,2.6666666666666665,2.7777777777777777,0.4444444444444444,0.38451288882977686,0.16731722807796995,0.10419465433696934,0.046560445665446,0.18733826526758215,0.10747586955895783,0.054683133359603946,0.04043652118068144,0.1628671115388383,0.05947722778306186,0.3025251549326502,0.09544845225721477,0.12829506086147452,0.08230272304014113,0.09950910494079375,0.04263124148738836,0.45848408665249274,0.10770158419343742,,,,OKC,True,34.06491666666666,13.113475611712794,3.9540491375852382,5.18929592860008,1.8157002807862013,2.5825388086642596,1.2297803850782187,3.3204070397111907,22.256820677898112,17.06752474929803,18.302771540312875,9.143345066185319,3.8123191937424785,14.144,4.604,3.784,1.902,22.532,1.866,0.49,1.92,5.945692894860951,2.0027940483234916,1.8754583439788792,1.3770969464783516,6.669106087025456,1.400015714197523,0.7112664760833312,1.3746272221951665
3913174,Luke Kennard,LAL,2026-05-09,1.0,2.0,2.0,5.0,13.0,10,1,0,2,3,0,0,0,4,5,,0,0,,0,1,2,-15,26.0,0.38461538461538464,0.038461538461538464,0.0,0.07692307692307693,0.11538461538461539,0.19230769230769232,0.0,0.0,0.19230769230769232,0.0,28.0,1.7320508075688772,6.666666666666667,3.0,1.3333333333333333,1.3333333333333333,2.6666666666666665,0.6666666666666666,0.0,1.0,2.0,5.0,,1.3333333333333333,1.3333333333333333,,0.6666666666666666,2.3333333333333335,1.3333333333333333,-2.3333333333333335,0.24314765694076038,0.14059189538674416,0.10477453580901856,0.06698597506193309,0.04597701149425287,0.05267328385006694,0.04862953138815208,0.024502929196376692,0.09593280282935455,0.024104873351398,0.17904509283819628,0.036345330520012285,0.04597701149425287,0.07963451988822427,0.034482758620689655,0.03448275862068964,0.2337577365163572,0.03821360988435096,29.4,2.302172886644273,5.6,3.0,1.6,0.8,2.6,0.8,0.2,1.2,1.8,5.4,,1.2,1.4,,0.4,2.6,1.8,-4.6,0.19609020706768204,0.13558190330139372,0.10096956019508856,0.047663923409048105,0.05298943270300334,0.03847007744762085,0.029177718832891247,0.03177492984273459,0.08921290750406434,0.021954936195105405,0.18323350731582097,0.05022483079731474,0.046739432703003334,0.05753475217596329,0.0396412680756396,0.027545350168253702,0.24344012578078206,0.05689839588431967,31.5,9.419247433963193,10.9,3.3,2.8,1.4,3.2,1.1,0.1,1.6,3.7,7.7,,2.1,2.6,,0.3,3.0,1.6,1.1,0.32599347825853153,0.20286283909473624,0.09488014350606558,0.05078469360902476,0.08657560037975412,0.06835230856829215,0.040236833518367085,0.04215145074484162,0.0916333961079219,0.043666932354052744,0.22691223668365668,0.09033993218607084,0.08332315107467322,0.06712312306759546,0.051359851399405576,0.027283537996008154,0.3149342745559185,0.10034584788906058,,,,OKC,True,30.6785,9.281930882352942,3.201868014705882,1.8937900735294118,1.3837511029411762,0.7895202205882352,0.11278860294117647,1.5790404411764705,14.377588970588235,12.483798897058824,11.175720955882353,5.095658088235294,0.9023088235294117,11.718,4.06,2.252,1.532,18.03,0.812,0.122,1.18,5.038499379775689,2.0367621363330577,1.5074800164512963,1.2605459134835193,5.654829794078687,0.9168729464871347,0.3620994338576077,1.073126274023705
4066457,Austin Reaves,LAL,2026-05-09,1.0,2.0,2.0,5.0,7.0,31,2,6,3,6,0,0,5,10,16,,8,10,,0,2,5,-20,38.0,0.8157894736842105,0.05263157894736842,0.15789473684210525,0.07894736842105263,0.15789473684210525,0.42105263157894735,0.2631578947368421,0.13157894736842105,0.6684210526315789,0.0,35.0,3.605551275463982,18.0,3.3333333333333335,4.666666666666667,1.0,5.0,0.0,1.3333333333333333,3.6666666666666665,6.666666666666667,15.333333333333334,,3.6666666666666665,4.333333333333333,,0.3333333333333333,3.0,3.6666666666666665,-9.0,0.5072942212161228,0.2974760613974204,0.09609822046154815,0.0431326278389977,0.12969251084700997,0.05661454979118444,0.02631578947368421,0.045580284409707295,0.14193862793183676,0.014670935603064181,0.43903665974973277,0.01598172870063567,0.11699050493617556,0.12711952113282218,0.10240206250393007,0.03436918745808491,0.59291454442558,0.06994916786164117,27.8,15.754364474646383,15.2,2.8,4.0,1.0,4.6,0.0,1.0,2.8,4.8,12.4,,4.6,5.2,,0.2,2.6,2.8,-6.4,0.542235371794445,0.2527413844584272,0.10148543005204345,0.03682893561073076,0.14138703019408103,0.05180590664272826,0.03444272445820433,0.040610710905092585,0.16527750036064226,0.04819027667457137,0.44692455363582895,0.02047321619434536,0.1833311139962493,0.1684553968974325,0.09886037040735932,0.02894250097429328,0.626450614201538,0.08809424476337285,23.166666666666668,18.093276836069986,12.666666666666666,2.3333333333333335,3.3333333333333335,0.8333333333333334,3.8333333333333335,0.0,0.8333333333333334,2.3333333333333335,4.0,10.333333333333334,,3.8333333333333335,4.333333333333333,,0.16666666666666666,2.1666666666666665,2.3333333333333335,-5.333333333333333,0.542235371794445,0.2527413844584272,0.10148543005204345,0.03682893561073076,0.14138703019408103,0.05180590664272826,0.03444272445820433,0.040610710905092585,0.16527750036064226,0.04819027667457137,0.44692455363582895,0.02047321619434536,0.1833311139962493,0.1684553968974325,0.09886037040735932,0.02894250097429328,0.626450614201538,0.08809424476337285,,,,OKC,True,32.028666666666666,17.668579376498798,3.0342119904076736,4.511731414868105,1.1979328537170262,0.0,1.1521103117505995,3.2259088729016785,25.214522781774576,20.70279136690647,22.180310791366903,7.545943405275779,1.1521103117505995,12.594,4.056,3.1,1.166,19.75,0.252,0.44,1.852,5.390469738343774,2.051551607929959,1.8390214789392756,1.0892401020895255,5.9952898178486755,0.4821783902250287,0.6280127387243033,1.3993198347768818
4066648,Rui Hachimura,LAL,2026-05-09,1.0,2.0,2.0,5.0,13.0,16,4,2,4,7,1,0,2,6,10,,0,0,,0,4,2,-19,39.0,0.41025641025641024,0.10256410256410256,0.05128205128205128,0.10256410256410256,0.1794871794871795,0.2564102564102564,0.0,0.05128205128205128,0.3076923076923077,0.0,37.0,2.000000000000007,18.333333333333332,4.0,2.0,4.0,6.666666666666667,0.6666666666666666,0.6666666666666666,1.0,7.0,12.666666666666666,,0.3333333333333333,0.6666666666666666,,0.3333333333333333,3.6666666666666665,1.6666666666666667,-6.666666666666667,0.4989142989142989,0.09548034014131707,0.10934890934890935,0.05898067085542173,0.05415965415965416,0.002931829611563556,0.10883410883410882,0.031361683406816485,0.18054978054978058,0.018941286488100884,0.34544434544434544,0.08623245815275264,0.018018018018018018,0.031208122658898694,0.026103026103026103,0.025653509101181467,0.37947529947529945,0.06355281874202506,35.6,3.4351128074635318,16.0,3.8,1.4,3.0,5.0,0.8,0.6,1.0,6.4,11.8,,0.2,0.4,,0.4,3.4,2.2,-6.6,0.4508801108801109,0.10183208836160666,0.10723096723096723,0.04190451159711124,0.03916245916245916,0.023767707812687878,0.08277794277794279,0.04264303262964121,0.13787941787941788,0.06016047543291184,0.3333927333927334,0.06444121695884342,0.010810810810810811,0.024173707864862618,0.02773388773388773,0.018412208113544562,0.3658833778833779,0.05089182402861619,36.6,5.561774297230454,16.3,4.2,1.3,2.9,5.1,1.2,0.5,0.8,6.4,11.7,,0.6,1.1,,0.6,3.6,2.7,1.3,0.4548680158784409,0.14020285667353982,0.12024562973239798,0.08649316386831918,0.03544451358404847,0.025903373916487973,0.07923002368070531,0.032156229962820575,0.13890081038838056,0.04466037153483504,0.32695919662238826,0.0719398862930866,0.03162275127792369,0.048673973161955375,0.020901575901575903,0.020047787754698416,0.36177478308625055,0.0736306207683856,,,,OKC,True,37.305749999999996,16.109423615635176,3.7753078175895762,1.4620128664495113,3.1218462540716607,0.9721368078175895,0.6075855048859934,0.9721368078175895,21.346744299674263,19.88473143322475,17.57143648208469,5.237320684039087,1.5797223127035829,16.518,4.554,1.66,2.382,22.732,0.976,0.29,1.022,6.304417181627497,2.1915939404917144,1.3101144988129856,1.5773636232650987,6.967939150136144,1.0523421496832672,0.5271622141238881,1.0007577129355536
4278077,Jarred Vanderbilt,LAL,2026-05-09,1.0,4.0,1.0,4.0,12.0,2,1,0,0,1,0,0,0,1,2,,0,0,,0,1,1,-4,6.0,0.3333333333333333,0.16666666666666666,0.0,0.0,0.16666666666666666,0.3333333333333333,0.0,0.0,0.3333333333333333,0.0,4.0,3.4641016151377557,1.3333333333333333,1.0,0.0,0.0,0.6666666666666666,0.0,0.0,0.0,0.6666666666666666,1.6666666666666667,,0.0,0.0,,0.0,1.0,0.6666666666666666,-4.0,0.3333333333333333,0.0,0.25,0.11785113019775792,0.0,0.0,0.0,0.0,0.16666666666666666,0.0,0.41666666666666663,0.11785113019775792,0.0,0.0,0.0,0.0,0.41666666666666663,0.11785113019775792,8.2,6.260990336999413,3.4,2.6,0.2,0.0,1.0,0.2,0.0,0.2,1.6,3.2,,0.2,0.6,,0.6,2.0,1.0,-1.4,0.3928571428571429,0.11904761904761918,0.29642857142857143,0.09839029442883529,0.016666666666666666,0.033333333333333395,0.0,0.0,0.13452380952380952,0.04490268304703375,0.3988095238095238,0.08103403911373852,0.05119047619047619,0.0642857142857143,0.017857142857142856,0.03571428571428571,0.43919047619047624,0.09244519121449635,12.0,7.673909622147559,2.9,3.5,1.0,0.2,1.4,0.5,0.1,0.7,1.3,3.0,,0.1,0.6,,0.6,2.9,1.4,2.1,0.29611314611314615,0.2021484372342802,0.30015601682268345,0.07917132067668833,0.07282254782254782,0.08248153015916325,0.02839506172839506,0.06692337407256538,0.132665174331841,0.04232454941600885,0.283168837335504,0.1339161507694494,0.08941798941798942,0.19714196252640612,0.0541971916971917,0.07602705898134367,0.37670994437661104,0.17039228686018004,,,,OKC,True,9.458333333333332,2.542794520547945,2.612013698630137,0.2634794520547945,0.09373972602739725,0.25913242009132414,0.0,0.12956621004566207,5.418287671232877,5.154808219178082,2.8062739726027397,2.8754931506849317,0.25913242009132414,2.438,2.292,0.476,0.21,5.206,0.282,0.012,0.142,2.4310812409296405,1.4975767092205994,0.6643974713979577,0.49588305072869754,2.939313525298041,0.5352345280342067,0.25,0.36583602884352434
4278129,Deandre Ayton,LAL,2026-05-09,1.0,2.0,2.0,5.0,13.0,3,10,0,0,0,0,0,2,1,7,,1,2,,5,5,3,-4,27.0,0.1111111111111111,0.37037037037037035,0.0,0.0,0.0,0.25925925925925924,0.07407407407407407,0.07407407407407407,0.3659259259259259,0.0,27.333333333333332,0.5773502691896378,6.666666666666667,12.666666666666666,1.0,0.0,0.0,0.0,0.6666666666666666,1.0,2.6666666666666665,8.333333333333334,,1.3333333333333333,3.0,,4.333333333333333,8.333333333333334,4.0,-1.0,0.24382716049382716,0.12973981208014662,0.46208112874779544,0.1016827887506141,0.03659611992945326,0.03704490972009695,0.0,0.0,0.0,0.0,0.3059964726631393,0.12198989960090821,0.10802469135802469,0.1284113831031773,0.037037037037037035,0.03703703703703702,0.3905643738977072,0.08144272309365698,29.0,5.1478150704935,11.4,13.0,0.6,0.0,0.0,0.0,0.8,1.2,5.2,10.2,,1.0,2.0,,5.0,8.0,3.6,-4.0,0.3930331384015594,0.2457749896519544,0.4467223614592036,0.07676237800414029,0.02195767195767196,0.03298401834604669,0.0,0.0,0.0,0.0,0.35328209412419936,0.11484497913969913,0.07281481481481482,0.103774975508733,0.04348538011695906,0.03352737656921371,0.42880599275967696,0.10118480882316172,29.7,4.347413023856831,12.7,10.2,1.0,0.0,0.0,0.1,1.1,1.3,5.7,9.7,,1.3,1.9,,3.7,6.5,2.6,0.8,0.4314424318685779,0.2739006111813137,0.3460806595781129,0.13487707943096985,0.03352939175519821,0.026562908608203574,0.0,0.0,0.0,0.0,0.33326303916796274,0.1332066413432597,0.06557436947759529,0.07923271720847345,0.043108731424520895,0.03704463941671992,0.4052244931626256,0.1186898747757955,,,,OKC,True,28.921,9.665410000000001,11.0463175,0.86242,0.0,0.12050416666666666,0.8435291666666667,1.5665541666666667,21.574147500000002,20.711727500000002,10.527830000000002,11.9087375,0.9640333333333333,9.458,8.01,1.376,0.58,18.844,0.382,0.374,1.238,4.55546221584594,2.6626866131785016,1.0966421476489037,0.7717512552629895,5.43687998763997,0.6419314605158404,0.6213887671981205,1.1159551962332537
4397077,Jaxson Hayes,LAL,2026-05-09,1.0,2.0,2.0,5.0,11.0,6,3,2,0,0,1,0,2,3,3,,0,0,,1,2,5,-11,15.0,0.4,0.2,0.13333333333333333,0.0,0.0,0.2,0.0,0.13333333333333333,0.3333333333333333,0.0,16.0,1.000000000000007,4.666666666666667,4.333333333333333,1.3333333333333333,0.0,0.0,0.3333333333333333,0.3333333333333333,2.0,1.6666666666666667,2.3333333333333335,,1.3333333333333333,2.0,,2.0,2.3333333333333335,3.0,-0.6666666666666666,0.29387254901960785,0.10625021202231366,0.27009803921568626,0.09254585197304299,0.08488562091503267,0.041997199167579165,0.0,0.0,0.0,0.0,0.14877450980392157,0.0781501545432422,0.12009803921568628,0.11772362704434143,0.12655228758169934,0.06460569213990018,0.3281699346405229,0.10450747400804514,14.6,2.701851217221261,3.2,3.2,1.0,0.0,0.0,0.2,0.4,1.4,1.2,1.8,,0.8,1.6,,1.4,1.8,3.0,-2.8,0.2029901960784314,0.15281861762347243,0.20872549019607844,0.10716161659978768,0.07093137254901961,0.049969834229751715,0.0,0.0,0.0,0.0,0.1159313725490196,0.08543099508482944,0.09872549019607843,0.10004060113874498,0.09593137254901961,0.07137943365308484,0.2553019607843137,0.12835369721145867,15.4,7.167829363048327,6.1,2.9,0.8,0.0,0.1,0.3,0.7,1.2,2.1,3.0,,1.9,2.7,,1.4,1.5,2.7,0.2,0.34002326951673356,0.2551606333643635,0.1843527629475342,0.08806165554665335,0.05292777604869108,0.04701945373880832,0.0,0.0,0.005291005291005291,0.015873015873015872,0.16913204503073784,0.13743410388250535,0.15653202401568414,0.10516707194234948,0.07974345008658734,0.061161582795580705,0.31774958568422623,0.16917111892259834,,,,OKC,True,15.462250000000001,4.6319,3.20625,0.9223,0.0,0.36525,0.8522500000000001,1.09575,8.76045,7.83815,5.5542,4.12855,1.2175,4.184,3.118,1.054,0.262,8.356,0.44,0.288,0.782,3.1493084955272326,1.7708969478769792,1.034931881816383,0.5189951830219621,3.6536644618793335,0.6343500610861482,0.5263610927870713,0.8913338319619647
4431695,Drew Timme,LAL,2026-05-09,1.0,27.0,0.0,0.0,4.0,3,0,2,1,1,1,0,1,1,1,,0,0,,0,0,1,1,7.0,0.42857142857142855,0.0,0.2857142857142857,0.14285714285714285,0.14285714285714285,0.14285714285714285,0.0,0.14285714285714285,0.2857142857142857,0.0,14.333333333333334,11.015141094572204,6.0,1.3333333333333333,2.0,1.0,2.0,0.3333333333333333,0.0,2.0,2.3333333333333335,4.333333333333333,,0.3333333333333333,0.6666666666666666,,0.3333333333333333,1.0,1.3333333333333333,-11.333333333333334,0.4268077601410935,0.018581399916847846,0.07407407407407407,0.06415002990995841,0.19400352733686066,0.10860532146977532,0.07231040564373897,0.07144489982549944,0.13403880070546736,0.0200314227365089,0.2698412698412698,0.109971479845643,0.024691358024691357,0.042766686606638946,0.15873015873015872,0.05723097262641253,0.43943562610229286,0.13879473082793847,14.333333333333334,11.015141094572204,6.0,1.3333333333333333,2.0,1.0,2.0,0.3333333333333333,0.0,2.0,2.3333333333333335,4.333333333333333,,0.3333333333333333,0.6666666666666666,,0.3333333333333333,1.0,1.3333333333333333,-11.333333333333334,0.4268077601410935,0.018581399916847846,0.07407407407407407,0.06415002990995841,0.19400352733686066,0.10860532146977532,0.07231040564373897,0.07144489982549944,0.13403880070546736,0.0200314227365089,0.2698412698412698,0.109971479845643,0.024691358024691357,0.042766686606638946,0.15873015873015872,0.05723097262641253,0.43943562610229286,0.13879473082793847,14.333333333333334,11.015141094572204,6.0,1.3333333333333333,2.0,1.0,2.0,0.3333333333333333,0.0,2.0,2.3333333333333335,4.333333333333333,,0.3333333333333333,0.6666666666666666,,0.3333333333333333,1.0,1.3333333333333333,-11.333333333333334,0.4268077601410935,0.018581399916847846,0.07407407407407407,0.06415002990995841,0.19400352733686066,0.10860532146977532,0.07231040564373897,0.07144489982549944,0.13403880070546736,0.0200314227365089,0.2698412698412698,0.109971479845643,0.024691358024691357,0.042766686606638946,0.15873015873015872,0.05723097262641253,0.43943562610229286,0.13879473082793847,,,,OKC,True,13.233333333333334,5.55,1.1333333333333333,2.0,1.0,0.29113333333333336,0.2382,0.794,8.683333333333334,6.683333333333334,7.55,3.1333333333333333,0.5293333333333333,6.874,1.744,1.606,0.88,10.224,0.354,0.096,0.662,3.9494460371044444,1.3499866666008224,1.3064317816097404,0.9431860898041278,4.372850786386382,0.5767876559011991,0.30130383336426375,0.8460236403316399
4592691,Jake LaRavia,LAL,2026-05-09,1.0,2.0,2.0,5.0,13.0,0,0,1,0,1,1,0,1,0,2,,0,0,,0,0,2,-14,10.0,0.0,0.0,0.1,0.0,0.1,0.2,0.0,0.1,0.3,0.0,13.333333333333334,3.0550504633038975,3.3333333333333335,2.0,0.3333333333333333,0.6666666666666666,1.3333333333333333,0.6666666666666666,0.6666666666666666,1.6666666666666667,1.3333333333333333,4.0,,0.0,0.0,,1.0,1.0,1.3333333333333333,-7.0,0.21726190476190477,0.2187651841182982,0.12797619047619047,0.1637445798033205,0.03333333333333333,0.05773502691896258,0.044642857142857144,0.03891874056732744,0.0988095238095238,0.026805548212375543,0.28095238095238095,0.19184035312841605,0.0,0.0,0.12261904761904763,0.021527549190506125,0.4035714285714285,0.19189575188585278,13.0,3.3166247903554,3.6,2.2,0.4,0.4,1.0,0.4,0.8,1.4,1.4,3.6,,0.4,0.4,,1.2,1.0,1.2,-7.2,0.2498015873015873,0.16980000611333826,0.15873015873015872,0.12381532660902923,0.042222222222222223,0.05794846582402355,0.026785714285714284,0.036813443085871964,0.07178571428571429,0.047083295707648555,0.25329365079365085,0.15781454671209197,0.025,0.05590169943749473,0.09857142857142856,0.05717632948223612,0.3628650793650794,0.19925125655842385,17.0,6.582805886043833,4.4,2.8,1.3,0.6,1.3,0.9,0.8,1.4,1.6,3.7,,0.6,0.6,,1.2,1.6,2.1,3.0,0.23118036354326676,0.1809133602783654,0.15489016897081415,0.0880180680995351,0.06934767025089605,0.0645722946811691,0.02629608294930875,0.04563475119879726,0.06782744495647722,0.050810001021607785,0.21706080389144908,0.11979547797833977,0.034722222222222224,0.07670389595268931,0.08368535586277522,0.05179755908125445,0.31602393753200203,0.15381001083047888,,,,OKC,True,13.73,3.1348421052631577,2.0004736842105264,0.6935789473684211,0.32852631578947367,0.48175438596491227,0.7226315789473684,1.3248245614035088,5.828894736842106,5.135315789473684,3.8284210526315787,2.6940526315789475,1.2043859649122806,4.22,2.338,0.946,0.502,7.504,0.478,0.242,0.9,3.1842738575694143,1.4992518134056065,0.9935210113530564,0.7085167605639262,3.5796625539287916,0.6734359657755146,0.5014339438051636,0.9602083107326244
4683686,Nick Smith Jr.,LAL,2026-05-09,1.0,2.0,2.0,5.0,13.0,2,0,1,0,1,0,0,0,1,3,,0,0,,0,0,0,-1,2.0,1.0,0.0,0.5,0.0,0.5,1.5,0.0,0.0,1.5,0.0,2.3333333333333335,0.5773502691896264,1.6666666666666667,0.3333333333333333,0.3333333333333333,0.3333333333333333,1.0,0.0,0.0,0.0,0.6666666666666666,2.3333333333333335,,0.0,0.0,,0.0,0.3333333333333333,0.0,-2.3333333333333335,0.6666666666666666,0.5773502691896258,0.16666666666666666,0.2886751345948129,0.16666666666666666,0.2886751345948129,0.1111111111111111,0.19245008972987526,0.38888888888888884,0.3469443332443555,0.9444444444444443,0.8221471437193746,0.0,0.0,0.0,0.0,0.9444444444444443,0.8221471437193746,2.8,2.5884358211089538,2.0,0.2,0.2,0.4,1.2,0.0,0.2,0.2,0.8,2.4,,0.0,0.0,,0.0,0.2,0.0,-0.6,0.6785714285714286,0.47200541908569066,0.125,0.25,0.125,0.25,0.11904761904761904,0.1579345138264476,0.39880952380952384,0.28397286766372765,0.8869047619047619,0.6810730828756096,0.0,0.0,0.03571428571428571,0.07142857142857142,0.9226190476190477,0.6726980568850793,4.3,6.019413038937712,3.4,0.1,0.2,0.8,1.7,0.0,0.1,0.2,1.3,2.8,,0.0,0.0,,0.0,0.1,0.0,1.2,0.7453102453102453,0.4029409386296429,0.08333333333333333,0.2041241452319315,0.0925925925925926,0.20082135869223644,0.15848965848965849,0.15835562968106257,0.39718614718614714,0.22329334163462639,0.7688792688792688,0.5605351441449336,0.0,0.0,0.03306878306878307,0.05819504538445028,0.801948051948052,0.557638521244995,,,,OKC,True,6.425,2.18,0.19,0.36,0.4,0.14134999999999998,0.11564999999999999,0.38549999999999995,2.73,2.37,2.54,0.55,0.25699999999999995,2.118,0.244,0.232,0.28,2.594,0.146,0.054,0.238,2.382451678418683,0.49037128790336004,0.4755796463264592,0.5344155686354954,2.439910654101908,0.3907480006346801,0.25,0.5033448122311384
4683736,Kobe Bufkin,LAL,2026-05-09,1.0,30.0,0.0,0.0,4.0,2,0,1,0,1,0,0,0,1,2,,0,0,,0,0,1,-7,4.0,0.5,0.0,0.25,0.0,0.25,0.5,0.0,0.0,0.5,0.0,8.333333333333334,8.386497083606084,3.6666666666666665,1.3333333333333333,1.6666666666666667,0.6666666666666666,1.3333333333333333,0.0,0.0,0.3333333333333333,1.0,3.0,,1.0,1.3333333333333333,,0.0,1.3333333333333333,0.6666666666666666,-7.0,0.3333333333333333,0.2886751345948129,0.16666666666666666,0.16666666666666669,0.1574074074074074,0.1370245239532291,0.037037037037037035,0.06415002990995841,0.23148148148148148,0.11226255234242723,0.38888888888888884,0.09622504486493763,0.07407407407407407,0.12830005981991682,0.018518518518518517,0.032075014954979206,0.43999999999999995,0.0926162932629987,8.333333333333334,8.386497083606084,3.6666666666666665,1.3333333333333333,1.6666666666666667,0.6666666666666666,1.3333333333333333,0.0,0.0,0.3333333333333333,1.0,3.0,,1.0,1.3333333333333333,,0.0,1.3333333333333333,0.6666666666666666,-7.0,0.3333333333333333,0.2886751345948129,0.16666666666666666,0.16666666666666669,0.1574074074074074,0.1370245239532291,0.037037037037037035,0.06415002990995841,0.23148148148148148,0.11226255234242723,0.38888888888888884,0.09622504486493763,0.07407407407407407,0.12830005981991682,0.018518518518518517,0.032075014954979206,0.43999999999999995,0.0926162932629987,8.333333333333334,8.386497083606084,3.6666666666666665,1.3333333333333333,1.6666666666666667,0.6666666666666666,1.3333333333333333,0.0,0.0,0.3333333333333333,1.0,3.0,,1.0,1.3333333333333333,,0.0,1.3333333333333333,0.6666666666666666,-7.0,0.3333333333333333,0.2886751345948129,0.16666666666666666,0.16666666666666669,0.1574074074074074,0.1370245239532291,0.037037037037037035,0.06415002990995841,0.23148148148148148,0.11226255234242723,0.38888888888888884,0.09622504486493763,0.07407407407407407,0.12830005981991682,0.018518518518518517,0.032075014954979206,0.43999999999999995,0.0926162932629987,,,,OKC,True,8.0,3.4166666666666665,1.1333333333333333,1.5666666666666669,0.5666666666666667,0.176,0.144,0.48,6.116666666666667,4.55,4.983333333333333,2.7,0.31999999999999995,3.784,1.36,1.178,0.498,6.322,0.204,0.088,0.352,3.1763727740931165,1.0983624174196784,1.101960071871935,0.7085167605639262,3.5448999985895226,0.4630161984207464,0.2902688409044278,0.555063960278453
4683774,Bronny James,LAL,2026-05-09,1.0,2.0,2.0,5.0,13.0,0,0,1,0,0,0,0,0,0,0,,0,0,,0,0,0,-1,2.0,0.0,0.0,0.5,0.0,0.0,0.0,0.0,0.0,0.0,0.0,2.3333333333333335,0.5773502691897042,0.0,0.3333333333333333,1.0,0.0,0.3333333333333333,0.3333333333333333,0.0,0.0,0.0,0.3333333333333333,,0.0,0.0,,0.3333333333333333,0.0,0.0,-2.3333333333333335,0.0,0.0,0.1111111111111111,0.19245008972987526,0.4444444444444444,0.09622504486493766,0.0,0.0,0.1111111111111111,0.19245008972987526,0.1111111111111111,0.19245008972987526,0.0,0.0,0.0,0.0,0.11111111111111115,0.19245008972987526,4.4,6.024948132556826,1.0,0.6,1.4,0.2,1.0,0.2,0.0,0.2,0.4,1.2,,0.0,0.0,,0.6,0.0,0.4,-1.6,0.08333333333333333,0.16666666666666663,0.11666666666666665,0.1575271875417536,0.4,0.11863420280034782,0.016666666666666666,0.03333333333333333,0.14999999999999997,0.17533037597843887,0.16666666666666663,0.1924500897298753,0.0,0.0,0.01666666666666668,0.033333333333333236,0.18333333333333335,0.21343747458109483,7.8,7.757433710820723,3.1,0.5,1.4,0.7,1.4,0.4,0.0,0.6,1.2,2.3,,0.0,0.0,,0.3,0.2,0.7,0.8,0.2160029703889353,0.2649940948597577,0.0629908103592314,0.11080160534718866,0.21704260651629073,0.20093042257736535,0.04787895665088647,0.061399934602989495,0.12356817970853057,0.13121954631668908,0.21377517868745938,0.16517520595957005,0.0,0.0,0.0880952380952381,0.1267954948161366,0.3018704167826975,0.21499941176796739,,,,OKC,True,7.1,1.5090526315789474,0.5003157894736843,1.272736842105263,0.3082105263157894,0.18684210526315786,0.0,0.5605263157894737,3.2821052631578946,2.0093684210526317,2.7817894736842104,1.7730526315789472,0.18684210526315786,1.918,0.576,0.742,0.292,3.236,0.138,0.0,0.27,2.2412666061849937,0.7431177564827798,0.855240317103912,0.527954543497828,2.5044568273380157,0.3506508234697303,1.3,0.5339475629684998
4702972,Chris Manon,LAL,2026-05-09,1.0,27.0,0.0,0.0,4.0,2,2,1,0,1,0,0,0,1,2,,0,0,,1,1,1,1,7.0,0.2857142857142857,0.2857142857142857,0.14285714285714285,0.0,0.14285714285714285,0.2857142857142857,0.0,0.0,0.2857142857142857,0.0,6.333333333333333,6.027713773341708,1.3333333333333333,1.3333333333333333,0.6666666666666666,0.0,0.3333333333333333,0.3333333333333333,0.0,0.0,0.6666666666666666,1.3333333333333333,,0.0,0.0,,0.3333333333333333,1.0,0.3333333333333333,-1.3333333333333333,0.22619047619047616,0.08417937871268423,0.22619047619047616,0.08417937871268423,0.11309523809523808,0.042089689356342115,0.0,0.0,0.07142857142857142,0.10101525445522107,0.22619047619047616,0.08417937871268423,0.0,0.0,0.0,0.0,0.22619047619047616,0.08417937871268423,6.333333333333333,6.027713773341708,1.3333333333333333,1.3333333333333333,0.6666666666666666,0.0,0.3333333333333333,0.3333333333333333,0.0,0.0,0.6666666666666666,1.3333333333333333,,0.0,0.0,,0.3333333333333333,1.0,0.3333333333333333,-1.3333333333333333,0.22619047619047616,0.08417937871268423,0.22619047619047616,0.08417937871268423,0.11309523809523808,0.042089689356342115,0.0,0.0,0.07142857142857142,0.10101525445522107,0.22619047619047616,0.08417937871268423,0.0,0.0,0.0,0.0,0.22619047619047616,0.08417937871268423,6.333333333333333,6.027713773341708,1.3333333333333333,1.3333333333333333,0.6666666666666666,0.0,0.3333333333333333,0.3333333333333333,0.0,0.0,0.6666666666666666,1.3333333333333333,,0.0,0.0,,0.3333333333333333,1.0,0.3333333333333333,-1.3333333333333333,0.22619047619047616,0.08417937871268423,0.22619047619047616,0.08417937871268423,0.11309523809523808,0.042089689356342115,0.0,0.0,0.07142857142857142,0.10101525445522107,0.22619047619047616,0.08417937871268423,0.0,0.0,0.0,0.0,0.22619047619047616,0.08417937871268423,,,,OKC,True,8.0,1.4333333333333331,1.4333333333333331,0.7166666666666666,0.0,0.176,0.144,0.48,3.583333333333333,2.8666666666666663,2.1499999999999995,2.1499999999999995,0.31999999999999995,1.058,1.474,0.752,0.044,3.284,0.23,0.068,0.326,1.4193787373354583,1.1425077680261084,0.8593578998298672,0.25,2.040427406206847,0.4659399102888697,0.25174590364095295,0.582858473387837
4897943,Dalton Knecht,LAL,2026-05-09,1.0,2.0,2.0,5.0,13.0,2,1,0,0,0,0,0,1,1,1,,0,0,,0,1,0,-1,2.0,1.0,0.5,0.0,0.0,0.0,0.5,0.0,0.5,1.0,0.0,2.3333333333333335,0.5773502691896264,0.6666666666666666,0.6666666666666666,0.0,0.0,0.3333333333333333,0.0,0.0,0.3333333333333333,0.3333333333333333,1.0,,0.0,0.0,,0.0,0.6666666666666666,0.0,-2.3333333333333335,0.3333333333333333,0.5773502691896258,0.2777777777777778,0.2545875386086578,0.0,0.0,0.0,0.0,0.1111111111111111,0.19245008972987526,0.4444444444444444,0.09622504486493766,0.0,0.0,0.16666666666666666,0.2886751345948129,0.611111111111111,0.34694433324435553,2.8,2.5884358211089573,2.0,1.0,0.0,0.4,0.8,0.0,0.0,0.2,0.6,1.2,,0.4,0.4,,0.0,1.0,0.0,-0.6,0.5357142857142857,0.6213327786047566,0.31547619047619047,0.22112113834531796,0.0,0.0,0.07142857142857142,0.14285714285714285,0.19047619047619047,0.22335313142016328,0.44047619047619047,0.0789672569132238,0.07142857142857142,0.14285714285714285,0.125,0.25,0.5969047619047618,0.2847001844244887,3.0,3.8873012632302,2.7,0.7,0.4,0.7,1.0,0.1,0.0,0.1,0.9,1.5,,0.2,0.2,,0.0,0.7,0.3,-0.7,0.5932539682539683,0.6635307480937948,0.2380952380952381,0.21560440805089084,0.05555555555555555,0.13608276348795434,0.11706349206349205,0.18602182513228926,0.21031746031746032,0.23638273025436832,0.41865079365079366,0.2472543865545078,0.047619047619047616,0.11664236870396086,0.08333333333333333,0.2041241452319315,0.5229365079365079,0.34353113866878476,,,,OKC,True,6.425,1.74,0.84,0.08000000000000002,0.27999999999999997,0.14134999999999998,0.11564999999999999,0.38549999999999995,2.66,2.58,1.82,0.9199999999999999,0.25699999999999995,1.834,0.752,0.14,0.254,2.726,0.136,0.048,0.224,2.079048820975592,0.9156942721236166,0.35832945734337834,0.4954634194367935,2.287995629366455,0.3708153179144572,0.25,0.4624110725317897
5060631,Adou Thiero,LAL,2026-05-09,1.0,2.0,2.0,5.0,13.0,0,3,0,0,0,0,0,1,0,0,,0,0,,1,2,1,3,6.0,0.0,0.5,0.0,0.0,0.0,0.0,0.0,0.16666666666666666,0.16666666666666666,0.0,3.6666666666666665,2.0816659994661326,0.6666666666666666,1.3333333333333333,0.0,0.0,0.0,0.0,0.0,0.3333333333333333,0.3333333333333333,0.3333333333333333,,0.0,0.6666666666666666,,0.6666666666666666,0.6666666666666666,0.6666666666666666,-1.0,0.2222222222222222,0.3849001794597505,0.27777777777777773,0.2545875386086578,0.0,0.0,0.0,0.0,0.0,0.0,0.1111111111111111,0.19245008972987526,0.2222222222222222,0.3849001794597505,0.05555555555555555,0.09622504486493763,0.26444444444444437,0.3245737946109453,3.4,2.6076809620810595,1.0,0.8,0.0,0.0,0.0,0.0,0.0,0.4,0.4,0.4,,0.2,0.6,,0.4,0.4,0.6,0.2,0.29166666666666663,0.3435921354681384,0.20833333333333331,0.25,0.0,0.0,0.0,0.0,0.0,0.0,0.12499999999999999,0.15957118462605635,0.20833333333333331,0.31549490810001524,0.08333333333333333,0.09622504486493763,0.3,0.27438820836342237,3.6,4.060651288757614,1.3,0.8,0.2,0.0,0.0,0.0,0.0,0.4,0.6,0.7,,0.1,0.3,,0.3,0.5,0.5,-0.9,0.3055555555555555,0.34020690871988585,0.19444444444444442,0.22152668930418765,0.027777777777777776,0.06804138174397717,0.0,0.0,0.0,0.0,0.1626984126984127,0.14938776542796803,0.13888888888888887,0.26701366312662034,0.08333333333333333,0.09128709291752768,0.3071428571428571,0.24093751130478103,,,,OKC,True,6.6875,1.5041470588235295,1.4601176470588235,0.016000000000000004,0.0,0.0,0.0,0.7867647058823529,2.980264705882353,2.964264705882353,1.5201470588235295,1.4761176470588235,0.0,0.762,0.962,0.112,0.026,1.836,0.006,0.004,0.268,1.3241434967555443,1.0082440180829242,0.3456240732356472,0.25,1.7381323309805845,0.25,0.25,0.5551360193682267
2991350,Alex Caruso,OKC,2026-05-09,0.0,2.0,2.0,2.0,6.0,5,4,4,1,5,2,0,1,2,6,,0,0,,0,4,0,17,22.0,0.22727272727272727,0.18181818181818182,0.18181818181818182,0.045454545454545456,0.22727272727272727,0.2727272727272727,0.0,0.045454545454545456,0.3181818181818182,0.0,18.333333333333332,4.725815626252608,4.0,3.3333333333333335,2.0,0.6666666666666666,3.6666666666666665,0.6666666666666666,0.0,0.3333333333333333,1.6666666666666667,4.666666666666667,,0.0,0.0,,0.0,3.3333333333333335,1.0,12.333333333333334,0.21037296037296035,0.05025526960920864,0.19650349650349652,0.10462202215209802,0.09393939393939395,0.09106048000798013,0.03181818181818182,0.027648920592264675,0.1937062937062937,0.03711567695025337,0.2511655011655012,0.02100328821787892,0.0,0.0,0.015151515151515152,0.0262431940540739,0.2663170163170163,0.04593390768983349,15.6,5.128352561983234,4.6,3.0,1.6,1.0,3.4,0.6,0.0,0.8,1.8,4.2,,0.0,0.0,,0.0,3.0,0.8,8.8,0.32314685314685315,0.17580605948353203,0.19944055944055944,0.10431236733471289,0.09636363636363636,0.09569234448684195,0.07447552447552448,0.07541594118001632,0.22237762237762237,0.05319054148398544,0.2722377622377622,0.03256594628970046,0.0,0.0,0.06447552447552449,0.082458791501912,0.3367132867132867,0.10959460995850824,15.6,5.128352561983234,4.6,3.0,1.6,1.0,3.4,0.6,0.0,0.8,1.8,4.2,,0.0,0.0,,0.0,3.0,0.8,8.8,0.32314685314685315,0.17580605948353203,0.19944055944055944,0.10431236733471289,0.09636363636363636,0.09569234448684195,0.07447552447552448,0.07541594118001632,0.22237762237762237,0.05319054148398544,0.2722377622377622,0.03256594628970046,0.0,0.0,0.06447552447552449,0.082458791501912,0.3367132867132867,0.10959460995850824,,,,LAL,False,18.647,4.4799999999999995,3.25,2.08,0.8999999999999999,0.41023399999999993,0.33564599999999994,1.11882,9.809999999999999,7.7299999999999995,6.56,5.33,0.7458799999999999,5.214,2.702,1.462,0.7,9.378,0.412,0.168,0.866,3.662813672574678,1.557304080775492,1.233108267752674,0.8449852069711044,4.245835135753625,0.62789808090167,0.3997199019313399,0.9165391426447644
3133626,Kenrich Williams,OKC,2026-05-09,0.0,2.0,2.0,2.0,7.0,0,0,0,0,1,0,0,0,0,1,,0,0,,0,0,0,1,2.0,0.0,0.0,0.0,0.0,0.5,0.5,0.0,0.0,0.5,0.0,12.0,17.320508075688775,5.0,4.0,0.3333333333333333,0.3333333333333333,2.3333333333333335,0.6666666666666666,0.0,0.6666666666666666,2.3333333333333335,7.666666666666667,,0.0,0.0,,2.3333333333333335,1.6666666666666667,0.6666666666666666,-7.0,0.15625,0.270632938682637,0.125,0.21650635094610965,0.010416666666666666,0.018042195912175818,0.010416666666666666,0.018042195912175808,0.22916666666666666,0.2525907427704613,0.3958333333333333,0.3553900439423329,0.0,0.0,0.020833333333333332,0.036084391824351615,0.4166666666666667,0.38188130791298663,10.4,12.759310326189265,3.4,3.4,0.4,0.2,2.0,0.4,0.0,0.4,1.6,6.0,,0.0,0.0,,1.6,1.8,0.4,-3.8,0.12708333333333333,0.20417729564169348,0.15833333333333335,0.21730674684008833,0.022916666666666665,0.03638385249286037,0.00625,0.013975424859373685,0.1875,0.2072890493972125,0.3541666666666667,0.33006207328655957,0.0,0.0,0.0125,0.02795084971874738,0.3666666666666667,0.346610572384757,10.0,11.454256850621082,4.166666666666667,3.0,0.5,0.5,2.0,0.3333333333333333,0.0,0.5,1.8333333333333333,5.5,,0.0,0.0,,1.3333333333333333,1.6666666666666667,0.5,-3.8333333333333335,0.2725694444444444,0.40043469580176466,0.1527777777777778,0.1948408657416687,0.03993055555555555,0.052875913878802305,0.046875,0.10029254084925758,0.19791666666666666,0.1871524556789642,0.3576388888888889,0.29533898445809814,0.0,0.0,0.03125,0.05229125165837972,0.3888888888888889,0.314760343871451,,,,LAL,False,6.901,3.5233333333333334,2.9899999999999998,0.33999999999999997,0.27,0.15182199999999998,0.12421799999999998,0.41406,6.8533333333333335,6.513333333333334,3.8633333333333333,3.3299999999999996,0.27603999999999995,2.818,1.988,0.416,0.336,5.222,0.196,0.072,0.34,2.6744861188647064,1.3942223639003932,0.609051721941577,0.5684223781660959,2.9974515842628717,0.4664590014138434,0.2661127580556783,0.5902541825349482
4222252,Isaiah Hartenstein,OKC,2026-05-09,0.0,2.0,2.0,2.0,6.0,10,9,1,0,0,2,2,1,5,6,,0,0,,4,5,2,1,27.0,0.37037037037037035,0.3333333333333333,0.037037037037037035,0.0,0.0,0.2222222222222222,0.0,0.037037037037037035,0.25925925925925924,0.0,24.0,3.6055512754639913,9.333333333333334,8.333333333333334,2.0,0.0,0.0,1.0,1.3333333333333333,0.3333333333333333,4.0,4.666666666666667,,1.3333333333333333,1.3333333333333333,,2.6666666666666665,5.666666666666667,3.0,6.666666666666667,0.3967901234567901,0.0928628155660841,0.34777777777777774,0.013471506281091256,0.08234567901234568,0.06756222893181536,0.0,0.0,0.0,0.0,0.1974074074074074,0.0684604358423182,0.06,0.052915026221291815,0.012345679012345678,0.021383343303319473,0.23615308641975308,0.07222728997731288,20.2,6.610597552415364,7.6,7.6,2.2,0.0,0.0,0.8,1.0,0.6,3.2,4.0,,1.2,1.2,,2.2,5.4,2.0,7.2,0.34333723196881094,0.21046392043386403,0.3928771929824561,0.06843607572362233,0.12098635477582846,0.07282513272423088,0.0,0.0,0.0,0.0,0.19107602339181287,0.07580329813993336,0.05705263157894737,0.0529275886460851,0.03793372319688109,0.04167429794576016,0.2541129044834308,0.08060983809883547,20.2,6.610597552415364,7.6,7.6,2.2,0.0,0.0,0.8,1.0,0.6,3.2,4.0,,1.2,1.2,,2.2,5.4,2.0,7.2,0.34333723196881094,0.21046392043386403,0.3928771929824561,0.06843607572362233,0.12098635477582846,0.07282513272423088,0.0,0.0,0.0,0.0,0.19107602339181287,0.07580329813993336,0.05705263157894737,0.0529275886460851,0.03793372319688109,0.04167429794576016,0.2541129044834308,0.08060983809883547,,,,LAL,False,23.634,8.48,8.03,1.96,0.0,0.519948,0.42541199999999996,1.41804,18.47,16.509999999999998,10.440000000000001,9.989999999999998,0.94536,5.28,4.924,1.73,0.366,11.934,0.536,0.21,1.094,3.583517824708006,2.135936328639035,1.3465140177510222,0.6000366655463648,4.638280284760722,0.7271203476729282,0.4667976006793523,1.0085454873232045
4278073,Shai Gilgeous-Alexander,OKC,2026-05-09,0.0,2.0,2.0,2.0,6.0,22,2,2,1,3,1,0,3,7,13,,7,9,,0,2,4,5,28.0,0.7857142857142857,0.07142857142857142,0.07142857142857142,0.03571428571428571,0.10714285714285714,0.4642857142857143,0.32142857142857145,0.10714285714285714,0.7128571428571429,0.0,31.0,3.60555127546399,20.0,1.6666666666666667,6.333333333333333,1.0,3.3333333333333335,1.0,1.0,4.333333333333333,8.0,15.0,,3.0,4.333333333333333,,0.0,1.6666666666666667,2.0,8.0,0.6555555555555556,0.13605498866095064,0.053968253968253964,0.019245008972987525,0.2031746031746032,0.15015738782580654,0.034126984126984124,0.0333616659634662,0.11190476190476191,0.08581343471876239,0.48650793650793656,0.07167945358689265,0.14682539682539683,0.15346218582834636,0.1357142857142857,0.05578749768504753,0.6868253968253969,0.023766500811995217,29.0,4.0,21.0,2.0,6.8,1.4,3.0,1.2,0.6,3.8,8.2,14.0,,3.2,4.2,,0.2,1.8,1.6,16.4,0.7385714285714287,0.15040007116320028,0.07285714285714286,0.05475155181639927,0.2373809523809524,0.11606868128616868,0.05142857142857142,0.03369699583560338,0.10642857142857143,0.0640073337634853,0.48238095238095235,0.06612449606304638,0.15119047619047618,0.11441584852876732,0.12785714285714284,0.04137311559307024,0.6767619047619048,0.029558428244277693,29.0,4.0,21.0,2.0,6.8,1.4,3.0,1.2,0.6,3.8,8.2,14.0,,3.2,4.2,,0.2,1.8,1.6,16.4,0.7385714285714287,0.15040007116320028,0.07285714285714286,0.05475155181639927,0.2373809523809524,0.11606868128616868,0.05142857142857142,0.03369699583560338,0.10642857142857143,0.0640073337634853,0.48238095238095235,0.06612449606304638,0.15119047619047618,0.11441584852876732,0.12785714285714284,0.04137311559307024,0.6767619047619048,0.029558428244277693,,,,LAL,False,30.1675,20.849999999999998,1.9,5.94,1.22,0.663685,0.5430149999999999,1.81005,28.689999999999998,22.749999999999996,26.79,7.84,1.2066999999999999,11.616,2.528,3.018,1.234,17.162,0.722,0.3,1.256,5.524540161859628,1.5010716172121836,1.7104607566383978,1.153795475810163,5.993309269510459,0.8536486396638842,0.5495452665613635,1.102027222894244
4395702,Isaiah Joe,OKC,2026-05-09,0.0,2.0,2.0,2.0,7.0,4,0,3,0,1,0,0,0,2,3,,0,0,,0,0,0,-1,9.0,0.4444444444444444,0.0,0.3333333333333333,0.0,0.1111111111111111,0.3333333333333333,0.0,0.0,0.3333333333333333,0.0,6.666666666666667,5.859465277082318,4.333333333333333,0.3333333333333333,1.3333333333333333,0.3333333333333333,1.3333333333333333,0.3333333333333333,0.0,0.0,2.0,3.0,,0.0,0.0,,0.0,0.3333333333333333,0.0,3.3333333333333335,0.6313131313131314,0.26427223135254807,0.045454545454545456,0.0642824346533225,0.2121212121212121,0.17141982574219333,0.045454545454545456,0.0642824346533225,0.1919191919191919,0.11427988382812888,0.43939393939393934,0.14999234752441915,0.0,0.0,0.0,0.0,0.43939393939393934,0.14999234752441915,12.2,8.814760348415605,10.4,1.0,1.2,2.2,4.0,0.2,0.0,0.2,3.6,5.4,,1.0,1.0,,0.0,1.0,0.6,10.2,0.793917435221783,0.24452755073066057,0.07224418093983312,0.04931089053668069,0.12779973649538867,0.14330145382006562,0.14953886693017127,0.1416260683653284,0.2970465524813351,0.1595899184172484,0.4425230566534914,0.09737255297043135,0.05434782608695652,0.10869565217391305,0.013888888888888888,0.027777777777777773,0.48032498902064114,0.10255408545467398,12.5,7.918333157931662,10.166666666666666,1.1666666666666667,1.1666666666666667,2.1666666666666665,4.0,0.3333333333333333,0.0,0.5,3.5,5.333333333333333,,1.0,1.0,,0.16666666666666666,1.0,0.8333333333333334,10.166666666666666,0.763705376748855,0.2222816562058371,0.08636677332329505,0.05311224926782395,0.11652550348202521,0.12663736277420803,0.1482025221155656,0.1226881677986232,0.2947800991279252,0.13830180981944493,0.4254470167513646,0.09256898102323335,0.0577639751552795,0.09444262265216503,0.03968253968253968,0.06249212598422072,0.4905457055022272,0.09170779988402437,,,,LAL,False,10.078,7.573333333333332,0.6833333333333333,1.5033333333333332,1.3033333333333332,0.22171599999999997,0.18140399999999998,0.60468,9.76,8.256666666666666,9.076666666666666,2.1866666666666665,0.4031199999999999,5.496,0.96,0.844,0.792,7.3,0.258,0.078,0.46,3.7802095180029376,0.9748846085563152,0.9119561392961836,0.8903572316772634,4.057831933434405,0.5171421468029848,0.27552858290928733,0.6726068688320094
4397020,Luguentz Dort,OKC,2026-05-09,0.0,2.0,2.0,2.0,7.0,3,1,2,1,6,1,0,2,1,6,,0,0,,0,1,2,-1,23.0,0.13043478260869565,0.043478260869565216,0.08695652173913043,0.043478260869565216,0.2608695652173913,0.2608695652173913,0.0,0.08695652173913043,0.34782608695652173,0.0,23.666666666666668,4.04145188432738,4.666666666666667,2.3333333333333335,2.3333333333333335,1.3333333333333333,5.0,0.3333333333333333,0.0,1.3333333333333333,1.6666666666666667,6.0,,0.0,0.0,,0.0,2.3333333333333335,1.3333333333333333,-2.3333333333333335,0.19824016563146998,0.06137633930244818,0.1002070393374741,0.05359850187566067,0.0932712215320911,0.04674953283193716,0.05496894409937888,0.01462267995899814,0.21314699792960665,0.042695181107124947,0.2631469979296066,0.08573697452283469,0.0,0.0,0.05279503105590062,0.04637634945052198,0.3159420289855073,0.05711781564909727,22.8,3.2710854467592254,5.6,2.0,1.8,1.6,4.8,1.6,0.0,1.0,2.0,5.6,,0.0,0.0,,0.0,2.0,1.6,6.6,0.2485093167701863,0.08311164783091207,0.08881987577639752,0.04559456795646054,0.07335403726708074,0.052742209600898635,0.07037267080745342,0.023938842258269973,0.2113664596273292,0.030906160744436667,0.25006211180124227,0.06678008015676812,0.0,0.0,0.040372670807453416,0.04001272896498486,0.29043478260869565,0.06490140843337038,22.5,3.0166206257996713,6.833333333333333,2.3333333333333335,1.8333333333333333,1.8333333333333333,4.833333333333333,1.5,0.16666666666666666,1.0,2.5,5.833333333333333,,0.0,0.0,,0.0,2.3333333333333335,1.5,9.5,0.31026570048309177,0.16855011830286362,0.10576259489302968,0.058184414477586655,0.07700138026224983,0.048012615054947305,0.08245341614906833,0.036525620911721235,0.21582125603864735,0.02971908282512307,0.2639406487232574,0.0687266033437557,0.0,0.0,0.04158040027605245,0.03591053391689138,0.3055210489993099,0.06881371124245214,,,,LAL,False,23.8945,5.176666666666666,2.0166666666666666,1.9966666666666666,1.4766666666666666,0.525679,0.43010099999999996,1.43367,9.19,7.1933333333333325,7.173333333333332,4.013333333333334,0.95578,7.328,2.382,1.59,1.17,11.3,0.51,0.208,0.984,4.238916842779532,1.5073407046849097,1.2481586437628833,1.092291169972549,4.709777064787674,0.7084490101623405,0.46123312977278635,0.9485483646077305
4397183,Aaron Wiggins,OKC,2026-05-09,0.0,2.0,2.0,2.0,7.0,0,0,0,0,0,1,0,0,0,0,,0,0,,0,0,0,1,2.0,0.0,0.0,0.0,0.0,0.0,0.0,0.0,0.0,0.0,0.0,10.666666666666666,12.503332889007368,4.333333333333333,1.0,1.0,0.6666666666666666,2.0,1.3333333333333333,0.0,0.0,1.6666666666666667,4.333333333333333,,0.3333333333333333,0.6666666666666666,,0.3333333333333333,0.6666666666666666,0.6666666666666666,-1.0,0.17333333333333334,0.30022213997860536,0.04000000000000001,0.06928203230275506,0.04,0.06928203230275508,0.02666666666666667,0.04618802153517007,0.08,0.1385640646055102,0.28,0.24331050121192882,0.02666666666666667,0.046188021535170064,0.0,0.0,0.29173333333333334,0.2554310343974148,11.2,10.52140675005011,5.0,1.2,0.6,0.8,2.0,1.0,0.0,0.4,2.0,4.2,,0.2,0.4,,0.2,1.0,1.0,-0.4,0.304,0.27763285108214414,0.094,0.1033440854621105,0.024,0.05366563145999496,0.036,0.049799598391954934,0.088,0.12132600710482482,0.288,0.17598295371995548,0.016,0.03577708763999663,0.06,0.10839741694339401,0.35504,0.20343797089039203,10.666666666666666,9.500877152487904,4.166666666666667,1.0,0.6666666666666666,0.6666666666666666,2.0,0.8333333333333334,0.16666666666666666,0.3333333333333333,1.6666666666666667,4.0,,0.16666666666666666,0.3333333333333333,,0.16666666666666666,0.8333333333333334,1.0,-1.0,0.25333333333333335,0.27760883751542687,0.07833333333333332,0.1000832986400162,0.04083333333333333,0.06327848502189877,0.03,0.046904157598234304,0.11499999999999999,0.12708265027138838,0.3025,0.16136139563104923,0.013333333333333334,0.032659863237109045,0.049999999999999996,0.1,0.35836666666666667,0.18214281942109786,,,,LAL,False,7.434666666666666,3.8833333333333333,0.9199999999999999,0.6433333333333333,0.6133333333333333,0.16356266666666663,0.13382399999999997,0.4460799999999999,5.446666666666666,4.803333333333333,4.526666666666666,1.5633333333333332,0.2973866666666666,3.338,1.012,0.56,0.48,4.91,0.186,0.084,0.368,3.05544693948365,1.0078968201160277,0.7472616676907762,0.7138627319029899,3.373707159787287,0.43290183644794117,0.2845065904333325,0.6297428046432926
4432823,Jaylin Williams,OKC,2026-05-09,0.0,2.0,2.0,2.0,7.0,7,2,1,2,4,0,0,0,2,4,,1,1,,0,2,2,12,15.0,0.4666666666666667,0.13333333333333333,0.06666666666666667,0.13333333333333333,0.26666666666666666,0.26666666666666666,0.06666666666666667,0.0,0.29600000000000004,0.0,11.666666666666666,10.408329997330664,3.3333333333333335,3.0,1.3333333333333333,1.0,2.0,0.3333333333333333,0.0,0.6666666666666666,1.0,2.3333333333333335,,0.3333333333333333,0.3333333333333333,,0.6666666666666666,2.3333333333333335,1.6666666666666667,7.666666666666667,0.30833333333333335,0.22391714737574003,0.24166666666666664,0.15320646925708528,0.10833333333333334,0.05892556509887896,0.09166666666666667,0.05892556509887895,0.18333333333333335,0.1178511301977579,0.20833333333333331,0.08249579113843056,0.03333333333333333,0.04714045207910317,0.05,0.07071067811865477,0.273,0.03252691193458122,12.6,7.469939758793239,3.0,3.6,1.6,0.8,1.8,0.2,0.0,0.4,1.0,2.2,,0.2,0.2,,0.4,3.2,1.2,7.4,0.24345238095238095,0.20876825350964975,0.28154761904761905,0.10389931677932672,0.1255952380952381,0.07039933067605962,0.06369047619047619,0.05523860837200086,0.14523809523809522,0.11923794310046586,0.17559523809523808,0.1315408854126632,0.016666666666666666,0.03333333333333333,0.025,0.05,0.2079285714285714,0.14001367766033715,12.5,6.685805860178712,3.5,3.5,1.8333333333333333,1.0,2.1666666666666665,0.16666666666666666,0.0,0.3333333333333333,1.1666666666666667,2.6666666666666665,,0.16666666666666666,0.16666666666666666,,0.3333333333333333,3.1666666666666665,1.5,7.833333333333333,0.2947619047619048,0.21412957274253946,0.2752380952380952,0.09107882011709914,0.15047619047619049,0.0825370115562951,0.08428571428571428,0.06640253799482512,0.18285714285714286,0.13318869706151235,0.22380952380952382,0.156844955723971,0.013333333333333332,0.029814239699997195,0.02,0.0447213595499958,0.24967619047619047,0.15302676540300136,,,,LAL,False,14.354000000000001,3.8,3.16,1.4766666666666666,1.0799999999999998,0.315788,0.258372,0.86124,8.436666666666667,6.96,5.276666666666666,4.636666666666667,0.57416,4.522,2.49,1.1,0.714,8.112,0.338,0.12,0.586,3.2774252089101896,1.5918228544659108,1.0029955134495867,0.7721424738997331,3.8371155833516406,0.5689956063099257,0.34292856398964494,0.7580263847650687
4433255,Chet Holmgren,OKC,2026-05-09,0.0,2.0,2.0,2.0,6.0,22,9,3,3,5,4,2,2,7,11,,5,7,,3,6,3,19,33.0,0.6666666666666666,0.2727272727272727,0.09090909090909091,0.09090909090909091,0.15151515151515152,0.3333333333333333,0.21212121212121213,0.06060606060606061,0.48727272727272725,0.0,31.666666666666668,1.154700538379251,25.333333333333332,11.666666666666666,3.0,2.6666666666666665,3.6666666666666665,2.3333333333333335,3.0,1.3333333333333333,8.666666666666666,13.666666666666666,,5.333333333333333,7.0,,3.0,8.666666666666666,2.0,16.0,0.8028673835125448,0.15257201902360404,0.37047898338220914,0.09059321403008921,0.09481915933528835,0.06460493310599534,0.08406647116324535,0.017183182630739927,0.11502117953730857,0.045160161861605784,0.4336917562724014,0.10824135391069174,0.22124470511567285,0.09709620553994716,0.041707396546106223,0.036172535904536764,0.5727468230694037,0.0747390223402101,27.8,5.357238094391549,22.4,10.4,2.0,2.6,3.8,1.8,3.0,1.4,8.0,12.4,,3.8,5.2,,2.2,8.2,2.0,21.6,0.8089931573802541,0.1449378857593775,0.37683284457478006,0.08064516129032258,0.06598240469208212,0.06248467962657629,0.09589442815249268,0.052290769837624984,0.14173998044965788,0.05823512526848536,0.4511241446725317,0.08176888235153457,0.17820136852394916,0.09190194543488203,0.052297165200391,0.03350759824242935,0.5818299120234605,0.05475082581077124,27.8,5.357238094391549,22.4,10.4,2.0,2.6,3.8,1.8,3.0,1.4,8.0,12.4,,3.8,5.2,,2.2,8.2,2.0,21.6,0.8089931573802541,0.1449378857593775,0.37683284457478006,0.08064516129032258,0.06598240469208212,0.06248467962657629,0.09589442815249268,0.052290769837624984,0.14173998044965788,0.05823512526848536,0.4511241446725317,0.08176888235153457,0.17820136852394916,0.09190194543488203,0.052297165200391,0.03350759824242935,0.5818299120234605,0.05475082581077124,,,,LAL,False,30.531000000000002,23.22,10.569999999999999,2.4499999999999997,2.68,0.671682,0.549558,1.83186,36.24,33.79,25.669999999999998,13.019999999999998,1.2212399999999999,13.386,6.046,1.652,1.656,21.084,0.64,0.27,1.294,5.37187155468185,2.542416960295852,1.3201878654191606,1.2544576517363988,5.975026694501038,0.8014985963805551,0.5339475629684998,1.0915878343037724
4592435,Branden Carlson,OKC,2026-05-09,0.0,29.0,0.0,0.0,5.0,23,12,5,3,10,0,1,0,8,18,,4,4,,3,9,2,-21,37.0,0.6216216216216216,0.32432432432432434,0.13513513513513514,0.08108108108108109,0.2702702702702703,0.4864864864864865,0.10810810810810811,0.0,0.5340540540540542,0.0,14.666666666666666,19.65536398374076,10.333333333333334,4.666666666666667,2.0,1.3333333333333333,4.0,0.0,0.3333333333333333,0.0,3.6666666666666665,7.333333333333333,,1.6666666666666667,2.0,,1.0,3.6666666666666665,1.0,-7.333333333333333,0.8822393822393821,0.3685691716609417,0.305019305019305,0.027301420123032747,0.138996138996139,0.005460284024606534,0.11196911196911197,0.04368227219685235,0.277992277992278,0.010920568049213068,0.528957528957529,0.06006312427067199,0.1969111969111969,0.1255865325659505,0.0,0.0,0.6155984555984557,0.11532119859969021,13.0,16.391054470858997,10.5,4.0,1.5,1.25,3.5,0.0,0.5,0.0,4.0,7.0,,1.25,1.5,,1.0,3.0,0.75,-6.5,1.0464929214929215,0.38582287726540826,0.28667953667953666,0.037171562768281305,0.09266409266409266,0.08034228589453596,0.11631274131274132,0.031791064778715156,0.26866151866151866,0.017911410115465605,0.6026383526383526,0.13450048618287958,0.13127413127413126,0.14425900920671353,0.0,0.0,0.6603989703989704,0.11256441623536284,13.0,16.391054470858997,10.5,4.0,1.5,1.25,3.5,0.0,0.5,0.0,4.0,7.0,,1.25,1.5,,1.0,3.0,0.75,-6.5,1.0464929214929215,0.38582287726540826,0.28667953667953666,0.037171562768281305,0.09266409266409266,0.08034228589453596,0.11631274131274132,0.031791064778715156,0.26866151866151866,0.017911410115465605,0.6026383526383526,0.13450048618287958,0.13127413127413126,0.14425900920671353,0.0,0.0,0.6603989703989704,0.11256441623536284,,,,LAL,False,17.1,12.325,5.3999999999999995,2.175,1.5374999999999999,0.37620000000000003,0.3078,1.026,19.9,17.724999999999998,14.5,7.574999999999999,0.684,7.408,3.466,1.354,0.882,12.228,0.382,0.168,0.702,4.3641191551102265,1.848470719270392,1.2135419234620615,0.9592059215830561,4.920164224901441,0.5762603578244819,0.4096046874731782,0.8445093249929215
4593803,Jalen Williams,OKC,2026-05-09,0.0,31.0,0.0,0.0,3.0,18,6,6,0,1,2,0,3,7,12,,4,4,,1,5,3,13,32.0,0.5625,0.1875,0.1875,0.0,0.03125,0.375,0.125,0.09375,0.5237499999999999,0.0,29.0,4.242640687119285,16.5,4.0,6.5,0.5,1.5,1.0,0.0,2.0,6.0,10.5,,4.0,4.0,,1.0,3.0,1.5,22.0,0.5697115384615384,0.01019865549788286,0.13221153846153846,0.07818969215043554,0.2283653846153846,0.05779238115466974,0.019230769230769232,0.02719641466102106,0.054086538461538464,0.03229574240996251,0.3605769230769231,0.020397310995765798,0.13942307692307693,0.020397310995765798,0.06610576923076923,0.03909484607521777,0.4880288461538461,0.050517340232846576,29.0,4.242640687119285,16.5,4.0,6.5,0.5,1.5,1.0,0.0,2.0,6.0,10.5,,4.0,4.0,,1.0,3.0,1.5,22.0,0.5697115384615384,0.01019865549788286,0.13221153846153846,0.07818969215043554,0.2283653846153846,0.05779238115466974,0.019230769230769232,0.02719641466102106,0.054086538461538464,0.03229574240996251,0.3605769230769231,0.020397310995765798,0.13942307692307693,0.020397310995765798,0.06610576923076923,0.03909484607521777,0.4880288461538461,0.050517340232846576,29.0,4.242640687119285,16.5,4.0,6.5,0.5,1.5,1.0,0.0,2.0,6.0,10.5,,4.0,4.0,,1.0,3.0,1.5,22.0,0.5697115384615384,0.01019865549788286,0.13221153846153846,0.07818969215043554,0.2283653846153846,0.05779238115466974,0.019230769230769232,0.02719641466102106,0.054086538461538464,0.03229574240996251,0.3605769230769231,0.020397310995765798,0.13942307692307693,0.020397310995765798,0.06610576923076923,0.03909484607521777,0.4880288461538461,0.050517340232846576,,,,LAL,False,29.45,16.725,4.3,6.425,0.42499999999999993,0.6478999999999999,0.5300999999999999,1.767,27.450000000000003,21.025000000000002,23.150000000000002,10.725,1.178,9.162,3.974,3.206,0.834,16.342,0.662,0.284,1.25,4.640232321770108,1.9923162399579037,1.7965422344047468,0.9457504956382523,5.251765036632922,0.7973430880116789,0.5323006669167342,1.0933892262136116
4683692,Cason Wallace,OKC,2026-05-09,0.0,2.0,2.0,2.0,7.0,12,2,4,2,3,1,1,0,4,7,,2,2,,1,1,3,17,31.0,0.3870967741935484,0.06451612903225806,0.12903225806451613,0.06451612903225806,0.0967741935483871,0.22580645161290322,0.06451612903225806,0.0,0.2541935483870968,0.0,16.666666666666668,15.631165450257805,5.666666666666667,2.0,2.0,1.0,2.0,1.3333333333333333,0.6666666666666666,0.6666666666666666,2.0,4.333333333333333,,0.6666666666666666,0.6666666666666666,,0.6666666666666666,1.3333333333333333,1.6666666666666667,9.333333333333334,0.32512733446519526,0.08763802211649908,0.13752122241086587,0.1032447931783414,0.11714770797962648,0.016807291912753253,0.05857385398981324,0.008403645956376627,0.12733446519524616,0.04321875063279406,0.2707979626485569,0.06362760509828017,0.03225806451612903,0.045619792334615966,0.05263157894736842,0.07443229275647868,0.33762308998302204,0.11798718922752778,18.8,11.454256850621082,5.0,2.0,2.0,1.0,2.6,1.4,0.6,0.8,1.6,4.6,,0.8,0.8,,0.8,1.2,2.0,11.4,0.25262577903383987,0.10244347334817579,0.11430926544973935,0.06544452951955732,0.10308731154674905,0.038740534473068376,0.05206125411705983,0.009107691826560994,0.1449301725562152,0.06958867692203251,0.25030581362241505,0.0631874030171105,0.037868162692847124,0.044675782385788836,0.05012531328320802,0.05802424512676804,0.31709311849047583,0.0997496555626296,19.333333333333332,10.327955589886445,6.833333333333333,2.5,1.8333333333333333,1.5,3.0,1.5,0.5,0.6666666666666666,2.3333333333333335,5.5,,0.6666666666666666,0.6666666666666666,,0.6666666666666666,1.8333333333333333,1.6666666666666667,12.833333333333334,0.3475551686816173,0.23006291317425898,0.13690195781433695,0.07592357061172694,0.09156075832830834,0.04230755138189848,0.07801263965728422,0.0585626552940741,0.16139868349951764,0.07062575472352575,0.29115374180702297,0.10647653314185938,0.0302945301542777,0.042234389991843826,0.040100250626566414,0.055023805514035455,0.3445835857014716,0.10602416835817008,,,,LAL,False,21.81283333333333,6.616666666666667,2.0999999999999996,2.2666666666666666,1.25,0.47988233333333324,0.3926309999999999,1.3087699999999998,10.983333333333334,8.716666666666667,8.883333333333333,4.366666666666666,0.8725133333333331,6.848,2.244,1.734,0.966,10.826,0.492,0.232,0.958,4.276084190003747,1.5583529767032884,1.255087247963264,1.031912787012546,4.705711848381709,0.6825950483266049,0.47557964632645916,0.9466974173409368
4683778,Jared McCain,OKC,2026-05-09,0.0,2.0,2.0,2.0,7.0,18,0,0,4,5,0,0,1,7,11,,0,0,,0,0,3,1,18.0,1.0,0.0,0.0,0.2222222222222222,0.2777777777777778,0.6111111111111112,0.0,0.05555555555555555,0.6666666666666666,0.0,19.333333333333332,5.131601439446884,15.0,1.0,1.3333333333333333,3.6666666666666665,6.0,0.0,0.0,0.6666666666666666,5.666666666666667,9.666666666666666,,0.0,0.0,,0.3333333333333333,0.6666666666666666,2.0,0.3333333333333333,0.7999999999999999,0.19999999999999993,0.05777777777777778,0.06842135252595845,0.07111111111111111,0.06710963942462889,0.20296296296296293,0.07520616383109366,0.31037037037037035,0.02900262511178059,0.505925925925926,0.0920636745117696,0.0,0.0,0.03185185185185185,0.028660062403189746,0.5377777777777778,0.11181996111474796,15.6,7.569676347110224,12.8,1.0,1.0,2.8,4.6,0.0,0.0,1.0,4.8,8.0,,0.4,0.4,,0.2,0.8,1.8,1.0,0.8674999999999999,0.1703855921138873,0.059666666666666666,0.06557862117760296,0.055166666666666676,0.05671688950881876,0.15927777777777777,0.10392668652872325,0.28622222222222227,0.038909518337855976,0.5535555555555556,0.127686924222036,0.025,0.05590169943749475,0.1316111111111111,0.20735552013002947,0.6961666666666666,0.32139863617217374,15.5,6.774953874381729,11.166666666666666,1.0,1.1666666666666667,2.5,4.5,0.16666666666666666,0.0,1.0,4.166666666666667,7.333333333333333,,0.3333333333333333,0.3333333333333333,,0.16666666666666666,0.8333333333333334,1.6666666666666667,0.6666666666666666,0.75625,0.3122248788934027,0.06083333333333333,0.058724876424826225,0.06819444444444445,0.05993148093787944,0.14384259259259258,0.10034976127763018,0.28296296296296297,0.03570570149628157,0.5057407407407407,0.16358697866418762,0.020833333333333332,0.05103103630798288,0.12078703703703703,0.18734997427296943,0.6356944444444445,0.32338677250257103,,,,LAL,False,16.864,13.913333333333334,0.8499999999999999,0.9833333333333334,3.1799999999999997,0.371008,0.303552,1.01184,15.746666666666666,14.763333333333334,14.896666666666668,1.8333333333333333,0.67456,9.088,1.248,0.86,1.406,11.196,0.358,0.222,0.708,4.810431997232681,1.0855855562782695,0.9467840302835699,1.1954764740470638,5.141360131327118,0.6015280542086129,0.4480133926569607,0.8165390376460883
4684208,Brooks Barnhizer,OKC,2026-05-09,0.0,29.0,0.0,0.0,3.0,14,9,2,1,3,2,0,2,5,10,,3,4,,2,7,3,-15,33.0,0.42424242424242425,0.2727272727272727,0.06060606060606061,0.030303030303030304,0.09090909090909091,0.30303030303030304,0.12121212121212122,0.06060606060606061,0.416969696969697,0.0,19.5,19.091883092036785,8.0,6.5,1.0,0.5,1.5,1.0,0.0,1.0,3.0,6.0,,1.5,2.0,,2.0,4.5,2.0,-8.0,0.3787878787878788,0.06428243465332252,0.46969696969696967,0.27855721683106416,0.030303030303030304,0.04285495643554834,0.015151515151515152,0.02142747821777417,0.045454545454545456,0.0642824346533225,0.3181818181818182,0.02142747821777415,0.06060606060606061,0.08570991287109668,0.030303030303030304,0.04285495643554834,0.3751515151515151,0.05913983988105675,19.5,19.091883092036785,8.0,6.5,1.0,0.5,1.5,1.0,0.0,1.0,3.0,6.0,,1.5,2.0,,2.0,4.5,2.0,-8.0,0.3787878787878788,0.06428243465332252,0.46969696969696967,0.27855721683106416,0.030303030303030304,0.04285495643554834,0.015151515151515152,0.02142747821777417,0.045454545454545456,0.0642824346533225,0.3181818181818182,0.02142747821777415,0.06060606060606061,0.08570991287109668,0.030303030303030304,0.04285495643554834,0.3751515151515151,0.05913983988105675,19.5,19.091883092036785,8.0,6.5,1.0,0.5,1.5,1.0,0.0,1.0,3.0,6.0,,1.5,2.0,,2.0,4.5,2.0,-8.0,0.3787878787878788,0.06428243465332252,0.46969696969696967,0.27855721683106416,0.030303030303030304,0.04285495643554834,0.015151515151515152,0.02142747821777417,0.045454545454545456,0.0642824346533225,0.3181818181818182,0.02142747821777415,0.06060606060606061,0.08570991287109668,0.030303030303030304,0.04285495643554834,0.3751515151515151,0.05913983988105675,,,,LAL,False,21.525,8.9,6.874999999999999,1.15,0.575,0.4735499999999999,0.38744999999999996,1.2914999999999999,16.924999999999997,15.774999999999999,10.05,8.024999999999999,0.8609999999999999,6.632,4.472,1.11,0.706,12.214,0.522,0.186,0.946,4.000571959107847,1.9802060498847083,1.0304853225543777,0.8435425300481298,4.613047149119549,0.7331548267589869,0.42356109358627364,0.9731824083901229
4697270,Payton Sandfort,OKC,2026-05-09,0.0,29.0,0.0,0.0,2.0,8,4,0,1,4,0,0,0,3,8,,1,2,,0,4,2,-11,28.0,0.2857142857142857,0.14285714285714285,0.0,0.03571428571428571,0.14285714285714285,0.2857142857142857,0.07142857142857142,0.0,0.31714285714285717,0.0,28.0,,8.0,4.0,0.0,1.0,4.0,0.0,0.0,0.0,3.0,8.0,,1.0,2.0,,0.0,4.0,2.0,-11.0,0.2857142857142857,,0.14285714285714285,,0.0,,0.03571428571428571,,0.14285714285714285,,0.2857142857142857,,0.07142857142857142,,0.0,,0.31714285714285717,,28.0,,8.0,4.0,0.0,1.0,4.0,0.0,0.0,0.0,3.0,8.0,,1.0,2.0,,0.0,4.0,2.0,-11.0,0.2857142857142857,,0.14285714285714285,,0.0,,0.03571428571428571,,0.14285714285714285,,0.2857142857142857,,0.07142857142857142,,0.0,,0.31714285714285717,,28.0,,8.0,4.0,0.0,1.0,4.0,0.0,0.0,0.0,3.0,8.0,,1.0,2.0,,0.0,4.0,2.0,-11.0,0.2857142857142857,,0.14285714285714285,,0.0,,0.03571428571428571,,0.14285714285714285,,0.2857142857142857,,0.07142857142857142,,0.0,,0.31714285714285717,,,,,LAL,False,28.0,8.0,4.0,0.0,1.0,0.616,0.504,1.68,12.0,12.0,8.0,4.0,1.12,7.998,3.788,0.666,1.058,12.452,0.636,0.24,1.164,4.390671474842999,1.8833629496196425,0.8381193232469946,0.9708944329843486,4.953351996375788,0.7996899399142144,0.4841487374764082,1.0793998332406765
4900671,Ajay Mitchell,OKC,2026-05-09,0.0,2.0,2.0,2.0,7.0,20,3,6,0,3,0,0,2,7,12,,6,7,,1,2,2,18,30.0,0.6666666666666666,0.1,0.2,0.0,0.1,0.4,0.23333333333333334,0.06666666666666667,0.5693333333333332,0.0,19.333333333333332,16.77299416721217,12.666666666666666,1.6666666666666667,3.3333333333333335,0.3333333333333333,2.6666666666666665,0.0,0.0,1.0,4.666666666666667,9.333333333333334,,3.0,3.3333333333333335,,0.3333333333333333,1.3333333333333333,1.0,10.666666666666666,0.6547619047619049,0.016835875742536786,0.08571428571428572,0.02020305089104422,0.17142857142857143,0.04040610178208844,0.017857142857142856,0.025253813613805267,0.1392857142857143,0.05555838995037159,0.4857142857142857,0.12121830534626525,0.17023809523809524,0.08923014143544528,0.05119047619047619,0.0218866384652979,0.6118095238095238,0.060070404649371544,20.6,12.033287165193059,10.8,1.8,3.2,0.4,2.4,0.4,0.0,0.6,4.0,8.6,,2.4,2.8,,0.6,1.2,1.0,10.6,0.5074404761904762,0.1793221652905036,0.08898809523809523,0.04309211380413872,0.15267857142857144,0.03265140036167251,0.020833333333333332,0.02454229539058131,0.11577380952380953,0.05892857142857144,0.4125,0.1317561910406908,0.12976190476190474,0.06972844422102437,0.025595238095238095,0.03214285714285714,0.4951904761904762,0.15800995022104983,20.333333333333332,10.782702196883056,10.166666666666666,1.6666666666666667,3.8333333333333335,0.5,2.6666666666666665,0.5,0.0,0.8333333333333334,3.8333333333333335,8.666666666666666,,2.0,2.3333333333333335,,0.5,1.1666666666666667,1.0,11.333333333333334,0.47963659147869675,0.1672800324267234,0.08171679197994988,0.040706964507823594,0.19582706766917293,0.10054128056828042,0.027192982456140345,0.02557281529485973,0.13472431077694236,0.06633279646362068,0.4247368421052632,0.11733913214145128,0.1038095238095238,0.08375065573236372,0.041528822055137846,0.04521358134471837,0.5119418546365915,0.14187459841659064,,,,LAL,False,24.174833333333332,12.613333333333333,1.9133333333333336,3.786666666666666,0.33999999999999997,0.5318463333333333,0.43514699999999995,1.4504899999999998,18.313333333333333,14.526666666666667,16.4,5.699999999999999,0.9669933333333333,7.196,2.266,2.172,0.626,11.634,0.496,0.216,1.07,3.956966514894964,1.4363996658312057,1.5014712784465776,0.7629705105703627,4.3492578677287,0.6942506751887246,0.4442341724811364,0.9945350672550465
5159925,Nikola Topic,OKC,2026-05-09,0.0,2.0,2.0,2.0,7.0,2,0,0,0,0,0,0,0,1,1,,0,0,,0,0,0,0,1.0,2.0,0.0,0.0,0.0,0.0,1.0,0.0,0.0,1.0,0.0,13.333333333333334,22.233608194203057,5.333333333333333,0.6666666666666666,3.6666666666666665,0.6666666666666666,1.0,1.3333333333333333,0.0,2.6666666666666665,2.3333333333333335,4.333333333333333,,0.0,0.0,,0.6666666666666666,0.0,1.0,-5.666666666666667,1.1794871794871795,1.1603803588702317,0.02564102564102564,0.03626188621469474,0.14102564102564102,0.19944037418082108,0.02564102564102564,0.03626188621469474,0.038461538461538464,0.05439282932204212,0.6538461538461539,0.48953546389837904,0.0,0.0,0.10256410256410256,0.14504754485877897,0.7564102564102564,0.34448791903960013,10.0,16.748134224444225,3.2,0.6,2.8,0.4,0.8,1.0,0.0,1.6,1.4,3.4,,0.0,0.0,,0.4,0.2,0.8,-3.4,0.7863247863247863,1.0662885588889364,0.050427350427350436,0.05000547855148742,0.194017094017094,0.1682632274061361,0.017094017094017092,0.029607706112288502,0.05897435897435898,0.05236045604272343,0.5692307692307693,0.3759012837806343,0.0,0.0,0.06837606837606837,0.118430824449154,0.6376068376068376,0.31887100862301454,9.666666666666666,15.002222057637551,3.0,0.8333333333333334,3.0,0.3333333333333333,0.6666666666666666,0.8333333333333334,0.0,1.5,1.1666666666666667,3.0,,0.3333333333333333,0.3333333333333333,,0.6666666666666666,0.16666666666666666,0.8333333333333334,-3.5,0.6522435897435898,0.9109840446745184,0.10032051282051282,0.10781624431320205,0.2705128205128205,0.20562439986503392,0.01282051282051282,0.02564102564102564,0.04423076923076923,0.051934946411613066,0.45817307692307696,0.3788620164582257,0.0625,0.125,0.08253205128205128,0.1007578327539625,0.5682051282051281,0.29504610232700307,,,,LAL,False,6.579166666666667,3.6199999999999997,0.5766666666666667,2.6799999999999997,0.4066666666666666,0.14474166666666666,0.11842499999999999,0.39475,6.876666666666666,4.196666666666666,6.299999999999999,3.2566666666666664,0.26316666666666666,2.846,0.746,1.292,0.366,4.884,0.158,0.086,0.278,2.7207138769080443,0.8680345615239062,1.1639312694485013,0.6261341709250502,2.97633062679535,0.3860518099944618,0.29428557558942636,0.5556221737835882
