player_id,player_name,team,asof_date,is_home,days_rest,games_last7,games_last14,season_game_number,lag1_pts,lag1_reb,lag1_ast,lag1_threes,lag1_fg3a,lag1_stl,lag1_blk,lag1_tov,lag1_fgm,lag1_fga,lag1_fg_pct,lag1_ftm,lag1_fta,lag1_ft_pct,lag1_oreb,lag1_dreb,lag1_pf,lag1_plus_minus,lag1_min,lag1_pts_per_min,lag1_reb_per_min,lag1_ast_per_min,lag1_fg3m_per_min,lag1_fg3a_per_min,lag1_fga_per_min,lag1_fta_per_min,lag1_tov_per_min,lag1_usage_per_min,b2b,roll3_min,roll3_min_std,roll3_pts,roll3_reb,roll3_ast,roll3_threes,roll3_fg3a,roll3_stl,roll3_blk,roll3_tov,roll3_fgm,roll3_fga,roll3_fg_pct,roll3_ftm,roll3_fta,roll3_ft_pct,roll3_oreb,roll3_dreb,roll3_pf,roll3_plus_minus,roll3_pts_per_min,roll3_pts_per_min_std,roll3_reb_per_min,roll3_reb_per_min_std,roll3_ast_per_min,roll3_ast_per_min_std,roll3_fg3m_per_min,roll3_fg3m_per_min_std,roll3_fg3a_per_min,roll3_fg3a_per_min_std,roll3_fga_per_min,roll3_fga_per_min_std,roll3_fta_per_min,roll3_fta_per_min_std,roll3_tov_per_min,roll3_tov_per_min_std,roll3_usage_per_min,roll3_usage_per_min_std,roll5_min,roll5_min_std,roll5_pts,roll5_reb,roll5_ast,roll5_threes,roll5_fg3a,roll5_stl,roll5_blk,roll5_tov,roll5_fgm,roll5_fga,roll5_fg_pct,roll5_ftm,roll5_fta,roll5_ft_pct,roll5_oreb,roll5_dreb,roll5_pf,roll5_plus_minus,roll5_pts_per_min,roll5_pts_per_min_std,roll5_reb_per_min,roll5_reb_per_min_std,roll5_ast_per_min,roll5_ast_per_min_std,roll5_fg3m_per_min,roll5_fg3m_per_min_std,roll5_fg3a_per_min,roll5_fg3a_per_min_std,roll5_fga_per_min,roll5_fga_per_min_std,roll5_fta_per_min,roll5_fta_per_min_std,roll5_tov_per_min,roll5_tov_per_min_std,roll5_usage_per_min,roll5_usage_per_min_std,roll10_min,roll10_min_std,roll10_pts,roll10_reb,roll10_ast,roll10_threes,roll10_fg3a,roll10_stl,roll10_blk,roll10_tov,roll10_fgm,roll10_fga,roll10_fg_pct,roll10_ftm,roll10_fta,roll10_ft_pct,roll10_oreb,roll10_dreb,roll10_pf,roll10_plus_minus,roll10_pts_per_min,roll10_pts_per_min_std,roll10_reb_per_min,roll10_reb_per_min_std,roll10_ast_per_min,roll10_ast_per_min_std,roll10_fg3m_per_min,roll10_fg3m_per_min_std,roll10_fg3a_per_min,roll10_fg3a_per_min_std,roll10_fga_per_min,roll10_fga_per_min_std,roll10_fta_per_min,roll10_fta_per_min_std,roll10_tov_per_min,roll10_tov_per_min_std,roll10_usage_per_min,roll10_usage_per_min_std,injury_status,team_on_slate,playing_today,pred_min,pred_pts,pred_reb,pred_ast,pred_threes,pred_stl,pred_blk,pred_tov,pred_pra,pred_pr,pred_pa,pred_ra,pred_stocks,mean_pts,mean_reb,mean_ast,mean_threes,mean_pra,mean_stl,mean_blk,mean_tov
2490149,CJ McCollum,ATL,2026-05-29,0.0,29.0,0.0,0.0,4.0,11,3,0,1,4,0,0,2,4,13,,2,2,,3,0,3,-24,24.0,0.4583333333333333,0.125,0.0,0.0416666666666666,0.1666666666666666,0.5416666666666666,0.0833333333333333,0.0833333333333333,0.6616666666666667,0.0,29.33333333333333,4.618802153517006,11.333333333333334,2.333333333333333,1.3333333333333333,0.3333333333333333,3.333333333333333,0.6666666666666666,1.0,3.333333333333333,5.0,12.666666666666666,,1.0,2.6666666666666665,,1.3333333333333333,1.0,2.333333333333333,-18.33333333333333,0.3923611111111111,0.1811222410520135,0.0833333333333333,0.0477351634891233,0.0416666666666666,0.0477351634891233,0.0138888888888888,0.0240562612162344,0.1180555555555555,0.0524294058004913,0.4409722222222221,0.1170813562506067,0.0902777777777777,0.0060140653040586,0.1111111111111111,0.0240562612162344,0.5918055555555556,0.0988126852142945,29.33333333333333,4.618802153517006,11.333333333333334,2.333333333333333,1.3333333333333333,0.3333333333333333,3.333333333333333,0.6666666666666666,1.0,3.333333333333333,5.0,12.666666666666666,,1.0,2.6666666666666665,,1.3333333333333333,1.0,2.333333333333333,-18.33333333333333,0.3923611111111111,0.1811222410520135,0.0833333333333333,0.0477351634891233,0.0416666666666666,0.0477351634891233,0.0138888888888888,0.0240562612162344,0.1180555555555555,0.0524294058004913,0.4409722222222221,0.1170813562506067,0.0902777777777777,0.0060140653040586,0.1111111111111111,0.0240562612162344,0.5918055555555556,0.0988126852142945,29.33333333333333,4.618802153517006,11.333333333333334,2.333333333333333,1.3333333333333333,0.3333333333333333,3.333333333333333,0.6666666666666666,1.0,3.333333333333333,5.0,12.666666666666666,,1.0,2.6666666666666665,,1.3333333333333333,1.0,2.333333333333333,-18.33333333333333,0.3923611111111111,0.1811222410520135,0.0833333333333333,0.0477351634891233,0.0416666666666666,0.0477351634891233,0.0138888888888888,0.0240562612162344,0.1180555555555555,0.0524294058004913,0.4409722222222221,0.1170813562506067,0.0902777777777777,0.0060140653040586,0.1111111111111111,0.0240562612162344,0.5918055555555556,0.0988126852142945,,,,28.53333333333333,11.283333333333331,2.433333333333333,1.1333333333333333,0.4333333333333333,0.6277333333333333,0.5136,1.7119999999999995,14.85,13.716666666666669,12.416666666666666,3.5666666666666664,1.1413333333333333,11.283333333333331,2.433333333333333,1.1333333333333333,0.4333333333333333,14.85,0.6277333333333333,0.5136,1.7119999999999995
2990984,Buddy Hield,ATL,2026-05-29,0.0,29.0,0.0,0.0,4.0,5,2,0,1,1,0,0,1,2,2,,0,0,,0,2,0,-10,9.0,0.5555555555555556,0.2222222222222222,0.0,0.1111111111111111,0.1111111111111111,0.2222222222222222,0.0,0.1111111111111111,0.3333333333333333,0.0,4.333333333333333,4.509249752822894,3.333333333333333,0.6666666666666666,0.0,0.6666666666666666,0.6666666666666666,0.0,0.0,0.6666666666666666,1.3333333333333333,1.6666666666666667,,0.0,0.0,,0.0,0.6666666666666666,0.0,-5.0,0.9027777777777778,0.4910463758239913,0.1111111111111111,0.1571348402636772,0.0,0.0,0.1805555555555555,0.0982092751647982,0.1805555555555555,0.0982092751647982,0.4861111111111111,0.3731952456262334,0.0,0.0,0.1805555555555555,0.0982092751647982,0.6666666666666666,0.4714045207910317,4.333333333333333,4.509249752822894,3.333333333333333,0.6666666666666666,0.0,0.6666666666666666,0.6666666666666666,0.0,0.0,0.6666666666666666,1.3333333333333333,1.6666666666666667,,0.0,0.0,,0.0,0.6666666666666666,0.0,-5.0,0.9027777777777778,0.4910463758239913,0.1111111111111111,0.1571348402636772,0.0,0.0,0.1805555555555555,0.0982092751647982,0.1805555555555555,0.0982092751647982,0.4861111111111111,0.3731952456262334,0.0,0.0,0.1805555555555555,0.0982092751647982,0.6666666666666666,0.4714045207910317,4.333333333333333,4.509249752822894,3.333333333333333,0.6666666666666666,0.0,0.6666666666666666,0.6666666666666666,0.0,0.0,0.6666666666666666,1.3333333333333333,1.6666666666666667,,0.0,0.0,,0.0,0.6666666666666666,0.0,-5.0,0.9027777777777778,0.4910463758239913,0.1111111111111111,0.1571348402636772,0.0,0.0,0.1805555555555555,0.0982092751647982,0.1805555555555555,0.0982092751647982,0.4861111111111111,0.3731952456262334,0.0,0.0,0.1805555555555555,0.0982092751647982,0.6666666666666666,0.4714045207910317,,,,8.0,3.583333333333334,0.8666666666666666,0.0,0.7166666666666666,0.176,0.144,0.48,4.45,4.45,3.583333333333334,0.8666666666666666,0.3199999999999999,3.583333333333334,0.8666666666666666,0.0,0.7166666666666666,4.45,0.176,0.144,0.48
3137259,Gabe Vincent,ATL,2026-05-29,0.0,29.0,0.0,0.0,4.0,0,0,0,0,1,1,0,0,0,2,,0,0,,0,0,2,-27,13.0,0.0,0.0,0.0,0.0,0.0769230769230769,0.1538461538461538,0.0,0.0,0.1538461538461538,0.0,17.0,6.082762530298219,5.333333333333333,0.0,1.0,1.3333333333333333,4.0,0.3333333333333333,0.3333333333333333,0.3333333333333333,1.6666666666666667,5.0,,0.6666666666666666,1.0,,0.0,0.0,2.0,-20.33333333333333,0.3214285714285714,0.3624604130390078,0.0,0.0,0.0615079365079365,0.0734663038951334,0.0753968253968253,0.0717584973016869,0.2181013431013431,0.1223001833219255,0.2913614163614164,0.1373628917376562,0.0714285714285714,0.1237179148263483,0.0238095238095238,0.0412393049421161,0.3465995115995116,0.2252997219025365,17.0,6.082762530298219,5.333333333333333,0.0,1.0,1.3333333333333333,4.0,0.3333333333333333,0.3333333333333333,0.3333333333333333,1.6666666666666667,5.0,,0.6666666666666666,1.0,,0.0,0.0,2.0,-20.33333333333333,0.3214285714285714,0.3624604130390078,0.0,0.0,0.0615079365079365,0.0734663038951334,0.0753968253968253,0.0717584973016869,0.2181013431013431,0.1223001833219255,0.2913614163614164,0.1373628917376562,0.0714285714285714,0.1237179148263483,0.0238095238095238,0.0412393049421161,0.3465995115995116,0.2252997219025365,17.0,6.082762530298219,5.333333333333333,0.0,1.0,1.3333333333333333,4.0,0.3333333333333333,0.3333333333333333,0.3333333333333333,1.6666666666666667,5.0,,0.6666666666666666,1.0,,0.0,0.0,2.0,-20.33333333333333,0.3214285714285714,0.3624604130390078,0.0,0.0,0.0615079365079365,0.0734663038951334,0.0753968253968253,0.0717584973016869,0.2181013431013431,0.1223001833219255,0.2913614163614164,0.1373628917376562,0.0714285714285714,0.1237179148263483,0.0238095238095238,0.0412393049421161,0.3465995115995116,0.2252997219025365,,,,16.4,4.533333333333333,0.0,0.8499999999999999,1.1333333333333333,0.3607999999999999,0.2951999999999999,0.984,5.383333333333333,4.533333333333333,5.383333333333333,0.8499999999999999,0.6559999999999999,4.533333333333333,0.0,0.8499999999999999,1.1333333333333333,5.383333333333333,0.3607999999999999,0.2951999999999999,0.984
4065673,Tony Bradley,ATL,2026-05-29,0.0,29.0,0.0,0.0,4.0,5,3,1,1,1,0,1,0,1,1,,2,2,,0,3,0,2,8.0,0.625,0.375,0.125,0.125,0.125,0.125,0.25,0.0,0.235,0.0,9.333333333333334,3.2145502536643185,3.0,3.333333333333333,0.6666666666666666,0.3333333333333333,0.3333333333333333,0.3333333333333333,0.6666666666666666,0.0,0.6666666666666666,0.6666666666666666,,1.3333333333333333,2.0,,0.3333333333333333,3.0,2.0,-3.333333333333333,0.3988095238095238,0.3464162982607491,0.4143772893772894,0.282287182520654,0.0673076923076923,0.0630522935029038,0.0416666666666666,0.0721687836487032,0.0416666666666666,0.0721687836487032,0.0892857142857142,0.0778374811346548,0.2298534798534798,0.0682034658658074,0.0,0.0,0.1904212454212454,0.1076036910200423,9.333333333333334,3.2145502536643185,3.0,3.333333333333333,0.6666666666666666,0.3333333333333333,0.3333333333333333,0.3333333333333333,0.6666666666666666,0.0,0.6666666666666666,0.6666666666666666,,1.3333333333333333,2.0,,0.3333333333333333,3.0,2.0,-3.333333333333333,0.3988095238095238,0.3464162982607491,0.4143772893772894,0.282287182520654,0.0673076923076923,0.0630522935029038,0.0416666666666666,0.0721687836487032,0.0416666666666666,0.0721687836487032,0.0892857142857142,0.0778374811346548,0.2298534798534798,0.0682034658658074,0.0,0.0,0.1904212454212454,0.1076036910200423,9.333333333333334,3.2145502536643185,3.0,3.333333333333333,0.6666666666666666,0.3333333333333333,0.3333333333333333,0.3333333333333333,0.6666666666666666,0.0,0.6666666666666666,0.6666666666666666,,1.3333333333333333,2.0,,0.3333333333333333,3.0,2.0,-3.333333333333333,0.3988095238095238,0.3464162982607491,0.4143772893772894,0.282287182520654,0.0673076923076923,0.0630522935029038,0.0416666666666666,0.0721687836487032,0.0416666666666666,0.0721687836487032,0.0892857142857142,0.0778374811346548,0.2298534798534798,0.0682034658658074,0.0,0.0,0.1904212454212454,0.1076036910200423,,,,9.133333333333333,3.3,3.283333333333333,0.7166666666666666,0.4333333333333333,0.2009333333333333,0.1644,0.5479999999999999,7.3,6.583333333333333,4.016666666666667,4.0,0.3653333333333333,3.3,3.283333333333333,0.7166666666666666,0.4333333333333333,7.3,0.2009333333333333,0.1644,0.5479999999999999
4278039,Nickeil Alexander-Walker,ATL,2026-05-29,0.0,29.0,0.0,0.0,4.0,11,1,2,1,4,1,0,5,3,8,,4,6,,0,1,3,-29,29.0,0.3793103448275862,0.0344827586206896,0.0689655172413793,0.0344827586206896,0.1379310344827586,0.2758620689655172,0.2068965517241379,0.1724137931034483,0.5393103448275862,0.0,32.666666666666664,3.214550253664317,14.0,1.6666666666666667,2.0,3.333333333333333,7.666666666666667,0.6666666666666666,0.0,4.0,4.666666666666667,10.0,,1.3333333333333333,2.333333333333333,,0.6666666666666666,1.0,3.0,-20.33333333333333,0.4261566695643775,0.0456868319956815,0.0495894909688013,0.0586213795822572,0.0619240799768183,0.0304488192224652,0.0983289867671206,0.0567110458432927,0.2294504008499951,0.079951135502528,0.3045590650053125,0.025278442832813,0.0787694388100067,0.1119315897035391,0.1244180430793007,0.0822793252476754,0.4636356611610161,0.0887970514097249,32.666666666666664,3.214550253664317,14.0,1.6666666666666667,2.0,3.333333333333333,7.666666666666667,0.6666666666666666,0.0,4.0,4.666666666666667,10.0,,1.3333333333333333,2.333333333333333,,0.6666666666666666,1.0,3.0,-20.33333333333333,0.4261566695643775,0.0456868319956815,0.0495894909688013,0.0586213795822572,0.0619240799768183,0.0304488192224652,0.0983289867671206,0.0567110458432927,0.2294504008499951,0.079951135502528,0.3045590650053125,0.025278442832813,0.0787694388100067,0.1119315897035391,0.1244180430793007,0.0822793252476754,0.4636356611610161,0.0887970514097249,32.666666666666664,3.214550253664317,14.0,1.6666666666666667,2.0,3.333333333333333,7.666666666666667,0.6666666666666666,0.0,4.0,4.666666666666667,10.0,,1.3333333333333333,2.333333333333333,,0.6666666666666666,1.0,3.0,-20.33333333333333,0.4261566695643775,0.0456868319956815,0.0495894909688013,0.0586213795822572,0.0619240799768183,0.0304488192224652,0.0983289867671206,0.0567110458432927,0.2294504008499951,0.079951135502528,0.3045590650053125,0.025278442832813,0.0787694388100067,0.1119315897035391,0.1244180430793007,0.0822793252476754,0.4636356611610161,0.0887970514097249,,,,32.11666666666666,13.55,1.5666666666666669,2.0,2.9833333333333334,0.7065666666666665,0.5780999999999998,1.927,17.116666666666667,15.116666666666667,15.55,3.566666666666667,1.2846666666666664,13.55,1.5666666666666669,2.0,2.9833333333333334,17.116666666666667,0.7065666666666665,0.5780999999999998,1.927
4279118,Keaton Wallace,ATL,2026-05-29,0.0,29.0,0.0,0.0,4.0,4,3,2,0,1,1,0,0,2,5,,0,0,,0,3,0,2,10.0,0.4,0.3,0.2,0.0,0.1,0.5,0.0,0.0,0.5,0.0,5.333333333333333,4.163331998932265,2.0,1.0,1.0,0.0,1.0,0.3333333333333333,0.0,0.0,0.6666666666666666,2.6666666666666665,,0.6666666666666666,0.6666666666666666,,0.0,1.0,0.3333333333333333,1.0,0.3,0.2645751311064591,0.0999999999999999,0.1732050807568877,0.2333333333333333,0.2516611478423583,0.0,0.0,0.2833333333333333,0.202072594216369,0.5,0.0,0.1666666666666666,0.2886751345948129,0.0,0.0,0.5733333333333334,0.1270170592217176,5.333333333333333,4.163331998932265,2.0,1.0,1.0,0.0,1.0,0.3333333333333333,0.0,0.0,0.6666666666666666,2.6666666666666665,,0.6666666666666666,0.6666666666666666,,0.0,1.0,0.3333333333333333,1.0,0.3,0.2645751311064591,0.0999999999999999,0.1732050807568877,0.2333333333333333,0.2516611478423583,0.0,0.0,0.2833333333333333,0.202072594216369,0.5,0.0,0.1666666666666666,0.2886751345948129,0.0,0.0,0.5733333333333334,0.1270170592217176,5.333333333333333,4.163331998932265,2.0,1.0,1.0,0.0,1.0,0.3333333333333333,0.0,0.0,0.6666666666666666,2.6666666666666665,,0.6666666666666666,0.6666666666666666,,0.0,1.0,0.3333333333333333,1.0,0.3,0.2645751311064591,0.0999999999999999,0.1732050807568877,0.2333333333333333,0.2516611478423583,0.0,0.0,0.2833333333333333,0.202072594216369,0.5,0.0,0.1666666666666666,0.2886751345948129,0.0,0.0,0.5733333333333334,0.1270170592217176,,,,8.0,2.3,1.3,1.15,0.0,0.176,0.144,0.48,4.75,3.6,3.45,2.45,0.3199999999999999,2.3,1.3,1.15,0.0,4.75,0.176,0.144,0.48
4280151,Corey Kispert,ATL,2026-05-29,0.0,29.0,0.0,0.0,4.0,4,2,1,1,5,0,0,2,1,7,,1,2,,1,1,2,5,15.0,0.2666666666666666,0.1333333333333333,0.0666666666666666,0.0666666666666666,0.3333333333333333,0.4666666666666667,0.1333333333333333,0.1333333333333333,0.6586666666666666,0.0,13.333333333333334,2.0816659994661326,2.333333333333333,1.6666666666666667,1.3333333333333333,0.3333333333333333,3.6666666666666665,0.3333333333333333,0.0,0.6666666666666666,0.6666666666666666,6.0,,0.6666666666666666,1.0,,1.0,0.6666666666666666,1.3333333333333333,1.0,0.1797979797979797,0.1557391019976406,0.1288600288600288,0.0553305915400844,0.1001443001443001,0.0389257496105913,0.0222222222222222,0.038490017945975,0.2734487734487734,0.0595270889822028,0.4629148629148629,0.1753547798072435,0.0747474747474747,0.0681200618185348,0.0444444444444444,0.0769800358919501,0.5402481962481963,0.2206103564950599,13.333333333333334,2.0816659994661326,2.333333333333333,1.6666666666666667,1.3333333333333333,0.3333333333333333,3.6666666666666665,0.3333333333333333,0.0,0.6666666666666666,0.6666666666666666,6.0,,0.6666666666666666,1.0,,1.0,0.6666666666666666,1.3333333333333333,1.0,0.1797979797979797,0.1557391019976406,0.1288600288600288,0.0553305915400844,0.1001443001443001,0.0389257496105913,0.0222222222222222,0.038490017945975,0.2734487734487734,0.0595270889822028,0.4629148629148629,0.1753547798072435,0.0747474747474747,0.0681200618185348,0.0444444444444444,0.0769800358919501,0.5402481962481963,0.2206103564950599,13.333333333333334,2.0816659994661326,2.333333333333333,1.6666666666666667,1.3333333333333333,0.3333333333333333,3.6666666666666665,0.3333333333333333,0.0,0.6666666666666666,0.6666666666666666,6.0,,0.6666666666666666,1.0,,1.0,0.6666666666666666,1.3333333333333333,1.0,0.1797979797979797,0.1557391019976406,0.1288600288600288,0.0553305915400844,0.1001443001443001,0.0389257496105913,0.0222222222222222,0.038490017945975,0.2734487734487734,0.0595270889822028,0.4629148629148629,0.1753547798072435,0.0747474747474747,0.0681200618185348,0.0444444444444444,0.0769800358919501,0.5402481962481963,0.2206103564950599,,,,13.583333333333336,2.583333333333333,1.7166666666666668,1.2833333333333332,0.4333333333333333,0.2988333333333334,0.2445,0.8150000000000001,5.583333333333334,4.300000000000001,3.8666666666666663,3.0,0.5433333333333334,2.583333333333333,1.7166666666666668,1.2833333333333332,0.4333333333333333,5.583333333333334,0.2988333333333334,0.2445,0.8150000000000001
4431680,Onyeka Okongwu,ATL,2026-05-29,0.0,29.0,0.0,0.0,4.0,4,6,5,0,2,1,1,2,2,6,,0,0,,2,4,3,-38,32.0,0.125,0.1875,0.15625,0.0,0.0625,0.1875,0.0,0.0625,0.25,0.0,31.33333333333333,3.055050463303893,10.666666666666666,5.666666666666667,3.333333333333333,1.0,3.0,2.0,0.6666666666666666,1.0,4.0,7.666666666666667,,1.6666666666666667,2.0,,1.3333333333333333,4.333333333333333,3.333333333333333,-19.33333333333333,0.3413865546218487,0.1885701693737073,0.1829481792717087,0.0338438031867997,0.103203781512605,0.0615521794837683,0.0315126050420168,0.0296359999572812,0.0957633053221288,0.0292817378915926,0.2438725490196078,0.0535722867509666,0.0672268907563025,0.0717983508009876,0.0327380952380952,0.0313561123596807,0.3061904761904762,0.0507159624135973,31.33333333333333,3.055050463303893,10.666666666666666,5.666666666666667,3.333333333333333,1.0,3.0,2.0,0.6666666666666666,1.0,4.0,7.666666666666667,,1.6666666666666667,2.0,,1.3333333333333333,4.333333333333333,3.333333333333333,-19.33333333333333,0.3413865546218487,0.1885701693737073,0.1829481792717087,0.0338438031867997,0.103203781512605,0.0615521794837683,0.0315126050420168,0.0296359999572812,0.0957633053221288,0.0292817378915926,0.2438725490196078,0.0535722867509666,0.0672268907563025,0.0717983508009876,0.0327380952380952,0.0313561123596807,0.3061904761904762,0.0507159624135973,31.33333333333333,3.055050463303893,10.666666666666666,5.666666666666667,3.333333333333333,1.0,3.0,2.0,0.6666666666666666,1.0,4.0,7.666666666666667,,1.6666666666666667,2.0,,1.3333333333333333,4.333333333333333,3.333333333333333,-19.33333333333333,0.3413865546218487,0.1885701693737073,0.1829481792717087,0.0338438031867997,0.103203781512605,0.0615521794837683,0.0315126050420168,0.0296359999572812,0.0957633053221288,0.0292817378915926,0.2438725490196078,0.0535722867509666,0.0672268907563025,0.0717983508009876,0.0327380952380952,0.0313561123596807,0.3061904761904762,0.0507159624135973,,,,31.43333333333333,9.666666666666666,5.716666666666667,3.583333333333334,0.8499999999999999,0.6915333333333332,0.5657999999999999,1.886,18.96666666666667,15.383333333333333,13.25,9.3,1.257333333333333,9.666666666666666,5.716666666666667,3.583333333333334,0.8499999999999999,18.96666666666667,0.6915333333333332,0.5657999999999999,1.886
4433247,Jonathan Kuminga,ATL,2026-05-29,0.0,29.0,0.0,0.0,4.0,11,2,3,1,3,0,1,1,3,7,,4,6,,1,1,2,-44,23.0,0.4782608695652174,0.0869565217391304,0.1304347826086956,0.0434782608695652,0.1304347826086956,0.3043478260869565,0.2608695652173913,0.0434782608695652,0.4626086956521739,0.0,21.666666666666668,4.163331998932265,11.333333333333334,2.6666666666666665,1.3333333333333333,0.6666666666666666,4.666666666666667,0.0,0.3333333333333333,1.3333333333333333,3.333333333333333,9.0,,4.0,5.0,,0.6666666666666666,2.0,2.333333333333333,-20.666666666666668,0.5476555839727195,0.1920008201713821,0.134083546462063,0.0877199127243727,0.0630861040068201,0.0653217826240086,0.0341005967604433,0.0305124129039612,0.2215174765558397,0.0833919827279438,0.4308610400682012,0.1444379675562745,0.2320545609548167,0.0305638191021712,0.0607672634271099,0.0183382914613027,0.5937323103154305,0.1457040413259826,21.666666666666668,4.163331998932265,11.333333333333334,2.6666666666666665,1.3333333333333333,0.6666666666666666,4.666666666666667,0.0,0.3333333333333333,1.3333333333333333,3.333333333333333,9.0,,4.0,5.0,,0.6666666666666666,2.0,2.333333333333333,-20.666666666666668,0.5476555839727195,0.1920008201713821,0.134083546462063,0.0877199127243727,0.0630861040068201,0.0653217826240086,0.0341005967604433,0.0305124129039612,0.2215174765558397,0.0833919827279438,0.4308610400682012,0.1444379675562745,0.2320545609548167,0.0305638191021712,0.0607672634271099,0.0183382914613027,0.5937323103154305,0.1457040413259826,21.666666666666668,4.163331998932265,11.333333333333334,2.6666666666666665,1.3333333333333333,0.6666666666666666,4.666666666666667,0.0,0.3333333333333333,1.3333333333333333,3.333333333333333,9.0,,4.0,5.0,,0.6666666666666666,2.0,2.333333333333333,-20.666666666666668,0.5476555839727195,0.1920008201713821,0.134083546462063,0.0877199127243727,0.0630861040068201,0.0653217826240086,0.0341005967604433,0.0305124129039612,0.2215174765558397,0.0833919827279438,0.4308610400682012,0.1444379675562745,0.2320545609548167,0.0305638191021712,0.0607672634271099,0.0183382914613027,0.5937323103154305,0.1457040413259826,,,,21.866666666666667,11.283333333333331,2.5666666666666664,1.583333333333333,0.7166666666666666,0.4810666666666666,0.3936,1.312,15.433333333333334,13.85,12.866666666666667,4.15,0.8746666666666667,11.283333333333331,2.5666666666666664,1.583333333333333,0.7166666666666666,15.433333333333334,0.4810666666666666,0.3936,1.312
4701230,Jalen Johnson,ATL,2026-05-29,0.0,29.0,0.0,0.0,4.0,21,8,6,2,5,0,1,3,7,15,,5,5,,2,6,2,-43,32.0,0.65625,0.25,0.1875,0.0625,0.15625,0.46875,0.15625,0.09375,0.63125,0.0,34.0,1.7320508075688772,17.666666666666668,7.0,5.666666666666667,1.3333333333333333,5.0,0.6666666666666666,0.3333333333333333,2.6666666666666665,6.0,14.0,,4.333333333333333,4.333333333333333,,1.3333333333333333,5.666666666666667,3.333333333333333,-26.666666666666668,0.5235119047619047,0.1283738975338336,0.2071428571428571,0.1066656037362005,0.1672619047619047,0.0226112141824078,0.0398809523809523,0.0195886698475051,0.1473214285714285,0.0077323696766467,0.4133928571428571,0.0643043127858244,0.1282738095238095,0.0374610058031323,0.0788690476190476,0.0192396385224928,0.5487023809523809,0.0842448473363272,34.0,1.7320508075688772,17.666666666666668,7.0,5.666666666666667,1.3333333333333333,5.0,0.6666666666666666,0.3333333333333333,2.6666666666666665,6.0,14.0,,4.333333333333333,4.333333333333333,,1.3333333333333333,5.666666666666667,3.333333333333333,-26.666666666666668,0.5235119047619047,0.1283738975338336,0.2071428571428571,0.1066656037362005,0.1672619047619047,0.0226112141824078,0.0398809523809523,0.0195886698475051,0.1473214285714285,0.0077323696766467,0.4133928571428571,0.0643043127858244,0.1282738095238095,0.0374610058031323,0.0788690476190476,0.0192396385224928,0.5487023809523809,0.0842448473363272,34.0,1.7320508075688772,17.666666666666668,7.0,5.666666666666667,1.3333333333333333,5.0,0.6666666666666666,0.3333333333333333,2.6666666666666665,6.0,14.0,,4.333333333333333,4.333333333333333,,1.3333333333333333,5.666666666666667,3.333333333333333,-26.666666666666668,0.5235119047619047,0.1283738975338336,0.2071428571428571,0.1066656037362005,0.1672619047619047,0.0226112141824078,0.0398809523809523,0.0195886698475051,0.1473214285714285,0.0077323696766467,0.4133928571428571,0.0643043127858244,0.1282738095238095,0.0374610058031323,0.0788690476190476,0.0192396385224928,0.5487023809523809,0.0842448473363272,,,,33.7,18.166666666666668,7.15,5.716666666666667,1.4333333333333331,0.7414000000000001,0.6066,2.022,31.03333333333334,25.31666666666667,23.883333333333333,12.866666666666667,1.348,18.166666666666668,7.15,5.716666666666667,1.4333333333333331,31.03333333333334,0.7414000000000001,0.6066,2.022
4712863,Mouhamed Gueye,ATL,2026-05-29,0.0,29.0,0.0,0.0,4.0,2,2,2,0,2,0,0,1,1,3,,0,0,,1,1,1,-15,9.0,0.2222222222222222,0.2222222222222222,0.2222222222222222,0.0,0.2222222222222222,0.3333333333333333,0.0,0.1111111111111111,0.4444444444444444,0.0,8.333333333333334,3.055050463303893,0.6666666666666666,2.0,0.6666666666666666,0.0,1.3333333333333333,0.0,0.0,0.3333333333333333,0.3333333333333333,1.6666666666666667,,0.0,0.0,,0.6666666666666666,1.3333333333333333,0.6666666666666666,-11.333333333333334,0.074074074074074,0.1283000598199168,0.1952861952861952,0.1833085197146962,0.074074074074074,0.1283000598199168,0.0,0.0,0.171043771043771,0.0702825156802108,0.2080808080808081,0.1214139733439734,0.0,0.0,0.037037037037037,0.0641500299099584,0.2451178451178451,0.1810346003141395,8.333333333333334,3.055050463303893,0.6666666666666666,2.0,0.6666666666666666,0.0,1.3333333333333333,0.0,0.0,0.3333333333333333,0.3333333333333333,1.6666666666666667,,0.0,0.0,,0.6666666666666666,1.3333333333333333,0.6666666666666666,-11.333333333333334,0.074074074074074,0.1283000598199168,0.1952861952861952,0.1833085197146962,0.074074074074074,0.1283000598199168,0.0,0.0,0.171043771043771,0.0702825156802108,0.2080808080808081,0.1214139733439734,0.0,0.0,0.037037037037037,0.0641500299099584,0.2451178451178451,0.1810346003141395,8.333333333333334,3.055050463303893,0.6666666666666666,2.0,0.6666666666666666,0.0,1.3333333333333333,0.0,0.0,0.3333333333333333,0.3333333333333333,1.6666666666666667,,0.0,0.0,,0.6666666666666666,1.3333333333333333,0.6666666666666666,-11.333333333333334,0.074074074074074,0.1283000598199168,0.1952861952861952,0.1833085197146962,0.074074074074074,0.1283000598199168,0.0,0.0,0.171043771043771,0.0702825156802108,0.2080808080808081,0.1214139733439734,0.0,0.0,0.037037037037037,0.0641500299099584,0.2451178451178451,0.1810346003141395,,,,8.433333333333334,0.8666666666666666,2.0,0.8666666666666666,0.0,0.1855333333333333,0.1518,0.506,3.733333333333333,2.8666666666666667,1.7333333333333332,2.8666666666666667,0.3373333333333333,0.8666666666666666,2.0,0.8666666666666666,0.0,3.733333333333333,0.1855333333333333,0.1518,0.506
4869342,Dyson Daniels,ATL,2026-05-29,0.0,29.0,0.0,0.0,4.0,3,0,0,1,3,1,0,2,1,4,,0,0,,0,0,2,-36,15.0,0.2,0.0,0.0,0.0666666666666666,0.2,0.2666666666666666,0.0,0.1333333333333333,0.4,0.0,23.33333333333333,7.637626158259733,8.666666666666666,3.6666666666666665,3.6666666666666665,1.0,3.0,1.0,0.0,1.3333333333333333,3.6666666666666665,7.333333333333333,,0.3333333333333333,0.6666666666666666,,1.3333333333333333,2.333333333333333,1.6666666666666667,-20.666666666666668,0.36,0.2771281292110203,0.1266666666666666,0.1553490693030805,0.1333333333333333,0.1154700538379251,0.0488888888888888,0.0428606700488575,0.1422222222222222,0.0684213525259584,0.3133333333333333,0.1109554465139549,0.0266666666666666,0.04618802153517,0.0666666666666666,0.0666666666666666,0.3917333333333333,0.0878920550068852,23.33333333333333,7.637626158259733,8.666666666666666,3.6666666666666665,3.6666666666666665,1.0,3.0,1.0,0.0,1.3333333333333333,3.6666666666666665,7.333333333333333,,0.3333333333333333,0.6666666666666666,,1.3333333333333333,2.333333333333333,1.6666666666666667,-20.666666666666668,0.36,0.2771281292110203,0.1266666666666666,0.1553490693030805,0.1333333333333333,0.1154700538379251,0.0488888888888888,0.0428606700488575,0.1422222222222222,0.0684213525259584,0.3133333333333333,0.1109554465139549,0.0266666666666666,0.04618802153517,0.0666666666666666,0.0666666666666666,0.3917333333333333,0.0878920550068852,23.33333333333333,7.637626158259733,8.666666666666666,3.6666666666666665,3.6666666666666665,1.0,3.0,1.0,0.0,1.3333333333333333,3.6666666666666665,7.333333333333333,,0.3333333333333333,0.6666666666666666,,1.3333333333333333,2.333333333333333,1.6666666666666667,-20.666666666666668,0.36,0.2771281292110203,0.1266666666666666,0.1553490693030805,0.1333333333333333,0.1154700538379251,0.0488888888888888,0.0428606700488575,0.1422222222222222,0.0684213525259584,0.3133333333333333,0.1109554465139549,0.0266666666666666,0.04618802153517,0.0666666666666666,0.0666666666666666,0.3917333333333333,0.0878920550068852,,,,22.08333333333333,7.8166666666666655,3.1166666666666663,3.1166666666666663,1.0,0.4858333333333333,0.3974999999999999,1.325,14.049999999999995,10.933333333333332,10.933333333333332,6.2333333333333325,0.8833333333333333,7.8166666666666655,3.1166666666666663,3.1166666666666663,1.0,14.049999999999995,0.4858333333333333,0.3974999999999999,1.325
4873201,Asa Newell,ATL,2026-05-29,0.0,29.0,0.0,0.0,4.0,0,0,0,0,0,0,0,0,0,0,,0,0,,0,0,1,4,7.0,0.0,0.0,0.0,0.0,0.0,0.0,0.0,0.0,0.0,0.0,3.6666666666666665,3.511884584284246,0.6666666666666666,0.0,0.3333333333333333,0.0,0.0,0.3333333333333333,0.3333333333333333,0.0,0.3333333333333333,0.6666666666666666,,0.0,0.0,,0.0,0.0,0.3333333333333333,3.0,0.25,0.3535533905932738,0.0,0.0,0.125,0.1767766952966369,0.0,0.0,0.0,0.0,0.25,0.3535533905932738,0.0,0.0,0.0,0.0,0.25,0.3535533905932738,3.6666666666666665,3.511884584284246,0.6666666666666666,0.0,0.3333333333333333,0.0,0.0,0.3333333333333333,0.3333333333333333,0.0,0.3333333333333333,0.6666666666666666,,0.0,0.0,,0.0,0.0,0.3333333333333333,3.0,0.25,0.3535533905932738,0.0,0.0,0.125,0.1767766952966369,0.0,0.0,0.0,0.0,0.25,0.3535533905932738,0.0,0.0,0.0,0.0,0.25,0.3535533905932738,3.6666666666666665,3.511884584284246,0.6666666666666666,0.0,0.3333333333333333,0.0,0.0,0.3333333333333333,0.3333333333333333,0.0,0.3333333333333333,0.6666666666666666,,0.0,0.0,,0.0,0.0,0.3333333333333333,3.0,0.25,0.3535533905932738,0.0,0.0,0.125,0.1767766952966369,0.0,0.0,0.0,0.0,0.25,0.3535533905932738,0.0,0.0,0.0,0.0,0.25,0.3535533905932738,,,,8.0,0.5666666666666667,0.0,0.2833333333333333,0.0,0.176,0.144,0.48,0.85,0.5666666666666667,0.85,0.2833333333333333,0.3199999999999999,0.5666666666666667,0.0,0.2833333333333333,0.0,0.85,0.176,0.144,0.48
5211175,Zaccharie Risacher,ATL,2026-05-29,0.0,29.0,0.0,0.0,4.0,8,3,0,0,3,0,0,0,4,9,,0,0,,1,2,1,-2,16.0,0.5,0.1875,0.0,0.0,0.1875,0.5625,0.0,0.0,0.5625,0.0,6.666666666666667,8.32666399786453,3.6666666666666665,1.6666666666666667,0.0,0.3333333333333333,1.6666666666666667,0.0,0.0,0.0,1.6666666666666667,3.6666666666666665,,0.0,0.0,,0.6666666666666666,1.0,0.3333333333333333,1.0,0.625,0.1767766952966369,0.34375,0.2209708691207961,0.0,0.0,0.125,0.1767766952966369,0.34375,0.2209708691207961,0.53125,0.0441941738241592,0.0,0.0,0.0,0.0,0.53125,0.0441941738241592,6.666666666666667,8.32666399786453,3.6666666666666665,1.6666666666666667,0.0,0.3333333333333333,1.6666666666666667,0.0,0.0,0.0,1.6666666666666667,3.6666666666666665,,0.0,0.0,,0.6666666666666666,1.0,0.3333333333333333,1.0,0.625,0.1767766952966369,0.34375,0.2209708691207961,0.0,0.0,0.125,0.1767766952966369,0.34375,0.2209708691207961,0.53125,0.0441941738241592,0.0,0.0,0.0,0.0,0.53125,0.0441941738241592,6.666666666666667,8.32666399786453,3.6666666666666665,1.6666666666666667,0.0,0.3333333333333333,1.6666666666666667,0.0,0.0,0.0,1.6666666666666667,3.6666666666666665,,0.0,0.0,,0.6666666666666666,1.0,0.3333333333333333,1.0,0.625,0.1767766952966369,0.34375,0.2209708691207961,0.0,0.0,0.125,0.1767766952966369,0.34375,0.2209708691207961,0.53125,0.0441941738241592,0.0,0.0,0.0,0.0,0.53125,0.0441941738241592,,,,8.066666666666668,4.316666666666666,1.8666666666666667,0.0,0.2833333333333333,0.1774666666666667,0.1452,0.4840000000000001,6.183333333333334,6.183333333333334,4.316666666666666,1.8666666666666667,0.3226666666666667,4.316666666666666,1.8666666666666667,0.0,0.2833333333333333,6.183333333333334,0.1774666666666667,0.1452,0.4840000000000001
6478,Nikola Vucevic,BOS,2026-05-29,0.0,27.0,0.0,0.0,6.0,0,0,0,0,0,0,0,0,0,0,,0,0,,0,0,0,0,0.0,,,,,,,,,,0.0,9.666666666666666,8.386497083606084,3.333333333333333,1.3333333333333333,1.3333333333333333,0.6666666666666666,2.333333333333333,0.3333333333333333,0.0,0.3333333333333333,1.3333333333333333,3.6666666666666665,,0.0,0.0,,0.3333333333333333,1.0,0.6666666666666666,-5.0,0.3380952380952381,0.2761083621776042,0.138095238095238,0.006734350297015,0.1357142857142857,0.0909137290096989,0.0666666666666666,0.0942809041582063,0.238095238095238,0.1346870059402947,0.3785714285714285,0.0303045763365661,0.0,0.0,0.0333333333333333,0.0471404520791031,0.4119047619047619,0.0774450284156695,15.8,11.122050170719426,5.0,3.0,2.0,1.0,3.6,0.2,0.6,1.2,2.0,5.4,,0.0,0.4,,0.8,2.2,1.8,0.6,0.3103888754143423,0.1729348926727968,0.1832241895060231,0.0594827209437531,0.1264309968469561,0.0544441885257022,0.0575268817204301,0.0680824349173192,0.2179440536825935,0.1108878795246964,0.3488782439970895,0.0385926080686332,0.0263157894736842,0.0526315789473684,0.0620826259196378,0.0530623576679824,0.4225398172851483,0.0487513144436893,15.8,11.122050170719426,5.0,3.0,2.0,1.0,3.6,0.2,0.6,1.2,2.0,5.4,,0.0,0.4,,0.8,2.2,1.8,0.6,0.3103888754143423,0.1729348926727968,0.1832241895060231,0.0594827209437531,0.1264309968469561,0.0544441885257022,0.0575268817204301,0.0680824349173192,0.2179440536825935,0.1108878795246964,0.3488782439970895,0.0385926080686332,0.0263157894736842,0.0526315789473684,0.0620826259196378,0.0530623576679824,0.4225398172851483,0.0487513144436893,,,,11.59,3.75,2.05,1.5,0.75,0.25498,0.2086199999999999,0.6954,7.3,5.8,5.25,3.55,0.4635999999999999,3.75,2.05,1.5,0.75,7.3,0.25498,0.2086199999999999,0.6954
3078576,Derrick White,BOS,2026-05-29,0.0,27.0,0.0,0.0,6.0,26,6,4,5,16,0,3,0,9,26,,3,4,,2,4,3,-6,45.0,0.5777777777777777,0.1333333333333333,0.0888888888888888,0.1111111111111111,0.3555555555555555,0.5777777777777777,0.0888888888888888,0.0,0.6168888888888889,0.0,37.66666666666666,6.658328118479393,14.333333333333334,2.6666666666666665,2.6666666666666665,2.6666666666666665,8.666666666666666,1.0,1.0,1.0,4.666666666666667,14.0,,2.333333333333333,2.6666666666666665,,1.0,1.6666666666666667,2.6666666666666665,-15.0,0.3627314814814814,0.2062118059160942,0.0641203703703703,0.0599653213397083,0.067824074074074,0.0317956478179736,0.068287037037037,0.0597719969151636,0.2180555555555555,0.1250540006813846,0.3499999999999999,0.1977496858950853,0.0689814814814814,0.0175864999196505,0.0300925925925925,0.0313142343946034,0.4104444444444444,0.1817659599527118,36.0,5.244044240850758,12.0,3.6,2.6,2.2,7.6,1.0,1.6,1.4,3.8,11.8,,2.2,2.4,,1.8,1.8,1.8,-8.0,0.3187084076054664,0.1655467357697142,0.0983652703505644,0.0671676909865293,0.0706409685086155,0.0254763604913638,0.0589757872846108,0.0455032157337452,0.2021345811051693,0.0996060211960149,0.3108912655971479,0.1658065865755414,0.0649183006535947,0.0437687273405968,0.0419414735591206,0.0274577908404963,0.3813967914438503,0.1612521440984391,36.0,5.244044240850758,12.0,3.6,2.6,2.2,7.6,1.0,1.6,1.4,3.8,11.8,,2.2,2.4,,1.8,1.8,1.8,-8.0,0.3187084076054664,0.1655467357697142,0.0983652703505644,0.0671676909865293,0.0706409685086155,0.0254763604913638,0.0589757872846108,0.0455032157337452,0.2021345811051693,0.0996060211960149,0.3108912655971479,0.1658065865755414,0.0649183006535947,0.0437687273405968,0.0419414735591206,0.0274577908404963,0.3813967914438503,0.1612521440984391,,,,37.85,14.8,3.68,2.83,2.76,0.8327,0.6813,2.271,21.31,18.48,17.63,6.51,1.514,14.8,3.68,2.83,2.76,21.31,0.8327,0.6813,2.271
3917376,Jaylen Brown,BOS,2026-05-29,0.0,27.0,0.0,0.0,6.0,33,9,4,3,9,0,3,3,12,27,,6,6,,1,8,3,-16,40.0,0.825,0.225,0.1,0.075,0.225,0.675,0.15,0.075,0.8160000000000001,0.0,36.333333333333336,7.234178138070235,24.33333333333333,5.0,3.6666666666666665,2.0,6.333333333333333,0.3333333333333333,1.0,3.6666666666666665,9.333333333333334,22.33333333333333,,3.6666666666666665,5.666666666666667,,1.3333333333333333,3.6666666666666665,3.0,-19.0,0.6681475029036005,0.1458610709918913,0.1275551684088269,0.0947672073588238,0.0977932636469221,0.0253335105412656,0.0569396051103368,0.0282450785410813,0.1789488966318234,0.0706872990417128,0.6143728222996516,0.0573549883597737,0.1620789779326364,0.0473375222439144,0.1089140534262485,0.0603319897708414,0.7946016260162602,0.0978680695238342,36.0,6.041522986797286,23.6,5.8,3.2,2.0,5.6,0.6,1.4,4.0,8.6,19.6,,4.4,6.4,,1.4,4.4,2.8,-7.4,0.6549207598066764,0.104959805845713,0.1566943913678768,0.0800320284383959,0.0851275710913791,0.0345731351036315,0.0585186017758795,0.032365242088805,0.1625306283016747,0.0828689314794617,0.545397886928178,0.1069788785411939,0.1853119028886141,0.0677775061486492,0.1147032707654265,0.0472962841990041,0.7416383949645948,0.1054304091753973,36.0,6.041522986797286,23.6,5.8,3.2,2.0,5.6,0.6,1.4,4.0,8.6,19.6,,4.4,6.4,,1.4,4.4,2.8,-7.4,0.6549207598066764,0.104959805845713,0.1566943913678768,0.0800320284383959,0.0851275710913791,0.0345731351036315,0.0585186017758795,0.032365242088805,0.1625306283016747,0.0828689314794617,0.545397886928178,0.1069788785411939,0.1853119028886141,0.0677775061486492,0.1147032707654265,0.0472962841990041,0.7416383949645948,0.1054304091753973,,,,36.7,25.23,6.039999999999999,3.4599999999999995,2.15,0.8074,0.6606,2.202,34.73,31.27,28.69,9.499999999999998,1.468,25.23,6.039999999999999,3.4599999999999995,2.15,34.73,0.8074,0.6606,2.202
4065648,Jayson Tatum,BOS,2026-05-29,0.0,27.0,0.0,0.0,6.0,0,0,0,0,0,0,0,0,0,0,,0,0,,0,0,0,0,0.0,,,,,,,,,,0.0,23.33333333333333,21.07921567168317,13.666666666666666,9.0,2.333333333333333,2.0,6.0,1.0,0.0,2.333333333333333,4.666666666666667,10.666666666666666,,2.333333333333333,4.0,,1.0,8.0,0.3333333333333333,-6.666666666666667,0.5857863751051303,0.0005947071330877,0.3847771236333053,0.007731192729543,0.1005046257359125,0.0041629499312902,0.0832632464255677,0.0202200425234168,0.2497897392767031,0.0606601275702504,0.4558452481076535,0.0107047283947498,0.1715727502102607,0.0011894142660829,0.1005046257359125,0.0041629499312918,0.6318418839360807,0.00601843618638,29.4,17.242389625571047,19.2,7.8,5.0,3.2,7.4,0.8,0.0,2.6,6.2,13.0,,3.6,4.8,,0.6,7.2,1.0,1.4,0.6559884256478032,0.1341773918268314,0.2721504665785574,0.1342578003311318,0.1704904081060514,0.1008382544770743,0.1071078136889743,0.031445987468374,0.2498948696383515,0.0455730757303552,0.4433988145300172,0.0264960885879608,0.1679292322479875,0.0759372845578193,0.0919189795346229,0.0496600148857503,0.6092066562537546,0.1066556589595335,29.4,17.242389625571047,19.2,7.8,5.0,3.2,7.4,0.8,0.0,2.6,6.2,13.0,,3.6,4.8,,0.6,7.2,1.0,1.4,0.6559884256478032,0.1341773918268314,0.2721504665785574,0.1342578003311318,0.1704904081060514,0.1008382544770743,0.1071078136889743,0.031445987468374,0.2498948696383515,0.0455730757303552,0.4433988145300172,0.0264960885879608,0.1679292322479875,0.0759372845578193,0.0919189795346229,0.0496600148857503,0.6092066562537546,0.1066556589595335,,,,23.17,14.66,6.99,3.45,2.36,0.50974,0.4170599999999999,1.3902,25.1,21.65,18.11,10.44,0.9267999999999998,14.66,6.99,3.45,2.36,25.1,0.50974,0.4170599999999999,1.3902
4065804,Sam Hauser,BOS,2026-05-29,0.0,27.0,0.0,0.0,6.0,11,3,1,3,6,0,0,0,4,7,,0,0,,1,2,2,-3,30.0,0.3666666666666666,0.1,0.0333333333333333,0.1,0.2,0.2333333333333333,0.0,0.0,0.2333333333333333,0.0,23.666666666666668,5.507570547286101,8.0,4.0,0.6666666666666666,2.0,5.333333333333333,0.0,0.0,0.6666666666666666,3.0,6.666666666666667,,0.0,0.0,,1.0,3.0,1.6666666666666667,-12.0,0.3349206349206349,0.08549354291743,0.1801587301587301,0.0755303746220801,0.0269841269841269,0.0244361973306994,0.0825396825396825,0.0302421569575518,0.2293650793650793,0.0261182264633402,0.2896825396825397,0.0584344766165078,0.0,0.0,0.0333333333333333,0.0577350269189625,0.323015873015873,0.1130471911306272,22.2,4.604345773288536,7.2,3.8,0.6,2.0,4.8,0.0,0.0,0.4,2.6,6.4,,0.0,0.0,,1.2,2.6,1.6,-5.8,0.3221645021645021,0.0664741133335606,0.1777922077922077,0.0537737445172623,0.0252813852813852,0.0237121187423559,0.0899278499278499,0.0247114576420466,0.2143867243867244,0.0634563801734769,0.290981240981241,0.0648860645647703,0.0,0.0,0.02,0.0447213595499958,0.3109812409812409,0.0957138408258779,22.2,4.604345773288536,7.2,3.8,0.6,2.0,4.8,0.0,0.0,0.4,2.6,6.4,,0.0,0.0,,1.2,2.6,1.6,-5.8,0.3221645021645021,0.0664741133335606,0.1777922077922077,0.0537737445172623,0.0252813852813852,0.0237121187423559,0.0899278499278499,0.0247114576420466,0.2143867243867244,0.0634563801734769,0.290981240981241,0.0648860645647703,0.0,0.0,0.02,0.0447213595499958,0.3109812409812409,0.0957138408258779,,,,23.81,8.01,3.7399999999999993,0.6799999999999999,2.15,0.5238200000000001,0.42858,1.4286,12.43,11.75,8.69,4.419999999999999,0.9524,8.01,3.7399999999999993,0.6799999999999999,2.15,12.43,0.5238200000000001,0.42858,1.4286
4066354,Payton Pritchard,BOS,2026-05-29,0.0,27.0,0.0,0.0,6.0,13,5,7,2,7,1,0,0,5,13,,1,1,,2,3,1,-2,39.0,0.3333333333333333,0.1282051282051282,0.1794871794871795,0.0512820512820512,0.1794871794871795,0.3333333333333333,0.0256410256410256,0.0,0.3446153846153846,0.0,33.666666666666664,6.806859285554043,13.0,3.333333333333333,6.0,1.3333333333333333,6.666666666666667,0.3333333333333333,0.0,0.3333333333333333,5.333333333333333,13.0,,1.0,1.0,,0.6666666666666666,2.6666666666666665,0.3333333333333333,0.0,0.3945868945868946,0.0642922170734861,0.0961538461538461,0.0279416598944914,0.183048433048433,0.0460435793700683,0.0391737891737891,0.0117683131352269,0.198005698005698,0.0219299206813971,0.3874643874643874,0.055610317082459,0.0306267806267806,0.0068686971232143,0.0092592592592592,0.0160375074774896,0.4101994301994302,0.0703157221166036,33.8,4.868264577855235,17.2,3.6,5.0,3.0,8.4,0.4,0.0,0.4,6.6,14.4,,1.0,1.0,,1.0,2.6,0.6,7.6,0.5105183705183706,0.2317047339303014,0.1047918747918748,0.0231574869772687,0.1505217005217005,0.0623649643923668,0.088093018093018,0.0678664879005297,0.2479809079809079,0.0715652560918679,0.4252059052059052,0.1058324917502815,0.0298046398046398,0.0208091351817604,0.0116161616161616,0.0159311215106944,0.4499361083361083,0.1100666266088761,33.8,4.868264577855235,17.2,3.6,5.0,3.0,8.4,0.4,0.0,0.4,6.6,14.4,,1.0,1.0,,1.0,2.6,0.6,7.6,0.5105183705183706,0.2317047339303014,0.1047918747918748,0.0231574869772687,0.1505217005217005,0.0623649643923668,0.088093018093018,0.0678664879005297,0.2479809079809079,0.0715652560918679,0.4252059052059052,0.1058324917502815,0.0298046398046398,0.0208091351817604,0.0116161616161616,0.0159311215106944,0.4499361083361083,0.1100666266088761,,,,34.54,15.31,3.73,5.6,2.35,0.7598799999999999,0.6217199999999999,2.0724,24.64,19.04,20.91,9.33,1.3815999999999995,15.31,3.73,5.6,2.35,24.64,0.7598799999999999,0.6217199999999999,2.0724
4277951,Luka Garza,BOS,2026-05-29,0.0,27.0,0.0,0.0,6.0,0,0,0,0,2,0,1,1,0,2,,0,0,,0,0,3,-15,9.0,0.0,0.0,0.0,0.0,0.2222222222222222,0.2222222222222222,0.0,0.1111111111111111,0.3333333333333333,0.0,9.666666666666666,4.041451884327381,4.333333333333333,0.6666666666666666,0.6666666666666666,0.3333333333333333,1.6666666666666667,0.0,0.3333333333333333,0.3333333333333333,1.6666666666666667,3.0,,0.6666666666666666,0.6666666666666666,,0.6666666666666666,0.0,2.0,-1.3333333333333333,0.4365079365079365,0.3782143669029794,0.0476190476190476,0.0824786098842322,0.0793650793650793,0.0836162996258153,0.0238095238095238,0.0412393049421161,0.1772486772486772,0.0407269955511657,0.3042328042328042,0.0720140613164879,0.1111111111111111,0.1924500897298752,0.037037037037037,0.0641500299099584,0.3901587301587301,0.078710314959527,8.8,3.96232255123179,4.4,1.4,1.0,0.6,1.6,0.0,0.2,0.2,1.6,2.8,,0.6,0.8,,0.6,0.8,2.4,1.8,0.520995670995671,0.3002282322428933,0.1831168831168831,0.2104336974811491,0.1339826839826839,0.0983372663309222,0.0824675324675324,0.1023010680171843,0.2245310245310245,0.16106071449738,0.3689033189033189,0.2253632652623911,0.103030303030303,0.1509078739150149,0.0222222222222222,0.0496903994999953,0.4364588744588745,0.1921126924361813,8.8,3.96232255123179,4.4,1.4,1.0,0.6,1.6,0.0,0.2,0.2,1.6,2.8,,0.6,0.8,,0.6,0.8,2.4,1.8,0.520995670995671,0.3002282322428933,0.1831168831168831,0.2104336974811491,0.1339826839826839,0.0983372663309222,0.0824675324675324,0.1023010680171843,0.2245310245310245,0.16106071449738,0.3689033189033189,0.2253632652623911,0.103030303030303,0.1509078739150149,0.0222222222222222,0.0496903994999953,0.4364588744588745,0.1921126924361813,,,,9.09,3.72,0.97,0.75,0.43,0.19998,0.16362,0.5454,5.44,4.69,4.47,1.72,0.3636,3.72,0.97,0.75,0.43,5.44,0.19998,0.16362,0.5454
4397251,Ron Harper Jr.,BOS,2026-05-29,0.0,27.0,0.0,0.0,6.0,0,0,0,0,1,2,0,0,0,1,,0,0,,0,0,0,-7,4.0,0.0,0.0,0.0,0.0,0.25,0.25,0.0,0.0,0.25,0.0,5.333333333333333,4.163331998932265,1.0,1.0,0.0,0.3333333333333333,1.0,1.0,0.0,0.0,0.3333333333333333,1.6666666666666667,,0.0,0.0,,0.3333333333333333,0.6666666666666666,0.3333333333333333,0.0,0.0999999999999999,0.1732050807568877,0.0999999999999999,0.1732050807568877,0.0,0.0,0.0333333333333333,0.0577350269189625,0.15,0.1322875655532295,0.35,0.1322875655532295,0.0,0.0,0.0,0.0,0.35,0.1322875655532295,3.8,3.7682887362833535,1.2,0.8,0.0,0.4,0.8,0.6,0.0,0.0,0.4,1.2,,0.0,0.0,,0.2,0.6,0.2,1.2,0.325,0.4716990566028302,0.1583333333333333,0.1833333333333333,0.0,0.0,0.1083333333333333,0.15723301886761,0.1958333333333333,0.1416666666666666,0.3458333333333333,0.1083333333333333,0.0,0.0,0.0,0.0,0.3458333333333333,0.1083333333333333,3.8,3.7682887362833535,1.2,0.8,0.0,0.4,0.8,0.6,0.0,0.0,0.4,1.2,,0.0,0.0,,0.2,0.6,0.2,1.2,0.325,0.4716990566028302,0.1583333333333333,0.1833333333333333,0.0,0.0,0.1083333333333333,0.15723301886761,0.1958333333333333,0.1416666666666666,0.3458333333333333,0.1083333333333333,0.0,0.0,0.0,0.0,0.3458333333333333,0.1083333333333333,,,,8.0,0.96,0.74,0.0,0.32,0.176,0.144,0.48,1.7,1.7,0.96,0.74,0.3199999999999999,0.96,0.74,0.0,0.32,1.7,0.176,0.144,0.48
4397424,Neemias Queta,BOS,2026-05-29,0.0,27.0,0.0,0.0,6.0,17,12,1,0,0,0,0,1,7,8,,3,3,,1,11,5,9,33.0,0.5151515151515151,0.3636363636363636,0.0303030303030303,0.0,0.0,0.2424242424242424,0.0909090909090909,0.0303030303030303,0.3127272727272727,0.0,26.33333333333333,6.506407098647712,9.666666666666666,12.333333333333334,0.6666666666666666,0.0,0.0,0.0,0.6666666666666666,0.6666666666666666,4.333333333333333,7.0,,1.0,1.6666666666666667,,2.333333333333333,10.0,4.333333333333333,-5.0,0.3409479409479409,0.1601860550516142,0.484032634032634,0.104425717463025,0.0229215229215229,0.0202654255722532,0.0,0.0,0.0,0.0,0.2667055167055167,0.0356971399730823,0.0559440559440559,0.0489510489510492,0.0267676767676767,0.0251867831106902,0.3180885780885781,0.0212818853283356,21.8,7.854934754662191,8.8,10.4,0.6,0.0,0.0,0.2,1.0,1.0,3.4,5.0,,2.0,2.6,,2.2,8.2,4.2,-1.0,0.4027588098176333,0.1434197627905785,0.4922295351707116,0.0784486655220612,0.0255176196352667,0.0255050320504639,0.0,0.0,0.0,0.0,0.2107020430549842,0.0880714810050447,0.1421637186343068,0.1256651165855951,0.0622144522144522,0.0965913055011255,0.3354685314685314,0.0641645337249195,21.8,7.854934754662191,8.8,10.4,0.6,0.0,0.0,0.2,1.0,1.0,3.4,5.0,,2.0,2.6,,2.2,8.2,4.2,-1.0,0.4027588098176333,0.1434197627905785,0.4922295351707116,0.0784486655220612,0.0255176196352667,0.0255050320504639,0.0,0.0,0.0,0.0,0.2107020430549842,0.0880714810050447,0.1421637186343068,0.1256651165855951,0.0622144522144522,0.0965913055011255,0.3354685314685314,0.0641645337249195,,,,24.84,10.29,11.22,0.6799999999999999,0.0,0.54648,0.4471199999999999,1.4904,22.19,21.51,10.97,11.9,0.9936,10.29,11.22,0.6799999999999999,0.0,22.19,0.54648,0.4471199999999999,1.4904
4397885,Dalano Banton,BOS,2026-05-29,0.0,27.0,0.0,0.0,6.0,0,0,0,0,0,0,0,0,0,0,,0,0,,0,0,0,0,0.0,,,,,,,,,,0.0,0.3333333333333333,0.5773502691896257,0.6666666666666666,0.0,0.0,0.0,0.0,0.0,0.0,0.0,0.3333333333333333,0.3333333333333333,,0.0,0.0,,0.0,0.0,0.0,1.3333333333333333,2.0,,0.0,,0.0,,0.0,,0.0,,1.0,,0.0,,0.0,,1.0,,0.8,1.3038404810405295,0.4,0.0,0.0,0.0,0.0,0.0,0.0,0.0,0.2,0.2,,0.0,0.0,,0.0,0.0,0.0,2.0,1.0,1.4142135623730951,0.0,0.0,0.0,0.0,0.0,0.0,0.0,0.0,0.5,0.7071067811865476,0.0,0.0,0.0,0.0,0.5,0.7071067811865476,0.8,1.3038404810405295,0.4,0.0,0.0,0.0,0.0,0.0,0.0,0.0,0.2,0.2,,0.0,0.0,,0.0,0.0,0.0,2.0,1.0,1.4142135623730951,0.0,0.0,0.0,0.0,0.0,0.0,0.0,0.0,0.5,0.7071067811865476,0.0,0.0,0.0,0.0,0.5,0.7071067811865476,,,,8.0,0.42,0.0,0.0,0.0,0.176,0.144,0.48,0.42,0.42,0.42,0.0,0.3199999999999999,0.42,0.0,0.0,0.0,0.42,0.176,0.144,0.48
4593841,Baylor Scheierman,BOS,2026-05-29,0.0,27.0,0.0,0.0,6.0,0,6,2,0,3,1,0,0,0,4,,0,0,,2,4,2,-9,22.0,0.0,0.2727272727272727,0.0909090909090909,0.0,0.1363636363636363,0.1818181818181818,0.0,0.0,0.1818181818181818,0.0,15.333333333333334,6.506407098647712,2.6666666666666665,3.0,1.0,0.6666666666666666,2.6666666666666665,1.0,0.0,0.6666666666666666,1.0,3.333333333333333,,0.0,0.0,,0.6666666666666666,2.333333333333333,1.6666666666666667,-3.333333333333333,0.2222222222222221,0.1924500897298752,0.1575757575757575,0.1412264266391641,0.0525252525252525,0.047075475546388,0.0592592592592592,0.055924699520524,0.1861952861952861,0.0445628969416439,0.2235690235690235,0.0424402727450202,0.0,0.0,0.0592592592592592,0.055924699520524,0.2828282828282828,0.0874773135135796,14.4,4.8270073544588685,4.0,3.4,0.8,1.2,3.4,1.0,0.0,0.4,1.4,3.8,,0.0,0.0,,1.2,2.2,1.4,-0.6,0.319047619047619,0.191662969499982,0.2159740259740259,0.1334234670328586,0.0481818181818181,0.0448495085878243,0.0974603174603174,0.066112587875806,0.2498124098124098,0.0930170527504959,0.2722366522366523,0.0735694158844862,0.0,0.0,0.0355555555555555,0.0511593974809837,0.3077922077922078,0.0711723069268481,14.4,4.8270073544588685,4.0,3.4,0.8,1.2,3.4,1.0,0.0,0.4,1.4,3.8,,0.0,0.0,,1.2,2.2,1.4,-0.6,0.319047619047619,0.191662969499982,0.2159740259740259,0.1334234670328586,0.0481818181818181,0.0448495085878243,0.0974603174603174,0.066112587875806,0.2498124098124098,0.0930170527504959,0.2722366522366523,0.0735694158844862,0.0,0.0,0.0355555555555555,0.0511593974809837,0.3077922077922078,0.0711723069268481,,,,15.82,3.0,3.67,1.04,0.86,0.3480399999999999,0.2847599999999999,0.9492,7.71,6.67,4.04,4.71,0.6327999999999999,3.0,3.67,1.04,0.86,7.71,0.3480399999999999,0.2847599999999999,0.9492
4683689,Jordan Walsh,BOS,2026-05-29,0.0,27.0,0.0,0.0,6.0,0,0,0,0,2,0,0,0,0,2,,0,0,,0,0,0,1,5.0,0.0,0.0,0.0,0.0,0.4,0.4,0.0,0.0,0.4,0.0,13.333333333333334,7.371114795831994,1.3333333333333333,2.6666666666666665,1.6666666666666667,0.0,1.3333333333333333,0.6666666666666666,0.3333333333333333,0.0,0.3333333333333333,2.333333333333333,,0.6666666666666666,1.3333333333333333,,1.0,1.6666666666666667,1.0,3.0,0.0734649122807017,0.0795164068391047,0.150219298245614,0.1354821295708637,0.094298245614035,0.0833044733036078,0.0,0.0,0.1717105263157895,0.1977660468325602,0.2276315789473684,0.150178794641956,0.0767543859649122,0.0671997958159849,0.0,0.0,0.2614035087719298,0.1206369675168904,13.0,5.244044240850758,1.4,2.6,1.0,0.2,1.8,0.8,0.4,0.0,0.4,2.6,,0.4,0.8,,1.0,1.6,0.8,8.0,0.094078947368421,0.1084928064812213,0.1683367071524966,0.1268277309434553,0.056578947368421,0.0783419770873905,0.0166666666666666,0.0372677996249964,0.1850775978407557,0.1676574020617604,0.2340148448043185,0.1240168941544426,0.0460526315789473,0.0634450707960062,0.0,0.0,0.2542780026990553,0.1067651346875858,13.0,5.244044240850758,1.4,2.6,1.0,0.2,1.8,0.8,0.4,0.0,0.4,2.6,,0.4,0.8,,1.0,1.6,0.8,8.0,0.094078947368421,0.1084928064812213,0.1683367071524966,0.1268277309434553,0.056578947368421,0.0783419770873905,0.0166666666666666,0.0372677996249964,0.1850775978407557,0.1676574020617604,0.2340148448043185,0.1240168941544426,0.0460526315789473,0.0634450707960062,0.0,0.0,0.2542780026990553,0.1067651346875858,,,,11.9,1.17,2.23,1.05,0.11,0.2618,0.2142,0.714,4.45,3.4,2.22,3.28,0.476,1.17,2.23,1.05,0.11,4.45,0.2618,0.2142,0.714
4701992,Max Shulga,BOS,2026-05-29,0.0,27.0,0.0,0.0,6.0,0,0,0,0,0,0,0,0,0,0,,0,0,,0,0,0,0,0.0,,,,,,,,,,0.0,0.0,0.0,0.0,0.0,0.0,0.0,0.0,0.0,0.0,0.0,0.0,0.0,,0.0,0.0,,0.0,0.0,0.0,0.0,,,,,,,,,,,,,,,,,,,0.6,1.3416407864998738,0.6,0.0,0.0,0.2,0.2,0.0,0.0,0.0,0.2,0.2,,0.0,0.0,,0.0,0.0,0.2,1.2,1.0,,0.0,,0.0,,0.3333333333333333,,0.3333333333333333,,0.3333333333333333,,0.0,,0.0,,0.3333333333333333,,0.6,1.3416407864998738,0.6,0.0,0.0,0.2,0.2,0.0,0.0,0.0,0.2,0.2,,0.0,0.0,,0.0,0.0,0.2,1.2,1.0,,0.0,,0.0,,0.3333333333333333,,0.3333333333333333,,0.3333333333333333,,0.0,,0.0,,0.3333333333333333,,,,,8.0,0.3299999999999999,0.0,0.0,0.11,0.176,0.144,0.48,0.3299999999999999,0.3299999999999999,0.3299999999999999,0.0,0.3199999999999999,0.3299999999999999,0.0,0.0,0.11,0.3299999999999999,0.176,0.144,0.48
4702745,Amari Williams,BOS,2026-05-29,0.0,27.0,0.0,0.0,6.0,0,0,0,0,0,0,0,0,0,0,,0,0,,0,0,0,0,0.0,,,,,,,,,,0.0,0.6666666666666666,1.1547005383792517,0.3333333333333333,0.3333333333333333,0.0,0.0,0.0,0.0,0.0,0.0,0.0,0.3333333333333333,,0.3333333333333333,0.6666666666666666,,0.3333333333333333,0.0,0.0,-0.3333333333333333,0.5,,0.5,,0.0,,0.0,,0.0,,0.5,,1.0,,0.0,,0.94,,0.4,0.894427190999916,0.2,0.2,0.0,0.0,0.0,0.0,0.0,0.0,0.0,0.2,,0.2,0.4,,0.2,0.0,0.0,-0.2,0.5,,0.5,,0.0,,0.0,,0.0,,0.5,,1.0,,0.0,,0.94,,0.4,0.894427190999916,0.2,0.2,0.0,0.0,0.0,0.0,0.0,0.0,0.0,0.2,,0.2,0.4,,0.2,0.0,0.0,-0.2,0.5,,0.5,,0.0,,0.0,,0.0,,0.5,,1.0,,0.0,,0.94,,,,,8.0,0.21,0.21,0.0,0.0,0.176,0.144,0.48,0.42,0.42,0.21,0.21,0.3199999999999999,0.21,0.21,0.0,0.0,0.42,0.176,0.144,0.48
5175647,Hugo Gonzalez,BOS,2026-05-29,0.0,27.0,0.0,0.0,6.0,0,3,0,0,3,0,0,0,0,3,,0,2,,1,2,4,3,13.0,0.0,0.2307692307692307,0.0,0.0,0.2307692307692307,0.2307692307692307,0.1538461538461538,0.0,0.2984615384615384,0.0,5.0,7.0,0.0,1.0,0.0,0.0,1.0,0.0,0.0,0.0,0.0,1.0,,0.0,0.6666666666666666,,0.3333333333333333,0.6666666666666666,1.3333333333333333,0.0,0.0,0.0,0.1153846153846153,0.1631784879661263,0.0,0.0,0.0,0.0,0.1153846153846153,0.1631784879661263,0.1153846153846153,0.1631784879661263,0.0769230769230769,0.1087856586440842,0.0,0.0,0.1492307692307692,0.2110441777695234,3.6,5.412947441089743,0.0,0.6,0.4,0.0,0.6,0.0,0.0,0.2,0.0,0.6,,0.0,0.4,,0.2,0.4,0.8,1.2,0.0,0.0,0.0769230769230769,0.1332346775052982,0.2222222222222222,0.3849001794597505,0.0,0.0,0.0769230769230769,0.1332346775052982,0.0769230769230769,0.1332346775052982,0.0512820512820512,0.0888231183368655,0.1111111111111111,0.1924500897298752,0.2105982905982906,0.1832150117255316,3.6,5.412947441089743,0.0,0.6,0.4,0.0,0.6,0.0,0.0,0.2,0.0,0.6,,0.0,0.4,,0.2,0.4,0.8,1.2,0.0,0.0,0.0769230769230769,0.1332346775052982,0.2222222222222222,0.3849001794597505,0.0,0.0,0.0769230769230769,0.1332346775052982,0.0769230769230769,0.1332346775052982,0.0512820512820512,0.0888231183368655,0.1111111111111111,0.1924500897298752,0.2105982905982906,0.1832150117255316,,,,8.0,0.0,1.08,0.22,0.0,0.176,0.144,0.48,1.3,1.08,0.22,1.3,0.3199999999999999,0.0,1.08,0.22,0.0,1.3,0.176,0.144,0.48
3992,James Harden,CLE,2026-05-29,0.0,4.0,2.0,6.0,16.0,12,4,2,0,6,1,1,5,2,8,,8,9,,0,4,2,-19,33.0,0.3636363636363636,0.1212121212121212,0.0606060606060606,0.0,0.1818181818181818,0.2424242424242424,0.2727272727272727,0.1515151515151515,0.5139393939393939,0.0,35.333333333333336,4.932882862316242,16.333333333333332,5.0,3.0,1.3333333333333333,6.666666666666667,1.3333333333333333,0.3333333333333333,3.6666666666666665,5.333333333333333,12.666666666666666,,4.333333333333333,5.0,,0.0,5.0,2.0,-16.333333333333332,0.4631836659275683,0.0994320193734428,0.1435544469081054,0.0380597595103894,0.0816857600394185,0.0348837665902398,0.039380081300813,0.0486393569439632,0.1904332963784183,0.0251416836590213,0.3590093003202759,0.113318008564857,0.1465493348115299,0.1097566881031281,0.0992855383099285,0.0860227025282254,0.5227765459472776,0.0188213618164343,36.8,4.54972526643093,14.6,4.8,3.6,1.0,6.8,1.0,0.4,3.6,4.6,12.8,,4.4,5.8,,0.2,4.6,3.0,-4.8,0.3993387709851125,0.1184108614616161,0.13295806497026,0.0342487638734767,0.0966305036426987,0.0464865355387807,0.0283899535423925,0.0384736683036616,0.1856885492556224,0.0207153319782917,0.3471516119381973,0.0895251044450341,0.1609454739027909,0.0848481514730276,0.0936983071129412,0.0735791571666502,0.5116659275683666,0.0678967721665013,37.8,3.6757463338907255,17.9,4.7,4.9,1.9,7.2,1.5,0.6,4.1,5.3,13.9,,5.4,6.7,,0.5,4.2,2.7,-1.6,0.4709908814070753,0.1590586258271551,0.1252188187830559,0.0627924636034094,0.128417388842091,0.0723902825353081,0.0502933425788644,0.0471225108333209,0.1903568453380563,0.0395429157998621,0.3655211233795323,0.0742715078872975,0.1776930386484413,0.1017048046788303,0.1061404797664014,0.0661211502004035,0.549846540151248,0.1096876763628176,,,,36.65461111111111,17.055640957966762,4.532291593352884,4.342766177908113,1.6774034213098727,1.5048813945910722,0.6449491691104594,3.977186542847833,25.93069872922776,21.587932551319646,21.39840713587488,8.875057771260998,2.149830563701532,17.055640957966762,4.532291593352884,4.342766177908113,1.6774034213098727,25.93069872922776,1.5048813945910722,0.6449491691104594,3.977186542847833
2580365,Larry Nance Jr.,CLE,2026-05-29,0.0,4.0,2.0,5.0,15.0,0,0,0,0,0,0,0,0,0,0,,0,0,,0,0,0,0,0.0,,,,,,,,,,0.0,0.0,0.0,0.0,0.0,0.0,0.0,0.0,0.0,0.0,0.0,0.0,0.0,,0.0,0.0,,0.0,0.0,0.0,0.0,,,,,,,,,,,,,,,,,,,0.0,0.0,0.0,0.0,0.0,0.0,0.0,0.0,0.0,0.0,0.0,0.0,,0.0,0.0,,0.0,0.0,0.0,0.0,,,,,,,,,,,,,,,,,,,0.0,0.0,0.0,0.0,0.0,0.0,0.0,0.0,0.0,0.0,0.0,0.0,,0.0,0.0,,0.0,0.0,0.0,0.0,,,,,,,,,,,,,,,,,,,,,,8.0,0.0,0.0,0.0,0.0,0.176,0.144,0.48,0.0,0.0,0.0,0.0,0.3199999999999999,0.0,0.0,0.0,0.0,0.0,0.176,0.144,0.48
3032979,Dennis Schroder,CLE,2026-05-29,0.0,6.0,1.0,5.0,15.0,3,0,2,1,1,0,0,0,1,1,,0,0,,0,0,1,2,9.0,0.3333333333333333,0.0,0.2222222222222222,0.1111111111111111,0.1111111111111111,0.1111111111111111,0.0,0.0,0.1111111111111111,0.0,15.0,5.196152422706632,3.333333333333333,1.3333333333333333,3.333333333333333,0.6666666666666666,2.0,0.3333333333333333,0.0,0.0,1.3333333333333333,5.0,,0.0,0.6666666666666666,,0.3333333333333333,1.0,1.6666666666666667,1.0,0.2407407407407407,0.0848625128695521,0.074074074074074,0.1283000598199168,0.2222222222222222,0.0555555555555555,0.0555555555555555,0.0555555555555555,0.1296296296296296,0.0848625128695526,0.2962962962962963,0.1951046991269025,0.037037037037037,0.0641500299099584,0.0,0.0,0.3125925925925926,0.1948260805079506,15.6,3.911521443121589,2.4,1.8,3.2,0.4,1.4,0.4,0.0,1.0,1.0,4.0,,0.0,0.4,,0.4,1.4,1.6,2.2,0.1666666666666666,0.1242259987499887,0.1044444444444444,0.1004926138186223,0.2066666666666667,0.0462147429846342,0.0333333333333333,0.0496903994999953,0.0911111111111111,0.0832962880621836,0.2422222222222222,0.1734543736925835,0.0222222222222222,0.0496903994999952,0.0622222222222222,0.0908125188520113,0.3142222222222222,0.1738780614307438,17.3,3.560586718193755,4.8,1.6,3.1,0.7,1.6,0.3,0.2,1.6,1.7,4.4,,0.7,1.1,,0.4,1.2,1.5,0.2,0.2739950980392157,0.1716895087608383,0.0880176767676767,0.0788384586576496,0.1855860071301247,0.0882565755362093,0.0415530303030303,0.0507355308482686,0.0913242721330956,0.0594600999621996,0.2498677956030897,0.1245015686065935,0.0630228758169934,0.0970435415226488,0.0919667260843731,0.0849000622989621,0.3695645870469399,0.1709036554353028,,,,15.59425,3.690359489051095,1.3595518248175182,2.786807664233576,0.6617759124087591,0.3414799270072992,0.2276532846715328,1.138266423357664,7.836718978102189,5.049911313868613,6.477167153284671,4.146359489051094,0.569133211678832,3.690359489051095,1.3595518248175182,2.786807664233576,0.6617759124087591,7.836718978102189,0.3414799270072992,0.2276532846715328,1.138266423357664
3908809,Donovan Mitchell,CLE,2026-05-29,0.0,4.0,2.0,6.0,16.0,31,4,1,5,9,1,0,4,9,18,,8,10,,0,4,3,-23,32.0,0.96875,0.125,0.03125,0.15625,0.28125,0.5625,0.3125,0.125,0.825,0.0,36.333333333333336,3.7859388972001815,26.666666666666668,3.0,2.0,3.333333333333333,8.666666666666666,1.3333333333333333,0.3333333333333333,3.333333333333333,8.666666666666666,19.0,,6.0,8.333333333333334,,0.0,3.0,4.0,-17.666666666666668,0.7468932748538011,0.194571073368636,0.0846266306792622,0.0517296629122511,0.0540513945119208,0.0444392695700891,0.0954931399010346,0.0544048663256727,0.2412983580746738,0.0542890174620487,0.5255566801619432,0.0556605396156997,0.233721322537112,0.0773448962982364,0.0940733243364822,0.0593553305582342,0.7224673864147548,0.1211947586334597,36.2,4.438468204234431,27.0,4.0,3.4,3.2,8.6,2.2,0.6,2.8,9.6,20.4,,4.6,6.4,,0.4,3.6,4.6,-9.8,0.7573413150302979,0.145916521499226,0.1138758997293512,0.0598568945544937,0.0986778862744223,0.0948406312867177,0.0897113048690236,0.040977072934216,0.237147228849525,0.0469499434701039,0.5694646139193533,0.0890387630205663,0.1838205197221098,0.1060039864617252,0.0759561897238405,0.0597220892166637,0.726301832320922,0.0966573537917388,37.2,3.4576806613039843,28.3,4.9,3.2,2.7,8.6,1.5,0.3,2.5,9.8,21.4,,6.0,7.4,,0.7,4.2,3.3,-4.5,0.7694245693216925,0.216141509415786,0.1333180894027099,0.0632461429210494,0.0886297376911636,0.0652906331055213,0.0741213843318226,0.0378378089327505,0.2316468380243019,0.052346359528621,0.5799365337428508,0.0937983510929531,0.2029242814013922,0.1064854357147552,0.0668509526821465,0.0436524533343349,0.7360741702416098,0.1157882046331727,,,,36.30427777777778,27.489691940298503,4.347971243781094,2.917655024875622,2.9895646766169155,1.40882271973466,0.3251129353233831,2.492532504145937,34.755318208955224,31.8376631840796,30.407346965174128,7.265626268656716,1.733935655058043,27.489691940298503,4.347971243781094,2.917655024875622,2.9895646766169155,34.755318208955224,1.40882271973466,0.3251129353233831,2.492532504145937
3912848,Dean Wade,CLE,2026-05-29,0.0,4.0,2.0,6.0,16.0,0,1,1,0,1,2,1,0,0,1,,0,0,,1,0,0,-14,12.0,0.0,0.0833333333333333,0.0833333333333333,0.0,0.0833333333333333,0.0833333333333333,0.0,0.0,0.0833333333333333,0.0,16.666666666666668,4.509249752822893,1.0,2.0,1.6666666666666667,0.3333333333333333,1.6666666666666667,1.0,0.3333333333333333,0.6666666666666666,0.3333333333333333,1.6666666666666667,,0.0,0.0,,0.6666666666666666,1.3333333333333333,1.0,-8.333333333333334,0.0476190476190476,0.0824786098842322,0.1146125116713352,0.0298777062769357,0.0950046685340803,0.0432154728794902,0.0158730158730158,0.0274928699614107,0.0950046685340803,0.0432154728794902,0.0950046685340803,0.0432154728794898,0.0,0.0,0.0317460317460317,0.0549857399228215,0.126750700280112,0.0972028147638556,20.0,6.244997998398397,3.6,3.4,1.8,1.0,2.2,0.6,0.2,0.4,1.2,2.4,,0.2,0.2,,1.2,2.2,1.0,-1.4,0.1451559934318555,0.1505425668476067,0.1603931227663479,0.0773350472286286,0.0872162658166715,0.0379095953624067,0.0397372742200328,0.042841096971642,0.1010093692649473,0.0542965046622677,0.1105331787887568,0.0461565490839868,0.0068965517241379,0.0154211584655157,0.019047619047619,0.0425917709999959,0.1326152805949966,0.0765160294096884,20.8,4.589843860815599,3.2,3.7,0.9,0.9,1.9,0.4,0.1,0.5,1.1,2.3,,0.1,0.1,,1.2,2.5,0.8,-1.1,0.1386440278714729,0.1392447093891668,0.1692804953520184,0.0749962099860558,0.0436081329083357,0.0524565875957087,0.0389920967705604,0.0381817540097963,0.0887516039535618,0.0635867499990612,0.1065569869763361,0.0731165689605401,0.0034482758620689,0.0109044057247185,0.0256363414931189,0.045005264323103,0.1337105698487654,0.0893245398091412,,,,18.86844444444445,2.348678918918919,3.0302385585585583,1.1347545945945945,0.6803646846846847,0.4079663663663663,0.1019915915915915,0.509957957957958,6.513672072072072,5.3789174774774775,3.4834335135135133,4.164993153153153,0.509957957957958,2.348678918918919,3.0302385585585583,1.1347545945945945,0.6803646846846847,6.513672072072072,0.4079663663663663,0.1019915915915915,0.509957957957958
3934723,Thomas Bryant,CLE,2026-05-29,0.0,4.0,2.0,6.0,16.0,10,3,0,2,5,0,0,0,4,7,,0,0,,0,3,0,-4,9.0,1.1111111111111112,0.3333333333333333,0.0,0.2222222222222222,0.5555555555555556,0.7777777777777778,0.0,0.0,0.7777777777777778,0.0,3.333333333333333,4.932882862316247,3.333333333333333,1.3333333333333333,0.0,0.6666666666666666,1.6666666666666667,0.0,0.0,0.0,1.3333333333333333,2.6666666666666665,,0.0,0.0,,0.0,1.3333333333333333,0.0,-0.6666666666666666,0.5555555555555556,0.7856742013183862,0.6666666666666666,0.4714045207910317,0.0,0.0,0.1111111111111111,0.1571348402636772,0.2777777777777778,0.3928371006591931,0.8888888888888888,0.1571348402636772,0.0,0.0,0.0,0.0,0.8888888888888888,0.1571348402636772,2.8,3.8340579025361623,2.0,1.6,0.2,0.4,1.4,0.0,0.0,0.2,0.8,2.4,,0.0,0.0,,0.4,1.2,0.2,-0.2,0.3703703703703704,0.6415002990995842,0.7777777777777778,0.3849001794597505,0.0833333333333333,0.1443375672974064,0.074074074074074,0.1283000598199168,0.3518518518518518,0.3059761415158946,0.925925925925926,0.1283000598199168,0.0,0.0,0.0833333333333333,0.1443375672974064,1.0092592592592593,0.2362472374476495,1.6,2.913569784454954,1.0,0.8,0.1,0.2,0.8,0.0,0.0,0.1,0.4,1.4,,0.0,0.0,,0.2,0.6,0.1,-0.5,0.2777777777777778,0.5555555555555556,0.5833333333333334,0.5,0.0625,0.125,0.0555555555555555,0.1111111111111111,0.3888888888888888,0.2605786533235238,0.9444444444444444,0.1111111111111111,0.0,0.0,0.0625,0.125,1.0069444444444444,0.1929506109645806,,,,6.6,3.835,2.608,0.2835,0.7669999999999999,0.0,0.0,0.4125,6.7265,6.443,4.1185,2.8915,0.0,3.835,2.608,0.2835,0.7669999999999999,6.7265,0.0,0.0,0.4125
4065778,Max Strus,CLE,2026-05-29,0.0,4.0,2.0,6.0,16.0,5,2,2,1,4,0,0,2,2,6,,0,0,,0,2,3,-9,22.0,0.2272727272727272,0.0909090909090909,0.0909090909090909,0.0454545454545454,0.1818181818181818,0.2727272727272727,0.0,0.0909090909090909,0.3636363636363636,0.0,26.33333333333333,4.509249752822893,7.666666666666667,4.333333333333333,3.6666666666666665,2.0,6.333333333333333,0.6666666666666666,0.0,1.6666666666666667,2.333333333333333,8.333333333333334,,1.0,1.0,,2.0,2.333333333333333,4.666666666666667,-9.666666666666666,0.2796450860966989,0.1222487204387483,0.1568538987893827,0.0674989583508238,0.1332806977968268,0.053608848194624,0.0709827806602,0.0503937685322968,0.230167681780585,0.1088703700960776,0.3096849387171967,0.0670634072206188,0.0363937138130686,0.0386279385569416,0.0687645687645687,0.0607962767167597,0.3944627415595157,0.0280430355989291,26.4,3.361547262794322,8.0,3.6,2.8,1.8,6.0,1.2,0.0,1.6,2.4,7.6,,1.4,1.4,,1.6,2.0,4.2,-5.8,0.2960727659437337,0.0893231978472849,0.131540910702201,0.059762428305949,0.1022541329638103,0.0580119657927551,0.0657325255389771,0.0395803451853184,0.2218148947826367,0.0808014813344093,0.283810963230318,0.0593000226228753,0.0521219425735554,0.0349152503133008,0.0652587412587412,0.060589924335644,0.3720033592214237,0.0543782391756158,27.9,3.813717929323621,8.1,4.6,2.0,2.0,6.1,1.0,0.3,1.3,2.6,7.5,,0.9,0.9,,1.5,3.1,3.7,-4.9,0.2797478196833035,0.1310308908637551,0.1594192139998591,0.064601281965481,0.0725759879308266,0.0542827928083881,0.067320882224108,0.045823322681202,0.2154984119822829,0.0582389546562227,0.2684052781149555,0.0487590513418399,0.0316165268423332,0.0358238830380787,0.051062419062419,0.0499105925037384,0.3333789689880012,0.0676203597949276,,,,26.67411111111111,7.961499601593625,4.253801062416998,2.323493492695883,1.9234934926958829,1.062713590084108,0.1062713590084108,1.3815276671093402,14.538794156706508,12.215300664010623,10.284993094289508,6.57729455511288,1.1689849490925188,7.961499601593625,4.253801062416998,2.323493492695883,1.9234934926958829,14.538794156706508,1.062713590084108,0.1062713590084108,1.3815276671093402
4066328,Jarrett Allen,CLE,2026-05-29,0.0,4.0,2.0,6.0,16.0,6,3,1,0,0,2,2,1,3,5,,0,0,,0,3,0,-22,26.0,0.2307692307692307,0.1153846153846153,0.0384615384615384,0.0,0.0,0.1923076923076923,0.0,0.0384615384615384,0.2307692307692307,0.0,30.33333333333333,5.131601439446881,12.0,6.666666666666667,0.3333333333333333,0.0,0.0,1.0,1.3333333333333333,0.3333333333333333,5.0,8.0,,2.0,3.333333333333333,,3.0,3.6666666666666665,1.0,-18.666666666666668,0.3837557716868061,0.1330301406358388,0.2182188820119854,0.1165544384662301,0.0128205128205128,0.0222057795842163,0.0,0.0,0.0,0.0,0.2623784261715297,0.0770097304541389,0.1060025542784163,0.1035428355489621,0.0128205128205128,0.0222057795842163,0.3218400628745456,0.1044549441641795,30.2,5.06951674225463,13.8,6.8,1.0,0.0,0.0,1.0,1.2,0.8,5.2,8.8,,3.4,6.2,,3.6,3.2,1.4,-11.4,0.4713963201549409,0.2711824631715321,0.2269313292071912,0.0879476758836267,0.0328351648351648,0.0354805878882255,0.0,0.0,0.0,0.0,0.303712769988632,0.1582473021580359,0.2133158182813355,0.1938288990589957,0.0294065934065934,0.0330600884471636,0.4269783234390131,0.2579578110726031,31.2,3.852848873813303,14.7,6.8,1.2,0.0,0.0,0.9,1.4,0.9,5.4,8.4,,3.9,6.1,,3.7,3.1,1.6,-4.6,0.4788186797907321,0.210031050470922,0.2186157542093304,0.0743856742444234,0.0384561128835322,0.0313379218653557,0.0,0.0,0.0,0.0,0.2755414208366099,0.1144313617778867,0.200513195879019,0.1415564587944926,0.0302902142660207,0.0221034674110839,0.394057441289399,0.1833054541916015,,,,30.30427777777778,12.996330367734284,6.42310521945433,0.9183597864768684,0.0,0.8627552392249902,1.4019772637406092,0.8627552392249902,20.33779537366549,19.419435587188616,13.914690154211153,7.341465005931198,2.2647325029656,12.996330367734284,6.42310521945433,0.9183597864768684,0.0,20.33779537366549,0.8627552392249902,1.4019772637406092,0.8627552392249902
4066757,Sam Merrill,CLE,2026-05-29,0.0,4.0,2.0,6.0,16.0,5,1,1,1,2,0,0,1,2,4,,0,0,,1,0,3,-13,18.0,0.2777777777777778,0.0555555555555555,0.0555555555555555,0.0555555555555555,0.1111111111111111,0.2222222222222222,0.0,0.0555555555555555,0.2777777777777778,0.0,21.666666666666668,3.21455025366432,5.0,1.3333333333333333,0.6666666666666666,1.0,4.333333333333333,0.3333333333333333,0.0,0.6666666666666666,1.6666666666666667,5.666666666666667,,0.6666666666666666,1.3333333333333333,,0.3333333333333333,1.0,3.0,-7.333333333333333,0.2338969404186795,0.0537722247418394,0.0601851851851851,0.0626284687892068,0.0324074074074074,0.0289120277703629,0.0462962962962963,0.0424312564347762,0.1940418679549114,0.0994844622935811,0.2594605475040257,0.076841243682608,0.0579710144927536,0.1004087424677609,0.0330112721417069,0.0292193998576876,0.3179790660225443,0.134336257124204,23.6,3.646916505762094,10.0,1.2,1.2,2.2,5.8,0.6,0.0,0.8,3.2,7.2,,1.4,1.8,,0.4,0.8,3.4,-3.4,0.4100524499654934,0.2996934480820649,0.0512539682539682,0.0459676072040793,0.0497301587301587,0.0314608019759912,0.0892063492063492,0.0736912347919343,0.237567977915804,0.0929932637885462,0.2999620427881297,0.0824600987707383,0.0739254658385093,0.0863081461954056,0.0358067632850241,0.0352354843750572,0.3682960110420979,0.1394813846153246,18.9,7.880355321938221,7.9,0.8,1.0,1.8,4.9,0.5,0.0,0.4,2.5,5.9,,1.1,1.3,,0.2,0.6,2.8,-2.4,0.4123307261713058,0.2213842003349052,0.0409744268077601,0.0401295512794929,0.052363315696649,0.0387941585485927,0.0930776014109347,0.0540102220365008,0.2586356491066636,0.0943835777203482,0.3137355264166858,0.0932315516379221,0.0680538302277432,0.075702960545857,0.0198926462694578,0.0312556445720457,0.3635718579863507,0.118794415539814,,,,21.156,8.237790476190476,0.989295238095238,1.0596190476190477,1.8409142857142853,0.5596825396825397,0.0,0.4477460317460316,10.286704761904762,9.227085714285714,9.297409523809524,2.048914285714285,0.5596825396825397,8.237790476190476,0.989295238095238,1.0596190476190477,1.8409142857142853,10.286704761904762,0.5596825396825397,0.0,0.4477460317460316
4278046,Olivier Sarr,CLE,2026-05-29,0.0,20.0,0.0,0.0,2.0,0,0,0,0,0,0,0,0,0,0,,0,0,,0,0,0,0,0.0,,,,,,,,,,0.0,0.0,,0.0,0.0,0.0,0.0,0.0,0.0,0.0,0.0,0.0,0.0,,0.0,0.0,,0.0,0.0,0.0,0.0,,,,,,,,,,,,,,,,,,,0.0,,0.0,0.0,0.0,0.0,0.0,0.0,0.0,0.0,0.0,0.0,,0.0,0.0,,0.0,0.0,0.0,0.0,,,,,,,,,,,,,,,,,,,0.0,,0.0,0.0,0.0,0.0,0.0,0.0,0.0,0.0,0.0,0.0,,0.0,0.0,,0.0,0.0,0.0,0.0,,,,,,,,,,,,,,,,,,,,,,8.0,0.0,0.0,0.0,0.0,0.176,0.144,0.48,0.0,0.0,0.0,0.0,0.3199999999999999,0.0,0.0,0.0,0.0,0.0,0.176,0.144,0.48
4431734,Tristan Enaruna,CLE,2026-05-29,0.0,20.0,0.0,0.0,2.0,0,0,0,0,0,0,0,0,0,0,,0,0,,0,0,0,0,0.0,,,,,,,,,,0.0,0.0,,0.0,0.0,0.0,0.0,0.0,0.0,0.0,0.0,0.0,0.0,,0.0,0.0,,0.0,0.0,0.0,0.0,,,,,,,,,,,,,,,,,,,0.0,,0.0,0.0,0.0,0.0,0.0,0.0,0.0,0.0,0.0,0.0,,0.0,0.0,,0.0,0.0,0.0,0.0,,,,,,,,,,,,,,,,,,,0.0,,0.0,0.0,0.0,0.0,0.0,0.0,0.0,0.0,0.0,0.0,,0.0,0.0,,0.0,0.0,0.0,0.0,,,,,,,,,,,,,,,,,,,,,,8.0,0.0,0.0,0.0,0.0,0.176,0.144,0.48,0.0,0.0,0.0,0.0,0.3199999999999999,0.0,0.0,0.0,0.0,0.0,0.176,0.144,0.48
4432158,Evan Mobley,CLE,2026-05-29,0.0,4.0,2.0,6.0,16.0,15,7,4,1,4,1,0,3,7,15,,0,1,,2,5,1,-30,33.0,0.4545454545454545,0.2121212121212121,0.1212121212121212,0.0303030303030303,0.1212121212121212,0.4545454545454545,0.0303030303030303,0.0909090909090909,0.5587878787878787,0.0,35.333333333333336,2.081665999466131,17.666666666666668,6.333333333333333,3.0,1.3333333333333333,4.333333333333333,0.3333333333333333,1.0,3.0,7.333333333333333,13.666666666666666,,1.6666666666666667,3.0,,1.6666666666666667,4.666666666666667,1.0,-18.666666666666668,0.4998634998634998,0.1493915265824476,0.1803166803166803,0.0276354631350166,0.0859495859495859,0.0330979290620232,0.0373782873782873,0.0144967279324519,0.122986622986623,0.0428203778289926,0.3902538902538903,0.1524249419024084,0.0831740831740831,0.045812287440481,0.0856083356083356,0.0561190033755895,0.5124588224588225,0.2024980970552413,36.4,2.509980079602226,17.8,9.0,3.6,1.4,5.0,0.6,1.6,2.8,7.0,13.4,,2.4,4.4,,1.6,7.4,1.2,-6.2,0.4915847665847666,0.129277875140538,0.2448566748566748,0.0907013068379275,0.0999030849030849,0.0443074082494057,0.0379825279825279,0.0129418132621609,0.136014196014196,0.0471451727147159,0.3697078897078897,0.1194800168110197,0.121015561015561,0.1090775907186208,0.0774761124761124,0.0417843457160016,0.5004308490308491,0.1445017031419271,37.2,2.780887148615227,16.5,7.6,4.1,1.3,4.3,1.2,2.3,2.7,6.1,12.1,,3.0,5.0,,1.7,5.9,2.0,-2.9,0.4446792845048659,0.1182656185783357,0.2032124757706153,0.0908911101037349,0.1091544842126237,0.0440155786769838,0.0345398626793975,0.0171014020233904,0.1157958080051103,0.0439853493454024,0.3266249645319413,0.1058349679947319,0.1347176791362838,0.103203989638181,0.0723993561784259,0.0332544959041497,0.4583000995303321,0.1262675081579122,,,,36.29116666666667,16.941682142857143,7.908424107142857,3.829809226190476,1.2976678571428568,0.9720848214285714,2.160188492063492,2.7002356150793654,28.67991547619048,24.85010625,20.77149136904762,11.738233333333334,3.1322733134920635,16.941682142857143,7.908424107142857,3.829809226190476,1.2976678571428568,28.67991547619048,0.9720848214285714,2.160188492063492,2.7002356150793654
4683747,Jaylon Tyson,CLE,2026-05-29,0.0,4.0,2.0,6.0,16.0,2,3,2,0,4,1,0,2,1,6,,0,0,,1,2,2,-21,16.0,0.125,0.1875,0.125,0.0,0.25,0.375,0.0,0.125,0.5,0.0,11.666666666666666,3.785938897200178,3.0,3.0,1.0,0.0,2.6666666666666665,0.3333333333333333,0.0,1.0,1.0,4.0,,1.0,1.0,,0.6666666666666666,2.333333333333333,1.3333333333333333,-6.0,0.2861111111111111,0.1434527925963928,0.2736111111111111,0.0764141372415495,0.0787037037037037,0.0685122619766145,0.0,0.0,0.2203703703703703,0.0978682241609171,0.3324074074074074,0.0962384085265345,0.1037037037037037,0.1002055500627309,0.0787037037037037,0.0685122619766145,0.4567407407407408,0.0648132486583267,7.8,6.099180272790763,1.8,1.8,0.6,0.0,1.8,0.2,0.0,0.6,0.6,2.6,,0.6,0.6,,0.4,1.4,0.8,-3.4,0.2145833333333333,0.1848892311027816,0.2052083333333333,0.1503612547980511,0.0590277777777777,0.0683948458458062,0.0,0.0,0.2277777777777777,0.0812707713240432,0.3118055555555555,0.0887259791871357,0.0777777777777777,0.0968644209675705,0.0590277777777777,0.0683948458458062,0.4050555555555555,0.1161289725762048,8.8,6.957010852370435,2.2,1.9,0.6,0.1,1.5,0.1,0.1,0.5,0.8,2.6,,0.5,0.7,,0.5,1.4,0.6,-3.2,0.2795334295334295,0.3054236205336471,0.1739959114959114,0.1485270269945688,0.0471580888247554,0.0616745388163739,0.0079365079365079,0.0238095238095238,0.1490339907006573,0.1102572762404647,0.3042247875581209,0.1137032165584301,0.0724466891133557,0.0973867527893797,0.0712081128747795,0.1109890044593929,0.4073094436427769,0.142839636313288,,,,9.641,2.222681818181818,2.171036363636364,0.8102272727272728,0.0956454545454545,0.1460757575757575,0.1460757575757575,0.7303787878787878,5.203945454545455,4.393718181818182,3.032909090909091,2.9812636363636367,0.2921515151515151,2.222681818181818,2.171036363636364,0.8102272727272728,0.0956454545454545,5.203945454545455,0.1460757575757575,0.1460757575757575,0.7303787878787878
4701233,Craig Porter Jr.,CLE,2026-05-29,0.0,4.0,2.0,6.0,16.0,0,1,3,0,0,0,0,3,0,0,,0,0,,0,1,1,-4,9.0,0.0,0.1111111111111111,0.3333333333333333,0.0,0.0,0.0,0.0,0.3333333333333333,0.3333333333333333,0.0,3.333333333333333,4.932882862316247,0.0,0.3333333333333333,1.0,0.0,0.0,0.0,0.0,1.0,0.0,0.0,,0.0,0.0,,0.0,0.3333333333333333,0.3333333333333333,-0.6666666666666666,0.0,0.0,0.0555555555555555,0.0785674201318386,0.1666666666666666,0.2357022603955158,0.0,0.0,0.0,0.0,0.0,0.0,0.0,0.0,0.1666666666666666,0.2357022603955158,0.1666666666666666,0.2357022603955158,2.8,3.8340579025361623,0.4,0.6,0.8,0.0,0.0,0.0,0.0,0.6,0.2,0.4,,0.0,0.0,,0.0,0.6,0.2,-0.2,0.1666666666666666,0.2886751345948129,0.2037037037037037,0.2625453125695893,0.1944444444444444,0.1734721666221777,0.0,0.0,0.0,0.0,0.1666666666666666,0.2886751345948129,0.0,0.0,0.1111111111111111,0.1924500897298752,0.2777777777777777,0.2545875386086578,1.6,2.913569784454954,0.2,0.3,0.4,0.0,0.0,0.0,0.0,0.4,0.1,0.2,,0.0,0.0,,0.0,0.3,0.1,-0.5,0.125,0.25,0.1527777777777778,0.2373334373699314,0.1458333333333333,0.1717960677340692,0.0,0.0,0.0,0.0,0.125,0.25,0.0,0.0,0.0833333333333333,0.1666666666666666,0.2083333333333333,0.25,,,,6.6,0.567,0.9505,1.434,0.0,0.0,0.0,1.2374999999999998,2.9515,1.5174999999999998,2.001,2.3845,0.0,0.567,0.9505,1.434,0.0,2.9515,0.0,0.0,1.2374999999999998
4702177,Keon Ellis,CLE,2026-05-29,0.0,4.0,2.0,6.0,16.0,5,2,1,1,3,1,0,0,1,3,,2,2,,0,2,1,-20,16.0,0.3125,0.125,0.0625,0.0625,0.1875,0.1875,0.125,0.0,0.2425,0.0,5.666666666666667,8.962886439832502,1.6666666666666667,0.6666666666666666,0.3333333333333333,0.3333333333333333,1.0,0.3333333333333333,0.0,0.0,0.3333333333333333,1.0,,0.6666666666666666,0.6666666666666666,,0.0,0.6666666666666666,0.3333333333333333,-6.0,0.15625,0.2209708691207961,0.0625,0.0883883476483184,0.03125,0.0441941738241592,0.03125,0.0441941738241592,0.09375,0.1325825214724776,0.09375,0.1325825214724776,0.0625,0.0883883476483184,0.0,0.0,0.12125,0.1714733944377377,5.2,6.3796551630946325,2.0,0.4,0.2,0.4,0.8,0.2,0.0,0.6,0.4,0.8,,0.8,0.8,,0.0,0.4,0.6,-2.2,0.365625,0.3084529610275555,0.03125,0.0625,0.015625,0.03125,0.078125,0.1183105905375057,0.109375,0.1288470508005519,0.109375,0.1288470508005519,0.13125,0.1886078382959379,0.1625,0.1973786547054502,0.329625,0.2620252452850043,3.4,4.971027168615267,1.3,0.2,0.2,0.3,0.5,0.2,0.0,0.4,0.3,0.5,,0.4,0.4,,0.0,0.2,0.3,-1.6,0.3270833333333333,0.2926619921798296,0.0208333333333333,0.0510310363079828,0.09375,0.2005850816985151,0.0798611111111111,0.1057518277576046,0.1006944444444444,0.1136642432130051,0.1006944444444444,0.1136642432130051,0.0875,0.161051234084064,0.1916666666666666,0.2245365597551246,0.3308611111111111,0.2287118618278045,,,,7.16,2.418285714285714,0.578857142857143,0.4508571428571429,0.486857142857143,0.5114285714285715,0.0,1.022857142857143,3.4480000000000004,2.9971428571428573,2.869142857142857,1.0297142857142858,0.5114285714285715,2.418285714285714,0.578857142857143,0.4508571428571429,0.486857142857143,3.4480000000000004,0.5114285714285715,0.0,1.022857142857143
5023693,Tyrese Proctor,CLE,2026-05-29,0.0,4.0,2.0,6.0,16.0,0,1,2,0,2,0,0,1,0,2,,0,0,,0,1,1,-4,9.0,0.0,0.1111111111111111,0.2222222222222222,0.0,0.2222222222222222,0.2222222222222222,0.0,0.1111111111111111,0.3333333333333333,0.0,3.333333333333333,4.932882862316247,0.0,0.3333333333333333,0.6666666666666666,0.0,0.6666666666666666,0.0,0.0,0.3333333333333333,0.0,0.6666666666666666,,0.0,0.0,,0.0,0.3333333333333333,0.3333333333333333,-0.6666666666666666,0.0,0.0,0.0555555555555555,0.0785674201318386,0.1111111111111111,0.1571348402636772,0.0,0.0,0.1111111111111111,0.1571348402636772,0.1111111111111111,0.1571348402636772,0.0,0.0,0.0555555555555555,0.0785674201318386,0.1666666666666666,0.2357022603955158,2.0,3.9370039370059056,0.0,0.2,0.4,0.0,0.4,0.0,0.0,0.2,0.0,0.4,,0.0,0.0,,0.0,0.2,0.2,-0.4,0.0,0.0,0.0555555555555555,0.0785674201318386,0.1111111111111111,0.1571348402636772,0.0,0.0,0.1111111111111111,0.1571348402636772,0.1111111111111111,0.1571348402636772,0.0,0.0,0.0555555555555555,0.0785674201318386,0.1666666666666666,0.2357022603955158,1.0,2.8284271247461903,0.0,0.1,0.2,0.0,0.2,0.0,0.0,0.2,0.0,0.2,,0.0,0.0,,0.0,0.1,0.1,-0.6,0.0,0.0,0.0555555555555555,0.0785674201318386,0.1111111111111111,0.1571348402636772,0.0,0.0,0.1111111111111111,0.1571348402636772,0.1111111111111111,0.1571348402636772,0.0,0.0,0.0555555555555555,0.0785674201318386,0.1666666666666666,0.2357022603955158,,,,6.95,0.0,0.34,0.68,0.0,0.1529,0.1251,0.417,1.02,0.34,0.68,1.02,0.278,0.0,0.34,0.68,0.0,1.02,0.1529,0.1251,0.417
5106268,Nae'Qwan Tomlin,CLE,2026-05-29,0.0,4.0,2.0,6.0,16.0,2,1,1,0,0,0,0,0,1,2,,0,0,,1,0,1,-2,7.0,0.2857142857142857,0.1428571428571428,0.1428571428571428,0.0,0.0,0.2857142857142857,0.0,0.0,0.2857142857142857,0.0,2.6666666666666665,3.7859388972001824,1.3333333333333333,0.6666666666666666,0.3333333333333333,0.0,0.0,0.0,0.0,0.0,0.6666666666666666,1.0,,0.0,0.0,,0.6666666666666666,0.0,0.3333333333333333,0.0,1.1428571428571428,1.212183053462653,0.5714285714285714,0.6060915267313265,0.0714285714285714,0.101015254455221,0.0,0.0,0.0,0.0,0.6428571428571428,0.5050762722761053,0.0,0.0,0.0,0.0,0.6428571428571428,0.5050762722761053,2.4,3.049590136395381,1.2,0.6,0.2,0.0,0.0,0.2,0.0,0.0,0.6,0.8,,0.0,0.0,,0.4,0.2,0.2,0.2,0.9285714285714284,0.9340497736158586,0.4642857142857142,0.4670248868079293,0.0476190476190476,0.0824786098842322,0.0,0.0,0.0,0.0,0.5119047619047619,0.4230798962837347,0.0,0.0,0.0,0.0,0.5119047619047619,0.4230798962837347,1.4,2.3664319132398464,0.7,0.4,0.1,0.0,0.0,0.1,0.0,0.0,0.3,0.4,,0.1,0.2,,0.3,0.1,0.1,-0.3,0.8214285714285714,0.7921811790292441,0.4732142857142857,0.381742112971999,0.0357142857142857,0.0714285714285714,0.0,0.0,0.0,0.0,0.3839285714285714,0.429933351898675,0.25,0.5,0.0,0.0,0.4939285714285714,0.347309141048407,,,,6.425,1.2599999999999998,0.6399999999999999,0.34,0.0,0.1413499999999999,0.1156499999999999,0.3854999999999999,2.24,1.9,1.6,0.98,0.2569999999999999,1.2599999999999998,0.6399999999999999,0.34,0.0,2.24,0.1413499999999999,0.1156499999999999,0.3854999999999999
5177362,Riley Minix,CLE,2026-05-29,0.0,20.0,0.0,0.0,2.0,0,0,0,0,0,0,0,0,0,0,,0,0,,0,0,0,0,0.0,,,,,,,,,,0.0,0.0,,0.0,0.0,0.0,0.0,0.0,0.0,0.0,0.0,0.0,0.0,,0.0,0.0,,0.0,0.0,0.0,0.0,,,,,,,,,,,,,,,,,,,0.0,,0.0,0.0,0.0,0.0,0.0,0.0,0.0,0.0,0.0,0.0,,0.0,0.0,,0.0,0.0,0.0,0.0,,,,,,,,,,,,,,,,,,,0.0,,0.0,0.0,0.0,0.0,0.0,0.0,0.0,0.0,0.0,0.0,,0.0,0.0,,0.0,0.0,0.0,0.0,,,,,,,,,,,,,,,,,,,,,,8.0,0.0,0.0,0.0,0.0,0.176,0.144,0.48,0.0,0.0,0.0,0.0,0.3199999999999999,0.0,0.0,0.0,0.0,0.0,0.176,0.144,0.48
6477,Jonas Valanciunas,DEN,2026-05-29,0.0,29.0,0.0,0.0,4.0,2,2,0,0,0,0,0,1,1,3,,0,0,,1,1,1,-2,4.0,0.5,0.5,0.0,0.0,0.0,0.75,0.0,0.25,1.0,0.0,4.666666666666667,5.033222956847166,3.6666666666666665,1.3333333333333333,0.3333333333333333,0.0,0.0,0.0,0.3333333333333333,1.3333333333333333,1.6666666666666667,2.333333333333333,,0.3333333333333333,0.6666666666666666,,0.6666666666666666,0.6666666666666666,2.0,-2.6666666666666665,0.7,0.282842712474619,0.35,0.2121320343559642,0.05,0.0707106781186547,0.0,0.0,0.0,0.0,0.575,0.2474873734152916,0.1,0.1414213562373095,0.275,0.0353553390593273,0.894,0.149906637611548,4.666666666666667,5.033222956847166,3.6666666666666665,1.3333333333333333,0.3333333333333333,0.0,0.0,0.0,0.3333333333333333,1.3333333333333333,1.6666666666666667,2.333333333333333,,0.3333333333333333,0.6666666666666666,,0.6666666666666666,0.6666666666666666,2.0,-2.6666666666666665,0.7,0.282842712474619,0.35,0.2121320343559642,0.05,0.0707106781186547,0.0,0.0,0.0,0.0,0.575,0.2474873734152916,0.1,0.1414213562373095,0.275,0.0353553390593273,0.894,0.149906637611548,4.666666666666667,5.033222956847166,3.6666666666666665,1.3333333333333333,0.3333333333333333,0.0,0.0,0.0,0.3333333333333333,1.3333333333333333,1.6666666666666667,2.333333333333333,,0.3333333333333333,0.6666666666666666,,0.6666666666666666,0.6666666666666666,2.0,-2.6666666666666665,0.7,0.282842712474619,0.35,0.2121320343559642,0.05,0.0707106781186547,0.0,0.0,0.0,0.0,0.575,0.2474873734152916,0.1,0.1414213562373095,0.275,0.0353553390593273,0.894,0.149906637611548,,,,8.0,3.4166666666666665,1.4333333333333331,0.2833333333333333,0.0,0.176,0.144,0.48,5.133333333333333,4.85,3.7,1.7166666666666663,0.3199999999999999,3.4166666666666665,1.4333333333333331,0.2833333333333333,0.0,5.133333333333333,0.176,0.144,0.48
2528210,Tim Hardaway Jr.,DEN,2026-05-29,0.0,29.0,0.0,0.0,4.0,13,4,2,1,2,1,1,1,4,7,,4,4,,2,2,1,-5,21.0,0.6190476190476191,0.1904761904761904,0.0952380952380952,0.0476190476190476,0.0952380952380952,0.3333333333333333,0.1904761904761904,0.0476190476190476,0.4647619047619047,0.0,20.33333333333333,8.020806277010642,10.333333333333334,3.0,1.3333333333333333,0.6666666666666666,3.6666666666666665,0.6666666666666666,0.3333333333333333,0.3333333333333333,3.333333333333333,7.333333333333333,,3.0,3.333333333333333,,1.3333333333333333,1.6666666666666667,1.6666666666666667,-1.6666666666666667,0.5476190476190476,0.1666666666666666,0.123015873015873,0.106701029045625,0.0555555555555555,0.049563476177765,0.0436507936507936,0.0418081498129076,0.1865079365079365,0.0810340391137386,0.369047619047619,0.0429232294698094,0.1507936507936507,0.0587247959799553,0.0158730158730158,0.0274928699614107,0.4512698412698412,0.0146333366907883,20.33333333333333,8.020806277010642,10.333333333333334,3.0,1.3333333333333333,0.6666666666666666,3.6666666666666665,0.6666666666666666,0.3333333333333333,0.3333333333333333,3.333333333333333,7.333333333333333,,3.0,3.333333333333333,,1.3333333333333333,1.6666666666666667,1.6666666666666667,-1.6666666666666667,0.5476190476190476,0.1666666666666666,0.123015873015873,0.106701029045625,0.0555555555555555,0.049563476177765,0.0436507936507936,0.0418081498129076,0.1865079365079365,0.0810340391137386,0.369047619047619,0.0429232294698094,0.1507936507936507,0.0587247959799553,0.0158730158730158,0.0274928699614107,0.4512698412698412,0.0146333366907883,20.33333333333333,8.020806277010642,10.333333333333334,3.0,1.3333333333333333,0.6666666666666666,3.6666666666666665,0.6666666666666666,0.3333333333333333,0.3333333333333333,3.333333333333333,7.333333333333333,,3.0,3.333333333333333,,1.3333333333333333,1.6666666666666667,1.6666666666666667,-1.6666666666666667,0.5476190476190476,0.1666666666666666,0.123015873015873,0.106701029045625,0.0555555555555555,0.049563476177765,0.0436507936507936,0.0418081498129076,0.1865079365079365,0.0810340391137386,0.369047619047619,0.0429232294698094,0.1507936507936507,0.0587247959799553,0.0158730158730158,0.0274928699614107,0.4512698412698412,0.0146333366907883,,,,20.433333333333334,10.733333333333333,3.15,1.4333333333333331,0.7166666666666666,0.4495333333333333,0.3677999999999999,1.226,15.316666666666666,13.883333333333333,12.166666666666666,4.583333333333333,0.8173333333333332,10.733333333333333,3.15,1.4333333333333331,0.7166666666666666,15.316666666666666,0.4495333333333333,0.3677999999999999,1.226
3064290,Aaron Gordon,DEN,2026-05-29,0.0,34.0,0.0,0.0,2.0,9,1,0,1,5,0,1,0,4,11,,0,0,,0,1,2,-7,23.0,0.391304347826087,0.0434782608695652,0.0,0.0434782608695652,0.217391304347826,0.4782608695652174,0.0,0.0,0.4782608695652174,0.0,23.0,,9.0,1.0,0.0,1.0,5.0,0.0,1.0,0.0,4.0,11.0,,0.0,0.0,,0.0,1.0,2.0,-7.0,0.391304347826087,,0.0434782608695652,,0.0,,0.0434782608695652,,0.217391304347826,,0.4782608695652174,,0.0,,0.0,,0.4782608695652174,,23.0,,9.0,1.0,0.0,1.0,5.0,0.0,1.0,0.0,4.0,11.0,,0.0,0.0,,0.0,1.0,2.0,-7.0,0.391304347826087,,0.0434782608695652,,0.0,,0.0434782608695652,,0.217391304347826,,0.4782608695652174,,0.0,,0.0,,0.4782608695652174,,23.0,,9.0,1.0,0.0,1.0,5.0,0.0,1.0,0.0,4.0,11.0,,0.0,0.0,,0.0,1.0,2.0,-7.0,0.391304347826087,,0.0434782608695652,,0.0,,0.0434782608695652,,0.217391304347826,,0.4782608695652174,,0.0,,0.0,,0.4782608695652174,,,,,23.0,9.0,1.0,0.0,1.0,0.506,0.414,1.38,10.0,10.0,9.0,1.0,0.92,9.0,1.0,0.0,1.0,10.0,0.506,0.414,1.38
3112335,Nikola Jokic,DEN,2026-05-29,0.0,29.0,0.0,0.0,4.0,28,9,10,1,5,0,1,4,11,19,,5,6,,1,8,5,-9,43.0,0.6511627906976745,0.2093023255813953,0.2325581395348837,0.0232558139534883,0.1162790697674418,0.4418604651162791,0.1395348837209302,0.0930232558139534,0.5962790697674418,0.0,40.66666666666666,2.516611478423584,26.33333333333333,12.0,11.666666666666666,0.6666666666666666,4.0,1.0,1.3333333333333333,3.6666666666666665,9.333333333333334,18.666666666666668,,7.0,8.0,,2.0,10.0,4.0,-1.0,0.6490183200485616,0.0626077821519107,0.2969818192673971,0.0799523349315603,0.2910409887452607,0.1127821777615678,0.0165238678090575,0.014391647510777,0.0982376531231652,0.0223964392381474,0.4577275576917336,0.0722431615621735,0.1992715765590948,0.0619158845208904,0.0898438666149207,0.0097055643783879,0.6352509179926561,0.0734736925297769,40.66666666666666,2.516611478423584,26.33333333333333,12.0,11.666666666666666,0.6666666666666666,4.0,1.0,1.3333333333333333,3.6666666666666665,9.333333333333334,18.666666666666668,,7.0,8.0,,2.0,10.0,4.0,-1.0,0.6490183200485616,0.0626077821519107,0.2969818192673971,0.0799523349315603,0.2910409887452607,0.1127821777615678,0.0165238678090575,0.014391647510777,0.0982376531231652,0.0223964392381474,0.4577275576917336,0.0722431615621735,0.1992715765590948,0.0619158845208904,0.0898438666149207,0.0097055643783879,0.6352509179926561,0.0734736925297769,40.66666666666666,2.516611478423584,26.33333333333333,12.0,11.666666666666666,0.6666666666666666,4.0,1.0,1.3333333333333333,3.6666666666666665,9.333333333333334,18.666666666666668,,7.0,8.0,,2.0,10.0,4.0,-1.0,0.6490183200485616,0.0626077821519107,0.2969818192673971,0.0799523349315603,0.2910409887452607,0.1127821777615678,0.0165238678090575,0.014391647510777,0.0982376531231652,0.0223964392381474,0.4577275576917336,0.0722431615621735,0.1992715765590948,0.0619158845208904,0.0898438666149207,0.0097055643783879,0.6352509179926561,0.0734736925297769,,,,41.01666666666666,26.58333333333333,11.55,11.416666666666666,0.7166666666666666,0.9023666666666664,0.7382999999999998,2.4609999999999994,49.54999999999999,38.133333333333326,37.99999999999999,22.966666666666665,1.6406666666666665,26.58333333333333,11.55,11.416666666666666,0.7166666666666666,49.54999999999999,0.9023666666666664,0.7382999999999998,2.4609999999999994
3135046,Tyus Jones,DEN,2026-05-29,0.0,29.0,0.0,0.0,4.0,4,0,3,0,0,1,0,0,2,4,,0,0,,0,0,2,5,12.0,0.3333333333333333,0.0,0.25,0.0,0.0,0.3333333333333333,0.0,0.0,0.3333333333333333,0.0,8.666666666666666,7.571877794400365,2.333333333333333,0.0,1.6666666666666667,0.0,0.0,0.6666666666666666,0.0,0.0,1.0,2.0,,0.3333333333333333,0.6666666666666666,,0.0,0.0,1.0,-0.6666666666666666,0.2738095238095238,0.0841793787126842,0.0,0.0,0.1964285714285714,0.0757614408414158,0.0,0.0,0.0,0.0,0.238095238095238,0.1346870059402947,0.0714285714285714,0.101015254455221,0.0,0.0,0.2695238095238095,0.0902402939799975,8.666666666666666,7.571877794400365,2.333333333333333,0.0,1.6666666666666667,0.0,0.0,0.6666666666666666,0.0,0.0,1.0,2.0,,0.3333333333333333,0.6666666666666666,,0.0,0.0,1.0,-0.6666666666666666,0.2738095238095238,0.0841793787126842,0.0,0.0,0.1964285714285714,0.0757614408414158,0.0,0.0,0.0,0.0,0.238095238095238,0.1346870059402947,0.0714285714285714,0.101015254455221,0.0,0.0,0.2695238095238095,0.0902402939799975,8.666666666666666,7.571877794400365,2.333333333333333,0.0,1.6666666666666667,0.0,0.0,0.6666666666666666,0.0,0.0,1.0,2.0,,0.3333333333333333,0.6666666666666666,,0.0,0.0,1.0,-0.6666666666666666,0.2738095238095238,0.0841793787126842,0.0,0.0,0.1964285714285714,0.0757614408414158,0.0,0.0,0.0,0.0,0.238095238095238,0.1346870059402947,0.0714285714285714,0.101015254455221,0.0,0.0,0.2695238095238095,0.0902402939799975,,,,9.166666666666664,2.583333333333333,0.0,1.8666666666666667,0.0,0.2016666666666666,0.1649999999999999,0.5499999999999998,4.45,2.583333333333333,4.45,1.8666666666666667,0.3666666666666666,2.583333333333333,0.0,1.8666666666666667,0.0,4.45,0.2016666666666666,0.1649999999999999,0.5499999999999998
3138196,Cameron Johnson,DEN,2026-05-29,0.0,29.0,0.0,0.0,4.0,27,8,3,5,10,0,1,2,8,15,,6,9,,0,8,5,-3,39.0,0.6923076923076923,0.2051282051282051,0.0769230769230769,0.1282051282051282,0.2564102564102564,0.3846153846153846,0.2307692307692307,0.0512820512820512,0.5374358974358975,0.0,34.0,6.244997998398398,18.0,5.333333333333333,3.333333333333333,2.6666666666666665,6.333333333333333,1.3333333333333333,0.6666666666666666,1.6666666666666667,6.333333333333333,11.333333333333334,,2.6666666666666665,4.333333333333333,,1.0,4.333333333333333,3.0,3.0,0.5085470085470085,0.1796397398032795,0.1486229819563153,0.0673645102040626,0.0966286799620133,0.0366261265794758,0.0735992402659069,0.0481880289102311,0.1749762583095916,0.0927139609269787,0.3226495726495726,0.0877630460594566,0.1263057929724596,0.116924872577101,0.0510446343779677,0.0231490612720769,0.4292687559354226,0.0946725375728712,34.0,6.244997998398398,18.0,5.333333333333333,3.333333333333333,2.6666666666666665,6.333333333333333,1.3333333333333333,0.6666666666666666,1.6666666666666667,6.333333333333333,11.333333333333334,,2.6666666666666665,4.333333333333333,,1.0,4.333333333333333,3.0,3.0,0.5085470085470085,0.1796397398032795,0.1486229819563153,0.0673645102040626,0.0966286799620133,0.0366261265794758,0.0735992402659069,0.0481880289102311,0.1749762583095916,0.0927139609269787,0.3226495726495726,0.0877630460594566,0.1263057929724596,0.116924872577101,0.0510446343779677,0.0231490612720769,0.4292687559354226,0.0946725375728712,34.0,6.244997998398398,18.0,5.333333333333333,3.333333333333333,2.6666666666666665,6.333333333333333,1.3333333333333333,0.6666666666666666,1.6666666666666667,6.333333333333333,11.333333333333334,,2.6666666666666665,4.333333333333333,,1.0,4.333333333333333,3.0,3.0,0.5085470085470085,0.1796397398032795,0.1486229819563153,0.0673645102040626,0.0966286799620133,0.0366261265794758,0.0735992402659069,0.0481880289102311,0.1749762583095916,0.0927139609269787,0.3226495726495726,0.0877630460594566,0.1263057929724596,0.116924872577101,0.0510446343779677,0.0231490612720769,0.4292687559354226,0.0946725375728712,,,,34.75,19.35,5.7333333333333325,3.283333333333333,3.016666666666666,0.7645,0.6255,2.085,28.366666666666667,25.083333333333336,22.633333333333333,9.016666666666666,1.39,19.35,5.7333333333333325,3.283333333333333,3.016666666666666,28.366666666666667,0.7645,0.6255,2.085
3936299,Jamal Murray,DEN,2026-05-29,0.0,29.0,0.0,0.0,4.0,12,6,4,0,2,0,1,0,4,17,,4,4,,1,5,2,-18,40.0,0.3,0.15,0.1,0.0,0.05,0.425,0.1,0.0,0.469,0.0,40.333333333333336,1.5275252316519468,22.0,5.0,5.333333333333333,1.6666666666666667,5.0,1.3333333333333333,0.6666666666666666,2.0,7.666666666666667,21.666666666666668,,5.0,5.0,,1.3333333333333333,3.6666666666666665,2.6666666666666665,-8.333333333333334,0.5432234432234432,0.2163644826237936,0.1238705738705738,0.0240829143025806,0.1328449328449328,0.041500931636807,0.0409035409035409,0.0368279148519064,0.1235042735042735,0.0639785124458869,0.5366605616605616,0.0967398995783092,0.123076923076923,0.0377715893914262,0.05006105006105,0.0513256399437941,0.6408754578754579,0.1492270811411171,40.333333333333336,1.5275252316519468,22.0,5.0,5.333333333333333,1.6666666666666667,5.0,1.3333333333333333,0.6666666666666666,2.0,7.666666666666667,21.666666666666668,,5.0,5.0,,1.3333333333333333,3.6666666666666665,2.6666666666666665,-8.333333333333334,0.5432234432234432,0.2163644826237936,0.1238705738705738,0.0240829143025806,0.1328449328449328,0.041500931636807,0.0409035409035409,0.0368279148519064,0.1235042735042735,0.0639785124458869,0.5366605616605616,0.0967398995783092,0.123076923076923,0.0377715893914262,0.05006105006105,0.0513256399437941,0.6408754578754579,0.1492270811411171,40.333333333333336,1.5275252316519468,22.0,5.0,5.333333333333333,1.6666666666666667,5.0,1.3333333333333333,0.6666666666666666,2.0,7.666666666666667,21.666666666666668,,5.0,5.0,,1.3333333333333333,3.6666666666666665,2.6666666666666665,-8.333333333333334,0.5432234432234432,0.2163644826237936,0.1238705738705738,0.0240829143025806,0.1328449328449328,0.041500931636807,0.0409035409035409,0.0368279148519064,0.1235042735042735,0.0639785124458869,0.5366605616605616,0.0967398995783092,0.123076923076923,0.0377715893914262,0.05006105006105,0.0513256399437941,0.6408754578754579,0.1492270811411171,,,,40.28333333333334,20.5,5.15,5.133333333333333,1.416666666666667,0.8862333333333334,0.7251000000000001,2.4170000000000003,30.78333333333333,25.65,25.633333333333333,10.283333333333331,1.6113333333333335,20.5,5.15,5.133333333333333,1.416666666666667,30.78333333333333,0.8862333333333334,0.7251000000000001,2.4170000000000003
4065670,Bruce Brown,DEN,2026-05-29,0.0,29.0,0.0,0.0,4.0,1,1,1,0,1,2,0,3,0,2,,1,2,,1,0,3,-5,14.0,0.0714285714285714,0.0714285714285714,0.0714285714285714,0.0,0.0714285714285714,0.1428571428571428,0.1428571428571428,0.2142857142857142,0.42,0.0,18.33333333333333,3.785938897200182,4.666666666666667,0.6666666666666666,1.0,0.0,1.6666666666666667,1.3333333333333333,0.0,2.0,2.0,5.333333333333333,,0.6666666666666666,1.3333333333333333,,0.3333333333333333,0.3333333333333333,3.0,-6.333333333333333,0.2357142857142856,0.1458612704047295,0.0396825396825396,0.0363696483726653,0.0555555555555555,0.049563476177765,0.0,0.0,0.0888888888888888,0.0153073821603062,0.2753968253968253,0.1150848384029552,0.0809523809523809,0.0733085919920983,0.1214285714285714,0.1099628879881475,0.4324444444444444,0.1058832340800905,18.33333333333333,3.785938897200182,4.666666666666667,0.6666666666666666,1.0,0.0,1.6666666666666667,1.3333333333333333,0.0,2.0,2.0,5.333333333333333,,0.6666666666666666,1.3333333333333333,,0.3333333333333333,0.3333333333333333,3.0,-6.333333333333333,0.2357142857142856,0.1458612704047295,0.0396825396825396,0.0363696483726653,0.0555555555555555,0.049563476177765,0.0,0.0,0.0888888888888888,0.0153073821603062,0.2753968253968253,0.1150848384029552,0.0809523809523809,0.0733085919920983,0.1214285714285714,0.1099628879881475,0.4324444444444444,0.1058832340800905,18.33333333333333,3.785938897200182,4.666666666666667,0.6666666666666666,1.0,0.0,1.6666666666666667,1.3333333333333333,0.0,2.0,2.0,5.333333333333333,,0.6666666666666666,1.3333333333333333,,0.3333333333333333,0.3333333333333333,3.0,-6.333333333333333,0.2357142857142856,0.1458612704047295,0.0396825396825396,0.0363696483726653,0.0555555555555555,0.049563476177765,0.0,0.0,0.0888888888888888,0.0153073821603062,0.2753968253968253,0.1150848384029552,0.0809523809523809,0.0733085919920983,0.1214285714285714,0.1099628879881475,0.4324444444444444,0.1058832340800905,,,,17.683333333333334,4.116666666666667,0.7166666666666666,1.0,0.0,0.3890333333333333,0.3182999999999999,1.061,5.833333333333334,4.833333333333334,5.116666666666667,1.7166666666666666,0.7073333333333334,4.116666666666667,0.7166666666666666,1.0,0.0,5.833333333333334,0.3890333333333333,0.3182999999999999,1.061
4398390,Jalen Pickett,DEN,2026-05-29,0.0,29.0,0.0,0.0,4.0,0,0,0,0,0,0,0,0,0,0,,0,0,,0,0,0,0,0.0,,,,,,,,,,0.0,0.0,0.0,0.0,0.0,0.0,0.0,0.0,0.0,0.0,0.0,0.0,0.0,,0.0,0.0,,0.0,0.0,0.0,0.0,,,,,,,,,,,,,,,,,,,0.0,0.0,0.0,0.0,0.0,0.0,0.0,0.0,0.0,0.0,0.0,0.0,,0.0,0.0,,0.0,0.0,0.0,0.0,,,,,,,,,,,,,,,,,,,0.0,0.0,0.0,0.0,0.0,0.0,0.0,0.0,0.0,0.0,0.0,0.0,,0.0,0.0,,0.0,0.0,0.0,0.0,,,,,,,,,,,,,,,,,,,,,,8.0,0.0,0.0,0.0,0.0,0.176,0.144,0.48,0.0,0.0,0.0,0.0,0.3199999999999999,0.0,0.0,0.0,0.0,0.0,0.176,0.144,0.48
4431690,Zeke Nnaji,DEN,2026-05-29,0.0,29.0,0.0,0.0,4.0,0,0,0,0,0,0,0,0,0,0,,0,0,,0,0,0,-5,3.0,0.0,0.0,0.0,0.0,0.0,0.0,0.0,0.0,0.0,0.0,1.0,1.7320508075688772,0.0,0.0,0.0,0.0,0.0,0.0,0.0,0.0,0.0,0.0,,0.0,0.0,,0.0,0.0,0.0,-1.6666666666666667,0.0,,0.0,,0.0,,0.0,,0.0,,0.0,,0.0,,0.0,,0.0,,1.0,1.7320508075688772,0.0,0.0,0.0,0.0,0.0,0.0,0.0,0.0,0.0,0.0,,0.0,0.0,,0.0,0.0,0.0,-1.6666666666666667,0.0,,0.0,,0.0,,0.0,,0.0,,0.0,,0.0,,0.0,,0.0,,1.0,1.7320508075688772,0.0,0.0,0.0,0.0,0.0,0.0,0.0,0.0,0.0,0.0,,0.0,0.0,,0.0,0.0,0.0,-1.6666666666666667,0.0,,0.0,,0.0,,0.0,,0.0,,0.0,,0.0,,0.0,,0.0,,,,,8.0,0.0,0.0,0.0,0.0,0.176,0.144,0.48,0.0,0.0,0.0,0.0,0.3199999999999999,0.0,0.0,0.0,0.0,0.0,0.176,0.144,0.48
4431767,Christian Braun,DEN,2026-05-29,0.0,29.0,0.0,0.0,4.0,3,1,0,1,4,0,3,1,1,4,,0,0,,0,1,2,-9,28.0,0.1071428571428571,0.0357142857142857,0.0,0.0357142857142857,0.1428571428571428,0.1428571428571428,0.0,0.0357142857142857,0.1785714285714285,0.0,31.0,3.0,6.666666666666667,2.6666666666666665,1.3333333333333333,1.0,2.333333333333333,1.3333333333333333,1.3333333333333333,1.3333333333333333,2.0,4.333333333333333,,1.6666666666666667,2.0,,0.0,2.6666666666666665,3.0,0.0,0.2109198518116924,0.0939908580759585,0.0824297460919851,0.0577933800918229,0.0420619860847564,0.0496118152251665,0.0324613716454323,0.0031561753923,0.078928345531761,0.058079664636532,0.1405981747537724,0.0219091492420935,0.0607210626185958,0.0589152739896016,0.0422652932140598,0.0144436060499753,0.2095807355200144,0.0270389485808852,31.0,3.0,6.666666666666667,2.6666666666666665,1.3333333333333333,1.0,2.333333333333333,1.3333333333333333,1.3333333333333333,1.3333333333333333,2.0,4.333333333333333,,1.6666666666666667,2.0,,0.0,2.6666666666666665,3.0,0.0,0.2109198518116924,0.0939908580759585,0.0824297460919851,0.0577933800918229,0.0420619860847564,0.0496118152251665,0.0324613716454323,0.0031561753923,0.078928345531761,0.058079664636532,0.1405981747537724,0.0219091492420935,0.0607210626185958,0.0589152739896016,0.0422652932140598,0.0144436060499753,0.2095807355200144,0.0270389485808852,31.0,3.0,6.666666666666667,2.6666666666666665,1.3333333333333333,1.0,2.333333333333333,1.3333333333333333,1.3333333333333333,1.3333333333333333,2.0,4.333333333333333,,1.6666666666666667,2.0,,0.0,2.6666666666666665,3.0,0.0,0.2109198518116924,0.0939908580759585,0.0824297460919851,0.0577933800918229,0.0420619860847564,0.0496118152251665,0.0324613716454323,0.0031561753923,0.078928345531761,0.058079664636532,0.1405981747537724,0.0219091492420935,0.0607210626185958,0.0589152739896016,0.0422652932140598,0.0144436060499753,0.2095807355200144,0.0270389485808852,,,,30.55,6.116666666666667,2.4166666666666665,1.1333333333333333,1.0,0.6721,0.5498999999999999,1.833,9.666666666666666,8.533333333333333,7.25,3.55,1.222,6.116666666666667,2.4166666666666665,1.1333333333333333,1.0,9.666666666666666,0.6721,0.5498999999999999,1.833
4432181,Julian Strawther,DEN,2026-05-29,0.0,29.0,0.0,0.0,4.0,0,0,0,0,0,0,0,0,0,0,,0,0,,0,0,0,0,0.0,,,,,,,,,,0.0,1.3333333333333333,2.309401076758504,0.0,0.0,0.0,0.0,0.0,0.0,0.0,0.0,0.0,0.0,,0.0,0.0,,0.0,0.0,0.3333333333333333,-1.6666666666666667,0.0,,0.0,,0.0,,0.0,,0.0,,0.0,,0.0,,0.0,,0.0,,1.3333333333333333,2.309401076758504,0.0,0.0,0.0,0.0,0.0,0.0,0.0,0.0,0.0,0.0,,0.0,0.0,,0.0,0.0,0.3333333333333333,-1.6666666666666667,0.0,,0.0,,0.0,,0.0,,0.0,,0.0,,0.0,,0.0,,0.0,,1.3333333333333333,2.309401076758504,0.0,0.0,0.0,0.0,0.0,0.0,0.0,0.0,0.0,0.0,,0.0,0.0,,0.0,0.0,0.3333333333333333,-1.6666666666666667,0.0,,0.0,,0.0,,0.0,,0.0,,0.0,,0.0,,0.0,,0.0,,,,,8.0,0.0,0.0,0.0,0.0,0.176,0.144,0.48,0.0,0.0,0.0,0.0,0.3199999999999999,0.0,0.0,0.0,0.0,0.0,0.176,0.144,0.48
4433607,DaRon Holmes II,DEN,2026-05-29,0.0,29.0,0.0,0.0,4.0,0,0,0,0,0,0,0,0,0,0,,0,0,,0,0,0,0,0.0,,,,,,,,,,0.0,0.0,0.0,0.0,0.0,0.0,0.0,0.0,0.0,0.0,0.0,0.0,0.0,,0.0,0.0,,0.0,0.0,0.0,0.0,,,,,,,,,,,,,,,,,,,0.0,0.0,0.0,0.0,0.0,0.0,0.0,0.0,0.0,0.0,0.0,0.0,,0.0,0.0,,0.0,0.0,0.0,0.0,,,,,,,,,,,,,,,,,,,0.0,0.0,0.0,0.0,0.0,0.0,0.0,0.0,0.0,0.0,0.0,0.0,,0.0,0.0,,0.0,0.0,0.0,0.0,,,,,,,,,,,,,,,,,,,,,,8.0,0.0,0.0,0.0,0.0,0.176,0.144,0.48,0.0,0.0,0.0,0.0,0.3199999999999999,0.0,0.0,0.0,0.0,0.0,0.176,0.144,0.48
4592427,Spencer Jones,DEN,2026-05-29,0.0,29.0,0.0,0.0,4.0,8,2,1,2,3,0,1,1,3,4,,0,0,,0,2,5,-9,35.0,0.2285714285714285,0.0571428571428571,0.0285714285714285,0.0571428571428571,0.0857142857142857,0.1142857142857142,0.0,0.0285714285714285,0.1428571428571428,0.0,32.333333333333336,6.429100507328636,9.333333333333334,3.0,0.6666666666666666,2.0,3.333333333333333,1.3333333333333333,2.0,0.6666666666666666,3.333333333333333,5.0,,0.6666666666666666,0.6666666666666666,,1.0,2.0,4.333333333333333,-3.333333333333333,0.2563706563706563,0.2713404075909815,0.0994079794079794,0.0538219691287584,0.0185328185328185,0.0160684571789071,0.055083655083655,0.0540834632260089,0.1002831402831403,0.0303176421276247,0.1458429858429858,0.0860754619926475,0.018018018018018,0.0312081226588986,0.0185328185328185,0.0160684571789071,0.1723037323037323,0.110023228169196,32.333333333333336,6.429100507328636,9.333333333333334,3.0,0.6666666666666666,2.0,3.333333333333333,1.3333333333333333,2.0,0.6666666666666666,3.333333333333333,5.0,,0.6666666666666666,0.6666666666666666,,1.0,2.0,4.333333333333333,-3.333333333333333,0.2563706563706563,0.2713404075909815,0.0994079794079794,0.0538219691287584,0.0185328185328185,0.0160684571789071,0.055083655083655,0.0540834632260089,0.1002831402831403,0.0303176421276247,0.1458429858429858,0.0860754619926475,0.018018018018018,0.0312081226588986,0.0185328185328185,0.0160684571789071,0.1723037323037323,0.110023228169196,32.333333333333336,6.429100507328636,9.333333333333334,3.0,0.6666666666666666,2.0,3.333333333333333,1.3333333333333333,2.0,0.6666666666666666,3.333333333333333,5.0,,0.6666666666666666,0.6666666666666666,,1.0,2.0,4.333333333333333,-3.333333333333333,0.2563706563706563,0.2713404075909815,0.0994079794079794,0.0538219691287584,0.0185328185328185,0.0160684571789071,0.055083655083655,0.0540834632260089,0.1002831402831403,0.0303176421276247,0.1458429858429858,0.0860754619926475,0.018018018018018,0.0312081226588986,0.0185328185328185,0.0160684571789071,0.1723037323037323,0.110023228169196,,,,32.733333333333334,9.133333333333333,2.85,0.7166666666666666,2.0,0.7201333333333333,0.5892,1.964,12.7,11.983333333333333,9.85,3.5666666666666664,1.3093333333333332,9.133333333333333,2.85,0.7166666666666666,2.0,12.7,0.7201333333333333,0.5892,1.964
6440,Tobias Harris,DET,2026-05-29,0.0,12.0,0.0,2.0,13.0,5,5,2,0,2,1,1,1,0,6,,5,6,,1,4,3,-23,23.0,0.217391304347826,0.217391304347826,0.0869565217391304,0.0,0.0869565217391304,0.2608695652173913,0.2608695652173913,0.0434782608695652,0.4191304347826087,0.0,29.33333333333333,9.291573243177568,8.0,5.333333333333333,2.6666666666666665,0.3333333333333333,3.6666666666666665,1.3333333333333333,0.6666666666666666,1.0,2.6666666666666665,10.666666666666666,,2.333333333333333,2.6666666666666665,,1.0,4.333333333333333,4.0,-6.333333333333333,0.2607971014492753,0.0567388527951454,0.1891304347826087,0.0349858194335458,0.0939855072463768,0.0233089034050469,0.0083333333333333,0.0144337567297406,0.1139855072463768,0.0529544572549204,0.3386231884057971,0.1184924868470294,0.1136231884057971,0.1336455072686938,0.041159420289855,0.0400503778537179,0.4297768115942029,0.040951422495572,32.4,7.829431652425353,12.2,5.8,2.6,1.0,3.8,1.2,0.6,0.8,4.2,12.6,,2.8,3.0,,1.2,4.6,3.0,-5.6,0.3558934655479278,0.1415235946360817,0.1842384947876938,0.0410353501198603,0.0841690821256038,0.0535125877724688,0.0266374269005847,0.0270820064625919,0.1119585558098143,0.0431151250006038,0.3713025680142385,0.1018305506337907,0.1056008136282735,0.0988619112773115,0.0299588100686498,0.0335232323926931,0.4477257360793287,0.0410481779752175,34.3,5.963779562212766,17.7,7.1,1.7,1.6,4.4,1.5,0.6,0.9,6.3,14.9,,3.5,4.4,,1.1,6.0,2.7,2.8,0.5014071593753073,0.2012559715945802,0.2086732279121738,0.0437531663178963,0.0534300056340729,0.0506769395117785,0.043666074655039,0.0395731872456273,0.1244508152643902,0.0463648502349849,0.425488058224199,0.1056316792365631,0.1333168217533021,0.0919814122134942,0.0288138970946234,0.0255015684142556,0.5129613568902754,0.0973239611044547,,,,31.132499999999997,11.417638888888888,5.66386111111111,2.438972222222222,0.8845277777777777,1.1530555555555553,0.5765277777777776,0.7687037037037036,19.52047222222222,17.0815,13.85661111111111,8.102833333333333,1.7295833333333328,11.417638888888888,5.66386111111111,2.438972222222222,0.8845277777777777,19.52047222222222,1.1530555555555553,0.5765277777777776,0.7687037037037036
2596112,Javonte Green,DET,2026-05-29,0.0,12.0,0.0,2.0,13.0,0,0,0,0,0,0,0,0,0,0,,0,0,,0,0,0,0,0.0,,,,,,,,,,0.0,0.0,0.0,0.0,0.0,0.0,0.0,0.0,0.0,0.0,0.0,0.0,0.0,,0.0,0.0,,0.0,0.0,0.0,0.0,,,,,,,,,,,,,,,,,,,3.4,4.979959839195492,0.6,0.4,0.0,0.2,0.8,0.0,0.0,0.0,0.2,1.0,,0.0,0.0,,0.2,0.2,0.6,-0.8,0.1363636363636363,0.1928473039599676,0.0909090909090908,0.128564869306645,0.0,0.0,0.0454545454545454,0.0642824346533224,0.1818181818181818,0.2571297386132903,0.2272727272727273,0.3214121732666125,0.0,0.0,0.0,0.0,0.2272727272727273,0.3214121732666125,6.5,6.00462784488394,1.4,0.8,0.1,0.4,1.6,0.1,0.0,0.0,0.5,1.8,,0.0,0.0,,0.1,0.7,0.6,-0.2,0.2600494743351885,0.3554409327472125,0.1249536178107606,0.1154740242149184,0.0095238095238095,0.0251976315339484,0.0803339517625232,0.1181434527324836,0.2839208410636982,0.3574484178511466,0.3064316635745207,0.3623927774022431,0.0,0.0,0.0,0.0,0.3064316635745207,0.3623927774022431,,,,8.175,0.49,0.3,0.02,0.15,0.17985,0.14715,0.4905,0.81,0.79,0.51,0.32,0.327,0.49,0.3,0.02,0.15,0.81,0.17985,0.14715,0.4905
2991043,Caris LeVert,DET,2026-05-29,0.0,12.0,0.0,2.0,13.0,11,2,2,2,4,1,0,1,3,5,,3,4,,0,2,3,-14,17.0,0.6470588235294118,0.1176470588235294,0.1176470588235294,0.1176470588235294,0.2352941176470588,0.2941176470588235,0.2352941176470588,0.0588235294117647,0.4564705882352941,0.0,23.33333333333333,6.027713773341709,8.666666666666666,2.0,2.0,1.3333333333333333,4.0,1.0,0.6666666666666666,1.0,2.6666666666666665,6.333333333333333,,2.0,2.333333333333333,,0.0,2.0,3.6666666666666665,-3.0,0.4048625197205319,0.20989695927082,0.0875873337840883,0.0403971794903859,0.0875873337840883,0.0403971794903858,0.0622041920216362,0.0591142474493425,0.1775693035835023,0.0553275027731983,0.2757212080234393,0.0297661935481657,0.1200980392156862,0.1177236270443414,0.0425963488843813,0.0372364295145756,0.3711606941627225,0.0760799087706586,23.6,6.542170893518451,11.2,2.4,1.8,1.4,3.6,1.6,0.6,0.8,4.0,8.2,,1.8,2.0,,0.8,1.6,2.6,-0.8,0.4683444568038561,0.227521932988777,0.1018882636480621,0.0348659936927897,0.0719072389801304,0.0494734190954737,0.0566773539226591,0.0545451769562782,0.1452512595694562,0.090396590044677,0.3392467665597941,0.1064817062928177,0.1020398481973434,0.091936230446404,0.0373225152129817,0.0343213020009738,0.421466814979607,0.0905362664612533,17.0,10.360180178613367,6.6,1.9,1.2,0.9,2.3,0.8,0.3,0.5,2.4,5.3,,0.9,1.0,,0.6,1.3,1.8,0.8,0.3374563221559884,0.2880982626732908,0.1117232993676318,0.0631279810376898,0.0573843635359699,0.0478594361570578,0.0485814359399388,0.0616335474260118,0.1330028365129457,0.0960614797830062,0.3057733698361629,0.1250968364872874,0.0566888045540797,0.0843705738983724,0.0251791751183231,0.0307626804272071,0.3558956189582812,0.1328900351682486,,,,22.0465,10.073647457627118,2.1932101694915254,1.716907627118644,1.3327059322033898,1.4946779661016951,0.5605042372881356,0.7473389830508476,13.983765254237287,12.266857627118643,11.790555084745762,3.9101177966101694,2.0551822033898306,10.073647457627118,2.1932101694915254,1.716907627118644,1.3327059322033898,13.983765254237287,1.4946779661016951,0.5605042372881356,0.7473389830508476
3157465,Duncan Robinson,DET,2026-05-29,0.0,12.0,0.0,2.0,12.0,13,1,1,3,5,1,0,3,4,7,,2,3,,0,1,3,-20,22.0,0.5909090909090909,0.0454545454545454,0.0454545454545454,0.1363636363636363,0.2272727272727272,0.3181818181818182,0.1363636363636363,0.1363636363636363,0.5145454545454545,0.0,23.666666666666668,4.7258156262526105,10.333333333333334,1.3333333333333333,1.3333333333333333,2.6666666666666665,4.666666666666667,0.3333333333333333,0.0,1.3333333333333333,3.0,5.333333333333333,,1.6666666666666667,2.6666666666666665,,0.0,1.3333333333333333,3.0,-12.0,0.4762800417972831,0.2980524193403123,0.0599791013584117,0.035090586667112,0.0599791013584117,0.0350905866671121,0.1236154649947753,0.0834917732677394,0.2154127481713688,0.1408921199111748,0.2457157784743991,0.1538947377528201,0.1184430512016718,0.0433878713282838,0.0569487983281086,0.0709034733682349,0.3547795193312435,0.1976209722081452,28.8,7.791020472312983,12.6,2.0,2.2,3.4,6.0,1.8,0.2,1.0,4.0,7.4,,1.2,2.0,,0.0,2.0,2.6,-6.0,0.4609932503035951,0.2123315484466547,0.0688703436979299,0.027650231883921,0.0744258992534854,0.0334623843582042,0.1234185282461144,0.0596460814986176,0.2167851864403588,0.1011261182747179,0.2622943319495043,0.1142263065958364,0.0821769418321142,0.061588259431847,0.0395746844022706,0.0563111532616537,0.3380268707579052,0.1441963225386158,29.8,6.250333324444918,12.5,2.5,2.0,3.2,6.9,1.5,0.1,1.0,4.2,8.9,,0.9,1.5,,0.2,2.3,2.8,-0.1,0.4371583657100898,0.1853994126059328,0.0804390032665894,0.0524154259627726,0.0650224734362665,0.0341348734250703,0.1116813495089357,0.0563451288961746,0.2344314547417995,0.0730321943995434,0.3002571823951134,0.0946204148281262,0.0595564512116236,0.0536446617485002,0.0355689513965376,0.040152686990875,0.3620309723247654,0.1027915770497653,,,,26.5485,11.63202429906542,1.7420906542056072,1.878960747663551,3.018441121495327,1.488700934579439,0.2481168224299065,0.992467289719626,15.253075700934575,13.374114953271024,13.51098504672897,3.621051401869158,1.7368177570093457,11.63202429906542,1.7420906542056072,1.878960747663551,3.018441121495327,15.253075700934575,1.488700934579439,0.2481168224299065,0.992467289719626
4066372,Kevin Huerter,DET,2026-05-29,0.0,12.0,0.0,2.0,7.0,0,0,0,0,0,0,0,0,0,0,,0,0,,0,0,0,0,0.0,,,,,,,,,,0.0,1.0,1.7320508075688772,0.0,0.0,0.3333333333333333,0.0,0.0,0.0,0.0,0.0,0.0,0.0,,0.0,0.0,,0.0,0.0,0.0,-1.3333333333333333,0.0,,0.0,,0.3333333333333333,,0.0,,0.0,,0.0,,0.0,,0.0,,0.0,,1.2,1.6431676725154984,0.0,0.2,0.2,0.0,0.0,0.0,0.0,0.0,0.0,0.0,,0.0,0.0,,0.0,0.2,0.0,0.4,0.0,0.0,0.1666666666666666,0.2357022603955158,0.1666666666666666,0.2357022603955158,0.0,0.0,0.0,0.0,0.0,0.0,0.0,0.0,0.0,0.0,0.0,0.0,3.5,5.822370651203855,0.0,0.3333333333333333,1.0,0.0,0.1666666666666666,0.1666666666666666,0.0,0.0,0.0,0.3333333333333333,,0.0,0.0,,0.0,0.3333333333333333,0.1666666666666666,0.1666666666666666,0.0,0.0,0.1333333333333333,0.1763834207376393,0.2222222222222222,0.1924500897298752,0.0,0.0,0.0222222222222222,0.038490017945975,0.0444444444444444,0.0769800358919501,0.0,0.0,0.0,0.0,0.0444444444444444,0.0769800358919501,,,,6.25,0.0,0.1366666666666666,0.37,0.0,0.1374999999999999,0.1124999999999999,0.375,0.5066666666666666,0.1366666666666666,0.37,0.5066666666666666,0.2499999999999999,0.0,0.1366666666666666,0.37,0.0,0.5066666666666666,0.1374999999999999,0.1124999999999999,0.375
4278562,Paul Reed,DET,2026-05-29,0.0,12.0,0.0,2.0,13.0,4,4,1,0,0,0,0,0,2,5,,0,0,,3,1,1,-7,8.0,0.5,0.5,0.125,0.0,0.0,0.625,0.0,0.0,0.625,0.0,13.666666666666666,4.932882862316247,10.333333333333334,6.0,1.0,0.3333333333333333,0.3333333333333333,0.0,1.0,1.3333333333333333,4.333333333333333,7.0,,1.3333333333333333,1.6666666666666667,,3.333333333333333,2.6666666666666665,1.6666666666666667,0.3333333333333333,0.7169117647058822,0.3025223761348634,0.4485294117647059,0.0653543707155558,0.0821078431372549,0.0371911541801311,0.0208333333333333,0.0360843918243516,0.0208333333333333,0.0360843918243515,0.5330882352941176,0.1096180258520262,0.1017156862745098,0.0947597961873691,0.0821078431372549,0.0958941184288707,0.6599509803921569,0.1579999297373298,13.0,3.872983346207418,11.4,5.0,1.0,0.4,0.6,0.2,0.6,1.2,4.8,6.8,,1.4,2.0,,2.8,2.2,1.6,1.8,0.8644327731092437,0.2943917877558994,0.3862605042016807,0.0971146934399907,0.0778361344537815,0.057243562398376,0.0267857142857142,0.0368134430858719,0.0410714285714285,0.0630081384442048,0.5284243697478992,0.1158502874570316,0.1496008403361344,0.1089761287722512,0.0835504201680672,0.0685841360619939,0.6777991596638656,0.1253498717177854,7.8,6.844300142778986,6.3,3.1,0.5,0.2,0.5,0.1,0.6,0.7,2.6,3.9,,0.9,1.2,,1.7,1.4,1.1,1.1,0.695374058714395,0.4073473712827203,0.3538224380661355,0.1847969054854684,0.0555972388955582,0.0602249257203007,0.0191326530612244,0.0327767242724626,0.0553107606679035,0.077413718406732,0.50082260176798,0.1127794196650901,0.1328317690712648,0.1072016346521743,0.0726658845356324,0.0645763705639552,0.631934464694969,0.1292668653431478,,,,11.9665,9.87622,4.669500000000001,0.9123,0.33292,0.1841,0.5522999999999999,1.1045999999999998,15.45802,14.54572,10.78852,5.581800000000001,0.7363999999999999,9.87622,4.669500000000001,0.9123,0.33292,15.45802,0.1841,0.5522999999999999,1.1045999999999998
4397882,Tolu Smith,DET,2026-05-29,0.0,12.0,0.0,2.0,13.0,4,2,0,0,0,1,0,1,2,2,,0,0,,0,2,0,4,5.0,0.8,0.4,0.0,0.0,0.0,0.4,0.0,0.2,0.6,0.0,1.6666666666666667,2.8867513459481287,1.3333333333333333,0.6666666666666666,0.0,0.0,0.0,0.3333333333333333,0.0,0.3333333333333333,0.6666666666666666,0.6666666666666666,,0.0,0.0,,0.0,0.6666666666666666,0.0,1.3333333333333333,0.8,,0.4,,0.0,,0.0,,0.0,,0.4,,0.0,,0.2,,0.6,,1.0,2.23606797749979,0.8,0.4,0.0,0.0,0.0,0.2,0.0,0.2,0.4,0.4,,0.0,0.0,,0.0,0.4,0.0,0.8,0.8,,0.4,,0.0,,0.0,,0.0,,0.4,,0.0,,0.2,,0.6,,0.6,1.577621275493231,0.4,0.2,0.0,0.0,0.0,0.1,0.0,0.1,0.2,0.2,,0.0,0.0,,0.0,0.2,0.0,0.4,0.4,0.5656854249492381,0.2,0.282842712474619,0.0,0.0,0.0,0.0,0.0,0.0,0.2,0.282842712474619,0.0,0.0,0.1,0.1414213562373095,0.3,0.4242640687119285,,,,6.95,1.36,0.68,0.0,0.0,0.1529,0.1251,0.417,2.04,2.04,1.36,0.68,0.278,1.36,0.68,0.0,0.0,2.04,0.1529,0.1251,0.417
4432107,Marcus Sasser,DET,2026-05-29,0.0,12.0,0.0,2.0,13.0,9,2,1,3,9,1,0,0,3,12,,0,0,,2,0,3,-16,23.0,0.391304347826087,0.0869565217391304,0.0434782608695652,0.1304347826086956,0.391304347826087,0.5217391304347826,0.0,0.0,0.5217391304347826,0.0,19.0,3.605551275463989,6.666666666666667,1.6666666666666667,0.6666666666666666,1.3333333333333333,4.0,0.6666666666666666,0.0,0.6666666666666666,2.6666666666666665,6.333333333333333,,0.0,0.0,,1.0,0.6666666666666666,1.3333333333333333,6.666666666666667,0.338768115942029,0.1929411613560767,0.0891706924315619,0.0347751294741054,0.0330112721417069,0.0292193998576876,0.0619967793880837,0.0654555204080601,0.188305152979066,0.1774746879480796,0.3081723027375201,0.2001083575595563,0.0,0.0,0.0393518518518518,0.0342561309883072,0.3475241545893719,0.1675708316933188,12.0,9.97496867163,5.4,1.0,0.4,1.0,2.8,0.6,0.0,0.4,2.2,4.6,,0.0,0.0,,0.6,0.4,0.8,5.6,0.8374094202898551,1.0096485177709584,0.0668780193236714,0.0528588641302628,0.0247584541062801,0.0290106573658558,0.1298309178743961,0.1458155163599339,0.3078955314009661,0.2796526613841153,0.5644625603864735,0.5379910357120488,0.0,0.0,0.0295138888888888,0.0341974229229031,0.5939764492753623,0.5115417121932038,6.1,9.109823757290195,2.7,0.5,0.3,0.5,1.4,0.3,0.0,0.2,1.1,2.3,,0.0,0.0,,0.3,0.2,0.4,2.8,0.6699275362318841,0.951206341713436,0.0535024154589371,0.0546816105431036,0.2198067632850241,0.4368643133148252,0.1038647342995169,0.1389886220368676,0.2463164251207729,0.2785931440573344,0.4515700483091788,0.5299050502641985,0.0,0.0,0.0236111111111111,0.0324239375831354,0.4751811594202898,0.5165440900290306,,,,14.7205,6.286535000000001,1.2360250000000002,0.51441,1.256025,0.7360250000000002,0.0,0.4906833333333333,8.03697,7.52256,6.8009450000000005,1.7504350000000002,0.7360250000000002,6.286535000000001,1.2360250000000002,0.51441,1.256025,8.03697,0.7360250000000002,0.0,0.4906833333333333
4432166,Cade Cunningham,DET,2026-05-29,0.0,12.0,0.0,2.0,13.0,13,4,5,0,7,2,0,3,5,16,,3,3,,0,4,4,-32,37.0,0.3513513513513513,0.1081081081081081,0.1351351351351351,0.0,0.1891891891891892,0.4324324324324324,0.081081081081081,0.081081081081081,0.5491891891891892,0.0,42.333333333333336,5.507570547286103,24.33333333333333,4.333333333333333,7.333333333333333,3.6666666666666665,9.0,1.3333333333333333,0.0,5.333333333333333,8.333333333333334,20.666666666666668,,4.0,4.333333333333333,,0.3333333333333333,4.0,3.333333333333333,-7.666666666666667,0.5546171171171171,0.2353758508200392,0.100520163020163,0.0495448701944518,0.1710371085371085,0.0311276115057779,0.0813492063492063,0.0705133160472891,0.2118725868725869,0.024644373427043,0.482437794937795,0.070049649332463,0.0984555984555984,0.0613961667429229,0.1242492492492492,0.042797731657463,0.6500075075075075,0.1061763796355451,41.0,4.3011626335213125,23.8,5.2,7.6,3.0,7.6,1.2,0.0,5.8,8.4,21.0,,4.0,4.4,,1.4,3.8,3.6,-8.0,0.5686677061677062,0.1825671215355381,0.1269787644787644,0.0810364795306563,0.1846735471735471,0.0463470533142057,0.0693223443223443,0.0525097516099833,0.1835338085338085,0.0434930139913097,0.5099754974754974,0.1175561648261167,0.1052272052272052,0.0520611861181772,0.1412162162162162,0.0468533785124972,0.6974916839916839,0.170742077015422,41.4,3.134042472944843,27.6,4.7,7.5,3.1,6.7,1.4,0.5,5.2,8.8,20.2,,6.9,7.7,,1.1,3.6,3.3,2.4,0.6591340528840528,0.199879702570434,0.1132396319896319,0.0777952324391176,0.1820886883386883,0.0704807528290505,0.0729478854478854,0.0407061280385413,0.1610476235476235,0.0434661769900374,0.4867476554976555,0.099066676756587,0.1838823338823338,0.0952027020983381,0.1254532629532629,0.0373172654339686,0.6931091453591453,0.1330976217795129,,,,40.922,23.49283317073171,4.978064390243903,7.395324878048781,2.904575609756097,1.1977170731707318,0.0,5.788965853658537,35.8662224390244,28.47089756097561,30.88815804878049,12.373389268292684,1.1977170731707318,23.49283317073171,4.978064390243903,7.395324878048781,2.904575609756097,35.8662224390244,1.1977170731707318,0.0,5.788965853658537
4432810,Isaiah Stewart,DET,2026-05-29,0.0,12.0,0.0,2.0,13.0,3,0,0,0,0,0,0,0,1,1,,1,1,,0,0,2,-8,6.0,0.5,0.0,0.0,0.0,0.0,0.1666666666666666,0.1666666666666666,0.0,0.24,0.0,7.0,3.6055512754639913,3.6666666666666665,1.0,0.3333333333333333,0.6666666666666666,1.3333333333333333,0.0,0.3333333333333333,0.0,1.3333333333333333,2.333333333333333,,0.3333333333333333,0.3333333333333333,,0.6666666666666666,0.3333333333333333,1.3333333333333333,2.0,0.4090909090909091,0.3720614896305659,0.1439393939393939,0.1292327432517574,0.0303030303030303,0.0524863881081478,0.0606060606060606,0.1049727762162956,0.1742424242424242,0.1513256390563498,0.2904040404040404,0.1481314078390147,0.0555555555555555,0.0962250448649376,0.0,0.0,0.3148484848484849,0.121084402409588,7.4,2.7018512172212583,3.8,1.6,0.2,0.4,0.8,0.0,0.2,0.2,1.6,2.6,,0.2,0.2,,0.8,0.8,1.8,1.6,0.4486291486291486,0.2723263351562633,0.2165223665223665,0.1534636444362125,0.0181818181818181,0.040655781409087,0.0363636363636363,0.0813115628181741,0.1045454545454545,0.14338009359625,0.3266233766233766,0.12068531159621,0.0333333333333333,0.0745355992499929,0.0285714285714285,0.063887656499994,0.3698614718614718,0.1417442695193276,10.1,4.771442828607157,3.2,1.9,0.2,0.2,0.5,0.0,0.2,0.4,1.2,2.1,,0.6,0.7,,0.8,1.1,2.1,0.7,0.3088017538017538,0.2672280328824091,0.1821714396714396,0.127325880237705,0.0167832167832167,0.0355353641028615,0.0181818181818181,0.0574959574576069,0.0572727272727272,0.1088212154543682,0.2253629703629703,0.1479122592447841,0.052051282051282,0.0845596812245719,0.0421703296703296,0.0682466403515934,0.2904358641358641,0.17109141018518,,,,7.79,3.808162162162162,1.5065945945945949,0.2103243243243243,0.4046486486486487,0.0,0.2105405405405405,0.2105405405405405,5.5250810810810815,5.314756756756757,4.018486486486487,1.716918918918919,0.2105405405405405,3.808162162162162,1.5065945945945949,0.2103243243243243,0.4046486486486487,5.5250810810810815,0.0,0.2105405405405405,0.2105405405405405
4433621,Jalen Duren,DET,2026-05-29,0.0,12.0,0.0,2.0,13.0,7,9,3,0,0,0,2,3,3,7,,1,2,,2,7,5,-18,26.0,0.2692307692307692,0.3461538461538461,0.1153846153846153,0.0,0.0,0.2692307692307692,0.0769230769230769,0.1153846153846153,0.4184615384615384,0.0,26.0,1.000000000000007,10.333333333333334,8.333333333333334,2.333333333333333,0.0,0.0,0.6666666666666666,1.6666666666666667,1.0,4.333333333333333,7.333333333333333,,1.6666666666666667,3.333333333333333,,2.333333333333333,6.0,3.0,-8.333333333333334,0.3949287749287749,0.1463232220274772,0.3178537511870845,0.1065604508868622,0.0917948717948718,0.0825672877232405,0.0,0.0,0.0,0.0,0.2798670465337132,0.08568175751689,0.1283570750237417,0.0449356063555834,0.0384615384615384,0.0666173387526491,0.3748056980056979,0.0908210531052431,26.8,1.4832396974191548,10.0,6.2,2.0,0.0,0.0,1.2,1.2,2.0,4.4,7.6,,1.2,2.4,,1.8,4.4,3.4,-10.2,0.3720785931820414,0.112007385671351,0.2331132724236172,0.1401840135685086,0.0767882896158758,0.0634575280183952,0.0,0.0,0.0,0.0,0.2823519009725906,0.061110176582009,0.0908073484625208,0.0651755388497897,0.0733962078789665,0.0689710308588933,0.3957033421750663,0.0713747339526103,29.9,4.094712037087183,10.4,8.6,2.1,0.0,0.0,0.7,1.0,2.0,4.1,7.7,,2.2,3.3,,3.4,5.2,3.3,0.5,0.3501079756596997,0.097017240583972,0.2819537784839508,0.1112982500873249,0.0712289845177776,0.0488605718869603,0.0,0.0,0.0,0.0,0.2583195388798837,0.0579978587122377,0.1086409943435805,0.0614572913526766,0.0679855439769232,0.0500441925333614,0.3741071203679824,0.0631056824630942,,,,26.969,9.929835820895525,6.839458208955223,2.1155671641791045,0.0,1.2075671641791044,1.2075671641791044,2.012611940298507,18.884861194029853,16.769294029850748,12.045402985074627,8.955025373134328,2.4151343283582087,9.929835820895525,6.839458208955223,2.1155671641791045,0.0,18.884861194029853,1.2075671641791044,1.2075671641791044,2.012611940298507
4592187,Wendell Moore Jr.,DET,2026-05-29,0.0,20.0,0.0,0.0,2.0,0,0,0,0,0,0,0,0,0,0,,0,0,,0,0,0,0,0.0,,,,,,,,,,0.0,0.0,,0.0,0.0,0.0,0.0,0.0,0.0,0.0,0.0,0.0,0.0,,0.0,0.0,,0.0,0.0,0.0,0.0,,,,,,,,,,,,,,,,,,,0.0,,0.0,0.0,0.0,0.0,0.0,0.0,0.0,0.0,0.0,0.0,,0.0,0.0,,0.0,0.0,0.0,0.0,,,,,,,,,,,,,,,,,,,0.0,,0.0,0.0,0.0,0.0,0.0,0.0,0.0,0.0,0.0,0.0,,0.0,0.0,,0.0,0.0,0.0,0.0,,,,,,,,,,,,,,,,,,,,,,8.0,0.0,0.0,0.0,0.0,0.176,0.144,0.48,0.0,0.0,0.0,0.0,0.3199999999999999,0.0,0.0,0.0,0.0,0.0,0.176,0.144,0.48
4683771,Ronald Holland II,DET,2026-05-29,0.0,12.0,0.0,2.0,13.0,3,2,0,1,2,0,0,0,1,3,,0,0,,0,2,0,4,6.0,0.5,0.3333333333333333,0.0,0.1666666666666666,0.3333333333333333,0.5,0.0,0.0,0.5,0.0,2.6666666666666665,3.055050463303893,1.0,0.6666666666666666,0.0,0.3333333333333333,0.6666666666666666,0.0,0.0,0.0,0.3333333333333333,1.0,,0.0,0.0,,0.0,0.6666666666666666,0.3333333333333333,2.0,0.25,0.3535533905932738,0.1666666666666666,0.2357022603955158,0.0,0.0,0.0833333333333333,0.1178511301977579,0.1666666666666666,0.2357022603955158,0.25,0.3535533905932738,0.0,0.0,0.0,0.0,0.25,0.3535533905932738,4.0,3.16227766016838,0.6,1.2,0.0,0.2,0.6,0.2,0.2,0.2,0.2,0.8,,0.0,0.0,,0.0,1.2,0.4,2.8,0.125,0.25,0.2395833333333333,0.1679637030895531,0.0,0.0,0.0416666666666666,0.0833333333333333,0.1145833333333333,0.1572882174014739,0.15625,0.2366211810750114,0.0,0.0,0.03125,0.0625,0.1875,0.2393567769390845,4.0,3.972125095937662,1.1,0.9,0.0,0.2,0.7,0.3,0.2,0.1,0.3,1.0,,0.3,0.5,,0.1,0.8,0.6,2.4,0.1888888888888888,0.2612883559178854,0.1829365079365079,0.1524021355977148,0.0,0.0,0.038095238095238,0.0678466992798809,0.1257936507936508,0.1325081941494745,0.1797619047619047,0.2002230898629968,0.0746031746031745,0.1293723826938349,0.0178571428571428,0.0472455591261534,0.2304444444444444,0.2284908080923958,,,,6.95,1.0975,1.6909999999999998,0.0,0.3525,0.3475,0.3475,0.3475,2.7885,2.7885,1.0975,1.6909999999999998,0.6950000000000001,1.0975,1.6909999999999998,0.0,0.3525,2.7885,0.3475,0.3475,0.3475
4684742,Ausar Thompson,DET,2026-05-29,0.0,12.0,0.0,2.0,13.0,5,7,0,1,2,0,2,1,2,7,,0,2,,1,6,4,-14,29.0,0.1724137931034483,0.2413793103448276,0.0,0.0344827586206896,0.0689655172413793,0.2413793103448276,0.0689655172413793,0.0344827586206896,0.3062068965517241,0.0,31.33333333333333,8.736894948054104,7.0,7.666666666666667,3.0,0.3333333333333333,1.3333333333333333,2.6666666666666665,2.0,1.6666666666666667,2.6666666666666665,6.333333333333333,,1.3333333333333333,2.333333333333333,,3.0,4.666666666666667,4.0,-0.3333333333333333,0.245140641061583,0.1491168155801263,0.2623703392206336,0.1037393431579752,0.0962059620596205,0.0862644663544553,0.0114942528735632,0.019908629972056,0.0450074759368283,0.0224746413374053,0.2125735912531539,0.0575204323788184,0.0809153350154191,0.0394898989418833,0.055532193252967,0.0251154097574021,0.3037085319129053,0.0859012366194528,28.4,8.173126696681019,6.8,6.8,3.0,0.2,1.2,1.8,1.6,1.8,2.8,6.4,,1.0,1.8,,2.6,4.2,3.8,-3.2,0.2512586133120859,0.1115058730623711,0.2478033287592404,0.0767970372598777,0.1027326516459357,0.074793863889485,0.0068965517241379,0.0154211584655157,0.0407975890103728,0.029670119228683,0.2280886193616927,0.0804588654173328,0.0623423044575273,0.0449561077659328,0.0754245791096749,0.0812250500885505,0.3309438124326797,0.0713162659070498,30.6,6.850790708621403,7.3,7.8,3.8,0.1,0.6,2.0,1.7,1.6,3.2,6.3,,0.8,1.8,,3.1,4.7,3.1,1.1,0.2516361958982263,0.1114209369432898,0.2577691548647577,0.088513109364145,0.1194987630730521,0.0578920391389797,0.0034482758620689,0.0109044057247185,0.0203987945051864,0.0292163806276648,0.2130731513567468,0.0766614939625495,0.0601224297094529,0.0434079485999841,0.0575726579446176,0.0689296826034244,0.2970996783735237,0.0786374510685644,,,,29.3165,6.887666197183099,7.127666197183098,2.942088028169014,0.2598725352112676,1.858088028169014,1.6516338028169015,1.858088028169014,16.95742042253521,14.015332394366196,9.829754225352112,10.069754225352112,3.5097218309859155,6.887666197183099,7.127666197183098,2.942088028169014,0.2598725352112676,16.95742042253521,1.858088028169014,1.6516338028169015,1.858088028169014
4700852,Chaz Lanier,DET,2026-05-29,0.0,12.0,0.0,2.0,13.0,0,0,1,0,1,0,0,0,0,2,,0,0,,0,0,0,4,5.0,0.0,0.0,0.2,0.0,0.2,0.4,0.0,0.0,0.4,0.0,2.0,2.6457513110645907,0.0,0.0,0.3333333333333333,0.0,0.3333333333333333,0.0,0.0,0.0,0.0,0.6666666666666666,,0.0,0.0,,0.0,0.0,0.0,1.0,0.0,0.0,0.0,0.0,0.1,0.1414213562373095,0.0,0.0,0.1,0.1414213562373095,0.2,0.282842712474619,0.0,0.0,0.0,0.0,0.2,0.282842712474619,1.2,2.16794833886788,0.0,0.0,0.2,0.0,0.2,0.0,0.0,0.0,0.0,0.4,,0.0,0.0,,0.0,0.0,0.0,0.6,0.0,0.0,0.0,0.0,0.1,0.1414213562373095,0.0,0.0,0.1,0.1414213562373095,0.2,0.282842712474619,0.0,0.0,0.0,0.0,0.2,0.282842712474619,0.7,1.5670212364724212,0.2,0.0,0.1,0.0,0.1,0.0,0.0,0.0,0.1,0.3,,0.0,0.0,,0.0,0.0,0.0,0.5,0.6666666666666666,1.1547005383792517,0.0,0.0,0.0666666666666666,0.1154700538379251,0.0,0.0,0.0666666666666666,0.1154700538379251,0.4666666666666666,0.5033222956847166,0.0,0.0,0.0,0.0,0.4666666666666666,0.5033222956847166,,,,6.25,0.04,0.0,0.34,0.0,0.1374999999999999,0.1124999999999999,0.375,0.38,0.04,0.38,0.34,0.2499999999999999,0.04,0.0,0.34,0.0,0.38,0.1374999999999999,0.1124999999999999,0.375
5107199,Daniss Jenkins,DET,2026-05-29,0.0,12.0,0.0,2.0,13.0,17,3,5,2,7,0,0,1,4,12,,7,8,,1,2,3,-15,34.0,0.5,0.088235294117647,0.1470588235294117,0.0588235294117647,0.2058823529411764,0.3529411764705882,0.2352941176470588,0.0294117647058823,0.4858823529411764,0.0,35.333333333333336,5.131601439446881,17.0,2.6666666666666665,3.6666666666666665,2.333333333333333,7.333333333333333,0.3333333333333333,0.6666666666666666,0.3333333333333333,5.666666666666667,13.333333333333334,,3.333333333333333,3.6666666666666665,,1.0,1.6666666666666667,2.0,-4.0,0.482428533962759,0.0183352859281477,0.0779299918236374,0.0256027027728876,0.1056679162617053,0.0377383923353079,0.0681260702550099,0.0253130775954607,0.2089369185911973,0.015568635764919,0.3741380108298237,0.0350835132448358,0.1080668301939186,0.1119937885280957,0.0098039215686274,0.0169808902702831,0.4314913376837753,0.0516016743933622,29.0,9.46044396421225,11.0,2.4,3.4,1.4,5.0,0.2,0.4,0.6,3.6,9.8,,2.4,2.6,,1.0,1.4,2.2,-6.8,0.3307269616474967,0.2082057843567916,0.0864405347767221,0.037633098501898,0.125305511661785,0.0388074827589817,0.0408756421530059,0.0413850744012146,0.1586954844880517,0.091248515718895,0.3181336001486878,0.0863078711560384,0.0838877171639702,0.0922023400352515,0.0265172735760971,0.0259962322404509,0.3815614692769318,0.0797576422922196,26.4,7.947046970765652,11.0,2.9,3.4,1.4,4.7,0.6,0.3,0.9,3.8,9.9,,2.0,2.1,,1.0,1.9,1.9,-0.1,0.3901034640709911,0.1634412027547204,0.1060431069807106,0.0785730116984714,0.1339130517962701,0.0330938623537549,0.0471863901118233,0.0479022699083109,0.1784673499502941,0.0817233751934183,0.3721688522871039,0.1072228293046831,0.0787632778197346,0.0694199056502792,0.0361610519772151,0.0321157766968997,0.4429857465050023,0.0951128982581247,,,,30.3845,12.395093103448277,2.5767475862068965,3.625392413793104,1.5881027586206895,0.2095482758620689,0.4190965517241379,0.6286448275862069,18.597233103448275,14.97184068965517,16.02048551724138,6.20214,0.6286448275862069,12.395093103448277,2.5767475862068965,3.625392413793104,1.5881027586206895,18.597233103448275,0.2095482758620689,0.4190965517241379,0.6286448275862069
5107818,Isaac Jones,DET,2026-05-29,0.0,20.0,0.0,0.0,2.0,0,0,0,0,0,0,0,0,0,0,,0,0,,0,0,0,0,0.0,,,,,,,,,,0.0,0.0,,0.0,0.0,0.0,0.0,0.0,0.0,0.0,0.0,0.0,0.0,,0.0,0.0,,0.0,0.0,0.0,0.0,,,,,,,,,,,,,,,,,,,0.0,,0.0,0.0,0.0,0.0,0.0,0.0,0.0,0.0,0.0,0.0,,0.0,0.0,,0.0,0.0,0.0,0.0,,,,,,,,,,,,,,,,,,,0.0,,0.0,0.0,0.0,0.0,0.0,0.0,0.0,0.0,0.0,0.0,,0.0,0.0,,0.0,0.0,0.0,0.0,,,,,,,,,,,,,,,,,,,,,,8.0,0.0,0.0,0.0,0.0,0.176,0.144,0.48,0.0,0.0,0.0,0.0,0.3199999999999999,0.0,0.0,0.0,0.0,0.0,0.176,0.144,0.48
3202,Kevin Durant,HOU,2026-05-29,0.0,35.0,0.0,0.0,2.0,0,0,0,0,0,0,0,0,0,0,,0,0,,0,0,0,0,0.0,,,,,,,,,,0.0,0.0,,0.0,0.0,0.0,0.0,0.0,0.0,0.0,0.0,0.0,0.0,,0.0,0.0,,0.0,0.0,0.0,0.0,,,,,,,,,,,,,,,,,,,0.0,,0.0,0.0,0.0,0.0,0.0,0.0,0.0,0.0,0.0,0.0,,0.0,0.0,,0.0,0.0,0.0,0.0,,,,,,,,,,,,,,,,,,,0.0,,0.0,0.0,0.0,0.0,0.0,0.0,0.0,0.0,0.0,0.0,,0.0,0.0,,0.0,0.0,0.0,0.0,,,,,,,,,,,,,,,,,,,,,,8.0,0.0,0.0,0.0,0.0,0.176,0.144,0.48,0.0,0.0,0.0,0.0,0.3199999999999999,0.0,0.0,0.0,0.0,0.0,0.176,0.144,0.48
3209,Jeff Green,HOU,2026-05-29,0.0,28.0,0.0,0.0,5.0,0,0,0,0,0,0,0,0,0,0,,0,0,,0,0,0,0,0.0,,,,,,,,,,0.0,1.0,1.7320508075688783,0.0,0.0,0.0,0.0,0.0,0.0,0.0,0.0,0.0,0.0,,0.0,0.0,,0.0,0.0,0.0,-1.3333333333333333,0.0,,0.0,,0.0,,0.0,,0.0,,0.0,,0.0,,0.0,,0.0,,2.75,3.774917217635375,0.0,0.0,0.0,0.0,0.25,0.0,0.0,0.25,0.0,0.5,,0.0,0.0,,0.0,0.0,0.25,-2.0,0.0,0.0,0.0,0.0,0.0,0.0,0.0,0.0,0.0625,0.0883883476483184,0.125,0.1767766952966369,0.0,0.0,0.0625,0.0883883476483184,0.1875,0.2651650429449553,2.75,3.774917217635375,0.0,0.0,0.0,0.0,0.25,0.0,0.0,0.25,0.0,0.5,,0.0,0.0,,0.0,0.0,0.25,-2.0,0.0,0.0,0.0,0.0,0.0,0.0,0.0,0.0,0.0625,0.0883883476483184,0.125,0.1767766952966369,0.0,0.0,0.0625,0.0883883476483184,0.1875,0.2651650429449553,,,,8.0,0.0,0.0,0.0,0.0,0.176,0.144,0.48,0.0,0.0,0.0,0.0,0.3199999999999999,0.0,0.0,0.0,0.0,0.0,0.176,0.144,0.48
2578185,Dorian Finney-Smith,HOU,2026-05-29,0.0,28.0,0.0,0.0,5.0,0,0,0,0,1,0,0,1,0,2,,0,0,,0,0,1,-13,8.0,0.0,0.0,0.0,0.0,0.125,0.25,0.0,0.125,0.375,0.0,12.666666666666666,5.686240703077327,2.6666666666666665,1.3333333333333333,0.3333333333333333,0.6666666666666666,2.333333333333333,0.0,0.3333333333333333,0.6666666666666666,0.6666666666666666,3.0,,0.6666666666666666,0.6666666666666666,,0.0,1.3333333333333333,1.6666666666666667,-6.666666666666667,0.2169059011164274,0.289358327813119,0.1084529505582137,0.1446791639065595,0.0303030303030303,0.0524863881081478,0.0606060606060606,0.1049727762162956,0.2107256778309409,0.2142320231180417,0.2699362041467304,0.175492506578586,0.0350877192982456,0.0607737125462763,0.0719696969696969,0.0646163716258787,0.3573444976076554,0.1975304641453315,12.25,4.716990566028302,2.0,2.0,0.25,0.5,2.75,0.25,0.25,0.5,0.5,3.5,,0.5,0.5,,0.25,1.75,1.5,-6.5,0.1626794258373205,0.2599632097072942,0.1722488038277512,0.1738802765027923,0.0227272727272727,0.0454545454545454,0.0454545454545454,0.0909090909090909,0.2489533492822966,0.1908987321711102,0.3160885167464115,0.1704461510566257,0.0263157894736842,0.0526315789473684,0.0539772727272727,0.0638625579548763,0.3816447368421052,0.1684464188331689,12.25,4.716990566028302,2.0,2.0,0.25,0.5,2.75,0.25,0.25,0.5,0.5,3.5,,0.5,0.5,,0.25,1.75,1.5,-6.5,0.1626794258373205,0.2599632097072942,0.1722488038277512,0.1738802765027923,0.0227272727272727,0.0454545454545454,0.0454545454545454,0.0909090909090909,0.2489533492822966,0.1908987321711102,0.3160885167464115,0.1704461510566257,0.0263157894736842,0.0526315789473684,0.0539772727272727,0.0638625579548763,0.3816447368421052,0.1684464188331689,,,,11.7375,1.9,1.5,0.2375,0.475,0.258225,0.211275,0.70425,3.6375,3.4,2.1375,1.7375,0.4695,1.9,1.5,0.2375,0.475,3.6375,0.258225,0.211275,0.70425
3102529,Clint Capela,HOU,2026-05-29,0.0,28.0,0.0,0.0,5.0,2,1,0,0,0,0,0,0,1,1,,0,0,,1,0,0,7,2.0,1.0,0.5,0.0,0.0,0.0,0.5,0.0,0.0,0.5,0.0,0.6666666666666666,1.1547005383792517,0.6666666666666666,0.3333333333333333,0.0,0.0,0.0,0.0,0.0,0.0,0.3333333333333333,0.3333333333333333,,0.0,0.0,,0.3333333333333333,0.0,0.0,2.333333333333333,1.0,,0.5,,0.0,,0.0,,0.0,,0.5,,0.0,,0.0,,0.5,,1.5,1.9148542155126764,1.0,0.75,0.25,0.0,0.0,0.0,0.0,0.0,0.5,0.75,,0.0,0.0,,0.75,0.0,0.25,-1.0,0.75,0.3535533905932738,0.5,0.0,0.125,0.1767766952966369,0.0,0.0,0.0,0.0,0.5,0.0,0.0,0.0,0.0,0.0,0.5,0.0,1.5,1.9148542155126764,1.0,0.75,0.25,0.0,0.0,0.0,0.0,0.0,0.5,0.75,,0.0,0.0,,0.75,0.0,0.25,-1.0,0.75,0.3535533905932738,0.5,0.0,0.125,0.1767766952966369,0.0,0.0,0.0,0.0,0.5,0.0,0.0,0.0,0.0,0.0,0.5,0.0,,,,8.0,1.05,0.6625,0.1375,0.0,0.176,0.144,0.48,1.85,1.7125,1.1875,0.8,0.3199999999999999,1.05,0.6625,0.1375,0.0,1.85,0.176,0.144,0.48
3136777,Jae'Sean Tate,HOU,2026-05-29,0.0,28.0,0.0,0.0,5.0,3,3,0,0,2,0,0,0,1,3,,1,2,,0,3,0,10,6.0,0.5,0.5,0.0,0.0,0.3333333333333333,0.5,0.3333333333333333,0.0,0.6466666666666666,0.0,3.0,3.0,1.6666666666666667,1.3333333333333333,0.0,0.0,0.6666666666666666,0.0,0.0,0.0,0.6666666666666666,1.3333333333333333,,0.3333333333333333,0.6666666666666666,,0.3333333333333333,1.0,0.6666666666666666,1.3333333333333333,0.5833333333333333,0.1178511301977578,0.4166666666666666,0.1178511301977579,0.0,0.0,0.0,0.0,0.1666666666666666,0.2357022603955158,0.4166666666666666,0.1178511301977579,0.1666666666666666,0.2357022603955158,0.0,0.0,0.4899999999999999,0.2215601247717848,3.0,2.449489742783178,1.5,1.25,0.0,0.0,0.5,0.0,0.0,0.0,0.5,1.0,,0.5,1.0,,0.25,1.0,0.75,-1.25,0.5,0.1666666666666666,0.3888888888888888,0.0962250448649376,0.0,0.0,0.0,0.0,0.1111111111111111,0.1924500897298752,0.2777777777777777,0.2545875386086578,0.3333333333333333,0.3333333333333333,0.0,0.0,0.4244444444444444,0.1934865293425798,3.0,2.449489742783178,1.5,1.25,0.0,0.0,0.5,0.0,0.0,0.0,0.5,1.0,,0.5,1.0,,0.25,1.0,0.75,-1.25,0.5,0.1666666666666666,0.3888888888888888,0.0962250448649376,0.0,0.0,0.0,0.0,0.1111111111111111,0.1924500897298752,0.2777777777777777,0.2545875386086578,0.3333333333333333,0.3333333333333333,0.0,0.0,0.4244444444444444,0.1934865293425798,,,,8.0,1.775,1.5375,0.0,0.0,0.176,0.144,0.48,3.3125,3.3125,1.775,1.5375,0.3199999999999999,1.775,1.5375,0.0,0.0,3.3125,0.176,0.144,0.48
3922230,Aaron Holiday,HOU,2026-05-29,0.0,28.0,0.0,0.0,5.0,2,1,2,0,0,0,0,0,1,1,,0,0,,0,1,1,4,12.0,0.1666666666666666,0.0833333333333333,0.1666666666666666,0.0,0.0,0.0833333333333333,0.0,0.0,0.0833333333333333,0.0,14.666666666666666,3.7859388972001833,5.333333333333333,0.3333333333333333,1.0,1.3333333333333333,3.0,0.3333333333333333,0.3333333333333333,0.3333333333333333,2.0,4.666666666666667,,0.0,0.0,,0.0,0.3333333333333333,1.3333333333333333,2.333333333333333,0.341655420602789,0.1579528788606764,0.0277777777777777,0.0481125224324688,0.0730994152046783,0.0851976741773886,0.078272604588394,0.0789560187655064,0.1902834008097166,0.1662878767442336,0.2963337831758884,0.1853613011564685,0.0,0.0,0.0175438596491228,0.0303868562731382,0.3138776428250112,0.2045637380293337,12.5,5.32290647422377,4.0,0.25,0.75,1.0,2.5,0.25,0.25,0.5,1.5,3.75,,0.0,0.0,,0.0,0.25,1.0,1.5,0.2562415654520917,0.2140440326203953,0.0208333333333333,0.0416666666666666,0.0548245614035087,0.078581021347232,0.0587044534412955,0.0754167449805552,0.1843792172739541,0.1362860087009405,0.263917004048583,0.1646489141179904,0.0,0.0,0.0548245614035087,0.078581021347232,0.3187415654520917,0.1673086357134965,12.5,5.32290647422377,4.0,0.25,0.75,1.0,2.5,0.25,0.25,0.5,1.5,3.75,,0.0,0.0,,0.0,0.25,1.0,1.5,0.2562415654520917,0.2140440326203953,0.0208333333333333,0.0416666666666666,0.0548245614035087,0.078581021347232,0.0587044534412955,0.0754167449805552,0.1843792172739541,0.1362860087009405,0.263917004048583,0.1646489141179904,0.0,0.0,0.0548245614035087,0.078581021347232,0.3187415654520917,0.1673086357134965,,,,13.075,4.1,0.3875,1.0125,0.95,0.2876499999999999,0.2353499999999999,0.7845,5.5,4.4875,5.1125,1.4,0.5229999999999999,4.1,0.3875,1.0125,0.95,5.5,0.2876499999999999,0.2353499999999999,0.7845
4065663,Josh Okogie,HOU,2026-05-29,0.0,28.0,0.0,0.0,5.0,3,4,1,1,2,1,0,2,1,3,,0,0,,1,3,1,0,13.0,0.2307692307692307,0.3076923076923077,0.0769230769230769,0.0769230769230769,0.1538461538461538,0.2307692307692307,0.0,0.1538461538461538,0.3846153846153846,0.0,16.666666666666668,3.214550253664321,5.0,3.6666666666666665,1.3333333333333333,1.0,2.6666666666666665,1.6666666666666667,0.0,0.6666666666666666,2.0,4.666666666666667,,0.0,0.0,,1.3333333333333333,2.333333333333333,2.333333333333333,7.666666666666667,0.2942720047983205,0.0835255796427521,0.2282950967161493,0.0721723980368422,0.0802219223271854,0.0293790011108735,0.0617034038086669,0.013261457200603,0.1604438446543709,0.0587580022217471,0.275753486279802,0.0524293379553161,0.0,0.0,0.0512820512820512,0.0888231183368655,0.3270355375618534,0.0609731673409173,13.5,6.855654600401045,3.75,3.0,1.0,0.75,2.0,1.25,0.0,0.75,1.5,3.75,,0.0,0.0,,1.25,1.75,1.75,2.5,0.2207040035987404,0.1621728034282491,0.233721322537112,0.0599194937581467,0.0601664417453891,0.0467365632346066,0.0462775528565002,0.0326966615286047,0.1203328834907782,0.0934731264692132,0.2693151147098515,0.0447031039136302,0.0,0.0,0.1009615384615384,0.1230118016820223,0.37027665317139,0.0997880808197298,13.5,6.855654600401045,3.75,3.0,1.0,0.75,2.0,1.25,0.0,0.75,1.5,3.75,,0.0,0.0,,1.25,1.75,1.75,2.5,0.2207040035987404,0.1621728034282491,0.233721322537112,0.0599194937581467,0.0601664417453891,0.0467365632346066,0.0462775528565002,0.0326966615286047,0.1203328834907782,0.0934731264692132,0.2693151147098515,0.0447031039136302,0.0,0.0,0.1009615384615384,0.1230118016820223,0.37027665317139,0.0997880808197298,,,,14.375,4.0125,3.35,1.1,0.8624999999999999,0.31625,0.25875,0.8624999999999999,8.4625,7.3625,5.1125,4.449999999999999,0.575,4.0125,3.35,1.1,0.8624999999999999,8.4625,0.31625,0.25875,0.8624999999999999
4432639,Jabari Smith Jr.,HOU,2026-05-29,0.0,28.0,0.0,0.0,5.0,9,12,3,1,6,0,1,1,3,11,,2,3,,2,10,5,-24,42.0,0.2142857142857142,0.2857142857142857,0.0714285714285714,0.0238095238095238,0.1428571428571428,0.2619047619047619,0.0714285714285714,0.0238095238095238,0.3171428571428571,0.0,42.0,0.0,15.666666666666666,9.0,3.0,2.333333333333333,8.333333333333334,1.0,1.0,0.6666666666666666,4.333333333333333,13.0,,4.666666666666667,5.666666666666667,,1.6666666666666667,7.333333333333333,3.333333333333333,1.6666666666666667,0.373015873015873,0.1549144547297074,0.2142857142857142,0.0629940788348712,0.0714285714285714,0.0,0.0555555555555555,0.0363696483726653,0.1984126984126983,0.049563476177765,0.3095238095238095,0.0476190476190475,0.1349206349206349,0.0599193209148472,0.0158730158730158,0.0137464349807053,0.3847619047619048,0.0637668656272788,42.5,0.9999999999999992,17.75,8.25,2.5,3.25,8.75,1.0,0.75,1.0,5.25,13.75,,4.0,4.75,,1.5,6.75,3.5,2.25,0.4161255411255411,0.1530776473805739,0.1948051948051948,0.0645249192361078,0.0592532467532467,0.0243506493506493,0.0757575757575757,0.0501430024643407,0.2056277056277056,0.04296414121489,0.323051948051948,0.0473683219628488,0.1125541125541125,0.0662917438576344,0.0232683982683982,0.0185672571896937,0.3958441558441558,0.0565868705986807,42.5,0.9999999999999992,17.75,8.25,2.5,3.25,8.75,1.0,0.75,1.0,5.25,13.75,,4.0,4.75,,1.5,6.75,3.5,2.25,0.4161255411255411,0.1530776473805739,0.1948051948051948,0.0645249192361078,0.0592532467532467,0.0243506493506493,0.0757575757575757,0.0501430024643407,0.2056277056277056,0.04296414121489,0.323051948051948,0.0473683219628488,0.1125541125541125,0.0662917438576344,0.0232683982683982,0.0185672571896937,0.3958441558441558,0.0565868705986807,,,,42.275,15.8125,9.0375,2.725,2.6375,0.93005,0.7609499999999999,2.5365,27.575000000000003,24.85,18.5375,11.7625,1.6909999999999998,15.8125,9.0375,2.725,2.6375,27.575000000000003,0.93005,0.7609499999999999,2.5365
4433192,Tari Eason,HOU,2026-05-29,0.0,28.0,0.0,0.0,5.0,14,5,2,2,7,3,1,0,5,14,,2,2,,0,5,4,-14,37.0,0.3783783783783784,0.1351351351351351,0.054054054054054,0.054054054054054,0.1891891891891892,0.3783783783783784,0.054054054054054,0.0,0.4021621621621621,0.0,32.666666666666664,3.785938897200179,17.333333333333332,6.0,1.6666666666666667,2.0,6.0,2.6666666666666665,1.0,0.6666666666666666,6.0,11.666666666666666,,3.333333333333333,3.6666666666666665,,0.6666666666666666,5.333333333333333,4.333333333333333,4.666666666666667,0.5418967354451225,0.1479986982042698,0.1876973747941489,0.0696285519863267,0.0509929284122832,0.0174073502617292,0.0617456165843262,0.0067473182559493,0.1831347476508766,0.0144273670528009,0.3555168071297103,0.0225301771607245,0.1162259033226775,0.0556273533709262,0.0222222222222222,0.038490017945975,0.4288784268139107,0.0283772361418726,36.0,7.3484692283495345,14.25,5.5,1.75,1.5,5.5,3.0,0.75,0.75,5.0,11.0,,2.75,3.0,,1.0,4.5,4.0,5.0,0.4335964646273201,0.2480286362840852,0.1625121615303943,0.075955711018801,0.0491142615266037,0.0147012965128616,0.0463092124382446,0.0313605031997686,0.1590901911729401,0.0495108950797723,0.3155506488255436,0.0820218334366158,0.0926042101007037,0.0655352769485877,0.0221014492753623,0.0314278962930455,0.3783979505452156,0.1035855151937673,36.0,7.3484692283495345,14.25,5.5,1.75,1.5,5.5,3.0,0.75,0.75,5.0,11.0,,2.75,3.0,,1.0,4.5,4.0,5.0,0.4335964646273201,0.2480286362840852,0.1625121615303943,0.075955711018801,0.0491142615266037,0.0147012965128616,0.0463092124382446,0.0313605031997686,0.1590901911729401,0.0495108950797723,0.3155506488255436,0.0820218334366158,0.0926042101007037,0.0655352769485877,0.0221014492753623,0.0314278962930455,0.3783979505452156,0.1035855151937673,,,,35.15,15.137499999999998,5.574999999999999,1.7625000000000002,1.725,0.7732999999999999,0.6326999999999999,2.109,22.475,20.7125,16.9,7.337499999999999,1.4059999999999997,15.137499999999998,5.574999999999999,1.7625000000000002,1.725,22.475,0.7732999999999999,0.6326999999999999,2.109
4576085,JD Davison,HOU,2026-05-29,0.0,28.0,0.0,0.0,5.0,0,0,0,0,0,0,0,0,0,0,,0,0,,0,0,0,7,2.0,0.0,0.0,0.0,0.0,0.0,0.0,0.0,0.0,0.0,0.0,1.6666666666666667,1.5275252316519468,0.6666666666666666,0.6666666666666666,0.0,0.0,0.0,0.0,0.0,0.6666666666666666,0.0,0.0,,0.6666666666666666,0.6666666666666666,,0.0,0.6666666666666666,0.0,0.3333333333333333,0.3333333333333333,0.4714045207910317,0.3333333333333333,0.4714045207910317,0.0,0.0,0.0,0.0,0.0,0.0,0.0,0.0,0.3333333333333333,0.4714045207910317,0.3333333333333333,0.4714045207910317,0.48,0.6788225099390857,1.25,1.5,0.5,0.5,0.0,0.0,0.0,0.0,0.0,0.5,0.0,0.0,,0.5,0.5,,0.0,0.5,0.0,0.25,0.3333333333333333,0.4714045207910317,0.3333333333333333,0.4714045207910317,0.0,0.0,0.0,0.0,0.0,0.0,0.0,0.0,0.3333333333333333,0.4714045207910317,0.3333333333333333,0.4714045207910317,0.48,0.6788225099390857,1.25,1.5,0.5,0.5,0.0,0.0,0.0,0.0,0.0,0.5,0.0,0.0,,0.5,0.5,,0.0,0.5,0.0,0.25,0.3333333333333333,0.4714045207910317,0.3333333333333333,0.4714045207910317,0.0,0.0,0.0,0.0,0.0,0.0,0.0,0.0,0.3333333333333333,0.4714045207910317,0.3333333333333333,0.4714045207910317,0.48,0.6788225099390857,,,,8.0,0.475,0.475,0.0,0.0,0.176,0.144,0.48,0.95,0.95,0.475,0.475,0.3199999999999999,0.475,0.475,0.0,0.0,0.95,0.176,0.144,0.48
4684740,Amen Thompson,HOU,2026-05-29,0.0,28.0,0.0,0.0,5.0,18,8,3,0,0,0,3,2,7,14,,4,6,,1,7,5,-26,45.0,0.4,0.1777777777777777,0.0666666666666666,0.0,0.0,0.3111111111111111,0.1333333333333333,0.0444444444444444,0.4142222222222222,0.0,44.0,2.6457513110645907,18.666666666666668,6.333333333333333,4.666666666666667,0.6666666666666666,1.6666666666666667,1.6666666666666667,1.0,3.0,7.0,14.666666666666666,,4.0,5.666666666666667,,1.6666666666666667,4.666666666666667,3.0,0.0,0.4290208554259456,0.1201034029151667,0.1425042221436707,0.0409732965367597,0.1081182985742901,0.0551656484644975,0.0144927536231884,0.0251021856169402,0.036231884057971,0.0627554640423506,0.3352342798790306,0.0477596004665472,0.1268057028396371,0.050687383194787,0.0690742704528494,0.0267674822935122,0.4601030595813205,0.0542639191971409,45.0,2.943920288775949,20.5,7.5,4.5,0.5,1.5,2.0,1.5,2.5,7.25,14.5,,5.5,7.5,,2.5,5.0,2.75,1.5,0.4571823082361258,0.1130876708224875,0.1641698332744197,0.0547430559559977,0.1019220572640509,0.0467162299331956,0.0108695652173913,0.0217391304347826,0.0323822463768115,0.0518148404020056,0.3243423765759397,0.0446675182663161,0.1628126104630611,0.0830589958794187,0.0570140361729704,0.032549384158505,0.452993961352657,0.0465317711704061,45.0,2.943920288775949,20.5,7.5,4.5,0.5,1.5,2.0,1.5,2.5,7.25,14.5,,5.5,7.5,,2.5,5.0,2.75,1.5,0.4571823082361258,0.1130876708224875,0.1641698332744197,0.0547430559559977,0.1019220572640509,0.0467162299331956,0.0108695652173913,0.0217391304347826,0.0323822463768115,0.0518148404020056,0.3243423765759397,0.0446675182663161,0.1628126104630611,0.0830589958794187,0.0570140361729704,0.032549384158505,0.452993961352657,0.0465317711704061,,,,44.7,19.575000000000003,7.225,4.325,0.475,0.9833999999999998,0.8045999999999999,2.6819999999999995,31.125000000000004,26.800000000000004,23.9,11.55,1.7879999999999998,19.575000000000003,7.225,4.325,0.475,31.125000000000004,0.9833999999999998,0.8045999999999999,2.6819999999999995
4711272,Reed Sheppard,HOU,2026-05-29,0.0,28.0,0.0,0.0,5.0,10,0,1,1,10,2,2,1,4,19,,1,1,,0,0,2,-24,36.0,0.2777777777777778,0.0,0.0277777777777777,0.0277777777777777,0.2777777777777778,0.5277777777777778,0.0277777777777777,0.0277777777777777,0.5677777777777778,0.0,33.333333333333336,3.7859388972001775,13.0,0.3333333333333333,3.333333333333333,2.333333333333333,8.0,2.6666666666666665,0.6666666666666666,1.0,5.0,14.333333333333334,,0.6666666666666666,0.6666666666666666,,0.0,0.3333333333333333,2.333333333333333,0.0,0.4022806057288816,0.16257457144852,0.0114942528735632,0.019908629972056,0.100884875022806,0.0718596959151844,0.0742838898011311,0.0570420567750003,0.2397190293742018,0.0389154606639624,0.4281426746943988,0.093291708908527,0.0207535121328224,0.0182830629657987,0.0302773216566319,0.0036635700402151,0.4675515416894727,0.0982388940355527,36.5,7.047458170621991,14.0,1.25,4.25,2.75,9.25,2.75,1.0,2.0,5.25,16.0,,0.75,1.0,,0.25,1.0,3.0,-0.5,0.3941017586444872,0.133745660414209,0.030359820089955,0.04108374622436,0.1137071345279741,0.0640326892034061,0.0774520477856309,0.0470036848995967,0.2504414459436948,0.0383339221510734,0.4352374408034078,0.0774827171607647,0.0264346993170081,0.0187603432509801,0.0498819042859522,0.0393231035216248,0.4967506127888437,0.0992182604823839,36.5,7.047458170621991,14.0,1.25,4.25,2.75,9.25,2.75,1.0,2.0,5.25,16.0,,0.75,1.0,,0.25,1.0,3.0,-0.5,0.3941017586444872,0.133745660414209,0.030359820089955,0.04108374622436,0.1137071345279741,0.0640326892034061,0.0774520477856309,0.0470036848995967,0.2504414459436948,0.0383339221510734,0.4352374408034078,0.0774827171607647,0.0264346993170081,0.0187603432509801,0.0498819042859522,0.0393231035216248,0.4967506127888437,0.0992182604823839,,,,35.474999999999994,13.1,0.7875,3.4875,2.3625,0.7804499999999999,0.6385499999999998,2.1284999999999994,17.375,13.8875,16.587500000000002,4.275,1.4189999999999996,13.1,0.7875,3.4875,2.3625,17.375,0.7804499999999999,0.6385499999999998,2.1284999999999994
4871144,Alperen Sengun,HOU,2026-05-29,0.0,28.0,0.0,0.0,5.0,17,11,1,0,0,0,2,4,5,12,,7,10,,3,8,4,-27,38.0,0.4473684210526316,0.2894736842105263,0.0263157894736842,0.0,0.0,0.3157894736842105,0.2631578947368421,0.1052631578947368,0.5368421052631579,0.0,38.0,5.0,16.666666666666668,8.666666666666666,3.6666666666666665,0.0,0.0,1.0,1.3333333333333333,3.6666666666666665,5.333333333333333,11.0,,6.0,9.0,,2.333333333333333,6.333333333333333,3.333333333333333,-4.0,0.4495691307196816,0.1251026084990055,0.2268647305367011,0.0559352782213303,0.0909894539025506,0.0840882800462363,0.0,0.0,0.0,0.0,0.2962427209673232,0.0790019334062113,0.2500401814967298,0.1508863358510957,0.0940494294227464,0.0294818887955547,0.5003098302486307,0.1197856975736276,40.25,6.075908711186061,20.75,10.5,4.25,0.25,1.25,1.5,1.25,3.5,7.75,15.0,,5.0,7.5,,3.0,7.5,3.0,-0.5,0.5127087629333782,0.1624199117303472,0.2552549308812493,0.0728687230724728,0.1001569840439342,0.0710638234007212,0.0053191489361702,0.0106382978723404,0.026595744680851,0.0531914893617021,0.3657990620020881,0.1533401729288765,0.203487582931058,0.1544226946746476,0.0864945188755704,0.028421140103902,0.5418281173673241,0.1282997072868111,40.25,6.075908711186061,20.75,10.5,4.25,0.25,1.25,1.5,1.25,3.5,7.75,15.0,,5.0,7.5,,3.0,7.5,3.0,-0.5,0.5127087629333782,0.1624199117303472,0.2552549308812493,0.0728687230724728,0.1001569840439342,0.0710638234007212,0.0053191489361702,0.0106382978723404,0.026595744680851,0.0531914893617021,0.3657990620020881,0.1533401729288765,0.203487582931058,0.1544226946746476,0.0864945188755704,0.028421140103902,0.5418281173673241,0.1282997072868111,,,,39.2375,18.9625,10.025,3.5875,0.1375,0.8632249999999999,0.7062749999999999,2.35425,32.575,28.9875,22.55,13.6125,1.5694999999999997,18.9625,10.025,3.5875,0.1375,32.575,0.8632249999999999,0.7062749999999999,2.35425
1966,LeBron James,LAL,2026-05-29,0.0,18.0,0.0,0.0,9.0,24,12,3,2,6,0,1,4,8,18,,6,8,,0,12,1,-17,40.0,0.6,0.3,0.075,0.05,0.15,0.45,0.2,0.1,0.638,0.0,38.333333333333336,1.5275252316519452,22.0,6.666666666666667,5.666666666666667,1.6666666666666667,5.333333333333333,1.3333333333333333,0.3333333333333333,3.333333333333333,8.0,18.33333333333333,,4.333333333333333,5.333333333333333,,0.3333333333333333,6.333333333333333,1.0,-16.666666666666668,0.5729255571360834,0.0515195924218527,0.1715979137031768,0.1239538583057253,0.1497036510194405,0.0709635494167391,0.043456614509246,0.0149821477346576,0.1391417733522996,0.0299633106666426,0.4790659080132764,0.0320969406733522,0.1377904220009483,0.0538938505911779,0.0866761498340445,0.0115880075881283,0.6263698435277383,0.0238395680371649,37.6,1.516575088810309,24.2,6.2,6.2,2.0,5.4,1.0,0.2,3.0,9.2,19.4,,3.8,5.0,,0.6,5.6,1.2,-6.0,0.6451066856330014,0.1053651134397992,0.1630188082819662,0.0926407294196871,0.1663987671882408,0.0578568954427617,0.0535514461830251,0.0202599345874914,0.1438454243717401,0.0247923940424205,0.5170191243875454,0.0915975310951204,0.1314730519993678,0.0772381633839022,0.079333017227754,0.015801519230393,0.6542002844950214,0.1178812187708454,38.125,3.4820970692960302,23.125,6.375,6.625,1.75,5.625,1.25,0.25,4.125,8.375,18.5,,4.625,5.875,,0.375,6.0,1.25,-6.625,0.6017542270831745,0.1446202358124982,0.1627647660542397,0.0920653912980102,0.1771927026861237,0.0597948750736611,0.0445807649755018,0.0337688031449965,0.1454977958267432,0.0348310512381763,0.4824415370468002,0.109859001657538,0.1536158789448263,0.0737640011307337,0.1085186447028552,0.0668274115457775,0.658551168485379,0.0959877064430381,,,,38.36025,23.295,7.245,5.6450000000000005,1.85,0.8439255,0.6904845,2.301615,36.185,30.54,28.94,12.89,1.5344099999999998,23.295,7.245,5.6450000000000005,1.85,36.185,0.8439255,0.6904845,2.301615
2960236,Maxi Kleber,LAL,2026-05-29,0.0,18.0,0.0,0.0,9.0,0,0,0,0,0,0,0,0,0,0,,0,0,,0,0,0,0,0.0,,,,,,,,,,0.0,2.6666666666666665,4.618802153517007,0.0,0.3333333333333333,0.3333333333333333,0.0,0.0,0.0,0.0,0.6666666666666666,0.0,0.3333333333333333,,0.0,0.0,,0.3333333333333333,0.0,0.3333333333333333,-0.3333333333333333,0.0,,0.125,,0.125,,0.0,,0.0,,0.125,,0.0,,0.25,,0.375,,1.6,3.5777087639996634,0.0,0.2,0.2,0.0,0.0,0.0,0.0,0.4,0.0,0.2,,0.0,0.0,,0.2,0.0,0.2,-0.2,0.0,,0.125,,0.125,,0.0,,0.0,,0.125,,0.0,,0.25,,0.375,,1.875,3.48209706929603,0.125,0.25,0.375,0.0,0.0,0.125,0.0,0.25,0.0,0.125,,0.125,0.25,,0.25,0.0,0.25,0.0,0.0714285714285714,0.101015254455221,0.1339285714285714,0.0126269068069026,0.2053571428571428,0.1136421612621236,0.0,0.0,0.0,0.0,0.0625,0.0883883476483184,0.1428571428571428,0.2020305089104421,0.125,0.1767766952966369,0.2503571428571428,0.1762716190243607,,,,8.0,0.025,0.2199999999999999,0.245,0.0,0.176,0.144,0.48,0.49,0.2449999999999999,0.27,0.4649999999999999,0.3199999999999999,0.025,0.2199999999999999,0.245,0.0,0.49,0.176,0.144,0.48
2990992,Marcus Smart,LAL,2026-05-29,0.0,18.0,0.0,0.0,9.0,5,2,3,0,4,2,0,6,2,8,,1,1,,0,2,5,5,36.0,0.1388888888888889,0.0555555555555555,0.0833333333333333,0.0,0.1111111111111111,0.2222222222222222,0.0277777777777777,0.1666666666666666,0.4011111111111111,0.0,34.0,1.999999999999995,9.666666666666666,3.0,3.6666666666666665,0.6666666666666666,4.333333333333333,1.3333333333333333,0.0,3.6666666666666665,3.0,9.333333333333334,,3.0,3.333333333333333,,1.3333333333333333,1.6666666666666667,4.666666666666667,-5.0,0.2877178649237473,0.138115598464351,0.0889842047930283,0.0313188968114348,0.108047385620915,0.0341840014023736,0.0202205882352941,0.0175356470848703,0.1264978213507625,0.0729190504788445,0.2744417211328976,0.0934699825626358,0.0999455337690631,0.0634648459975183,0.1058006535947712,0.0542593770815843,0.4242184095860566,0.1015140415143723,33.8,1.7888543819998313,9.6,4.0,3.8,1.2,5.0,2.0,0.4,2.8,3.0,10.0,,2.4,2.8,,1.4,2.6,3.6,0.0,0.2876307189542483,0.1156118441558667,0.118390522875817,0.0530559449281291,0.1142927170868347,0.071961044422408,0.0360609243697479,0.0250560331734682,0.1487558356676003,0.076745038160304,0.2984150326797385,0.1203089294581174,0.0838958916900093,0.0500046383505229,0.0816946778711484,0.0520143477178752,0.4170239028944911,0.1299247875629144,34.5,2.7774602993176543,11.125,3.875,4.5,1.375,4.75,2.25,0.875,3.375,3.25,9.25,,3.25,3.75,,1.125,2.75,3.0,-3.0,0.3205293763969049,0.1241097495969777,0.1117709976388225,0.0452650861758815,0.1304022773098911,0.0798858924093662,0.0390834692764839,0.0292697319355385,0.1375060748904439,0.0690875294170634,0.2712622624357681,0.1000950792013736,0.1065448735129712,0.0812579570317412,0.0970738608131872,0.0502400608971455,0.4152158675946626,0.0997343697925186,,,,34.2145,9.235,3.375,3.78,0.895,0.752719,0.615861,2.05287,16.39,12.61,13.015,7.154999999999999,1.36858,9.235,3.375,3.78,0.895,16.39,0.752719,0.615861,2.05287
3913174,Luke Kennard,LAL,2026-05-29,0.0,18.0,0.0,0.0,9.0,5,2,2,1,2,1,0,0,2,5,,0,0,,0,2,1,15,24.0,0.2083333333333333,0.0833333333333333,0.0833333333333333,0.0416666666666666,0.0833333333333333,0.2083333333333333,0.0,0.0,0.2083333333333333,0.0,26.33333333333333,2.5166114784235827,11.0,1.6666666666666667,1.3333333333333333,2.333333333333333,3.6666666666666665,0.6666666666666666,0.0,0.0,4.333333333333333,6.666666666666667,,0.0,0.0,,0.0,1.6666666666666667,1.3333333333333333,-2.6666666666666665,0.4045461243737105,0.2068993954332622,0.063586796345417,0.0229143508005704,0.0507662835249042,0.0445479538476378,0.0855069260241674,0.0487028641539764,0.1352048334806955,0.0641217437286725,0.2484895372826407,0.0838150943772654,0.0,0.0,0.0,0.0,0.2484895372826407,0.0838150943772654,27.4,2.3021728866442785,8.6,2.6,1.6,1.8,3.2,0.8,0.0,0.6,3.0,6.0,,0.8,0.8,,0.4,2.2,1.2,0.0,0.3116931918656057,0.1998685241997855,0.0933244916003536,0.0501516079564624,0.0580459770114942,0.0410628061560833,0.0650972590627763,0.0443511463906602,0.115605658709107,0.054080226854674,0.2180592396109638,0.0764412911946593,0.0275862068965517,0.0616846338620631,0.0206896551724137,0.0308423169310315,0.2508868258178603,0.0600758754550952,30.625,6.345695954176906,8.125,3.125,2.25,1.25,3.375,0.75,0.125,1.125,2.75,6.75,,1.375,1.625,,0.25,2.875,1.75,-2.375,0.2650731418694085,0.1809202829579163,0.0988099981104361,0.0404135723079699,0.0688224184278828,0.0406121900959498,0.0434635646920129,0.0454148149941869,0.1087034694888907,0.0458563632072267,0.2169993903482502,0.0703793753644451,0.0458788121060437,0.0598840764125338,0.033109125880608,0.0306288068155531,0.2702951935555175,0.0763096068947184,,,,26.964749999999995,8.684999999999999,2.335,1.7099999999999995,1.73,0.5932244999999998,0.4853654999999999,1.6178849999999996,12.73,11.02,10.394999999999998,4.045,1.0785899999999995,8.684999999999999,2.335,1.7099999999999995,1.73,12.73,0.5932244999999998,0.4853654999999999,1.6178849999999996
4066457,Austin Reaves,LAL,2026-05-29,0.0,18.0,0.0,0.0,9.0,27,7,6,3,7,0,2,8,8,16,,8,9,,1,6,5,-6,43.0,0.627906976744186,0.1627906976744186,0.1395348837209302,0.0697674418604651,0.1627906976744186,0.3720930232558139,0.2093023255813953,0.1860465116279069,0.650232558139535,0.0,40.0,2.6457513110645814,25.0,4.0,7.0,2.333333333333333,6.0,0.0,0.6666666666666666,6.0,7.666666666666667,15.0,,7.333333333333333,9.0,,0.6666666666666666,3.333333333333333,4.0,-16.333333333333332,0.6265312954419441,0.189949755113638,0.0974484511816213,0.0578768183387794,0.1760662837774221,0.0482553661145499,0.0581186119741811,0.0284984731772619,0.149630187573884,0.0187154344014217,0.3754929960560315,0.0439583744291961,0.2258628084821475,0.0323658525988156,0.1486101957338187,0.0324646573172754,0.6234828275219951,0.0627461359784192,37.4,4.393176527297756,19.6,4.0,5.8,1.4,5.4,0.0,1.2,4.8,6.6,15.0,,5.0,6.0,,0.6,3.4,3.6,-11.2,0.5171374152579981,0.221441024662453,0.105601687196428,0.0449578703210025,0.1518763294062382,0.0597142802870418,0.0348711671845086,0.0376751032388657,0.1433623419350114,0.0161536042604841,0.404507267167669,0.050507623747836,0.1530804091036254,0.1025866290239288,0.124291565468965,0.0436718515224924,0.5961542126422293,0.0606413165500058,27.625,17.41048534648015,15.0,3.0,4.375,1.125,4.375,0.0,0.875,3.375,4.625,11.375,,4.625,5.375,,0.375,2.625,2.625,-7.625,0.5387909833032337,0.205041859085855,0.1076092491342782,0.0405111085092212,0.1559753725444141,0.0543456451249893,0.038863227555718,0.0350877471390175,0.1586843045536859,0.0402159965114857,0.4155207618554105,0.0526174727323902,0.1912924977824329,0.1310732447556589,0.118282186910412,0.041742787116843,0.6179716477900931,0.076143931320374,,,,38.44225,21.41,4.25,5.904999999999999,1.865,0.8457295,0.6919605,2.306535,31.565,25.66,27.315,10.155,1.53769,21.41,4.25,5.904999999999999,1.865,31.565,0.8457295,0.6919605,2.306535
4066648,Rui Hachimura,LAL,2026-05-29,0.0,18.0,0.0,0.0,9.0,25,5,2,4,8,0,1,0,9,15,,3,3,,1,4,5,-2,43.0,0.5813953488372093,0.1162790697674418,0.0465116279069767,0.0930232558139534,0.1860465116279069,0.3488372093023256,0.0697674418604651,0.0,0.3795348837209302,0.0,40.333333333333336,2.309401076758502,20.666666666666668,4.666666666666667,2.6666666666666665,4.333333333333333,7.666666666666667,0.6666666666666666,0.3333333333333333,1.0,7.333333333333333,13.0,,1.6666666666666667,1.6666666666666667,,0.6666666666666666,4.0,2.6666666666666665,-15.0,0.5100377658517193,0.0890396945843349,0.1156827668455575,0.0128309092375372,0.0667859272510435,0.0310764799541929,0.1079308288610614,0.0181945692336223,0.1902206320810972,0.0133203982729212,0.3214072748956469,0.056516809533633,0.0403498310475054,0.036145664544739,0.0256410256410256,0.0256410256410256,0.364802226197575,0.051353803353344,38.6,2.966479394838265,20.2,4.4,2.4,4.2,7.2,0.6,0.6,0.8,7.4,13.4,,1.2,1.4,,0.6,3.8,2.2,-9.2,0.523319956808329,0.0768471173385726,0.1145061852038596,0.0425089276237096,0.0623109385900083,0.0228388758004874,0.1095461421042816,0.0254450136570359,0.1865648116810907,0.0171096075159398,0.3488289209219442,0.0612563664315714,0.035020709439314,0.0327373450319455,0.0207900207900207,0.0215444096420094,0.3850280538652632,0.0466135219120168,38.0,4.44007721940573,18.5,4.125,1.875,3.5,6.0,0.75,0.5,0.875,7.0,12.75,,1.0,1.375,,0.625,3.5,2.75,-7.375,0.4842821802124127,0.092327838471901,0.1089435156295621,0.0333566806917009,0.04879282146724,0.0283625349735427,0.0907533986022358,0.0358559836559315,0.1549578394055138,0.0526933812985157,0.3366196316777712,0.0502162496996528,0.0332515797632076,0.0374896325536475,0.0233797171297171,0.0169156817001444,0.3746300439032997,0.0411710404231735,,,,40.129000000000005,20.72,4.515000000000001,2.315,4.07,0.882838,0.722322,2.40774,27.55,25.235,23.035,6.83,1.60516,20.72,4.515000000000001,2.315,4.07,27.55,0.882838,0.722322,2.40774
4278077,Jarred Vanderbilt,LAL,2026-05-29,0.0,18.0,0.0,0.0,8.0,0,1,0,0,0,0,0,0,0,1,,0,0,,1,0,0,-12,3.0,0.0,0.3333333333333333,0.0,0.0,0.0,0.3333333333333333,0.0,0.0,0.3333333333333333,0.0,3.0,2.9999999999999987,0.6666666666666666,0.6666666666666666,0.0,0.0,0.3333333333333333,0.0,0.0,0.0,0.3333333333333333,1.0,,0.0,0.0,,0.3333333333333333,0.3333333333333333,0.3333333333333333,-5.333333333333333,0.1666666666666666,0.2357022603955158,0.2499999999999999,0.1178511301977579,0.0,0.0,0.0,0.0,0.0833333333333333,0.1178511301977579,0.3333333333333333,0.0,0.0,0.0,0.0,0.0,0.3333333333333333,0.0,3.0,2.9999999999999987,0.8,0.8,0.0,0.0,0.4,0.0,0.0,0.0,0.4,1.2,,0.0,0.0,,0.2,0.6,0.4,-4.8,0.2222222222222222,0.1924500897298752,0.2777777777777777,0.0962250448649376,0.0,0.0,0.0,0.0,0.1111111111111111,0.0962250448649376,0.3888888888888888,0.0962250448649376,0.0,0.0,0.0,0.0,0.3888888888888888,0.0962250448649376,6.285714285714286,6.129553700835696,2.4285714285714284,2.0,0.1428571428571428,0.0,0.7142857142857143,0.1428571428571428,0.0,0.1428571428571428,1.1428571428571428,2.4285714285714284,,0.1428571428571428,0.4285714285714285,,0.5714285714285714,1.4285714285714286,0.7142857142857143,-2.7142857142857144,0.3142857142857142,0.2037071393924517,0.3038095238095238,0.0867921644999945,0.0133333333333333,0.0298142396999971,0.0,0.0,0.1076190476190476,0.0716346234329211,0.3857142857142857,0.0760415210603396,0.0409523809523809,0.060196202259278,0.0142857142857142,0.0319438282499969,0.4180190476190476,0.0930093112155397,,,,6.25,0.9657142857142856,1.0299999999999998,0.0285714285714285,0.0,0.1374999999999999,0.1124999999999999,0.375,2.024285714285714,1.9957142857142856,0.9942857142857144,1.0585714285714285,0.2499999999999999,0.9657142857142856,1.0299999999999998,0.0285714285714285,0.0,2.024285714285714,0.1374999999999999,0.1124999999999999,0.375
4278129,Deandre Ayton,LAL,2026-05-29,0.0,18.0,0.0,0.0,9.0,6,3,1,0,0,0,0,0,3,3,,0,0,,1,2,2,-2,21.0,0.2857142857142857,0.1428571428571428,0.0476190476190476,0.0,0.0,0.1428571428571428,0.0,0.0,0.1428571428571428,0.0,24.0,3.0,6.333333333333333,6.333333333333333,0.3333333333333333,0.0,0.0,0.3333333333333333,0.3333333333333333,0.6666666666666666,3.0,6.333333333333333,,0.3333333333333333,0.6666666666666666,,3.6666666666666665,2.6666666666666665,2.6666666666666665,-4.666666666666667,0.2711640211640211,0.1532965493139949,0.2544091710758377,0.1138206825034598,0.0158730158730158,0.0274928699614107,0.0,0.0,0.0,0.0,0.2590388007054673,0.1160715855930844,0.0246913580246913,0.0427666866066389,0.0246913580246913,0.0427666866066389,0.294594356261023,0.1314865816490657,25.4,2.8809720581775866,7.2,9.4,0.8,0.0,0.0,0.2,0.6,0.6,3.2,7.4,,0.8,1.8,,3.8,5.6,3.4,-2.6,0.2867724867724868,0.1183969579260654,0.3558201058201058,0.1666614175708221,0.0314814814814814,0.0319164298160597,0.0,0.0,0.0,0.0,0.2871693121693122,0.1218264021697023,0.0648148148148148,0.1083768510251817,0.0222222222222222,0.0331269329999968,0.3379100529100529,0.123495514838674,27.875,5.35690475661352,9.375,10.0,0.75,0.0,0.0,0.25,0.75,1.125,4.375,8.25,,0.625,1.25,,4.125,5.875,3.25,-4.5,0.3410190881243513,0.2212178411158746,0.3510358914964178,0.1471299859702956,0.0272516835016835,0.0310803403707604,0.0,0.0,0.0,0.0,0.2968970880484038,0.1418818653571345,0.0455092592592592,0.0870289172166516,0.0385419989367357,0.0384183897402573,0.3554631610592137,0.1432205605863544,,,,24.00475,7.195,7.64,0.68,0.0,0.5281044999999999,0.4320854999999999,1.4402849999999998,15.515,14.835,7.875,8.32,0.9601899999999998,7.195,7.64,0.68,0.0,15.515,0.5281044999999999,0.4320854999999999,1.4402849999999998
4397077,Jaxson Hayes,LAL,2026-05-29,0.0,18.0,0.0,0.0,9.0,18,5,1,0,0,0,1,1,6,8,,6,6,,3,2,2,-1,27.0,0.6666666666666666,0.1851851851851851,0.037037037037037,0.0,0.0,0.2962962962962963,0.2222222222222222,0.037037037037037,0.4311111111111111,0.0,17.0,9.16515138991168,8.333333333333334,3.333333333333333,1.0,0.0,0.0,0.3333333333333333,0.3333333333333333,1.0,3.0,3.6666666666666665,,2.333333333333333,2.6666666666666665,,1.6666666666666667,1.6666666666666667,3.0,-5.666666666666667,0.3925925925925926,0.2778518419779416,0.2024691358024691,0.0186415665068413,0.0567901234567901,0.068826468467982,0.0,0.0,0.0,0.0,0.165432098765432,0.151142577212868,0.1481481481481481,0.1283000598199168,0.0567901234567901,0.0688264684679819,0.2874074074074074,0.1713466392489009,16.8,6.496152707564685,6.6,4.0,1.0,0.0,0.0,0.2,0.4,1.4,2.2,3.0,,2.2,2.8,,2.0,2.0,2.6,-1.6,0.3318790849673202,0.2166407905811368,0.2435403050108932,0.0760019569431725,0.058338779956427,0.0487311791071571,0.0,0.0,0.0,0.0,0.1485239651416122,0.1184389206557806,0.1609477124183006,0.1002907314195251,0.083338779956427,0.075893373030174,0.3026797385620915,0.1434157466280434,16.125,5.667892024377317,5.875,3.375,0.75,0.0,0.0,0.25,0.625,1.125,2.125,3.125,,1.625,2.375,,1.625,1.75,2.625,-1.625,0.2990910947712418,0.2392206028436952,0.2063793572984749,0.081681310580544,0.0489617374727668,0.0497679811179554,0.0,0.0,0.0,0.0,0.1594941448801743,0.1417637232362723,0.1360089869281045,0.094145765001616,0.0708367374727668,0.0655996847732319,0.2901748366013071,0.1602925628035162,,,,18.16575,8.684999999999999,3.825,0.95,0.0,0.3996464999999999,0.3269835,1.089945,13.459999999999996,12.509999999999998,9.634999999999998,4.775,0.7266299999999999,8.684999999999999,3.825,0.95,0.0,13.459999999999996,0.3996464999999999,0.3269835,1.089945
4592691,Jake LaRavia,LAL,2026-05-29,0.0,18.0,0.0,0.0,9.0,0,0,0,0,0,0,0,0,0,0,,0,0,,0,0,0,0,0.0,,,,,,,,,,0.0,3.333333333333333,5.773502691896258,0.0,0.0,0.3333333333333333,0.0,0.3333333333333333,0.3333333333333333,0.0,0.3333333333333333,0.0,0.6666666666666666,,0.0,0.0,,0.0,0.0,0.6666666666666666,-4.666666666666667,0.0,,0.0,,0.1,,0.0,,0.1,,0.2,,0.0,,0.1,,0.3,,8.0,7.615773105863909,2.0,1.2,0.2,0.4,0.8,0.4,0.4,1.0,0.8,2.4,,0.0,0.0,,0.6,0.6,0.8,-4.2,0.2172619047619047,0.2187651841182982,0.1279761904761904,0.1637445798033204,0.0333333333333333,0.0577350269189625,0.0446428571428571,0.0389187405673274,0.0988095238095238,0.0268055482123754,0.280952380952381,0.191840353128416,0.0,0.0,0.1226190476190476,0.021527549190506,0.4035714285714285,0.1918957518858527,10.0,6.697547525560595,2.5,1.625,0.375,0.25,0.625,0.375,0.5,1.0,1.0,2.75,,0.25,0.25,,1.0,0.625,1.125,-3.375,0.2303902116402116,0.1591428373860226,0.1544973544973545,0.1112280894049697,0.0462962962962963,0.052782650847155,0.0223214285714285,0.034695284335224,0.0598214285714285,0.051306278209138,0.2555224867724868,0.1412591631791643,0.0208333333333333,0.0510310363079828,0.0932539682539682,0.0527727053297021,0.3579431216931217,0.1786230796846699,,,,8.0,1.2,0.745,0.245,0.19,0.176,0.144,0.48,2.19,1.945,1.4449999999999998,0.99,0.3199999999999999,1.2,0.745,0.245,0.19,2.19,0.176,0.144,0.48
4683686,Nick Smith Jr.,LAL,2026-05-29,0.0,18.0,0.0,0.0,9.0,0,0,0,0,0,0,0,0,0,0,,0,0,,0,0,0,0,0.0,,,,,,,,,,0.0,2.0,2.0,2.6666666666666665,0.0,0.3333333333333333,0.3333333333333333,0.6666666666666666,0.3333333333333333,0.0,0.0,1.0,1.6666666666666667,,0.3333333333333333,0.6666666666666666,,0.0,0.0,0.0,-0.3333333333333333,1.25,0.353553390593274,0.0,0.0,0.25,0.3535533905932738,0.125,0.1767766952966369,0.375,0.1767766952966369,1.0,0.7071067811865476,0.25,0.3535533905932738,0.0,0.0,1.11,0.5515432893255071,2.2,1.4832396974191329,2.2,0.2,0.2,0.4,0.8,0.2,0.0,0.0,0.8,1.8,,0.2,0.4,,0.0,0.2,0.0,-1.4,0.875,0.6291528696058958,0.125,0.25,0.125,0.25,0.1458333333333333,0.1717960677340692,0.3541666666666666,0.2916666666666666,0.8333333333333333,0.7071067811865475,0.125,0.25,0.0,0.0,0.8883333333333333,0.680596143914371,2.25,2.434865792722759,2.0,0.125,0.125,0.375,0.875,0.125,0.125,0.125,0.75,1.75,,0.125,0.25,,0.0,0.125,0.0,-0.375,0.8428571428571429,0.5495824017620384,0.1,0.223606797749979,0.1,0.2236067977499789,0.1452380952380952,0.1487857123806475,0.369047619047619,0.2547730304646749,0.8095238095238095,0.6146824115916946,0.1,0.2236067977499789,0.0285714285714285,0.0638876564999939,0.882095238095238,0.5895785804236201,,,,6.6,1.97,0.095,0.1949999999999999,0.315,0.1452,0.1187999999999999,0.3959999999999999,2.26,2.065,2.165,0.29,0.264,1.97,0.095,0.1949999999999999,0.315,2.26,0.1452,0.1187999999999999,0.3959999999999999
4683774,Bronny James,LAL,2026-05-29,0.0,18.0,0.0,0.0,9.0,0,0,0,0,0,0,0,0,0,0,,0,0,,0,0,0,0,0.0,,,,,,,,,,0.0,2.0,2.0,0.6666666666666666,0.0,0.3333333333333333,0.0,0.0,0.0,0.0,0.3333333333333333,0.3333333333333333,0.3333333333333333,,0.0,0.0,,0.0,0.0,0.0,-0.3333333333333333,0.25,0.3535533905932738,0.0,0.0,0.25,0.3535533905932738,0.0,0.0,0.0,0.0,0.125,0.1767766952966369,0.0,0.0,0.125,0.1767766952966369,0.25,0.3535533905932738,2.2,1.4832396974191324,0.4,0.2,0.6,0.0,0.2,0.2,0.0,0.2,0.2,0.4,,0.0,0.0,,0.2,0.0,0.0,-1.4,0.125,0.25,0.0833333333333333,0.1666666666666666,0.3333333333333333,0.2357022603955158,0.0,0.0,0.0833333333333333,0.1666666666666666,0.1458333333333333,0.1717960677340692,0.0,0.0,0.0625,0.125,0.2083333333333333,0.25,4.375,5.153015760559192,1.5,0.375,0.875,0.25,0.75,0.125,0.0,0.25,0.625,1.125,,0.0,0.0,,0.375,0.0,0.375,-0.5,0.2314814814814814,0.2639132542357751,0.0777777777777777,0.1360827634879543,0.2666666666666666,0.2260776661041756,0.0296296296296296,0.048005486654873,0.1185185185185185,0.1485180567093586,0.1898148148148148,0.1535753591775127,0.0,0.0,0.0527777777777777,0.1002312141814928,0.2425925925925925,0.2085122688360184,,,,6.6,0.64,0.145,0.485,0.05,0.1452,0.1187999999999999,0.3959999999999999,1.27,0.785,1.125,0.63,0.264,0.64,0.145,0.485,0.05,1.27,0.1452,0.1187999999999999,0.3959999999999999
4897943,Dalton Knecht,LAL,2026-05-29,0.0,18.0,0.0,0.0,9.0,0,0,0,0,0,0,0,0,0,0,,0,0,,0,0,0,0,0.0,,,,,,,,,,0.0,2.0,2.0,0.6666666666666666,0.6666666666666666,1.0,0.0,0.3333333333333333,0.0,0.0,0.3333333333333333,0.3333333333333333,1.0,,0.0,0.0,,0.0,0.6666666666666666,0.0,-0.3333333333333333,0.5,0.7071067811865476,0.375,0.1767766952966369,0.375,0.5303300858899106,0.0,0.0,0.125,0.1767766952966369,0.5,0.0,0.0,0.0,0.25,0.3535533905932738,0.75,0.3535533905932739,2.2,1.4832396974191329,0.4,0.6,0.6,0.0,0.4,0.0,0.0,0.2,0.2,1.0,,0.0,0.0,,0.0,0.6,0.0,-1.4,0.25,0.5,0.2708333333333333,0.2083333333333333,0.1875,0.375,0.0,0.0,0.1458333333333333,0.1717960677340692,0.4583333333333333,0.0833333333333333,0.0,0.0,0.125,0.25,0.5833333333333333,0.2886751345948128,2.25,2.434865792722759,1.25,0.75,0.375,0.25,0.625,0.0,0.0,0.125,0.375,1.0,,0.25,0.25,,0.0,0.75,0.0,-0.375,0.4285714285714285,0.5890150893739515,0.3023809523809523,0.193722339112457,0.15,0.3354101966249684,0.0571428571428571,0.1277753129999879,0.2023809523809523,0.1952526127006753,0.4523809523809524,0.0733858809877259,0.0571428571428571,0.1277753129999879,0.1,0.2236067977499789,0.5775238095238094,0.2503372781558254,,,,6.6,0.59,0.56,0.585,0.05,0.1452,0.1187999999999999,0.3959999999999999,1.735,1.15,1.1749999999999998,1.145,0.264,0.59,0.56,0.585,0.05,1.735,0.1452,0.1187999999999999,0.3959999999999999
5060631,Adou Thiero,LAL,2026-05-29,0.0,18.0,0.0,0.0,9.0,0,0,0,0,1,0,0,0,0,1,,0,0,,0,0,1,-5,3.0,0.0,0.0,0.0,0.0,0.3333333333333333,0.3333333333333333,0.0,0.0,0.3333333333333333,0.0,7.333333333333333,5.131601439446884,1.3333333333333333,3.6666666666666665,0.3333333333333333,0.0,0.6666666666666666,0.0,0.0,1.0,0.3333333333333333,1.3333333333333333,,0.6666666666666666,1.0,,1.3333333333333333,2.333333333333333,1.0,-0.6666666666666666,0.1025641025641025,0.177646236673731,0.3717948717948718,0.3271115595428993,0.0256410256410256,0.0444115591684327,0.0,0.0,0.1367521367521367,0.1745348534757447,0.188034188034188,0.1707263620122921,0.0769230769230769,0.1332346775052982,0.1068376068376068,0.092745873565003,0.3287179487179487,0.159793588092668,5.4,4.505552130427524,1.2,2.4,0.2,0.0,0.4,0.0,0.0,0.6,0.4,1.0,,0.4,1.0,,1.0,1.4,0.8,-1.6,0.1948717948717948,0.2954843136592396,0.2897435897435897,0.282865956318392,0.0153846153846153,0.034401045807689,0.0,0.0,0.082051282051282,0.1443660334385564,0.1794871794871794,0.1691141789522169,0.1794871794871794,0.290095089717558,0.0641025641025641,0.0878930076974492,0.3225641025641025,0.2488511406520237,4.125,4.257346591481601,1.125,1.5,0.125,0.0,0.25,0.0,0.0,0.5,0.375,0.75,,0.375,0.75,,0.625,0.875,0.625,-0.5,0.2457264957264957,0.292174583578148,0.2414529914529914,0.2792891166778942,0.0128205128205128,0.0314037146510663,0.0,0.0,0.0683760683760683,0.1333990633512934,0.1773504273504273,0.1513508463019267,0.1773504273504273,0.259521719940266,0.0811965811965812,0.0890695074879523,0.3365811965811966,0.2252118684953236,,,,8.0,1.045,2.24,0.1949999999999999,0.0,0.176,0.144,0.48,3.48,3.285,1.24,2.435,0.3199999999999999,1.045,2.24,0.1949999999999999,0.0,3.48,0.176,0.144,0.48
3195,Mike Conley,MIN,2026-05-29,0.0,14.0,0.0,1.0,10.0,6,0,4,2,3,3,0,0,2,3,,0,0,,0,0,0,-5,19.0,0.3157894736842105,0.0,0.2105263157894736,0.1052631578947368,0.1578947368421052,0.1578947368421052,0.0,0.0,0.1578947368421052,0.0,15.0,4.000000000000005,6.333333333333333,0.3333333333333333,2.6666666666666665,1.6666666666666667,2.333333333333333,1.0,0.0,0.3333333333333333,2.0,2.6666666666666665,,0.6666666666666666,0.6666666666666666,,0.0,0.3333333333333333,0.6666666666666666,-0.3333333333333333,0.4587985114300903,0.2326709053192645,0.0222222222222222,0.0384900179459749,0.1752259436469962,0.0390164367696195,0.1179160021265284,0.0586092032942599,0.1576820839978734,0.0242431237482672,0.1799043062200957,0.0211177765461376,0.0606060606060606,0.1049727762162956,0.0303030303030303,0.0524863881081477,0.2368740031897926,0.1025168198067609,13.0,5.787918451395113,4.4,0.8,2.2,1.2,2.2,0.8,0.0,0.4,1.4,2.6,,0.4,0.4,,0.0,0.8,0.6,-4.2,0.3127791068580542,0.2672836153793204,0.1258333333333333,0.211648621278025,0.1426355661881977,0.084540944145718,0.083249601275917,0.0667764882482792,0.182109250398724,0.0435996890354705,0.2079425837320574,0.0411946856896874,0.0363636363636363,0.0813115628181741,0.0681818181818181,0.10899617098438,0.2921244019138756,0.1370802191057848,17.0,6.708203932499369,5.555555555555555,1.5555555555555556,3.111111111111111,1.3333333333333333,2.6666666666666665,0.7777777777777778,0.0,0.5555555555555556,2.0,4.0,,0.2222222222222222,0.2222222222222222,,0.1111111111111111,1.4444444444444444,1.4444444444444444,-1.0,0.3118350732514819,0.2044149663525418,0.1166346453111159,0.158841349184361,0.1671480838276503,0.0760961412598602,0.0743328065696486,0.0654648992935815,0.161255240860504,0.0845589519783031,0.2297830365941821,0.0536507492415655,0.0202020202020202,0.0606060606060606,0.0539792451557157,0.0804267554137923,0.2926511706387867,0.1000156911445416,,,,14.2325,5.491679138321995,0.7992709750566893,2.511092970521542,1.4660442176870747,0.8713775510204081,0.0,0.5809183673469387,8.802043083900227,6.290950113378685,8.002772108843537,3.3103639455782314,0.8713775510204081,5.491679138321995,0.7992709750566893,2.511092970521542,1.4660442176870747,8.802043083900227,0.8713775510204081,0.0,0.5809183673469387
2968436,Joe Ingles,MIN,2026-05-29,0.0,14.0,0.0,1.0,10.0,0,0,0,0,0,0,0,0,0,0,,0,0,,0,0,0,0,0.0,,,,,,,,,,0.0,0.0,0.0,0.0,0.0,0.0,0.0,0.0,0.0,0.0,0.0,0.0,0.0,,0.0,0.0,,0.0,0.0,0.0,0.0,,,,,,,,,,,,,,,,,,,2.0,4.47213595499958,1.4,0.4,0.0,0.4,0.6,0.4,0.0,0.2,0.4,0.6,,0.2,0.4,,0.2,0.2,0.0,-0.2,0.7,,0.2,,0.0,,0.2,,0.3,,0.3,,0.2,,0.1,,0.488,,1.4444444444444444,3.358240279934981,0.7777777777777778,0.2222222222222222,0.0,0.2222222222222222,0.3333333333333333,0.2222222222222222,0.0,0.1111111111111111,0.2222222222222222,0.3333333333333333,,0.1111111111111111,0.2222222222222222,,0.1111111111111111,0.1111111111111111,0.0,0.5555555555555556,0.35,0.4949747468305832,0.1,0.1414213562373095,0.0,0.0,0.1,0.1414213562373095,0.15,0.2121320343559642,0.15,0.2121320343559642,0.1,0.1414213562373095,0.05,0.0707106781186547,0.244,0.3450681092190352,,,,8.0,0.6455555555555554,0.1844444444444444,0.0,0.1844444444444444,0.176,0.144,0.48,0.8299999999999998,0.8299999999999998,0.6455555555555554,0.1844444444444444,0.3199999999999999,0.6455555555555554,0.1844444444444444,0.0,0.1844444444444444,0.8299999999999998,0.176,0.144,0.48
2993874,Kyle Anderson,MIN,2026-05-29,0.0,14.0,0.0,1.0,9.0,2,0,3,0,0,0,0,0,1,3,,0,0,,0,0,0,3,8.0,0.25,0.0,0.375,0.0,0.0,0.375,0.0,0.0,0.375,0.0,3.6666666666666665,4.041451884327381,1.0,0.0,1.0,0.0,0.0,0.0,0.0,0.0,0.3333333333333333,1.3333333333333333,,0.3333333333333333,0.6666666666666666,,0.0,0.0,0.0,-1.3333333333333333,0.2916666666666666,0.0589255650988789,0.0,0.0,0.1875,0.2651650429449553,0.0,0.0,0.0,0.0,0.3541666666666666,0.0294627825494395,0.3333333333333333,0.4714045207910317,0.0,0.0,0.5008333333333332,0.1779552065986143,5.0,6.0,2.2,0.6,1.4,0.0,0.2,0.0,0.0,0.2,0.8,2.0,,0.6,1.6,,0.2,0.4,0.4,-3.4,0.3849206349206349,0.1668083298173309,0.0714285714285714,0.1237179148263483,0.2202380952380952,0.1958866984750516,0.0,0.0,0.0238095238095238,0.0412393049421161,0.3789682539682539,0.0477428945060157,0.3650793650793651,0.3378380421236946,0.0238095238095238,0.0412393049421161,0.5634126984126984,0.1660799764540781,5.375,6.232117273791125,1.875,0.75,1.625,0.0,0.125,0.0,0.0,0.625,0.75,1.875,,0.375,1.0,,0.25,0.5,0.375,-1.125,0.2842857142857142,0.2044266358210362,0.0828571428571428,0.1135691823677245,0.2121428571428571,0.1982641507418518,0.0,0.0,0.0142857142857142,0.0319438282499969,0.3473809523809524,0.0597163552462826,0.219047619047619,0.3115319473104024,0.0676190476190476,0.1154896899325893,0.5113809523809524,0.1544910083316462,,,,7.125,1.745,0.36,1.565,0.0,0.15675,0.12825,0.4275,3.67,2.105,3.31,1.925,0.285,1.745,0.36,1.565,0.0,3.67,0.15675,0.12825,0.4275
3032976,Rudy Gobert,MIN,2026-05-29,0.0,14.0,0.0,1.0,10.0,0,3,0,0,0,0,0,0,0,4,,0,0,,1,2,3,-10,22.0,0.0,0.1363636363636363,0.0,0.0,0.0,0.1818181818181818,0.0,0.0,0.1818181818181818,0.0,25.0,4.358898943540679,5.0,7.0,1.3333333333333333,0.0,0.3333333333333333,0.6666666666666666,0.6666666666666666,0.3333333333333333,1.6666666666666667,5.0,,1.6666666666666667,2.0,,3.333333333333333,3.6666666666666665,2.333333333333333,-10.666666666666666,0.1801932367149758,0.1834139900101106,0.2623627580149319,0.1535075697262773,0.0444444444444444,0.0769800358919501,0.0,0.0,0.0111111111111111,0.0192450089729875,0.196354852876592,0.0322673025787797,0.0734299516908212,0.0676880382150221,0.0144927536231884,0.0251021856169402,0.2431567852437417,0.0561436489548059,26.8,4.086563348340516,6.6,7.6,1.4,0.0,0.2,0.4,1.0,1.2,2.4,5.2,,1.8,3.2,,3.4,4.2,2.6,-12.2,0.2277011954852067,0.1682239986302598,0.2740075165601112,0.1191330943179901,0.0467127496159754,0.0554644345588736,0.0,0.0,0.0066666666666666,0.0149071198499985,0.1915456306199644,0.037736309382684,0.1147952982034328,0.1262995657747971,0.0437186936485674,0.0586994128765109,0.2857742554780423,0.0893318726690248,30.11111111111111,6.1123736069640815,6.333333333333333,9.22222222222222,2.4444444444444446,0.0,0.2222222222222222,1.2222222222222223,1.1111111111111112,1.1111111111111112,2.4444444444444446,5.444444444444445,,1.4444444444444444,2.888888888888889,,3.6666666666666665,5.555555555555555,2.555555555555556,-8.0,0.2027215484253094,0.1307445997275,0.2967711891854659,0.0989345150062735,0.072062334594778,0.0618492519575803,0.0,0.0,0.0067901234567901,0.0135451285540072,0.1805673743059888,0.0555598051483425,0.0967071123936239,0.1022025358201292,0.0379961239724906,0.0443457265891669,0.261114627731674,0.0919211913284868,,,,26.306444444444445,6.199989937106919,6.991101048218029,1.4449819706498952,0.0,0.4963480083857442,1.2408700209643606,0.4963480083857442,14.636072955974845,13.191090985324948,7.644971907756814,8.436083018867924,1.737218029350105,6.199989937106919,6.991101048218029,1.4449819706498952,0.0,14.636072955974845,0.4963480083857442,1.2408700209643606,0.4963480083857442
3064514,Julius Randle,MIN,2026-05-29,0.0,14.0,0.0,1.0,10.0,3,7,1,0,2,0,0,0,1,8,,1,2,,2,5,3,-34,24.0,0.125,0.2916666666666667,0.0416666666666666,0.0,0.0833333333333333,0.3333333333333333,0.0833333333333333,0.0,0.37,0.0,32.666666666666664,7.571877794400366,10.666666666666666,8.333333333333334,1.6666666666666667,0.6666666666666666,3.333333333333333,0.0,0.0,2.0,4.0,12.333333333333334,,2.0,3.0,,3.6666666666666665,4.666666666666667,2.6666666666666665,-14.666666666666666,0.3043372319688109,0.1738941726495325,0.259990253411306,0.0433962688768789,0.0494639376218323,0.0264609113110504,0.0175438596491228,0.0303868562731381,0.0999025341130604,0.0146442292410493,0.3737816764132553,0.0857021151852303,0.0925925925925926,0.0975523495634513,0.0526315789473684,0.0911605688194145,0.4671539961013645,0.0940590571509035,31.2,5.890670590009257,11.2,7.2,1.4,0.4,3.0,0.6,0.0,2.6,3.8,11.8,,3.2,4.0,,3.2,4.0,3.0,-16.2,0.3489105829088851,0.1387656489461065,0.2317408665031755,0.0494637565120037,0.0444931773879142,0.0328981660186458,0.0105263157894736,0.0235375576578925,0.0941111739923284,0.0153142376774269,0.3757624347607369,0.0609487836509196,0.1313022700119474,0.087043361073857,0.0815192102119096,0.0868327753097129,0.5150546437779034,0.0999113003058063,33.111111111111114,5.441609239104835,15.22222222222222,7.555555555555555,2.4444444444444446,0.8888888888888888,3.4444444444444446,0.6666666666666666,0.0,3.4444444444444446,5.222222222222222,14.11111111111111,,3.888888888888889,5.222222222222222,,3.111111111111111,4.444444444444445,3.333333333333333,-8.0,0.4506371692202368,0.1899688923804243,0.2303572088498195,0.0613440030181991,0.0729312788755093,0.0570746980638539,0.0242184578673667,0.028937230645383,0.1009202742790457,0.0350668008430731,0.4216473901457694,0.070312263941833,0.1593072195151703,0.0932737630071682,0.1021005976310946,0.0672350064971754,0.593843164363539,0.1225473910934151,,,,31.399944444444444,10.671812919896642,7.559878294573644,1.3817868217054263,0.4992036175710594,0.2434104220499569,0.0,1.9472833763996555,19.61347803617571,18.231691214470285,12.053599741602069,8.94166511627907,0.2434104220499569,10.671812919896642,7.559878294573644,1.3817868217054263,0.4992036175710594,19.61347803617571,0.2434104220499569,0.0,1.9472833763996555
3934673,Donte DiVincenzo,MIN,2026-05-29,0.0,34.0,0.0,0.0,2.0,0,0,1,0,1,0,0,0,0,1,,0,0,,0,0,0,5,1.0,0.0,0.0,1.0,0.0,1.0,1.0,0.0,0.0,1.0,0.0,1.0,,0.0,0.0,1.0,0.0,1.0,0.0,0.0,0.0,0.0,1.0,,0.0,0.0,,0.0,0.0,0.0,5.0,0.0,,0.0,,1.0,,0.0,,1.0,,1.0,,0.0,,0.0,,1.0,,1.0,,0.0,0.0,1.0,0.0,1.0,0.0,0.0,0.0,0.0,1.0,,0.0,0.0,,0.0,0.0,0.0,5.0,0.0,,0.0,,1.0,,0.0,,1.0,,1.0,,0.0,,0.0,,1.0,,1.0,,0.0,0.0,1.0,0.0,1.0,0.0,0.0,0.0,0.0,1.0,,0.0,0.0,,0.0,0.0,0.0,5.0,0.0,,0.0,,1.0,,0.0,,1.0,,1.0,,0.0,,0.0,,1.0,,,,,8.0,0.0,0.0,1.0,0.0,0.176,0.144,0.48,1.0,0.0,1.0,1.0,0.3199999999999999,0.0,0.0,1.0,0.0,1.0,0.176,0.144,0.48
4396971,Naz Reid,MIN,2026-05-29,0.0,14.0,0.0,1.0,10.0,18,7,1,3,7,0,0,0,7,13,,1,1,,1,6,0,-15,32.0,0.5625,0.21875,0.03125,0.09375,0.21875,0.40625,0.03125,0.0,0.42,0.0,31.33333333333333,0.5773502691896263,15.0,7.0,2.333333333333333,2.0,6.0,0.6666666666666666,0.0,0.3333333333333333,5.666666666666667,11.666666666666666,,1.6666666666666667,2.0,,1.0,6.0,3.0,-9.333333333333334,0.4778225806451613,0.087857897457665,0.2234543010752688,0.0646446342843862,0.0749327956989247,0.0497164229041293,0.063508064516129,0.0550203792298193,0.1911962365591397,0.0539510754670501,0.3719758064516129,0.0438363203733042,0.0641801075268817,0.0327633891391089,0.010752688172043,0.0186242022319234,0.4109677419354838,0.0560325459163963,29.4,4.722287581247038,14.8,7.4,2.4,2.6,6.0,0.4,0.4,0.6,5.4,11.0,,1.4,2.0,,1.0,6.4,3.2,-10.2,0.5039554531490016,0.0729870698395456,0.256989247311828,0.0673584421810779,0.0762096774193548,0.0655032534778316,0.0916762672811059,0.0551470316274205,0.2028129800307219,0.0463818243088016,0.3711021505376344,0.0403341997148544,0.063508064516129,0.049906829816478,0.0254992319508448,0.0414120253081526,0.424544930875576,0.0452652940049395,29.22222222222222,4.206476488041321,14.444444444444445,7.777777777777778,2.2222222222222223,2.111111111111111,5.111111111111111,0.4444444444444444,0.4444444444444444,1.3333333333333333,5.666666666666667,11.11111111111111,,1.0,1.4444444444444444,,1.2222222222222223,6.555555555555555,3.111111111111111,-0.8888888888888888,0.4964551770529,0.0760044283453071,0.2717322771402468,0.0618820572113288,0.0716804463720972,0.0521411491602153,0.0748341540917442,0.0465236038622993,0.1765783284640021,0.0578008046106815,0.380794378683373,0.0642142346707301,0.0464867398572332,0.0456167154378492,0.0499349919179141,0.0451401146758008,0.4511835361384697,0.0840768072595845,,,,30.74238888888889,15.33027222222222,7.3099920634920625,2.610485714285714,2.416812169312169,0.48797442680776,0.48797442680776,0.24398721340388,25.25075,22.64026428571428,17.940757936507936,9.920477777777776,0.97594885361552,15.33027222222222,7.3099920634920625,2.610485714285714,2.416812169312169,25.25075,0.48797442680776,0.48797442680776,0.24398721340388
4397002,Ayo Dosunmu,MIN,2026-05-29,0.0,14.0,0.0,1.0,9.0,10,1,9,0,1,0,0,0,4,8,,2,2,,0,1,3,-28,23.0,0.4347826086956521,0.0434782608695652,0.391304347826087,0.0,0.0434782608695652,0.3478260869565217,0.0869565217391304,0.0,0.3860869565217392,0.0,28.666666666666668,5.131601439446886,12.0,5.0,5.333333333333333,0.6666666666666666,3.0,1.6666666666666667,0.6666666666666666,1.3333333333333333,4.666666666666667,11.333333333333334,,2.0,2.333333333333333,,0.0,5.0,3.6666666666666665,-17.333333333333332,0.4176548089591567,0.077196058367801,0.1609574000878348,0.1147310949703041,0.2041721563460694,0.1624079164870509,0.0212121212121212,0.0184326137281764,0.0993412384716732,0.0487568984427031,0.390689503732982,0.0390496883035168,0.0825208607817303,0.0200680574879606,0.0424242424242424,0.0368652274563528,0.4694229249011858,0.0721723125647199,25.6,9.555103348473,9.4,4.4,4.2,1.0,3.6,1.4,0.6,1.6,3.6,10.0,,1.2,1.4,,0.2,4.2,2.8,-12.6,0.3193428853754941,0.1894002055803064,0.1403244400527009,0.1155910056565341,0.1537532938076416,0.1449354655293575,0.0314772727272727,0.0382895343564071,0.1296047430830039,0.075620050460682,0.3894137022397892,0.0290450677141528,0.0495125164690382,0.0473737396129687,0.0504545454545454,0.0524743585990004,0.4616537549407115,0.0629888589671613,26.0,14.352700094407323,13.5,3.625,3.25,1.625,3.5,1.0,0.5,1.375,4.75,10.125,,2.375,2.5,,0.5,3.125,2.625,-8.75,0.4420297373161871,0.3050190691682189,0.1251153805603789,0.0980015623439126,0.1282627358203527,0.1282662942797124,0.0507687644435764,0.0468707402265038,0.1283786116901513,0.0618848321343979,0.3886073526560614,0.0259684779901634,0.0799418082190229,0.0990158709355153,0.0469591185756599,0.0440518706211572,0.4707408668480914,0.0641811535002058,,,,27.3615,10.974934745762711,4.626777966101695,4.949651694915254,1.0456313559322037,1.3912627118644068,0.4637542372881356,1.8550169491525423,20.551364406779665,15.601712711864408,15.924586440677963,9.576429661016949,1.8550169491525423,10.974934745762711,4.626777966101695,4.949651694915254,1.0456313559322037,20.551364406779665,1.3912627118644068,0.4637542372881356,1.8550169491525423
4431671,Jaden McDaniels,MIN,2026-05-29,0.0,14.0,0.0,1.0,10.0,13,1,3,2,4,0,1,0,4,13,,3,3,,1,0,5,-21,23.0,0.5652173913043478,0.0434782608695652,0.1304347826086956,0.0869565217391304,0.1739130434782608,0.5652173913043478,0.1304347826086956,0.0,0.6226086956521739,0.0,31.33333333333333,9.073771725877464,14.666666666666666,4.333333333333333,1.6666666666666667,1.6666666666666667,4.333333333333333,0.3333333333333333,0.3333333333333333,1.0,5.333333333333333,13.666666666666666,,2.333333333333333,2.333333333333333,,1.3333333333333333,3.0,4.666666666666667,-12.666666666666666,0.4911158242017202,0.1296048142115278,0.1299399080947331,0.0795394365568916,0.0657004830917874,0.0652227587700006,0.0623188405797101,0.0543623169087276,0.1520089548721574,0.0942060508747208,0.4548014610580888,0.1014008622585565,0.0819606456934134,0.0429218512046033,0.0303523035230352,0.0337308571978354,0.521216448686226,0.1056847232759392,30.8,9.57601169589929,14.6,4.6,2.2,1.6,4.4,0.4,0.6,1.2,5.4,14.6,,2.2,2.4,,2.0,2.6,4.6,-11.8,0.4996694945210321,0.1111935871611929,0.1429639448568399,0.0596609911027107,0.0894202898550724,0.0774237298407217,0.052391304347826,0.0486369016710438,0.1412053729232944,0.086421843903559,0.4828808766348533,0.0832581401081185,0.079176387416048,0.0353295603136499,0.0432113821138211,0.0397750258363574,0.5609298692117356,0.0924279310349331,32.77777777777778,8.51143022320247,16.22222222222222,5.444444444444445,2.2222222222222223,1.0,3.555555555555556,0.5555555555555556,0.7777777777777778,1.4444444444444444,6.222222222222222,14.88888888888889,,2.7777777777777777,3.2222222222222223,,2.2222222222222223,3.2222222222222223,4.666666666666667,-6.222222222222222,0.4998912081420623,0.1204412682542446,0.1588295765478515,0.0603921615761686,0.0774744221604125,0.0582067127537117,0.0315754159957058,0.0428765696152117,0.1102094944972286,0.0745873146131979,0.4555099520399391,0.0888552045041812,0.0990186813740484,0.0473617042969364,0.0502876552334546,0.0491137294225586,0.5493658270779751,0.0927867196165847,,,,31.34561111111111,14.443340215588725,4.466625207296849,1.8482521558872305,1.7468278606965173,0.4678449419568822,0.4678449419568822,0.9356898839137644,20.7582175787728,18.90996542288557,16.291592371475954,6.314877363184079,0.9356898839137644,14.443340215588725,4.466625207296849,1.8482521558872305,1.7468278606965173,20.7582175787728,0.4678449419568822,0.4678449419568822,0.9356898839137644
4432247,Jaylen Clark,MIN,2026-05-29,0.0,14.0,0.0,1.0,10.0,2,3,0,0,1,0,0,0,0,2,,2,2,,0,3,0,3,8.0,0.25,0.375,0.0,0.0,0.125,0.25,0.25,0.0,0.36,0.0,3.6666666666666665,4.041451884327381,0.6666666666666666,1.0,0.0,0.0,0.3333333333333333,0.0,0.0,0.0,0.0,0.6666666666666666,,0.6666666666666666,0.6666666666666666,,0.0,1.0,0.0,-1.3333333333333333,0.125,0.1767766952966369,0.1875,0.2651650429449553,0.0,0.0,0.0,0.0,0.0625,0.0883883476483184,0.125,0.1767766952966369,0.125,0.1767766952966369,0.0,0.0,0.18,0.2545584412271571,5.2,6.3796551630946325,1.0,0.6,0.2,0.2,1.0,0.2,0.0,0.0,0.2,1.4,,0.4,0.4,,0.0,0.6,0.2,-2.4,0.15,0.1322875655532295,0.125,0.2165063509461096,0.0222222222222222,0.038490017945975,0.0222222222222222,0.038490017945975,0.1305555555555555,0.1334201106502536,0.1944444444444444,0.1734721666221777,0.0833333333333333,0.1443375672974064,0.0,0.0,0.2311111111111111,0.2005917172692757,6.222222222222222,5.739725119240855,1.1111111111111112,0.7777777777777778,0.3333333333333333,0.2222222222222222,0.8888888888888888,0.1111111111111111,0.1111111111111111,0.0,0.3333333333333333,1.3333333333333333,,0.2222222222222222,0.2222222222222222,,0.2222222222222222,0.5555555555555556,0.6666666666666666,-0.3333333333333333,0.1642857142857142,0.1301490511306328,0.1292388167388167,0.1391828820945338,0.0401515151515151,0.0446777051448082,0.0249999999999999,0.0390867979985285,0.1069444444444444,0.1269751360904377,0.1778499278499278,0.1224746146505367,0.0416666666666666,0.1020620726159657,0.0,0.0,0.1961832611832611,0.1420960980290004,,,,7.125,1.0722222222222222,1.1155555555555554,0.1366666666666666,0.1144444444444444,0.15675,0.12825,0.4275,2.3244444444444445,2.187777777777778,1.208888888888889,1.252222222222222,0.285,1.0722222222222222,1.1155555555555554,0.1366666666666666,0.1144444444444444,2.3244444444444445,0.15675,0.12825,0.4275
4432847,Terrence Shannon Jr.,MIN,2026-05-29,0.0,14.0,0.0,1.0,10.0,21,2,1,1,3,1,0,1,8,15,,4,4,,1,1,3,-21,22.0,0.9545454545454546,0.0909090909090909,0.0454545454545454,0.0454545454545454,0.1363636363636363,0.6818181818181818,0.1818181818181818,0.0454545454545454,0.8072727272727274,0.0,19.666666666666668,2.516611478423584,10.333333333333334,1.3333333333333333,2.333333333333333,1.0,4.0,0.6666666666666666,0.0,1.6666666666666667,3.6666666666666665,10.666666666666666,,2.0,2.0,,0.3333333333333333,1.0,2.6666666666666665,-5.0,0.4907308377896613,0.4257626039062067,0.0636363636363636,0.0552978411845293,0.1269162210338681,0.0977401044025284,0.0484848484848484,0.0500688231571463,0.2072192513368983,0.0618017343921187,0.5253119429590017,0.204356687097811,0.0998217468805704,0.0922104610080396,0.0877005347593583,0.0376350552083698,0.656934046345811,0.1758717544468705,22.4,4.2778499272414905,9.6,2.2,2.0,0.8,3.8,0.4,0.0,1.4,3.4,10.0,,2.0,2.0,,0.6,1.6,3.0,-3.0,0.4261527883880825,0.3313814324500421,0.0924675324675324,0.0717901121726958,0.0984354469060351,0.0801308184785347,0.0362337662337662,0.0411618659354288,0.1777601222307104,0.0623390922314623,0.4540443086325439,0.1980646483526178,0.0918930481283422,0.0870014658179781,0.0677631779984721,0.0381549960494195,0.5622404278074866,0.2162460626598513,22.55555555555556,9.342257638161012,11.77777777777778,2.555555555555556,1.3333333333333333,0.8888888888888888,3.555555555555556,0.4444444444444444,0.0,0.8888888888888888,4.222222222222222,10.444444444444445,,2.4444444444444446,2.6666666666666665,,0.5555555555555556,2.0,2.4444444444444446,-1.8888888888888888,0.5304023427552839,0.3213569141299952,0.0942279942279942,0.0692407292926633,0.0610355657414481,0.072660227094101,0.055050505050505,0.0588422212477404,0.1717714964773788,0.0797230164356536,0.452246838129191,0.206777902637068,0.1002580426109837,0.0864499188523622,0.0455827179356591,0.0435666724732015,0.5419430948136831,0.2338624192808199,,,,21.620722222222224,10.154125670498086,1.687095019157088,2.0686425287356323,0.959544827586207,0.4970280970625798,0.0,1.4910842911877396,13.909863218390806,11.841220689655174,12.222768199233718,3.75573754789272,0.4970280970625798,10.154125670498086,1.687095019157088,2.0686425287356323,0.959544827586207,13.909863218390806,0.4970280970625798,0.0,1.4910842911877396
4592492,Bones Hyland,MIN,2026-05-29,0.0,14.0,0.0,1.0,10.0,3,1,0,1,4,0,0,0,1,6,,0,0,,1,0,1,3,8.0,0.375,0.125,0.0,0.125,0.5,0.75,0.0,0.0,0.75,0.0,3.6666666666666665,4.041451884327381,1.0,0.6666666666666666,0.0,0.3333333333333333,1.6666666666666667,0.0,0.0,0.3333333333333333,0.3333333333333333,2.333333333333333,,0.0,0.0,,0.3333333333333333,0.3333333333333333,0.3333333333333333,-1.3333333333333333,0.1875,0.2651650429449553,0.2291666666666666,0.1473139127471973,0.0,0.0,0.0625,0.0883883476483184,0.4166666666666666,0.1178511301977579,0.5416666666666667,0.2946278254943948,0.0,0.0,0.1666666666666666,0.2357022603955158,0.7083333333333333,0.058925565098879,4.4,4.929503017546495,0.6,0.6,0.4,0.2,1.2,0.0,0.0,0.4,0.2,2.0,,0.0,0.0,,0.2,0.4,0.2,-4.2,0.125,0.2165063509461096,0.1830808080808081,0.1312341934452744,0.0606060606060606,0.1049727762162955,0.0416666666666666,0.0721687836487032,0.308080808080808,0.2057112308526898,0.452020202020202,0.2598311829796557,0.0,0.0,0.1414141414141414,0.1723103243356765,0.5934343434343434,0.203325956903037,9.555555555555555,8.110350040397625,3.0,0.8888888888888888,1.4444444444444444,0.4444444444444444,2.7777777777777777,0.3333333333333333,0.1111111111111111,0.5555555555555556,1.0,4.111111111111111,,0.5555555555555556,0.6666666666666666,,0.3333333333333333,0.5555555555555556,0.4444444444444444,-1.4444444444444444,0.2197550034506556,0.2582813908239114,0.1354680343810778,0.1058749066977844,0.1218677457807892,0.1249062548248333,0.0364906832298136,0.0623394508265398,0.3064652738565782,0.1219826810297228,0.4329568981742895,0.1594572828911467,0.0584541062801932,0.0846817325197094,0.0792396009787314,0.1241211813056942,0.5379163059163059,0.1336606239274587,,,,7.125,1.56,0.7377777777777778,0.4288888888888889,0.4088888888888889,0.15675,0.12825,0.4275,2.7266666666666666,2.2977777777777777,1.988888888888889,1.1666666666666663,0.285,1.56,0.7377777777777778,0.4288888888888889,0.4088888888888889,2.7266666666666666,0.15675,0.12825,0.4275
4592979,Zyon Pullin,MIN,2026-05-29,0.0,32.0,0.0,0.0,2.0,0,0,0,0,0,0,0,0,0,0,,0,0,,0,0,0,0,0.0,,,,,,,,,,0.0,0.0,,0.0,0.0,0.0,0.0,0.0,0.0,0.0,0.0,0.0,0.0,,0.0,0.0,,0.0,0.0,0.0,0.0,,,,,,,,,,,,,,,,,,,0.0,,0.0,0.0,0.0,0.0,0.0,0.0,0.0,0.0,0.0,0.0,,0.0,0.0,,0.0,0.0,0.0,0.0,,,,,,,,,,,,,,,,,,,0.0,,0.0,0.0,0.0,0.0,0.0,0.0,0.0,0.0,0.0,0.0,,0.0,0.0,,0.0,0.0,0.0,0.0,,,,,,,,,,,,,,,,,,,,,,8.0,0.0,0.0,0.0,0.0,0.176,0.144,0.48,0.0,0.0,0.0,0.0,0.3199999999999999,0.0,0.0,0.0,0.0,0.0,0.176,0.144,0.48
4594268,Anthony Edwards,MIN,2026-05-29,0.0,14.0,0.0,1.0,8.0,24,2,2,2,7,3,0,3,9,26,,4,7,,1,1,4,-31,36.0,0.6666666666666666,0.0555555555555555,0.0555555555555555,0.0555555555555555,0.1944444444444444,0.7222222222222222,0.1944444444444444,0.0833333333333333,0.8911111111111111,0.0,38.333333333333336,2.081665999466133,26.666666666666668,3.333333333333333,2.0,2.0,5.0,1.3333333333333333,0.0,3.6666666666666665,9.333333333333334,20.33333333333333,,6.0,7.333333333333333,,0.6666666666666666,2.6666666666666665,3.0,-13.333333333333334,0.6931623931623933,0.1949448805817812,0.0856125356125356,0.055802104685927,0.0522792022792022,0.0029089142245959,0.052065527065527,0.0248638756349121,0.1321225071225071,0.0590835470905877,0.5351851851851852,0.1948672651545317,0.1913105413105413,0.0106094280235699,0.0952991452991453,0.0104417023272398,0.7146609686609686,0.1892023746123189,36.0,6.9641941385920605,24.8,5.4,2.4,2.0,5.8,0.8,0.2,3.4,9.0,20.0,,4.8,6.0,,0.6,4.8,3.0,-16.6,0.6719949968730456,0.1722673483754758,0.1446602042943506,0.1181161065837085,0.0606358140504482,0.0530296679305919,0.0542067959141129,0.0210182386413202,0.1648426099645611,0.0613876066971489,0.5562737127371274,0.14453216955075,0.1607212841359183,0.048030984954662,0.1002689180737961,0.042871533938721,0.7272599958307275,0.1348965137374779,31.857142857142858,9.299257522845062,21.0,4.714285714285714,2.142857142857143,1.8571428571428568,5.0,0.5714285714285714,0.2857142857142857,2.571428571428572,7.714285714285714,17.285714285714285,,3.7142857142857135,4.571428571428571,,0.5714285714285714,4.142857142857143,2.571428571428572,-12.571428571428571,0.6225361088775723,0.2078832132911225,0.1442810983054885,0.0973798940152293,0.0604541528931772,0.0554514205362021,0.0580842193037314,0.0197016626494823,0.1586971023556389,0.052952130943747,0.5351161440185831,0.1253304037496089,0.1306739331129575,0.0721116026034537,0.0773349414812829,0.0537839832572387,0.6699476160695673,0.148600642208883,,,,36.96642857142857,25.716,5.065428571428571,2.5735714285714284,2.068178571428572,0.9478571428571428,0.2369642857142857,3.0805357142857144,33.355,30.78142857142857,28.289571428571428,7.638999999999999,1.1848214285714285,25.716,5.065428571428571,2.5735714285714284,2.068178571428572,33.355,0.9478571428571428,0.2369642857142857,3.0805357142857144
5105553,Julian Phillips,MIN,2026-05-29,0.0,14.0,0.0,1.0,10.0,3,0,1,1,2,1,0,1,1,2,,0,0,,0,0,0,3,8.0,0.375,0.0,0.125,0.125,0.25,0.25,0.0,0.125,0.375,0.0,3.6666666666666665,4.041451884327381,1.0,0.0,0.3333333333333333,0.3333333333333333,1.0,0.3333333333333333,0.0,0.3333333333333333,0.3333333333333333,1.0,,0.0,0.0,,0.0,0.0,0.0,-1.3333333333333333,0.1875,0.2651650429449553,0.0,0.0,0.0625,0.0883883476483184,0.0625,0.0883883476483184,0.2916666666666666,0.0589255650988789,0.2916666666666666,0.0589255650988789,0.0,0.0,0.0625,0.0883883476483184,0.3541666666666666,0.0294627825494395,4.2,4.604345773288535,1.2,0.0,0.4,0.4,0.8,0.2,0.0,0.2,0.4,1.2,,0.0,0.0,,0.0,0.0,0.2,-1.0,0.225,0.1984313483298443,0.0,0.0,0.075,0.0661437827766147,0.075,0.0661437827766147,0.2277777777777777,0.1182433147432931,0.2944444444444444,0.041943524640393,0.0,0.0,0.0416666666666666,0.0721687836487032,0.3361111111111111,0.0375770812735241,2.6666666666666665,3.840572873934304,0.6666666666666666,0.0,0.2222222222222222,0.2222222222222222,0.4444444444444444,0.1111111111111111,0.0,0.1111111111111111,0.2222222222222222,0.6666666666666666,,0.0,0.0,,0.0,0.0,0.1111111111111111,0.1111111111111111,0.16875,0.1972466729757437,0.0,0.0,0.05625,0.0657488909919145,0.05625,0.0657488909919145,0.1708333333333333,0.1493039405597409,0.2208333333333333,0.1511529762268088,0.0,0.0,0.03125,0.0625,0.2520833333333333,0.1708333333333333,,,,7.125,1.3033333333333332,0.0,0.4344444444444444,0.4344444444444444,0.15675,0.12825,0.4275,1.7377777777777776,1.3033333333333332,1.7377777777777776,0.4344444444444444,0.285,1.3033333333333332,0.0,0.4344444444444444,0.4344444444444444,1.7377777777777776,0.15675,0.12825,0.4275
5279133,Joan Beringer,MIN,2026-05-29,0.0,14.0,0.0,1.0,10.0,4,2,0,0,0,1,1,0,2,3,,0,0,,1,1,0,3,8.0,0.5,0.25,0.0,0.0,0.0,0.375,0.0,0.0,0.375,0.0,3.6666666666666665,4.041451884327381,2.333333333333333,1.6666666666666667,0.0,0.0,0.0,0.3333333333333333,0.6666666666666666,0.3333333333333333,0.6666666666666666,1.3333333333333333,,1.0,1.3333333333333333,,0.6666666666666666,1.0,0.0,-1.3333333333333333,0.75,0.3535533905932738,0.625,0.5303300858899106,0.0,0.0,0.0,0.0,0.0,0.0,0.3541666666666666,0.0294627825494395,0.6666666666666666,0.9428090415820634,0.1666666666666666,0.2357022603955158,0.8141666666666666,0.6210754561421842,3.8,4.024922359499621,2.8,1.6,0.0,0.0,0.0,0.2,0.4,0.4,1.0,1.6,,0.8,1.2,,0.6,1.0,0.0,-1.0,0.7916666666666666,0.2602082499332666,0.5416666666666666,0.4018187817080397,0.0,0.0,0.0,0.0,0.0,0.0,0.4027777777777777,0.0867360833110888,0.5277777777777778,0.7087417123429485,0.1527777777777777,0.1683938285136408,0.7877777777777778,0.4415387655478072,2.4444444444444446,3.3952581312438936,1.7777777777777777,1.0,0.0,0.0,0.0,0.2222222222222222,0.2222222222222222,0.3333333333333333,0.5555555555555556,0.8888888888888888,,0.6666666666666666,0.8888888888888888,,0.3333333333333333,0.6666666666666666,0.0,0.1111111111111111,0.7604166666666666,0.2214613710986385,0.4895833333333333,0.3442231592053814,0.0,0.0,0.0,0.0,0.0,0.0,0.3020833333333333,0.2134781409574916,0.5625,0.5828370905099247,0.1979166666666666,0.1644822122545418,0.7474999999999999,0.3694051775289365,,,,7.125,2.6355555555555554,1.5599999999999998,0.0,0.0,0.15675,0.12825,0.4275,4.195555555555555,4.195555555555555,2.6355555555555554,1.5599999999999998,0.285,2.6355555555555554,1.5599999999999998,0.0,0.0,4.195555555555555,0.15675,0.12825,0.4275
2528426,Jordan Clarkson,NYK,2026-05-29,0.0,4.0,2.0,4.0,12.0,3,1,0,1,4,0,0,1,1,6,,0,0,,1,0,1,4,9.0,0.3333333333333333,0.1111111111111111,0.0,0.1111111111111111,0.4444444444444444,0.6666666666666666,0.0,0.1111111111111111,0.7777777777777778,0.0,6.333333333333333,3.0550504633038926,2.333333333333333,0.3333333333333333,0.0,0.3333333333333333,1.3333333333333333,0.0,0.0,0.6666666666666666,1.0,2.6666666666666665,,0.0,0.0,,0.3333333333333333,0.0,1.0,-0.6666666666666666,0.3015873015873016,0.287033989206748,0.037037037037037,0.0641500299099584,0.0,0.0,0.037037037037037,0.0641500299099584,0.1481481481481481,0.2566001196398336,0.3174603174603174,0.3344651985032615,0.0,0.0,0.0846560846560846,0.0750129464484541,0.4021164021164021,0.3895631774433855,8.6,4.722287581247038,3.4,0.8,0.6,0.4,1.0,0.0,0.2,0.6,1.2,2.8,,0.6,0.8,,0.4,0.4,1.4,1.6,0.3934523809523809,0.340734167999968,0.0722222222222222,0.0661729402753977,0.075,0.1677050983124842,0.0347222222222222,0.0505563186755591,0.1013888888888888,0.1936740691515732,0.3029761904761904,0.2464170689747083,0.1,0.2236067977499789,0.0632936507936507,0.0644780216890002,0.4102698412698412,0.3014672568102503,10.5,4.249182927993988,4.5,1.6,0.8,0.2,0.9,0.3,0.1,1.1,1.6,3.4,,1.1,1.3,,0.7,0.9,1.4,6.0,0.4366674991674991,0.2849143286885267,0.1513583638583638,0.2037057500038511,0.0759178321678321,0.1284155486730951,0.0173611111111111,0.0383519479763446,0.0856782106782106,0.1337191542722516,0.3189643689643689,0.1919999759580697,0.1301136363636363,0.1857692927863279,0.0943528693528693,0.0897329339026117,0.4705672383172382,0.230007303751298,,,,8.700666666666667,3.25365,1.1789928571428572,0.7073285714285714,0.3584428571428572,0.1553690476190476,0.1553690476190476,0.7768452380952381,5.139971428571429,4.4326428571428576,3.960978571428572,1.8863214285714287,0.3107380952380952,3.25365,1.1789928571428572,0.7073285714285714,0.3584428571428572,5.139971428571429,0.1553690476190476,0.1553690476190476,0.7768452380952381
3062679,Josh Hart,NYK,2026-05-29,0.0,4.0,2.0,4.0,12.0,6,11,6,1,3,2,0,2,2,5,,1,2,,4,7,3,20,24.0,0.25,0.4583333333333333,0.25,0.0416666666666666,0.125,0.2083333333333333,0.0833333333333333,0.0833333333333333,0.3283333333333333,0.0,30.666666666666668,5.859465277082317,14.666666666666666,8.0,6.0,2.6666666666666665,7.0,2.6666666666666665,0.0,2.333333333333333,5.666666666666667,12.666666666666666,,0.6666666666666666,1.3333333333333333,,2.0,6.0,3.333333333333333,13.666666666666666,0.4602453102453102,0.2875124066793516,0.2788961038961038,0.1696100843810578,0.2016594516594516,0.0543321661923497,0.0834415584415584,0.0594591344822281,0.2194444444444444,0.1055189995179032,0.3958513708513709,0.2188807351700497,0.0479797979797979,0.0430775810839191,0.0759740259740259,0.0424722539529091,0.4929365079365079,0.1851138543649647,30.4,4.219004621945796,14.8,8.0,4.6,2.6,6.4,2.0,0.2,2.0,5.6,11.8,,1.0,1.4,,1.4,6.6,2.6,9.6,0.4772595331994664,0.2129657842017536,0.2745679181774844,0.1237427057352395,0.1536986743327121,0.0831046684943653,0.0841027548647126,0.0562526543659506,0.2053040415276232,0.0787529603360061,0.3774440816876857,0.1568509451369358,0.0485876563184683,0.0322689046971758,0.0653841931150051,0.0349995377851087,0.4642068435828168,0.1379701056568474,31.9,6.29726572057711,12.2,7.6,4.4,1.8,5.1,1.7,0.2,2.2,4.8,10.2,,0.8,1.4,,1.1,6.5,2.4,13.2,0.3926144855844521,0.1930137881097407,0.246647465952249,0.098611367895436,0.1418033646203835,0.0710236575637773,0.0589109992919781,0.0493430749658014,0.1598561129679038,0.0734643740823923,0.3229851851069871,0.1320354846088551,0.0473565062219122,0.0293936691573966,0.0663699002353062,0.030853650723176,0.4101919480799347,0.1238890693609724,,,,30.583,13.38718125,8.222165624999999,4.560868749999999,2.130434375,1.7521510416666666,0.1592864583333333,2.2300104166666666,26.170215625,21.609346875,17.94805,12.783034374999998,1.9114375,13.38718125,8.222165624999999,4.560868749999999,2.130434375,26.170215625,1.7521510416666666,0.1592864583333333,2.2300104166666666
3136195,Karl-Anthony Towns,NYK,2026-05-29,0.0,4.0,2.0,4.0,12.0,19,14,3,3,3,2,2,2,8,11,,0,0,,2,12,4,25,26.0,0.7307692307692307,0.5384615384615384,0.1153846153846153,0.1153846153846153,0.1153846153846153,0.4230769230769231,0.0,0.0769230769230769,0.5,0.0,32.666666666666664,5.773502691896256,16.666666666666668,11.666666666666666,3.6666666666666665,2.333333333333333,3.6666666666666665,1.6666666666666667,1.0,0.6666666666666666,6.333333333333333,10.666666666666666,,1.6666666666666667,2.0,,1.6666666666666667,10.0,3.6666666666666665,22.0,0.5306267806267807,0.1867224708650914,0.3739316239316239,0.158508991686949,0.1125356125356125,0.0833698510096406,0.0754985754985755,0.044325805933053,0.1125356125356125,0.0278871395305582,0.3354700854700854,0.0865582440193551,0.0555555555555555,0.0555555555555558,0.0256410256410256,0.0444115591684327,0.3855555555555556,0.103393053232749,31.6,8.294576541331088,16.0,10.4,5.2,2.0,3.8,1.2,1.2,2.2,6.0,10.6,,2.0,2.4,,2.2,8.2,4.0,20.4,0.5533760683760685,0.2299046204136505,0.3293589743589744,0.1350584216789841,0.1925213675213675,0.1817941635611197,0.0702991452991453,0.041667762422585,0.1225213675213675,0.0255722010792976,0.3412820512820512,0.0617211497683824,0.0933333333333333,0.1243749806129397,0.0703846153846153,0.0737770108995892,0.4527333333333333,0.1192173966093916,29.3,6.896859188548556,15.3,10.5,6.2,1.5,3.1,1.2,1.2,2.4,5.2,9.1,,3.4,3.9,,2.4,8.1,3.8,16.8,0.5564473054178937,0.2153065060506775,0.3583325552443199,0.102959780697906,0.2324710311475017,0.135599292314498,0.0567944528238645,0.0517851910943948,0.1100516531398884,0.0627246123838807,0.320913835619718,0.113289233066703,0.1410536522301228,0.1422798222930068,0.084687387775623,0.0581307445894,0.4676648303765951,0.1247027366198997,,,,30.636333333333333,15.39529565217391,10.929669565217392,5.140735869565217,1.8590108695652168,0.9990108695652172,1.1655126811594203,1.998021739130435,31.46570108695652,26.324965217391306,20.53603152173913,16.070405434782607,2.164523550724637,15.39529565217391,10.929669565217392,5.140735869565217,1.8590108695652168,31.46570108695652,0.9990108695652172,1.1655126811594203,1.998021739130435
3147657,Mikal Bridges,NYK,2026-05-29,0.0,4.0,2.0,4.0,12.0,15,3,5,1,8,0,0,2,4,16,,6,6,,0,3,2,10,30.0,0.5,0.1,0.1666666666666666,0.0333333333333333,0.2666666666666666,0.5333333333333333,0.2,0.0666666666666666,0.6880000000000001,0.0,36.333333333333336,5.507570547286107,18.666666666666668,4.0,3.333333333333333,0.6666666666666666,3.333333333333333,1.3333333333333333,0.6666666666666666,1.3333333333333333,8.0,14.333333333333334,,2.0,2.0,,0.3333333333333333,3.6666666666666665,1.0,16.333333333333332,0.513034188034188,0.0459590499868722,0.1096153846153846,0.0402929362303018,0.0976495726495726,0.0609356605180423,0.0194444444444444,0.0173472166622177,0.1057692307692307,0.1393416355123092,0.405982905982906,0.118125100373099,0.0666666666666666,0.1154700538379251,0.0393162393162393,0.0349069706951489,0.4746324786324786,0.1968789035213377,35.8,6.340346993658943,17.2,4.2,3.4,0.8,3.2,1.8,0.4,1.6,7.4,12.8,,1.6,1.6,,0.4,3.8,1.4,18.4,0.4792490842490842,0.0565358687796263,0.1181501831501831,0.0319249472488149,0.1062087912087912,0.0808027701911957,0.0211904761904761,0.0209672566240826,0.0967948717948718,0.0996489750060349,0.3673992673992673,0.104411990231302,0.0495238095238095,0.0866090860524926,0.045018315018315,0.0288036491312572,0.4342080586080586,0.1504347747878456,33.5,6.2048368229954285,17.5,3.7,2.9,1.2,3.2,1.4,0.4,0.9,7.4,11.9,,1.5,1.5,,0.5,3.2,1.9,18.4,0.5269329031171136,0.166387519666545,0.1099707240496714,0.0446939728893703,0.0944035895351684,0.070639167126173,0.0382228657228657,0.0357771505309255,0.1015084416400205,0.0746174823733561,0.3594517015569646,0.0886674846589137,0.0456828256828256,0.0708259535531317,0.0262128612128612,0.0297254949148279,0.4057650060702692,0.1189982109756207,,,,35.109500000000004,17.57837638888889,3.8846333333333343,3.163475,0.9331583333333334,1.7879837962962963,0.325087962962963,1.300351851851852,24.626484722222223,21.463009722222225,20.74185138888889,7.048108333333334,2.113071759259259,17.57837638888889,3.8846333333333343,3.163475,0.9331583333333334,24.626484722222223,1.7879837962962963,0.325087962962963,1.300351851851852
3914044,Landry Shamet,NYK,2026-05-29,0.0,4.0,2.0,4.0,12.0,16,0,2,4,4,1,0,0,5,6,,2,2,,0,0,1,28,19.0,0.8421052631578947,0.0,0.1052631578947368,0.2105263157894736,0.2105263157894736,0.3157894736842105,0.1052631578947368,0.0,0.3621052631578947,0.0,20.666666666666668,6.658328118479394,10.0,1.6666666666666667,1.6666666666666667,2.6666666666666665,3.0,0.6666666666666666,0.0,0.6666666666666666,3.0,4.0,,1.3333333333333333,1.6666666666666667,,0.0,1.6666666666666667,2.6666666666666665,9.333333333333334,0.4473684210526316,0.42351255103766,0.1007936507936507,0.1447559000425466,0.0708020050125313,0.0613235375093587,0.1177944862155388,0.1074776022175015,0.1296992481203007,0.113453514385884,0.1870091896407686,0.1247755589166905,0.0708020050125313,0.0613235375093587,0.0238095238095238,0.0412393049421161,0.2419715956558062,0.155254282210608,18.0,6.324555320336758,10.2,1.2,1.0,3.0,3.6,0.4,0.0,0.4,3.2,4.6,,0.8,1.0,,0.0,1.2,2.0,13.2,0.5924852237545736,0.410581001033227,0.0722408963585434,0.1115270072608204,0.0424812030075188,0.0581735790584455,0.1786980821036548,0.1308030424324687,0.2222045756101483,0.1987443378442734,0.2865370645866002,0.2155572683835822,0.0424812030075188,0.0581735790584455,0.0142857142857142,0.031943828249997,0.3195145081956227,0.2084064168577338,15.5,7.472170590486631,7.4,1.0,0.8,1.9,2.8,0.4,0.0,0.5,2.4,3.9,,0.7,0.9,,0.2,0.8,1.7,9.8,0.4122682529029278,0.3706302379815734,0.0543255763843999,0.0843881247204953,0.062907268170426,0.0902246936744443,0.1120413487441351,0.1154104639700968,0.1926407493435357,0.1535073797727043,0.2580121220368898,0.1727719433349928,0.0366252168883747,0.0603825749135888,0.0231684981684981,0.0374104144000445,0.2972957156362729,0.1790310182374405,,,,18.759166666666665,10.583991379310344,1.3212715517241378,1.0091508620689655,2.7815129310344826,0.4851508620689655,0.0,0.646867816091954,12.914413793103448,11.905262931034482,11.59314224137931,2.3304224137931038,0.4851508620689655,10.583991379310344,1.3212715517241378,1.0091508620689655,2.7815129310344826,12.914413793103448,0.4851508620689655,0.0,0.646867816091954
3934672,Jalen Brunson,NYK,2026-05-29,0.0,4.0,2.0,4.0,12.0,15,2,5,2,5,0,0,0,6,14,,1,2,,1,1,0,16,31.0,0.4838709677419355,0.064516129032258,0.1612903225806451,0.064516129032258,0.1612903225806451,0.4516129032258064,0.064516129032258,0.0,0.48,0.0,37.333333333333336,5.507570547286102,21.33333333333333,2.6666666666666665,8.333333333333334,1.0,5.333333333333333,0.3333333333333333,0.0,2.333333333333333,7.666666666666667,16.333333333333332,,5.0,6.0,,0.3333333333333333,2.333333333333333,1.0,16.333333333333332,0.5635260949383688,0.1457167324854506,0.070895620246525,0.0055999988157445,0.2192105953317597,0.1135132960392562,0.0298387096774193,0.0325291032743527,0.1446170993968004,0.0413243016048901,0.4383425124573826,0.0337258270371328,0.1523996852871754,0.1227775108392481,0.057520325203252,0.0510753390956135,0.562918699186992,0.1115618403384891,37.2,7.463243262818117,24.8,3.4,7.4,2.0,6.4,0.8,0.0,2.0,9.2,19.0,,4.4,5.6,,0.6,2.8,2.0,19.0,0.6604759054102262,0.1686536403813334,0.0928479311541262,0.0326362656898072,0.2004704565779378,0.089330806739315,0.0651081947505509,0.0865778593607047,0.1842857875883908,0.1011381573728104,0.5105210354247401,0.1020038768230776,0.1349180720418705,0.118395708274441,0.0475556733828207,0.044968716170256,0.617440660505984,0.1266339683500029,36.0,6.091888960832355,27.4,2.9,7.1,2.1,6.2,0.9,0.0,1.8,9.9,19.1,,5.5,6.5,,0.4,2.5,1.9,20.6,0.763447179004808,0.2315848977781544,0.0807146714513285,0.0383945605727347,0.1986743542652814,0.0770043518512196,0.0645849823959609,0.0616395467088152,0.1797208554921678,0.0727208209241028,0.5295328789377429,0.0933697974483639,0.1731121395875242,0.093950577098205,0.0450725960130031,0.0373044757414361,0.6507748163692566,0.123685084917043,,,,36.51216666666667,24.478670089285718,3.299609821428571,7.402820535714286,1.9594058035714288,0.6520029761904763,0.0,2.119009672619048,35.18110044642857,27.77827991071429,31.881490625,10.702430357142855,0.6520029761904763,24.478670089285718,3.299609821428571,7.402820535714286,1.9594058035714288,35.18110044642857,0.6520029761904763,0.0,2.119009672619048
3934719,OG Anunoby,NYK,2026-05-29,0.0,4.0,2.0,4.0,10.0,17,7,4,1,5,2,0,1,6,13,,4,4,,3,4,4,14,27.0,0.6296296296296297,0.2592592592592592,0.1481481481481481,0.037037037037037,0.1851851851851851,0.4814814814814814,0.1481481481481481,0.037037037037037,0.5837037037037037,0.0,30.0,2.645751311064601,17.333333333333332,6.0,3.6666666666666665,2.0,4.333333333333333,1.0,1.0,0.6666666666666666,5.666666666666667,10.333333333333334,,4.0,4.0,,1.6666666666666667,4.333333333333333,3.0,15.666666666666666,0.5815163281561131,0.1269901237914459,0.2033552369573874,0.0698886968961525,0.1236434687375547,0.027596538157797,0.065437076861808,0.0299766873150538,0.146405814416567,0.0336443825055859,0.3513540422142572,0.1183927799770371,0.1347321784149741,0.066546308110049,0.0230983671843886,0.0201459814734237,0.4337345679012345,0.1531979724735434,32.2,3.70135110466435,17.8,5.6,3.0,1.8,5.2,1.6,0.8,0.6,5.6,11.4,,4.8,5.2,,1.4,4.2,3.0,14.8,0.5551101148586917,0.1350364263314757,0.1784519339073418,0.0601898161053108,0.0967615979356966,0.0416961452587102,0.0559554098690721,0.026339560760086,0.1609754441348369,0.0313720663147677,0.3556454936910345,0.1085544825969959,0.1612844580823707,0.0886626657660953,0.0197413732518096,0.0182261326985968,0.4463520284990873,0.1135992580926414,32.55555555555556,4.390646624106497,19.444444444444443,6.444444444444445,2.2222222222222223,2.2222222222222223,4.777777777777778,1.6666666666666667,0.8888888888888888,0.6666666666666666,6.666666666666667,11.444444444444445,,3.888888888888889,4.444444444444445,,1.1111111111111112,5.333333333333333,2.555555555555556,19.55555555555556,0.6094821037868687,0.2007838123002156,0.1985814682789171,0.0708460832598609,0.071642980628591,0.0441775739552966,0.0696371912558925,0.0354765909170181,0.1477200439197065,0.0509724081489801,0.3546648980235318,0.1116286493176474,0.1390145872356498,0.0784444999990124,0.0211526147695238,0.0232376934690098,0.4369839311767416,0.1148052431723722,,,,30.89022222222222,16.863028673835124,5.87733835125448,3.220872401433692,1.7760594982078852,0.996458781362007,0.7473440860215054,0.7473440860215054,25.961239426523296,22.740367025089604,20.083901075268816,9.098210752688171,1.7438028673835124,16.863028673835124,5.87733835125448,3.220872401433692,1.7760594982078852,25.961239426523296,0.996458781362007,0.7473440860215054,0.7473440860215054
4277869,Jose Alvarado,NYK,2026-05-29,0.0,4.0,2.0,4.0,12.0,4,0,2,0,1,2,0,2,2,3,,0,0,,0,0,1,21,10.0,0.4,0.0,0.2,0.0,0.1,0.3,0.0,0.2,0.5,0.0,7.333333333333333,3.055050463303893,2.0,0.3333333333333333,1.0,0.0,1.3333333333333333,0.6666666666666666,0.3333333333333333,1.0,1.0,2.333333333333333,,0.0,0.0,,0.0,0.3333333333333333,0.6666666666666666,5.333333333333333,0.3,0.2645751311064589,0.0416666666666666,0.0721687836487031,0.1083333333333333,0.1010362971081844,0.0,0.0,0.2416666666666667,0.2240721609958125,0.3916666666666666,0.322425702035885,0.0,0.0,0.15,0.1322875655532295,0.5416666666666666,0.4389855730355308,7.8,2.4899799195977463,3.4,1.0,0.8,0.2,1.4,0.6,0.2,0.8,1.6,3.2,,0.0,0.0,,0.0,1.0,0.4,5.6,0.4342857142857143,0.2662283813202645,0.1135714285714285,0.1240371076800513,0.085,0.0858778201865883,0.02,0.0447213595499958,0.2135714285714285,0.1642934780774194,0.4407142857142857,0.2452820117866829,0.0,0.0,0.11,0.1140175425099138,0.5507142857142858,0.3251412565865702,8.2,2.201009869229224,4.3,0.9,0.9,0.7,1.7,0.6,0.2,0.6,1.7,3.2,,0.2,0.2,,0.0,0.9,0.7,5.0,0.4959126984126983,0.2547003646682837,0.0988492063492063,0.0993608056876306,0.1048015873015872,0.092569621111175,0.0788492063492063,0.0702320043393786,0.2204761904761904,0.1252608766774427,0.3927777777777778,0.2070302152733102,0.0166666666666666,0.0527046276694729,0.0776190476190476,0.0940481213569065,0.4777301587301586,0.2754994273901771,,,,7.987166666666667,3.339276595744681,0.7618191489361703,0.8318553191489362,0.2879276595744681,0.5098191489361703,0.1699397163120567,0.6797588652482269,4.932951063829787,4.101095744680851,4.171131914893618,1.5936744680851065,0.679758865248227,3.339276595744681,0.7618191489361703,0.8318553191489362,0.2879276595744681,4.932951063829787,0.5098191489361703,0.1699397163120567,0.6797588652482269
4351852,Mitchell Robinson,NYK,2026-05-29,0.0,4.0,2.0,4.0,12.0,8,10,0,0,0,1,0,2,4,6,,0,2,,5,5,1,14,18.0,0.4444444444444444,0.5555555555555556,0.0,0.0,0.0,0.3333333333333333,0.1111111111111111,0.1111111111111111,0.4933333333333333,0.0,13.0,4.582575694955839,4.666666666666667,5.666666666666667,0.0,0.0,0.0,0.3333333333333333,0.3333333333333333,1.0,2.333333333333333,3.0,,0.0,2.0,,2.333333333333333,3.333333333333333,1.6666666666666667,3.0,0.3333333333333333,0.1111111111111111,0.4074074074074074,0.1283000598199168,0.0,0.0,0.0,0.0,0.0,0.0,0.2037037037037037,0.1156481110814518,0.1481481481481481,0.169725025739105,0.0648148148148148,0.0578240555407259,0.3337037037037036,0.1987377865905978,13.8,3.492849839314598,4.8,5.8,0.2,0.0,0.0,0.6,0.2,0.6,2.0,3.2,,0.8,3.6,,3.0,2.8,1.6,3.0,0.3321428571428572,0.0846875974746998,0.4051587301587301,0.0927290189199768,0.0142857142857142,0.0319438282499969,0.0,0.0,0.0,0.0,0.215079365079365,0.0841980831632456,0.2531746031746031,0.2190893105021704,0.0388888888888888,0.0541488574711609,0.3653650793650794,0.1517394897972191,12.5,5.582711408148075,4.5,4.8,0.2,0.0,0.0,0.4,0.5,0.5,1.8,2.6,,0.9,3.4,,2.1,2.7,1.7,8.5,0.3608152325257588,0.1466053887684834,0.3759166434605031,0.0757569925444947,0.0171957671957671,0.0342513422651429,0.0,0.0,0.0,0.0,0.2041620254339552,0.0884987959399107,0.2522509978650329,0.1906268405563205,0.0354938271604938,0.0542872194424008,0.3506462916550636,0.1189837185927326,,,,14.187833333333334,4.974056818181818,5.861732954545454,0.1407352272727272,0.0,0.6449015151515152,0.3224507575757576,0.4836761363636364,10.976525,10.835789772727273,5.1147920454545455,6.002468181818181,0.9673522727272728,4.974056818181818,5.861732954545454,0.1407352272727272,0.0,10.976525,0.6449015151515152,0.3224507575757576,0.4836761363636364
4395623,Trey Jemison III,NYK,2026-05-29,0.0,19.0,0.0,0.0,2.0,0,0,0,0,0,0,0,0,0,0,,0,0,,0,0,0,0,0.0,,,,,,,,,,0.0,0.0,,0.0,0.0,0.0,0.0,0.0,0.0,0.0,0.0,0.0,0.0,,0.0,0.0,,0.0,0.0,0.0,0.0,,,,,,,,,,,,,,,,,,,0.0,,0.0,0.0,0.0,0.0,0.0,0.0,0.0,0.0,0.0,0.0,,0.0,0.0,,0.0,0.0,0.0,0.0,,,,,,,,,,,,,,,,,,,0.0,,0.0,0.0,0.0,0.0,0.0,0.0,0.0,0.0,0.0,0.0,,0.0,0.0,,0.0,0.0,0.0,0.0,,,,,,,,,,,,,,,,,,,,,,8.0,0.0,0.0,0.0,0.0,0.176,0.144,0.48,0.0,0.0,0.0,0.0,0.3199999999999999,0.0,0.0,0.0,0.0,0.0,0.176,0.144,0.48
4411057,Kevin McCullar Jr.,NYK,2026-05-29,0.0,19.0,0.0,0.0,2.0,0,0,0,0,0,0,0,0,0,0,,0,0,,0,0,0,0,0.0,,,,,,,,,,0.0,0.0,,0.0,0.0,0.0,0.0,0.0,0.0,0.0,0.0,0.0,0.0,,0.0,0.0,,0.0,0.0,0.0,0.0,,,,,,,,,,,,,,,,,,,0.0,,0.0,0.0,0.0,0.0,0.0,0.0,0.0,0.0,0.0,0.0,,0.0,0.0,,0.0,0.0,0.0,0.0,,,,,,,,,,,,,,,,,,,0.0,,0.0,0.0,0.0,0.0,0.0,0.0,0.0,0.0,0.0,0.0,,0.0,0.0,,0.0,0.0,0.0,0.0,,,,,,,,,,,,,,,,,,,,,,8.0,0.0,0.0,0.0,0.0,0.176,0.144,0.48,0.0,0.0,0.0,0.0,0.3199999999999999,0.0,0.0,0.0,0.0,0.0,0.176,0.144,0.48
4431823,Miles McBride,NYK,2026-05-29,0.0,4.0,2.0,4.0,12.0,11,2,2,3,5,3,0,0,4,6,,0,0,,0,2,1,25,17.0,0.6470588235294118,0.1176470588235294,0.1176470588235294,0.1764705882352941,0.2941176470588235,0.3529411764705882,0.0,0.0,0.3529411764705882,0.0,15.0,1.7320508075688772,7.0,2.0,1.6666666666666667,1.6666666666666667,4.333333333333333,1.0,0.3333333333333333,0.0,2.333333333333333,6.0,,0.6666666666666666,0.6666666666666666,,1.0,1.0,1.6666666666666667,7.666666666666667,0.453781512605042,0.1673830612356478,0.134453781512605,0.1435967016019753,0.1106442577030812,0.1073143571680141,0.1064425770308123,0.0606460366795825,0.2885154061624649,0.1429395050103425,0.4033613445378152,0.2186893055407245,0.0476190476190476,0.0824786098842322,0.0,0.0,0.4243137254901961,0.1930214114005096,18.2,6.220932405998316,9.2,2.4,1.2,2.4,4.6,0.8,0.2,0.0,2.8,5.8,,1.2,1.2,,1.0,1.4,2.0,12.2,0.4446827006664735,0.3271989233904267,0.1317878875688206,0.1018565752481177,0.0781512605042017,0.0903898609043687,0.1121414082874529,0.095827246052261,0.2469429150970733,0.1461650830424689,0.3227470298464213,0.2152261560348371,0.0561576354679802,0.0769167300267264,0.0,0.0,0.3474563894523326,0.2114921223404582,17.9,5.216427044549853,6.4,1.7,1.2,1.7,4.2,0.6,0.3,0.2,2.0,5.3,,0.7,0.8,,0.6,1.1,2.0,10.3,0.33567468366657,0.276257623944806,0.095655848546315,0.0891979349034443,0.0708613445378151,0.0686933381800583,0.0880945136675359,0.0761311993399127,0.2375786004056795,0.1137989457191858,0.301254467304163,0.1518485627551579,0.0376026272577996,0.0617916324400717,0.0097619047619047,0.0205875524699867,0.3275615280594997,0.1459344338628493,,,,17.583333333333336,7.915625,1.962357142857143,1.3375714285714286,2.076553571428571,0.6279761904761906,0.4709821428571429,0.0,11.215553571428572,9.877982142857142,9.253196428571428,3.2999285714285715,1.0989583333333337,7.915625,1.962357142857143,1.3375714285714286,2.076553571428571,11.215553571428572,0.6279761904761906,0.4709821428571429,0.0
4433225,Tyler Kolek,NYK,2026-05-29,0.0,4.0,2.0,4.0,12.0,8,1,1,2,3,0,0,0,3,7,,0,0,,1,0,0,2,8.0,1.0,0.125,0.125,0.25,0.375,0.875,0.0,0.0,0.875,0.0,3.0,4.358898943540674,2.6666666666666665,0.3333333333333333,0.3333333333333333,0.6666666666666666,1.0,0.0,0.0,0.0,1.0,2.333333333333333,,0.0,0.0,,0.3333333333333333,0.0,0.0,0.0,0.5,0.7071067811865476,0.0625,0.0883883476483184,0.0625,0.0883883476483184,0.125,0.1767766952966369,0.1875,0.2651650429449553,0.4375,0.6187184335382291,0.0,0.0,0.0,0.0,0.4375,0.6187184335382291,4.4,5.856620185738529,2.4,0.8,0.6,0.4,1.0,0.0,0.0,0.2,1.0,2.4,,0.0,0.0,,0.2,0.6,0.2,-1.4,0.4358974358974359,0.5121790860368763,0.1185897435897436,0.115518085198334,0.0929487179487179,0.0817778898857248,0.0833333333333333,0.1443375672974064,0.1762820512820513,0.188504050673495,0.4198717948717949,0.4385641467882734,0.0,0.0,0.0256410256410256,0.0444115591684327,0.4455128205128205,0.4377200770786189,4.9,5.279941077112299,2.6,0.6,1.2,0.4,0.9,0.0,0.0,0.3,1.0,2.4,,0.2,0.2,,0.1,0.5,0.2,-0.1,0.3725274725274725,0.4109415067255254,0.1103479853479853,0.1301910444519026,0.2279304029304029,0.2389463689608988,0.0642857142857143,0.1107334852784141,0.1279304029304029,0.1399452874480389,0.4299450549450549,0.2595852346863865,0.0238095238095238,0.0629940788348712,0.0371794871794871,0.0468782187148262,0.4776007326007326,0.2682498074669134,,,,7.3,3.534,0.99,0.8274999999999999,0.6529999999999999,0.0,0.0,0.3041666666666666,5.3515,4.524,4.3615,1.8175,0.0,3.534,0.99,0.8274999999999999,0.6529999999999999,5.3515,0.0,0.0,0.3041666666666666
4610139,Jeremy Sochan,NYK,2026-05-29,0.0,4.0,2.0,4.0,12.0,0,0,0,0,0,0,0,0,0,0,,0,0,,0,0,0,0,0.0,,,,,,,,,,0.0,0.0,0.0,0.0,0.0,0.0,0.0,0.0,0.0,0.0,0.0,0.0,0.0,,0.0,0.0,,0.0,0.0,0.0,0.0,,,,,,,,,,,,,,,,,,,1.8,4.024922359499621,1.0,0.4,0.4,0.0,0.0,0.0,0.2,0.2,0.2,0.2,,0.6,0.8,,0.2,0.2,0.2,-2.8,0.5555555555555556,,0.2222222222222222,,0.2222222222222222,,0.0,,0.0,,0.1111111111111111,,0.4444444444444444,,0.1111111111111111,,0.4177777777777777,,2.2,3.259175083088085,2.0,0.5,0.2,0.1,0.2,0.1,0.1,0.1,0.7,0.8,,0.5,0.8,,0.1,0.4,0.2,-1.4,0.992063492063492,1.3299749844676214,0.311111111111111,0.4112612338515944,0.0444444444444444,0.0993807989999906,0.0666666666666666,0.1490711984999859,0.0952380952380952,0.1467717619754518,0.3746031746031746,0.5639501826544602,0.4222222222222222,0.4331908597692873,0.0222222222222222,0.0496903994999953,0.5826031746031746,0.6125201813305118,,,,7.125,0.75,0.24,0.18,0.02,0.15675,0.12825,0.4275,1.17,0.99,0.93,0.42,0.285,0.75,0.24,0.18,0.02,1.17,0.15675,0.12825,0.4275
4702159,Dillon Jones,NYK,2026-05-29,0.0,19.0,0.0,0.0,2.0,0,0,0,0,0,0,0,0,0,0,,0,0,,0,0,0,0,0.0,,,,,,,,,,0.0,0.0,,0.0,0.0,0.0,0.0,0.0,0.0,0.0,0.0,0.0,0.0,,0.0,0.0,,0.0,0.0,0.0,0.0,,,,,,,,,,,,,,,,,,,0.0,,0.0,0.0,0.0,0.0,0.0,0.0,0.0,0.0,0.0,0.0,,0.0,0.0,,0.0,0.0,0.0,0.0,,,,,,,,,,,,,,,,,,,0.0,,0.0,0.0,0.0,0.0,0.0,0.0,0.0,0.0,0.0,0.0,,0.0,0.0,,0.0,0.0,0.0,0.0,,,,,,,,,,,,,,,,,,,,,,8.0,0.0,0.0,0.0,0.0,0.176,0.144,0.48,0.0,0.0,0.0,0.0,0.3199999999999999,0.0,0.0,0.0,0.0,0.0,0.176,0.144,0.48
4871141,Ariel Hukporti,NYK,2026-05-29,0.0,4.0,2.0,4.0,12.0,2,5,1,0,0,1,0,0,1,1,,0,0,,2,3,1,2,8.0,0.25,0.625,0.125,0.0,0.0,0.125,0.0,0.0,0.125,0.0,2.6666666666666665,4.618802153517007,0.6666666666666666,1.6666666666666667,0.3333333333333333,0.0,0.0,0.3333333333333333,0.0,0.0,0.3333333333333333,0.3333333333333333,,0.0,0.0,,0.6666666666666666,1.0,0.3333333333333333,0.6666666666666666,0.25,,0.625,,0.125,,0.0,,0.0,,0.125,,0.0,,0.0,,0.125,,4.8,7.155417527999327,1.4,1.8,0.4,0.0,0.2,0.2,0.0,0.2,0.4,1.0,,0.6,1.2,,0.8,1.0,1.2,0.0,0.28125,0.0441941738241592,0.4375,0.2651650429449553,0.09375,0.0441941738241592,0.0,0.0,0.03125,0.0441941738241592,0.1875,0.0883883476483184,0.1875,0.2651650429449553,0.03125,0.0441941738241592,0.30125,0.249255140368258,6.6,6.535373831014651,1.7,2.8,0.2,0.0,0.1,0.2,0.4,0.4,0.5,1.0,,0.7,1.5,,1.1,1.7,1.7,1.2,0.1989045618247298,0.1377515398400496,0.4523309323729491,0.158912473809614,0.0267857142857142,0.0491747370293402,0.0,0.0,0.0089285714285714,0.0236227795630767,0.1316026410564225,0.1604184704174277,0.228641456582633,0.2806513977574625,0.041141456582633,0.0623109129581244,0.2733463385354142,0.1735796849725691,,,,8.35,1.830888888888889,2.831555555555556,0.5431111111111111,0.0,0.3092592592592592,0.0,0.3092592592592592,5.205555555555556,4.662444444444445,2.374,3.3746666666666667,0.3092592592592592,1.830888888888889,2.831555555555556,0.5431111111111111,0.0,5.205555555555556,0.3092592592592592,0.0,0.3092592592592592
5211983,Pacome Dadiet,NYK,2026-05-29,0.0,4.0,2.0,4.0,12.0,6,1,0,1,2,1,0,0,2,4,,1,2,,1,0,0,2,7.0,0.8571428571428571,0.1428571428571428,0.0,0.1428571428571428,0.2857142857142857,0.5714285714285714,0.2857142857142857,0.0,0.6971428571428572,0.0,2.6666666666666665,3.785938897200182,2.0,0.3333333333333333,0.0,0.3333333333333333,1.0,0.3333333333333333,0.0,0.0,0.6666666666666666,1.6666666666666667,,0.3333333333333333,0.6666666666666666,,0.3333333333333333,0.0,0.0,0.0,0.4285714285714285,0.6060915267313264,0.0714285714285714,0.101015254455221,0.0,0.0,0.0714285714285714,0.101015254455221,0.6428571428571428,0.5050762722761053,0.7857142857142857,0.3030457633656632,0.1428571428571428,0.2020305089104421,0.0,0.0,0.8485714285714285,0.2141523394450686,4.0,5.338539126015656,2.2,0.8,0.2,0.4,0.8,0.2,0.0,0.2,0.8,1.8,,0.2,0.4,,0.2,0.6,0.0,-1.8,0.4246031746031746,0.4286265396664382,0.1309523809523809,0.125424449438723,0.0277777777777777,0.0481125224324688,0.0753968253968253,0.071758497301687,0.4563492063492063,0.4815668713164441,0.6349206349206349,0.3378380421236946,0.0952380952380952,0.1649572197684645,0.0277777777777777,0.0481125224324687,0.7046031746031747,0.2917382160377706,4.0,4.521553322083512,2.0,0.7,0.3,0.3,0.8,0.2,0.0,0.2,0.8,1.6,,0.1,0.2,,0.2,0.5,0.1,-0.3,0.334750566893424,0.3444936522422875,0.161281179138322,0.1726255635124373,0.0436507936507936,0.0846457500305616,0.0501700680272108,0.0650107140256714,0.2650226757369615,0.3535271432140593,0.391156462585034,0.3482645514817867,0.0408163265306122,0.1079898494312077,0.0833333333333333,0.1863389981249824,0.4924489795918367,0.3090815434423521,,,,7.125,3.2055,1.239590909090909,0.2463181818181818,0.5686363636363636,0.3238636363636363,0.0,0.6477272727272727,4.69140909090909,4.445090909090909,3.4518181818181817,1.4859090909090908,0.3238636363636363,3.2055,1.239590909090909,0.2463181818181818,0.5686363636363636,4.69140909090909,0.3238636363636363,0.0,0.6477272727272727
5289900,Mohamed Diawara,NYK,2026-05-29,0.0,4.0,2.0,4.0,12.0,0,3,2,0,0,0,0,1,0,0,,0,0,,0,3,1,2,8.0,0.0,0.375,0.25,0.0,0.0,0.0,0.0,0.125,0.125,0.0,2.6666666666666665,4.618802153517007,0.0,1.0,0.6666666666666666,0.0,0.0,0.0,0.0,0.3333333333333333,0.0,0.0,,0.0,0.0,,0.0,1.0,0.3333333333333333,0.6666666666666666,0.0,,0.375,,0.25,,0.0,,0.0,,0.0,,0.0,,0.125,,0.125,,3.4,4.6690470119715,0.0,0.6,0.4,0.0,0.4,0.0,0.0,0.2,0.0,0.6,,0.0,0.0,,0.0,0.6,0.4,-2.4,0.0,0.0,0.1875,0.2651650429449553,0.1249999999999999,0.1767766952966369,0.0,0.0,0.1111111111111111,0.1571348402636772,0.1666666666666666,0.2357022603955158,0.0,0.0,0.0625,0.0883883476483184,0.2291666666666666,0.1473139127471973,3.9,4.771442828607157,0.7,0.9,0.5,0.1,0.6,0.1,0.0,0.3,0.3,1.0,,0.0,0.0,,0.1,0.8,0.3,-0.7,0.1583333333333333,0.2706730294818619,0.1916666666666666,0.1806623615723233,0.1083333333333333,0.1086533734200441,0.025,0.0559016994374947,0.1277777777777777,0.1204415743815488,0.2083333333333333,0.1909406539564933,0.0,0.0,0.1416666666666666,0.2074983266331455,0.35,0.1400644692830968,,,,7.416666666666666,0.0559999999999999,1.1586315789473685,0.7644210526315789,0.008,0.0,0.0,0.7807017543859648,1.9790526315789476,1.2146315789473685,0.8204210526315789,1.9230526315789476,0.0,0.0559999999999999,1.1586315789473685,0.7644210526315789,0.008,1.9790526315789476,0.0,0.0,0.7807017543859648
2991350,Alex Caruso,OKC,2026-05-29,0.0,1.0,4.0,6.0,11.0,7,0,0,1,3,1,0,0,3,7,,0,0,,0,0,1,-4,21.0,0.3333333333333333,0.0,0.0,0.0476190476190476,0.1428571428571428,0.3333333333333333,0.0,0.0,0.3333333333333333,0.0,21.0,7.0,9.666666666666666,1.3333333333333333,2.333333333333333,1.6666666666666667,3.6666666666666665,1.3333333333333333,0.6666666666666666,0.6666666666666666,2.6666666666666665,6.0,,2.6666666666666665,2.6666666666666665,,0.3333333333333333,1.0,2.333333333333333,-2.6666666666666665,0.373015873015873,0.3943574047239633,0.0714285714285714,0.0714285714285714,0.0952380952380952,0.1091089451179961,0.0634920634920634,0.0727392967453307,0.1428571428571428,0.1428571428571428,0.2539682539682539,0.1585316218685568,0.0952380952380952,0.1649572197684644,0.0238095238095238,0.0412393049421161,0.3196825396825396,0.2417178380416166,22.4,5.319774431308154,12.2,2.0,2.6,2.2,4.0,1.4,0.6,0.6,3.4,6.4,,3.2,3.6,,0.6,1.4,2.2,7.6,0.4848095238095237,0.3187011444929776,0.0918571428571428,0.0577635927991085,0.1054761904761904,0.096346231747184,0.087095238095238,0.0607717748365147,0.1593809523809523,0.1049192000958492,0.2667142857142857,0.1135242988963565,0.1391428571428571,0.1350268302892398,0.0226190476190476,0.0327110277715097,0.3505561904761904,0.1791104380174497,22.8,4.894441291460708,11.7,2.4,2.3,2.4,5.1,1.6,0.5,0.7,3.8,7.5,,1.7,2.1,,0.3,2.1,2.3,8.8,0.4579161255411256,0.2971337328064536,0.1085422077922078,0.0555208147523704,0.0985903679653679,0.0757601787521787,0.0917294372294372,0.0776165771540189,0.2038950216450216,0.1118152398239747,0.3068230519480519,0.1275794575608207,0.0789464285714285,0.1136252758067244,0.0266504329004328,0.0293904322953945,0.3682099134199134,0.1697914833639159,,,,22.34,11.934903225806451,1.9291612903225803,2.0530967741935484,2.3454193548387097,1.681505376344086,0.6005376344086022,0.7206451612903225,15.91716129032258,13.864064516129032,13.988,3.9822580645161287,2.2820430107526883,11.934903225806451,1.9291612903225803,2.0530967741935484,2.3454193548387097,15.91716129032258,1.681505376344086,0.6005376344086022,0.7206451612903225
3133626,Kenrich Williams,OKC,2026-05-29,0.0,1.0,4.0,6.0,11.0,7,6,2,1,4,0,0,1,2,8,,2,2,,1,5,1,-6,15.0,0.4666666666666667,0.4,0.1333333333333333,0.0666666666666666,0.2666666666666666,0.5333333333333333,0.1333333333333333,0.0666666666666666,0.6586666666666667,0.0,16.666666666666668,5.686240703077329,8.333333333333334,4.666666666666667,1.6666666666666667,1.6666666666666667,3.333333333333333,0.3333333333333333,0.0,0.6666666666666666,2.6666666666666665,6.0,,1.3333333333333333,1.3333333333333333,,0.6666666666666666,4.0,2.0,-1.0,0.5227053140096619,0.1256893057594826,0.2891304347826087,0.0973903338460961,0.0879227053140096,0.0761570875321296,0.1067632850241546,0.0528604852784358,0.202415458937198,0.0557610147436845,0.3625603864734299,0.150369448640693,0.0734299516908212,0.0676880382150222,0.0367149758454106,0.0338440191075111,0.4315845410628019,0.2080976543847011,10.4,9.50263121456368,6.0,3.0,1.0,1.2,2.2,0.2,0.0,0.4,2.0,4.0,,0.8,0.8,,0.6,2.4,1.2,-0.6,1.0170289855072463,0.9939594742910504,0.3418478260869565,0.1320596259328046,0.0659420289855072,0.0761524907560559,0.2050724637681159,0.2012997742269715,0.2768115942028986,0.1556020574415814,0.5219202898550724,0.3415498440143543,0.0550724637681159,0.0663508587957078,0.0275362318840579,0.0331754293978539,0.5736884057971015,0.3311250357945963,5.9,7.964504588066563,3.0,1.5,0.5,0.6,1.4,0.1,0.0,0.2,1.0,2.3,,0.4,0.4,,0.3,1.2,0.7,-0.3,0.581159420289855,0.8885413361707806,0.1953416149068323,0.2052033761926547,0.0376811594202898,0.0643582704671725,0.1171842650103519,0.1796564291145163,0.3248447204968944,0.2362591913493407,0.4649068322981366,0.3217265788187051,0.0314699792960662,0.0553875697133116,0.0157349896480331,0.0276937848566558,0.4944886128364389,0.3235780283651591,,,,11.6955,6.327618181818181,3.3738090909090905,1.1379363636363635,1.2415236363636362,0.2126454545454545,0.0,0.4252909090909091,10.839363636363636,9.701427272727273,7.465554545454545,4.511745454545454,0.2126454545454545,6.327618181818181,3.3738090909090905,1.1379363636363635,1.2415236363636362,10.839363636363636,0.2126454545454545,0.0,0.4252909090909091
4222252,Isaiah Hartenstein,OKC,2026-05-29,0.0,1.0,4.0,6.0,11.0,10,5,3,0,0,0,0,0,5,10,,0,0,,3,2,3,-25,16.0,0.625,0.3125,0.1875,0.0,0.0,0.625,0.0,0.0,0.625,0.0,21.666666666666668,8.144527815247079,11.333333333333334,9.0,3.333333333333333,0.0,0.0,0.0,0.3333333333333333,1.3333333333333333,5.666666666666667,9.666666666666666,,0.0,0.0,,3.6666666666666665,5.333333333333333,3.333333333333333,-5.666666666666667,0.5595878136200717,0.1508273741388133,0.3950866188769414,0.0858534276482627,0.1610663082437275,0.0296334645731413,0.0,0.0,0.0,0.0,0.4980585424133811,0.2079569061074228,0.0,0.0,0.0507765830346475,0.04856377320598,0.5488351254480287,0.1692926010688598,22.6,6.268971207462993,9.8,9.6,3.4,0.0,0.2,0.0,0.2,1.8,4.6,8.2,,0.6,1.2,,3.8,5.8,3.8,-4.2,0.4574458098651647,0.1819983282007192,0.4095387438129373,0.0730772732596261,0.1569572452636968,0.0354694422913296,0.0,0.0,0.0095238095238095,0.0212958854999979,0.396189622802526,0.2061071765268944,0.0486772486772486,0.0692293216245338,0.0717357910906298,0.0451041003401045,0.4893434033111452,0.1536010428394852,23.6,6.535373831014651,8.6,8.7,3.1,0.0,0.1,0.8,0.6,1.8,3.9,6.2,,0.8,1.2,,3.0,5.7,3.1,4.3,0.3709934289127837,0.167165694394619,0.3555159156852705,0.0921246208867799,0.1391577487625874,0.0530838174133528,0.0,0.0,0.0047619047619047,0.0150584650484208,0.2775167264038232,0.1905315086091164,0.0561481481481481,0.0656352223985351,0.0715224441030892,0.0461376443036942,0.3737443556920976,0.1662743627471343,,,,22.0445,8.908128260869564,8.3800125,3.1729902173913045,0.0,0.5990353260869565,0.3594211956521739,2.036720108695652,20.46113097826087,17.288140760869563,12.08111847826087,11.553002717391305,0.9584565217391304,8.908128260869564,8.3800125,3.1729902173913045,0.0,20.46113097826087,0.5990353260869565,0.3594211956521739,2.036720108695652
4278073,Shai Gilgeous-Alexander,OKC,2026-05-29,0.0,1.0,4.0,6.0,11.0,15,1,4,0,5,0,0,2,6,18,,3,3,,0,1,1,-28,28.0,0.5357142857142857,0.0357142857142857,0.1428571428571428,0.0,0.1785714285714285,0.6428571428571429,0.1071428571428571,0.0714285714285714,0.7614285714285715,0.0,32.0,4.582575694955834,22.0,2.333333333333333,6.666666666666667,0.6666666666666666,3.0,1.3333333333333333,0.3333333333333333,4.0,6.333333333333333,17.333333333333332,,8.666666666666666,9.0,,0.0,2.333333333333333,2.333333333333333,-12.666666666666666,0.6711607921285342,0.1721350747643236,0.0729335326109519,0.0494407425492869,0.2039689459044298,0.0536376712708314,0.018018018018018,0.0312081226588987,0.0973035247228795,0.0744934620190131,0.5467472080375306,0.0845429465314973,0.2641362560717399,0.1792585493062136,0.1208743305517499,0.0459136140793811,0.783841491260846,0.0850348138404096,34.0,4.301162633521313,24.4,2.6,8.2,0.8,3.2,1.0,0.8,3.0,7.4,18.6,,8.8,9.0,,0.0,2.6,2.8,-2.6,0.7050356565636701,0.1324090686110303,0.0759238622566296,0.0393422878345568,0.2364164552619561,0.0676490661100756,0.0219219219219219,0.0300225215838494,0.0963938107401604,0.0539027174304554,0.548808558740647,0.082195150847731,0.2567273676781317,0.1414817062135238,0.0888988673368978,0.0554793401512099,0.7506674678559229,0.0776469276537812,35.6,6.669999167083073,24.4,2.5,7.8,1.1,3.8,1.4,0.9,3.4,7.7,18.6,,7.9,8.8,,0.2,2.3,2.4,0.3,0.6890172112518063,0.1500021582482296,0.0713867416119488,0.0353241388103459,0.213808901466946,0.0722170234289458,0.0301089698148521,0.03105204437634,0.1069623556061187,0.0580431071691692,0.525804349888041,0.0791730646170822,0.2463986880505406,0.1234771239045434,0.0967597703905503,0.0531493352369926,0.7309795430208293,0.0767762402506192,,,,34.15175,23.17480614334471,2.37264180887372,7.707472696245734,0.9793532423208192,1.3987064846416382,0.8159121160409557,2.7974129692832763,33.254920648464164,25.54744795221843,30.882278839590445,10.080114505119454,2.214618600682594,23.17480614334471,2.37264180887372,7.707472696245734,0.9793532423208192,33.254920648464164,1.3987064846416382,0.8159121160409557,2.7974129692832763
4395702,Isaiah Joe,OKC,2026-05-29,0.0,1.0,4.0,6.0,11.0,3,4,2,1,4,0,0,1,1,4,,0,0,,3,1,2,-6,16.0,0.1875,0.25,0.125,0.0625,0.25,0.25,0.0,0.0625,0.3125,0.0,12.333333333333334,9.073771725877464,4.666666666666667,3.0,1.3333333333333333,1.0,3.6666666666666665,1.0,0.3333333333333333,0.6666666666666666,1.6666666666666667,4.333333333333333,,0.3333333333333333,0.3333333333333333,,1.0,2.0,1.0,-1.3333333333333333,0.2554824561403508,0.2954001093560589,0.1710526315789473,0.1482819430208506,0.0767543859649123,0.0671997958159849,0.0559210526315789,0.0529390688797075,0.2061403508771929,0.1880858038806277,0.2412280701754385,0.2369639063024578,0.0175438596491228,0.0303868562731381,0.0383771929824561,0.0335998979079924,0.2873245614035087,0.2756005886085271,11.2,6.610597552415364,3.4,1.8,1.2,0.8,2.8,0.6,0.2,0.4,1.2,3.4,,0.2,0.2,,0.6,1.2,1.2,-1.0,0.2199561403508772,0.2447161100757871,0.1026315789473684,0.1406110527093952,0.0882748538011695,0.0502214156367297,0.0557748538011695,0.0542634541832916,0.185906432748538,0.1394397202629804,0.2269590643274854,0.1814320299122005,0.0105263157894736,0.0235375576578925,0.0230263157894736,0.0317225353980031,0.2546169590643274,0.2108164364064195,10.1,6.29726572057711,4.2,1.5,1.3,0.9,2.6,0.5,0.1,0.3,1.6,3.5,,0.1,0.1,,0.5,1.0,1.2,-0.9,0.336563736783035,0.3109195781270885,0.0979827514915234,0.1278531667044064,0.1243983274685029,0.0879672756827434,0.0657783980152401,0.0758602839703984,0.2147131296254103,0.1199655196330384,0.2986873750031644,0.168743174553947,0.0058479532163742,0.0175438596491228,0.0286654135338345,0.0496099069871727,0.3299258879522038,0.1822783737652075,,,,11.876,4.1031407407407405,2.203585185185185,1.3437333333333332,1.067762962962963,0.5864691358024691,0.1466172839506172,0.4398518518518518,7.650459259259259,6.306725925925925,5.446874074074074,3.547318518518518,0.7330864197530863,4.1031407407407405,2.203585185185185,1.3437333333333332,1.067762962962963,7.650459259259259,0.5864691358024691,0.1466172839506172,0.4398518518518518
4397020,Luguentz Dort,OKC,2026-05-29,0.0,1.0,4.0,6.0,11.0,5,1,0,1,9,1,1,1,2,11,,0,0,,0,1,2,-9,23.0,0.217391304347826,0.0434782608695652,0.0,0.0434782608695652,0.391304347826087,0.4782608695652174,0.0,0.0434782608695652,0.5217391304347826,0.0,19.33333333333333,3.214550253664318,4.666666666666667,3.0,0.0,0.6666666666666666,4.666666666666667,1.0,0.3333333333333333,0.6666666666666666,2.0,6.666666666666667,,0.0,0.0,,1.0,2.0,2.6666666666666665,-9.666666666666666,0.2413090840200814,0.1371935775925361,0.1669982002462821,0.1071708924112341,0.0,0.0,0.0330112721417069,0.0292193998576876,0.2241166998200246,0.1662485050681383,0.3282656057592119,0.1877950131592323,0.0,0.0,0.0341005967604433,0.0305124129039612,0.3623662025196552,0.1741556235879868,19.4,3.361547262794323,4.4,3.4,1.2,0.6,3.4,0.6,0.2,0.8,1.8,5.0,,0.2,0.4,,1.2,2.2,2.4,-9.6,0.2447854504120488,0.2017020041360289,0.1811771810173344,0.0789394888760401,0.0635869565217391,0.0893769787412983,0.0323067632850241,0.0302671197488109,0.1681656720659278,0.1432470847441186,0.2556550156294402,0.181246918452518,0.025,0.0559016994374947,0.041656010230179,0.0248548788342288,0.3083110258596192,0.1745905209197383,22.1,4.724639903973872,5.2,2.9,1.3,1.1,4.0,0.5,0.1,0.8,2.0,5.3,,0.1,0.2,,0.8,2.1,2.6,-3.3,0.2489468863324155,0.1648684074520332,0.1407386788494989,0.0742407436898182,0.0593202992659514,0.0722774124121088,0.048641132321006,0.0306309175307617,0.1768832403971831,0.1044608985870404,0.2433991731760068,0.1247439468336438,0.0125,0.0395284707521047,0.0366665144318597,0.0339383765610838,0.2855656876078664,0.124522355925943,,,,20.7365,5.039068823529412,2.957691176470588,0.7843135294117647,0.8975011764705882,0.4879176470588235,0.1219794117647058,0.4879176470588235,8.781073529411765,7.99676,5.823382352941177,3.7420047058823527,0.6098970588235294,5.039068823529412,2.957691176470588,0.7843135294117647,0.8975011764705882,8.781073529411765,0.4879176470588235,0.1219794117647058,0.4879176470588235
4397183,Aaron Wiggins,OKC,2026-05-29,0.0,1.0,4.0,6.0,11.0,5,0,0,1,1,0,0,1,2,3,,0,0,,0,0,0,0,7.0,0.7142857142857143,0.0,0.0,0.1428571428571428,0.1428571428571428,0.4285714285714285,0.0,0.1428571428571428,0.5714285714285714,0.0,9.666666666666666,10.263202878893766,3.0,0.6666666666666666,0.0,0.3333333333333333,1.6666666666666667,0.0,0.3333333333333333,1.0,1.3333333333333333,4.666666666666667,,0.0,0.0,,0.0,0.6666666666666666,0.6666666666666666,-2.0,0.3015873015873015,0.3698787364359061,0.0317460317460317,0.0549857399228215,0.0,0.0,0.0476190476190476,0.0824786098842322,0.1111111111111111,0.0991269523555301,0.3174603174603174,0.2790221560515388,0.0,0.0,0.0793650793650793,0.0727392967453307,0.3968253968253968,0.3444846732414398,6.2,8.700574693662482,1.8,0.4,0.0,0.2,1.0,0.0,0.2,0.6,0.8,2.8,,0.0,0.0,,0.0,0.4,0.4,-1.2,0.2261904761904762,0.3375582590180435,0.0238095238095238,0.0476190476190476,0.0,0.0,0.0357142857142857,0.0714285714285714,0.0833333333333333,0.0981691815623252,0.238095238095238,0.2776643759450143,0.0,0.0,0.0595238095238095,0.0714285714285714,0.2976190476190476,0.3442102927333562,4.5,6.2048368229954285,1.3,0.2,0.0,0.1,0.8,0.1,0.1,0.3,0.6,2.1,,0.0,0.0,,0.0,0.2,0.2,-1.5,0.2797619047619047,0.4925341542472939,0.0119047619047619,0.0336717514850736,0.0,0.0,0.0178571428571428,0.0505076272276105,0.1354166666666666,0.2598043091896941,0.3461309523809524,0.3085776682727655,0.0,0.0,0.0297619047619047,0.0565588066269247,0.3758928571428571,0.3265253197204305,,,,7.416666666666666,2.538368421052631,0.3862105263157894,0.0,0.2531052631578947,0.0,0.1951754385964912,0.5855263157894737,2.9245789473684205,2.9245789473684205,2.538368421052631,0.3862105263157894,0.1951754385964912,2.538368421052631,0.3862105263157894,0.0,0.2531052631578947,2.9245789473684205,0.0,0.1951754385964912,0.5855263157894737
4432823,Jaylin Williams,OKC,2026-05-29,0.0,1.0,4.0,6.0,11.0,4,9,2,0,4,0,0,0,2,6,,0,0,,0,9,4,-1,26.0,0.1538461538461538,0.3461538461538461,0.0769230769230769,0.0,0.1538461538461538,0.2307692307692307,0.0,0.0,0.2307692307692307,0.0,22.0,4.582575694955842,3.333333333333333,5.333333333333333,1.3333333333333333,0.6666666666666666,4.333333333333333,0.0,0.0,0.3333333333333333,1.3333333333333333,5.333333333333333,,0.0,0.6666666666666666,,0.6666666666666666,4.666666666666667,2.333333333333333,-7.0,0.1535838415633812,0.0230190237786644,0.2372942488032002,0.1078734396766901,0.0597416224014689,0.0167412992705649,0.0341005967604432,0.0305124129039611,0.1919470129188799,0.0990103566337779,0.2371958816971604,0.0641803970987617,0.0392156862745098,0.0679235610811324,0.0144927536231884,0.0251021856169402,0.2689435372811332,0.0683260396277009,19.6,6.268971207462991,6.8,4.8,1.4,1.8,5.0,0.4,0.0,0.2,2.2,5.8,,0.6,1.0,,0.4,4.4,2.4,-0.8,0.3757866685743923,0.3143115994883292,0.2478310947364655,0.0817781671523561,0.0849358825317904,0.0656949799056616,0.1059149035108114,0.1011355840124529,0.2897136622967825,0.190293985341841,0.3259538926546599,0.1635801595271025,0.0508021390374331,0.0698777237720426,0.008695652173913,0.0194440693695633,0.3570024860050435,0.1517369324296794,16.5,6.05988632089928,4.7,4.1,1.3,1.3,3.3,0.3,0.0,0.4,1.5,3.8,,0.4,0.6,,0.4,3.7,2.1,0.0,0.2726369240307859,0.2690453327933094,0.244129222581908,0.0913839105102103,0.0795192233171772,0.0672589167773144,0.0789830927810467,0.082202397525984,0.1969081131996733,0.1768768981090162,0.220028228378612,0.1736596647268368,0.0320677361853832,0.054361873052548,0.0243478260869565,0.0421138573349215,0.2584858583871371,0.1649867034755245,,,,19.1165,5.23251,5.003360000000001,1.37407,1.3183000000000002,0.2941,0.0,0.2941,11.60994,10.23587,6.606579999999999,6.37743,0.2941,5.23251,5.003360000000001,1.37407,1.3183000000000002,11.60994,0.2941,0.0,0.2941
4433255,Chet Holmgren,OKC,2026-05-29,0.0,1.0,4.0,6.0,11.0,10,11,1,0,1,1,2,0,4,8,,2,2,,4,7,2,-9,24.0,0.4166666666666667,0.4583333333333333,0.0416666666666666,0.0,0.0416666666666666,0.3333333333333333,0.0833333333333333,0.0,0.37,0.0,26.666666666666668,3.0550504633038984,12.0,10.333333333333334,1.3333333333333333,0.0,1.0,0.6666666666666666,1.3333333333333333,2.0,4.333333333333333,8.333333333333334,,3.333333333333333,4.0,,3.333333333333333,7.0,2.333333333333333,-2.6666666666666665,0.4448717948717949,0.078268154510755,0.3903846153846154,0.0597324464131817,0.0506410256410256,0.0231391610868974,0.0,0.0,0.0378205128205128,0.0042034862335268,0.3136752136752136,0.0174534853475744,0.1491452991452991,0.0749789947939501,0.0717948717948718,0.062650213963439,0.4510940170940171,0.0775853598052071,27.0,2.236067977499783,12.6,7.6,1.4,0.2,1.4,0.4,0.8,1.4,4.6,8.4,,3.2,4.0,,2.6,5.0,2.6,-0.8,0.4632193732193732,0.0611310641557407,0.2852889702889702,0.150677517309107,0.0523422873422873,0.0213792271752044,0.0071428571428571,0.0159719141249984,0.0517928367928367,0.0193844764828807,0.3122792022792023,0.0443519382094499,0.1476882376882376,0.0530886508582331,0.0504843304843305,0.0546397599227956,0.4277463573463573,0.0849779856506875,30.6,4.926120853842978,15.1,8.5,1.2,0.8,2.4,0.9,1.2,1.2,5.6,10.0,,3.1,3.7,,2.4,6.1,2.2,3.7,0.4989867050803321,0.1584482789786594,0.2828856287373203,0.110668350294138,0.0417136656652785,0.0306814997999578,0.0239919993460512,0.0338717837072205,0.0758731555328723,0.0392995757309935,0.3322603909189275,0.1067477312165904,0.1242660860717509,0.0691195328675351,0.0398247450017709,0.0407569166210849,0.4267622137922688,0.1154946483905796,,,,28.248,12.36581818181818,8.126327272727274,1.072290909090909,0.3021090909090909,0.4669090909090909,0.8170909090909091,1.1672727272727272,21.564436363636364,20.49214545454545,13.43810909090909,9.198618181818183,1.284,12.36581818181818,8.126327272727274,1.072290909090909,0.3021090909090909,21.564436363636364,0.4669090909090909,0.8170909090909091,1.1672727272727272
4593803,Jalen Williams,OKC,2026-05-29,0.0,1.0,1.0,3.0,4.0,1,0,1,0,1,0,0,2,0,1,,1,2,,0,0,1,-18,10.0,0.1,0.0,0.1,0.0,0.1,0.1,0.2,0.2,0.388,0.0,18.0,16.522711641858304,10.333333333333334,2.6666666666666665,1.3333333333333333,0.3333333333333333,1.3333333333333333,1.0,0.3333333333333333,1.3333333333333333,4.333333333333333,10.0,,1.3333333333333333,1.6666666666666667,,1.0,1.6666666666666667,1.0,-6.333333333333333,0.458043758043758,0.3169459321256819,0.1106821106821106,0.0986131930733102,0.0603603603603603,0.0531226053614615,0.009009009009009,0.0156040613294493,0.0603603603603603,0.0531226053614615,0.449034749034749,0.306734097731715,0.0936936936936937,0.1005947737096061,0.0846846846846847,0.1034585745582385,0.5749446589446588,0.1887272692561151,18.0,16.522711641858304,10.333333333333334,2.6666666666666665,1.3333333333333333,0.3333333333333333,1.3333333333333333,1.0,0.3333333333333333,1.3333333333333333,4.333333333333333,10.0,,1.3333333333333333,1.6666666666666667,,1.0,1.6666666666666667,1.0,-6.333333333333333,0.458043758043758,0.3169459321256819,0.1106821106821106,0.0986131930733102,0.0603603603603603,0.0531226053614615,0.009009009009009,0.0156040613294493,0.0603603603603603,0.0531226053614615,0.449034749034749,0.306734097731715,0.0936936936936937,0.1005947737096061,0.0846846846846847,0.1034585745582385,0.5749446589446588,0.1887272692561151,18.0,16.522711641858304,10.333333333333334,2.6666666666666665,1.3333333333333333,0.3333333333333333,1.3333333333333333,1.0,0.3333333333333333,1.3333333333333333,4.333333333333333,10.0,,1.3333333333333333,1.6666666666666667,,1.0,1.6666666666666667,1.0,-6.333333333333333,0.458043758043758,0.3169459321256819,0.1106821106821106,0.0986131930733102,0.0603603603603603,0.0531226053614615,0.009009009009009,0.0156040613294493,0.0603603603603603,0.0531226053614615,0.449034749034749,0.306734097731715,0.0936936936936937,0.1005947737096061,0.0846846846846847,0.1034585745582385,0.5749446589446588,0.1887272692561151,,,,17.220000000000002,9.504666666666669,2.437333333333333,1.2786666666666666,0.3046666666666666,0.9566666666666668,0.3188888888888889,1.2755555555555556,13.220666666666666,11.942,10.783333333333331,3.716,1.2755555555555556,9.504666666666669,2.437333333333333,1.2786666666666666,0.3046666666666666,13.220666666666666,0.9566666666666668,0.3188888888888889,1.2755555555555556
4683692,Cason Wallace,OKC,2026-05-29,0.0,1.0,4.0,6.0,11.0,11,3,1,3,4,3,0,2,4,6,,0,0,,1,2,2,-14,20.0,0.55,0.15,0.05,0.15,0.2,0.3,0.0,0.1,0.4,0.0,24.0,6.082762530298219,7.666666666666667,3.6666666666666665,2.333333333333333,1.6666666666666667,3.333333333333333,2.333333333333333,0.6666666666666666,0.6666666666666666,2.6666666666666665,6.333333333333333,,0.6666666666666666,0.6666666666666666,,1.3333333333333333,2.333333333333333,1.6666666666666667,1.6666666666666667,0.3379672299027138,0.1837285368815868,0.1565028161802355,0.0312338625734642,0.0863031233998976,0.0649517302640192,0.0766257040450588,0.0640064874105313,0.1465437788018433,0.051711558116518,0.280747567844342,0.1110893652874033,0.021505376344086,0.0372484044638468,0.0333333333333333,0.0577350269189625,0.3235432667690732,0.1163217596831914,25.0,4.636809247747853,9.2,4.0,3.0,2.2,4.4,2.8,0.4,0.4,3.0,6.6,,1.0,1.2,,1.2,2.8,2.0,2.0,0.3773517665130568,0.1439990036726758,0.161615975422427,0.0240813221339589,0.1123533026113671,0.0584679016239095,0.0922611367127496,0.0590542346092873,0.1787834101382488,0.0580392893777118,0.2735913978494623,0.0807939862962693,0.0414746543778801,0.0631857566857239,0.02,0.0447213595499957,0.3118402457757296,0.092171831862273,24.7,4.738729318662921,9.0,3.5,2.2,2.1,4.0,2.2,0.4,0.7,3.1,6.4,,0.7,0.8,,1.2,2.3,2.0,1.8,0.3620622524052065,0.1560923073260182,0.1442671194114318,0.0595077966236121,0.0836061929016088,0.0634385146209476,0.0862513541919314,0.050024187667343,0.1619788988600533,0.0645273146762446,0.2629101786724876,0.09241486311036,0.0271889400921658,0.0486945587224488,0.0333609022556391,0.0416285528659836,0.3082342145686797,0.1016810902329404,,,,24.14725,8.956779441624366,3.592802791878172,2.112718781725888,2.179808629441625,2.2063477157360403,0.2451497461928933,0.6128743654822335,14.662301015228428,12.54958223350254,11.069498223350257,5.70552157360406,2.4514974619289336,8.956779441624366,3.592802791878172,2.112718781725888,2.179808629441625,14.662301015228428,2.2063477157360403,0.2451497461928933,0.6128743654822335
4683778,Jared McCain,OKC,2026-05-29,0.0,1.0,4.0,6.0,11.0,13,2,6,2,3,2,0,2,4,11,,3,3,,0,2,1,-14,27.0,0.4814814814814814,0.074074074074074,0.2222222222222222,0.074074074074074,0.1111111111111111,0.4074074074074074,0.1111111111111111,0.074074074074074,0.5303703703703704,0.0,28.0,4.58257569495584,12.333333333333334,2.333333333333333,2.0,1.6666666666666667,5.666666666666667,0.6666666666666666,0.0,2.0,4.0,13.333333333333334,,2.6666666666666665,3.333333333333333,,0.3333333333333333,2.0,1.3333333333333333,-8.666666666666666,0.4180695847362514,0.2264565300022324,0.0827721661054994,0.0084315259266651,0.074074074074074,0.1283000598199168,0.0549943883277216,0.0483646721131656,0.1973905723905724,0.0813618702874579,0.4666105499438832,0.0946374048856406,0.1153198653198653,0.0342852051421149,0.0726711560044893,0.0114284017140383,0.5900224466891134,0.0979182951898467,27.4,3.361547262794322,14.6,3.4,2.0,2.0,7.2,0.8,0.0,1.4,5.2,15.0,,2.2,2.8,,1.2,2.2,1.2,2.2,0.520927220927221,0.2613556072483208,0.1254467754467754,0.0656005335799047,0.0749287749287749,0.0948636667377006,0.0708883708883708,0.0430877115347277,0.2617391867391867,0.1055797200700864,0.5432141932141932,0.1504655228153179,0.0993913493913493,0.0326262591309823,0.051010101010101,0.0334144338712354,0.637956487956488,0.1362428475475059,21.4,7.058485830702093,12.6,2.3,1.4,2.3,5.8,0.4,0.0,1.0,4.6,11.0,,1.1,1.4,,0.8,1.5,1.5,4.6,0.5906024993524993,0.2755460350250807,0.0996678321678321,0.0685645490465519,0.0663532763532763,0.0752068941373231,0.1186386298886299,0.0820144032555684,0.2686473711473711,0.1253708281711504,0.4852182077182078,0.186955544558572,0.0496956746956746,0.0567200650114335,0.0421717171717171,0.0409929683162087,0.5492560217560218,0.197975073831568,,,,25.02675,13.276313812154696,2.80219364640884,1.987539226519337,2.028424033149171,0.5530773480662983,0.0,1.2444240331491712,18.066046685082878,16.078507458563536,15.263853038674032,4.789732872928177,0.5530773480662983,13.276313812154696,2.80219364640884,1.987539226519337,2.028424033149171,18.066046685082878,0.5530773480662983,0.0,1.2444240331491712
4900671,Ajay Mitchell,OKC,2026-05-29,0.0,7.0,1.0,3.0,8.0,2,5,1,0,1,0,0,3,1,5,,0,0,,0,5,1,-3,17.0,0.1176470588235294,0.2941176470588235,0.0588235294117647,0.0,0.0588235294117647,0.2941176470588235,0.0,0.1764705882352941,0.4705882352941176,0.0,26.33333333333333,8.621678104251709,5.333333333333333,3.0,2.6666666666666665,0.0,1.3333333333333333,2.0,0.3333333333333333,2.0,2.333333333333333,6.0,,0.6666666666666666,0.6666666666666666,,0.0,3.0,2.0,5.0,0.1974789915966386,0.1382729636294489,0.1372549019607843,0.1480359693190343,0.0924369747899159,0.047721918872271,0.0,0.0,0.0532212885154061,0.0215613505859113,0.242296918767507,0.0825855629568935,0.0238095238095238,0.0412393049421162,0.0945378151260504,0.0889079998718438,0.3473109243697479,0.1749618780796534,28.4,6.8044103344816,13.6,3.2,4.4,0.6,2.4,2.6,0.2,1.4,5.8,10.8,,1.4,1.6,,0.6,2.6,2.2,9.2,0.4481843646549528,0.3573559485339353,0.1272014260249554,0.1066386977544148,0.1463712757830405,0.1105319903633293,0.0193939393939393,0.0295046338051832,0.0828418640183346,0.0435418886483349,0.3738629997453527,0.1894098236700525,0.0524675324675324,0.048995647281381,0.0627832951362363,0.0771865002017403,0.4597320091673033,0.197887869346616,28.571428571428573,5.593363414414827,15.142857142857142,3.0,4.571428571428571,0.5714285714285714,2.857142857142857,1.8571428571428568,0.1428571428571428,1.4285714285714286,6.142857142857143,11.714285714285714,,2.2857142857142856,2.571428571428572,,0.5714285714285714,2.4285714285714284,2.0,11.142857142857142,0.5072065189712248,0.3087771040126719,0.1153479573647641,0.0897721590915053,0.153530503110335,0.0925552906957141,0.0189548546691403,0.0262145719189881,0.098968678380443,0.0503680064423454,0.4058205100221906,0.1713041378494453,0.0861162646876932,0.0789287258661225,0.0594710611517334,0.0639036238426342,0.5031827276365092,0.1794836460628057,,,,26.90778571428572,11.60667967806841,3.167117907444668,3.863001408450705,0.4707988933601609,2.463388832997988,0.1894914486921529,1.3264401408450703,18.636798993963783,14.773797585513078,15.469681086519117,7.030119315895373,2.652880281690141,11.60667967806841,3.167117907444668,3.863001408450705,0.4707988933601609,18.636798993963783,2.463388832997988,0.1894914486921529,1.3264401408450703
5159925,Nikola Topic,OKC,2026-05-29,0.0,1.0,4.0,6.0,11.0,0,0,0,0,1,1,0,0,0,1,,0,0,,0,0,1,-1,6.0,0.0,0.0,0.0,0.0,0.1666666666666666,0.1666666666666666,0.0,0.0,0.1666666666666666,0.0,3.6666666666666665,2.516611478423583,0.6666666666666666,0.0,0.6666666666666666,0.0,0.3333333333333333,0.3333333333333333,0.0,0.3333333333333333,0.3333333333333333,1.0,,0.0,0.0,,0.0,0.0,0.3333333333333333,-0.6666666666666666,0.1666666666666666,0.2886751345948129,0.0,0.0,0.1666666666666666,0.2886751345948129,0.0,0.0,0.0555555555555555,0.0962250448649376,0.2222222222222222,0.2545875386086578,0.0,0.0,0.0833333333333333,0.1443375672974064,0.3055555555555555,0.3938179688543839,2.4,2.5099800796022267,0.4,0.0,0.4,0.0,0.2,0.2,0.0,0.2,0.2,0.8,,0.0,0.0,,0.0,0.0,0.2,-0.4,0.125,0.25,0.0,0.0,0.125,0.25,0.0,0.0,0.0416666666666666,0.0833333333333333,0.4166666666666667,0.4409585518440984,0.0,0.0,0.0625,0.125,0.4791666666666666,0.4732423621500228,1.6,2.065591117977289,0.4,0.2,0.2,0.0,0.2,0.2,0.0,0.2,0.2,0.6,,0.0,0.0,,0.0,0.2,0.1,-0.4,0.4166666666666667,0.8010409893798611,0.1111111111111111,0.2721655269759087,0.0833333333333333,0.2041241452319315,0.0,0.0,0.0833333333333333,0.1394433377556792,0.5,0.4216370213557839,0.0,0.0,0.0972222222222222,0.1529039882724765,0.5972222222222222,0.4230073110304185,,,,6.25,0.42,0.04,0.38,0.0,0.1374999999999999,0.1124999999999999,0.375,0.84,0.4599999999999999,0.8,0.42,0.2499999999999999,0.42,0.04,0.38,0.0,0.84,0.1374999999999999,0.1124999999999999,0.375
3133635,Jevon Carter,ORL,2026-05-29,0.0,26.0,0.0,0.0,6.0,0,1,1,0,1,0,0,0,0,2,,0,0,,1,0,0,5,11.0,0.0,0.0909090909090909,0.0909090909090909,0.0,0.0909090909090909,0.1818181818181818,0.0,0.0,0.1818181818181818,0.0,4.333333333333333,5.859465277082315,0.6666666666666666,0.6666666666666666,0.3333333333333333,0.0,0.3333333333333333,0.0,0.0,0.0,0.3333333333333333,1.0,,0.0,0.0,,0.3333333333333333,0.3333333333333333,0.0,2.0,0.5,0.7071067811865476,0.2954545454545454,0.2892709559399513,0.0454545454545454,0.0642824346533225,0.0,0.0,0.0454545454545454,0.0642824346533225,0.3409090909090909,0.2249885212866287,0.0,0.0,0.0,0.0,0.3409090909090909,0.2249885212866287,2.6,4.774934554525329,0.4,0.4,0.2,0.0,0.2,0.0,0.0,0.0,0.2,0.6,,0.0,0.0,,0.2,0.2,0.0,1.2,0.5,0.7071067811865476,0.2954545454545454,0.2892709559399513,0.0454545454545454,0.0642824346533225,0.0,0.0,0.0454545454545454,0.0642824346533225,0.3409090909090909,0.2249885212866287,0.0,0.0,0.0,0.0,0.3409090909090909,0.2249885212866287,2.6,4.774934554525329,0.4,0.4,0.2,0.0,0.2,0.0,0.0,0.0,0.2,0.6,,0.0,0.0,,0.2,0.2,0.0,1.2,0.5,0.7071067811865476,0.2954545454545454,0.2892709559399513,0.0454545454545454,0.0642824346533225,0.0,0.0,0.0454545454545454,0.0642824346533225,0.3409090909090909,0.2249885212866287,0.0,0.0,0.0,0.0,0.3409090909090909,0.2249885212866287,,,,8.0,0.42,0.5700000000000001,0.36,0.0,0.176,0.144,0.48,1.35,0.99,0.78,0.93,0.3199999999999999,0.42,0.5700000000000001,0.36,0.0,1.35,0.176,0.144,0.48
3150844,Moritz Wagner,ORL,2026-05-29,0.0,26.0,0.0,0.0,6.0,5,2,0,1,1,0,0,1,1,3,,2,2,,1,1,2,5,10.0,0.5,0.2,0.0,0.1,0.1,0.3,0.2,0.1,0.488,0.0,3.333333333333333,5.773502691896257,1.6666666666666667,0.6666666666666666,0.0,0.3333333333333333,0.3333333333333333,0.0,0.0,0.3333333333333333,0.3333333333333333,1.0,,0.6666666666666666,0.6666666666666666,,0.3333333333333333,0.3333333333333333,0.6666666666666666,1.6666666666666667,0.5,,0.2,,0.0,,0.1,,0.1,,0.3,,0.2,,0.1,,0.488,,2.0,4.47213595499958,1.0,0.4,0.0,0.2,0.2,0.0,0.0,0.2,0.2,0.6,,0.4,0.4,,0.2,0.2,0.4,1.0,0.5,,0.2,,0.0,,0.1,,0.1,,0.3,,0.2,,0.1,,0.488,,2.0,4.47213595499958,1.0,0.4,0.0,0.2,0.2,0.0,0.0,0.2,0.2,0.6,,0.4,0.4,,0.2,0.2,0.4,1.0,0.5,,0.2,,0.0,,0.1,,0.1,,0.3,,0.2,,0.1,,0.488,,,,,8.0,1.8,0.72,0.0,0.36,0.176,0.144,0.48,2.52,2.52,1.8,0.72,0.3199999999999999,1.8,0.72,0.0,0.36,2.52,0.176,0.144,0.48
4066320,Desmond Bane,ORL,2026-05-29,0.0,26.0,0.0,0.0,6.0,16,3,3,3,5,2,1,0,5,10,,3,5,,0,3,4,-8,38.0,0.4210526315789473,0.0789473684210526,0.0789473684210526,0.0789473684210526,0.131578947368421,0.2631578947368421,0.131578947368421,0.0,0.3210526315789473,0.0,36.66666666666666,2.3094010767585047,17.0,3.6666666666666665,1.6666666666666667,3.333333333333333,8.0,2.333333333333333,0.3333333333333333,0.6666666666666666,6.0,14.333333333333334,,1.6666666666666667,2.333333333333333,,0.6666666666666666,3.0,4.0,-12.333333333333334,0.4659442724458204,0.056517449732287,0.1016511867905056,0.0393241669417082,0.044891640866873,0.0295337214060973,0.0918472652218782,0.0223432766714251,0.2208462332301341,0.0824415439316511,0.392672858617131,0.1133348255862023,0.0634674922600619,0.0659122874800116,0.0196078431372549,0.0339617805405662,0.4402063983488132,0.1064395444347456,37.0,1.7320508075688776,19.6,4.6,1.2,4.4,8.6,1.8,0.2,1.2,6.8,15.8,,1.6,2.2,,1.0,3.6,3.8,-2.6,0.5300644297548323,0.0990294874680691,0.1248598443644883,0.0456530136436349,0.0323403899255292,0.0286845592026013,0.1189774914233118,0.0439403283944714,0.2339302150447661,0.0621205819163066,0.4276378545728391,0.0934620866749721,0.0597021169776587,0.0604956117906137,0.0332440799933059,0.0360590689853129,0.4871508660363149,0.1070223992427719,37.0,1.7320508075688776,19.6,4.6,1.2,4.4,8.6,1.8,0.2,1.2,6.8,15.8,,1.6,2.2,,1.0,3.6,3.8,-2.6,0.5300644297548323,0.0990294874680691,0.1248598443644883,0.0456530136436349,0.0323403899255292,0.0286845592026013,0.1189774914233118,0.0439403283944714,0.2339302150447661,0.0621205819163066,0.4276378545728391,0.0934620866749721,0.0597021169776587,0.0604956117906137,0.0332440799933059,0.0360590689853129,0.4871508660363149,0.1070223992427719,,,,37.05,18.28,4.08,1.61,3.87,0.8150999999999999,0.6668999999999999,2.223,23.97,22.36,19.89,5.69,1.4819999999999998,18.28,4.08,1.61,3.87,23.97,0.8150999999999999,0.6668999999999999,2.223
4277847,Wendell Carter Jr.,ORL,2026-05-29,0.0,26.0,0.0,0.0,6.0,13,5,2,1,4,0,1,1,3,7,,6,8,,2,3,3,-27,38.0,0.3421052631578947,0.131578947368421,0.0526315789473684,0.0263157894736842,0.1052631578947368,0.1842105263157894,0.2105263157894736,0.0263157894736842,0.303157894736842,0.0,34.666666666666664,3.0550504633038944,10.333333333333334,3.0,2.6666666666666665,1.0,3.0,0.3333333333333333,2.0,1.3333333333333333,2.6666666666666665,5.333333333333333,,4.0,5.333333333333333,,1.3333333333333333,1.6666666666666667,4.666666666666667,-10.333333333333334,0.2960203818369453,0.0407589152450654,0.0830753353973168,0.0722817950326311,0.0775928792569659,0.0350371147368171,0.0289925180598555,0.002493678847036,0.0853328173374613,0.0215288224684302,0.1527025283797729,0.0334232287087966,0.1510577915376677,0.0516323103153624,0.0394091847265221,0.0200570580633103,0.2585771413828689,0.053796623276078,35.2,2.3874672772626644,11.4,7.4,3.0,0.8,2.8,0.2,1.8,2.0,3.2,6.6,,4.2,5.8,,3.4,4.0,4.2,-1.2,0.3218593333492714,0.0473308647840099,0.2045942359874248,0.1814788885345059,0.0856290866275386,0.0295416120415772,0.023109796550199,0.0130398257886344,0.0788444780472644,0.0195527413487086,0.1859844513907981,0.0515982158178983,0.1633759876639133,0.0520456436003419,0.0566957038861063,0.0329563258123366,0.3145655898490264,0.0860220774626431,35.2,2.3874672772626644,11.4,7.4,3.0,0.8,2.8,0.2,1.8,2.0,3.2,6.6,,4.2,5.8,,3.4,4.0,4.2,-1.2,0.3218593333492714,0.0473308647840099,0.2045942359874248,0.1814788885345059,0.0856290866275386,0.0295416120415772,0.023109796550199,0.0130398257886344,0.0788444780472644,0.0195527413487086,0.1859844513907981,0.0515982158178983,0.1633759876639133,0.0520456436003419,0.0566957038861063,0.0329563258123366,0.3145655898490264,0.0860220774626431,,,,35.46,11.32,5.720000000000001,2.75,0.89,0.7801199999999999,0.63828,2.1276,19.79,17.04,14.07,8.47,1.4184,11.32,5.720000000000001,2.75,0.89,19.79,0.7801199999999999,0.63828,2.1276
4278572,Jamal Cain,ORL,2026-05-29,0.0,26.0,0.0,0.0,6.0,5,4,1,1,3,0,2,0,2,6,,0,1,,2,2,1,-16,24.0,0.2083333333333333,0.1666666666666666,0.0416666666666666,0.0416666666666666,0.125,0.25,0.0416666666666666,0.0,0.2683333333333333,0.0,23.0,2.6457513110645907,4.333333333333333,4.0,1.3333333333333333,0.6666666666666666,2.0,0.3333333333333333,1.0,0.6666666666666666,1.3333333333333333,4.333333333333333,,1.0,2.6666666666666665,,1.3333333333333333,2.6666666666666665,2.333333333333333,-10.666666666666666,0.1861111111111111,0.0315494908100014,0.1755555555555555,0.0214303350244289,0.0605555555555555,0.0341700540326261,0.0305555555555555,0.0267879187805359,0.0883333333333333,0.0436844747402705,0.1866666666666666,0.055075705472861,0.1072222222222222,0.1510733204379521,0.03,0.0264575131106459,0.2638444444444445,0.0617225452536801,21.4,4.560701700396552,5.6,4.4,0.8,0.6,2.0,0.2,0.6,0.4,2.0,5.0,,1.0,2.0,,1.4,3.0,2.4,-5.8,0.2783333333333333,0.1411264208667769,0.1946190476190476,0.1114920962595316,0.0363333333333333,0.0410352152289821,0.0326190476190476,0.0316944024615118,0.0982380952380952,0.0397617621896502,0.2358095238095238,0.0795504660199481,0.0929047619047619,0.1197787548498425,0.018,0.0248997991959774,0.294687619047619,0.0609717262455356,21.4,4.560701700396552,5.6,4.4,0.8,0.6,2.0,0.2,0.6,0.4,2.0,5.0,,1.0,2.0,,1.4,3.0,2.4,-5.8,0.2783333333333333,0.1411264208667769,0.1946190476190476,0.1114920962595316,0.0363333333333333,0.0410352152289821,0.0326190476190476,0.0316944024615118,0.0982380952380952,0.0397617621896502,0.2358095238095238,0.0795504660199481,0.0929047619047619,0.1197787548498425,0.018,0.0248997991959774,0.294687619047619,0.0609717262455356,,,,22.27,5.13,4.22,0.99,0.6799999999999999,0.48994,0.4008599999999999,1.3361999999999998,10.34,9.35,6.12,5.21,0.8907999999999999,5.13,4.22,0.99,0.6799999999999999,10.34,0.48994,0.4008599999999999,1.3361999999999998
4348700,Goga Bitadze,ORL,2026-05-29,0.0,26.0,0.0,0.0,6.0,0,0,0,0,0,0,0,0,0,0,,0,0,,0,0,0,0,0.0,,,,,,,,,,0.0,9.0,7.810249675906654,2.0,1.6666666666666667,0.3333333333333333,0.0,0.0,0.0,1.0,0.6666666666666666,1.0,2.0,,0.0,0.0,,1.0,0.6666666666666666,1.0,-5.333333333333333,0.2307692307692307,0.3263569759322527,0.1895604395604395,0.1670636900605578,0.0384615384615384,0.0543928293220421,0.0,0.0,0.0,0.0,0.228021978021978,0.2214565193826,0.0,0.0,0.0714285714285714,0.101015254455221,0.2994505494505494,0.120441264927379,10.2,5.805170109479997,2.0,2.6,0.2,0.0,0.0,0.0,1.2,0.4,1.0,2.6,,0.0,0.2,,1.6,1.0,1.6,-5.4,0.1993006993006993,0.1922335097437686,0.2556193806193806,0.1678164957678083,0.0192307692307692,0.0384615384615384,0.0,0.0,0.0,0.0,0.2591158841158841,0.1335684478670213,0.0192307692307692,0.0384615384615384,0.0357142857142857,0.0714285714285714,0.3032917082917082,0.0751279046140284,10.2,5.805170109479997,2.0,2.6,0.2,0.0,0.0,0.0,1.2,0.4,1.0,2.6,,0.0,0.2,,1.6,1.0,1.6,-5.4,0.1993006993006993,0.1922335097437686,0.2556193806193806,0.1678164957678083,0.0192307692307692,0.0384615384615384,0.0,0.0,0.0,0.0,0.2591158841158841,0.1335684478670213,0.0192307692307692,0.0384615384615384,0.0357142857142857,0.0714285714285714,0.3032917082917082,0.0751279046140284,,,,8.309999999999999,1.6999999999999995,1.93,0.21,0.0,0.1828199999999999,0.1495799999999999,0.4985999999999999,3.84,3.63,1.91,2.14,0.3323999999999999,1.6999999999999995,1.93,0.21,0.0,3.84,0.1828199999999999,0.1495799999999999,0.4985999999999999
4432165,Jalen Suggs,ORL,2026-05-29,0.0,26.0,0.0,0.0,6.0,6,4,4,0,4,4,2,3,2,9,,2,2,,0,4,4,-28,36.0,0.1666666666666666,0.1111111111111111,0.1111111111111111,0.0,0.1111111111111111,0.25,0.0555555555555555,0.0833333333333333,0.3577777777777778,0.0,37.0,1.0000000000000029,7.666666666666667,4.333333333333333,5.333333333333333,1.0,5.0,2.6666666666666665,0.6666666666666666,3.0,2.333333333333333,9.333333333333334,,2.0,2.333333333333333,,0.3333333333333333,4.0,3.0,-15.333333333333334,0.2070491544175754,0.0554493360653842,0.1164585638269848,0.0652428023295777,0.1434855908540118,0.037258270341646,0.0267899478425794,0.0270301463099766,0.1347136610294505,0.023394660490179,0.2521337126600284,0.0101273334750341,0.0626152468257731,0.0395929599033773,0.0806464359095938,0.0523277228158513,0.3603308571729624,0.079475996242074,35.8,1.9235384061671343,8.6,3.6,4.2,1.4,6.8,2.0,0.6,3.4,2.6,10.6,,2.0,2.2,,0.4,3.2,3.6,-5.4,0.2437100121310647,0.1272833435920665,0.0994855279065805,0.0530187594056945,0.1157017441227967,0.0477912197295636,0.0399700726016515,0.0343042175137583,0.1921701879596616,0.0843149593778673,0.2982932146090041,0.0636705037067768,0.0611189316452474,0.0280980160791233,0.0958337489916437,0.0484023933038141,0.4210192935245567,0.1025037470090774,35.8,1.9235384061671343,8.6,3.6,4.2,1.4,6.8,2.0,0.6,3.4,2.6,10.6,,2.0,2.2,,0.4,3.2,3.6,-5.4,0.2437100121310647,0.1272833435920665,0.0994855279065805,0.0530187594056945,0.1157017441227967,0.0477912197295636,0.0399700726016515,0.0343042175137583,0.1921701879596616,0.0843149593778673,0.2982932146090041,0.0636705037067768,0.0611189316452474,0.0280980160791233,0.0958337489916437,0.0484023933038141,0.4210192935245567,0.1025037470090774,,,,36.19,7.929999999999999,3.88,4.51,1.0699999999999998,0.7961799999999999,0.6514199999999999,2.1714,16.32,11.81,12.439999999999998,8.39,1.4475999999999998,7.929999999999999,3.88,4.51,1.0699999999999998,16.32,0.7961799999999999,0.6514199999999999,2.1714
4432573,Paolo Banchero,ORL,2026-05-29,0.0,26.0,0.0,0.0,6.0,38,9,6,4,7,0,1,5,14,25,,6,8,,2,7,4,-18,42.0,0.9047619047619048,0.2142857142857142,0.1428571428571428,0.0952380952380952,0.1666666666666666,0.5952380952380952,0.1904761904761904,0.119047619047619,0.798095238095238,0.0,41.333333333333336,0.5773502691896247,33.333333333333336,9.333333333333334,6.333333333333333,3.333333333333333,9.0,1.3333333333333333,0.3333333333333333,4.0,11.666666666666666,25.33333333333333,,6.666666666666667,10.666666666666666,,1.6666666666666667,7.666666666666667,3.0,-8.666666666666666,0.8056523422377081,0.35208563244105,0.2259001161440186,0.0158079646792291,0.1533101045296167,0.0151878011970058,0.0805265195509098,0.0742716555826246,0.2181571815718157,0.0508265564593795,0.6130468447541618,0.1350300136914513,0.2586140147115757,0.0590090867464425,0.0965931087882307,0.0640013965345259,0.8234301200154858,0.1963516438157429,40.4,1.516575088810311,28.6,9.6,6.4,2.4,7.2,1.6,0.8,3.4,9.0,22.2,,8.2,11.8,,1.4,8.2,2.8,-2.4,0.7049703527110459,0.2939239563896605,0.2386979644232532,0.0459123390467368,0.1593544837704016,0.0502449708923051,0.0588422275200195,0.0631350993976835,0.1772100984167736,0.0675282714558877,0.5473017910630233,0.1312323916143469,0.2938526193532612,0.065612561623734,0.0837453389571489,0.0496218739776994,0.7603422825356072,0.1643091874740468,40.4,1.516575088810311,28.6,9.6,6.4,2.4,7.2,1.6,0.8,3.4,9.0,22.2,,8.2,11.8,,1.4,8.2,2.8,-2.4,0.7049703527110459,0.2939239563896605,0.2386979644232532,0.0459123390467368,0.1593544837704016,0.0502449708923051,0.0588422275200195,0.0631350993976835,0.1772100984167736,0.0675282714558877,0.5473017910630233,0.1312323916143469,0.2938526193532612,0.065612561623734,0.0837453389571489,0.0496218739776994,0.7603422825356072,0.1643091874740468,,,,40.92,31.43,9.43,6.319999999999999,2.92,0.9002399999999998,0.7365599999999999,2.4552,47.18,40.86,37.75,15.75,1.6367999999999996,31.43,9.43,6.319999999999999,2.92,47.18,0.9002399999999998,0.7365599999999999,2.4552
4566434,Franz Wagner,ORL,2026-05-29,0.0,32.0,0.0,0.0,3.0,19,5,3,1,3,4,0,0,7,15,,4,4,,1,4,2,17,24.0,0.7916666666666666,0.2083333333333333,0.125,0.0416666666666666,0.125,0.625,0.1666666666666666,0.0,0.6983333333333334,0.0,29.0,7.071067811865476,18.0,5.0,4.5,1.0,2.5,2.5,0.5,0.5,7.0,16.5,,3.0,3.0,,1.0,4.0,2.5,18.0,0.6458333333333333,0.2062394778460763,0.1776960784313725,0.0433276213962345,0.150735294117647,0.036395201972837,0.0355392156862745,0.0086655242792469,0.0919117647058823,0.0467938311079332,0.5772058823529411,0.0675910893781259,0.1127450980392156,0.0762566136573727,0.0147058823529411,0.0207972582701925,0.6415196078431373,0.0803467411171772,29.0,7.071067811865476,18.0,5.0,4.5,1.0,2.5,2.5,0.5,0.5,7.0,16.5,,3.0,3.0,,1.0,4.0,2.5,18.0,0.6458333333333333,0.2062394778460763,0.1776960784313725,0.0433276213962345,0.150735294117647,0.036395201972837,0.0355392156862745,0.0086655242792469,0.0919117647058823,0.0467938311079332,0.5772058823529411,0.0675910893781259,0.1127450980392156,0.0762566136573727,0.0147058823529411,0.0207972582701925,0.6415196078431373,0.0803467411171772,29.0,7.071067811865476,18.0,5.0,4.5,1.0,2.5,2.5,0.5,0.5,7.0,16.5,,3.0,3.0,,1.0,4.0,2.5,18.0,0.6458333333333333,0.2062394778460763,0.1776960784313725,0.0433276213962345,0.150735294117647,0.036395201972837,0.0355392156862745,0.0086655242792469,0.0919117647058823,0.0467938311079332,0.5772058823529411,0.0675910893781259,0.1127450980392156,0.0762566136573727,0.0147058823529411,0.0207972582701925,0.6415196078431373,0.0803467411171772,,,,28.25,18.15,5.0,4.275,1.0,0.6214999999999998,0.5085,1.6949999999999996,27.425000000000004,23.15,22.425000000000004,9.275,1.13,18.15,5.0,4.275,1.0,27.425000000000004,0.6214999999999998,0.5085,1.6949999999999996
4702382,Tristan da Silva,ORL,2026-05-29,0.0,26.0,0.0,0.0,6.0,0,0,0,0,1,0,0,2,0,1,,0,0,,0,0,0,-12,8.0,0.0,0.0,0.0,0.0,0.125,0.125,0.0,0.25,0.375,0.0,15.666666666666666,7.505553499465134,4.333333333333333,3.0,0.0,0.6666666666666666,2.333333333333333,0.0,0.0,1.0,1.6666666666666667,4.666666666666667,,0.3333333333333333,0.6666666666666666,,1.0,2.0,1.0,-3.6666666666666665,0.207427536231884,0.2180752375471684,0.1494565217391304,0.1345314542878974,0.0,0.0,0.0289855072463768,0.0502043712338805,0.1413043478260869,0.0282399588190577,0.2554347826086956,0.1332353333927311,0.0416666666666666,0.0721687836487032,0.0978260869565217,0.1335674535591794,0.3715942028985508,0.064958301781869,14.0,6.041522986797286,3.8,2.6,0.2,0.6,2.2,0.0,0.0,0.6,1.4,4.0,,0.4,0.8,,0.8,1.8,0.8,-4.0,0.2101708074534161,0.2162214112222972,0.1468167701863353,0.1388038301688746,0.0142857142857142,0.0319438282499969,0.0316770186335403,0.0437215906096349,0.1498619737750172,0.04320514185961,0.2548481711525189,0.0968523490155097,0.0535714285714285,0.0736268861717439,0.058695652173913,0.1085869021194971,0.3371152518978605,0.0795883288854525,14.0,6.041522986797286,3.8,2.6,0.2,0.6,2.2,0.0,0.0,0.6,1.4,4.0,,0.4,0.8,,0.8,1.8,0.8,-4.0,0.2101708074534161,0.2162214112222972,0.1468167701863353,0.1388038301688746,0.0142857142857142,0.0319438282499969,0.0316770186335403,0.0437215906096349,0.1498619737750172,0.04320514185961,0.2548481711525189,0.0968523490155097,0.0535714285714285,0.0736268861717439,0.058695652173913,0.1085869021194971,0.3371152518978605,0.0795883288854525,,,,13.6,3.39,2.33,0.11,0.53,0.2991999999999999,0.2447999999999999,0.816,5.83,5.72,3.5,2.44,0.5439999999999999,3.39,2.33,0.11,0.53,5.83,0.2991999999999999,0.2447999999999999,0.816
4712849,Anthony Black,ORL,2026-05-29,0.0,26.0,0.0,0.0,6.0,11,5,1,0,4,5,0,1,4,12,,3,4,,1,4,3,-11,33.0,0.3333333333333333,0.1515151515151515,0.0303030303030303,0.0,0.1212121212121212,0.3636363636363636,0.1212121212121212,0.0303030303030303,0.4472727272727272,0.0,35.333333333333336,3.214550253664321,12.666666666666666,4.333333333333333,1.6666666666666667,1.6666666666666667,4.666666666666667,2.6666666666666665,0.0,1.3333333333333333,4.666666666666667,10.333333333333334,,1.6666666666666667,2.333333333333333,,0.3333333333333333,4.0,3.333333333333333,-9.0,0.351935646053293,0.126968871677354,0.1226518579459755,0.0320033466373521,0.0455459573106631,0.0271770365376719,0.0439919557566616,0.0528136844198817,0.1309017779606015,0.0199502056641472,0.2924036747566159,0.079980551982254,0.0673019790666849,0.0479510680625238,0.0357420357420357,0.0387488970933696,0.357758581287993,0.1219798280666981,30.0,8.154753215150045,9.6,3.2,1.2,1.2,3.4,2.2,0.6,0.8,3.2,8.2,,2.0,3.0,,0.2,3.0,3.0,-11.6,0.2949220713926596,0.1377891322742522,0.1035056446821152,0.0431182667574108,0.0350198820787056,0.027603507697258,0.0340874811463046,0.0419939136191899,0.1016179898532839,0.058915995260558,0.2660404954522601,0.0671619911874929,0.1019196489784725,0.1234136955417566,0.0214452214452214,0.0336747152723191,0.3323303624480095,0.1060256695857958,30.0,8.154753215150045,9.6,3.2,1.2,1.2,3.4,2.2,0.6,0.8,3.2,8.2,,2.0,3.0,,0.2,3.0,3.0,-11.6,0.2949220713926596,0.1377891322742522,0.1035056446821152,0.0431182667574108,0.0350198820787056,0.027603507697258,0.0340874811463046,0.0419939136191899,0.1016179898532839,0.058915995260558,0.2660404954522601,0.0671619911874929,0.1019196489784725,0.1234136955417566,0.0214452214452214,0.0336747152723191,0.3323303624480095,0.1060256695857958,,,,32.05,10.73,3.81,1.31,1.16,0.7051,0.5768999999999999,1.923,15.85,14.54,12.04,5.12,1.2819999999999998,10.73,3.81,1.31,1.16,15.85,0.7051,0.5768999999999999,1.923
5105806,Jett Howard,ORL,2026-05-29,0.0,26.0,0.0,0.0,6.0,0,0,0,0,0,0,0,0,0,0,,0,0,,0,0,0,0,0.0,,,,,,,,,,0.0,0.0,0.0,0.0,0.0,0.0,0.0,0.0,0.0,0.0,0.0,0.0,0.0,,0.0,0.0,,0.0,0.0,0.0,0.0,,,,,,,,,,,,,,,,,,,0.0,0.0,0.0,0.0,0.0,0.0,0.0,0.0,0.0,0.0,0.0,0.0,,0.0,0.0,,0.0,0.0,0.0,0.0,,,,,,,,,,,,,,,,,,,0.0,0.0,0.0,0.0,0.0,0.0,0.0,0.0,0.0,0.0,0.0,0.0,,0.0,0.0,,0.0,0.0,0.0,0.0,,,,,,,,,,,,,,,,,,,,,,8.0,0.0,0.0,0.0,0.0,0.176,0.144,0.48,0.0,0.0,0.0,0.0,0.3199999999999999,0.0,0.0,0.0,0.0,0.0,0.176,0.144,0.48
5214637,Noah Penda,ORL,2026-05-29,0.0,26.0,0.0,0.0,6.0,0,0,0,0,0,0,0,0,0,0,,0,0,,0,0,0,0,0.0,,,,,,,,,,0.0,0.0,0.0,0.0,0.0,0.0,0.0,0.0,0.0,0.0,0.0,0.0,0.0,,0.0,0.0,,0.0,0.0,0.0,0.0,,,,,,,,,,,,,,,,,,,0.0,0.0,0.0,0.0,0.0,0.0,0.0,0.0,0.0,0.0,0.0,0.0,,0.0,0.0,,0.0,0.0,0.0,0.0,,,,,,,,,,,,,,,,,,,0.0,0.0,0.0,0.0,0.0,0.0,0.0,0.0,0.0,0.0,0.0,0.0,,0.0,0.0,,0.0,0.0,0.0,0.0,,,,,,,,,,,,,,,,,,,,,,8.0,0.0,0.0,0.0,0.0,0.176,0.144,0.48,0.0,0.0,0.0,0.0,0.3199999999999999,0.0,0.0,0.0,0.0,0.0,0.176,0.144,0.48
5239561,Jase Richardson,ORL,2026-05-29,0.0,26.0,0.0,0.0,6.0,0,0,0,0,0,0,0,0,0,0,,0,0,,0,0,0,0,0.0,,,,,,,,,,0.0,0.0,0.0,0.0,0.0,0.0,0.0,0.0,0.0,0.0,0.0,0.0,0.0,,0.0,0.0,,0.0,0.0,0.0,0.0,,,,,,,,,,,,,,,,,,,0.0,0.0,0.0,0.0,0.0,0.0,0.0,0.0,0.0,0.0,0.0,0.0,,0.0,0.0,,0.0,0.0,0.0,0.0,,,,,,,,,,,,,,,,,,,0.0,0.0,0.0,0.0,0.0,0.0,0.0,0.0,0.0,0.0,0.0,0.0,,0.0,0.0,,0.0,0.0,0.0,0.0,,,,,,,,,,,,,,,,,,,,,,8.0,0.0,0.0,0.0,0.0,0.176,0.144,0.48,0.0,0.0,0.0,0.0,0.3199999999999999,0.0,0.0,0.0,0.0,0.0,0.176,0.144,0.48
3012,Kyle Lowry,PHI,2026-05-29,0.0,19.0,0.0,0.0,10.0,0,0,0,0,0,0,0,0,0,0,,0,0,,0,0,0,0,0.0,,,,,,,,,,0.0,0.0,0.0,0.0,0.0,0.0,0.0,0.0,0.0,0.0,0.0,0.0,0.0,,0.0,0.0,,0.0,0.0,0.0,0.0,,,,,,,,,,,,,,,,,,,0.0,0.0,0.0,0.0,0.0,0.0,0.0,0.0,0.0,0.0,0.0,0.0,,0.0,0.0,,0.0,0.0,0.0,0.0,,,,,,,,,,,,,,,,,,,0.3333333333333333,0.7071067811865476,0.0,0.1111111111111111,0.0,0.0,0.0,0.0,0.0,0.0,0.0,0.0,,0.0,0.0,,0.0,0.1111111111111111,0.1111111111111111,-0.3333333333333333,0.0,0.0,0.25,0.3535533905932738,0.0,0.0,0.0,0.0,0.0,0.0,0.0,0.0,0.0,0.0,0.0,0.0,0.0,0.0,,,,8.0,0.0,0.0222222222222222,0.0,0.0,0.176,0.144,0.48,0.0222222222222222,0.0222222222222222,0.0,0.0222222222222222,0.3199999999999999,0.0,0.0222222222222222,0.0,0.0,0.0222222222222222,0.176,0.144,0.48
4251,Paul George,PHI,2026-05-29,0.0,19.0,0.0,0.0,10.0,7,1,2,1,4,0,0,2,3,7,,0,0,,0,1,2,-35,27.0,0.2592592592592592,0.037037037037037,0.074074074074074,0.037037037037037,0.1481481481481481,0.2592592592592592,0.0,0.074074074074074,0.3333333333333333,0.0,36.0,8.185352771872452,13.666666666666666,4.0,3.0,3.0,8.333333333333334,1.3333333333333333,0.6666666666666666,2.333333333333333,5.333333333333333,14.333333333333334,,0.0,0.3333333333333333,,1.3333333333333333,2.6666666666666665,3.0,-17.666666666666668,0.3652855221602671,0.0947962830494228,0.1027169560421294,0.0570194094251941,0.08201489943636,0.0098399787626879,0.0774211584085105,0.0396430564609166,0.2203333484443235,0.0775551651909382,0.3838493736494552,0.1113573613091726,0.0077519379844961,0.0134267504462703,0.0665110234673678,0.0174905436317404,0.4537712498300013,0.1112300514257812,35.2,8.167006795638168,14.2,3.6,2.6,3.2,7.2,0.8,0.4,2.2,5.4,12.8,,0.2,0.4,,0.8,2.8,2.8,-14.0,0.4118453059701529,0.152897195831844,0.098992810987915,0.0435100920058062,0.0770477675006438,0.0338071444375837,0.0915076401000513,0.0447986887231429,0.2021633790299641,0.0720183569868047,0.3625440564241053,0.106435907698437,0.0123434704830053,0.017736378616022,0.0618846360584426,0.0181368190280387,0.4298598194950704,0.1040461442878226,36.77777777777778,6.887992773257275,16.0,3.888888888888889,3.2222222222222223,3.555555555555556,7.111111111111111,1.4444444444444444,0.4444444444444444,2.111111111111111,6.0,13.444444444444445,,0.4444444444444444,0.5555555555555556,,0.5555555555555556,3.333333333333333,2.555555555555556,-6.333333333333333,0.4401636639565051,0.1255519522632969,0.1036998487317207,0.0614860299519662,0.0863598688006624,0.0435455736944275,0.0966551806080392,0.0334993100757257,0.1902916801774084,0.0633891217874111,0.3667626796510777,0.0839293652557762,0.0159972685479062,0.0201788631395885,0.0569536796241953,0.0251734517104273,0.4307551574363518,0.092851104023336,,,,33.816611111111115,13.32,3.3877777777777776,2.7544444444444443,2.881111111111111,0.7439654444444445,0.608699,2.028996666666667,19.462222222222223,16.70777777777778,16.074444444444445,6.142222222222221,1.3526644444444444,13.32,3.3877777777777776,2.7544444444444443,2.881111111111111,19.462222222222223,0.7439654444444445,0.608699,2.028996666666667
6585,Andre Drummond,PHI,2026-05-29,0.0,19.0,0.0,0.0,10.0,4,4,0,0,0,0,0,1,2,4,,0,0,,2,2,5,-14,7.0,0.5714285714285714,0.5714285714285714,0.0,0.0,0.0,0.5714285714285714,0.0,0.1428571428571428,0.7142857142857143,0.0,8.666666666666666,5.686240703077327,3.333333333333333,4.333333333333333,0.3333333333333333,0.0,0.3333333333333333,0.6666666666666666,0.0,0.3333333333333333,1.3333333333333333,2.333333333333333,,0.6666666666666666,0.6666666666666666,,1.3333333333333333,3.0,3.333333333333333,-4.666666666666667,0.3238095238095238,0.2932343679683933,0.4515873015873016,0.1756157507523755,0.0222222222222222,0.038490017945975,0.0,0.0,0.0833333333333333,0.1443375672974064,0.3182539682539682,0.2268828167738604,0.0444444444444444,0.0769800358919501,0.0476190476190476,0.0824786098842322,0.3854285714285714,0.286271314151667,8.6,4.037325847637272,2.0,3.4,0.4,0.0,0.4,0.4,0.0,0.6,0.8,1.6,,0.4,0.4,,1.0,2.4,2.8,-3.8,0.1942857142857142,0.2728534031157331,0.3626190476190476,0.1889102295534362,0.0383333333333333,0.0563964143856287,0.0,0.0,0.0722222222222222,0.1104144828575099,0.2131746031746031,0.2190530825175565,0.0266666666666666,0.0596284793999942,0.073015873015873,0.1038439824368007,0.2979238095238095,0.2630998913615646,10.444444444444445,6.821127309893709,3.4444444444444446,3.7777777777777777,0.3333333333333333,0.3333333333333333,0.6666666666666666,0.2222222222222222,0.1111111111111111,0.5555555555555556,1.2222222222222223,1.8888888888888888,,0.6666666666666666,0.8888888888888888,,1.0,2.7777777777777777,2.4444444444444446,-3.333333333333333,0.3001221001221001,0.2698985016572888,0.3504171754171754,0.2135436942616713,0.0435185185185185,0.0733354376802449,0.0244200244200244,0.051183841071363,0.0867657034323701,0.0957969313260734,0.190713607380274,0.1625533410812769,0.0995522995522995,0.1483794323208909,0.0491113824447157,0.0821589070850828,0.2836280016280016,0.2039448135202853,,,,7.611777777777777,2.988888888888889,3.8455555555555554,0.3066666666666666,0.0666666666666666,0.1674591111111111,0.137012,0.4567066666666666,7.141111111111111,6.834444444444444,3.295555555555556,4.152222222222222,0.3044711111111111,2.988888888888889,3.8455555555555554,0.3066666666666666,0.0666666666666666,7.141111111111111,0.1674591111111111,0.137012,0.4567066666666666
3059318,Joel Embiid,PHI,2026-05-29,0.0,19.0,0.0,0.0,8.0,24,5,4,2,2,0,0,3,8,8,,6,7,,1,4,3,-24,28.0,0.8571428571428571,0.1785714285714285,0.1428571428571428,0.0714285714285714,0.0714285714285714,0.2857142857142857,0.25,0.1071428571428571,0.5028571428571429,0.0,29.33333333333333,5.131601439446882,18.666666666666668,5.0,3.333333333333333,0.6666666666666666,2.6666666666666665,0.0,1.0,2.333333333333333,6.0,12.0,,6.0,7.333333333333333,,0.6666666666666666,4.333333333333333,2.333333333333333,-19.0,0.6438095238095238,0.186160635777076,0.17,0.0093677693204314,0.1085714285714285,0.0593845991166471,0.0238095238095238,0.0412393049421161,0.0885714285714285,0.0226778683805536,0.4038095238095238,0.1047965310741249,0.2604761904761905,0.0947212164382268,0.0776190476190476,0.034295633485773,0.5960380952380953,0.0808077857096237,32.2,5.630275304103699,21.8,7.4,4.8,0.8,3.4,0.2,0.8,1.8,7.2,16.0,,6.6,8.0,,1.0,6.4,2.2,-7.8,0.6724093945270415,0.1763673295570446,0.2223619909502262,0.0721647102671651,0.1429709114414997,0.0693629580379703,0.0252962723550958,0.0292619545658202,0.10306744236156,0.0299769479933723,0.481501400560224,0.1384325537530077,0.253872441284206,0.0727532505174077,0.0575819866408101,0.0366422528775545,0.650787261366085,0.1112262092721175,33.42857142857143,5.255382728122437,24.0,7.285714285714286,5.428571428571429,0.7142857142857143,4.0,0.2857142857142857,0.8571428571428571,2.142857142857143,8.142857142857142,17.714285714285715,,7.0,8.428571428571429,,1.1428571428571428,6.142857142857143,2.4285714285714284,-7.285714285714286,0.710415243020285,0.1596957546078316,0.2154988149105796,0.0816513600414048,0.1566361929387139,0.0618108106322108,0.0222704466401945,0.0258772656450997,0.1171447040354603,0.0370297394987501,0.5164139501954628,0.1280456277291045,0.2557826207406039,0.0595404684444524,0.0647240434635392,0.0324737303748052,0.6936823467848677,0.1173340043478182,,,,31.146214285714287,21.63,6.297142857142857,4.365714285714287,0.9228571428571428,0.6852167142857143,0.5606318571428571,1.868772857142857,32.292857142857144,27.92714285714285,25.99571428571429,10.662857142857144,1.2458485714285714,21.63,6.297142857142857,4.365714285714287,0.9228571428571428,32.292857142857144,0.6852167142857143,0.5606318571428571,1.868772857142857
3133603,Kelly Oubre Jr.,PHI,2026-05-29,0.0,19.0,0.0,0.0,10.0,10,4,0,0,1,0,0,0,4,6,,2,3,,1,3,0,-28,26.0,0.3846153846153846,0.1538461538461538,0.0,0.0,0.0384615384615384,0.2307692307692307,0.1153846153846153,0.0,0.2815384615384615,0.0,34.0,7.211102550927977,17.0,5.666666666666667,1.0,1.6666666666666667,4.0,0.3333333333333333,0.0,0.3333333333333333,5.666666666666667,11.333333333333334,,4.0,4.333333333333333,,1.0,4.666666666666667,2.0,-14.0,0.4902421652421653,0.1140145658727815,0.167022792022792,0.0499325341704716,0.0259259259259259,0.0250513875156827,0.0435185185185185,0.0389219436240438,0.1091168091168091,0.0614409444186694,0.3250712250712251,0.1090215528219813,0.1273504273504273,0.0349069706951489,0.0083333333333333,0.0144337567297406,0.3894387464387465,0.1194385214296268,32.0,5.958187643906494,13.8,5.4,1.2,1.2,3.4,0.4,0.2,0.8,4.8,9.6,,3.0,3.2,,1.0,4.4,2.2,-12.2,0.4217438654535429,0.1522031424717556,0.1695087767668412,0.0364635059611761,0.0358661887694145,0.0243606263868821,0.0335185185185185,0.0334129707119403,0.0996397389945777,0.0460468197869103,0.2930116717213491,0.0958626316524331,0.0967208896241154,0.0496256179171141,0.0262664277180406,0.03042583216168,0.3618352908740005,0.103706695817229,33.55555555555556,5.410894360249309,11.77777777777778,5.777777777777778,1.1111111111111112,0.8888888888888888,3.111111111111111,0.5555555555555556,0.5555555555555556,0.7777777777777778,4.222222222222222,9.11111111111111,,2.4444444444444446,2.7777777777777777,,1.1111111111111112,4.666666666666667,2.4444444444444446,-7.777777777777778,0.3424677572527035,0.1787876061975074,0.1716494858519948,0.0377037359300108,0.0326088926671363,0.0178017781749482,0.0242481798037353,0.0275541649468471,0.0891264334364692,0.0364274567104998,0.266323114194978,0.0859605515468808,0.081183625381654,0.0434125171768558,0.0231394683903644,0.0321146305503303,0.3251833777532702,0.1048863061662569,,,,31.657222222222217,13.785555555555556,5.345555555555555,0.9422222222222222,1.0977777777777775,0.6964588888888887,0.5698299999999998,1.8994333333333329,20.07333333333333,19.13111111111111,14.727777777777778,6.2877777777777775,1.2662888888888886,13.785555555555556,5.345555555555555,0.9422222222222222,1.0977777777777775,20.07333333333333,0.6964588888888887,0.5698299999999998,1.8994333333333329
4397014,Quentin Grimes,PHI,2026-05-29,0.0,19.0,0.0,0.0,10.0,6,0,0,2,5,0,1,0,2,6,,0,0,,0,0,2,-24,16.0,0.375,0.0,0.0,0.125,0.3125,0.375,0.0,0.0,0.375,0.0,20.666666666666668,4.163331998932266,6.333333333333333,1.6666666666666667,1.6666666666666667,1.6666666666666667,4.0,0.3333333333333333,0.3333333333333333,0.6666666666666666,1.6666666666666667,5.333333333333333,,1.3333333333333333,1.3333333333333333,,0.3333333333333333,1.3333333333333333,3.0,-15.666666666666666,0.3131313131313131,0.0544102561273114,0.0719696969696969,0.0646163716258787,0.0719696969696969,0.0646163716258787,0.0858585858585858,0.0418956061187804,0.2077020202020202,0.1158300466598082,0.2714646464646464,0.104172405718855,0.0555555555555555,0.0962250448649376,0.029040404040404,0.0252209398427249,0.3249494949494949,0.0470332740132088,22.4,3.847076812334269,5.4,2.4,2.6,1.2,3.2,0.4,0.2,0.4,1.4,4.8,,1.4,1.6,,0.2,2.2,2.4,-14.0,0.2526223776223776,0.0970833000585301,0.0976689976689976,0.0882947425707182,0.1072843822843822,0.0666824306512633,0.0598484848484848,0.0486119309913805,0.1573135198135198,0.1113779145147983,0.226981351981352,0.095690502613444,0.0653846153846153,0.0693967620652531,0.0174242424242424,0.0238966822660416,0.2731748251748251,0.0785035059685641,21.88888888888889,3.822448313726572,6.777777777777778,2.555555555555556,2.4444444444444446,1.2222222222222223,3.333333333333333,0.3333333333333333,0.4444444444444444,0.3333333333333333,2.0,5.111111111111111,,1.5555555555555556,1.7777777777777777,,0.2222222222222222,2.333333333333333,2.0,-7.0,0.3041504791504791,0.2129453016209311,0.1175602175602175,0.0852140029117235,0.1048886298886298,0.0802575267312087,0.0563973063973064,0.0594239728573237,0.1562516187516187,0.0983365979022741,0.2332556332556332,0.0997251292164768,0.0789173789173789,0.0680880016310081,0.0143097643097643,0.0214924804678651,0.2822890442890443,0.0996768854239569,,,,20.181555555555555,6.045555555555556,1.851111111111111,1.8988888888888888,1.4644444444444444,0.4439942222222222,0.363268,1.2108933333333332,9.795555555555556,7.896666666666666,7.944444444444445,3.75,0.8072622222222221,6.045555555555556,1.851111111111111,1.8988888888888888,1.4644444444444444,9.795555555555556,0.4439942222222222,0.363268,1.2108933333333332
4397179,Tyrese Martin,PHI,2026-05-29,0.0,19.0,0.0,0.0,2.0,0,0,0,0,0,0,0,0,0,0,,0,0,,0,0,0,0,0.0,,,,,,,,,,0.0,0.0,,0.0,0.0,0.0,0.0,0.0,0.0,0.0,0.0,0.0,0.0,,0.0,0.0,,0.0,0.0,0.0,0.0,,,,,,,,,,,,,,,,,,,0.0,,0.0,0.0,0.0,0.0,0.0,0.0,0.0,0.0,0.0,0.0,,0.0,0.0,,0.0,0.0,0.0,0.0,,,,,,,,,,,,,,,,,,,0.0,,0.0,0.0,0.0,0.0,0.0,0.0,0.0,0.0,0.0,0.0,,0.0,0.0,,0.0,0.0,0.0,0.0,,,,,,,,,,,,,,,,,,,,,,8.0,0.0,0.0,0.0,0.0,0.176,0.144,0.48,0.0,0.0,0.0,0.0,0.3199999999999999,0.0,0.0,0.0,0.0,0.0,0.176,0.144,0.48
4431675,Trendon Watford,PHI,2026-05-29,0.0,19.0,0.0,0.0,10.0,2,0,1,0,0,2,0,0,1,1,,0,0,,0,0,2,14,9.0,0.2222222222222222,0.0,0.1111111111111111,0.0,0.0,0.1111111111111111,0.0,0.0,0.1111111111111111,0.0,3.6666666666666665,4.725815626252607,1.6666666666666667,0.0,0.3333333333333333,0.0,0.0,0.6666666666666666,0.0,0.0,0.6666666666666666,0.6666666666666666,,0.3333333333333333,0.6666666666666666,,0.0,0.0,0.6666666666666666,5.333333333333333,0.8611111111111112,0.903525331516144,0.0,0.0,0.0555555555555555,0.0785674201318386,0.0,0.0,0.0,0.0,0.3055555555555556,0.2749859704614352,0.5,0.7071067811865476,0.0,0.0,0.5255555555555556,0.586112954183516,5.0,6.244997998398398,2.0,0.2,0.4,0.0,0.2,0.6,0.0,0.4,0.6,1.2,,0.8,1.2,,0.0,0.2,0.4,0.8,0.6931216931216931,0.7020258869977297,0.0238095238095238,0.0412393049421161,0.0608465608465608,0.0563063403539491,0.0,0.0,0.0238095238095238,0.0412393049421161,0.2989417989417989,0.1947815887216927,0.4285714285714285,0.5150787536377128,0.0476190476190476,0.0824786098842322,0.5351322751322751,0.4147762507719282,3.6666666666666665,4.873397172404482,1.5555555555555556,0.2222222222222222,0.3333333333333333,0.0,0.1111111111111111,0.3333333333333333,0.0,0.2222222222222222,0.4444444444444444,0.7777777777777778,,0.6666666666666666,0.8888888888888888,,0.0,0.2222222222222222,0.2222222222222222,-0.4444444444444444,0.4798941798941799,0.5805416768983431,0.0952380952380952,0.2003398473139298,0.0637566137566137,0.0813120963232556,0.0,0.0,0.0119047619047619,0.0291605921759902,0.1828042328042328,0.1915588718314582,0.2809523809523809,0.3919253017819477,0.0238095238095238,0.0583211843519804,0.3302328042328042,0.3715459869584922,,,,7.125,1.8111111111111111,0.1144444444444444,0.4566666666666666,0.0,0.15675,0.12825,0.4275,2.382222222222222,1.9255555555555557,2.267777777777778,0.5711111111111111,0.285,1.8111111111111111,0.1144444444444444,0.4566666666666666,0.0,2.382222222222222,0.15675,0.12825,0.4275
4431678,Tyrese Maxey,PHI,2026-05-29,0.0,19.0,0.0,0.0,10.0,17,2,4,1,7,0,0,2,6,16,,4,6,,0,2,2,-35,33.0,0.5151515151515151,0.0606060606060606,0.1212121212121212,0.0303030303030303,0.2121212121212121,0.4848484848484848,0.1818181818181818,0.0606060606060606,0.6254545454545455,0.0,41.333333333333336,7.371114795831994,20.0,2.333333333333333,5.666666666666667,1.0,5.333333333333333,0.6666666666666666,0.0,3.333333333333333,7.666666666666667,17.0,,3.6666666666666665,5.0,,0.0,2.333333333333333,1.6666666666666667,-15.333333333333334,0.4849022136256178,0.0874308201728059,0.0566301310982162,0.0098116455909425,0.1359875349237051,0.0202661500242233,0.0247689662583279,0.0048472171980535,0.1359875349237051,0.07233016988728,0.415645819901139,0.1237916621880035,0.1244358478401031,0.1078730415852399,0.077906726842897,0.0437481598236775,0.5483043197936815,0.202865768769959,39.2,8.729261137118078,20.6,4.2,5.2,1.0,4.6,0.4,0.0,3.0,7.4,15.6,,4.8,5.6,,0.2,4.0,2.0,-13.2,0.5205709578050004,0.1024414684993599,0.1050891897700408,0.0816907712389968,0.127518446880149,0.0342015733482703,0.0237502686438856,0.0161433301733285,0.121592520954223,0.0553722487712806,0.3960541586073501,0.0945379849830729,0.1531800272225804,0.096693542280034,0.0808181101798123,0.0543600118034283,0.5442714807650978,0.1491687307457595,40.11111111111112,6.333333333333334,23.444444444444443,4.333333333333333,5.333333333333333,2.2222222222222223,6.444444444444445,0.7777777777777778,0.4444444444444444,2.111111111111111,8.555555555555555,18.11111111111111,,4.111111111111111,4.555555555555555,,0.3333333333333333,4.0,1.7777777777777777,-7.0,0.5802605973286055,0.1195990767430685,0.1059157981803536,0.0783441077602369,0.130192049669481,0.0261916473055758,0.0536184893475013,0.0397698923262174,0.1611160615366454,0.0780231206568822,0.4485522980327532,0.1388642156070687,0.1205589790709918,0.0821316523098272,0.0554901891795069,0.0501505898472952,0.5570884380034965,0.1446008785490067,,,,38.88494444444445,20.44888888888889,3.3366666666666664,5.186666666666666,1.2444444444444445,0.8554687777777779,0.699929,2.333096666666667,28.97222222222222,23.78555555555556,25.635555555555555,8.523333333333332,1.555397777777778,20.44888888888889,3.3366666666666664,5.186666666666666,1.2444444444444445,28.97222222222222,0.8554687777777779,0.699929,2.333096666666667
4432179,MarJon Beauchamp,PHI,2026-05-29,0.0,19.0,0.0,0.0,2.0,0,0,0,0,0,0,0,0,0,0,,0,0,,0,0,0,0,0.0,,,,,,,,,,0.0,0.0,,0.0,0.0,0.0,0.0,0.0,0.0,0.0,0.0,0.0,0.0,,0.0,0.0,,0.0,0.0,0.0,0.0,,,,,,,,,,,,,,,,,,,0.0,,0.0,0.0,0.0,0.0,0.0,0.0,0.0,0.0,0.0,0.0,,0.0,0.0,,0.0,0.0,0.0,0.0,,,,,,,,,,,,,,,,,,,0.0,,0.0,0.0,0.0,0.0,0.0,0.0,0.0,0.0,0.0,0.0,,0.0,0.0,,0.0,0.0,0.0,0.0,,,,,,,,,,,,,,,,,,,,,,8.0,0.0,0.0,0.0,0.0,0.176,0.144,0.48,0.0,0.0,0.0,0.0,0.3199999999999999,0.0,0.0,0.0,0.0,0.0,0.176,0.144,0.48
4432446,Jabari Walker,PHI,2026-05-29,0.0,19.0,0.0,0.0,10.0,0,2,0,0,0,0,0,0,0,1,,0,0,,0,2,1,12,7.0,0.0,0.2857142857142857,0.0,0.0,0.0,0.1428571428571428,0.0,0.0,0.1428571428571428,0.0,3.0,3.6055512754639887,0.0,0.6666666666666666,0.0,0.0,0.3333333333333333,0.0,0.0,0.0,0.0,0.6666666666666666,,0.0,0.0,,0.0,0.6666666666666666,0.3333333333333333,4.666666666666667,0.0,0.0,0.1428571428571428,0.2020305089104421,0.0,0.0,0.0,0.0,0.25,0.3535533905932738,0.3214285714285714,0.2525381361380526,0.0,0.0,0.0,0.0,0.3214285714285714,0.2525381361380526,3.8,4.494441010848846,0.4,0.8,0.0,0.0,0.2,0.0,0.0,0.2,0.0,0.8,,0.4,0.4,,0.2,0.6,0.6,1.2,0.0666666666666666,0.1154700538379251,0.1619047619047619,0.1466171839841966,0.0,0.0,0.0,0.0,0.1666666666666666,0.2886751345948129,0.2809523809523809,0.191840353128416,0.0666666666666666,0.1154700538379251,0.0333333333333333,0.0577350269189625,0.3436190476190476,0.1826609066076293,2.7777777777777777,3.5978388574871505,0.4444444444444444,0.5555555555555556,0.0,0.0,0.5555555555555556,0.0,0.0,0.1111111111111111,0.1111111111111111,1.1111111111111112,,0.2222222222222222,0.2222222222222222,,0.2222222222222222,0.3333333333333333,0.3333333333333333,0.2222222222222222,0.1399999999999999,0.2190890230020664,0.1471428571428571,0.1377294004746337,0.0,0.0,0.0,0.0,0.4,0.4183300132670378,0.5685714285714286,0.4165455606312864,0.04,0.0894427190999916,0.02,0.0447213595499958,0.6061714285714286,0.3820121592252246,,,,6.775,0.2288888888888888,0.8911111111111112,0.0,0.0,0.14905,0.12195,0.4065,1.12,1.12,0.2288888888888888,0.8911111111111112,0.271,0.2288888888888888,0.8911111111111112,0.0,0.0,1.12,0.14905,0.12195,0.4065
4433159,Dalen Terry,PHI,2026-05-29,0.0,19.0,0.0,0.0,10.0,9,1,3,1,1,3,0,1,3,4,,2,5,,0,1,2,9,12.0,0.75,0.0833333333333333,0.25,0.0833333333333333,0.0833333333333333,0.3333333333333333,0.4166666666666667,0.0833333333333333,0.6,0.0,4.666666666666667,6.429100507328636,3.0,0.6666666666666666,1.3333333333333333,0.3333333333333333,0.3333333333333333,1.3333333333333333,0.0,0.3333333333333333,1.0,2.0,,0.6666666666666666,1.6666666666666667,,0.0,0.6666666666666666,1.0,3.6666666666666665,0.375,0.5303300858899106,0.2916666666666667,0.2946278254943948,0.375,0.1767766952966369,0.0416666666666666,0.0589255650988789,0.0416666666666666,0.0589255650988789,0.6666666666666666,0.4714045207910317,0.2083333333333333,0.2946278254943948,0.0416666666666666,0.0589255650988789,0.8,0.282842712474619,5.2,6.260990336999411,2.4,0.4,1.0,0.4,0.6,1.0,0.0,0.2,0.8,2.0,,0.4,1.0,,0.0,0.4,0.6,0.6,0.3333333333333333,0.3818813079129866,0.1944444444444444,0.2678791878053599,0.2777777777777778,0.2097176232019652,0.0555555555555555,0.0481125224324688,0.0833333333333333,0.0833333333333333,0.5555555555555555,0.3849001794597505,0.1388888888888889,0.2405626121623441,0.0277777777777777,0.0481125224324688,0.6444444444444444,0.3355481971231444,3.6666666666666665,4.898979485566356,1.3333333333333333,0.2222222222222222,0.5555555555555556,0.2222222222222222,0.4444444444444444,0.5555555555555556,0.0,0.2222222222222222,0.4444444444444444,1.2222222222222223,,0.2222222222222222,0.5555555555555556,,0.0,0.2222222222222222,0.3333333333333333,-0.5555555555555556,0.1666666666666666,0.3027650354097491,0.0972222222222222,0.2001157072703097,0.1388888888888889,0.2018433569398327,0.0277777777777777,0.0430331482911935,0.0833333333333333,0.1054092553389459,0.3194444444444444,0.3667297925458753,0.0694444444444444,0.1701034543599429,0.0555555555555555,0.1009216784699164,0.4055555555555555,0.383212541355123,,,,7.65,3.3566666666666665,0.5344444444444444,1.311111111111111,0.4344444444444444,0.1683,0.1377,0.459,5.202222222222222,3.891111111111111,4.667777777777777,1.8455555555555556,0.306,3.3566666666666665,0.5344444444444444,1.311111111111111,0.4344444444444444,5.202222222222222,0.1683,0.1377,0.459
4433569,Johni Broome,PHI,2026-05-29,0.0,19.0,0.0,0.0,10.0,7,1,1,1,3,0,0,0,3,5,,0,0,,0,1,0,4,3.0,2.333333333333333,0.3333333333333333,0.3333333333333333,0.3333333333333333,1.0,1.6666666666666667,0.0,0.0,1.6666666666666667,0.0,1.0,1.7320508075688772,2.333333333333333,0.3333333333333333,0.3333333333333333,0.3333333333333333,1.0,0.0,0.0,0.0,1.0,1.6666666666666667,,0.0,0.0,,0.0,0.3333333333333333,0.0,1.3333333333333333,2.333333333333333,,0.3333333333333333,,0.3333333333333333,,0.3333333333333333,,1.0,,1.6666666666666667,,0.0,,0.0,,1.6666666666666667,,1.6,2.3021728866442674,1.4,0.4,0.2,0.2,0.8,0.0,0.0,0.0,0.6,1.2,,0.0,0.0,,0.2,0.2,0.0,0.8,1.1666666666666667,1.649915822768611,0.2666666666666666,0.0942809041582063,0.1666666666666666,0.2357022603955158,0.1666666666666666,0.2357022603955158,0.6,0.565685424949238,0.9333333333333332,1.0370899457402698,0.0,0.0,0.0,0.0,0.9333333333333332,1.0370899457402698,0.8888888888888888,1.8333333333333333,0.7777777777777778,0.2222222222222222,0.1111111111111111,0.1111111111111111,0.4444444444444444,0.0,0.0,0.0,0.3333333333333333,0.6666666666666666,,0.0,0.0,,0.1111111111111111,0.1111111111111111,0.0,0.4444444444444444,1.1666666666666667,1.649915822768611,0.2666666666666666,0.0942809041582063,0.1666666666666666,0.2357022603955158,0.1666666666666666,0.2357022603955158,0.6,0.565685424949238,0.9333333333333332,1.0370899457402698,0.0,0.0,0.0,0.0,0.9333333333333332,1.0370899457402698,,,,6.25,2.395555555555555,0.4344444444444444,0.3422222222222222,0.3422222222222222,0.1374999999999999,0.1124999999999999,0.375,3.1722222222222216,2.83,2.7377777777777776,0.7766666666666666,0.2499999999999999,2.395555555555555,0.4344444444444444,0.3422222222222222,0.3422222222222222,3.1722222222222216,0.1374999999999999,0.1124999999999999,0.375
4711297,Justin Edwards,PHI,2026-05-29,0.0,19.0,0.0,0.0,10.0,8,1,1,0,6,0,0,0,3,9,,2,2,,0,1,1,3,17.0,0.4705882352941176,0.0588235294117647,0.0588235294117647,0.0,0.3529411764705882,0.5294117647058824,0.1176470588235294,0.0,0.5811764705882353,0.0,6.333333333333333,9.29157324317757,2.6666666666666665,0.3333333333333333,0.3333333333333333,0.0,2.0,0.0,0.0,0.0,1.0,3.0,,0.6666666666666666,0.6666666666666666,,0.0,0.3333333333333333,0.3333333333333333,1.6666666666666667,0.2352941176470588,0.3327561323230812,0.0294117647058823,0.0415945165403851,0.0294117647058823,0.0415945165403851,0.0,0.0,0.1764705882352941,0.2495670992423109,0.2647058823529412,0.3743506488634663,0.0588235294117647,0.0831890330807703,0.0,0.0,0.2905882352941176,0.4109538234190052,7.4,8.35463942968217,3.2,0.2,0.2,0.4,2.0,0.0,0.0,0.4,1.0,2.8,,0.8,1.2,,0.0,0.2,1.4,-2.6,0.2426470588235294,0.2804418576546628,0.0147058823529411,0.0294117647058823,0.0147058823529411,0.0294117647058823,0.03125,0.0625,0.150735294117647,0.1790558185571459,0.3198529411764705,0.2473548063626023,0.0919117647058823,0.1190934373848661,0.03125,0.0624999999999999,0.3915441176470588,0.2644263638579068,7.888888888888889,6.918172526839086,2.0,1.1111111111111112,0.3333333333333333,0.2222222222222222,1.4444444444444444,0.0,0.0,0.6666666666666666,0.6666666666666666,2.0,,0.4444444444444444,0.6666666666666666,,0.2222222222222222,0.8888888888888888,1.3333333333333333,-4.666666666666667,0.1672268907563025,0.2293830334662561,0.1277839807251572,0.1806864124183153,0.0343773873185637,0.0686117404192755,0.0178571428571428,0.0472455591261534,0.1256948933419521,0.1428228450015632,0.2366192630898513,0.2224010067108585,0.0525210084033613,0.0974949880625369,0.0684065934065934,0.0880694847859627,0.3281351001939238,0.2491776541547167,,,,8.926555555555554,3.52,0.5422222222222223,0.3866666666666666,0.1844444444444444,0.1963842222222221,0.1606779999999999,0.5355933333333333,4.448888888888889,4.062222222222222,3.9066666666666663,0.9288888888888888,0.3570622222222221,3.52,0.5422222222222223,0.3866666666666666,0.1844444444444444,4.448888888888889,0.1963842222222221,0.1606779999999999,0.5355933333333333
4870562,Dominick Barlow,PHI,2026-05-29,0.0,19.0,0.0,0.0,10.0,5,1,1,0,0,0,0,0,2,3,,1,1,,0,1,1,-3,15.0,0.3333333333333333,0.0666666666666666,0.0666666666666666,0.0,0.0,0.2,0.0666666666666666,0.0,0.2293333333333333,0.0,14.333333333333334,2.081665999466136,4.333333333333333,1.3333333333333333,0.3333333333333333,0.0,0.0,0.3333333333333333,0.6666666666666666,0.6666666666666666,2.0,2.333333333333333,,0.3333333333333333,0.3333333333333333,,0.0,1.3333333333333333,1.3333333333333333,-5.333333333333333,0.2916666666666667,0.1102396379610245,0.0916666666666666,0.0300462606288666,0.0222222222222222,0.038490017945975,0.0,0.0,0.0,0.0,0.1569444444444444,0.0640547364311122,0.0222222222222222,0.038490017945975,0.0416666666666666,0.0721687836487032,0.2083888888888888,0.1160100969424325,11.6,5.594640292279745,4.0,1.4,0.2,0.0,0.0,0.4,0.4,0.4,1.8,2.0,,0.4,0.6,,0.2,1.2,0.8,-4.6,0.2826923076923077,0.2060825157244325,0.1011538461538461,0.0853050757577347,0.0133333333333333,0.0298142396999971,0.0,0.0,0.0,0.0,0.1403205128205128,0.0960545427390194,0.0441025641025641,0.0678010005375935,0.025,0.0559016994374947,0.184725641025641,0.1375281333958443,8.333333333333334,6.422616289332565,2.4444444444444446,1.2222222222222223,0.1111111111111111,0.0,0.1111111111111111,0.2222222222222222,0.4444444444444444,0.2222222222222222,1.0,1.2222222222222223,,0.4444444444444444,0.5555555555555556,,0.3333333333333333,0.8888888888888888,0.6666666666666666,-5.111111111111111,0.2495421245421245,0.2019351896671249,0.1566683316683317,0.1666923446224911,0.0095238095238095,0.0251976315339484,0.0,0.0,0.0129870129870129,0.0343604066372024,0.1132159507159507,0.094775730585919,0.0791208791208791,0.1260974491010719,0.0178571428571428,0.0472455591261534,0.1658862803862804,0.117913478125071,,,,12.704833333333331,3.9388888888888887,1.2844444444444445,0.3422222222222222,0.0,0.2795063333333333,0.2286869999999999,0.7622899999999999,5.565555555555555,5.223333333333333,4.281111111111111,1.6266666666666665,0.5081933333333333,3.9388888888888887,1.2844444444444445,0.3422222222222222,0.0,5.565555555555555,0.2795063333333333,0.2286869999999999,0.7622899999999999
5105637,Adem Bona,PHI,2026-05-29,0.0,19.0,0.0,0.0,10.0,7,2,0,0,0,0,1,0,2,2,,3,4,,1,1,1,4,10.0,0.7,0.2,0.0,0.0,0.0,0.2,0.4,0.0,0.376,0.0,9.333333333333334,7.023769168568493,3.0,3.0,0.3333333333333333,0.0,0.0,0.0,1.0,0.6666666666666666,0.6666666666666666,0.6666666666666666,,1.6666666666666667,2.6666666666666665,,2.333333333333333,0.6666666666666666,2.333333333333333,-0.6666666666666666,0.2749999999999999,0.3733296130767019,0.2125,0.2190176933491903,0.0208333333333333,0.0360843918243516,0.0,0.0,0.0,0.0,0.0666666666666666,0.1154700538379251,0.2166666666666666,0.202072594216369,0.0416666666666666,0.072168783648703,0.2036666666666666,0.1899482385633868,6.4,6.54217089351845,1.8,2.0,0.2,0.0,0.0,0.0,0.6,1.0,0.4,0.4,,1.0,1.6,,1.4,0.6,2.4,-1.2,0.20625,0.3343993371205551,0.221875,0.1798074780610269,0.015625,0.03125,0.0,0.0,0.0,0.0,0.05,0.1,0.1625,0.1973786547054501,0.21875,0.3590351654086268,0.34025,0.3141235160463688,6.555555555555555,7.828012377211586,2.555555555555556,1.6666666666666667,0.1111111111111111,0.0,0.0,0.1111111111111111,0.6666666666666666,1.0,0.7777777777777778,1.0,,1.0,1.5555555555555556,,1.0,0.6666666666666666,2.0,0.3333333333333333,0.3256493506493506,0.4020580540998873,0.1592532467532467,0.1673459323038308,0.0089285714285714,0.0236227795630767,0.0,0.0,0.0,0.0,0.1324675324675324,0.1909709238146504,0.1318181818181818,0.1709034492943786,0.1801948051948051,0.2683060648426089,0.3706623376623376,0.3145820381347933,,,,7.3,3.091111111111111,2.2333333333333334,0.1922222222222222,0.0,0.1606,0.1314,0.438,5.516666666666667,5.3244444444444445,3.283333333333333,2.4255555555555555,0.292,3.091111111111111,2.2333333333333334,0.1922222222222222,0.0,5.516666666666667,0.1606,0.1314,0.438
5124612,VJ Edgecombe,PHI,2026-05-29,0.0,19.0,0.0,0.0,10.0,8,6,7,0,6,0,1,0,4,14,,0,0,,2,4,1,-33,30.0,0.2666666666666666,0.2,0.2333333333333333,0.0,0.2,0.4666666666666667,0.0,0.0,0.4666666666666667,0.0,36.66666666666666,5.773502691896256,12.0,6.0,4.666666666666667,1.3333333333333333,6.0,1.0,0.3333333333333333,2.0,4.666666666666667,12.0,,1.3333333333333333,2.0,,2.0,4.0,2.6666666666666665,-15.666666666666666,0.3222222222222222,0.0891056385130302,0.1666666666666666,0.0381881307912986,0.1361111111111111,0.0851197413669142,0.0333333333333333,0.0381881307912986,0.1666666666666666,0.0381881307912986,0.3388888888888888,0.1214305166355244,0.05,0.0499999999999999,0.05,0.0499999999999999,0.4108888888888889,0.0986375707850227,36.4,6.985699678629192,14.2,5.0,4.0,2.2,6.8,0.8,0.2,2.0,5.4,12.8,,1.2,2.0,,1.6,3.4,2.6,-8.6,0.3835930735930736,0.1101818401653068,0.1344155844155844,0.0628148168378293,0.1141341991341991,0.0676440518646377,0.057012987012987,0.0447572913504248,0.1857142857142857,0.0452459266404283,0.3591774891774892,0.0902760050021055,0.0533766233766233,0.0368199568962145,0.0507792207792207,0.0371874448568865,0.4334424242424243,0.0764517667254679,37.44444444444444,5.270462766947298,12.333333333333334,6.0,3.555555555555556,1.6666666666666667,6.333333333333333,0.7777777777777778,0.4444444444444444,1.5555555555555556,4.666666666666667,12.11111111111111,,1.3333333333333333,1.8888888888888888,,1.7777777777777777,4.222222222222222,3.0,-3.333333333333333,0.3274395029208893,0.1144710547780703,0.1569575320003219,0.0624299189851992,0.0971497068202245,0.0570030153947804,0.0429311916154021,0.0418255301980445,0.1687009982046353,0.0409622642853509,0.3277772529377151,0.0928146764040873,0.0501540045399694,0.0332574159210096,0.0394949299420844,0.031940894718296,0.389339944877386,0.0939971357497682,,,,35.47377777777777,12.236666666666666,5.65,4.561111111111111,1.5033333333333334,0.7804231111111108,0.6385279999999998,2.128426666666666,22.447777777777777,17.886666666666667,16.797777777777778,10.21111111111111,1.4189511111111106,12.236666666666666,5.65,4.561111111111111,1.5033333333333334,22.447777777777777,0.7804231111111108,0.6385279999999998,2.128426666666666
3995,Jrue Holiday,POR,2026-05-29,0.0,31.0,0.0,0.0,4.0,8,6,7,1,6,0,0,2,3,14,,1,1,,1,5,3,-22,40.0,0.2,0.15,0.175,0.025,0.15,0.35,0.025,0.05,0.4109999999999999,0.0,39.333333333333336,2.0816659994661326,19.0,6.0,5.333333333333333,3.0,7.0,1.6666666666666667,0.0,3.333333333333333,7.0,15.0,,2.0,2.333333333333333,,1.0,5.0,3.0,-18.0,0.482619204570424,0.2585707138348264,0.1528345418589321,0.0082824874209103,0.1350197758734344,0.0353089460936503,0.0760107668644254,0.0486740773504457,0.1772247857613711,0.0371234196961519,0.3801252471984179,0.0510126290857277,0.0623873873873873,0.0873069542534715,0.0869808833223467,0.0651117525373958,0.4945565809712151,0.087128852442139,39.333333333333336,2.0816659994661326,19.0,6.0,5.333333333333333,3.0,7.0,1.6666666666666667,0.0,3.333333333333333,7.0,15.0,,2.0,2.333333333333333,,1.0,5.0,3.0,-18.0,0.482619204570424,0.2585707138348264,0.1528345418589321,0.0082824874209103,0.1350197758734344,0.0353089460936503,0.0760107668644254,0.0486740773504457,0.1772247857613711,0.0371234196961519,0.3801252471984179,0.0510126290857277,0.0623873873873873,0.0873069542534715,0.0869808833223467,0.0651117525373958,0.4945565809712151,0.087128852442139,39.333333333333336,2.0816659994661326,19.0,6.0,5.333333333333333,3.0,7.0,1.6666666666666667,0.0,3.333333333333333,7.0,15.0,,2.0,2.333333333333333,,1.0,5.0,3.0,-18.0,0.482619204570424,0.2585707138348264,0.1528345418589321,0.0082824874209103,0.1350197758734344,0.0353089460936503,0.0760107668644254,0.0486740773504457,0.1772247857613711,0.0371234196961519,0.3801252471984179,0.0510126290857277,0.0623873873873873,0.0873069542534715,0.0869808833223467,0.0651117525373958,0.4945565809712151,0.087128852442139,,,,39.43333333333334,17.35,5.999999999999999,5.583333333333333,2.7,0.8675333333333334,0.7098,2.366,28.933333333333334,23.35,22.933333333333334,11.583333333333332,1.5773333333333333,17.35,5.999999999999999,5.583333333333333,2.7,28.933333333333334,0.8675333333333334,0.7098,2.366
2991070,Jerami Grant,POR,2026-05-29,0.0,31.0,0.0,0.0,4.0,12,1,1,1,2,2,0,0,2,6,,7,8,,0,1,3,3,17.0,0.7058823529411765,0.0588235294117647,0.0588235294117647,0.0588235294117647,0.1176470588235294,0.3529411764705882,0.4705882352941176,0.0,0.5599999999999999,0.0,24.33333333333333,8.082903768654761,14.0,2.6666666666666665,0.6666666666666666,1.3333333333333333,3.333333333333333,0.6666666666666666,0.3333333333333333,0.3333333333333333,4.0,9.666666666666666,,4.666666666666667,5.0,,0.6666666666666666,2.0,2.6666666666666665,-7.333333333333333,0.5954170864656798,0.0988866993678349,0.0990984008886822,0.0475237111766432,0.029708853238265,0.0294162657028795,0.0586943604846418,0.0283269665942872,0.1419824846934821,0.0666603127302476,0.3982794698907231,0.0694720445758302,0.2407450463716448,0.199103447964488,0.0101010101010101,0.0174954627027159,0.5143083003952569,0.0593171999228696,24.33333333333333,8.082903768654761,14.0,2.6666666666666665,0.6666666666666666,1.3333333333333333,3.333333333333333,0.6666666666666666,0.3333333333333333,0.3333333333333333,4.0,9.666666666666666,,4.666666666666667,5.0,,0.6666666666666666,2.0,2.6666666666666665,-7.333333333333333,0.5954170864656798,0.0988866993678349,0.0990984008886822,0.0475237111766432,0.029708853238265,0.0294162657028795,0.0586943604846418,0.0283269665942872,0.1419824846934821,0.0666603127302476,0.3982794698907231,0.0694720445758302,0.2407450463716448,0.199103447964488,0.0101010101010101,0.0174954627027159,0.5143083003952569,0.0593171999228696,24.33333333333333,8.082903768654761,14.0,2.6666666666666665,0.6666666666666666,1.3333333333333333,3.333333333333333,0.6666666666666666,0.3333333333333333,0.3333333333333333,4.0,9.666666666666666,,4.666666666666667,5.0,,0.6666666666666666,2.0,2.6666666666666665,-7.333333333333333,0.5954170864656798,0.0988866993678349,0.0990984008886822,0.0475237111766432,0.029708853238265,0.0294162657028795,0.0586943604846418,0.0283269665942872,0.1419824846934821,0.0666603127302476,0.3982794698907231,0.0694720445758302,0.2407450463716448,0.199103447964488,0.0101010101010101,0.0174954627027159,0.5143083003952569,0.0593171999228696,,,,23.23333333333333,13.7,2.4166666666666665,0.7166666666666666,1.2833333333333332,0.5111333333333332,0.4181999999999999,1.3939999999999997,16.833333333333332,16.116666666666667,14.416666666666666,3.133333333333333,0.9293333333333332,13.7,2.4166666666666665,0.7166666666666666,1.2833333333333332,16.833333333333332,0.5111333333333332,0.4181999999999999,1.3939999999999997
3907498,Matisse Thybulle,POR,2026-05-29,0.0,31.0,0.0,0.0,4.0,2,1,2,0,5,2,1,0,1,6,,0,0,,0,1,1,-5,15.0,0.1333333333333333,0.0666666666666666,0.1333333333333333,0.0,0.3333333333333333,0.4,0.0,0.0,0.4,0.0,7.0,7.54983443527075,1.3333333333333333,1.0,0.6666666666666666,0.0,2.0,0.6666666666666666,0.6666666666666666,0.0,0.3333333333333333,2.6666666666666665,,0.6666666666666666,0.6666666666666666,,0.3333333333333333,0.6666666666666666,0.3333333333333333,-1.0,0.2333333333333333,0.1414213562373095,0.1999999999999999,0.1885618083164126,0.0666666666666666,0.0942809041582063,0.0,0.0,0.25,0.1178511301977579,0.3666666666666667,0.0471404520791031,0.1666666666666666,0.2357022603955158,0.0,0.0,0.44,0.0565685424949237,7.0,7.54983443527075,1.3333333333333333,1.0,0.6666666666666666,0.0,2.0,0.6666666666666666,0.6666666666666666,0.0,0.3333333333333333,2.6666666666666665,,0.6666666666666666,0.6666666666666666,,0.3333333333333333,0.6666666666666666,0.3333333333333333,-1.0,0.2333333333333333,0.1414213562373095,0.1999999999999999,0.1885618083164126,0.0666666666666666,0.0942809041582063,0.0,0.0,0.25,0.1178511301977579,0.3666666666666667,0.0471404520791031,0.1666666666666666,0.2357022603955158,0.0,0.0,0.44,0.0565685424949237,7.0,7.54983443527075,1.3333333333333333,1.0,0.6666666666666666,0.0,2.0,0.6666666666666666,0.6666666666666666,0.0,0.3333333333333333,2.6666666666666665,,0.6666666666666666,0.6666666666666666,,0.3333333333333333,0.6666666666666666,0.3333333333333333,-1.0,0.2333333333333333,0.1414213562373095,0.1999999999999999,0.1885618083164126,0.0666666666666666,0.0942809041582063,0.0,0.0,0.25,0.1178511301977579,0.3666666666666667,0.0471404520791031,0.1666666666666666,0.2357022603955158,0.0,0.0,0.44,0.0565685424949237,,,,8.2,1.4333333333333331,1.0,0.8666666666666666,0.0,0.1803999999999999,0.1475999999999999,0.4919999999999999,3.3,2.433333333333333,2.3,1.8666666666666667,0.3279999999999999,1.4333333333333331,1.0,0.8666666666666666,0.0,3.3,0.1803999999999999,0.1475999999999999,0.4919999999999999
4066211,Robert Williams III,POR,2026-05-29,0.0,31.0,0.0,0.0,4.0,11,7,1,1,3,1,0,0,5,10,,0,0,,3,4,2,-4,17.0,0.6470588235294118,0.4117647058823529,0.0588235294117647,0.0588235294117647,0.1764705882352941,0.5882352941176471,0.0,0.0,0.5882352941176471,0.0,22.666666666666668,4.932882862316248,8.666666666666666,7.333333333333333,1.6666666666666667,0.3333333333333333,1.3333333333333333,0.6666666666666666,1.3333333333333333,0.6666666666666666,4.0,7.333333333333333,,0.3333333333333333,0.6666666666666666,,3.333333333333333,4.0,1.0,-4.0,0.4136349924585218,0.2476610982795204,0.3341779788838612,0.0932197569389018,0.0719155354449472,0.011441911133416,0.0196078431372549,0.0339617805405662,0.072156862745098,0.0925257531405877,0.354027149321267,0.2191845488729773,0.0266666666666666,0.04618802153517,0.0266666666666666,0.04618802153517,0.392427149321267,0.2203307034047698,22.666666666666668,4.932882862316248,8.666666666666666,7.333333333333333,1.6666666666666667,0.3333333333333333,1.3333333333333333,0.6666666666666666,1.3333333333333333,0.6666666666666666,4.0,7.333333333333333,,0.3333333333333333,0.6666666666666666,,3.333333333333333,4.0,1.0,-4.0,0.4136349924585218,0.2476610982795204,0.3341779788838612,0.0932197569389018,0.0719155354449472,0.011441911133416,0.0196078431372549,0.0339617805405662,0.072156862745098,0.0925257531405877,0.354027149321267,0.2191845488729773,0.0266666666666666,0.04618802153517,0.0266666666666666,0.04618802153517,0.392427149321267,0.2203307034047698,22.666666666666668,4.932882862316248,8.666666666666666,7.333333333333333,1.6666666666666667,0.3333333333333333,1.3333333333333333,0.6666666666666666,1.3333333333333333,0.6666666666666666,4.0,7.333333333333333,,0.3333333333333333,0.6666666666666666,,3.333333333333333,4.0,1.0,-4.0,0.4136349924585218,0.2476610982795204,0.3341779788838612,0.0932197569389018,0.0719155354449472,0.011441911133416,0.0196078431372549,0.0339617805405662,0.072156862745098,0.0925257531405877,0.354027149321267,0.2191845488729773,0.0266666666666666,0.04618802153517,0.0266666666666666,0.04618802153517,0.392427149321267,0.2203307034047698,,,,21.816666666666663,9.016666666666666,7.283333333333333,1.5666666666666669,0.4333333333333333,0.4799666666666666,0.3927,1.309,17.866666666666664,16.299999999999997,10.583333333333332,8.85,0.8726666666666667,9.016666666666666,7.283333333333333,1.5666666666666669,0.4333333333333333,17.866666666666664,0.4799666666666666,0.3927,1.309
4431736,Toumani Camara,POR,2026-05-29,0.0,31.0,0.0,0.0,4.0,7,8,2,1,7,0,0,1,2,10,,2,2,,3,5,2,-22,33.0,0.2121212121212121,0.2424242424242424,0.0606060606060606,0.0303030303030303,0.2121212121212121,0.303030303030303,0.0606060606060606,0.0303030303030303,0.36,0.0,32.333333333333336,1.154700538379251,5.666666666666667,5.333333333333333,1.3333333333333333,1.0,5.666666666666667,0.6666666666666666,0.3333333333333333,1.6666666666666667,2.0,8.0,,0.6666666666666666,0.6666666666666666,,1.6666666666666667,3.6666666666666665,3.333333333333333,-15.333333333333334,0.1769305962854349,0.1033259163838157,0.1648745519713261,0.0758211402572435,0.0410557184750733,0.0169592879500464,0.0316063864450961,0.0322778062955266,0.1756272401433691,0.048031149617446,0.2476376669925057,0.0612750680894962,0.0202020202020202,0.0349909254054318,0.0518084066471163,0.0187265337836441,0.3083349625285109,0.0600684550961129,32.333333333333336,1.154700538379251,5.666666666666667,5.333333333333333,1.3333333333333333,1.0,5.666666666666667,0.6666666666666666,0.3333333333333333,1.6666666666666667,2.0,8.0,,0.6666666666666666,0.6666666666666666,,1.6666666666666667,3.6666666666666665,3.333333333333333,-15.333333333333334,0.1769305962854349,0.1033259163838157,0.1648745519713261,0.0758211402572435,0.0410557184750733,0.0169592879500464,0.0316063864450961,0.0322778062955266,0.1756272401433691,0.048031149617446,0.2476376669925057,0.0612750680894962,0.0202020202020202,0.0349909254054318,0.0518084066471163,0.0187265337836441,0.3083349625285109,0.0600684550961129,32.333333333333336,1.154700538379251,5.666666666666667,5.333333333333333,1.3333333333333333,1.0,5.666666666666667,0.6666666666666666,0.3333333333333333,1.6666666666666667,2.0,8.0,,0.6666666666666666,0.6666666666666666,,1.6666666666666667,3.6666666666666665,3.333333333333333,-15.333333333333334,0.1769305962854349,0.1033259163838157,0.1648745519713261,0.0758211402572435,0.0410557184750733,0.0169592879500464,0.0316063864450961,0.0322778062955266,0.1756272401433691,0.048031149617446,0.2476376669925057,0.0612750680894962,0.0202020202020202,0.0349909254054318,0.0518084066471163,0.0187265337836441,0.3083349625285109,0.0600684550961129,,,,32.43333333333334,5.866666666666667,5.7333333333333325,1.4333333333333331,1.0,0.7135333333333334,0.5838,1.946,13.033333333333331,11.6,7.300000000000001,7.166666666666666,1.2973333333333334,5.866666666666667,5.7333333333333325,1.4333333333333331,1.0,13.033333333333331,0.7135333333333334,0.5838,1.946
4578893,Vit Krejci,POR,2026-05-29,0.0,31.0,0.0,0.0,4.0,2,1,2,0,2,0,0,0,1,3,,0,0,,0,1,3,1,13.0,0.1538461538461538,0.0769230769230769,0.1538461538461538,0.0,0.1538461538461538,0.2307692307692307,0.0,0.0,0.2307692307692307,0.0,5.333333333333333,6.6583281184793925,0.6666666666666666,0.3333333333333333,0.6666666666666666,0.0,1.0,0.0,0.0,0.0,0.3333333333333333,1.3333333333333333,,0.0,0.0,,0.0,0.3333333333333333,1.0,-0.3333333333333333,0.0512820512820512,0.0888231183368655,0.0256410256410256,0.0444115591684327,0.0512820512820512,0.0888231183368655,0.0,0.0,0.3846153846153846,0.5384615384615384,0.4102564102564103,0.5236045604272342,0.0,0.0,0.0,0.0,0.4102564102564103,0.5236045604272342,5.333333333333333,6.6583281184793925,0.6666666666666666,0.3333333333333333,0.6666666666666666,0.0,1.0,0.0,0.0,0.0,0.3333333333333333,1.3333333333333333,,0.0,0.0,,0.0,0.3333333333333333,1.0,-0.3333333333333333,0.0512820512820512,0.0888231183368655,0.0256410256410256,0.0444115591684327,0.0512820512820512,0.0888231183368655,0.0,0.0,0.3846153846153846,0.5384615384615384,0.4102564102564103,0.5236045604272342,0.0,0.0,0.0,0.0,0.4102564102564103,0.5236045604272342,5.333333333333333,6.6583281184793925,0.6666666666666666,0.3333333333333333,0.6666666666666666,0.0,1.0,0.0,0.0,0.0,0.3333333333333333,1.3333333333333333,,0.0,0.0,,0.0,0.3333333333333333,1.0,-0.3333333333333333,0.0512820512820512,0.0888231183368655,0.0256410256410256,0.0444115591684327,0.0512820512820512,0.0888231183368655,0.0,0.0,0.3846153846153846,0.5384615384615384,0.4102564102564103,0.5236045604272342,0.0,0.0,0.0,0.0,0.4102564102564103,0.5236045604272342,,,,8.0,0.8666666666666666,0.4333333333333333,0.8666666666666666,0.0,0.176,0.144,0.48,2.1666666666666665,1.2999999999999998,1.7333333333333332,1.2999999999999998,0.3199999999999999,0.8666666666666666,0.4333333333333333,0.8666666666666666,0.0,2.1666666666666665,0.176,0.144,0.48
4594326,Kris Murray,POR,2026-05-29,0.0,31.0,0.0,0.0,4.0,0,0,0,0,0,0,0,0,0,0,,0,0,,0,0,1,0,1.0,0.0,0.0,0.0,0.0,0.0,0.0,0.0,0.0,0.0,0.0,5.333333333333333,6.658328118479393,1.3333333333333333,0.3333333333333333,0.0,0.0,0.3333333333333333,0.0,0.0,0.0,0.6666666666666666,1.0,,0.0,0.0,,0.0,0.3333333333333333,0.6666666666666666,-3.6666666666666665,0.1025641025641025,0.177646236673731,0.0256410256410256,0.0444115591684327,0.0,0.0,0.0,0.0,0.0256410256410256,0.0444115591684327,0.0769230769230769,0.1332346775052982,0.0,0.0,0.0,0.0,0.0769230769230769,0.1332346775052982,5.333333333333333,6.658328118479393,1.3333333333333333,0.3333333333333333,0.0,0.0,0.3333333333333333,0.0,0.0,0.0,0.6666666666666666,1.0,,0.0,0.0,,0.0,0.3333333333333333,0.6666666666666666,-3.6666666666666665,0.1025641025641025,0.177646236673731,0.0256410256410256,0.0444115591684327,0.0,0.0,0.0,0.0,0.0256410256410256,0.0444115591684327,0.0769230769230769,0.1332346775052982,0.0,0.0,0.0,0.0,0.0769230769230769,0.1332346775052982,5.333333333333333,6.658328118479393,1.3333333333333333,0.3333333333333333,0.0,0.0,0.3333333333333333,0.0,0.0,0.0,0.6666666666666666,1.0,,0.0,0.0,,0.0,0.3333333333333333,0.6666666666666666,-3.6666666666666665,0.1025641025641025,0.177646236673731,0.0256410256410256,0.0444115591684327,0.0,0.0,0.0,0.0,0.0256410256410256,0.0444115591684327,0.0769230769230769,0.1332346775052982,0.0,0.0,0.0,0.0,0.0769230769230769,0.1332346775052982,,,,8.0,1.1333333333333333,0.2833333333333333,0.0,0.0,0.176,0.144,0.48,1.4166666666666663,1.4166666666666663,1.1333333333333333,0.2833333333333333,0.3199999999999999,1.1333333333333333,0.2833333333333333,0.0,0.0,1.4166666666666663,0.176,0.144,0.48
4683021,Deni Avdija,POR,2026-05-29,0.0,31.0,0.0,0.0,4.0,22,3,3,1,6,0,1,4,7,15,,7,11,,1,2,4,-20,32.0,0.6875,0.09375,0.09375,0.03125,0.1875,0.46875,0.34375,0.125,0.745,0.0,35.333333333333336,2.88675134594813,22.33333333333333,5.333333333333333,5.0,1.3333333333333333,4.333333333333333,0.3333333333333333,0.3333333333333333,3.6666666666666665,6.0,14.666666666666666,,9.0,12.0,,0.6666666666666666,4.666666666666667,4.0,-17.333333333333332,0.6345720720720721,0.1051149917593758,0.1483671171171171,0.0491923485830731,0.1393581081081081,0.0901898905264747,0.0374436936936936,0.0145391343847695,0.125563063063063,0.0553150356171582,0.4175112612612612,0.0463861111555221,0.3398085585585585,0.0946561595829502,0.1047297297297297,0.0441780298331825,0.6717567567567567,0.0650878767665088,35.333333333333336,2.88675134594813,22.33333333333333,5.333333333333333,5.0,1.3333333333333333,4.333333333333333,0.3333333333333333,0.3333333333333333,3.6666666666666665,6.0,14.666666666666666,,9.0,12.0,,0.6666666666666666,4.666666666666667,4.0,-17.333333333333332,0.6345720720720721,0.1051149917593758,0.1483671171171171,0.0491923485830731,0.1393581081081081,0.0901898905264747,0.0374436936936936,0.0145391343847695,0.125563063063063,0.0553150356171582,0.4175112612612612,0.0463861111555221,0.3398085585585585,0.0946561595829502,0.1047297297297297,0.0441780298331825,0.6717567567567567,0.0650878767665088,35.333333333333336,2.88675134594813,22.33333333333333,5.333333333333333,5.0,1.3333333333333333,4.333333333333333,0.3333333333333333,0.3333333333333333,3.6666666666666665,6.0,14.666666666666666,,9.0,12.0,,0.6666666666666666,4.666666666666667,4.0,-17.333333333333332,0.6345720720720721,0.1051149917593758,0.1483671171171171,0.0491923485830731,0.1393581081081081,0.0901898905264747,0.0374436936936936,0.0145391343847695,0.125563063063063,0.0553150356171582,0.4175112612612612,0.0463861111555221,0.3398085585585585,0.0946561595829502,0.1047297297297297,0.0441780298331825,0.6717567567567567,0.0650878767665088,,,,34.833333333333336,22.28333333333333,4.9833333333333325,4.7,1.2833333333333332,0.7663333333333333,0.627,2.09,31.966666666666665,27.266666666666666,26.98333333333333,9.683333333333334,1.393333333333333,22.28333333333333,4.9833333333333325,4.7,1.2833333333333332,31.966666666666665,0.7663333333333333,0.627,2.09
4683678,Scoot Henderson,POR,2026-05-29,0.0,31.0,0.0,0.0,4.0,5,2,0,1,2,0,0,1,2,6,,0,0,,1,1,2,-19,17.0,0.2941176470588235,0.1176470588235294,0.0,0.0588235294117647,0.1176470588235294,0.3529411764705882,0.0,0.0588235294117647,0.4117647058823529,0.0,26.666666666666668,9.50438495292217,8.666666666666666,1.3333333333333333,1.0,2.0,5.0,0.6666666666666666,0.0,1.3333333333333333,3.333333333333333,10.333333333333334,,0.0,0.0,,0.3333333333333333,1.0,3.333333333333333,-10.666666666666666,0.2924836601307189,0.2916700993921135,0.0577342047930283,0.0588537806502836,0.0339506172839506,0.037420850780809,0.0659041394335512,0.0697146479795171,0.1688453159041394,0.0943948652762088,0.3707334785766158,0.1213525878330341,0.0,0.0,0.050472040668119,0.0117492299835609,0.421205519244735,0.1298872110549089,26.666666666666668,9.50438495292217,8.666666666666666,1.3333333333333333,1.0,2.0,5.0,0.6666666666666666,0.0,1.3333333333333333,3.333333333333333,10.333333333333334,,0.0,0.0,,0.3333333333333333,1.0,3.333333333333333,-10.666666666666666,0.2924836601307189,0.2916700993921135,0.0577342047930283,0.0588537806502836,0.0339506172839506,0.037420850780809,0.0659041394335512,0.0697146479795171,0.1688453159041394,0.0943948652762088,0.3707334785766158,0.1213525878330341,0.0,0.0,0.050472040668119,0.0117492299835609,0.421205519244735,0.1298872110549089,26.666666666666668,9.50438495292217,8.666666666666666,1.3333333333333333,1.0,2.0,5.0,0.6666666666666666,0.0,1.3333333333333333,3.333333333333333,10.333333333333334,,0.0,0.0,,0.3333333333333333,1.0,3.333333333333333,-10.666666666666666,0.2924836601307189,0.2916700993921135,0.0577342047930283,0.0588537806502836,0.0339506172839506,0.037420850780809,0.0659041394335512,0.0697146479795171,0.1688453159041394,0.0943948652762088,0.3707334785766158,0.1213525878330341,0.0,0.0,0.050472040668119,0.0117492299835609,0.421205519244735,0.1298872110549089,,,,25.21666666666667,8.116666666666667,1.4333333333333331,0.8499999999999999,1.85,0.5547666666666666,0.4539,1.513,10.4,9.55,8.966666666666667,2.283333333333333,1.0086666666666666,8.116666666666667,1.4333333333333331,0.8499999999999999,1.85,10.4,0.5547666666666666,0.4539,1.513
4683935,Blake Wesley,POR,2026-05-29,0.0,31.0,0.0,0.0,4.0,0,0,0,0,0,0,0,0,0,0,,0,0,,0,0,0,0,1.0,0.0,0.0,0.0,0.0,0.0,0.0,0.0,0.0,0.0,0.0,1.3333333333333333,0.5773502691896257,0.3333333333333333,0.0,0.0,0.0,0.0,0.0,0.0,0.3333333333333333,0.0,0.0,,0.3333333333333333,0.6666666666666666,,0.0,0.0,0.0,-0.6666666666666666,0.1666666666666666,0.2886751345948129,0.0,0.0,0.0,0.0,0.0,0.0,0.0,0.0,0.0,0.0,0.3333333333333333,0.5773502691896258,0.1666666666666666,0.2886751345948129,0.3133333333333333,0.5427092530382482,1.3333333333333333,0.5773502691896257,0.3333333333333333,0.0,0.0,0.0,0.0,0.0,0.0,0.3333333333333333,0.0,0.0,,0.3333333333333333,0.6666666666666666,,0.0,0.0,0.0,-0.6666666666666666,0.1666666666666666,0.2886751345948129,0.0,0.0,0.0,0.0,0.0,0.0,0.0,0.0,0.0,0.0,0.3333333333333333,0.5773502691896258,0.1666666666666666,0.2886751345948129,0.3133333333333333,0.5427092530382482,1.3333333333333333,0.5773502691896257,0.3333333333333333,0.0,0.0,0.0,0.0,0.0,0.0,0.3333333333333333,0.0,0.0,,0.3333333333333333,0.6666666666666666,,0.0,0.0,0.0,-0.6666666666666666,0.1666666666666666,0.2886751345948129,0.0,0.0,0.0,0.0,0.0,0.0,0.0,0.0,0.0,0.0,0.3333333333333333,0.5773502691896258,0.1666666666666666,0.2886751345948129,0.3133333333333333,0.5427092530382482,,,,8.0,0.2833333333333333,0.0,0.0,0.0,0.176,0.144,0.48,0.2833333333333333,0.2833333333333333,0.2833333333333333,0.0,0.3199999999999999,0.2833333333333333,0.0,0.0,0.0,0.2833333333333333,0.176,0.144,0.48
4914336,Shaedon Sharpe,POR,2026-05-29,0.0,31.0,0.0,0.0,4.0,5,0,0,1,2,0,0,0,2,5,,0,0,,0,0,0,-7,6.0,0.8333333333333334,0.0,0.0,0.1666666666666666,0.3333333333333333,0.8333333333333334,0.0,0.0,0.8333333333333334,0.0,11.0,4.358898943540674,5.666666666666667,2.0,0.3333333333333333,0.6666666666666666,1.3333333333333333,0.3333333333333333,0.3333333333333333,0.0,2.333333333333333,5.333333333333333,,0.3333333333333333,1.3333333333333333,,1.0,1.0,0.6666666666666666,-2.0,0.5781440781440782,0.2757023731114243,0.1483516483516483,0.1287403792731866,0.0238095238095238,0.0412393049421161,0.0811965811965812,0.0834154756236886,0.1623931623931624,0.1668309512473772,0.5506715506715507,0.2502955714499031,0.0989010989010989,0.0858269195154577,0.0,0.0,0.5941880341880341,0.2141861242334745,11.0,4.358898943540674,5.666666666666667,2.0,0.3333333333333333,0.6666666666666666,1.3333333333333333,0.3333333333333333,0.3333333333333333,0.0,2.333333333333333,5.333333333333333,,0.3333333333333333,1.3333333333333333,,1.0,1.0,0.6666666666666666,-2.0,0.5781440781440782,0.2757023731114243,0.1483516483516483,0.1287403792731866,0.0238095238095238,0.0412393049421161,0.0811965811965812,0.0834154756236886,0.1623931623931624,0.1668309512473772,0.5506715506715507,0.2502955714499031,0.0989010989010989,0.0858269195154577,0.0,0.0,0.5941880341880341,0.2141861242334745,11.0,4.358898943540674,5.666666666666667,2.0,0.3333333333333333,0.6666666666666666,1.3333333333333333,0.3333333333333333,0.3333333333333333,0.0,2.333333333333333,5.333333333333333,,0.3333333333333333,1.3333333333333333,,1.0,1.0,0.6666666666666666,-2.0,0.5781440781440782,0.2757023731114243,0.1483516483516483,0.1287403792731866,0.0238095238095238,0.0412393049421161,0.0811965811965812,0.0834154756236886,0.1623931623931624,0.1668309512473772,0.5506715506715507,0.2502955714499031,0.0989010989010989,0.0858269195154577,0.0,0.0,0.5941880341880341,0.2141861242334745,,,,10.25,5.566666666666667,1.6999999999999995,0.2833333333333333,0.7166666666666666,0.2254999999999999,0.1845,0.615,7.550000000000001,7.2666666666666675,5.8500000000000005,1.983333333333333,0.41,5.566666666666667,1.6999999999999995,0.2833333333333333,0.7166666666666666,7.550000000000001,0.2254999999999999,0.1845,0.615
5081727,Sidy Cissoko,POR,2026-05-29,0.0,31.0,0.0,0.0,4.0,11,4,0,2,3,3,0,0,4,6,,1,1,,2,2,4,9,20.0,0.55,0.2,0.0,0.1,0.15,0.3,0.05,0.0,0.322,0.0,8.333333333333334,10.214368964029708,3.6666666666666665,1.3333333333333333,0.3333333333333333,0.6666666666666666,1.3333333333333333,1.3333333333333333,0.0,0.3333333333333333,1.3333333333333333,3.0,,0.3333333333333333,0.3333333333333333,,0.6666666666666666,0.6666666666666666,1.3333333333333333,2.0,0.1833333333333333,0.3175426480542941,0.0666666666666666,0.1154700538379251,0.0833333333333333,0.1443375672974064,0.0333333333333333,0.0577350269189625,0.1333333333333333,0.1258305739211791,0.35,0.3774917217635374,0.0166666666666666,0.0288675134594812,0.0833333333333333,0.1443375672974064,0.4406666666666667,0.5104520872063639,8.333333333333334,10.214368964029708,3.6666666666666665,1.3333333333333333,0.3333333333333333,0.6666666666666666,1.3333333333333333,1.3333333333333333,0.0,0.3333333333333333,1.3333333333333333,3.0,,0.3333333333333333,0.3333333333333333,,0.6666666666666666,0.6666666666666666,1.3333333333333333,2.0,0.1833333333333333,0.3175426480542941,0.0666666666666666,0.1154700538379251,0.0833333333333333,0.1443375672974064,0.0333333333333333,0.0577350269189625,0.1333333333333333,0.1258305739211791,0.35,0.3774917217635374,0.0166666666666666,0.0288675134594812,0.0833333333333333,0.1443375672974064,0.4406666666666667,0.5104520872063639,8.333333333333334,10.214368964029708,3.6666666666666665,1.3333333333333333,0.3333333333333333,0.6666666666666666,1.3333333333333333,1.3333333333333333,0.0,0.3333333333333333,1.3333333333333333,3.0,,0.3333333333333333,0.3333333333333333,,0.6666666666666666,0.6666666666666666,1.3333333333333333,2.0,0.1833333333333333,0.3175426480542941,0.0666666666666666,0.1154700538379251,0.0833333333333333,0.1443375672974064,0.0333333333333333,0.0577350269189625,0.1333333333333333,0.1258305739211791,0.35,0.3774917217635374,0.0166666666666666,0.0288675134594812,0.0833333333333333,0.1443375672974064,0.4406666666666667,0.5104520872063639,,,,10.083333333333332,4.766666666666667,1.7333333333333332,0.2833333333333333,0.8666666666666666,0.2218333333333333,0.1814999999999999,0.6049999999999999,6.783333333333333,6.5,5.05,2.0166666666666666,0.4033333333333332,4.766666666666667,1.7333333333333332,0.2833333333333333,0.8666666666666666,6.783333333333333,0.2218333333333333,0.1814999999999999,0.6049999999999999
5105565,Donovan Clingan,POR,2026-05-29,0.0,31.0,0.0,0.0,4.0,10,5,6,2,7,0,0,1,4,11,,0,0,,3,2,3,-9,27.0,0.3703703703703703,0.1851851851851851,0.2222222222222222,0.074074074074074,0.2592592592592592,0.4074074074074074,0.0,0.037037037037037,0.4444444444444444,0.0,20.33333333333333,6.5064070986477125,7.333333333333333,7.333333333333333,2.6666666666666665,1.3333333333333333,5.333333333333333,0.0,0.3333333333333333,0.6666666666666666,2.6666666666666665,9.0,,0.6666666666666666,1.3333333333333333,,2.6666666666666665,4.666666666666667,2.6666666666666665,-7.666666666666667,0.3591710758377425,0.0103355333951484,0.3879188712522046,0.1857738816129342,0.1074074074074074,0.1112961422319756,0.0651675485008818,0.0132019152666115,0.2792768959435626,0.1403603916277672,0.4738977072310406,0.214997402875671,0.0666666666666666,0.1154700538379251,0.0361552028218694,0.0357224499127497,0.5393862433862434,0.2151850881335295,20.33333333333333,6.5064070986477125,7.333333333333333,7.333333333333333,2.6666666666666665,1.3333333333333333,5.333333333333333,0.0,0.3333333333333333,0.6666666666666666,2.6666666666666665,9.0,,0.6666666666666666,1.3333333333333333,,2.6666666666666665,4.666666666666667,2.6666666666666665,-7.666666666666667,0.3591710758377425,0.0103355333951484,0.3879188712522046,0.1857738816129342,0.1074074074074074,0.1112961422319756,0.0651675485008818,0.0132019152666115,0.2792768959435626,0.1403603916277672,0.4738977072310406,0.214997402875671,0.0666666666666666,0.1154700538379251,0.0361552028218694,0.0357224499127497,0.5393862433862434,0.2151850881335295,20.33333333333333,6.5064070986477125,7.333333333333333,7.333333333333333,2.6666666666666665,1.3333333333333333,5.333333333333333,0.0,0.3333333333333333,0.6666666666666666,2.6666666666666665,9.0,,0.6666666666666666,1.3333333333333333,,2.6666666666666665,4.666666666666667,2.6666666666666665,-7.666666666666667,0.3591710758377425,0.0103355333951484,0.3879188712522046,0.1857738816129342,0.1074074074074074,0.1112961422319756,0.0651675485008818,0.0132019152666115,0.2792768959435626,0.1403603916277672,0.4738977072310406,0.214997402875671,0.0666666666666666,0.1154700538379251,0.0361552028218694,0.0357224499127497,0.5393862433862434,0.2151850881335295,,,,21.33333333333333,7.733333333333332,6.9833333333333325,3.166666666666666,1.4333333333333331,0.4693333333333332,0.3839999999999999,1.2799999999999998,17.883333333333333,14.716666666666663,10.9,10.15,0.8533333333333333,7.733333333333332,6.9833333333333325,3.166666666666666,1.4333333333333331,17.883333333333333,0.4693333333333332,0.3839999999999999,1.2799999999999998
5217746,Yang Hansen,POR,2026-05-29,0.0,31.0,0.0,0.0,4.0,0,0,0,0,2,0,0,0,0,2,,0,0,,0,0,0,0,1.0,0.0,0.0,0.0,0.0,2.0,2.0,0.0,0.0,2.0,0.0,1.3333333333333333,0.5773502691896257,0.0,0.3333333333333333,0.0,0.0,0.6666666666666666,0.0,0.0,0.0,0.0,0.6666666666666666,,0.0,0.0,,0.0,0.3333333333333333,0.0,-0.6666666666666666,0.0,0.0,0.3333333333333333,0.5773502691896258,0.0,0.0,0.0,0.0,0.6666666666666666,1.1547005383792517,0.6666666666666666,1.1547005383792517,0.0,0.0,0.0,0.0,0.6666666666666666,1.1547005383792517,1.3333333333333333,0.5773502691896257,0.0,0.3333333333333333,0.0,0.0,0.6666666666666666,0.0,0.0,0.0,0.0,0.6666666666666666,,0.0,0.0,,0.0,0.3333333333333333,0.0,-0.6666666666666666,0.0,0.0,0.3333333333333333,0.5773502691896258,0.0,0.0,0.0,0.0,0.6666666666666666,1.1547005383792517,0.6666666666666666,1.1547005383792517,0.0,0.0,0.0,0.0,0.6666666666666666,1.1547005383792517,1.3333333333333333,0.5773502691896257,0.0,0.3333333333333333,0.0,0.0,0.6666666666666666,0.0,0.0,0.0,0.0,0.6666666666666666,,0.0,0.0,,0.0,0.3333333333333333,0.0,-0.6666666666666666,0.0,0.0,0.3333333333333333,0.5773502691896258,0.0,0.0,0.0,0.0,0.6666666666666666,1.1547005383792517,0.6666666666666666,1.1547005383792517,0.0,0.0,0.0,0.0,0.6666666666666666,1.1547005383792517,,,,8.0,0.0,0.2833333333333333,0.0,0.0,0.176,0.144,0.48,0.2833333333333333,0.2833333333333333,0.0,0.2833333333333333,0.3199999999999999,0.0,0.2833333333333333,0.0,0.0,0.2833333333333333,0.176,0.144,0.48
6427,Bismack Biyombo,SAS,2026-05-29,0.0,1.0,4.0,7.0,16.0,0,0,0,0,0,0,0,0,0,1,,0,0,,0,0,0,1,5.0,0.0,0.0,0.0,0.0,0.0,0.2,0.0,0.0,0.2,0.0,2.333333333333333,2.516611478423584,0.0,0.3333333333333333,0.0,0.0,0.0,0.0,0.0,0.3333333333333333,0.0,0.3333333333333333,,0.0,0.0,,0.3333333333333333,0.0,0.3333333333333333,0.6666666666666666,0.0,0.0,0.25,0.3535533905932738,0.0,0.0,0.0,0.0,0.0,0.0,0.1,0.1414213562373095,0.0,0.0,0.25,0.3535533905932738,0.35,0.2121320343559642,1.8,2.0493901531919194,0.0,0.2,0.0,0.0,0.0,0.0,0.0,0.2,0.0,0.2,,0.0,0.0,,0.2,0.0,0.2,0.4,0.0,0.0,0.1666666666666666,0.2886751345948129,0.0,0.0,0.0,0.0,0.0,0.0,0.0666666666666666,0.1154700538379251,0.0,0.0,0.1666666666666666,0.2886751345948129,0.2333333333333333,0.2516611478423583,1.8,2.440400695696417,0.4,0.2,0.0,0.0,0.0,0.0,0.2,0.2,0.2,0.5,,0.0,0.0,,0.1,0.1,0.4,0.1,0.2571428571428571,0.4333071682315171,0.2,0.2738612787525831,0.0,0.0,0.0,0.0,0.0,0.0,0.2971428571428571,0.4123600566574442,0.0,0.0,0.1285714285714285,0.2166535841157585,0.4257142857142857,0.3766663656611885,,,,6.46,0.08,0.21,0.0,0.0,0.14212,0.11628,0.3876,0.29,0.29,0.08,0.21,0.2583999999999999,0.08,0.21,0.0,0.0,0.29,0.14212,0.11628,0.3876
6578,Harrison Barnes,SAS,2026-05-29,0.0,1.0,4.0,7.0,16.0,6,1,0,2,4,0,0,1,2,4,,0,0,,1,0,0,5,13.0,0.4615384615384615,0.0769230769230769,0.0,0.1538461538461538,0.3076923076923077,0.3076923076923077,0.0,0.0769230769230769,0.3846153846153846,0.0,11.0,6.244997998398397,3.6666666666666665,1.3333333333333333,0.0,0.6666666666666666,2.0,0.3333333333333333,0.0,0.6666666666666666,0.6666666666666666,2.6666666666666665,,1.6666666666666667,2.0,,1.0,0.3333333333333333,0.3333333333333333,4.0,0.2580128205128205,0.2355442154164979,0.0881410256410256,0.0942520253367476,0.0,0.0,0.0512820512820512,0.0888231183368655,0.1442307692307692,0.1547449705714527,0.1858974358974359,0.1635557797714497,0.125,0.2165063509461096,0.0464743589743589,0.0408889449428624,0.2873717948717949,0.2531675321001188,9.6,5.770615218501404,3.2,1.4,0.0,0.6,1.8,0.2,0.0,0.8,0.6,2.2,,1.4,1.6,,0.8,0.6,0.4,2.6,0.2381410256410256,0.2240141581036803,0.1028846153846153,0.1125246521313358,0.0,0.0,0.0474358974358974,0.0695741720575135,0.1865384615384615,0.1371180667674998,0.2115384615384615,0.1344626728423271,0.1083333333333333,0.1656217242862649,0.0612179487179487,0.0686713210061601,0.3204230769230769,0.1864600438750007,8.0,4.371625682868001,2.1,1.4,0.3,0.4,1.2,0.2,0.0,0.4,0.5,1.7,,0.7,0.8,,0.8,0.6,0.2,0.9,0.1841498778998778,0.2050012256662924,0.1613629426129426,0.1739564077933373,0.0535714285714285,0.1132517713716693,0.038003663003663,0.0637516559663312,0.1361263736263736,0.1658506753153407,0.1875152625152625,0.1510252633594584,0.0541666666666666,0.1243036157514691,0.0306089743589743,0.0560080296108492,0.2419575702075702,0.1908528922667147,,,,9.4365,2.90224875,1.5188324999999998,0.2363212499999999,0.5990949999999999,0.2359124999999999,0.0,0.4718249999999999,4.6574025,4.42108125,3.13857,1.7551537499999998,0.2359124999999999,2.90224875,1.5188324999999998,0.2363212499999999,0.5990949999999999,4.6574025,0.2359124999999999,0.0,0.4718249999999999
2488653,Mason Plumlee,SAS,2026-05-29,0.0,1.0,4.0,7.0,16.0,0,1,0,0,0,0,0,0,0,0,,0,0,,0,1,1,1,5.0,0.0,0.2,0.0,0.0,0.0,0.0,0.0,0.0,0.0,0.0,2.333333333333333,2.516611478423584,0.0,0.6666666666666666,0.0,0.0,0.0,0.0,0.0,0.0,0.0,0.0,,0.0,0.0,,0.0,0.6666666666666666,1.0,0.6666666666666666,0.0,0.0,0.35,0.2121320343559642,0.0,0.0,0.0,0.0,0.0,0.0,0.0,0.0,0.0,0.0,0.0,0.0,0.0,0.0,1.8,2.04939015319192,0.4,0.4,0.2,0.0,0.0,0.0,0.2,0.0,0.2,0.2,,0.0,0.0,,0.0,0.4,0.6,0.4,0.3333333333333333,0.5773502691896258,0.2333333333333333,0.2516611478423583,0.1666666666666666,0.2886751345948129,0.0,0.0,0.0,0.0,0.1666666666666666,0.2886751345948129,0.0,0.0,0.0,0.0,0.1666666666666666,0.2886751345948129,1.4,2.065591117977289,0.4,0.4,0.1,0.0,0.0,0.0,0.1,0.1,0.2,0.3,,0.0,0.0,,0.0,0.4,0.4,-0.1,0.35,0.4725815626252608,0.275,0.2217355782608345,0.125,0.25,0.0,0.0,0.0,0.0,0.225,0.2629955639676583,0.0,0.0,0.05,0.1,0.275,0.3201562118716424,,,,6.425,0.22,0.5700000000000001,0.09,0.0,0.1413499999999999,0.1156499999999999,0.3854999999999999,0.88,0.79,0.31,0.66,0.2569999999999999,0.22,0.5700000000000001,0.09,0.0,0.88,0.1413499999999999,0.1156499999999999,0.3854999999999999
2489663,Kelly Olynyk,SAS,2026-05-29,0.0,1.0,4.0,7.0,16.0,6,1,0,0,0,0,0,0,2,3,,2,3,,0,1,0,1,5.0,1.2,0.2,0.0,0.0,0.0,0.6,0.6,0.0,0.8640000000000001,0.0,3.6666666666666665,1.5275252316519468,3.6666666666666665,0.6666666666666666,0.0,0.3333333333333333,0.6666666666666666,1.0,0.0,0.0,1.0,2.0,,1.3333333333333333,1.6666666666666667,,0.0,0.6666666666666666,0.0,1.0,0.9833333333333334,0.2254624876411446,0.15,0.1322875655532295,0.0,0.0,0.0833333333333333,0.1443375672974064,0.1666666666666666,0.2886751345948129,0.45,0.3968626966596885,0.5333333333333333,0.5033222956847168,0.0,0.0,0.6846666666666668,0.2194204487583901,2.6,1.9493588689617924,2.8,0.4,0.0,0.4,0.6,0.6,0.0,0.4,0.8,1.4,,0.8,1.0,,0.0,0.4,0.2,0.6,1.1125,0.317214438511238,0.1125,0.1314977819838291,0.0,0.0,0.1875,0.2393567769390845,0.25,0.2886751345948128,0.4625,0.3249999999999999,0.4,0.4898979485566356,0.25,0.5,0.8885000000000001,0.4452965304154075,2.3,2.6687491868330797,2.0,0.6,0.1,0.4,0.6,0.3,0.0,0.3,0.6,1.2,,0.4,0.5,,0.0,0.6,0.1,0.4,1.0541666666666667,0.441705973093716,0.1583333333333333,0.2010389680302469,0.0208333333333333,0.0510310363079829,0.2291666666666666,0.2293559824087147,0.2916666666666667,0.2457980200625437,0.475,0.2524876234590519,0.2666666666666666,0.4320493798938573,0.1875,0.4011701633970302,0.7798333333333334,0.3858447442517089,,,,6.541666666666667,3.3799999999999994,0.61,0.02,0.32,0.1439166666666666,0.11775,0.3925,4.009999999999999,3.9899999999999993,3.3999999999999995,0.63,0.2616666666666666,3.3799999999999994,0.61,0.02,0.32,4.009999999999999,0.1439166666666666,0.11775,0.3925
3064560,Luke Kornet,SAS,2026-05-29,0.0,1.0,4.0,7.0,16.0,3,5,1,0,0,0,0,1,1,2,,1,2,,2,3,1,13,13.0,0.2307692307692307,0.3846153846153846,0.0769230769230769,0.0,0.0,0.1538461538461538,0.1538461538461538,0.0769230769230769,0.2984615384615384,0.0,11.333333333333334,2.886751345948129,3.0,4.333333333333333,0.3333333333333333,0.0,0.0,0.0,0.6666666666666666,0.3333333333333333,1.3333333333333333,2.333333333333333,,0.3333333333333333,0.6666666666666666,,1.6666666666666667,2.6666666666666665,1.6666666666666667,-0.6666666666666666,0.2307692307692307,0.2307692307692307,0.3493589743589743,0.2089733758038851,0.0256410256410256,0.0444115591684327,0.0,0.0,0.0,0.0,0.1955128205128205,0.0982150861925934,0.0512820512820512,0.0888231183368655,0.0256410256410256,0.0444115591684327,0.2437179487179487,0.1029163023334788,11.6,2.1908902300206647,3.4,3.4,0.4,0.0,0.0,0.2,0.4,0.6,1.6,2.4,,0.2,0.4,,1.4,2.0,1.4,-6.0,0.2727272727272727,0.1741244699019403,0.2767482517482517,0.1783769453639976,0.0307692307692307,0.0421325044234743,0.0,0.0,0.0,0.0,0.1998251748251748,0.0718157049436362,0.0307692307692307,0.0688020916153781,0.0461538461538461,0.0688020916153781,0.2595174825174825,0.1044258981470791,12.9,4.976611966656298,3.2,3.6,0.5,0.0,0.0,0.4,1.0,0.6,1.4,2.2,,0.4,0.6,,1.4,2.2,1.8,-4.2,0.2243256743256743,0.1761232512355856,0.2582708957708958,0.1719348343190931,0.0374847374847374,0.0430894081508708,0.0,0.0,0.0,0.0,0.1660187035187035,0.0692178495186079,0.0373626373626373,0.0632756714481734,0.0451770451770451,0.0558799849645856,0.2276353091353091,0.1058020144949989,,,,12.3085,3.1039627906976746,3.644958139534884,0.4822441860465116,0.0,0.3816589147286822,0.9541472868217056,0.5724883720930233,7.231165116279071,6.748920930232559,3.586206976744186,4.127202325581395,1.3358062015503878,3.1039627906976746,3.644958139534884,0.4822441860465116,0.0,7.231165116279071,0.3816589147286822,0.9541472868217056,0.5724883720930233
3134916,Jordan McLaughlin,SAS,2026-05-29,0.0,1.0,4.0,7.0,15.0,0,4,2,0,1,0,0,1,0,2,,0,0,,0,4,0,0,7.0,0.0,0.5714285714285714,0.2857142857142857,0.0,0.1428571428571428,0.2857142857142857,0.0,0.1428571428571428,0.4285714285714285,0.0,4.333333333333333,2.516611478423584,2.333333333333333,1.6666666666666667,0.6666666666666666,0.3333333333333333,1.0,0.0,0.0,0.3333333333333333,0.6666666666666666,1.6666666666666667,,0.6666666666666666,0.6666666666666666,,0.3333333333333333,1.3333333333333333,0.0,0.0,0.9166666666666666,1.0103629710818451,0.2738095238095238,0.2864573670360943,0.0952380952380952,0.1649572197684645,0.0833333333333333,0.1443375672974064,0.2142857142857142,0.2575393768188564,0.4285714285714285,0.1237179148263483,0.3333333333333333,0.5773502691896258,0.0476190476190476,0.0824786098842322,0.6228571428571429,0.2769660702714913,4.4,2.5099800796022262,2.6,1.4,0.8,0.6,1.0,0.0,0.0,0.4,0.8,1.6,,0.4,0.4,,0.4,1.0,0.2,-2.0,0.7214285714285714,0.820807218411192,0.2928571428571428,0.240110518771023,0.1857142857142857,0.2118913853455904,0.1071428571428571,0.1472537723434878,0.1857142857142857,0.2118913853455903,0.3428571428571428,0.2106840171964661,0.2,0.4472135954999579,0.0571428571428571,0.0782460796435951,0.488,0.3365576034026913,3.3,3.0930028559098792,1.5,0.8,0.7,0.3,0.5,0.0,0.0,0.2,0.5,0.9,,0.2,0.2,,0.2,0.6,0.1,-0.6,0.5510204081632653,0.734203587349828,0.2270408163265306,0.2288489492957753,0.2457482993197279,0.2547432283827531,0.0765306122448979,0.1311068970898505,0.1326530612244898,0.1953044519721849,0.2627551020408163,0.222729064451866,0.1428571428571428,0.3779644730092272,0.0408163265306122,0.0697071480677523,0.3664285714285714,0.3462994359217581,,,,6.85,2.632181818181818,1.6963636363636363,1.2398181818181817,0.5216363636363636,0.0,0.0,0.4151515151515151,5.568363636363635,4.328545454545454,3.872,2.936181818181818,0.0,2.632181818181818,1.6963636363636363,1.2398181818181817,0.5216363636363636,5.568363636363635,0.0,0.0,0.4151515151515151
4066259,De'Aaron Fox,SAS,2026-05-29,0.0,1.0,4.0,5.0,14.0,5,5,7,0,3,0,0,0,1,9,,3,4,,0,5,2,17,26.0,0.1923076923076923,0.1923076923076923,0.2692307692307692,0.0,0.1153846153846153,0.3461538461538461,0.1538461538461538,0.0,0.4138461538461538,0.0,30.0,3.605551275463989,8.666666666666666,6.333333333333333,6.666666666666667,0.3333333333333333,3.0,1.3333333333333333,0.3333333333333333,0.3333333333333333,3.333333333333333,12.333333333333334,,1.6666666666666667,2.333333333333333,,1.0,5.333333333333333,2.6666666666666665,1.3333333333333333,0.2840439130761711,0.0978863952093111,0.2120334862270345,0.1021232139069175,0.2243151114118856,0.0562026732039864,0.010752688172043,0.0186242022319234,0.1003709552096648,0.0311875997185009,0.406684713136326,0.0552954270619488,0.0822367596561145,0.0636147091699477,0.01010101010101,0.017495462702716,0.4529698974860265,0.0516498264834111,29.0,3.807886552931956,12.4,6.0,7.0,1.0,3.6,1.0,0.6,1.2,5.0,12.2,,1.4,1.8,,1.0,5.0,2.2,7.8,0.4422005413940898,0.2661089277807134,0.2057147153921347,0.0756744841501736,0.2482987442664862,0.0823011766318096,0.0379032258064516,0.0512905761811543,0.1239322505451537,0.0459844626567862,0.4176667418602902,0.0436758668902378,0.0660087224603353,0.0581829090068191,0.0402003910068426,0.0529701595060138,0.4869109707496804,0.0664133446396905,31.0,4.3204937989385765,14.7,4.4,5.6,1.0,4.0,1.2,0.3,1.7,5.6,14.2,,2.5,3.2,,0.6,3.8,2.2,6.6,0.4793192324454184,0.2030213499063709,0.1430952120515687,0.0887420912301166,0.1871232027541325,0.0899308068506434,0.0351449426259673,0.0389921557891781,0.1267489841730828,0.0411667720287919,0.450284675322626,0.0788455580377205,0.1025394684123336,0.0876767033857982,0.0534863324189699,0.0578252061701089,0.5488883738430228,0.1041954029953282,,,,29.99375,12.927483067729082,5.191626494023904,6.089513944223107,0.8335856573705178,1.0754731075697213,0.3584910358565736,1.1949701195219122,24.20862350597609,18.119109561752985,19.01699701195219,11.28114043824701,1.4339641434262949,12.927483067729082,5.191626494023904,6.089513944223107,0.8335856573705178,24.20862350597609,1.0754731075697213,0.3584910358565736,1.1949701195219122
4066317,Lindy Waters III,SAS,2026-05-29,0.0,1.0,4.0,7.0,16.0,2,0,1,0,1,1,0,0,1,2,,0,0,,0,0,1,1,6.0,0.3333333333333333,0.0,0.1666666666666666,0.0,0.1666666666666666,0.3333333333333333,0.0,0.0,0.3333333333333333,0.0,3.333333333333333,3.055050463303893,0.6666666666666666,0.0,0.6666666666666666,0.0,0.3333333333333333,0.3333333333333333,0.0,0.0,0.3333333333333333,0.6666666666666666,,0.0,0.0,,0.0,0.0,0.3333333333333333,0.6666666666666666,0.1666666666666666,0.2357022603955158,0.0,0.0,0.2083333333333333,0.0589255650988789,0.0,0.0,0.0833333333333333,0.1178511301977579,0.1666666666666666,0.2357022603955158,0.0,0.0,0.0,0.0,0.1666666666666666,0.2357022603955158,2.4,2.6076809620810595,0.4,0.0,0.4,0.0,0.2,0.2,0.0,0.0,0.2,0.4,,0.0,0.0,,0.0,0.0,0.2,0.4,0.1111111111111111,0.1924500897298752,0.0,0.0,0.1388888888888888,0.1272937693043289,0.0,0.0,0.0555555555555555,0.0962250448649376,0.1111111111111111,0.1924500897298752,0.0,0.0,0.0,0.0,0.1111111111111111,0.1924500897298752,2.2,2.8982753492378874,0.7,0.1,0.3,0.1,0.3,0.1,0.0,0.0,0.3,0.7,,0.0,0.0,,0.1,0.0,0.1,0.3,0.4166666666666667,0.6236095644623236,0.025,0.0559016994374947,0.1083333333333333,0.1086533734200441,0.1,0.2236067977499789,0.1583333333333333,0.2049728979374807,0.3416666666666667,0.4086733278413076,0.0,0.0,0.0,0.0,0.3416666666666667,0.4086733278413076,,,,6.74,1.5987272727272726,0.1918181818181818,0.7714545454545454,0.1918181818181818,0.3063636363636364,0.0,0.0,2.562,1.7905454545454544,2.370181818181818,0.9632727272727272,0.3063636363636364,1.5987272727272726,0.1918181818181818,0.7714545454545454,0.1918181818181818,2.562,0.3063636363636364,0.0,0.0
4395630,Devin Vassell,SAS,2026-05-29,0.0,1.0,4.0,7.0,16.0,12,1,2,4,7,1,2,1,4,7,,0,0,,0,1,0,18,26.0,0.4615384615384615,0.0384615384615384,0.0769230769230769,0.1538461538461538,0.2692307692307692,0.2692307692307692,0.0,0.0384615384615384,0.3076923076923077,0.0,31.666666666666668,5.131601439446889,10.333333333333334,3.6666666666666665,3.0,2.6666666666666665,6.666666666666667,1.6666666666666667,1.0,1.0,3.0,8.333333333333334,,1.6666666666666667,2.333333333333333,,0.3333333333333333,3.333333333333333,0.3333333333333333,14.333333333333334,0.3407148407148407,0.1544732457488785,0.1104636104636104,0.0716805150751398,0.0929810929810929,0.0171879409718073,0.09000259000259,0.0553477857145315,0.2134809634809635,0.0804836011963067,0.2623025123025123,0.0471008990498022,0.0698653198653198,0.0979437783074827,0.0321807821807821,0.0055839188454675,0.3252240352240352,0.0190862650741241,33.8,4.71168759575589,14.6,4.4,2.4,3.4,7.6,1.8,0.8,0.8,4.4,10.2,,2.4,2.8,,0.6,3.8,1.8,6.2,0.431329489224226,0.1655144742103768,0.1262196867460025,0.0634719386162684,0.0721629247945037,0.03266804072714,0.1022471680366417,0.0500772625495898,0.2245798061587535,0.0790536340488936,0.2977323845744898,0.0601396962796628,0.0802232854864433,0.0769915337326566,0.0245716272032061,0.0145160685380283,0.3576022573917311,0.0470801143432194,34.8,6.908931417616865,13.6,4.3,2.6,2.8,7.2,1.4,0.8,1.1,4.7,10.7,,1.4,1.7,,0.6,3.7,2.1,8.5,0.3979310349666387,0.1239526766712065,0.1224650374708424,0.0590803950712722,0.07849208826376,0.0354292158446411,0.0832054319089922,0.0437527686857878,0.2095560696470139,0.062346972730597,0.309874560280907,0.0584268591270889,0.0494866427432216,0.0668243527941986,0.030804951054564,0.0144169268349794,0.3624536341424886,0.0471049186364132,,,,33.1035,12.8542,3.914225,2.50795,2.8581,1.3317499999999998,0.761,1.046375,19.276375,16.768424999999997,15.36215,6.422174999999999,2.09275,12.8542,3.914225,2.50795,2.8581,19.276375,1.3317499999999998,0.761,1.046375
4395723,Keldon Johnson,SAS,2026-05-29,0.0,1.0,4.0,7.0,16.0,9,3,0,1,3,1,0,1,4,7,,0,0,,1,2,1,7,18.0,0.5,0.1666666666666666,0.0,0.0555555555555555,0.1666666666666666,0.3888888888888889,0.0,0.0555555555555555,0.4444444444444444,0.0,18.666666666666668,1.154700538379261,10.0,3.333333333333333,0.6666666666666666,0.6666666666666666,3.6666666666666665,0.6666666666666666,0.0,1.6666666666666667,4.666666666666667,10.666666666666666,,0.0,0.6666666666666666,,1.6666666666666667,1.6666666666666667,2.333333333333333,5.666666666666667,0.5277777777777778,0.2097176232019652,0.1777777777777777,0.0192450089729875,0.0333333333333333,0.0577350269189625,0.0351851851851851,0.0305976141515894,0.1962962962962963,0.0279623497602621,0.5685185185185185,0.1557868650596155,0.037037037037037,0.0641500299099582,0.0888888888888888,0.0293972367896065,0.6737037037037036,0.2022110294012734,18.8,5.019960159204452,9.0,3.4,0.6,1.0,3.8,0.4,0.0,1.4,3.8,9.8,,0.4,1.0,,2.2,1.2,3.2,-4.0,0.476923076923077,0.1642202102332314,0.1784615384615384,0.016378173766842,0.0276923076923076,0.0437177607334856,0.0531623931623931,0.0328512698654105,0.2152136752136752,0.0713365509340051,0.5167521367521368,0.1319507680411381,0.0632478632478632,0.073486879277613,0.0776923076923076,0.0303123727952955,0.6222735042735044,0.160629737235907,18.4,4.718756898449704,9.4,2.4,0.7,1.1,3.2,0.6,0.1,1.3,3.6,8.2,,1.1,1.7,,1.4,1.0,2.3,-2.4,0.4744311416138041,0.2677428473344141,0.1264950529346814,0.0751237951772977,0.0449916646820671,0.0645213846954313,0.0552893305524884,0.0466909611359472,0.1695685600948759,0.1063024064306323,0.429656676313023,0.1517351660898526,0.0903770979622372,0.0866804098042152,0.0701295763060469,0.0538998097776027,0.5395521757224543,0.1808003112610562,,,,18.504,9.423878260869566,2.6961391304347826,0.6423739130434782,1.0317304347826086,0.6033913043478261,0.1005652173913043,1.3073478260869569,12.762391304347826,12.120017391304348,10.066252173913044,3.338513043478261,0.7039565217391304,9.423878260869566,2.6961391304347826,0.6423739130434782,1.0317304347826086,12.762391304347826,0.6033913043478261,0.1005652173913043,1.3073478260869569
4592479,Julian Champagnie,SAS,2026-05-29,0.0,1.0,4.0,7.0,16.0,10,6,2,2,6,1,2,1,4,8,,0,0,,1,5,2,24,25.0,0.4,0.24,0.08,0.08,0.24,0.32,0.0,0.04,0.36,0.0,28.0,2.645751311064593,11.333333333333334,6.0,1.6666666666666667,2.0,6.333333333333333,1.3333333333333333,1.0,1.0,4.333333333333333,10.0,,0.6666666666666666,1.0,,1.3333333333333333,4.666666666666667,2.333333333333333,1.3333333333333333,0.4007662835249042,0.3321845709203372,0.2148659003831417,0.0679485685729304,0.0607662835249042,0.0243898548498649,0.0711111111111111,0.0671096394246288,0.226360153256705,0.0485843092789888,0.3537931034482759,0.1325807137555407,0.0333333333333333,0.0577350269189625,0.0355555555555555,0.0335548197123144,0.4040153256704981,0.1885372630415623,31.0,4.527692569068706,10.4,5.6,1.8,1.8,6.8,1.2,0.8,0.6,3.8,9.6,,1.0,1.4,,0.8,4.8,2.4,2.2,0.3420470717022441,0.2492831688844812,0.1852687465790914,0.0628725413271829,0.058999452654625,0.0174241390554222,0.0596507936507936,0.0510480237684343,0.2204192665571975,0.0373091870383739,0.3138631636562671,0.1108252149462705,0.0422222222222222,0.0579484658240235,0.0213333333333333,0.0306956384885902,0.3537742747673782,0.1501086684984631,31.3,5.6184220797895446,10.3,6.3,1.8,2.0,7.3,1.5,0.6,0.4,3.5,9.4,,1.3,1.5,,1.1,5.2,2.6,6.9,0.3401968338175235,0.2129208638101299,0.2041587684346305,0.0865864454543514,0.0598095888785544,0.0333040618219604,0.0658212974764698,0.0502440061037841,0.2347675466296156,0.0540981461863403,0.3045049280221694,0.0832966470117166,0.0498290598290598,0.0657966090049037,0.0129393939393939,0.0233016313565191,0.3393691082863496,0.113770245318763,,,,29.974000000000004,10.158189137380193,5.987863258785943,1.7502466453674124,1.9211629392971248,1.4364536741214058,0.5745814696485624,0.3830543130990416,17.896299041533545,16.146052396166134,11.908435782747604,7.738109904153355,2.011035143769968,10.158189137380193,5.987863258785943,1.7502466453674124,1.9211629392971248,17.896299041533545,1.4364536741214058,0.5745814696485624,0.3830543130990416
4845367,Stephon Castle,SAS,2026-05-29,0.0,1.0,4.0,7.0,16.0,17,5,9,0,2,1,0,1,5,10,,7,8,,2,3,3,13,32.0,0.53125,0.15625,0.28125,0.0,0.0625,0.3125,0.25,0.03125,0.45375,0.0,31.666666666666668,1.5275252316519123,18.0,4.333333333333333,7.0,1.3333333333333333,3.333333333333333,1.6666666666666667,0.3333333333333333,1.6666666666666667,5.666666666666667,10.666666666666666,,5.333333333333333,6.0,,1.6666666666666667,2.6666666666666665,4.333333333333333,9.666666666666666,0.5639520202020202,0.1496735060768425,0.1359217171717171,0.0311990708349984,0.2210227272727273,0.0529446684116837,0.0414141414141414,0.0459901108599281,0.1046717171717171,0.0446910841870695,0.3374999999999999,0.0273226605179255,0.1863636363636363,0.1037298001621985,0.051830808080808,0.0338588129007778,0.4713308080808081,0.0530209603963645,33.6,3.049590136395381,18.6,4.6,7.2,1.2,4.2,1.4,0.6,3.0,5.6,11.4,,6.2,7.2,,1.8,2.8,4.2,0.2,0.5499501594896332,0.1410049247931313,0.136440248348143,0.0224297762362464,0.2147188995215311,0.0385995930058587,0.0358259284575074,0.0334175682764761,0.1229534062428799,0.0406641789317385,0.337687969924812,0.0797329644973772,0.2128708133971291,0.1324994096096352,0.0841811916154021,0.0892052137884611,0.515532319434951,0.1269785486469526,35.1,6.33245607959503,19.2,5.4,7.5,1.5,4.4,1.1,0.5,3.7,6.3,12.6,,5.1,6.3,,1.7,3.7,3.6,5.7,0.5658526409795207,0.2216729748595515,0.1581627198309529,0.0764636911188438,0.2128414623856353,0.0526324887356424,0.0445258526273563,0.0503322487417948,0.1244748543338768,0.0577288823429747,0.3649354335538546,0.0958021045009731,0.1799403402034981,0.1012900202558129,0.0987237595837219,0.0798034290680962,0.5428329428271158,0.1058324713979294,,,,33.787000000000006,18.409066666666668,5.014800000000001,7.319666666666667,1.3143333333333336,1.0588518518518522,0.4812962962962964,3.5615925925925933,30.743533333333332,23.42386666666667,25.72873333333333,12.334466666666668,1.5401481481481485,18.409066666666668,5.014800000000001,7.319666666666667,1.3143333333333336,30.743533333333332,1.0588518518518522,0.4812962962962964,3.5615925925925933
5037871,Dylan Harper,SAS,2026-05-29,0.0,1.0,4.0,7.0,16.0,18,6,4,2,3,0,0,1,6,9,,4,4,,0,6,1,19,22.0,0.8181818181818182,0.2727272727272727,0.1818181818181818,0.0909090909090909,0.1363636363636363,0.4090909090909091,0.1818181818181818,0.0454545454545454,0.5345454545454545,0.0,22.666666666666668,2.081665999466153,10.0,5.666666666666667,3.0,1.0,2.333333333333333,0.0,0.0,2.0,3.0,6.0,,3.0,4.0,,1.3333333333333333,4.333333333333333,1.3333333333333333,12.333333333333334,0.4505050505050505,0.3253215310448593,0.2502741702741702,0.0194682661479033,0.1323520923520923,0.0445921348127646,0.0436363636363636,0.0455635057677878,0.1013275613275613,0.047227063028983,0.2665223665223665,0.1235597739337126,0.1825108225108225,0.1028588919349295,0.0868975468975468,0.0379661659680415,0.4337246753246752,0.0917280502531169,22.0,3.3166247903554,9.6,4.4,2.8,0.8,2.0,0.0,0.0,1.8,3.2,7.0,,2.4,3.2,,1.0,3.4,1.4,6.0,0.4368912655971479,0.2351224058801455,0.2014586198115609,0.0762946569608574,0.1269406671759612,0.0324010476631775,0.0379465240641711,0.0391311160702404,0.0960906544435956,0.07112913287391,0.3222663610898905,0.1160912212431786,0.1490359052711994,0.0869954444937941,0.083667939903234,0.0386510675746186,0.4715100993124522,0.0910379228126482,25.5,8.168367169895232,13.1,5.9,2.6,0.7,2.4,1.2,0.3,1.8,4.5,9.0,,3.4,4.0,,1.5,4.4,1.9,5.8,0.5040906591670046,0.2130574546660758,0.2292902603816245,0.0812709254305376,0.1006323024308005,0.0421455709785933,0.0286507791564111,0.0305863523295993,0.0921811094852396,0.0576370332809431,0.3451963435442784,0.0902553971932521,0.1610298032751099,0.0905169507729748,0.075907498471954,0.0357631547484579,0.4919569554572808,0.0732248377051814,,,,23.81,12.011082352941171,5.433388235294117,2.6566117647058825,0.8001647058823528,1.120470588235294,0.2801176470588235,1.680705882352941,20.101082352941173,17.44447058823529,14.667694117647056,8.09,1.4005882352941177,12.011082352941171,5.433388235294117,2.6566117647058825,0.8001647058823528,20.101082352941173,1.120470588235294,0.2801176470588235,1.680705882352941
5061568,Carter Bryant,SAS,2026-05-29,0.0,1.0,4.0,7.0,15.0,2,4,0,0,2,0,0,1,1,3,,0,0,,0,4,2,2,8.0,0.25,0.5,0.0,0.0,0.25,0.375,0.0,0.125,0.5,0.0,6.666666666666667,1.5275252316519463,3.0,2.0,0.3333333333333333,0.3333333333333333,2.0,0.3333333333333333,0.3333333333333333,0.6666666666666666,1.3333333333333333,3.0,,0.0,0.0,,0.0,2.0,2.6666666666666665,-4.0,0.55,0.7466592261534039,0.2809523809523809,0.191840353128416,0.0476190476190476,0.0824786098842322,0.0666666666666666,0.1154700538379251,0.3309523809523809,0.2390812915005652,0.5059523809523809,0.4433225281277483,0.0,0.0,0.0892857142857142,0.0778374811346548,0.5952380952380952,0.3665429599604919,8.0,2.1213203435596397,2.4,1.6,0.4,0.4,1.6,0.4,0.4,1.0,1.0,2.4,,0.0,0.0,,0.2,1.4,2.2,-6.4,0.39,0.5813776741499452,0.2085714285714285,0.1680014577196232,0.0485714285714285,0.0682133507789332,0.0599999999999999,0.0894427190999916,0.2385714285714285,0.2226693347838027,0.3635714285714285,0.3840938182586251,0.0,0.0,0.1135714285714285,0.0733839497549202,0.4771428571428571,0.3135706150331132,9.9,2.884826203122507,2.9,2.1,0.6,0.6,1.5,0.2,0.2,0.9,1.1,2.2,,0.1,0.2,,0.2,1.9,1.9,0.8,0.3561721611721611,0.4210917687068619,0.2063919413919414,0.1686262464248842,0.0557875457875457,0.065049245424566,0.0704761904761904,0.0912125424004641,0.1829304029304029,0.1669953598889698,0.2691483516483516,0.2783901408440259,0.0153846153846153,0.0486504255410519,0.0901190476190476,0.0908375719329769,0.36603663003663,0.2505950362793237,,,,8.665,2.570939393939394,1.9748181818181816,0.459090909090909,0.459090909090909,0.175050505050505,0.175050505050505,0.7877272727272727,5.004848484848485,4.545757575757576,3.030030303030303,2.433909090909091,0.3501010101010101,2.570939393939394,1.9748181818181816,0.459090909090909,0.459090909090909,5.004848484848485,0.175050505050505,0.175050505050505,0.7877272727272727
5104157,Victor Wembanyama,SAS,2026-05-29,0.0,1.0,4.0,7.0,15.0,28,10,2,4,9,2,3,3,10,21,,4,4,,4,6,0,13,28.0,1.0,0.3571428571428571,0.0714285714285714,0.1428571428571428,0.3214285714285714,0.75,0.1428571428571428,0.1071428571428571,0.92,0.0,32.333333333333336,5.1316014394468805,27.0,8.0,2.6666666666666665,2.333333333333333,7.0,2.0,3.0,3.0,8.333333333333334,19.33333333333333,,8.0,8.333333333333334,,2.6666666666666665,5.333333333333333,1.3333333333333333,11.333333333333334,0.8636106395019808,0.2938816847270941,0.2577007033713316,0.0996245583711049,0.0863448944943002,0.0687124709729712,0.0798771121351766,0.0729121000694673,0.2262713234699652,0.094925665751301,0.6181380871533674,0.1945188033179665,0.2496563990621715,0.0933632770671965,0.0962688980515805,0.0393439726277025,0.8242558007923034,0.2073668845911905,34.6,4.827007354458866,25.6,9.0,3.4,2.4,6.6,1.6,3.0,3.0,8.2,17.8,,6.8,7.4,,2.6,6.4,2.0,7.8,0.7650132305480353,0.2502768830967181,0.2670251344275113,0.1450769974504214,0.0996239845136279,0.0599961767504426,0.0743988937537324,0.0531540716604164,0.1992416575608426,0.0796253935271283,0.5342924157015838,0.179961168991035,0.211886701530165,0.1102344600305512,0.0896393707089802,0.0354969240827817,0.7171619350838366,0.2074500239050175,33.1,9.746224340168292,25.8,11.1,2.9,1.8,4.8,1.0,2.9,2.9,8.5,16.4,,7.0,8.0,,2.7,8.4,2.6,11.9,0.7571073755890636,0.2430251253200463,0.330103406661738,0.1418713646797505,0.0895293998313644,0.0513537560917965,0.053408977372111,0.0484377482218129,0.1481082308392519,0.0815149983367131,0.4977075205549617,0.1297028754157259,0.2255124560484735,0.1181301636929638,0.0972475306394782,0.0465979452039082,0.6941805318557683,0.1451544695368281,,,,32.7945,25.905125679758303,10.30653081570997,2.871940483383685,2.0700320241691843,0.9907703927492446,2.8732341389728093,2.8732341389728093,39.08359697885196,36.21165649546828,28.777066163141992,13.178471299093657,3.864004531722054,25.905125679758303,10.30653081570997,2.871940483383685,2.0700320241691843,39.08359697885196,0.9907703927492446,2.8732341389728093,2.8732341389728093
4023,Garrett Temple,TOR,2026-05-29,0.0,26.0,0.0,0.0,5.0,0,0,0,0,0,0,0,0,0,0,,0,0,,0,0,0,0,0.0,,,,,,,,,,0.0,0.0,0.0,0.0,0.0,0.0,0.0,0.0,0.0,0.0,0.0,0.0,0.0,,0.0,0.0,,0.0,0.0,0.0,0.0,,,,,,,,,,,,,,,,,,,0.0,0.0,0.0,0.0,0.0,0.0,0.0,0.0,0.0,0.0,0.0,0.0,,0.0,0.0,,0.0,0.0,0.0,0.0,,,,,,,,,,,,,,,,,,,0.0,0.0,0.0,0.0,0.0,0.0,0.0,0.0,0.0,0.0,0.0,0.0,,0.0,0.0,,0.0,0.0,0.0,0.0,,,,,,,,,,,,,,,,,,,,,,8.0,0.0,0.0,0.0,0.0,0.176,0.144,0.48,0.0,0.0,0.0,0.0,0.3199999999999999,0.0,0.0,0.0,0.0,0.0,0.176,0.144,0.48
3134908,Jakob Poeltl,TOR,2026-05-29,0.0,26.0,0.0,0.0,5.0,9,7,0,0,0,2,0,2,4,5,,1,4,,2,5,4,9,22.0,0.4090909090909091,0.3181818181818182,0.0,0.0,0.0,0.2272727272727272,0.1818181818181818,0.0909090909090909,0.3981818181818182,0.0,21.666666666666668,0.5773502691896263,8.333333333333334,6.666666666666667,1.3333333333333333,0.0,0.0,1.3333333333333333,0.6666666666666666,0.6666666666666666,3.333333333333333,4.666666666666667,,1.6666666666666667,3.333333333333333,,1.3333333333333333,5.333333333333333,3.0,5.0,0.3888888888888888,0.288409930005439,0.3095238095238095,0.1236042557166167,0.0627705627705627,0.0729857805198587,0.0,0.0,0.0,0.0,0.2164502164502164,0.0752612062801459,0.1558441558441558,0.1446172561774031,0.0303030303030303,0.0524863881081478,0.3153246753246753,0.1551262686246464,21.5,0.5773502691896263,8.75,6.5,1.25,0.0,0.0,1.25,0.75,0.5,3.5,5.25,,1.75,3.0,,1.75,4.75,2.75,2.0,0.4107142857142857,0.2394972169709681,0.3035714285714285,0.1016221664312545,0.0589826839826839,0.0600722471271771,0.0,0.0,0.0,0.0,0.2456709956709956,0.0848031949097824,0.1406926406926407,0.1219058687474348,0.0227272727272727,0.0454545454545454,0.3303030303030303,0.1301544362787317,21.5,0.5773502691896263,8.75,6.5,1.25,0.0,0.0,1.25,0.75,0.5,3.5,5.25,,1.75,3.0,,1.75,4.75,2.75,2.0,0.4107142857142857,0.2394972169709681,0.3035714285714285,0.1016221664312545,0.0589826839826839,0.0600722471271771,0.0,0.0,0.0,0.0,0.2456709956709956,0.0848031949097824,0.1406926406926407,0.1219058687474348,0.0227272727272727,0.0454545454545454,0.3303030303030303,0.1301544362787317,,,,21.625,8.6625,6.624999999999999,1.0875,0.0,0.4757499999999999,0.38925,1.2975,16.374999999999996,15.287499999999998,9.75,7.712499999999999,0.865,8.6625,6.624999999999999,1.0875,0.0,16.374999999999996,0.4757499999999999,0.38925,1.2975
3913176,Brandon Ingram,TOR,2026-05-29,0.0,30.0,0.0,0.0,3.0,1,1,2,0,0,0,1,1,0,2,,1,2,,0,1,0,-2,11.0,0.0909090909090909,0.0909090909090909,0.1818181818181818,0.0,0.0,0.1818181818181818,0.1818181818181818,0.0909090909090909,0.3527272727272727,0.0,23.5,17.67766952966369,12.0,3.5,1.0,1.5,3.5,0.0,1.5,1.0,3.0,12.5,,4.5,5.5,,1.0,2.5,1.0,-0.5,0.3648989898989899,0.3874802311047495,0.1287878787878787,0.0535686955444354,0.0909090909090909,0.128564869306645,0.0416666666666666,0.0589255650988789,0.0972222222222222,0.1374929852307175,0.4103535353535353,0.323197796451427,0.2159090909090909,0.0482118259899918,0.0593434343434343,0.0446405796203628,0.5646969696969697,0.2997704202666606,23.5,17.67766952966369,12.0,3.5,1.0,1.5,3.5,0.0,1.5,1.0,3.0,12.5,,4.5,5.5,,1.0,2.5,1.0,-0.5,0.3648989898989899,0.3874802311047495,0.1287878787878787,0.0535686955444354,0.0909090909090909,0.128564869306645,0.0416666666666666,0.0589255650988789,0.0972222222222222,0.1374929852307175,0.4103535353535353,0.323197796451427,0.2159090909090909,0.0482118259899918,0.0593434343434343,0.0446405796203628,0.5646969696969697,0.2997704202666606,23.5,17.67766952966369,12.0,3.5,1.0,1.5,3.5,0.0,1.5,1.0,3.0,12.5,,4.5,5.5,,1.0,2.5,1.0,-0.5,0.3648989898989899,0.3874802311047495,0.1287878787878787,0.0535686955444354,0.0909090909090909,0.128564869306645,0.0416666666666666,0.0589255650988789,0.0972222222222222,0.1374929852307175,0.4103535353535353,0.323197796451427,0.2159090909090909,0.0482118259899918,0.0593434343434343,0.0446405796203628,0.5646969696969697,0.2997704202666606,,,,21.625,10.35,3.125,1.15,1.275,0.4757499999999999,0.3892499999999999,1.2974999999999997,14.625,13.475,11.5,4.275,0.8649999999999998,10.35,3.125,1.15,1.275,14.625,0.4757499999999999,0.3892499999999999,1.2974999999999997
4067017,A.J. Lawson,TOR,2026-05-29,0.0,26.0,0.0,0.0,5.0,2,2,0,0,2,0,1,0,1,4,,0,0,,0,2,2,-1,16.0,0.125,0.125,0.0,0.0,0.125,0.25,0.0,0.0,0.25,0.0,9.333333333333334,7.023769168568492,2.6666666666666665,1.0,0.0,0.6666666666666666,1.6666666666666667,0.0,0.3333333333333333,0.3333333333333333,1.0,3.0,,0.0,0.0,,0.0,1.0,1.3333333333333333,-1.6666666666666667,0.2416666666666666,0.3165569985537096,0.075,0.0661437827766147,0.0,0.0,0.0666666666666666,0.1154700538379251,0.1416666666666666,0.1506928443335427,0.5166666666666667,0.4193248541803041,0.0,0.0,0.0333333333333333,0.0577350269189625,0.5499999999999999,0.3968626966596886,7.25,7.088723439378913,2.0,0.75,0.0,0.5,1.25,0.0,0.25,0.25,0.75,2.25,,0.0,0.0,,0.0,0.75,1.0,-0.75,0.18125,0.2853178052628332,0.05625,0.0657488909919145,0.0,0.0,0.05,0.1,0.10625,0.1419727086450068,0.3875,0.4289036410819257,0.0,0.0,0.025,0.05,0.4125,0.425,7.25,7.088723439378913,2.0,0.75,0.0,0.5,1.25,0.0,0.25,0.25,0.75,2.25,,0.0,0.0,,0.0,0.75,1.0,-0.75,0.18125,0.2853178052628332,0.05625,0.0657488909919145,0.0,0.0,0.05,0.1,0.10625,0.1419727086450068,0.3875,0.4289036410819257,0.0,0.0,0.025,0.05,0.4125,0.425,,,,9.1875,2.2,1.0125,0.0,0.475,0.202125,0.165375,0.55125,3.2124999999999995,3.2124999999999995,2.2,1.0125,0.3675,2.2,1.0125,0.0,0.475,3.2124999999999995,0.202125,0.165375,0.55125
4278580,Sandro Mamukelashvili,TOR,2026-05-29,0.0,26.0,0.0,0.0,5.0,6,0,0,0,2,0,0,1,3,6,,0,1,,0,0,2,-9,9.0,0.6666666666666666,0.0,0.0,0.0,0.2222222222222222,0.6666666666666666,0.1111111111111111,0.1111111111111111,0.8266666666666667,0.0,12.666666666666666,3.214550253664318,6.0,2.333333333333333,0.3333333333333333,0.6666666666666666,2.6666666666666665,0.3333333333333333,0.6666666666666666,0.3333333333333333,2.333333333333333,6.0,,0.6666666666666666,1.0,,0.3333333333333333,2.0,1.0,-2.0,0.4920634920634921,0.3024215695755182,0.1619047619047619,0.1466171839841965,0.0238095238095238,0.0412393049421161,0.0444444444444444,0.0769800358919501,0.2089947089947089,0.1314524682413211,0.4936507936507937,0.2442227401115709,0.0814814814814814,0.0714344500814292,0.037037037037037,0.0641500299099584,0.5665396825396826,0.316414512329951,12.75,2.6299556396765835,5.0,3.75,0.5,0.5,2.25,0.75,0.75,0.25,2.0,5.25,,0.5,0.75,,1.0,2.75,1.0,0.0,0.4075091575091575,0.299282941596608,0.2752747252747253,0.2564021453452847,0.037087912087912,0.0428841372672824,0.0333333333333333,0.0666666666666666,0.1759768009768009,0.1260181069159236,0.4279304029304029,0.2388301562844034,0.0611111111111111,0.0711458248603649,0.0277777777777777,0.0555555555555555,0.4825970695970696,0.3081085492904524,12.75,2.6299556396765835,5.0,3.75,0.5,0.5,2.25,0.75,0.75,0.25,2.0,5.25,,0.5,0.75,,1.0,2.75,1.0,0.0,0.4075091575091575,0.299282941596608,0.2752747252747253,0.2564021453452847,0.037087912087912,0.0428841372672824,0.0333333333333333,0.0666666666666666,0.1759768009768009,0.1260181069159236,0.4279304029304029,0.2388301562844034,0.0611111111111111,0.0711458248603649,0.0277777777777777,0.0555555555555555,0.4825970695970696,0.3081085492904524,,,,12.1625,5.449999999999999,2.7625,0.375,0.475,0.2675749999999999,0.2189249999999999,0.7297499999999999,8.587499999999999,8.212499999999999,5.824999999999999,3.1375,0.4864999999999999,5.449999999999999,2.7625,0.375,0.475,8.587499999999999,0.2675749999999999,0.2189249999999999,0.7297499999999999
4395625,RJ Barrett,TOR,2026-05-29,0.0,26.0,0.0,0.0,5.0,23,4,6,1,6,3,0,3,9,25,,4,5,,0,4,3,-4,43.0,0.5348837209302325,0.0930232558139534,0.1395348837209302,0.0232558139534883,0.1395348837209302,0.5813953488372093,0.1162790697674418,0.0697674418604651,0.7023255813953488,0.0,41.333333333333336,2.886751345948128,24.0,8.333333333333334,4.666666666666667,2.333333333333333,7.666666666666667,1.3333333333333333,0.0,3.6666666666666665,8.666666666666666,21.666666666666668,,4.333333333333333,6.333333333333333,,2.333333333333333,6.0,3.333333333333333,2.333333333333333,0.583639330885353,0.065349882983915,0.2060383516931865,0.1114189710067899,0.1136270909832721,0.0381913059045262,0.0563035495716034,0.0350283672490922,0.1833945328437372,0.0829526197137,0.5232558139534884,0.0506848714365194,0.1564667482660138,0.06960710099777,0.0883312933496532,0.0246348618412702,0.6804324765401878,0.0233752820496193,40.75,2.6299556396765835,22.5,8.25,3.75,2.0,7.25,1.5,0.25,3.75,8.5,21.75,,3.5,5.75,,2.5,5.75,3.5,1.25,0.55311411354863,0.0810816073131935,0.2058108150519411,0.0909743470719467,0.0916305746477105,0.0539237500680166,0.0486379185889589,0.0324505562593283,0.1760074380943414,0.0693231665481078,0.5334675014907573,0.0461492330502497,0.142991086840536,0.0629004992796211,0.0918894956532655,0.0213360608632281,0.6882730753538587,0.024701602504573,40.75,2.6299556396765835,22.5,8.25,3.75,2.0,7.25,1.5,0.25,3.75,8.5,21.75,,3.5,5.75,,2.5,5.75,3.5,1.25,0.55311411354863,0.0810816073131935,0.2058108150519411,0.0909743470719467,0.0916305746477105,0.0539237500680166,0.0486379185889589,0.0324505562593283,0.1760074380943414,0.0693231665481078,0.5334675014907573,0.0461492330502497,0.142991086840536,0.0629004992796211,0.0918894956532655,0.0213360608632281,0.6882730753538587,0.024701602504573,,,,41.2625,23.025,7.6375,4.3625,1.95,0.907775,0.7427249999999999,2.47575,35.025,30.6625,27.3875,12.0,1.6504999999999996,23.025,7.6375,4.3625,1.95,35.025,0.907775,0.7427249999999999,2.47575
4431684,Trayce Jackson-Davis,TOR,2026-05-29,0.0,26.0,0.0,0.0,5.0,0,0,0,0,0,0,0,0,0,0,,0,0,,0,0,0,0,0.0,,,,,,,,,,0.0,0.0,0.0,0.0,0.0,0.0,0.0,0.0,0.0,0.0,0.0,0.0,0.0,,0.0,0.0,,0.0,0.0,0.0,0.0,,,,,,,,,,,,,,,,,,,0.0,0.0,0.0,0.0,0.0,0.0,0.0,0.0,0.0,0.0,0.0,0.0,,0.0,0.0,,0.0,0.0,0.0,0.0,,,,,,,,,,,,,,,,,,,0.0,0.0,0.0,0.0,0.0,0.0,0.0,0.0,0.0,0.0,0.0,0.0,,0.0,0.0,,0.0,0.0,0.0,0.0,,,,,,,,,,,,,,,,,,,,,,8.0,0.0,0.0,0.0,0.0,0.176,0.144,0.48,0.0,0.0,0.0,0.0,0.3199999999999999,0.0,0.0,0.0,0.0,0.0,0.176,0.144,0.48
4431893,Jamison Battle,TOR,2026-05-29,0.0,26.0,0.0,0.0,5.0,3,2,1,1,2,0,0,0,1,3,,0,0,,0,2,2,-8,14.0,0.2142857142857142,0.1428571428571428,0.0714285714285714,0.0714285714285714,0.1428571428571428,0.2142857142857142,0.0,0.0,0.2142857142857142,0.0,14.666666666666666,4.041451884327381,5.0,2.6666666666666665,0.3333333333333333,1.0,1.6666666666666667,0.0,0.0,0.3333333333333333,2.0,4.0,,0.0,0.0,,1.0,1.6666666666666667,1.6666666666666667,-9.0,0.3457507404875826,0.1217236336417423,0.1528822055137844,0.1581332486651364,0.0238095238095238,0.0412393049421161,0.0716564137616769,0.0191397731071065,0.125768967874231,0.0662668762166308,0.2803599908863067,0.0761468200210404,0.0,0.0,0.0175438596491228,0.0303868562731381,0.2979038505354294,0.0762648395522491,13.25,4.349329450233296,3.75,2.25,0.25,0.75,1.5,0.0,0.0,0.25,1.5,3.25,,0.0,0.0,,0.75,1.5,1.25,-6.75,0.2593130553656869,0.1994082636909196,0.1424394319131161,0.1307935611469177,0.0178571428571428,0.0357142857142857,0.0537423103212576,0.0390881186298834,0.122104503683451,0.0546007855275808,0.2380477709425077,0.1050088311802113,0.0,0.0,0.0131578947368421,0.0263157894736842,0.2512056656793499,0.1122516475455803,13.25,4.349329450233296,3.75,2.25,0.25,0.75,1.5,0.0,0.0,0.25,1.5,3.25,,0.0,0.0,,0.75,1.5,1.25,-6.75,0.2593130553656869,0.1994082636909196,0.1424394319131161,0.1307935611469177,0.0178571428571428,0.0357142857142857,0.0537423103212576,0.0390881186298834,0.122104503683451,0.0546007855275808,0.2380477709425077,0.1050088311802113,0.0,0.0,0.0131578947368421,0.0263157894736842,0.2512056656793499,0.1122516475455803,,,,13.7875,4.0125,2.3375,0.3875,0.8624999999999999,0.3033249999999999,0.2481749999999999,0.8272499999999999,6.7375,6.35,4.4,2.725,0.5514999999999999,4.0125,2.3375,0.3875,0.8624999999999999,6.7375,0.3033249999999999,0.2481749999999999,0.8272499999999999
4432241,Jamal Shead,TOR,2026-05-29,0.0,26.0,0.0,0.0,5.0,14,3,7,2,8,0,0,1,5,16,,2,3,,2,1,3,-13,36.0,0.3888888888888889,0.0833333333333333,0.1944444444444444,0.0555555555555555,0.2222222222222222,0.4444444444444444,0.0833333333333333,0.0277777777777777,0.508888888888889,0.0,34.333333333333336,1.5275252316519456,13.0,1.6666666666666667,6.666666666666667,2.6666666666666665,8.333333333333334,1.0,0.0,2.0,4.666666666666667,13.333333333333334,,1.0,1.6666666666666667,,1.0,0.6666666666666666,3.333333333333333,-3.0,0.3768072885719944,0.1589899288934183,0.0476827094474153,0.0308775618561853,0.1940483264012675,0.0120369749142918,0.0779362249950485,0.0344831791288334,0.2428203604674192,0.0447109193597679,0.3861160625866508,0.0982111661808975,0.0479797979797979,0.0430775810839191,0.0588730441671618,0.0302659929620607,0.4661002178649238,0.0924566886773918,32.25,4.349329450233296,10.25,2.25,6.0,2.0,7.5,0.75,0.0,1.5,3.75,11.5,,0.75,1.25,,0.75,1.5,3.0,1.5,0.301836235659765,0.1983292718992736,0.0742235705470999,0.0587646587310154,0.1839977832624891,0.0223751241247055,0.0584521687462863,0.0480753598028537,0.2301921934274875,0.0443913649765821,0.3472793546322958,0.1116398150930125,0.0359848484848484,0.0425750386365842,0.0441547831253713,0.0384343039358091,0.4072674710910005,0.1397998374795803,32.25,4.349329450233296,10.25,2.25,6.0,2.0,7.5,0.75,0.0,1.5,3.75,11.5,,0.75,1.25,,0.75,1.5,3.0,1.5,0.301836235659765,0.1983292718992736,0.0742235705470999,0.0587646587310154,0.1839977832624891,0.0223751241247055,0.0584521687462863,0.0480753598028537,0.2301921934274875,0.0443913649765821,0.3472793546322958,0.1116398150930125,0.0359848484848484,0.0425750386365842,0.0441547831253713,0.0384343039358091,0.4072674710910005,0.1397998374795803,,,,33.4375,11.6375,2.1875,6.35,2.2,0.735625,0.6018749999999999,2.00625,20.175,13.825,17.9875,8.5375,1.3375,11.6375,2.1875,6.35,2.2,20.175,0.735625,0.6018749999999999,2.00625
4433134,Scottie Barnes,TOR,2026-05-29,0.0,26.0,0.0,0.0,5.0,24,9,6,1,1,0,1,3,8,14,,7,7,,1,8,5,0,37.0,0.6486486486486487,0.2432432432432432,0.1621621621621621,0.027027027027027,0.027027027027027,0.3783783783783784,0.1891891891891892,0.081081081081081,0.5427027027027027,0.0,41.333333333333336,5.859465277082316,22.0,8.0,10.333333333333334,0.3333333333333333,2.0,1.3333333333333333,2.333333333333333,3.333333333333333,8.333333333333334,17.0,,5.0,5.666666666666667,,1.6666666666666667,6.333333333333333,3.0,1.3333333333333333,0.5351264726264726,0.1070933704993813,0.1980682605682605,0.0490872157496868,0.2452933702933702,0.0721540867126812,0.009009009009009,0.0156040613294493,0.0485389235389235,0.0256480970969775,0.4087115962115962,0.0295910691529951,0.1421228921228921,0.0538928724769612,0.0820483945483945,0.0200495598474072,0.5532940632940634,0.0237645532496893,41.5,4.795831523312719,22.25,8.25,9.25,0.25,2.0,1.25,2.5,3.5,7.75,16.5,,6.5,7.75,,2.25,6.0,3.0,3.25,0.5382496163746164,0.0876641856409909,0.2021226239976239,0.040891579630045,0.2196843134343134,0.0780647380430864,0.0067567567567567,0.0135135135135135,0.0483089545589545,0.0209466337643462,0.3958194114444114,0.0353353641747633,0.1899255024255024,0.1052456777078512,0.0853458197208197,0.0176488512691567,0.5647324522324523,0.0299974936752219,41.5,4.795831523312719,22.25,8.25,9.25,0.25,2.0,1.25,2.5,3.5,7.75,16.5,,6.5,7.75,,2.25,6.0,3.0,3.25,0.5382496163746164,0.0876641856409909,0.2021226239976239,0.040891579630045,0.2196843134343134,0.0780647380430864,0.0067567567567567,0.0135135135135135,0.0483089545589545,0.0209466337643462,0.3958194114444114,0.0353353641747633,0.1899255024255024,0.1052456777078512,0.0853458197208197,0.0176488512691567,0.5647324522324523,0.0299974936752219,,,,40.77499999999999,22.4375,8.2875,9.0875,0.3875,0.8970499999999998,0.7339499999999998,2.4464999999999995,39.81249999999999,30.724999999999994,31.525,17.375,1.6309999999999996,22.4375,8.2875,9.0875,0.3875,39.81249999999999,0.8970499999999998,0.7339499999999998,2.4464999999999995
4684272,Ja'Kobe Walter,TOR,2026-05-29,0.0,26.0,0.0,0.0,5.0,13,2,2,3,7,3,1,2,4,9,,2,3,,0,2,4,-15,38.0,0.3421052631578947,0.0526315789473684,0.0526315789473684,0.0789473684210526,0.1842105263157894,0.2368421052631578,0.0789473684210526,0.0526315789473684,0.3242105263157895,0.0,38.66666666666666,4.041451884327381,19.0,3.333333333333333,1.3333333333333333,4.333333333333333,10.0,3.333333333333333,0.6666666666666666,1.0,6.0,12.666666666666666,,2.6666666666666665,3.0,,0.3333333333333333,3.0,4.333333333333333,-9.333333333333334,0.4905577898233957,0.1287352481960595,0.084874978143032,0.0318320451718422,0.0365914786967418,0.0317693270726633,0.1144663985545258,0.0498302067562828,0.2645042839657283,0.1180115095883717,0.3321035146004546,0.1131289056747479,0.0728274173806609,0.0699684664281415,0.0270676691729323,0.026347993184865,0.3912152474208778,0.0841891868543745,35.75,6.701989754294367,14.25,4.25,1.75,3.25,9.5,3.25,0.5,0.75,4.5,11.75,,2.0,2.25,,0.5,3.75,4.0,-10.75,0.3679183423675468,0.2668524792986524,0.1284710484220888,0.0909834533032645,0.0552213868003341,0.045399933908466,0.0858497989158943,0.0702211181655976,0.2724522870483702,0.0976583872941335,0.3324109692836743,0.0923714114123318,0.0546205630354957,0.0677471946045607,0.0203007518796992,0.0254160548051874,0.3767447688989916,0.0745841255456547,35.75,6.701989754294367,14.25,4.25,1.75,3.25,9.5,3.25,0.5,0.75,4.5,11.75,,2.0,2.25,,0.5,3.75,4.0,-10.75,0.3679183423675468,0.2668524792986524,0.1284710484220888,0.0909834533032645,0.0552213868003341,0.045399933908466,0.0858497989158943,0.0702211181655976,0.2724522870483702,0.0976583872941335,0.3324109692836743,0.0923714114123318,0.0546205630354957,0.0677471946045607,0.0203007518796992,0.0254160548051874,0.3767447688989916,0.0745841255456547,,,,36.9625,15.4875,3.6375,1.6625,3.5375,0.8131749999999999,0.6653249999999999,2.21775,20.7875,19.125,17.15,5.3,1.4785,15.4875,3.6375,1.6625,3.5375,20.7875,0.8131749999999999,0.6653249999999999,2.21775
5093267,Collin Murray-Boyles,TOR,2026-05-29,0.0,26.0,0.0,0.0,5.0,8,4,3,0,0,2,1,2,3,5,,2,3,,2,2,3,-19,24.0,0.3333333333333333,0.1666666666666666,0.125,0.0,0.0,0.2083333333333333,0.125,0.0833333333333333,0.3466666666666667,0.0,30.0,8.717797887081348,11.0,5.333333333333333,2.333333333333333,0.0,0.0,1.6666666666666667,2.0,2.333333333333333,4.333333333333333,6.666666666666667,,2.333333333333333,3.0,,2.6666666666666665,2.6666666666666665,3.6666666666666665,-8.0,0.3553418803418803,0.0616729744272936,0.177991452991453,0.0130796461049595,0.0839743589743589,0.0379939525967626,0.0,0.0,0.0,0.0,0.2168803418803419,0.029780683471723,0.0916666666666666,0.0803637563416079,0.0739316239316239,0.0318282840707101,0.3311452991452991,0.0935857580230861,29.25,7.274384280931732,12.0,6.5,2.5,0.0,0.0,1.75,1.5,2.25,4.5,7.75,,3.0,4.0,,3.25,3.25,3.25,-3.25,0.4053952991452991,0.1120583900716415,0.2260861823361823,0.0967804907567897,0.090758547008547,0.0338594317497539,0.0,0.0,0.0,0.0,0.2645121082621082,0.0983178522952502,0.1335648148148148,0.1064301406018625,0.0739672364672364,0.0259877827244775,0.3972478632478632,0.152699242500538,29.25,7.274384280931732,12.0,6.5,2.5,0.0,0.0,1.75,1.5,2.25,4.5,7.75,,3.0,4.0,,3.25,3.25,3.25,-3.25,0.4053952991452991,0.1120583900716415,0.2260861823361823,0.0967804907567897,0.090758547008547,0.0338594317497539,0.0,0.0,0.0,0.0,0.2645121082621082,0.0983178522952502,0.1335648148148148,0.1064301406018625,0.0739672364672364,0.0259877827244775,0.3972478632478632,0.152699242500538,,,,28.6875,11.1,5.775,2.525,0.0,0.6311249999999999,0.5163749999999999,1.72125,19.4,16.875,13.625,8.299999999999999,1.1475,11.1,5.775,2.525,0.0,19.4,0.6311249999999999,0.5163749999999999,1.72125
5106258,Gradey Dick,TOR,2026-05-29,0.0,26.0,0.0,0.0,5.0,0,0,0,0,0,0,0,0,0,0,,0,0,,0,0,0,0,0.0,,,,,,,,,,0.0,0.0,0.0,0.0,0.0,0.0,0.0,0.0,0.0,0.0,0.0,0.0,0.0,,0.0,0.0,,0.0,0.0,0.0,0.0,,,,,,,,,,,,,,,,,,,0.0,0.0,0.0,0.0,0.0,0.0,0.0,0.0,0.0,0.0,0.0,0.0,,0.0,0.0,,0.0,0.0,0.0,0.0,,,,,,,,,,,,,,,,,,,0.0,0.0,0.0,0.0,0.0,0.0,0.0,0.0,0.0,0.0,0.0,0.0,,0.0,0.0,,0.0,0.0,0.0,0.0,,,,,,,,,,,,,,,,,,,,,,8.0,0.0,0.0,0.0,0.0,0.176,0.144,0.48,0.0,0.0,0.0,0.0,0.3199999999999999,0.0,0.0,0.0,0.0,0.0,0.176,0.144,0.48
5107897,Jonathan Mogbo,TOR,2026-05-29,0.0,26.0,0.0,0.0,5.0,0,0,0,0,0,0,0,0,0,0,,0,0,,0,0,0,0,0.0,,,,,,,,,,0.0,0.0,0.0,0.0,0.0,0.0,0.0,0.0,0.0,0.0,0.0,0.0,0.0,,0.0,0.0,,0.0,0.0,0.0,0.0,,,,,,,,,,,,,,,,,,,0.0,0.0,0.0,0.0,0.0,0.0,0.0,0.0,0.0,0.0,0.0,0.0,,0.0,0.0,,0.0,0.0,0.0,0.0,,,,,,,,,,,,,,,,,,,0.0,0.0,0.0,0.0,0.0,0.0,0.0,0.0,0.0,0.0,0.0,0.0,,0.0,0.0,,0.0,0.0,0.0,0.0,,,,,,,,,,,,,,,,,,,,,,8.0,0.0,0.0,0.0,0.0,0.176,0.144,0.48,0.0,0.0,0.0,0.0,0.3199999999999999,0.0,0.0,0.0,0.0,0.0,0.176,0.144,0.48
