date,snapshot_ts,player_id,player_name,team,stat,side,line,price,implied_prob,model_prob,model_prob_raw,edge,ev,bookmaker,bookmaker_title,commence_time,home_team,away_team,sentiment_strength,sentiment_w,sentiment_applied
2026-05-28,2026-05-28T14:01:50.033327+00:00,4593803,Jalen Williams,OKC,ast,UNDER,2.5,210,0.3225806451612903,0.3840313839971133,0.7322522374001101,0.06145073883582297,0.19049729039105112,bovada,Bovada,2026-05-29T00:40:00Z,San Antonio Spurs,Oklahoma City Thunder,,,False
2026-05-28,2026-05-28T14:01:50.033327+00:00,4278073,Shai Gilgeous-Alexander,OKC,ast,UNDER,6.5,200,0.3333333333333333,0.3892031284971519,0.705798634425457,0.05586979516381857,0.16760938549145565,bovada,Bovada,2026-05-29T00:40:00Z,San Antonio Spurs,Oklahoma City Thunder,,,False
2026-05-28,2026-05-28T14:01:50.033327+00:00,4845367,Stephon Castle,SAS,ast,UNDER,5.5,190,0.3448275862068966,0.3851347212094486,0.6135418195572433,0.04030713500255201,0.11689069150740083,bovada,Bovada,2026-05-29T00:40:00Z,San Antonio Spurs,Oklahoma City Thunder,,,False
2026-05-28,2026-05-28T14:01:50.033327+00:00,4278073,Shai Gilgeous-Alexander,OKC,ast,UNDER,7.5,111,0.47393364928909953,0.5281438210815015,0.8353347945717795,0.05421017179240195,0.11438346248196818,williamhill_us,Caesars,2026-05-29T00:40:00Z,San Antonio Spurs,Oklahoma City Thunder,,,False
2026-05-28,2026-05-28T14:01:50.033327+00:00,4278073,Shai Gilgeous-Alexander,OKC,ast,UNDER,7.5,110,0.47619047619047616,0.5300621239476717,0.8353347945717795,0.05387164775719555,0.11313046029011065,betmgm,BetMGM,2026-05-29T00:40:00Z,San Antonio Spurs,Oklahoma City Thunder,,,False
2026-05-28,2026-05-28T14:01:50.033327+00:00,4278073,Shai Gilgeous-Alexander,OKC,ast,UNDER,7.5,110,0.47619047619047616,0.5300621239476717,0.8353347945717795,0.05387164775719555,0.11313046029011065,bovada,Bovada,2026-05-29T00:40:00Z,San Antonio Spurs,Oklahoma City Thunder,,,False
2026-05-28,2026-05-28T14:01:50.033327+00:00,4278073,Shai Gilgeous-Alexander,OKC,ast,UNDER,7.5,109,0.4784688995215311,0.5319987837790684,0.8353347945717795,0.0535298842575373,0.111877458098253,draftkings,DraftKings,2026-05-29T00:40:00Z,San Antonio Spurs,Oklahoma City Thunder,,,False
2026-05-28,2026-05-28T14:01:50.033327+00:00,4397020,Luguentz Dort,OKC,ast,OVER,1.5,210,0.3225806451612903,0.3573772024481122,0.5545576937401031,0.034796557286821905,0.10786932758914791,bovada,Bovada,2026-05-29T00:40:00Z,San Antonio Spurs,Oklahoma City Thunder,,,False
2026-05-28,2026-05-28T14:01:50.033327+00:00,4593803,Jalen Williams,OKC,ast,UNDER,3.5,-115,0.5348837209302325,0.5923191011006106,0.9177862553994196,0.05743538017037808,0.10737918901418497,bovada,Bovada,2026-05-29T00:40:00Z,San Antonio Spurs,Oklahoma City Thunder,,,False
2026-05-28,2026-05-28T14:01:50.033327+00:00,4592479,Julian Champagnie,SAS,ast,OVER,1.5,140,0.4166666666666667,0.46127429973950684,0.7140508871522677,0.04460763307284016,0.10705831937481636,bovada,Bovada,2026-05-29T00:40:00Z,San Antonio Spurs,Oklahoma City Thunder,,,False
2026-05-28,2026-05-28T14:01:50.033327+00:00,4593803,Jalen Williams,OKC,ast,UNDER,3.5,-116,0.5370370370370371,0.5941494197913945,0.9177862553994196,0.05711238275435737,0.10634719547363103,draftkings,DraftKings,2026-05-29T00:40:00Z,San Antonio Spurs,Oklahoma City Thunder,,,False
2026-05-28,2026-05-28T14:01:50.033327+00:00,4066259,De'Aaron Fox,SAS,ast,UNDER,4.5,205,0.32786885245901637,0.36234223363389095,0.5576913936248469,0.034473381174874584,0.10514381258336736,bovada,Bovada,2026-05-29T00:40:00Z,San Antonio Spurs,Oklahoma City Thunder,,,False
2026-05-28,2026-05-28T14:01:50.033327+00:00,4592479,Julian Champagnie,SAS,ast,OVER,1.5,138,0.42016806722689076,0.4642504902156973,0.7140508871522677,0.04408242298880655,0.10491616671335957,draftkings,DraftKings,2026-05-29T00:40:00Z,San Antonio Spurs,Oklahoma City Thunder,,,False
2026-05-28,2026-05-28T14:01:50.033327+00:00,4593803,Jalen Williams,OKC,ast,UNDER,3.5,-118,0.5412844036697247,0.597759681429179,0.9177862553994196,0.05647527775945427,0.10433568264034765,betrivers,BetRivers,2026-05-29T00:40:00Z,San Antonio Spurs,Oklahoma City Thunder,,,False
2026-05-28,2026-05-28T14:01:50.033327+00:00,4593803,Jalen Williams,OKC,ast,UNDER,3.5,-121,0.5475113122171946,0.6030525536945284,0.9177862553994196,0.05554124147733375,0.10144309393794027,williamhill_us,Caesars,2026-05-29T00:40:00Z,San Antonio Spurs,Oklahoma City Thunder,,,False
2026-05-28,2026-05-28T14:01:50.033327+00:00,4593803,Jalen Williams,OKC,ast,UNDER,3.5,-125,0.5555555555555556,0.6098901605321352,0.9177862553994196,0.054334604976579604,0.09780228895784338,betmgm,BetMGM,2026-05-29T00:40:00Z,San Antonio Spurs,Oklahoma City Thunder,,,False
2026-05-28,2026-05-28T14:01:50.033327+00:00,4593803,Jalen Williams,OKC,ast,UNDER,3.5,-128,0.5614035087719298,0.6148609207660533,0.9177862553994196,0.05345741199412346,0.09522101511453235,fanduel,FanDuel,2026-05-29T00:40:00Z,San Antonio Spurs,Oklahoma City Thunder,,,False
2026-05-28,2026-05-28T14:01:50.033327+00:00,4592479,Julian Champagnie,SAS,ast,OVER,1.5,126,0.4424778761061947,0.4832138277631057,0.7140508871522677,0.04073595165691096,0.09206325074461885,fanduel,FanDuel,2026-05-29T00:40:00Z,San Antonio Spurs,Oklahoma City Thunder,,,False
2026-05-28,2026-05-28T14:01:50.033327+00:00,4592479,Julian Champagnie,SAS,ast,OVER,1.5,125,0.4444444444444444,0.4848854108506179,0.7140508871522677,0.040440966406173506,0.0909921744138904,betmgm,BetMGM,2026-05-29T00:40:00Z,San Antonio Spurs,Oklahoma City Thunder,,,False
2026-05-28,2026-05-28T14:01:50.033327+00:00,4066259,De'Aaron Fox,SAS,ast,UNDER,5.5,114,0.4672897196261682,0.5081356537978591,0.7395959474374405,0.040845934171690856,0.08741029912741838,betrivers,BetRivers,2026-05-29T00:40:00Z,San Antonio Spurs,Oklahoma City Thunder,,,False
2026-05-28,2026-05-28T14:01:50.033327+00:00,4845367,Stephon Castle,SAS,ast,UNDER,6.5,105,0.4878048780487805,0.5300972207369286,0.7697538293031009,0.04229234268814808,0.08669930251070357,betmgm,BetMGM,2026-05-29T00:40:00Z,San Antonio Spurs,Oklahoma City Thunder,,,False
2026-05-28,2026-05-28T14:01:50.033327+00:00,4845367,Stephon Castle,SAS,ast,UNDER,6.5,105,0.4878048780487805,0.5300972207369286,0.7697538293031009,0.04229234268814808,0.08669930251070357,bovada,Bovada,2026-05-29T00:40:00Z,San Antonio Spurs,Oklahoma City Thunder,,,False
2026-05-28,2026-05-28T14:01:50.033327+00:00,4592479,Julian Champagnie,SAS,ast,OVER,1.5,120,0.45454545454545453,0.4934712694364765,0.7140508871522677,0.03892581489102198,0.08563679276024827,fanatics,Fanatics,2026-05-29T00:40:00Z,San Antonio Spurs,Oklahoma City Thunder,,,False
2026-05-28,2026-05-28T14:01:50.033327+00:00,4845367,Stephon Castle,SAS,ast,UNDER,6.5,103,0.49261083743842365,0.5341822862181252,0.7697538293031009,0.04157144877970159,0.08439004102279424,draftkings,DraftKings,2026-05-29T00:40:00Z,San Antonio Spurs,Oklahoma City Thunder,,,False
2026-05-28,2026-05-28T14:01:50.033327+00:00,4066259,De'Aaron Fox,SAS,ast,UNDER,5.5,110,0.47619047619047616,0.5157012968775209,0.7395959474374405,0.0395108206870447,0.08297272344279383,betmgm,BetMGM,2026-05-29T00:40:00Z,San Antonio Spurs,Oklahoma City Thunder,,,False
2026-05-28,2026-05-28T14:01:50.033327+00:00,4066259,De'Aaron Fox,SAS,ast,UNDER,5.5,109,0.4784688995215311,0.5176379567089175,0.7395959474374405,0.03916905718738645,0.08186332952163766,williamhill_us,Caesars,2026-05-29T00:40:00Z,San Antonio Spurs,Oklahoma City Thunder,,,False
2026-05-28,2026-05-28T14:01:50.033327+00:00,4278073,Shai Gilgeous-Alexander,OKC,ast,UNDER,8.5,-150,0.6,0.6481045385754403,0.9206969238362688,0.04810453857544028,0.08017423095906706,betrivers,BetRivers,2026-05-29T00:40:00Z,San Antonio Spurs,Oklahoma City Thunder,,,False
2026-05-28,2026-05-28T14:01:50.033327+00:00,4433255,Chet Holmgren,OKC,ast,OVER,1.5,150,0.4,0.43152707742062585,0.6101805161375056,0.031527077420625826,0.07881769355156465,bovada,Bovada,2026-05-29T00:40:00Z,San Antonio Spurs,Oklahoma City Thunder,,,False
2026-05-28,2026-05-28T14:01:50.033327+00:00,4845367,Stephon Castle,SAS,ast,UNDER,6.5,-102,0.504950495049505,0.5446709951875444,0.7697538293031009,0.039720500138039405,0.0786621669400388,williamhill_us,Caesars,2026-05-29T00:40:00Z,San Antonio Spurs,Oklahoma City Thunder,,,False
2026-05-28,2026-05-28T14:01:50.033327+00:00,4066259,De'Aaron Fox,SAS,ast,UNDER,5.5,105,0.4878048780487805,0.5255735384570794,0.7395959474374405,0.03776866040829896,0.07742575383701289,bovada,Bovada,2026-05-29T00:40:00Z,San Antonio Spurs,Oklahoma City Thunder,,,False
2026-05-28,2026-05-28T14:01:50.033327+00:00,4433255,Chet Holmgren,OKC,ast,OVER,1.5,148,0.4032258064516129,0.43426901290449677,0.6101805161375056,0.031043206452883887,0.07698715200315198,fanduel,FanDuel,2026-05-29T00:40:00Z,San Antonio Spurs,Oklahoma City Thunder,,,False
2026-05-28,2026-05-28T14:01:50.033327+00:00,4066259,De'Aaron Fox,SAS,ast,UNDER,5.5,104,0.49019607843137253,0.5276060587822827,0.7395959474374405,0.0374099803509102,0.07631635991585684,fanduel,FanDuel,2026-05-29T00:40:00Z,San Antonio Spurs,Oklahoma City Thunder,,,False
2026-05-28,2026-05-28T14:01:50.033327+00:00,4066259,De'Aaron Fox,SAS,ast,UNDER,5.5,104,0.49019607843137253,0.5276060587822827,0.7395959474374405,0.0374099803509102,0.07631635991585684,draftkings,DraftKings,2026-05-29T00:40:00Z,San Antonio Spurs,Oklahoma City Thunder,,,False
2026-05-28,2026-05-28T14:01:50.033327+00:00,4278073,Shai Gilgeous-Alexander,OKC,ast,UNDER,8.5,-158,0.6124031007751938,0.658647174234355,0.9206969238362688,0.04624407345916126,0.07551247438268105,fanduel,FanDuel,2026-05-29T00:40:00Z,San Antonio Spurs,Oklahoma City Thunder,,,False
2026-05-28,2026-05-28T14:01:50.033327+00:00,4278073,Shai Gilgeous-Alexander,OKC,ast,UNDER,8.5,-160,0.6153846153846154,0.6611814616523635,0.9206969238362688,0.04579684626774805,0.07441987518509063,bovada,Bovada,2026-05-29T00:40:00Z,San Antonio Spurs,Oklahoma City Thunder,,,False
2026-05-28,2026-05-28T14:01:50.033327+00:00,4845367,Stephon Castle,SAS,ast,UNDER,6.5,-106,0.5145631067961165,0.5528417151721642,0.7697538293031009,0.038278608376047685,0.07439050307043227,fanduel,FanDuel,2026-05-29T00:40:00Z,San Antonio Spurs,Oklahoma City Thunder,,,False
2026-05-28,2026-05-28T14:01:50.033327+00:00,4845367,Stephon Castle,SAS,ast,UNDER,6.5,-107,0.5169082125603864,0.5548350550717936,0.7697538293031009,0.03792684251140721,0.07337248971832977,betrivers,BetRivers,2026-05-29T00:40:00Z,San Antonio Spurs,Oklahoma City Thunder,,,False
2026-05-28,2026-05-28T14:01:50.033327+00:00,4845367,Stephon Castle,SAS,ast,UNDER,7.5,-170,0.6296296296296297,0.6675582061276196,0.8824868062828959,0.037928576497989974,0.060239503849748854,bovada,Bovada,2026-05-29T00:40:00Z,San Antonio Spurs,Oklahoma City Thunder,,,False
2026-05-28,2026-05-28T14:01:50.033327+00:00,4433255,Chet Holmgren,OKC,ast,OVER,1.5,128,0.43859649122807015,0.46433409496448547,0.6101805161375056,0.025737603736415315,0.05868173651902686,betrivers,BetRivers,2026-05-29T00:40:00Z,San Antonio Spurs,Oklahoma City Thunder,,,False
2026-05-28,2026-05-28T14:01:50.033327+00:00,4433255,Chet Holmgren,OKC,ast,OVER,1.5,127,0.44052863436123346,0.4659764166276743,0.6101805161375056,0.025447782266440844,0.057766465744820694,draftkings,DraftKings,2026-05-29T00:40:00Z,San Antonio Spurs,Oklahoma City Thunder,,,False
2026-05-28,2026-05-28T14:01:50.033327+00:00,4395630,Devin Vassell,SAS,ast,OVER,2.5,140,0.4166666666666667,0.44060307923650205,0.5762427504655689,0.023936412569835364,0.05744739016760492,fanduel,FanDuel,2026-05-29T00:40:00Z,San Antonio Spurs,Oklahoma City Thunder,,,False
2026-05-28,2026-05-28T14:01:50.033327+00:00,4395630,Devin Vassell,SAS,ast,OVER,2.5,140,0.4166666666666667,0.44060307923650205,0.5762427504655689,0.023936412569835364,0.05744739016760492,bovada,Bovada,2026-05-29T00:40:00Z,San Antonio Spurs,Oklahoma City Thunder,,,False
2026-05-28,2026-05-28T14:01:50.033327+00:00,4395630,Devin Vassell,SAS,ast,OVER,2.5,138,0.42016806722689076,0.4435792697126925,0.5762427504655689,0.023411202485801752,0.05571866191620822,draftkings,DraftKings,2026-05-29T00:40:00Z,San Antonio Spurs,Oklahoma City Thunder,,,False
2026-05-28,2026-05-28T14:01:50.033327+00:00,4593803,Jalen Williams,OKC,ast,UNDER,4.5,-260,0.7222222222222222,0.7615869072136355,0.9846534554983111,0.03936468499141332,0.054504948449649204,bovada,Bovada,2026-05-29T00:40:00Z,San Antonio Spurs,Oklahoma City Thunder,,,False
2026-05-28,2026-05-28T14:01:50.033327+00:00,4066259,De'Aaron Fox,SAS,ast,UNDER,6.5,-180,0.6428571428571429,0.6773283898984405,0.8726654564657932,0.03447124704129756,0.05362193984201852,bovada,Bovada,2026-05-29T00:40:00Z,San Antonio Spurs,Oklahoma City Thunder,,,False
2026-05-28,2026-05-28T14:01:50.033327+00:00,4433255,Chet Holmgren,OKC,ast,OVER,1.5,120,0.45454545454545453,0.4778907137842622,0.6101805161375056,0.023345259238807647,0.05135957032537675,betmgm,BetMGM,2026-05-29T00:40:00Z,San Antonio Spurs,Oklahoma City Thunder,,,False
2026-05-28,2026-05-28T14:01:50.033327+00:00,4278073,Shai Gilgeous-Alexander,OKC,ast,UNDER,9.5,-275,0.7333333333333333,0.7684455423450752,0.9674147267449461,0.035112209011741946,0.04788028501601166,bovada,Bovada,2026-05-29T00:40:00Z,San Antonio Spurs,Oklahoma City Thunder,,,False
2026-05-28,2026-05-28T14:01:50.033327+00:00,4397020,Luguentz Dort,OKC,ast,OVER,0.5,-175,0.6363636363636364,0.6632730573932581,0.8157597765611153,0.026909421029621794,0.042286233046548494,betmgm,BetMGM,2026-05-29T00:40:00Z,San Antonio Spurs,Oklahoma City Thunder,,,False
2026-05-28,2026-05-28T14:01:50.033327+00:00,4395630,Devin Vassell,SAS,ast,OVER,2.5,120,0.45454545454545453,0.4728000489334717,0.5762427504655689,0.018254594388017187,0.040160107653637755,betrivers,BetRivers,2026-05-29T00:40:00Z,San Antonio Spurs,Oklahoma City Thunder,,,False
2026-05-28,2026-05-28T14:01:50.033327+00:00,2991350,Alex Caruso,OKC,ast,OVER,2.5,122,0.45045045045045046,0.4676163631563053,0.5648898684894827,0.017165912705854824,0.03810832620699767,fanduel,FanDuel,2026-05-29T00:40:00Z,San Antonio Spurs,Oklahoma City Thunder,,,False
2026-05-28,2026-05-28T14:01:50.033327+00:00,4395723,Keldon Johnson,SAS,ast,OVER,0.5,-145,0.5918367346938775,0.6136773136255325,0.7374405942382434,0.02184057893165492,0.03690304716038245,draftkings,DraftKings,2026-05-29T00:40:00Z,San Antonio Spurs,Oklahoma City Thunder,,,False
2026-05-28,2026-05-28T14:01:50.033327+00:00,4395723,Keldon Johnson,SAS,ast,OVER,0.5,-145,0.5918367346938775,0.6136773136255325,0.7374405942382434,0.02184057893165492,0.03690304716038245,bovada,Bovada,2026-05-29T00:40:00Z,San Antonio Spurs,Oklahoma City Thunder,,,False
2026-05-28,2026-05-28T14:01:50.033327+00:00,2991350,Alex Caruso,OKC,ast,OVER,2.5,120,0.45454545454545453,0.4710971166370588,0.5648898684894827,0.016551662091604247,0.03641365660152929,betmgm,BetMGM,2026-05-29T00:40:00Z,San Antonio Spurs,Oklahoma City Thunder,,,False
2026-05-28,2026-05-28T14:01:50.033327+00:00,4395630,Devin Vassell,SAS,ast,OVER,2.5,115,0.46511627906976744,0.48178524977913767,0.5762427504655689,0.016668970709370234,0.03583828702514602,betmgm,BetMGM,2026-05-29T00:40:00Z,San Antonio Spurs,Oklahoma City Thunder,,,False
2026-05-28,2026-05-28T14:01:50.033327+00:00,2991350,Alex Caruso,OKC,ast,OVER,2.5,115,0.46511627906976744,0.48008231748272473,0.5648898684894827,0.014966038412957294,0.03217698258785806,bovada,Bovada,2026-05-29T00:40:00Z,San Antonio Spurs,Oklahoma City Thunder,,,False
2026-05-28,2026-05-28T14:01:50.033327+00:00,4397020,Luguentz Dort,OKC,ast,OVER,0.5,-205,0.6721311475409836,0.6936754418940033,0.8157597765611153,0.021544294353019744,0.0320537062325415,draftkings,DraftKings,2026-05-29T00:40:00Z,San Antonio Spurs,Oklahoma City Thunder,,,False
2026-05-28,2026-05-28T14:01:50.033327+00:00,2991350,Alex Caruso,OKC,ast,OVER,2.5,114,0.4672897196261682,0.4819297419556654,0.5648898684894827,0.014640022329497182,0.031329647785123926,draftkings,DraftKings,2026-05-29T00:40:00Z,San Antonio Spurs,Oklahoma City Thunder,,,False
2026-05-28,2026-05-28T14:01:50.033327+00:00,4397020,Luguentz Dort,OKC,ast,OVER,0.5,-210,0.6774193548387096,0.6981704180970705,0.8157597765611153,0.020751063258360847,0.030632521952818292,bovada,Bovada,2026-05-29T00:40:00Z,San Antonio Spurs,Oklahoma City Thunder,,,False
2026-05-28,2026-05-28T14:01:50.033327+00:00,4395723,Keldon Johnson,SAS,ast,OVER,0.5,-165,0.6226415094339622,0.6398613721546044,0.7374405942382434,0.017219862720642132,0.027656143157394897,betmgm,BetMGM,2026-05-29T00:40:00Z,San Antonio Spurs,Oklahoma City Thunder,,,False
2026-05-28,2026-05-28T14:01:50.033327+00:00,5037871,Dylan Harper,SAS,ast,OVER,2.5,-105,0.5121951219512195,0.5261811782050421,0.6054354969767028,0.013986056253822543,0.02730610982889159,bovada,Bovada,2026-05-29T00:40:00Z,San Antonio Spurs,Oklahoma City Thunder,,,False
2026-05-28,2026-05-28T14:01:50.033327+00:00,4395630,Devin Vassell,SAS,ast,OVER,1.5,-210,0.6774193548387096,0.6949198153567601,0.7940890916257124,0.01750046051805043,0.02583401314569339,bovada,Bovada,2026-05-29T00:40:00Z,San Antonio Spurs,Oklahoma City Thunder,,,False
2026-05-28,2026-05-28T14:01:50.033327+00:00,5037871,Dylan Harper,SAS,ast,OVER,2.5,-107,0.5169082125603864,0.5301873052228339,0.6054354969767028,0.013279092662447423,0.025689459636697276,draftkings,DraftKings,2026-05-29T00:40:00Z,San Antonio Spurs,Oklahoma City Thunder,,,False
2026-05-28,2026-05-28T14:01:50.033327+00:00,5037871,Dylan Harper,SAS,ast,OVER,2.5,-108,0.5192307692307693,0.5321614783926593,0.6054354969767028,0.012930709161889986,0.024903588015491918,fanduel,FanDuel,2026-05-29T00:40:00Z,San Antonio Spurs,Oklahoma City Thunder,,,False
2026-05-28,2026-05-28T14:01:50.033327+00:00,2991350,Alex Caruso,OKC,ast,OVER,2.5,104,0.49019607843137253,0.501400146940089,0.5648898684894827,0.011204068508716525,0.022856299757781695,betrivers,BetRivers,2026-05-29T00:40:00Z,San Antonio Spurs,Oklahoma City Thunder,,,False
2026-05-28,2026-05-28T14:01:50.033327+00:00,5104157,Victor Wembanyama,SAS,ast,UNDER,3.5,-134,0.5726495726495726,0.5823731434249899,0.6374733778190215,0.0097235707754173,0.01697996687647496,betrivers,BetRivers,2026-05-29T00:40:00Z,San Antonio Spurs,Oklahoma City Thunder,,,False
2026-05-28,2026-05-28T14:01:50.033327+00:00,5037871,Dylan Harper,SAS,ast,OVER,2.5,-120,0.5454545454545454,0.554451688182869,0.6054354969767028,0.008997142728323637,0.01649476166859326,betmgm,BetMGM,2026-05-29T00:40:00Z,San Antonio Spurs,Oklahoma City Thunder,,,False
2026-05-28,2026-05-28T14:01:50.033327+00:00,5104157,Victor Wembanyama,SAS,ast,UNDER,3.5,-138,0.5798319327731093,0.5884781495299961,0.6374733778190215,0.008646216756886815,0.014911591218399078,williamhill_us,Caesars,2026-05-29T00:40:00Z,San Antonio Spurs,Oklahoma City Thunder,,,False
2026-05-28,2026-05-28T14:01:50.033327+00:00,4222252,Isaiah Hartenstein,OKC,ast,OVER,3.5,165,0.37735849056603776,0.382810089601452,0.4137024841354663,0.005451599035414256,0.014446737443847835,bovada,Bovada,2026-05-29T00:40:00Z,San Antonio Spurs,Oklahoma City Thunder,,,False
2026-05-28,2026-05-28T14:01:50.033327+00:00,5104157,Victor Wembanyama,SAS,ast,UNDER,3.5,-141,0.5850622406639004,0.5929239112371686,0.6374733778190215,0.007861670573268142,0.01343732346211085,draftkings,DraftKings,2026-05-29T00:40:00Z,San Antonio Spurs,Oklahoma City Thunder,,,False
2026-05-28,2026-05-28T14:01:50.033327+00:00,5104157,Victor Wembanyama,SAS,ast,UNDER,2.5,165,0.37735849056603776,0.38230034785550454,0.4103042058291497,0.004941857289466778,0.013095921817086964,bovada,Bovada,2026-05-29T00:40:00Z,San Antonio Spurs,Oklahoma City Thunder,,,False
2026-05-28,2026-05-28T14:01:50.033327+00:00,4222252,Isaiah Hartenstein,OKC,ast,OVER,2.5,-145,0.5918367346938775,0.5989082877849097,0.6389804219674249,0.0070715530910321345,0.011948486257261193,bovada,Bovada,2026-05-29T00:40:00Z,San Antonio Spurs,Oklahoma City Thunder,,,False
2026-05-28,2026-05-28T14:01:50.033327+00:00,5104157,Victor Wembanyama,SAS,ast,UNDER,3.5,-145,0.5918367346938775,0.5986822311626492,0.6374733778190215,0.006845496468771639,0.01156652851620038,betmgm,BetMGM,2026-05-29T00:40:00Z,San Antonio Spurs,Oklahoma City Thunder,,,False
2026-05-28,2026-05-28T14:01:50.033327+00:00,5104157,Victor Wembanyama,SAS,ast,UNDER,3.5,-145,0.5918367346938775,0.5986822311626492,0.6374733778190215,0.006845496468771639,0.01156652851620038,bovada,Bovada,2026-05-29T00:40:00Z,San Antonio Spurs,Oklahoma City Thunder,,,False
2026-05-28,2026-05-28T14:01:50.033327+00:00,4222252,Isaiah Hartenstein,OKC,ast,OVER,2.5,-146,0.5934959349593496,0.6003186080105609,0.6389804219674249,0.006822673051211314,0.011495736784917665,draftkings,DraftKings,2026-05-29T00:40:00Z,San Antonio Spurs,Oklahoma City Thunder,,,False
2026-05-28,2026-05-28T14:01:50.033327+00:00,5104157,Victor Wembanyama,SAS,ast,UNDER,3.5,-146,0.5934959349593496,0.6000925513883004,0.6374733778190215,0.006596616428950819,0.01111484685973907,fanduel,FanDuel,2026-05-29T00:40:00Z,San Antonio Spurs,Oklahoma City Thunder,,,False
2026-05-28,2026-05-28T14:01:50.033327+00:00,2991350,Alex Caruso,OKC,ast,OVER,1.5,-260,0.7222222222222222,0.7301350923746329,0.77497468990496,0.007912870152410711,0.010956281749491759,bovada,Bovada,2026-05-29T00:40:00Z,San Antonio Spurs,Oklahoma City Thunder,,,False
2026-05-28,2026-05-28T14:01:50.033327+00:00,4222252,Isaiah Hartenstein,OKC,ast,OVER,2.5,-148,0.5967741935483871,0.6031051278112428,0.6389804219674249,0.006330934262855692,0.010608592548569051,fanduel,FanDuel,2026-05-29T00:40:00Z,San Antonio Spurs,Oklahoma City Thunder,,,False
2026-05-28,2026-05-28T14:01:50.033327+00:00,4683692,Cason Wallace,OKC,ast,OVER,2.5,-102,0.504950495049505,0.5102336646561256,0.5401716257603093,0.005283169606620675,0.010462747652327242,fanduel,FanDuel,2026-05-29T00:40:00Z,San Antonio Spurs,Oklahoma City Thunder,,,False
2026-05-28,2026-05-28T14:01:50.033327+00:00,4222252,Isaiah Hartenstein,OKC,ast,OVER,2.5,-155,0.6078431372549019,0.6125137299617803,0.6389804219674249,0.004670592706878418,0.00768387832421924,betmgm,BetMGM,2026-05-29T00:40:00Z,San Antonio Spurs,Oklahoma City Thunder,,,False
2026-05-28,2026-05-28T14:01:50.033327+00:00,5037871,Dylan Harper,SAS,ast,OVER,2.5,-139,0.5815899581589958,0.5851667889816519,0.6054354969767028,0.0035768308226560297,0.00615009040730069,betrivers,BetRivers,2026-05-29T00:40:00Z,San Antonio Spurs,Oklahoma City Thunder,,,False
2026-05-28,2026-05-28T14:01:50.033327+00:00,4222252,Isaiah Hartenstein,OKC,ast,OVER,2.5,-159,0.6138996138996139,0.6176617351097855,0.6389804219674249,0.0037621212101716095,0.006128235178832986,betrivers,BetRivers,2026-05-29T00:40:00Z,San Antonio Spurs,Oklahoma City Thunder,,,False
2026-05-28,2026-05-28T14:01:50.033327+00:00,4683692,Cason Wallace,OKC,ast,OVER,2.5,-110,0.5238095238095238,0.5262638391021417,0.5401716257603093,0.002454315292617859,0.0046855110131796,betmgm,BetMGM,2026-05-29T00:40:00Z,San Antonio Spurs,Oklahoma City Thunder,,,False
2026-05-28,2026-05-28T14:01:50.033327+00:00,5104157,Victor Wembanyama,SAS,blk,UNDER,2.5,180,0.35714285714285715,0.9646432488964132,0.9646432488964132,0.607500391753556,1.701001096909957,bovada,Bovada,2026-05-29T00:40:00Z,San Antonio Spurs,Oklahoma City Thunder,,,False
2026-05-28,2026-05-28T14:01:50.033327+00:00,5104157,Victor Wembanyama,SAS,blk,UNDER,3.5,-118,0.5412844036697247,0.99,0.9980788937729947,0.44871559633027525,0.8289830508474576,betmgm,BetMGM,2026-05-29T00:40:00Z,San Antonio Spurs,Oklahoma City Thunder,,,False
2026-05-28,2026-05-28T14:01:50.033327+00:00,5104157,Victor Wembanyama,SAS,blk,UNDER,3.5,-128,0.5614035087719298,0.99,0.9980788937729947,0.4285964912280702,0.7634375,fanduel,FanDuel,2026-05-29T00:40:00Z,San Antonio Spurs,Oklahoma City Thunder,,,False
2026-05-28,2026-05-28T14:01:50.033327+00:00,5104157,Victor Wembanyama,SAS,blk,UNDER,3.5,-130,0.5652173913043478,0.99,0.9980788937729947,0.4247826086956522,0.7515384615384616,draftkings,DraftKings,2026-05-29T00:40:00Z,San Antonio Spurs,Oklahoma City Thunder,,,False
2026-05-28,2026-05-28T14:01:50.033327+00:00,5104157,Victor Wembanyama,SAS,blk,UNDER,3.5,-130,0.5652173913043478,0.99,0.9980788937729947,0.4247826086956522,0.7515384615384616,bovada,Bovada,2026-05-29T00:40:00Z,San Antonio Spurs,Oklahoma City Thunder,,,False
2026-05-28,2026-05-28T14:01:50.033327+00:00,4433255,Chet Holmgren,OKC,blk,UNDER,1.5,-132,0.5689655172413793,0.9300238742428292,0.9300238742428292,0.36105835700144984,0.6345874153358816,fanduel,FanDuel,2026-05-29T00:40:00Z,San Antonio Spurs,Oklahoma City Thunder,,,False
2026-05-28,2026-05-28T14:01:50.033327+00:00,4433255,Chet Holmgren,OKC,blk,UNDER,1.5,-140,0.5833333333333334,0.9300238742428292,0.9300238742428292,0.3466905409094958,0.5943266415591357,betmgm,BetMGM,2026-05-29T00:40:00Z,San Antonio Spurs,Oklahoma City Thunder,,,False
2026-05-28,2026-05-28T14:01:50.033327+00:00,4433255,Chet Holmgren,OKC,blk,UNDER,1.5,-145,0.5918367346938775,0.9300238742428292,0.9300238742428292,0.33818713954895163,0.5714196495827114,draftkings,DraftKings,2026-05-29T00:40:00Z,San Antonio Spurs,Oklahoma City Thunder,,,False
2026-05-28,2026-05-28T14:01:50.033327+00:00,4433255,Chet Holmgren,OKC,blk,UNDER,1.5,-145,0.5918367346938775,0.9300238742428292,0.9300238742428292,0.33818713954895163,0.5714196495827114,bovada,Bovada,2026-05-29T00:40:00Z,San Antonio Spurs,Oklahoma City Thunder,,,False
2026-05-28,2026-05-28T14:01:50.033327+00:00,5104157,Victor Wembanyama,SAS,blk,UNDER,4.5,-300,0.75,0.99,0.9999647148377417,0.24,0.31999999999999995,bovada,Bovada,2026-05-29T00:40:00Z,San Antonio Spurs,Oklahoma City Thunder,,,False
2026-05-28,2026-05-28T14:01:50.033327+00:00,4066259,De'Aaron Fox,SAS,blk,OVER,0.5,250,0.2857142857142857,0.32540062122577407,0.32540062122577407,0.03968633551148837,0.13890217429020923,betmgm,BetMGM,2026-05-29T00:40:00Z,San Antonio Spurs,Oklahoma City Thunder,,,False
2026-05-28,2026-05-28T14:01:50.033327+00:00,4397020,Luguentz Dort,OKC,blk,UNDER,0.5,-650,0.8666666666666667,0.9682732233361454,0.9682732233361454,0.10160655666947871,0.11723833461862931,betmgm,BetMGM,2026-05-29T00:40:00Z,San Antonio Spurs,Oklahoma City Thunder,,,False
2026-05-28,2026-05-28T14:01:50.033327+00:00,4278073,Shai Gilgeous-Alexander,OKC,blk,UNDER,0.5,120,0.45454545454545453,0.4964934495895652,0.4964934495895652,0.041947995044110675,0.09228558909704343,bovada,Bovada,2026-05-29T00:40:00Z,San Antonio Spurs,Oklahoma City Thunder,,,False
2026-05-28,2026-05-28T14:01:50.033327+00:00,4278073,Shai Gilgeous-Alexander,OKC,blk,UNDER,0.5,118,0.45871559633027525,0.4964934495895652,0.4964934495895652,0.03777785325928995,0.08235572010525216,fanduel,FanDuel,2026-05-29T00:40:00Z,San Antonio Spurs,Oklahoma City Thunder,,,False
2026-05-28,2026-05-28T14:01:50.033327+00:00,4278073,Shai Gilgeous-Alexander,OKC,blk,UNDER,0.5,117,0.4608294930875576,0.4964934495895652,0.4964934495895652,0.0356639565020076,0.07739078560935642,draftkings,DraftKings,2026-05-29T00:40:00Z,San Antonio Spurs,Oklahoma City Thunder,,,False
2026-05-28,2026-05-28T14:01:50.033327+00:00,4278073,Shai Gilgeous-Alexander,OKC,blk,UNDER,0.5,110,0.47619047619047616,0.4964934495895652,0.4964934495895652,0.02030297339908904,0.042636244138086976,betmgm,BetMGM,2026-05-29T00:40:00Z,San Antonio Spurs,Oklahoma City Thunder,,,False
2026-05-28,2026-05-28T14:01:50.033327+00:00,4593803,Jalen Williams,OKC,blk,OVER,0.5,220,0.3125,0.322032812966772,0.322032812966772,0.009532812966771997,0.030505001493670414,betmgm,BetMGM,2026-05-29T00:40:00Z,San Antonio Spurs,Oklahoma City Thunder,,,False
2026-05-28,2026-05-28T14:01:50.033327+00:00,4395630,Devin Vassell,SAS,blk,UNDER,0.5,-160,0.6153846153846154,0.6288982828342901,0.6288982828342901,0.013513667449674638,0.021959709605721356,betmgm,BetMGM,2026-05-29T00:40:00Z,San Antonio Spurs,Oklahoma City Thunder,,,False
2026-05-28,2026-05-28T14:01:50.033327+00:00,4395630,Devin Vassell,SAS,dd,YES,,2800,0.034482758620689655,0.05832058461163209,0.05832058461163209,0.023837825990942432,0.6912969537373306,bovada,Bovada,2026-05-29T00:40:00Z,San Antonio Spurs,Oklahoma City Thunder,,,False
2026-05-28,2026-05-28T14:01:50.033327+00:00,4395630,Devin Vassell,SAS,dd,YES,,2400,0.04,0.05832058461163209,0.05832058461163209,0.018320584611632086,0.45801461529080223,draftkings,DraftKings,2026-05-29T00:40:00Z,San Antonio Spurs,Oklahoma City Thunder,,,False
2026-05-28,2026-05-28T14:01:50.033327+00:00,4395630,Devin Vassell,SAS,dd,YES,,2200,0.043478260869565216,0.05832058461163209,0.05832058461163209,0.01484232374206687,0.34137344606753794,fanatics,Fanatics,2026-05-29T00:40:00Z,San Antonio Spurs,Oklahoma City Thunder,,,False
2026-05-28,2026-05-28T14:01:50.033327+00:00,4592479,Julian Champagnie,SAS,dd,YES,,1360,0.0684931506849315,0.08800308627488458,0.08800308627488458,0.01950993558995308,0.28484505961331497,draftkings,DraftKings,2026-05-29T00:40:00Z,San Antonio Spurs,Oklahoma City Thunder,,,False
2026-05-28,2026-05-28T14:01:50.033327+00:00,4395630,Devin Vassell,SAS,dd,YES,,2000,0.047619047619047616,0.05832058461163209,0.05832058461163209,0.01070153699258447,0.22473227684427388,williamhill_us,Caesars,2026-05-29T00:40:00Z,San Antonio Spurs,Oklahoma City Thunder,,,False
2026-05-28,2026-05-28T14:01:50.033327+00:00,4592479,Julian Champagnie,SAS,dd,YES,,1200,0.07692307692307693,0.08800308627488458,0.08800308627488458,0.011080009351807654,0.14404012157349966,fanduel,FanDuel,2026-05-29T00:40:00Z,San Antonio Spurs,Oklahoma City Thunder,,,False
2026-05-28,2026-05-28T14:01:50.033327+00:00,4592479,Julian Champagnie,SAS,dd,YES,,1100,0.08333333333333333,0.08800308627488458,0.08800308627488458,0.004669752941551253,0.056037035298615034,bovada,Bovada,2026-05-29T00:40:00Z,San Antonio Spurs,Oklahoma City Thunder,,,False
2026-05-28,2026-05-28T14:01:50.033327+00:00,4278073,Shai Gilgeous-Alexander,OKC,pa,UNDER,36.5,110,0.47619047619047616,0.5892285714285714,0.9908595825864057,0.11303809523809527,0.23738000000000004,bovada,Bovada,2026-05-29T00:40:00Z,San Antonio Spurs,Oklahoma City Thunder,,,False
2026-05-28,2026-05-28T14:01:50.033327+00:00,5104157,Victor Wembanyama,SAS,pa,UNDER,29.5,120,0.45454545454545453,0.5452278995547861,0.8667383864060525,0.09068244500933159,0.19950137902052945,bovada,Bovada,2026-05-29T00:40:00Z,San Antonio Spurs,Oklahoma City Thunder,,,False
2026-05-28,2026-05-28T14:01:50.033327+00:00,4278073,Shai Gilgeous-Alexander,OKC,pa,UNDER,37.5,-108,0.5192307692307693,0.6228,0.993937533897673,0.10356923076923075,0.19946666666666668,draftkings,DraftKings,2026-05-29T00:40:00Z,San Antonio Spurs,Oklahoma City Thunder,,,False
2026-05-28,2026-05-28T14:01:50.033327+00:00,4278073,Shai Gilgeous-Alexander,OKC,pa,UNDER,37.5,-110,0.5238095238095238,0.6263714285714286,0.993937533897673,0.10256190476190474,0.19579999999999997,bovada,Bovada,2026-05-29T00:40:00Z,San Antonio Spurs,Oklahoma City Thunder,,,False
2026-05-28,2026-05-28T14:01:50.033327+00:00,4278073,Shai Gilgeous-Alexander,OKC,pa,UNDER,38.5,-118,0.5412844036697247,0.6400018348623853,0.9960591311923117,0.09871743119266052,0.1823762711864405,betmgm,BetMGM,2026-05-29T00:40:00Z,San Antonio Spurs,Oklahoma City Thunder,,,False
2026-05-28,2026-05-28T14:01:50.033327+00:00,4278073,Shai Gilgeous-Alexander,OKC,pa,UNDER,38.5,-120,0.5454545454545454,0.6432545454545454,0.9960591311923117,0.0978,0.1792999999999999,fanduel,FanDuel,2026-05-29T00:40:00Z,San Antonio Spurs,Oklahoma City Thunder,,,False
2026-05-28,2026-05-28T14:01:50.033327+00:00,5104157,Victor Wembanyama,SAS,pa,UNDER,30.5,100,0.5,0.5869600371662663,0.8952728962103016,0.08696003716626632,0.17392007433253265,bovada,Bovada,2026-05-29T00:40:00Z,San Antonio Spurs,Oklahoma City Thunder,,,False
2026-05-28,2026-05-28T14:01:50.033327+00:00,4278073,Shai Gilgeous-Alexander,OKC,pa,UNDER,38.5,-130,0.5652173913043478,0.6586695652173913,0.9960591311923117,0.0934521739130435,0.16533846153846155,bovada,Bovada,2026-05-29T00:40:00Z,San Antonio Spurs,Oklahoma City Thunder,,,False
2026-05-28,2026-05-28T14:01:50.033327+00:00,5104157,Victor Wembanyama,SAS,pa,UNDER,30.5,-105,0.5121951219512195,0.5964722322882176,0.8952728962103016,0.08427711033699803,0.16454102494366285,betmgm,BetMGM,2026-05-29T00:40:00Z,San Antonio Spurs,Oklahoma City Thunder,,,False
2026-05-28,2026-05-28T14:01:50.033327+00:00,4593803,Jalen Williams,OKC,pa,UNDER,15.5,120,0.45454545454545453,0.5280011257276072,0.7884348690097849,0.07345567118215263,0.16160247660073568,bovada,Bovada,2026-05-29T00:40:00Z,San Antonio Spurs,Oklahoma City Thunder,,,False
2026-05-28,2026-05-28T14:01:50.033327+00:00,5104157,Victor Wembanyama,SAS,pa,UNDER,31.5,-120,0.5454545454545454,0.6276561217873529,0.9190980742400336,0.08220157633280745,0.15070288994348024,bovada,Bovada,2026-05-29T00:40:00Z,San Antonio Spurs,Oklahoma City Thunder,,,False
2026-05-28,2026-05-28T14:01:50.033327+00:00,5104157,Victor Wembanyama,SAS,pa,UNDER,31.5,-122,0.5495495495495496,0.630850224981456,0.9190980742400336,0.08130067543190644,0.1479405733269118,draftkings,DraftKings,2026-05-29T00:40:00Z,San Antonio Spurs,Oklahoma City Thunder,,,False
2026-05-28,2026-05-28T14:01:50.033327+00:00,4683692,Cason Wallace,OKC,pa,OVER,11.5,110,0.47619047619047616,0.5450714541731556,0.7892858306572009,0.06888097798267945,0.14465005376362683,bovada,Bovada,2026-05-29T00:40:00Z,San Antonio Spurs,Oklahoma City Thunder,,,False
2026-05-28,2026-05-28T14:01:50.033327+00:00,4593803,Jalen Williams,OKC,pa,UNDER,16.5,-104,0.5098039215686274,0.5830651595574254,0.8428095487904368,0.07326123798879802,0.14370473605494993,draftkings,DraftKings,2026-05-29T00:40:00Z,San Antonio Spurs,Oklahoma City Thunder,,,False
2026-05-28,2026-05-28T14:01:50.033327+00:00,4593803,Jalen Williams,OKC,pa,UNDER,16.5,-105,0.5121951219512195,0.5849302958558473,0.8428095487904368,0.0727351739046278,0.1420067680995114,bovada,Bovada,2026-05-29T00:40:00Z,San Antonio Spurs,Oklahoma City Thunder,,,False
2026-05-28,2026-05-28T14:01:50.033327+00:00,4593803,Jalen Williams,OKC,pa,UNDER,17.5,-118,0.5412844036697247,0.6173593176340328,0.8870794671438522,0.0760749139643081,0.14054518003575556,betmgm,BetMGM,2026-05-29T00:40:00Z,San Antonio Spurs,Oklahoma City Thunder,,,False
2026-05-28,2026-05-28T14:01:50.033327+00:00,5104157,Victor Wembanyama,SAS,pa,UNDER,31.5,-128,0.5614035087719298,0.6400963131749127,0.9190980742400336,0.07869280440298287,0.1401715578428132,fanduel,FanDuel,2026-05-29T00:40:00Z,San Antonio Spurs,Oklahoma City Thunder,,,False
2026-05-28,2026-05-28T14:01:50.033327+00:00,2991350,Alex Caruso,OKC,pa,OVER,12.5,-102,0.504950495049505,0.5734346181136251,0.8162419635227782,0.0684841230641201,0.13562542018580648,fanduel,FanDuel,2026-05-29T00:40:00Z,San Antonio Spurs,Oklahoma City Thunder,,,False
2026-05-28,2026-05-28T14:01:50.033327+00:00,2991350,Alex Caruso,OKC,pa,OVER,13.5,110,0.47619047619047616,0.5407167385622013,0.7694916687892268,0.0645262623717251,0.13550515098062266,bovada,Bovada,2026-05-29T00:40:00Z,San Antonio Spurs,Oklahoma City Thunder,,,False
2026-05-28,2026-05-28T14:01:50.033327+00:00,4592479,Julian Champagnie,SAS,pa,OVER,11.5,100,0.5,0.5665397391540441,0.8024533597911097,0.0665397391540441,0.1330794783080882,bovada,Bovada,2026-05-29T00:40:00Z,San Antonio Spurs,Oklahoma City Thunder,,,False
2026-05-28,2026-05-28T14:01:50.033327+00:00,4592479,Julian Champagnie,SAS,pa,OVER,11.5,-101,0.5024875621890548,0.5684800376615069,0.8024533597911097,0.06599247547245213,0.13133156009864244,draftkings,DraftKings,2026-05-29T00:40:00Z,San Antonio Spurs,Oklahoma City Thunder,,,False
2026-05-28,2026-05-28T14:01:50.033327+00:00,4592479,Julian Champagnie,SAS,pa,OVER,11.5,-102,0.504950495049505,0.570401125292658,0.8024533597911097,0.06545063024315301,0.12961791479526374,fanduel,FanDuel,2026-05-29T00:40:00Z,San Antonio Spurs,Oklahoma City Thunder,,,False
2026-05-28,2026-05-28T14:01:50.033327+00:00,4593803,Jalen Williams,OKC,pa,UNDER,16.5,-114,0.5327102803738317,0.6009321194254849,0.8428095487904368,0.06822183905165313,0.1280655575180154,fanduel,FanDuel,2026-05-29T00:40:00Z,San Antonio Spurs,Oklahoma City Thunder,,,False
2026-05-28,2026-05-28T14:01:50.033327+00:00,4593803,Jalen Williams,OKC,pa,UNDER,17.5,-135,0.574468085106383,0.6432425891546263,0.8870794671438522,0.06877450404824326,0.11971858112101608,bovada,Bovada,2026-05-29T00:40:00Z,San Antonio Spurs,Oklahoma City Thunder,,,False
2026-05-28,2026-05-28T14:01:50.033327+00:00,4683692,Cason Wallace,OKC,pa,OVER,10.5,-120,0.5454545454545454,0.6089246590340173,0.833955061724872,0.06347011357947185,0.11636187489569838,fanduel,FanDuel,2026-05-29T00:40:00Z,San Antonio Spurs,Oklahoma City Thunder,,,False
2026-05-28,2026-05-28T14:01:50.033327+00:00,4683692,Cason Wallace,OKC,pa,OVER,10.5,-125,0.5555555555555556,0.6168034469128052,0.833955061724872,0.06124789135724962,0.11024620444304939,draftkings,DraftKings,2026-05-29T00:40:00Z,San Antonio Spurs,Oklahoma City Thunder,,,False
2026-05-28,2026-05-28T14:01:50.033327+00:00,4683692,Cason Wallace,OKC,pa,OVER,10.5,-125,0.5555555555555556,0.6168034469128052,0.833955061724872,0.06124789135724962,0.11024620444304939,bovada,Bovada,2026-05-29T00:40:00Z,San Antonio Spurs,Oklahoma City Thunder,,,False
2026-05-28,2026-05-28T14:01:50.033327+00:00,2991350,Alex Caruso,OKC,pa,OVER,12.5,-120,0.5454545454545454,0.6050277774295566,0.8162419635227782,0.05957323197501119,0.10921759195418712,draftkings,DraftKings,2026-05-29T00:40:00Z,San Antonio Spurs,Oklahoma City Thunder,,,False
2026-05-28,2026-05-28T14:01:50.033327+00:00,2991350,Alex Caruso,OKC,pa,OVER,12.5,-120,0.5454545454545454,0.6050277774295566,0.8162419635227782,0.05957323197501119,0.10921759195418712,bovada,Bovada,2026-05-29T00:40:00Z,San Antonio Spurs,Oklahoma City Thunder,,,False
2026-05-28,2026-05-28T14:01:50.033327+00:00,4592479,Julian Champagnie,SAS,pa,OVER,10.5,-135,0.574468085106383,0.6337470585502141,0.8439179643965242,0.05927897344383104,0.10318932414296522,bovada,Bovada,2026-05-29T00:40:00Z,San Antonio Spurs,Oklahoma City Thunder,,,False
2026-05-28,2026-05-28T14:01:50.033327+00:00,4592479,Julian Champagnie,SAS,pa,OVER,11.5,-130,0.5652173913043478,0.6174093043714354,0.8024533597911097,0.05219191306708759,0.09233953850330878,betmgm,BetMGM,2026-05-29T00:40:00Z,San Antonio Spurs,Oklahoma City Thunder,,,False
2026-05-28,2026-05-28T14:01:50.033327+00:00,4395723,Keldon Johnson,SAS,pa,OVER,8.5,-103,0.5073891625615764,0.5516073920599732,0.7083811148270165,0.04421822949839682,0.08714854939975303,draftkings,DraftKings,2026-05-29T00:40:00Z,San Antonio Spurs,Oklahoma City Thunder,,,False
2026-05-28,2026-05-28T14:01:50.033327+00:00,4395630,Devin Vassell,SAS,pa,OVER,16.5,100,0.5,0.5424872890729481,0.6931240412406732,0.042487289072948076,0.08497457814589615,bovada,Bovada,2026-05-29T00:40:00Z,San Antonio Spurs,Oklahoma City Thunder,,,False
2026-05-28,2026-05-28T14:01:50.033327+00:00,4683692,Cason Wallace,OKC,pa,OVER,9.5,-170,0.6296296296296297,0.6829503764714349,0.871996660728744,0.05332074684180521,0.08468589204286714,bovada,Bovada,2026-05-29T00:40:00Z,San Antonio Spurs,Oklahoma City Thunder,,,False
2026-05-28,2026-05-28T14:01:50.033327+00:00,4395723,Keldon Johnson,SAS,pa,OVER,8.5,-105,0.5121951219512195,0.5553560403838949,0.7083811148270165,0.04316091843267533,0.08426655503522329,bovada,Bovada,2026-05-29T00:40:00Z,San Antonio Spurs,Oklahoma City Thunder,,,False
2026-05-28,2026-05-28T14:01:50.033327+00:00,2991350,Alex Caruso,OKC,pa,OVER,11.5,-165,0.6226415094339622,0.6741089029449667,0.8565842072112555,0.05146739351100449,0.08265975321464353,bovada,Bovada,2026-05-29T00:40:00Z,San Antonio Spurs,Oklahoma City Thunder,,,False
2026-05-28,2026-05-28T14:01:50.033327+00:00,4592479,Julian Champagnie,SAS,pa,OVER,9.5,-190,0.6551724137931034,0.7044571210709473,0.8791938105105752,0.04928470727784384,0.07522402689776159,bovada,Bovada,2026-05-29T00:40:00Z,San Antonio Spurs,Oklahoma City Thunder,,,False
2026-05-28,2026-05-28T14:01:50.033327+00:00,4395630,Devin Vassell,SAS,pa,OVER,15.5,-128,0.5614035087719298,0.6016407291167624,0.7442999648848053,0.04023722034483257,0.07167254873923296,fanduel,FanDuel,2026-05-29T00:40:00Z,San Antonio Spurs,Oklahoma City Thunder,,,False
2026-05-28,2026-05-28T14:01:50.033327+00:00,4395630,Devin Vassell,SAS,pa,OVER,16.5,-110,0.5238095238095238,0.5610587176443766,0.6931240412406732,0.03724919383485281,0.0711120973210827,betmgm,BetMGM,2026-05-29T00:40:00Z,San Antonio Spurs,Oklahoma City Thunder,,,False
2026-05-28,2026-05-28T14:01:50.033327+00:00,4395630,Devin Vassell,SAS,pa,OVER,15.5,-130,0.5652173913043478,0.6046155574920484,0.7442999648848053,0.039398166187700645,0.06970444787054725,draftkings,DraftKings,2026-05-29T00:40:00Z,San Antonio Spurs,Oklahoma City Thunder,,,False
2026-05-28,2026-05-28T14:01:50.033327+00:00,4395630,Devin Vassell,SAS,pa,OVER,15.5,-130,0.5652173913043478,0.6046155574920484,0.7442999648848053,0.039398166187700645,0.06970444787054725,bovada,Bovada,2026-05-29T00:40:00Z,San Antonio Spurs,Oklahoma City Thunder,,,False
2026-05-28,2026-05-28T14:01:50.033327+00:00,4397020,Luguentz Dort,OKC,pa,OVER,5.5,-140,0.5833333333333334,0.6226082828314976,0.761855831052262,0.039274949498164236,0.0673284848539959,betmgm,BetMGM,2026-05-29T00:40:00Z,San Antonio Spurs,Oklahoma City Thunder,,,False
2026-05-28,2026-05-28T14:01:50.033327+00:00,4066259,De'Aaron Fox,SAS,pa,UNDER,19.5,120,0.45454545454545453,0.48366657169872507,0.5869141688785025,0.029121117153270537,0.0640664577371951,bovada,Bovada,2026-05-29T00:40:00Z,San Antonio Spurs,Oklahoma City Thunder,,,False
2026-05-28,2026-05-28T14:01:50.033327+00:00,4395723,Keldon Johnson,SAS,pa,OVER,7.5,-150,0.6,0.6378874669876412,0.7722157590347327,0.03788746698764123,0.06314577831273532,bovada,Bovada,2026-05-29T00:40:00Z,San Antonio Spurs,Oklahoma City Thunder,,,False
2026-05-28,2026-05-28T14:01:50.033327+00:00,4066259,De'Aaron Fox,SAS,pa,UNDER,20.5,-103,0.5073891625615764,0.5385165713540385,0.648877384345495,0.03112740879246212,0.06134819402786229,draftkings,DraftKings,2026-05-29T00:40:00Z,San Antonio Spurs,Oklahoma City Thunder,,,False
2026-05-28,2026-05-28T14:01:50.033327+00:00,4845367,Stephon Castle,SAS,pa,UNDER,24.5,-118,0.5412844036697247,0.5740158105208533,0.6900635257203087,0.03273140685112852,0.06046988723344077,betmgm,BetMGM,2026-05-29T00:40:00Z,San Antonio Spurs,Oklahoma City Thunder,,,False
2026-05-28,2026-05-28T14:01:50.033327+00:00,4845367,Stephon Castle,SAS,pa,UNDER,23.5,100,0.5,0.5294082847799431,0.6336740217270138,0.02940828477994306,0.05881656955988612,bovada,Bovada,2026-05-29T00:40:00Z,San Antonio Spurs,Oklahoma City Thunder,,,False
2026-05-28,2026-05-28T14:01:50.033327+00:00,4066259,De'Aaron Fox,SAS,pa,UNDER,20.5,-105,0.5121951219512195,0.5422652196779602,0.648877384345495,0.03007009772674063,0.05870828603792222,betmgm,BetMGM,2026-05-29T00:40:00Z,San Antonio Spurs,Oklahoma City Thunder,,,False
2026-05-28,2026-05-28T14:01:50.033327+00:00,4066259,De'Aaron Fox,SAS,pa,UNDER,20.5,-105,0.5121951219512195,0.5422652196779602,0.648877384345495,0.03007009772674063,0.05870828603792222,bovada,Bovada,2026-05-29T00:40:00Z,San Antonio Spurs,Oklahoma City Thunder,,,False
2026-05-28,2026-05-28T14:01:50.033327+00:00,4845367,Stephon Castle,SAS,pa,UNDER,22.5,120,0.45454545454545453,0.4808774107216028,0.5742361644370375,0.026331956176148252,0.057930303587526044,bovada,Bovada,2026-05-29T00:40:00Z,San Antonio Spurs,Oklahoma City Thunder,,,False
2026-05-28,2026-05-28T14:01:50.033327+00:00,4395630,Devin Vassell,SAS,pa,OVER,14.5,-170,0.6296296296296297,0.6650487050238039,0.7906254268758759,0.035419075394174215,0.05625382562604142,bovada,Bovada,2026-05-29T00:40:00Z,San Antonio Spurs,Oklahoma City Thunder,,,False
2026-05-28,2026-05-28T14:01:50.033327+00:00,4845367,Stephon Castle,SAS,pa,UNDER,24.5,-123,0.5515695067264574,0.5820381909051047,0.6900635257203087,0.030468684178647232,0.05523997212876697,draftkings,DraftKings,2026-05-29T00:40:00Z,San Antonio Spurs,Oklahoma City Thunder,,,False
2026-05-28,2026-05-28T14:01:50.033327+00:00,4066259,De'Aaron Fox,SAS,pa,UNDER,21.5,-130,0.5652173913043478,0.5964343063089469,0.707112459507071,0.03121691500459911,0.05522992654659836,bovada,Bovada,2026-05-29T00:40:00Z,San Antonio Spurs,Oklahoma City Thunder,,,False
2026-05-28,2026-05-28T14:01:50.033327+00:00,5037871,Dylan Harper,SAS,pa,OVER,12.5,105,0.4878048780487805,0.5146776209686854,0.609953709502894,0.026872742919904935,0.05508912298580515,bovada,Bovada,2026-05-29T00:40:00Z,San Antonio Spurs,Oklahoma City Thunder,,,False
2026-05-28,2026-05-28T14:01:50.033327+00:00,4845367,Stephon Castle,SAS,pa,UNDER,24.5,-125,0.5555555555555556,0.5851473089918012,0.6900635257203087,0.02959175343624565,0.053265156185242246,bovada,Bovada,2026-05-29T00:40:00Z,San Antonio Spurs,Oklahoma City Thunder,,,False
2026-05-28,2026-05-28T14:01:50.033327+00:00,4845367,Stephon Castle,SAS,pa,UNDER,24.5,-128,0.5614035087719298,0.5897087125005731,0.6900635257203087,0.028305203728643313,0.050418644141645874,fanduel,FanDuel,2026-05-29T00:40:00Z,San Antonio Spurs,Oklahoma City Thunder,,,False
2026-05-28,2026-05-28T14:01:50.033327+00:00,5037871,Dylan Harper,SAS,pa,OVER,12.5,100,0.5,0.5241898160906366,0.609953709502894,0.02418981609063664,0.04837963218127328,fanduel,FanDuel,2026-05-29T00:40:00Z,San Antonio Spurs,Oklahoma City Thunder,,,False
2026-05-28,2026-05-28T14:01:50.033327+00:00,4066259,De'Aaron Fox,SAS,pa,UNDER,20.5,-114,0.5327102803738317,0.5582670432475977,0.648877384345495,0.02555676287376596,0.047974975920928975,fanduel,FanDuel,2026-05-29T00:40:00Z,San Antonio Spurs,Oklahoma City Thunder,,,False
2026-05-28,2026-05-28T14:01:50.033327+00:00,5037871,Dylan Harper,SAS,pa,OVER,11.5,-130,0.5652173913043478,0.5904212181482535,0.6797802405948286,0.025203826843905763,0.044591385954602436,bovada,Bovada,2026-05-29T00:40:00Z,San Antonio Spurs,Oklahoma City Thunder,,,False
2026-05-28,2026-05-28T14:01:50.033327+00:00,5037871,Dylan Harper,SAS,pa,OVER,11.5,-131,0.5670995670995671,0.5918893152685246,0.6797802405948286,0.024789748168957515,0.043713220053657964,draftkings,DraftKings,2026-05-29T00:40:00Z,San Antonio Spurs,Oklahoma City Thunder,,,False
2026-05-28,2026-05-28T14:01:50.033327+00:00,4395723,Keldon Johnson,SAS,pa,OVER,6.5,-230,0.696969696969697,0.7256489271887036,0.8273298343288175,0.028679230219006535,0.04114846074900941,bovada,Bovada,2026-05-29T00:40:00Z,San Antonio Spurs,Oklahoma City Thunder,,,False
2026-05-28,2026-05-28T14:01:50.033327+00:00,4222252,Isaiah Hartenstein,OKC,pa,OVER,10.5,-105,0.5121951219512195,0.5323274605748691,0.6037057520587176,0.020132338623649604,0.039305994455696824,betmgm,BetMGM,2026-05-29T00:40:00Z,San Antonio Spurs,Oklahoma City Thunder,,,False
2026-05-28,2026-05-28T14:01:50.033327+00:00,5037871,Dylan Harper,SAS,pa,OVER,10.5,-180,0.6428571428571429,0.6650550123589863,0.743756549683704,0.022197869501843437,0.03453001922508986,bovada,Bovada,2026-05-29T00:40:00Z,San Antonio Spurs,Oklahoma City Thunder,,,False
2026-05-28,2026-05-28T14:01:50.033327+00:00,4222252,Isaiah Hartenstein,OKC,pa,OVER,10.5,-125,0.5555555555555556,0.5661485987862512,0.6037057520587176,0.010593043230695653,0.019067477815252254,fanduel,FanDuel,2026-05-29T00:40:00Z,San Antonio Spurs,Oklahoma City Thunder,,,False
2026-05-28,2026-05-28T14:01:50.033327+00:00,4433255,Chet Holmgren,OKC,pa,UNDER,15.5,-118,0.5412844036697247,0.550936667538873,0.5851583303476716,0.009652263869148303,0.01783214850401965,betmgm,BetMGM,2026-05-29T00:40:00Z,San Antonio Spurs,Oklahoma City Thunder,,,False
2026-05-28,2026-05-28T14:01:50.033327+00:00,4222252,Isaiah Hartenstein,OKC,pa,OVER,11.5,-103,0.5073891625615764,0.510695978996876,0.5224201463583928,0.00330681643529962,0.0065173178287945,draftkings,DraftKings,2026-05-29T00:40:00Z,San Antonio Spurs,Oklahoma City Thunder,,,False
2026-05-28,2026-05-28T14:01:50.033327+00:00,4222252,Isaiah Hartenstein,OKC,pa,OVER,9.5,-200,0.6666666666666666,0.6697552685429267,0.6807057661042124,0.003088601876260033,0.004632902814389994,bovada,Bovada,2026-05-29T00:40:00Z,San Antonio Spurs,Oklahoma City Thunder,,,False
2026-05-28,2026-05-28T14:01:50.033327+00:00,4222252,Isaiah Hartenstein,OKC,pa,OVER,10.5,-145,0.5918367346938775,0.5944479185141424,0.6037057520587176,0.0026111838202648174,0.004412000248033676,bovada,Bovada,2026-05-29T00:40:00Z,San Antonio Spurs,Oklahoma City Thunder,,,False
2026-05-28,2026-05-28T14:01:50.033327+00:00,4222252,Isaiah Hartenstein,OKC,pa,OVER,11.5,-105,0.5121951219512195,0.5144446273207977,0.5224201463583928,0.002249505369578131,0.0043918914358430095,bovada,Bovada,2026-05-29T00:40:00Z,San Antonio Spurs,Oklahoma City Thunder,,,False
2026-05-28,2026-05-28T14:01:50.033327+00:00,4433255,Chet Holmgren,OKC,pa,UNDER,15.5,-135,0.574468085106383,0.5768199390594665,0.5851583303476716,0.0023518539530834603,0.004093967992404635,bovada,Bovada,2026-05-29T00:40:00Z,San Antonio Spurs,Oklahoma City Thunder,,,False
2026-05-28,2026-05-28T14:01:50.033327+00:00,4433255,Chet Holmgren,OKC,pa,UNDER,14.5,-103,0.5073891625615764,0.5090393888144997,0.5148901909839549,0.0016502262529233258,0.0032523876635285887,draftkings,DraftKings,2026-05-29T00:40:00Z,San Antonio Spurs,Oklahoma City Thunder,,,False
2026-05-28,2026-05-28T14:01:50.033327+00:00,4433255,Chet Holmgren,OKC,pa,UNDER,14.5,-105,0.5121951219512195,0.5127880371384214,0.5148901909839549,0.0005929151872018368,0.0011575963178702686,bovada,Bovada,2026-05-29T00:40:00Z,San Antonio Spurs,Oklahoma City Thunder,,,False
2026-05-28,2026-05-28T14:01:50.033327+00:00,4278073,Shai Gilgeous-Alexander,OKC,pr,UNDER,31.5,120,0.45454545454545453,0.5661951985310573,0.9620442908436485,0.11164974398560273,0.24562943676832594,bovada,Bovada,2026-05-29T00:40:00Z,San Antonio Spurs,Oklahoma City Thunder,,,False
2026-05-28,2026-05-28T14:01:50.033327+00:00,4278073,Shai Gilgeous-Alexander,OKC,pr,UNDER,32.5,100,0.5,0.604039377126848,0.9729062596674909,0.10403937712684797,0.20807875425369593,bovada,Bovada,2026-05-29T00:40:00Z,San Antonio Spurs,Oklahoma City Thunder,,,False
2026-05-28,2026-05-28T14:01:50.033327+00:00,5104157,Victor Wembanyama,SAS,pr,UNDER,39.5,105,0.4878048780487805,0.5867390012294981,0.9375054379611331,0.09893412318071759,0.2028149525204711,bovada,Bovada,2026-05-29T00:40:00Z,San Antonio Spurs,Oklahoma City Thunder,,,False
2026-05-28,2026-05-28T14:01:50.033327+00:00,4278073,Shai Gilgeous-Alexander,OKC,pr,UNDER,33.5,-108,0.5192307692307693,0.620829137931562,0.9810415360525544,0.10159836870079275,0.195670932312638,fanduel,FanDuel,2026-05-29T00:40:00Z,San Antonio Spurs,Oklahoma City Thunder,,,False
2026-05-28,2026-05-28T14:01:50.033327+00:00,4278073,Shai Gilgeous-Alexander,OKC,pr,UNDER,33.5,-110,0.5238095238095238,0.6244005665029906,0.9810415360525544,0.10059104269346675,0.19203744514207288,betmgm,BetMGM,2026-05-29T00:40:00Z,San Antonio Spurs,Oklahoma City Thunder,,,False
2026-05-28,2026-05-28T14:01:50.033327+00:00,4278073,Shai Gilgeous-Alexander,OKC,pr,UNDER,33.5,-119,0.54337899543379,0.6396647543699181,0.9810415360525544,0.09628575893612812,0.17719816140346267,draftkings,DraftKings,2026-05-29T00:40:00Z,San Antonio Spurs,Oklahoma City Thunder,,,False
2026-05-28,2026-05-28T14:01:50.033327+00:00,4278073,Shai Gilgeous-Alexander,OKC,pr,UNDER,33.5,-120,0.5454545454545454,0.6412836833861074,0.9810415360525544,0.095829137931562,0.17568675287453028,bovada,Bovada,2026-05-29T00:40:00Z,San Antonio Spurs,Oklahoma City Thunder,,,False
2026-05-28,2026-05-28T14:01:50.033327+00:00,4683692,Cason Wallace,OKC,pr,OVER,12.5,115,0.46511627906976744,0.5458999256411208,0.8323146725759192,0.08078364657135334,0.17368484012840957,bovada,Bovada,2026-05-29T00:40:00Z,San Antonio Spurs,Oklahoma City Thunder,,,False
2026-05-28,2026-05-28T14:01:50.033327+00:00,5104157,Victor Wembanyama,SAS,pr,UNDER,40.5,-114,0.5327102803738317,0.6250729692274161,0.9525406842537604,0.09236268885358434,0.1733825913567284,fanduel,FanDuel,2026-05-29T00:40:00Z,San Antonio Spurs,Oklahoma City Thunder,,,False
2026-05-28,2026-05-28T14:01:50.033327+00:00,5104157,Victor Wembanyama,SAS,pr,UNDER,40.5,-115,0.5348837209302325,0.6267682528614087,0.9525406842537604,0.09188453193117618,0.17178412491480755,draftkings,DraftKings,2026-05-29T00:40:00Z,San Antonio Spurs,Oklahoma City Thunder,,,False
2026-05-28,2026-05-28T14:01:50.033327+00:00,5104157,Victor Wembanyama,SAS,pr,UNDER,40.5,-115,0.5348837209302325,0.6267682528614087,0.9525406842537604,0.09188453193117618,0.17178412491480755,bovada,Bovada,2026-05-29T00:40:00Z,San Antonio Spurs,Oklahoma City Thunder,,,False
2026-05-28,2026-05-28T14:01:50.033327+00:00,5104157,Victor Wembanyama,SAS,pr,UNDER,40.5,-118,0.5412844036697247,0.6317607853982126,0.9525406842537604,0.09047638172848782,0.16715128149839265,betmgm,BetMGM,2026-05-29T00:40:00Z,San Antonio Spurs,Oklahoma City Thunder,,,False
2026-05-28,2026-05-28T14:01:50.033327+00:00,5104157,Victor Wembanyama,SAS,pr,UNDER,41.5,-130,0.5652173913043478,0.6530658435804605,0.964528538013951,0.08784845227611271,0.15542418479619935,bovada,Bovada,2026-05-29T00:40:00Z,San Antonio Spurs,Oklahoma City Thunder,,,False
2026-05-28,2026-05-28T14:01:50.033327+00:00,4683692,Cason Wallace,OKC,pr,OVER,11.5,-110,0.5238095238095238,0.5998061994171067,0.8692489583894459,0.07599667560758283,0.14508456252356727,fanduel,FanDuel,2026-05-29T00:40:00Z,San Antonio Spurs,Oklahoma City Thunder,,,False
2026-05-28,2026-05-28T14:01:50.033327+00:00,4683692,Cason Wallace,OKC,pr,OVER,11.5,-115,0.5348837209302325,0.6084440731712595,0.8692489583894459,0.07356035224102697,0.13752587592887644,bovada,Bovada,2026-05-29T00:40:00Z,San Antonio Spurs,Oklahoma City Thunder,,,False
2026-05-28,2026-05-28T14:01:50.033327+00:00,4683692,Cason Wallace,OKC,pr,OVER,11.5,-116,0.5370370370370371,0.6101236597345671,0.8692489583894459,0.07308662269752997,0.13609233191953862,draftkings,DraftKings,2026-05-29T00:40:00Z,San Antonio Spurs,Oklahoma City Thunder,,,False
2026-05-28,2026-05-28T14:01:50.033327+00:00,4592479,Julian Champagnie,SAS,pr,OVER,16.5,110,0.47619047619047616,0.536678965496071,0.7511381548522706,0.060488489305594806,0.12702582754174907,bovada,Bovada,2026-05-29T00:40:00Z,San Antonio Spurs,Oklahoma City Thunder,,,False
2026-05-28,2026-05-28T14:01:50.033327+00:00,2991350,Alex Caruso,OKC,pr,OVER,12.5,-120,0.5454545454545454,0.614093145009567,0.8574481797955524,0.0686385995550216,0.12583743251753954,fanduel,FanDuel,2026-05-29T00:40:00Z,San Antonio Spurs,Oklahoma City Thunder,,,False
2026-05-28,2026-05-28T14:01:50.033327+00:00,2991350,Alex Caruso,OKC,pr,OVER,13.5,-110,0.5238095238095238,0.5884732892755915,0.8177357304734678,0.06466376546606767,0.12344900679885651,draftkings,DraftKings,2026-05-29T00:40:00Z,San Antonio Spurs,Oklahoma City Thunder,,,False
2026-05-28,2026-05-28T14:01:50.033327+00:00,2991350,Alex Caruso,OKC,pr,OVER,13.5,-110,0.5238095238095238,0.5884732892755915,0.8177357304734678,0.06466376546606767,0.12344900679885651,bovada,Bovada,2026-05-29T00:40:00Z,San Antonio Spurs,Oklahoma City Thunder,,,False
2026-05-28,2026-05-28T14:01:50.033327+00:00,4592479,Julian Champagnie,SAS,pr,OVER,15.5,-114,0.5327102803738317,0.5908613359669269,0.7970332603424461,0.05815105559309519,0.10916075348177501,fanduel,FanDuel,2026-05-29T00:40:00Z,San Antonio Spurs,Oklahoma City Thunder,,,False
2026-05-28,2026-05-28T14:01:50.033327+00:00,4592479,Julian Champagnie,SAS,pr,OVER,15.5,-115,0.5348837209302325,0.5925566196009195,0.7970332603424461,0.057672898670687034,0.10782324534084953,draftkings,DraftKings,2026-05-29T00:40:00Z,San Antonio Spurs,Oklahoma City Thunder,,,False
2026-05-28,2026-05-28T14:01:50.033327+00:00,4592479,Julian Champagnie,SAS,pr,OVER,15.5,-115,0.5348837209302325,0.5925566196009195,0.7970332603424461,0.057672898670687034,0.10782324534084953,bovada,Bovada,2026-05-29T00:40:00Z,San Antonio Spurs,Oklahoma City Thunder,,,False
2026-05-28,2026-05-28T14:01:50.033327+00:00,4397020,Luguentz Dort,OKC,pr,OVER,8.5,115,0.46511627906976744,0.5151533232826421,0.6925573891282886,0.05003704421287464,0.10757964505768036,bovada,Bovada,2026-05-29T00:40:00Z,San Antonio Spurs,Oklahoma City Thunder,,,False
2026-05-28,2026-05-28T14:01:50.033327+00:00,4683692,Cason Wallace,OKC,pr,OVER,10.5,-160,0.6153846153846154,0.678030556656775,0.9001388938944317,0.06264594127215961,0.10179965456725942,bovada,Bovada,2026-05-29T00:40:00Z,San Antonio Spurs,Oklahoma City Thunder,,,False
2026-05-28,2026-05-28T14:01:50.033327+00:00,2991350,Alex Caruso,OKC,pr,OVER,12.5,-145,0.5918367346938775,0.650271252616246,0.8574481797955524,0.05843451792236842,0.09873418545503632,bovada,Bovada,2026-05-29T00:40:00Z,San Antonio Spurs,Oklahoma City Thunder,,,False
2026-05-28,2026-05-28T14:01:50.033327+00:00,4395723,Keldon Johnson,SAS,pr,OVER,11.5,115,0.46511627906976744,0.510966576381855,0.6735267213974382,0.04585029731208762,0.09857813922098835,bovada,Bovada,2026-05-29T00:40:00Z,San Antonio Spurs,Oklahoma City Thunder,,,False
2026-05-28,2026-05-28T14:01:50.033327+00:00,4397020,Luguentz Dort,OKC,pr,OVER,7.5,-114,0.5327102803738317,0.5839672764031066,0.7656966259614448,0.051256996029274915,0.096219273247937,fanduel,FanDuel,2026-05-29T00:40:00Z,San Antonio Spurs,Oklahoma City Thunder,,,False
2026-05-28,2026-05-28T14:01:50.033327+00:00,4592479,Julian Champagnie,SAS,pr,OVER,16.5,-110,0.5238095238095238,0.5738218226389281,0.7511381548522706,0.05001229882940428,0.09547802503795366,betmgm,BetMGM,2026-05-29T00:40:00Z,San Antonio Spurs,Oklahoma City Thunder,,,False
2026-05-28,2026-05-28T14:01:50.033327+00:00,4395630,Devin Vassell,SAS,pr,OVER,18.5,-102,0.504950495049505,0.5529839873070853,0.7232845507657792,0.04803349225758036,0.09512515133363952,fanduel,FanDuel,2026-05-29T00:40:00Z,San Antonio Spurs,Oklahoma City Thunder,,,False
2026-05-28,2026-05-28T14:01:50.033327+00:00,5037871,Dylan Harper,SAS,pr,OVER,13.5,-106,0.5145631067961165,0.5626160778092077,0.7329857023101676,0.04805297101309125,0.09338596253487541,fanduel,FanDuel,2026-05-29T00:40:00Z,San Antonio Spurs,Oklahoma City Thunder,,,False
2026-05-28,2026-05-28T14:01:50.033327+00:00,4395723,Keldon Johnson,SAS,pr,OVER,10.5,-108,0.5192307692307693,0.567438916884313,0.7383587131105134,0.048208147653543754,0.09284532140682511,fanduel,FanDuel,2026-05-29T00:40:00Z,San Antonio Spurs,Oklahoma City Thunder,,,False
2026-05-28,2026-05-28T14:01:50.033327+00:00,5037871,Dylan Harper,SAS,pr,OVER,13.5,-108,0.5192307692307693,0.5662568545082369,0.7329857023101676,0.047026085277467655,0.09056875683067855,draftkings,DraftKings,2026-05-29T00:40:00Z,San Antonio Spurs,Oklahoma City Thunder,,,False
2026-05-28,2026-05-28T14:01:50.033327+00:00,4397020,Luguentz Dort,OKC,pr,OVER,7.5,-120,0.5454545454545454,0.5939078031660633,0.7656966259614448,0.04845325771151787,0.08883097247111604,betmgm,BetMGM,2026-05-29T00:40:00Z,San Antonio Spurs,Oklahoma City Thunder,,,False
2026-05-28,2026-05-28T14:01:50.033327+00:00,5037871,Dylan Harper,SAS,pr,OVER,13.5,-110,0.5238095238095238,0.5698282830796655,0.7329857023101676,0.04601875927014165,0.08785399497027047,bovada,Bovada,2026-05-29T00:40:00Z,San Antonio Spurs,Oklahoma City Thunder,,,False
2026-05-28,2026-05-28T14:01:50.033327+00:00,4592479,Julian Champagnie,SAS,pr,OVER,14.5,-150,0.6,0.6522408871981566,0.8374585781734393,0.05224088719815667,0.08706814533026108,bovada,Bovada,2026-05-29T00:40:00Z,San Antonio Spurs,Oklahoma City Thunder,,,False
2026-05-28,2026-05-28T14:01:50.033327+00:00,4397020,Luguentz Dort,OKC,pr,OVER,7.5,-123,0.5515695067264574,0.5986774729581547,0.7656966259614448,0.04710796623169722,0.08540712576966247,draftkings,DraftKings,2026-05-29T00:40:00Z,San Antonio Spurs,Oklahoma City Thunder,,,False
2026-05-28,2026-05-28T14:01:50.033327+00:00,4395630,Devin Vassell,SAS,pr,OVER,19.5,105,0.4878048780487805,0.5284187996778185,0.672413612726226,0.040613921629037986,0.08325853933952787,bovada,Bovada,2026-05-29T00:40:00Z,San Antonio Spurs,Oklahoma City Thunder,,,False
2026-05-28,2026-05-28T14:01:50.033327+00:00,4397020,Luguentz Dort,OKC,pr,OVER,7.5,-125,0.5555555555555556,0.6017865910448512,0.7656966259614448,0.046231035489295635,0.08321586388073221,bovada,Bovada,2026-05-29T00:40:00Z,San Antonio Spurs,Oklahoma City Thunder,,,False
2026-05-28,2026-05-28T14:01:50.033327+00:00,2991350,Alex Caruso,OKC,pr,OVER,11.5,-190,0.6551724137931034,0.7070222359799657,0.8908534237333865,0.05184982218686229,0.07913920228521082,bovada,Bovada,2026-05-29T00:40:00Z,San Antonio Spurs,Oklahoma City Thunder,,,False
2026-05-28,2026-05-28T14:01:50.033327+00:00,4395723,Keldon Johnson,SAS,pr,OVER,10.5,-119,0.54337899543379,0.5862745333226691,0.7383587131105134,0.04289553788887912,0.07894220838373556,draftkings,DraftKings,2026-05-29T00:40:00Z,San Antonio Spurs,Oklahoma City Thunder,,,False
2026-05-28,2026-05-28T14:01:50.033327+00:00,3064560,Luke Kornet,SAS,pr,OVER,3.5,-144,0.5901639344262295,0.6366270704760006,0.8013600073797347,0.04646313604977115,0.07872920275100109,fanduel,FanDuel,2026-05-29T00:40:00Z,San Antonio Spurs,Oklahoma City Thunder,,,False
2026-05-28,2026-05-28T14:01:50.033327+00:00,4395723,Keldon Johnson,SAS,pr,OVER,10.5,-120,0.5454545454545454,0.5878934623388583,0.7383587131105134,0.042438916884312894,0.0778046809545736,bovada,Bovada,2026-05-29T00:40:00Z,San Antonio Spurs,Oklahoma City Thunder,,,False
2026-05-28,2026-05-28T14:01:50.033327+00:00,4395630,Devin Vassell,SAS,pr,OVER,18.5,-115,0.5348837209302325,0.5763319034940528,0.7232845507657792,0.041448182563820324,0.07749008044540306,betmgm,BetMGM,2026-05-29T00:40:00Z,San Antonio Spurs,Oklahoma City Thunder,,,False
2026-05-28,2026-05-28T14:01:50.033327+00:00,4395630,Devin Vassell,SAS,pr,OVER,18.5,-117,0.5391705069124424,0.5796755965601765,0.7232845507657792,0.04050508964773414,0.07512482438938722,draftkings,DraftKings,2026-05-29T00:40:00Z,San Antonio Spurs,Oklahoma City Thunder,,,False
2026-05-28,2026-05-28T14:01:50.033327+00:00,5037871,Dylan Harper,SAS,pr,OVER,12.5,-145,0.5918367346938775,0.6351927730468044,0.7889096362980909,0.043356038352926896,0.07325675445839375,bovada,Bovada,2026-05-29T00:40:00Z,San Antonio Spurs,Oklahoma City Thunder,,,False
2026-05-28,2026-05-28T14:01:50.033327+00:00,4593803,Jalen Williams,OKC,pr,UNDER,17.5,-120,0.5454545454545454,0.5852582469745439,0.7263804614545384,0.03980370151999846,0.07297345278666378,betmgm,BetMGM,2026-05-29T00:40:00Z,San Antonio Spurs,Oklahoma City Thunder,,,False
2026-05-28,2026-05-28T14:01:50.033327+00:00,4395630,Devin Vassell,SAS,pr,OVER,18.5,-120,0.5454545454545454,0.5845771466230169,0.7232845507657792,0.03912260116847144,0.07172476880886425,bovada,Bovada,2026-05-29T00:40:00Z,San Antonio Spurs,Oklahoma City Thunder,,,False
2026-05-28,2026-05-28T14:01:50.033327+00:00,4593803,Jalen Williams,OKC,pr,UNDER,16.5,-104,0.5098039215686274,0.5424457224161312,0.6581757436027358,0.03264180084750379,0.06402814781625743,draftkings,DraftKings,2026-05-29T00:40:00Z,San Antonio Spurs,Oklahoma City Thunder,,,False
2026-05-28,2026-05-28T14:01:50.033327+00:00,4593803,Jalen Williams,OKC,pr,UNDER,15.5,120,0.45454545454545453,0.4831060531147698,0.5843663571332511,0.028560598569315254,0.06283331685249349,bovada,Bovada,2026-05-29T00:40:00Z,San Antonio Spurs,Oklahoma City Thunder,,,False
2026-05-28,2026-05-28T14:01:50.033327+00:00,4593803,Jalen Williams,OKC,pr,UNDER,17.5,-130,0.5652173913043478,0.6006732667373897,0.7263804614545384,0.03545587543304196,0.0627296257661511,bovada,Bovada,2026-05-29T00:40:00Z,San Antonio Spurs,Oklahoma City Thunder,,,False
2026-05-28,2026-05-28T14:01:50.033327+00:00,4593803,Jalen Williams,OKC,pr,UNDER,16.5,-105,0.5121951219512195,0.5443108587145531,0.6581757436027358,0.03211573676333357,0.06270215272841317,bovada,Bovada,2026-05-29T00:40:00Z,San Antonio Spurs,Oklahoma City Thunder,,,False
2026-05-28,2026-05-28T14:01:50.033327+00:00,4395630,Devin Vassell,SAS,pr,OVER,17.5,-150,0.6,0.6373879153755343,0.7699450698887922,0.03738791537553432,0.06231319229255716,bovada,Bovada,2026-05-29T00:40:00Z,San Antonio Spurs,Oklahoma City Thunder,,,False
2026-05-28,2026-05-28T14:01:50.033327+00:00,4395723,Keldon Johnson,SAS,pr,OVER,9.5,-165,0.6226415094339622,0.6607489743693531,0.7958572591402844,0.038107464935390856,0.06120289822956709,bovada,Bovada,2026-05-29T00:40:00Z,San Antonio Spurs,Oklahoma City Thunder,,,False
2026-05-28,2026-05-28T14:01:50.033327+00:00,5037871,Dylan Harper,SAS,pr,OVER,11.5,-190,0.6551724137931034,0.6952403548966404,0.8372994188091806,0.04006794110353695,0.06115633115803004,bovada,Bovada,2026-05-29T00:40:00Z,San Antonio Spurs,Oklahoma City Thunder,,,False
2026-05-28,2026-05-28T14:01:50.033327+00:00,4397020,Luguentz Dort,OKC,pr,OVER,6.5,-185,0.6491228070175439,0.6884809390482138,0.8280234071569528,0.03935813203066996,0.06063279799319432,bovada,Bovada,2026-05-29T00:40:00Z,San Antonio Spurs,Oklahoma City Thunder,,,False
2026-05-28,2026-05-28T14:01:50.033327+00:00,4593803,Jalen Williams,OKC,pr,UNDER,16.5,-114,0.5327102803738317,0.5603126822841906,0.6581757436027358,0.027602401910358898,0.051815035165059586,fanduel,FanDuel,2026-05-29T00:40:00Z,San Antonio Spurs,Oklahoma City Thunder,,,False
2026-05-28,2026-05-28T14:01:50.033327+00:00,4433255,Chet Holmgren,OKC,pr,UNDER,20.5,120,0.45454545454545453,0.474424516983158,0.5449048292622887,0.019879062437703487,0.04373393736294762,bovada,Bovada,2026-05-29T00:40:00Z,San Antonio Spurs,Oklahoma City Thunder,,,False
2026-05-28,2026-05-28T14:01:50.033327+00:00,4433255,Chet Holmgren,OKC,pr,UNDER,21.5,-105,0.5121951219512195,0.5335762043534917,0.609381860143366,0.02138108240227221,0.04174401802348382,betmgm,BetMGM,2026-05-29T00:40:00Z,San Antonio Spurs,Oklahoma City Thunder,,,False
2026-05-28,2026-05-28T14:01:50.033327+00:00,4433255,Chet Holmgren,OKC,pr,UNDER,21.5,-105,0.5121951219512195,0.5335762043534917,0.609381860143366,0.02138108240227221,0.04174401802348382,bovada,Bovada,2026-05-29T00:40:00Z,San Antonio Spurs,Oklahoma City Thunder,,,False
2026-05-28,2026-05-28T14:01:50.033327+00:00,4433255,Chet Holmgren,OKC,pr,UNDER,22.5,-130,0.5652173913043478,0.5884849655415743,0.67097909238265,0.023267574237226474,0.04116570826586219,bovada,Bovada,2026-05-29T00:40:00Z,San Antonio Spurs,Oklahoma City Thunder,,,False
2026-05-28,2026-05-28T14:01:50.033327+00:00,4433255,Chet Holmgren,OKC,pr,UNDER,21.5,-106,0.5145631067961165,0.5354232325325115,0.609381860143366,0.020860125736394952,0.04053948963865428,draftkings,DraftKings,2026-05-29T00:40:00Z,San Antonio Spurs,Oklahoma City Thunder,,,False
2026-05-28,2026-05-28T14:01:50.033327+00:00,4683778,Jared McCain,OKC,pr,OVER,16.5,-106,0.5145631067961165,0.5334755156730638,0.6005286016913318,0.01891240887694734,0.036754304043878805,fanduel,FanDuel,2026-05-29T00:40:00Z,San Antonio Spurs,Oklahoma City Thunder,,,False
2026-05-28,2026-05-28T14:01:50.033327+00:00,4433255,Chet Holmgren,OKC,pr,UNDER,21.5,-110,0.5238095238095238,0.5426354378029691,0.609381860143366,0.018825913993445242,0.035940381260213705,fanduel,FanDuel,2026-05-29T00:40:00Z,San Antonio Spurs,Oklahoma City Thunder,,,False
2026-05-28,2026-05-28T14:01:50.033327+00:00,4222252,Isaiah Hartenstein,OKC,pr,OVER,15.5,-110,0.5238095238095238,0.5406913431224801,0.6005450661411431,0.016881819312956292,0.032228927779280214,betmgm,BetMGM,2026-05-29T00:40:00Z,San Antonio Spurs,Oklahoma City Thunder,,,False
2026-05-28,2026-05-28T14:01:50.033327+00:00,4683778,Jared McCain,OKC,pr,OVER,16.5,-110,0.5238095238095238,0.5406877209435216,0.6005286016913318,0.01687819713399774,0.03222201271035935,bovada,Bovada,2026-05-29T00:40:00Z,San Antonio Spurs,Oklahoma City Thunder,,,False
2026-05-28,2026-05-28T14:01:50.033327+00:00,4683778,Jared McCain,OKC,pr,OVER,16.5,-111,0.5260663507109005,0.5424480459265953,0.6005286016913318,0.01638169521569488,0.03113997919379835,draftkings,DraftKings,2026-05-29T00:40:00Z,San Antonio Spurs,Oklahoma City Thunder,,,False
2026-05-28,2026-05-28T14:01:50.033327+00:00,4683778,Jared McCain,OKC,pr,OVER,15.5,-145,0.5918367346938775,0.6079124124150967,0.6649079970630558,0.016075677721219206,0.02716235201171524,bovada,Bovada,2026-05-29T00:40:00Z,San Antonio Spurs,Oklahoma City Thunder,,,False
2026-05-28,2026-05-28T14:01:50.033327+00:00,4683778,Jared McCain,OKC,pr,OVER,14.5,-185,0.6491228070175439,0.6657655121304002,0.7247714666214367,0.01664270511285637,0.025638761930616594,bovada,Bovada,2026-05-29T00:40:00Z,San Antonio Spurs,Oklahoma City Thunder,,,False
2026-05-28,2026-05-28T14:01:50.033327+00:00,4066259,De'Aaron Fox,SAS,pr,OVER,18.5,-114,0.5327102803738317,0.5372495272209264,0.5533432205878984,0.0045392468470947245,0.008521042327002237,fanduel,FanDuel,2026-05-29T00:40:00Z,San Antonio Spurs,Oklahoma City Thunder,,,False
2026-05-28,2026-05-28T14:01:50.033327+00:00,4222252,Isaiah Hartenstein,OKC,pr,OVER,14.5,-185,0.6491228070175439,0.6536935169232518,0.6698987611343984,0.004570709905707959,0.007041363908793397,bovada,Bovada,2026-05-29T00:40:00Z,San Antonio Spurs,Oklahoma City Thunder,,,False
2026-05-28,2026-05-28T14:01:50.033327+00:00,4222252,Isaiah Hartenstein,OKC,pr,OVER,16.5,-108,0.5192307692307693,0.521128452295718,0.5278566013441724,0.001897683064948752,0.003654797013975475,fanduel,FanDuel,2026-05-29T00:40:00Z,San Antonio Spurs,Oklahoma City Thunder,,,False
2026-05-28,2026-05-28T14:01:50.033327+00:00,4222252,Isaiah Hartenstein,OKC,pr,OVER,15.5,-145,0.5918367346938775,0.593752567612276,0.6005450661411431,0.0019158329183984746,0.003237097000052591,bovada,Bovada,2026-05-29T00:40:00Z,San Antonio Spurs,Oklahoma City Thunder,,,False
2026-05-28,2026-05-28T14:01:50.033327+00:00,4222252,Isaiah Hartenstein,OKC,pr,OVER,16.5,-110,0.5238095238095238,0.5246998808671466,0.5278566013441724,0.0008903570576227482,0.0016997725645525597,draftkings,DraftKings,2026-05-29T00:40:00Z,San Antonio Spurs,Oklahoma City Thunder,,,False
2026-05-28,2026-05-28T14:01:50.033327+00:00,4222252,Isaiah Hartenstein,OKC,pr,OVER,16.5,-110,0.5238095238095238,0.5246998808671466,0.5278566013441724,0.0008903570576227482,0.0016997725645525597,bovada,Bovada,2026-05-29T00:40:00Z,San Antonio Spurs,Oklahoma City Thunder,,,False
2026-05-28,2026-05-28T14:01:50.033327+00:00,4066259,De'Aaron Fox,SAS,pr,OVER,17.5,-160,0.6153846153846154,0.615481530762812,0.6158251398309633,9.691537819656038e-05,0.00015748748956945224,bovada,Bovada,2026-05-29T00:40:00Z,San Antonio Spurs,Oklahoma City Thunder,,,False
2026-05-28,2026-05-28T14:01:50.033327+00:00,4278073,Shai Gilgeous-Alexander,OKC,pra,UNDER,39.5,125,0.4444444444444444,0.5449981898185701,0.9634817195981786,0.10055374537412565,0.2262459270917827,bovada,Bovada,2026-05-29T00:40:00Z,San Antonio Spurs,Oklahoma City Thunder,,,False
2026-05-28,2026-05-28T14:01:50.033327+00:00,4278073,Shai Gilgeous-Alexander,OKC,pra,UNDER,40.5,115,0.46511627906976744,0.559979341460945,0.9723072003748353,0.09486306239117753,0.20395558414103165,betrivers,BetRivers,2026-05-29T00:40:00Z,San Antonio Spurs,Oklahoma City Thunder,,,False
2026-05-28,2026-05-28T14:01:50.033327+00:00,5104157,Victor Wembanyama,SAS,pra,UNDER,41.5,120,0.45454545454545453,0.5373959726519789,0.8825224411281913,0.08285051810652438,0.1822711398343536,bovada,Bovada,2026-05-29T00:40:00Z,San Antonio Spurs,Oklahoma City Thunder,,,False
2026-05-28,2026-05-28T14:01:50.033327+00:00,4278073,Shai Gilgeous-Alexander,OKC,pra,UNDER,40.5,105,0.4878048780487805,0.5747269307973035,0.9723072003748353,0.08692205274852305,0.17819020813447228,bovada,Bovada,2026-05-29T00:40:00Z,San Antonio Spurs,Oklahoma City Thunder,,,False
2026-05-28,2026-05-28T14:01:50.033327+00:00,5104157,Victor Wembanyama,SAS,pra,UNDER,42.5,112,0.4716981132075472,0.5522197088062519,0.9035196298362644,0.08052159559870475,0.17070578266925418,betrivers,BetRivers,2026-05-29T00:40:00Z,San Antonio Spurs,Oklahoma City Thunder,,,False
2026-05-28,2026-05-28T14:01:50.033327+00:00,2991350,Alex Caruso,OKC,pra,OVER,17.5,135,0.425531914893617,0.490857431937903,0.7243524986117251,0.06532551704428596,0.15351496505407203,bovada,Bovada,2026-05-29T00:40:00Z,San Antonio Spurs,Oklahoma City Thunder,,,False
2026-05-28,2026-05-28T14:01:50.033327+00:00,5104157,Victor Wembanyama,SAS,pra,UNDER,42.5,105,0.4878048780487805,0.5626891059530535,0.9035196298362644,0.07488422790427307,0.15351266720375978,bovada,Bovada,2026-05-29T00:40:00Z,San Antonio Spurs,Oklahoma City Thunder,,,False
2026-05-28,2026-05-28T14:01:50.033327+00:00,4278073,Shai Gilgeous-Alexander,OKC,pra,UNDER,41.5,-106,0.5145631067961165,0.5933398032011177,0.9792787644779538,0.07877669640500118,0.15309433452292687,betrivers,BetRivers,2026-05-29T00:40:00Z,San Antonio Spurs,Oklahoma City Thunder,,,False
2026-05-28,2026-05-28T14:01:50.033327+00:00,4397020,Luguentz Dort,OKC,pra,OVER,10.5,150,0.4,0.4599290266073587,0.6424515806134783,0.05992902660735866,0.14982256651839665,bovada,Bovada,2026-05-29T00:40:00Z,San Antonio Spurs,Oklahoma City Thunder,,,False
2026-05-28,2026-05-28T14:01:50.033327+00:00,4593803,Jalen Williams,OKC,pra,UNDER,18.5,145,0.40816326530612246,0.46766310907567554,0.6563256378668341,0.059499843769553085,0.14577461723540508,bovada,Bovada,2026-05-29T00:40:00Z,San Antonio Spurs,Oklahoma City Thunder,,,False
2026-05-28,2026-05-28T14:01:50.033327+00:00,4278073,Shai Gilgeous-Alexander,OKC,pra,UNDER,41.5,-110,0.5238095238095238,0.5993499742598324,0.9792787644779538,0.07554045045030855,0.14421358722331634,bovada,Bovada,2026-05-29T00:40:00Z,San Antonio Spurs,Oklahoma City Thunder,,,False
2026-05-28,2026-05-28T14:01:50.033327+00:00,4683692,Cason Wallace,OKC,pra,OVER,15.5,120,0.45454545454545453,0.5200522410656921,0.7834154034922668,0.06550678652023761,0.14411493034452272,betrivers,BetRivers,2026-05-29T00:40:00Z,San Antonio Spurs,Oklahoma City Thunder,,,False
2026-05-28,2026-05-28T14:01:50.033327+00:00,4278073,Shai Gilgeous-Alexander,OKC,pra,UNDER,41.5,-111,0.5260663507109005,0.6008169117457272,0.9792787644779538,0.07475056103482669,0.14209340881394983,draftkings,DraftKings,2026-05-29T00:40:00Z,San Antonio Spurs,Oklahoma City Thunder,,,False
2026-05-28,2026-05-28T14:01:50.033327+00:00,4592479,Julian Champagnie,SAS,pra,OVER,18.5,125,0.4444444444444444,0.5055208273018649,0.7378967909312913,0.06107638285742045,0.137421861429196,bovada,Bovada,2026-05-29T00:40:00Z,San Antonio Spurs,Oklahoma City Thunder,,,False
2026-05-28,2026-05-28T14:01:50.033327+00:00,5104157,Victor Wembanyama,SAS,pra,UNDER,43.5,-106,0.5145631067961165,0.583249428094043,0.9216194781518134,0.06868632129792651,0.13348473761672508,fanduel,FanDuel,2026-05-29T00:40:00Z,San Antonio Spurs,Oklahoma City Thunder,,,False
2026-05-28,2026-05-28T14:01:50.033327+00:00,4683692,Cason Wallace,OKC,pra,OVER,15.5,115,0.46511627906976744,0.5269232770064955,0.7834154034922668,0.061806997936728114,0.1328850455639654,bovada,Bovada,2026-05-29T00:40:00Z,San Antonio Spurs,Oklahoma City Thunder,,,False
2026-05-28,2026-05-28T14:01:50.033327+00:00,5104157,Victor Wembanyama,SAS,pra,UNDER,43.5,-107,0.5169082125603864,0.5847737468408185,0.9216194781518134,0.06786553428043207,0.13129126725279838,betrivers,BetRivers,2026-05-29T00:40:00Z,San Antonio Spurs,Oklahoma City Thunder,,,False
2026-05-28,2026-05-28T14:01:50.033327+00:00,4395723,Keldon Johnson,SAS,pra,OVER,13.5,150,0.4,0.4522632416896437,0.5986470953693925,0.05226324168964369,0.13065810422410928,bovada,Bovada,2026-05-29T00:40:00Z,San Antonio Spurs,Oklahoma City Thunder,,,False
2026-05-28,2026-05-28T14:01:50.033327+00:00,2991350,Alex Caruso,OKC,pra,OVER,16.5,116,0.46296296296296297,0.5228232725549427,0.7679848378800957,0.05986030959197969,0.1292982687186761,betrivers,BetRivers,2026-05-29T00:40:00Z,San Antonio Spurs,Oklahoma City Thunder,,,False
2026-05-28,2026-05-28T14:01:50.033327+00:00,5104157,Victor Wembanyama,SAS,pra,UNDER,43.5,-108,0.5192307692307693,0.5862834086765674,0.9216194781518134,0.06705263944579809,0.12913841671042603,draftkings,DraftKings,2026-05-29T00:40:00Z,San Antonio Spurs,Oklahoma City Thunder,,,False
2026-05-28,2026-05-28T14:01:50.033327+00:00,4278073,Shai Gilgeous-Alexander,OKC,pra,UNDER,42.5,-120,0.5454545454545454,0.6143684710235431,0.984702951303363,0.06891392556899767,0.12634219687649573,betmgm,BetMGM,2026-05-29T00:40:00Z,San Antonio Spurs,Oklahoma City Thunder,,,False
2026-05-28,2026-05-28T14:01:50.033327+00:00,5104157,Victor Wembanyama,SAS,pra,UNDER,43.5,-110,0.5238095238095238,0.5892595991527578,0.9216194781518134,0.065450075343234,0.12495014383708314,betmgm,BetMGM,2026-05-29T00:40:00Z,San Antonio Spurs,Oklahoma City Thunder,,,False
2026-05-28,2026-05-28T14:01:50.033327+00:00,5104157,Victor Wembanyama,SAS,pra,UNDER,43.5,-110,0.5238095238095238,0.5892595991527578,0.9216194781518134,0.065450075343234,0.12495014383708314,bovada,Bovada,2026-05-29T00:40:00Z,San Antonio Spurs,Oklahoma City Thunder,,,False
2026-05-28,2026-05-28T14:01:50.033327+00:00,4278073,Shai Gilgeous-Alexander,OKC,pra,UNDER,42.5,-122,0.5495495495495496,0.6170302236852958,0.984702951303363,0.06748067413574621,0.12279270211586613,fanduel,FanDuel,2026-05-29T00:40:00Z,San Antonio Spurs,Oklahoma City Thunder,,,False
2026-05-28,2026-05-28T14:01:50.033327+00:00,4278073,Shai Gilgeous-Alexander,OKC,pra,UNDER,42.5,-125,0.5555555555555556,0.6209341275891996,0.984702951303363,0.06537857203364406,0.11768142966055939,betrivers,BetRivers,2026-05-29T00:40:00Z,San Antonio Spurs,Oklahoma City Thunder,,,False
2026-05-28,2026-05-28T14:01:50.033327+00:00,4278073,Shai Gilgeous-Alexander,OKC,pra,UNDER,42.5,-125,0.5555555555555556,0.6209341275891996,0.984702951303363,0.06537857203364406,0.11768142966055939,bovada,Bovada,2026-05-29T00:40:00Z,San Antonio Spurs,Oklahoma City Thunder,,,False
2026-05-28,2026-05-28T14:01:50.033327+00:00,4593803,Jalen Williams,OKC,pra,UNDER,19.5,118,0.45871559633027525,0.5109144758325093,0.7157105041018874,0.05219887950223401,0.11379355731487018,betrivers,BetRivers,2026-05-29T00:40:00Z,San Antonio Spurs,Oklahoma City Thunder,,,False
2026-05-28,2026-05-28T14:01:50.033327+00:00,5037871,Dylan Harper,SAS,pra,OVER,17.5,130,0.43478260869565216,0.48227868942764324,0.6409713930026819,0.047496080731991075,0.10924098568357943,bovada,Bovada,2026-05-29T00:40:00Z,San Antonio Spurs,Oklahoma City Thunder,,,False
2026-05-28,2026-05-28T14:01:50.033327+00:00,4593803,Jalen Williams,OKC,pra,UNDER,19.5,115,0.46511627906976744,0.5150749196131791,0.7157105041018874,0.04995864054341165,0.10741107716833498,bovada,Bovada,2026-05-29T00:40:00Z,San Antonio Spurs,Oklahoma City Thunder,,,False
2026-05-28,2026-05-28T14:01:50.033327+00:00,2991350,Alex Caruso,OKC,pra,OVER,16.5,105,0.4878048780487805,0.5389705173607241,0.7679848378800957,0.05116563931194362,0.1048895605894844,bovada,Bovada,2026-05-29T00:40:00Z,San Antonio Spurs,Oklahoma City Thunder,,,False
2026-05-28,2026-05-28T14:01:50.033327+00:00,5104157,Victor Wembanyama,SAS,pra,UNDER,44.5,-125,0.5555555555555556,0.6125895959862869,0.9370199135724333,0.05703404043073135,0.1026612727753165,bovada,Bovada,2026-05-29T00:40:00Z,San Antonio Spurs,Oklahoma City Thunder,,,False
2026-05-28,2026-05-28T14:01:50.033327+00:00,5104157,Victor Wembanyama,SAS,pra,UNDER,44.5,-127,0.5594713656387665,0.615134872540374,0.9370199135724333,0.055663506901607485,0.09949303989499925,betrivers,BetRivers,2026-05-29T00:40:00Z,San Antonio Spurs,Oklahoma City Thunder,,,False
2026-05-28,2026-05-28T14:01:50.033327+00:00,2991350,Alex Caruso,OKC,pra,OVER,15.5,-104,0.5098039215686274,0.5601808242156434,0.8074758582630605,0.050376902647016,0.09881623211530055,fanduel,FanDuel,2026-05-29T00:40:00Z,San Antonio Spurs,Oklahoma City Thunder,,,False
2026-05-28,2026-05-28T14:01:50.033327+00:00,4592479,Julian Champagnie,SAS,pra,OVER,17.5,100,0.5,0.5488805238286454,0.7793172790208307,0.048880523828645384,0.09776104765729077,bovada,Bovada,2026-05-29T00:40:00Z,San Antonio Spurs,Oklahoma City Thunder,,,False
2026-05-28,2026-05-28T14:01:50.033327+00:00,4395630,Devin Vassell,SAS,pra,OVER,22.5,125,0.4444444444444444,0.4877870085187899,0.6365606835994347,0.0433425640743455,0.09752076916727725,bovada,Bovada,2026-05-29T00:40:00Z,San Antonio Spurs,Oklahoma City Thunder,,,False
2026-05-28,2026-05-28T14:01:50.033327+00:00,4397020,Luguentz Dort,OKC,pra,OVER,9.5,110,0.47619047619047616,0.5212033619019827,0.7095974421609895,0.04501288571150652,0.09452705999416366,bovada,Bovada,2026-05-29T00:40:00Z,San Antonio Spurs,Oklahoma City Thunder,,,False
2026-05-28,2026-05-28T14:01:50.033327+00:00,4683692,Cason Wallace,OKC,pra,OVER,14.5,-109,0.5215311004784688,0.5702751582110988,0.8215996737148231,0.04874405773262991,0.09346337675339123,draftkings,DraftKings,2026-05-29T00:40:00Z,San Antonio Spurs,Oklahoma City Thunder,,,False
2026-05-28,2026-05-28T14:01:50.033327+00:00,4683692,Cason Wallace,OKC,pra,OVER,14.5,-110,0.5238095238095238,0.5717561333762845,0.8215996737148231,0.04794660956676067,0.09153443644563408,bovada,Bovada,2026-05-29T00:40:00Z,San Antonio Spurs,Oklahoma City Thunder,,,False
2026-05-28,2026-05-28T14:01:50.033327+00:00,4278073,Shai Gilgeous-Alexander,OKC,pra,UNDER,43.5,-145,0.5918367346938775,0.6452443214418069,0.9888596793759226,0.053407586747929336,0.09024040519477716,bovada,Bovada,2026-05-29T00:40:00Z,San Antonio Spurs,Oklahoma City Thunder,,,False
2026-05-28,2026-05-28T14:01:50.033327+00:00,4395723,Keldon Johnson,SAS,pra,OVER,12.5,115,0.46511627906976744,0.5051547278475806,0.659023694012753,0.04003844877781321,0.08608266487229832,bovada,Bovada,2026-05-29T00:40:00Z,San Antonio Spurs,Oklahoma City Thunder,,,False
2026-05-28,2026-05-28T14:01:50.033327+00:00,4683692,Cason Wallace,OKC,pra,OVER,14.5,-113,0.5305164319248826,0.5761156236512677,0.8215996737148231,0.04559919172638505,0.08595245874088508,betrivers,BetRivers,2026-05-29T00:40:00Z,San Antonio Spurs,Oklahoma City Thunder,,,False
2026-05-28,2026-05-28T14:01:50.033327+00:00,4683692,Cason Wallace,OKC,pra,OVER,13.5,-120,0.5454545454545454,0.5917125272633103,0.8552404155306044,0.046257981808764836,0.08480629998273548,betmgm,BetMGM,2026-05-29T00:40:00Z,San Antonio Spurs,Oklahoma City Thunder,,,False
2026-05-28,2026-05-28T14:01:50.033327+00:00,4278073,Shai Gilgeous-Alexander,OKC,pra,UNDER,43.5,-150,0.6,0.6505504438907864,0.9888596793759226,0.050550443890786445,0.08425073981797737,betrivers,BetRivers,2026-05-29T00:40:00Z,San Antonio Spurs,Oklahoma City Thunder,,,False
2026-05-28,2026-05-28T14:01:50.033327+00:00,4593803,Jalen Williams,OKC,pra,UNDER,20.5,-105,0.5121951219512195,0.5551230596705501,0.7696927451557566,0.04292793771933057,0.0838116879282168,betmgm,BetMGM,2026-05-29T00:40:00Z,San Antonio Spurs,Oklahoma City Thunder,,,False
2026-05-28,2026-05-28T14:01:50.033327+00:00,5037871,Dylan Harper,SAS,pra,OVER,16.5,106,0.4854368932038835,0.5247461961057479,0.6954983744184208,0.03930930290186441,0.08097716397784072,betrivers,BetRivers,2026-05-29T00:40:00Z,San Antonio Spurs,Oklahoma City Thunder,,,False
2026-05-28,2026-05-28T14:01:50.033327+00:00,5104157,Victor Wembanyama,SAS,pra,UNDER,45.5,-145,0.5918367346938775,0.6384358254204264,0.949953987825177,0.046599090726548886,0.07873639467589294,bovada,Bovada,2026-05-29T00:40:00Z,San Antonio Spurs,Oklahoma City Thunder,,,False
2026-05-28,2026-05-28T14:01:50.033327+00:00,2991350,Alex Caruso,OKC,pra,OVER,15.5,-115,0.5348837209302325,0.5764826938006867,0.8074758582630605,0.04159897287045422,0.07777199275780566,betrivers,BetRivers,2026-05-29T00:40:00Z,San Antonio Spurs,Oklahoma City Thunder,,,False
2026-05-28,2026-05-28T14:01:50.033327+00:00,4433255,Chet Holmgren,OKC,pra,UNDER,20.5,160,0.38461538461538464,0.4136006398219162,0.43486079898237817,0.028985255206531557,0.07536166353698215,bovada,Bovada,2026-05-29T00:40:00Z,San Antonio Spurs,Oklahoma City Thunder,,,False
2026-05-28,2026-05-28T14:01:50.033327+00:00,4593803,Jalen Williams,OKC,pra,UNDER,20.5,-110,0.5238095238095238,0.5626724208784479,0.7696927451557566,0.038862897068924096,0.07419280349521873,bovada,Bovada,2026-05-29T00:40:00Z,San Antonio Spurs,Oklahoma City Thunder,,,False
2026-05-28,2026-05-28T14:01:50.033327+00:00,4395630,Devin Vassell,SAS,pra,OVER,21.5,105,0.4878048780487805,0.5237943665381625,0.6812639760368866,0.03598948848938199,0.07377845140323314,bovada,Bovada,2026-05-29T00:40:00Z,San Antonio Spurs,Oklahoma City Thunder,,,False
2026-05-28,2026-05-28T14:01:50.033327+00:00,2991350,Alex Caruso,OKC,pra,OVER,14.5,-125,0.5555555555555556,0.5960592416622996,0.8425607460067915,0.04050368610674404,0.07290663499213934,betmgm,BetMGM,2026-05-29T00:40:00Z,San Antonio Spurs,Oklahoma City Thunder,,,False
2026-05-28,2026-05-28T14:01:50.033327+00:00,5104157,Victor Wembanyama,SAS,pra,UNDER,45.5,-152,0.6031746031746031,0.6458054399328981,0.949953987825177,0.04263083675829493,0.07067743988875208,betrivers,BetRivers,2026-05-29T00:40:00Z,San Antonio Spurs,Oklahoma City Thunder,,,False
2026-05-28,2026-05-28T14:01:50.033327+00:00,4593803,Jalen Williams,OKC,pra,UNDER,20.5,-112,0.5283018867924528,0.5655924568173517,0.7696927451557566,0.037290570024898884,0.07058572183284428,betrivers,BetRivers,2026-05-29T00:40:00Z,San Antonio Spurs,Oklahoma City Thunder,,,False
2026-05-28,2026-05-28T14:01:50.033327+00:00,4593803,Jalen Williams,OKC,pra,UNDER,20.5,-112,0.5283018867924528,0.5655924568173517,0.7696927451557566,0.037290570024898884,0.07058572183284428,draftkings,DraftKings,2026-05-29T00:40:00Z,San Antonio Spurs,Oklahoma City Thunder,,,False
2026-05-28,2026-05-28T14:01:50.033327+00:00,2991350,Alex Caruso,OKC,pra,OVER,15.5,-120,0.5454545454545454,0.5833537297414901,0.8074758582630605,0.03789918428694472,0.0694818378593986,bovada,Bovada,2026-05-29T00:40:00Z,San Antonio Spurs,Oklahoma City Thunder,,,False
2026-05-28,2026-05-28T14:01:50.033327+00:00,5037871,Dylan Harper,SAS,pra,OVER,16.5,100,0.5,0.5342122155232236,0.6954983744184208,0.03421221552322362,0.06842443104644724,bovada,Bovada,2026-05-29T00:40:00Z,San Antonio Spurs,Oklahoma City Thunder,,,False
2026-05-28,2026-05-28T14:01:50.033327+00:00,4683692,Cason Wallace,OKC,pra,OVER,13.5,-132,0.5689655172413793,0.6069946589247524,0.8552404155306044,0.03802914168337301,0.06683909750411021,fanduel,FanDuel,2026-05-29T00:40:00Z,San Antonio Spurs,Oklahoma City Thunder,,,False
2026-05-28,2026-05-28T14:01:50.033327+00:00,2991350,Alex Caruso,OKC,pra,OVER,15.5,-122,0.5495495495495496,0.5860154824032427,0.8074758582630605,0.03646593285369315,0.06635604175016308,draftkings,DraftKings,2026-05-29T00:40:00Z,San Antonio Spurs,Oklahoma City Thunder,,,False
2026-05-28,2026-05-28T14:01:50.033327+00:00,4592479,Julian Champagnie,SAS,pra,OVER,16.5,-125,0.5555555555555556,0.5915356475890853,0.8167116370169948,0.0359800920335297,0.06476416566035353,bovada,Bovada,2026-05-29T00:40:00Z,San Antonio Spurs,Oklahoma City Thunder,,,False
2026-05-28,2026-05-28T14:01:50.033327+00:00,4395630,Devin Vassell,SAS,pra,OVER,21.5,100,0.5,0.5317211958064552,0.6812639760368866,0.03172119580645516,0.06344239161291032,betrivers,BetRivers,2026-05-29T00:40:00Z,San Antonio Spurs,Oklahoma City Thunder,,,False
2026-05-28,2026-05-28T14:01:50.033327+00:00,4395630,Devin Vassell,SAS,pra,OVER,21.5,100,0.5,0.5317211958064552,0.6812639760368866,0.03172119580645516,0.06344239161291032,betmgm,BetMGM,2026-05-29T00:40:00Z,San Antonio Spurs,Oklahoma City Thunder,,,False
2026-05-28,2026-05-28T14:01:50.033327+00:00,4395723,Keldon Johnson,SAS,pra,OVER,11.5,-106,0.5145631067961165,0.5471920788420991,0.7155774824264192,0.032628972045982585,0.0634110211459662,fanduel,FanDuel,2026-05-29T00:40:00Z,San Antonio Spurs,Oklahoma City Thunder,,,False
2026-05-28,2026-05-28T14:01:50.033327+00:00,4592479,Julian Champagnie,SAS,pra,OVER,16.5,-126,0.5575221238938053,0.5928139170089476,0.8167116370169948,0.0352917931151423,0.06330115273033454,draftkings,DraftKings,2026-05-29T00:40:00Z,San Antonio Spurs,Oklahoma City Thunder,,,False
2026-05-28,2026-05-28T14:01:50.033327+00:00,4397020,Luguentz Dort,OKC,pra,OVER,8.5,-118,0.5412844036697247,0.5741141724170524,0.7701674858956079,0.03282976874732768,0.06065160666879177,betmgm,BetMGM,2026-05-29T00:40:00Z,San Antonio Spurs,Oklahoma City Thunder,,,False
2026-05-28,2026-05-28T14:01:50.033327+00:00,4592479,Julian Champagnie,SAS,pra,OVER,16.5,-130,0.5652173913043478,0.5978158408258002,0.8167116370169948,0.03259844952145241,0.057674179922569624,fanduel,FanDuel,2026-05-29T00:40:00Z,San Antonio Spurs,Oklahoma City Thunder,,,False
2026-05-28,2026-05-28T14:01:50.033327+00:00,4066259,De'Aaron Fox,SAS,pra,UNDER,22.5,145,0.40816326530612246,0.43083730160225425,0.44589245230442665,0.022674036296131794,0.055551388925522804,bovada,Bovada,2026-05-29T00:40:00Z,San Antonio Spurs,Oklahoma City Thunder,,,False
2026-05-28,2026-05-28T14:01:50.033327+00:00,4395630,Devin Vassell,SAS,pra,OVER,20.5,-112,0.5283018867924528,0.557504105287636,0.7234735935573813,0.02920221849518323,0.05527562786588258,fanduel,FanDuel,2026-05-29T00:40:00Z,San Antonio Spurs,Oklahoma City Thunder,,,False
2026-05-28,2026-05-28T14:01:50.033327+00:00,4593803,Jalen Williams,OKC,pra,UNDER,20.5,-122,0.5495495495495496,0.5794034376094647,0.7696927451557566,0.029853888059915068,0.0543242881090259,fanduel,FanDuel,2026-05-29T00:40:00Z,San Antonio Spurs,Oklahoma City Thunder,,,False
2026-05-28,2026-05-28T14:01:50.033327+00:00,4593803,Jalen Williams,OKC,pra,UNDER,21.5,-135,0.574468085106383,0.6039503712375456,0.817406376676552,0.02948228613116255,0.05132101659869043,bovada,Bovada,2026-05-29T00:40:00Z,San Antonio Spurs,Oklahoma City Thunder,,,False
2026-05-28,2026-05-28T14:01:50.033327+00:00,4683692,Cason Wallace,OKC,pra,OVER,13.5,-145,0.5918367346938775,0.6218609502688761,0.8552404155306044,0.03002421557499857,0.05073057114396312,bovada,Bovada,2026-05-29T00:40:00Z,San Antonio Spurs,Oklahoma City Thunder,,,False
2026-05-28,2026-05-28T14:01:50.033327+00:00,4397020,Luguentz Dort,OKC,pra,OVER,8.5,-125,0.5555555555555556,0.5833904211428426,0.7701674858956079,0.027834865587286983,0.050102758057116614,draftkings,DraftKings,2026-05-29T00:40:00Z,San Antonio Spurs,Oklahoma City Thunder,,,False
2026-05-28,2026-05-28T14:01:50.033327+00:00,4397020,Luguentz Dort,OKC,pra,OVER,8.5,-125,0.5555555555555556,0.5833904211428426,0.7701674858956079,0.027834865587286983,0.050102758057116614,bovada,Bovada,2026-05-29T00:40:00Z,San Antonio Spurs,Oklahoma City Thunder,,,False
2026-05-28,2026-05-28T14:01:50.033327+00:00,4395723,Keldon Johnson,SAS,pra,OVER,11.5,-114,0.5327102803738317,0.558987741667614,0.7155774824264192,0.026277461293782278,0.04932786593745081,draftkings,DraftKings,2026-05-29T00:40:00Z,San Antonio Spurs,Oklahoma City Thunder,,,False
2026-05-28,2026-05-28T14:01:50.033327+00:00,4433255,Chet Holmgren,OKC,pra,UNDER,21.5,130,0.43478260869565216,0.45571643709399734,0.48918709395327664,0.020933828398345178,0.04814780531619389,bovada,Bovada,2026-05-29T00:40:00Z,San Antonio Spurs,Oklahoma City Thunder,,,False
2026-05-28,2026-05-28T14:01:50.033327+00:00,4395723,Keldon Johnson,SAS,pra,OVER,11.5,-115,0.5348837209302325,0.5604004780292745,0.7155774824264192,0.025516757099041998,0.04770524153299144,bovada,Bovada,2026-05-29T00:40:00Z,San Antonio Spurs,Oklahoma City Thunder,,,False
2026-05-28,2026-05-28T14:01:50.033327+00:00,4845367,Stephon Castle,SAS,pra,UNDER,27.5,125,0.4444444444444444,0.4651255940799889,0.5070668868062858,0.02068114963554446,0.04653258667997495,bovada,Bovada,2026-05-29T00:40:00Z,San Antonio Spurs,Oklahoma City Thunder,,,False
2026-05-28,2026-05-28T14:01:50.033327+00:00,5037871,Dylan Harper,SAS,pra,OVER,15.5,-124,0.5535714285714286,0.5778704120461287,0.7459941912840002,0.024298983474700053,0.04389493788978077,draftkings,DraftKings,2026-05-29T00:40:00Z,San Antonio Spurs,Oklahoma City Thunder,,,False
2026-05-28,2026-05-28T14:01:50.033327+00:00,4395630,Devin Vassell,SAS,pra,OVER,20.5,-120,0.5454545454545454,0.5686533334179963,0.7234735935573813,0.023198787963450873,0.04253111126632653,bovada,Bovada,2026-05-29T00:40:00Z,San Antonio Spurs,Oklahoma City Thunder,,,False
2026-05-28,2026-05-28T14:01:50.033327+00:00,5037871,Dylan Harper,SAS,pra,OVER,15.5,-125,0.5555555555555556,0.5791600945858112,0.7459941912840002,0.02360453903025561,0.04248817025446017,bovada,Bovada,2026-05-29T00:40:00Z,San Antonio Spurs,Oklahoma City Thunder,,,False
2026-05-28,2026-05-28T14:01:50.033327+00:00,4593803,Jalen Williams,OKC,pra,UNDER,21.5,-143,0.588477366255144,0.6130564039842402,0.817406376676552,0.024579037729096198,0.0417671760011914,betrivers,BetRivers,2026-05-29T00:40:00Z,San Antonio Spurs,Oklahoma City Thunder,,,False
2026-05-28,2026-05-28T14:01:50.033327+00:00,2991350,Alex Caruso,OKC,pra,OVER,14.5,-150,0.6,0.6249481305511885,0.8425607460067915,0.024948130551188497,0.041580217585314105,bovada,Bovada,2026-05-29T00:40:00Z,San Antonio Spurs,Oklahoma City Thunder,,,False
2026-05-28,2026-05-28T14:01:50.033327+00:00,4395630,Devin Vassell,SAS,pra,OVER,20.5,-121,0.5475113122171946,0.5699902318137182,0.7234735935573813,0.022478919596523594,0.041056539097782896,draftkings,DraftKings,2026-05-29T00:40:00Z,San Antonio Spurs,Oklahoma City Thunder,,,False
2026-05-28,2026-05-28T14:01:50.033327+00:00,4683692,Cason Wallace,OKC,pra,OVER,13.5,-157,0.6108949416342413,0.6342487847801126,0.8552404155306044,0.0233538431458713,0.03822890247445182,betrivers,BetRivers,2026-05-29T00:40:00Z,San Antonio Spurs,Oklahoma City Thunder,,,False
2026-05-28,2026-05-28T14:01:50.033327+00:00,5037871,Dylan Harper,SAS,pra,OVER,15.5,-129,0.5633187772925764,0.5842061887148747,0.7459941912840002,0.02088741142229833,0.03707920322252961,betrivers,BetRivers,2026-05-29T00:40:00Z,San Antonio Spurs,Oklahoma City Thunder,,,False
2026-05-28,2026-05-28T14:01:50.033327+00:00,5037871,Dylan Harper,SAS,pra,OVER,15.5,-130,0.5652173913043478,0.5854402878225261,0.7459941912840002,0.020222896518178324,0.03577897076293085,betmgm,BetMGM,2026-05-29T00:40:00Z,San Antonio Spurs,Oklahoma City Thunder,,,False
2026-05-28,2026-05-28T14:01:50.033327+00:00,4683778,Jared McCain,OKC,pra,OVER,19.5,120,0.45454545454545453,0.4700932776708153,0.49793561266439945,0.015547823125360793,0.034205210875793646,bovada,Bovada,2026-05-29T00:40:00Z,San Antonio Spurs,Oklahoma City Thunder,,,False
2026-05-28,2026-05-28T14:01:50.033327+00:00,4592479,Julian Champagnie,SAS,pra,OVER,15.5,-160,0.6153846153846154,0.6362290047099372,0.8498800269139264,0.020844389325321733,0.03387213265364786,bovada,Bovada,2026-05-29T00:40:00Z,San Antonio Spurs,Oklahoma City Thunder,,,False
2026-05-28,2026-05-28T14:01:50.033327+00:00,2991350,Alex Caruso,OKC,pra,OVER,14.5,-159,0.6138996138996139,0.6339828795859376,0.8425607460067915,0.02008326568632368,0.032714250394703326,betrivers,BetRivers,2026-05-29T00:40:00Z,San Antonio Spurs,Oklahoma City Thunder,,,False
2026-05-28,2026-05-28T14:01:50.033327+00:00,4593803,Jalen Williams,OKC,pra,UNDER,22.5,-165,0.6226415094339622,0.6424391965178647,0.8584126593473675,0.019797687083902504,0.03179628531657064,bovada,Bovada,2026-05-29T00:40:00Z,San Antonio Spurs,Oklahoma City Thunder,,,False
2026-05-28,2026-05-28T14:01:50.033327+00:00,4395630,Devin Vassell,SAS,pra,OVER,20.5,-129,0.5633187772925764,0.5802650841127164,0.7234735935573813,0.016946306820139978,0.030082978773736835,betrivers,BetRivers,2026-05-29T00:40:00Z,San Antonio Spurs,Oklahoma City Thunder,,,False
2026-05-28,2026-05-28T14:01:50.033327+00:00,4845367,Stephon Castle,SAS,pra,UNDER,28.5,105,0.4878048780487805,0.5017497496934846,0.5552947369244418,0.013944871644704149,0.028586986871643516,bovada,Bovada,2026-05-29T00:40:00Z,San Antonio Spurs,Oklahoma City Thunder,,,False
2026-05-28,2026-05-28T14:01:50.033327+00:00,4432823,Jaylin Williams,OKC,pra,OVER,10.5,-130,0.5652173913043478,0.5813334123635439,0.7225263315183872,0.016116021059196073,0.028512960335500714,betmgm,BetMGM,2026-05-29T00:40:00Z,San Antonio Spurs,Oklahoma City Thunder,,,False
2026-05-28,2026-05-28T14:01:50.033327+00:00,4066259,De'Aaron Fox,SAS,pra,UNDER,23.5,115,0.46511627906976744,0.47692528347373375,0.49771258330505674,0.011809004403966317,0.025389359468527495,bovada,Bovada,2026-05-29T00:40:00Z,San Antonio Spurs,Oklahoma City Thunder,,,False
2026-05-28,2026-05-28T14:01:50.033327+00:00,4433255,Chet Holmgren,OKC,pra,UNDER,22.5,105,0.4878048780487805,0.49972332090512783,0.5437151438481174,0.011918442856347355,0.02443280785551205,betrivers,BetRivers,2026-05-29T00:40:00Z,San Antonio Spurs,Oklahoma City Thunder,,,False
2026-05-28,2026-05-28T14:01:50.033327+00:00,4433255,Chet Holmgren,OKC,pra,UNDER,22.5,105,0.4878048780487805,0.49972332090512783,0.5437151438481174,0.011918442856347355,0.02443280785551205,bovada,Bovada,2026-05-29T00:40:00Z,San Antonio Spurs,Oklahoma City Thunder,,,False
2026-05-28,2026-05-28T14:01:50.033327+00:00,5037871,Dylan Harper,SAS,pra,OVER,15.5,-140,0.5833333333333334,0.5972156501413667,0.7459941912840002,0.013882316808033313,0.023798257385200028,fanduel,FanDuel,2026-05-29T00:40:00Z,San Antonio Spurs,Oklahoma City Thunder,,,False
2026-05-28,2026-05-28T14:01:50.033327+00:00,4845367,Stephon Castle,SAS,pra,UNDER,28.5,102,0.49504950495049505,0.5064587571795991,0.5552947369244418,0.01140925222910405,0.023046689502790207,betrivers,BetRivers,2026-05-29T00:40:00Z,San Antonio Spurs,Oklahoma City Thunder,,,False
2026-05-28,2026-05-28T14:01:50.033327+00:00,4222252,Isaiah Hartenstein,OKC,pra,UNDER,16.5,165,0.37735849056603776,0.38521511142161663,0.29961195744966895,0.007856620855578866,0.020820045267284093,bovada,Bovada,2026-05-29T00:40:00Z,San Antonio Spurs,Oklahoma City Thunder,,,False
2026-05-28,2026-05-28T14:01:50.033327+00:00,4683692,Cason Wallace,OKC,pra,OVER,12.5,-190,0.6551724137931034,0.6681185004767198,0.8843224657783003,0.012946086683616409,0.019759816517098683,bovada,Bovada,2026-05-29T00:40:00Z,San Antonio Spurs,Oklahoma City Thunder,,,False
2026-05-28,2026-05-28T14:01:50.033327+00:00,4395630,Devin Vassell,SAS,pra,OVER,19.5,-150,0.6,0.6109796718596797,0.7627409820553128,0.01097967185967974,0.01829945309946618,bovada,Bovada,2026-05-29T00:40:00Z,San Antonio Spurs,Oklahoma City Thunder,,,False
2026-05-28,2026-05-28T14:01:50.033327+00:00,4222252,Isaiah Hartenstein,OKC,pra,OVER,19.5,104,0.49019607843137253,0.49884588053554885,0.5298195974580385,0.008649802104176318,0.017645596292519716,betrivers,BetRivers,2026-05-29T00:40:00Z,San Antonio Spurs,Oklahoma City Thunder,,,False
2026-05-28,2026-05-28T14:01:50.033327+00:00,5037871,Dylan Harper,SAS,pra,OVER,14.5,-160,0.6153846153846154,0.6260496644295326,0.7917123681687577,0.010665049044917163,0.017330704697990473,bovada,Bovada,2026-05-29T00:40:00Z,San Antonio Spurs,Oklahoma City Thunder,,,False
2026-05-28,2026-05-28T14:01:50.033327+00:00,3064560,Luke Kornet,SAS,pra,OVER,5.5,-118,0.5412844036697247,0.5506138104373696,0.6358797031545625,0.009329406767644821,0.017235683689377668,betmgm,BetMGM,2026-05-29T00:40:00Z,San Antonio Spurs,Oklahoma City Thunder,,,False
2026-05-28,2026-05-28T14:01:50.033327+00:00,4845367,Stephon Castle,SAS,pra,UNDER,29.5,-112,0.5283018867924528,0.5363716482014715,0.6027166959221557,0.008069761409018716,0.01527490552421401,fanduel,FanDuel,2026-05-29T00:40:00Z,San Antonio Spurs,Oklahoma City Thunder,,,False
2026-05-28,2026-05-28T14:01:50.033327+00:00,4222252,Isaiah Hartenstein,OKC,pra,OVER,20.5,115,0.46511627906976744,0.4720653159212924,0.46994134014824906,0.006949036851524981,0.014940429230778651,bovada,Bovada,2026-05-29T00:40:00Z,San Antonio Spurs,Oklahoma City Thunder,,,False
2026-05-28,2026-05-28T14:01:50.033327+00:00,4222252,Isaiah Hartenstein,OKC,pra,OVER,18.5,-110,0.5238095238095238,0.5310563908568577,0.5890297164609557,0.007246867047333905,0.013834927999455682,betmgm,BetMGM,2026-05-29T00:40:00Z,San Antonio Spurs,Oklahoma City Thunder,,,False
2026-05-28,2026-05-28T14:01:50.033327+00:00,4845367,Stephon Castle,SAS,pra,UNDER,29.5,-113,0.5305164319248826,0.5378111025375509,0.6027166959221557,0.007294670612668308,0.013750131331843829,draftkings,DraftKings,2026-05-29T00:40:00Z,San Antonio Spurs,Oklahoma City Thunder,,,False
2026-05-28,2026-05-28T14:01:50.033327+00:00,4066259,De'Aaron Fox,SAS,pra,UNDER,23.5,108,0.4807692307692308,0.48709970207838493,0.49771258330505674,0.006330471309154151,0.013167380323040656,betrivers,BetRivers,2026-05-29T00:40:00Z,San Antonio Spurs,Oklahoma City Thunder,,,False
2026-05-28,2026-05-28T14:01:50.033327+00:00,4845367,Stephon Castle,SAS,pra,UNDER,30.5,-125,0.5555555555555556,0.5621276009116135,0.6486656560028704,0.006572045356057932,0.011829681640904366,betmgm,BetMGM,2026-05-29T00:40:00Z,San Antonio Spurs,Oklahoma City Thunder,,,False
2026-05-28,2026-05-28T14:01:50.033327+00:00,4845367,Stephon Castle,SAS,pra,UNDER,29.5,-115,0.5348837209302325,0.5406498403910284,0.6027166959221557,0.00576611946079586,0.010780136383226946,bovada,Bovada,2026-05-29T00:40:00Z,San Antonio Spurs,Oklahoma City Thunder,,,False
2026-05-28,2026-05-28T14:01:50.033327+00:00,4683778,Jared McCain,OKC,pra,OVER,18.5,-105,0.5121951219512195,0.517569966991792,0.555103644134282,0.005374845040572507,0.010493745079212968,draftkings,DraftKings,2026-05-29T00:40:00Z,San Antonio Spurs,Oklahoma City Thunder,,,False
2026-05-28,2026-05-28T14:01:50.033327+00:00,4683778,Jared McCain,OKC,pra,OVER,18.5,-105,0.5121951219512195,0.517569966991792,0.555103644134282,0.005374845040572507,0.010493745079212968,bovada,Bovada,2026-05-29T00:40:00Z,San Antonio Spurs,Oklahoma City Thunder,,,False
2026-05-28,2026-05-28T14:01:50.033327+00:00,2991350,Alex Caruso,OKC,pra,OVER,13.5,-200,0.6666666666666666,0.6736358746909753,0.8731573791865259,0.006969208024308671,0.01045381203646295,bovada,Bovada,2026-05-29T00:40:00Z,San Antonio Spurs,Oklahoma City Thunder,,,False
2026-05-28,2026-05-28T14:01:50.033327+00:00,4395723,Keldon Johnson,SAS,pra,OVER,10.5,-160,0.6153846153846154,0.6217626566619714,0.7672151809255507,0.0063780412773559725,0.01036431707570351,bovada,Bovada,2026-05-29T00:40:00Z,San Antonio Spurs,Oklahoma City Thunder,,,False
2026-05-28,2026-05-28T14:01:50.033327+00:00,4397020,Luguentz Dort,OKC,pra,OVER,7.5,-180,0.6428571428571429,0.6493698492554838,0.8229297508476626,0.006512706398340895,0.01013087661964146,bovada,Bovada,2026-05-29T00:40:00Z,San Antonio Spurs,Oklahoma City Thunder,,,False
2026-05-28,2026-05-28T14:01:50.033327+00:00,4066259,De'Aaron Fox,SAS,pra,UNDER,24.5,-105,0.5121951219512195,0.5166018234105583,0.5495713950986604,0.004406701459338747,0.00860355999204232,draftkings,DraftKings,2026-05-29T00:40:00Z,San Antonio Spurs,Oklahoma City Thunder,,,False
2026-05-28,2026-05-28T14:01:50.033327+00:00,4066259,De'Aaron Fox,SAS,pra,UNDER,24.5,-105,0.5121951219512195,0.5166018234105583,0.5495713950986604,0.004406701459338747,0.00860355999204232,betmgm,BetMGM,2026-05-29T00:40:00Z,San Antonio Spurs,Oklahoma City Thunder,,,False
2026-05-28,2026-05-28T14:01:50.033327+00:00,4066259,De'Aaron Fox,SAS,pra,UNDER,24.5,-105,0.5121951219512195,0.5166018234105583,0.5495713950986604,0.004406701459338747,0.00860355999204232,bovada,Bovada,2026-05-29T00:40:00Z,San Antonio Spurs,Oklahoma City Thunder,,,False
2026-05-28,2026-05-28T14:01:50.033327+00:00,4683778,Jared McCain,OKC,pra,UNDER,15.5,160,0.38461538461538464,0.3872717582942903,0.28441004739594433,0.0026563736789056436,0.006906571565154729,bovada,Bovada,2026-05-29T00:40:00Z,San Antonio Spurs,Oklahoma City Thunder,,,False
2026-05-28,2026-05-28T14:01:50.033327+00:00,4592479,Julian Champagnie,SAS,pra,OVER,14.5,-210,0.6774193548387096,0.681609926654757,0.878784834340547,0.004190571816047317,0.0061860822046411745,bovada,Bovada,2026-05-29T00:40:00Z,San Antonio Spurs,Oklahoma City Thunder,,,False
2026-05-28,2026-05-28T14:01:50.033327+00:00,4395630,Devin Vassell,SAS,pra,OVER,19.5,-167,0.6254681647940075,0.6275339789757846,0.7627409820553128,0.0020658141817770925,0.0033028286618830838,betrivers,BetRivers,2026-05-29T00:40:00Z,San Antonio Spurs,Oklahoma City Thunder,,,False
2026-05-28,2026-05-28T14:01:50.033327+00:00,4433255,Chet Holmgren,OKC,pra,UNDER,23.5,-120,0.5454545454545454,0.5465958505116864,0.5974308340927537,0.00114130505714094,0.002092392604758353,betmgm,BetMGM,2026-05-29T00:40:00Z,San Antonio Spurs,Oklahoma City Thunder,,,False
2026-05-28,2026-05-28T14:01:50.033327+00:00,4433255,Chet Holmgren,OKC,pra,UNDER,23.5,-120,0.5454545454545454,0.5465958505116864,0.5974308340927537,0.00114130505714094,0.002092392604758353,bovada,Bovada,2026-05-29T00:40:00Z,San Antonio Spurs,Oklahoma City Thunder,,,False
2026-05-28,2026-05-28T14:01:50.033327+00:00,4433255,Chet Holmgren,OKC,pra,UNDER,23.5,-121,0.5475113122171946,0.5479327489074084,0.5974308340927537,0.0004214366902137723,0.0007697314755145124,draftkings,DraftKings,2026-05-29T00:40:00Z,San Antonio Spurs,Oklahoma City Thunder,,,False
2026-05-28,2026-05-28T14:01:50.033327+00:00,4066259,De'Aaron Fox,SAS,pra,UNDER,24.5,-110,0.5238095238095238,0.524151184618456,0.5495713950986604,0.0003416608089321649,0.0006522615443250723,fanatics,Fanatics,2026-05-29T00:40:00Z,San Antonio Spurs,Oklahoma City Thunder,,,False
2026-05-28,2026-05-28T14:01:50.033327+00:00,4278073,Shai Gilgeous-Alexander,OKC,pts,UNDER,25.5,175,0.36363636363636365,0.6907035426222901,0.9237856502717556,0.3270671789859264,0.8994347422112976,bovada,Bovada,2026-05-29T00:40:00Z,San Antonio Spurs,Oklahoma City Thunder,,,False
2026-05-28,2026-05-28T14:01:50.033327+00:00,5104157,Victor Wembanyama,SAS,pts,UNDER,23.5,200,0.3333333333333333,0.6033507164173838,0.7296682587052973,0.2700173830840505,0.8100521492521514,bovada,Bovada,2026-05-29T00:40:00Z,San Antonio Spurs,Oklahoma City Thunder,,,False
2026-05-28,2026-05-28T14:01:50.033327+00:00,4278073,Shai Gilgeous-Alexander,OKC,pts,UNDER,26.5,145,0.40816326530612246,0.6989222724183226,0.9420494942629392,0.29075900711220015,0.7123595674248904,bovada,Bovada,2026-05-29T00:40:00Z,San Antonio Spurs,Oklahoma City Thunder,,,False
2026-05-28,2026-05-28T14:01:50.033327+00:00,2991350,Alex Caruso,OKC,pts,OVER,13.5,210,0.3225806451612903,0.5465116919244244,0.6033593153876098,0.22393104676313408,0.6941862449657157,bovada,Bovada,2026-05-29T00:40:00Z,San Antonio Spurs,Oklahoma City Thunder,,,False
2026-05-28,2026-05-28T14:01:50.033327+00:00,4683692,Cason Wallace,OKC,pts,OVER,10.5,185,0.3508771929824561,0.5843362236737447,0.6874138303860993,0.2334590306912886,0.6653582374701724,bovada,Bovada,2026-05-29T00:40:00Z,San Antonio Spurs,Oklahoma City Thunder,,,False
2026-05-28,2026-05-28T14:01:50.033327+00:00,4592479,Julian Champagnie,SAS,pts,OVER,12.5,200,0.3333333333333333,0.5509368245129707,0.613192943362157,0.21760349117963734,0.652810473538912,bovada,Bovada,2026-05-29T00:40:00Z,San Antonio Spurs,Oklahoma City Thunder,,,False
2026-05-28,2026-05-28T14:01:50.033327+00:00,5104157,Victor Wembanyama,SAS,pts,UNDER,24.5,165,0.37735849056603776,0.622274052220466,0.7717201160454799,0.24491556165442818,0.6490262383842347,bovada,Bovada,2026-05-29T00:40:00Z,San Antonio Spurs,Oklahoma City Thunder,,,False
2026-05-28,2026-05-28T14:01:50.033327+00:00,4278073,Shai Gilgeous-Alexander,OKC,pts,UNDER,27.5,120,0.45454545454545453,0.705507140469412,0.9566825343764712,0.25096168592395746,0.5521157090327063,bovada,Bovada,2026-05-29T00:40:00Z,San Antonio Spurs,Oklahoma City Thunder,,,False
2026-05-28,2026-05-28T14:01:50.033327+00:00,4395630,Devin Vassell,SAS,pts,OVER,17.5,215,0.31746031746031744,0.487861796345731,0.4730262141016245,0.17040147888541357,0.5367646584890526,bovada,Bovada,2026-05-29T00:40:00Z,San Antonio Spurs,Oklahoma City Thunder,,,False
2026-05-28,2026-05-28T14:01:50.033327+00:00,4278073,Shai Gilgeous-Alexander,OKC,pts,UNDER,28.5,115,0.46511627906976744,0.7106789681085659,0.968175484685702,0.24556268903879847,0.5279597814334166,betrivers,BetRivers,2026-05-29T00:40:00Z,San Antonio Spurs,Oklahoma City Thunder,,,False
2026-05-28,2026-05-28T14:01:50.033327+00:00,4593803,Jalen Williams,OKC,pts,UNDER,10.5,190,0.3448275862068966,0.5204834348110882,0.5455187440246403,0.1756558486041916,0.5094019609521556,bovada,Bovada,2026-05-29T00:40:00Z,San Antonio Spurs,Oklahoma City Thunder,,,False
2026-05-28,2026-05-28T14:01:50.033327+00:00,5104157,Victor Wembanyama,SAS,pts,UNDER,25.5,135,0.425531914893617,0.6394194928442813,0.809821095209514,0.21388757795066432,0.5026358081840612,bovada,Bovada,2026-05-29T00:40:00Z,San Antonio Spurs,Oklahoma City Thunder,,,False
2026-05-28,2026-05-28T14:01:50.033327+00:00,2991350,Alex Caruso,OKC,pts,OVER,12.5,160,0.38461538461538464,0.5723205304283063,0.6607122898406808,0.1877051458129217,0.48803337911359645,bovada,Bovada,2026-05-29T00:40:00Z,San Antonio Spurs,Oklahoma City Thunder,,,False
2026-05-28,2026-05-28T14:01:50.033327+00:00,4592479,Julian Champagnie,SAS,pts,OVER,11.5,150,0.4,0.5757252386695189,0.6682783081544864,0.17572523866951884,0.43931309667379714,bovada,Bovada,2026-05-29T00:40:00Z,San Antonio Spurs,Oklahoma City Thunder,,,False
2026-05-28,2026-05-28T14:01:50.033327+00:00,4395723,Keldon Johnson,SAS,pts,OVER,9.5,175,0.36363636363636365,0.5193929305508427,0.5430954012240947,0.15575656691447903,0.4283305590148174,bovada,Bovada,2026-05-29T00:40:00Z,San Antonio Spurs,Oklahoma City Thunder,,,False
2026-05-28,2026-05-28T14:01:50.033327+00:00,4683692,Cason Wallace,OKC,pts,OVER,9.5,135,0.425531914893617,0.6077424897122784,0.7394277549161742,0.18221057481866137,0.42819485082385433,bovada,Bovada,2026-05-29T00:40:00Z,San Antonio Spurs,Oklahoma City Thunder,,,False
2026-05-28,2026-05-28T14:01:50.033327+00:00,4278073,Shai Gilgeous-Alexander,OKC,pts,UNDER,28.5,100,0.5,0.7106789681085659,0.968175484685702,0.2106789681085659,0.4213579362171318,bovada,Bovada,2026-05-29T00:40:00Z,San Antonio Spurs,Oklahoma City Thunder,,,False
2026-05-28,2026-05-28T14:01:50.033327+00:00,4278073,Shai Gilgeous-Alexander,OKC,pts,UNDER,29.5,-102,0.504950495049505,0.7146609162677743,0.9770242583728317,0.20971042121826933,0.4153088733930431,fanduel,FanDuel,2026-05-29T00:40:00Z,San Antonio Spurs,Oklahoma City Thunder,,,False
2026-05-28,2026-05-28T14:01:50.033327+00:00,4397020,Luguentz Dort,OKC,pts,OVER,6.5,175,0.36363636363636365,0.5139192298028409,0.5309316217840909,0.15028286616647724,0.41327788195781245,bovada,Bovada,2026-05-29T00:40:00Z,San Antonio Spurs,Oklahoma City Thunder,,,False
2026-05-28,2026-05-28T14:01:50.033327+00:00,4433255,Chet Holmgren,OKC,pts,UNDER,10.5,215,0.31746031746031744,0.4448520052834356,0.3774489006298569,0.12739168782311816,0.4012838166428221,bovada,Bovada,2026-05-29T00:40:00Z,San Antonio Spurs,Oklahoma City Thunder,,,False
2026-05-28,2026-05-28T14:01:50.033327+00:00,4278073,Shai Gilgeous-Alexander,OKC,pts,UNDER,29.5,-106,0.5145631067961165,0.7146609162677743,0.9770242583728317,0.20009780947165778,0.38886932784114625,betrivers,BetRivers,2026-05-29T00:40:00Z,San Antonio Spurs,Oklahoma City Thunder,,,False
2026-05-28,2026-05-28T14:01:50.033327+00:00,4395630,Devin Vassell,SAS,pts,OVER,16.5,170,0.37037037037037035,0.5129393798346913,0.528754177410425,0.14256900946432094,0.3849363255536664,bovada,Bovada,2026-05-29T00:40:00Z,San Antonio Spurs,Oklahoma City Thunder,,,False
2026-05-28,2026-05-28T14:01:50.033327+00:00,5104157,Victor Wembanyama,SAS,pts,UNDER,26.5,110,0.47619047619047616,0.654683259024872,0.8437405756108267,0.17849278283439585,0.3748348439522313,bovada,Bovada,2026-05-29T00:40:00Z,San Antonio Spurs,Oklahoma City Thunder,,,False
2026-05-28,2026-05-28T14:01:50.033327+00:00,4278073,Shai Gilgeous-Alexander,OKC,pts,UNDER,29.5,-109,0.5215311004784688,0.7146609162677743,0.9770242583728317,0.19312981578930544,0.37031313302720026,williamhill_us,Caesars,2026-05-29T00:40:00Z,San Antonio Spurs,Oklahoma City Thunder,,,False
2026-05-28,2026-05-28T14:01:50.033327+00:00,3064560,Luke Kornet,SAS,pts,OVER,3.5,180,0.35714285714285715,0.48078026963747156,0.4572894880832701,0.12363741249461441,0.3461847549849204,bovada,Bovada,2026-05-29T00:40:00Z,San Antonio Spurs,Oklahoma City Thunder,,,False
2026-05-28,2026-05-28T14:01:50.033327+00:00,5104157,Victor Wembanyama,SAS,pts,UNDER,26.5,104,0.49019607843137253,0.654683259024872,0.8437405756108267,0.16448718059349948,0.3355538484107389,betrivers,BetRivers,2026-05-29T00:40:00Z,San Antonio Spurs,Oklahoma City Thunder,,,False
2026-05-28,2026-05-28T14:01:50.033327+00:00,4278073,Shai Gilgeous-Alexander,OKC,pts,UNDER,29.5,-116,0.5370370370370371,0.7146609162677743,0.9770242583728317,0.1776238792307372,0.33074791305033824,draftkings,DraftKings,2026-05-29T00:40:00Z,San Antonio Spurs,Oklahoma City Thunder,,,False
2026-05-28,2026-05-28T14:01:50.033327+00:00,4222252,Isaiah Hartenstein,OKC,pts,OVER,10.5,205,0.32786885245901637,0.4357911068750067,0.35731357083334825,0.10792225441599035,0.32916287596877036,bovada,Bovada,2026-05-29T00:40:00Z,San Antonio Spurs,Oklahoma City Thunder,,,False
2026-05-28,2026-05-28T14:01:50.033327+00:00,4593803,Jalen Williams,OKC,pts,UNDER,11.5,140,0.4166666666666667,0.5537964022719458,0.6195475606043241,0.13712973560527913,0.32911136545266995,bovada,Bovada,2026-05-29T00:40:00Z,San Antonio Spurs,Oklahoma City Thunder,,,False
2026-05-28,2026-05-28T14:01:50.033327+00:00,4845367,Stephon Castle,SAS,pts,UNDER,13.5,210,0.3225806451612903,0.4250880184473668,0.3335289298830374,0.10250737328607651,0.31777285718683723,bovada,Bovada,2026-05-29T00:40:00Z,San Antonio Spurs,Oklahoma City Thunder,,,False
2026-05-28,2026-05-28T14:01:50.033327+00:00,2991350,Alex Caruso,OKC,pts,OVER,11.5,120,0.45454545454545453,0.5965531914985849,0.7145626477746331,0.14200773695313035,0.31241702129688675,bovada,Bovada,2026-05-29T00:40:00Z,San Antonio Spurs,Oklahoma City Thunder,,,False
2026-05-28,2026-05-28T14:01:50.033327+00:00,4278073,Shai Gilgeous-Alexander,OKC,pts,UNDER,29.5,-120,0.5454545454545454,0.7146609162677743,0.9770242583728317,0.16920637081322887,0.3102116798242529,bovada,Bovada,2026-05-29T00:40:00Z,San Antonio Spurs,Oklahoma City Thunder,,,False
2026-05-28,2026-05-28T14:01:50.033327+00:00,5037871,Dylan Harper,SAS,pts,OVER,11.5,170,0.37037037037037035,0.48493330085191233,0.466518446337583,0.11456293048154198,0.3093199123001633,bovada,Bovada,2026-05-29T00:40:00Z,San Antonio Spurs,Oklahoma City Thunder,,,False
2026-05-28,2026-05-28T14:01:50.033327+00:00,5104157,Victor Wembanyama,SAS,pts,UNDER,27.5,-105,0.5121951219512195,0.6680349661825749,0.8734110359612774,0.15583984423135533,0.3042587434993128,betmgm,BetMGM,2026-05-29T00:40:00Z,San Antonio Spurs,Oklahoma City Thunder,,,False
2026-05-28,2026-05-28T14:01:50.033327+00:00,4592479,Julian Champagnie,SAS,pts,OVER,10.5,115,0.46511627906976744,0.5989751174154702,0.7199447053677115,0.13385883834570272,0.2877965024432608,bovada,Bovada,2026-05-29T00:40:00Z,San Antonio Spurs,Oklahoma City Thunder,,,False
2026-05-28,2026-05-28T14:01:50.033327+00:00,5104157,Victor Wembanyama,SAS,pts,UNDER,27.5,-108,0.5192307692307693,0.6680349661825749,0.8734110359612774,0.14880419695180558,0.28658586079607007,draftkings,DraftKings,2026-05-29T00:40:00Z,San Antonio Spurs,Oklahoma City Thunder,,,False
2026-05-28,2026-05-28T14:01:50.033327+00:00,4278073,Shai Gilgeous-Alexander,OKC,pts,UNDER,30.5,-127,0.5594713656387665,0.7176663125934655,0.9837029168743678,0.15819494695469893,0.2827578973127296,betrivers,BetRivers,2026-05-29T00:40:00Z,San Antonio Spurs,Oklahoma City Thunder,,,False
2026-05-28,2026-05-28T14:01:50.033327+00:00,5104157,Victor Wembanyama,SAS,pts,UNDER,27.5,-110,0.5238095238095238,0.6680349661825749,0.8734110359612774,0.14422544237305102,0.2753394808940065,williamhill_us,Caesars,2026-05-29T00:40:00Z,San Antonio Spurs,Oklahoma City Thunder,,,False
2026-05-28,2026-05-28T14:01:50.033327+00:00,5104157,Victor Wembanyama,SAS,pts,UNDER,27.5,-110,0.5238095238095238,0.6680349661825749,0.8734110359612774,0.14422544237305102,0.2753394808940065,bovada,Bovada,2026-05-29T00:40:00Z,San Antonio Spurs,Oklahoma City Thunder,,,False
2026-05-28,2026-05-28T14:01:50.033327+00:00,4683692,Cason Wallace,OKC,pts,OVER,8.5,102,0.49504950495049505,0.628963703630997,0.786586008068882,0.13391419868050192,0.27050668133461386,draftkings,DraftKings,2026-05-29T00:40:00Z,San Antonio Spurs,Oklahoma City Thunder,,,False
2026-05-28,2026-05-28T14:01:50.033327+00:00,4395723,Keldon Johnson,SAS,pts,OVER,8.5,130,0.43478260869565216,0.5511049210279988,0.6135664911733307,0.11632231233234663,0.2675413183643972,bovada,Bovada,2026-05-29T00:40:00Z,San Antonio Spurs,Oklahoma City Thunder,,,False
2026-05-28,2026-05-28T14:01:50.033327+00:00,5104157,Victor Wembanyama,SAS,pts,UNDER,27.5,-112,0.5283018867924528,0.6680349661825749,0.8734110359612774,0.13973307939012203,0.26449475741701667,fanduel,FanDuel,2026-05-29T00:40:00Z,San Antonio Spurs,Oklahoma City Thunder,,,False
2026-05-28,2026-05-28T14:01:50.033327+00:00,4683692,Cason Wallace,OKC,pts,OVER,8.5,101,0.4975124378109453,0.628963703630997,0.786586008068882,0.13145126582005168,0.26421704429830395,williamhill_us,Caesars,2026-05-29T00:40:00Z,San Antonio Spurs,Oklahoma City Thunder,,,False
2026-05-28,2026-05-28T14:01:50.033327+00:00,4395630,Devin Vassell,SAS,pts,OVER,15.5,135,0.425531914893617,0.5377656698215644,0.5839237107145876,0.11223375492794735,0.2637493240806763,bovada,Bovada,2026-05-29T00:40:00Z,San Antonio Spurs,Oklahoma City Thunder,,,False
2026-05-28,2026-05-28T14:01:50.033327+00:00,2991350,Alex Caruso,OKC,pts,OVER,10.5,104,0.49019607843137253,0.618784865600092,0.7639663680002047,0.12858878716871952,0.26232112582418776,betrivers,BetRivers,2026-05-29T00:40:00Z,San Antonio Spurs,Oklahoma City Thunder,,,False
2026-05-28,2026-05-28T14:01:50.033327+00:00,4683692,Cason Wallace,OKC,pts,OVER,8.5,100,0.5,0.628963703630997,0.786586008068882,0.12896370363099696,0.2579274072619939,bovada,Bovada,2026-05-29T00:40:00Z,San Antonio Spurs,Oklahoma City Thunder,,,False
2026-05-28,2026-05-28T14:01:50.033327+00:00,4593803,Jalen Williams,OKC,pts,UNDER,12.5,112,0.4716981132075472,0.5852439856622211,0.6894310792493804,0.11354587245467396,0.24071724960390883,betrivers,BetRivers,2026-05-29T00:40:00Z,San Antonio Spurs,Oklahoma City Thunder,,,False
2026-05-28,2026-05-28T14:01:50.033327+00:00,4683692,Cason Wallace,OKC,pts,OVER,8.5,-103,0.5073891625615764,0.628963703630997,0.786586008068882,0.12157454106942056,0.2396080760882756,betrivers,BetRivers,2026-05-29T00:40:00Z,San Antonio Spurs,Oklahoma City Thunder,,,False
2026-05-28,2026-05-28T14:01:50.033327+00:00,4433255,Chet Holmgren,OKC,pts,UNDER,11.5,160,0.38461538461538464,0.47342637792348785,0.4409475064966397,0.08881099330810321,0.2309085826010685,bovada,Bovada,2026-05-29T00:40:00Z,San Antonio Spurs,Oklahoma City Thunder,,,False
2026-05-28,2026-05-28T14:01:50.033327+00:00,4278073,Shai Gilgeous-Alexander,OKC,pts,UNDER,30.5,-140,0.5833333333333334,0.7176663125934655,0.9837029168743678,0.1343329792601321,0.2302851073030837,betmgm,BetMGM,2026-05-29T00:40:00Z,San Antonio Spurs,Oklahoma City Thunder,,,False
2026-05-28,2026-05-28T14:01:50.033327+00:00,4683778,Jared McCain,OKC,pts,OVER,16.5,190,0.3448275862068966,0.42397426659191884,0.3310539257598196,0.07914668038502226,0.22952537311656462,bovada,Bovada,2026-05-29T00:40:00Z,San Antonio Spurs,Oklahoma City Thunder,,,False
2026-05-28,2026-05-28T14:01:50.033327+00:00,5104157,Victor Wembanyama,SAS,pts,UNDER,27.5,-120,0.5454545454545454,0.6680349661825749,0.8734110359612774,0.12258042072802944,0.22473077133472064,betrivers,BetRivers,2026-05-29T00:40:00Z,San Antonio Spurs,Oklahoma City Thunder,,,False
2026-05-28,2026-05-28T14:01:50.033327+00:00,4683778,Jared McCain,OKC,pts,UNDER,10.5,200,0.3333333333333333,0.4080347511959319,0.2956327804354042,0.0747014178625986,0.22410425358779573,bovada,Bovada,2026-05-29T00:40:00Z,San Antonio Spurs,Oklahoma City Thunder,,,False
2026-05-28,2026-05-28T14:01:50.033327+00:00,4066259,De'Aaron Fox,SAS,pts,UNDER,12.5,165,0.37735849056603776,0.4605305303742195,0.41229006749826547,0.08317203980818172,0.2204059054916816,bovada,Bovada,2026-05-29T00:40:00Z,San Antonio Spurs,Oklahoma City Thunder,,,False
2026-05-28,2026-05-28T14:01:50.033327+00:00,4397020,Luguentz Dort,OKC,pts,OVER,5.5,120,0.45454545454545453,0.5527339526441071,0.617186561431349,0.09818849809865254,0.21601469581703558,bovada,Bovada,2026-05-29T00:40:00Z,San Antonio Spurs,Oklahoma City Thunder,,,False
2026-05-28,2026-05-28T14:01:50.033327+00:00,4278073,Shai Gilgeous-Alexander,OKC,pts,UNDER,30.5,-145,0.5918367346938775,0.7176663125934655,0.9837029168743678,0.12582957789958793,0.2126085971406831,bovada,Bovada,2026-05-29T00:40:00Z,San Antonio Spurs,Oklahoma City Thunder,,,False
2026-05-28,2026-05-28T14:01:50.033327+00:00,4222252,Isaiah Hartenstein,OKC,pts,UNDER,5.5,205,0.32786885245901637,0.3948913308722735,0.2664251797161634,0.06702247841325715,0.20441855916043405,bovada,Bovada,2026-05-29T00:40:00Z,San Antonio Spurs,Oklahoma City Thunder,,,False
2026-05-28,2026-05-28T14:01:50.033327+00:00,5104157,Victor Wembanyama,SAS,pts,UNDER,28.5,-130,0.5652173913043478,0.6795105263288514,0.898912280730781,0.11429313502450367,0.2022109311971988,bovada,Bovada,2026-05-29T00:40:00Z,San Antonio Spurs,Oklahoma City Thunder,,,False
2026-05-28,2026-05-28T14:01:50.033327+00:00,4593803,Jalen Williams,OKC,pts,UNDER,12.5,105,0.4878048780487805,0.5852439856622211,0.6894310792493804,0.09743910761344066,0.1997501706075534,bovada,Bovada,2026-05-29T00:40:00Z,San Antonio Spurs,Oklahoma City Thunder,,,False
2026-05-28,2026-05-28T14:01:50.033327+00:00,4592479,Julian Champagnie,SAS,pts,OVER,10.5,100,0.5,0.5989751174154702,0.7199447053677115,0.09897511741547016,0.19795023483094032,betrivers,BetRivers,2026-05-29T00:40:00Z,San Antonio Spurs,Oklahoma City Thunder,,,False
2026-05-28,2026-05-28T14:01:50.033327+00:00,2991350,Alex Caruso,OKC,pts,OVER,10.5,-107,0.5169082125603864,0.618784865600092,0.7639663680002047,0.10187665303970561,0.1970884783104584,draftkings,DraftKings,2026-05-29T00:40:00Z,San Antonio Spurs,Oklahoma City Thunder,,,False
2026-05-28,2026-05-28T14:01:50.033327+00:00,4395723,Keldon Johnson,SAS,pts,OVER,7.5,105,0.4878048780487805,0.5812123220414682,0.6804718267588183,0.09340744399268774,0.1914852601850099,betrivers,BetRivers,2026-05-29T00:40:00Z,San Antonio Spurs,Oklahoma City Thunder,,,False
2026-05-28,2026-05-28T14:01:50.033327+00:00,4066259,De'Aaron Fox,SAS,pts,OVER,18.5,210,0.3225806451612903,0.38379426905828995,0.24176504235175544,0.061213623896999636,0.18976223408069892,bovada,Bovada,2026-05-29T00:40:00Z,San Antonio Spurs,Oklahoma City Thunder,,,False
2026-05-28,2026-05-28T14:01:50.033327+00:00,5037871,Dylan Harper,SAS,pts,OVER,10.5,130,0.43478260869565216,0.5167150344581783,0.5371445210181741,0.08193242576252618,0.1884445792538102,bovada,Bovada,2026-05-29T00:40:00Z,San Antonio Spurs,Oklahoma City Thunder,,,False
2026-05-28,2026-05-28T14:01:50.033327+00:00,2991350,Alex Caruso,OKC,pts,OVER,10.5,-110,0.5238095238095238,0.618784865600092,0.7639663680002047,0.09497534179056821,0.18131656160017573,bovada,Bovada,2026-05-29T00:40:00Z,San Antonio Spurs,Oklahoma City Thunder,,,False
2026-05-28,2026-05-28T14:01:50.033327+00:00,2991350,Alex Caruso,OKC,pts,OVER,9.5,-118,0.5412844036697247,0.6387136989117076,0.808252664248239,0.09742929524198285,0.17999649459959532,fanduel,FanDuel,2026-05-29T00:40:00Z,San Antonio Spurs,Oklahoma City Thunder,,,False
2026-05-28,2026-05-28T14:01:50.033327+00:00,4278073,Shai Gilgeous-Alexander,OKC,pts,UNDER,31.5,-157,0.6108949416342413,0.7198899423910671,0.9886443164245935,0.10899500075682578,0.1784185681178614,betrivers,BetRivers,2026-05-29T00:40:00Z,San Antonio Spurs,Oklahoma City Thunder,,,False
2026-05-28,2026-05-28T14:01:50.033327+00:00,4222252,Isaiah Hartenstein,OKC,pts,OVER,9.5,150,0.4,0.4700189605623637,0.4333754679163637,0.07001896056236367,0.17504740140590924,bovada,Bovada,2026-05-29T00:40:00Z,San Antonio Spurs,Oklahoma City Thunder,,,False
2026-05-28,2026-05-28T14:01:50.033327+00:00,4395723,Keldon Johnson,SAS,pts,OVER,7.5,102,0.49504950495049505,0.5812123220414682,0.6804718267588183,0.08616281709097318,0.17404889052376582,fanduel,FanDuel,2026-05-29T00:40:00Z,San Antonio Spurs,Oklahoma City Thunder,,,False
2026-05-28,2026-05-28T14:01:50.033327+00:00,4845367,Stephon Castle,SAS,pts,UNDER,14.5,160,0.38461538461538464,0.4498014877883159,0.388447750640702,0.06518610317293128,0.16948386824962136,bovada,Bovada,2026-05-29T00:40:00Z,San Antonio Spurs,Oklahoma City Thunder,,,False
2026-05-28,2026-05-28T14:01:50.033327+00:00,4395723,Keldon Johnson,SAS,pts,OVER,7.5,100,0.5,0.5812123220414682,0.6804718267588183,0.08121232204146822,0.16242464408293644,betmgm,BetMGM,2026-05-29T00:40:00Z,San Antonio Spurs,Oklahoma City Thunder,,,False
2026-05-28,2026-05-28T14:01:50.033327+00:00,4593803,Jalen Williams,OKC,pts,UNDER,12.5,-102,0.504950495049505,0.5852439856622211,0.6894310792493804,0.08029349061271618,0.15901259905655551,fanduel,FanDuel,2026-05-29T00:40:00Z,San Antonio Spurs,Oklahoma City Thunder,,,False
2026-05-28,2026-05-28T14:01:50.033327+00:00,4845367,Stephon Castle,SAS,pts,OVER,20.5,190,0.3448275862068966,0.39877901685177275,0.2750644818928284,0.053951430644876175,0.1564591488701409,bovada,Bovada,2026-05-29T00:40:00Z,San Antonio Spurs,Oklahoma City Thunder,,,False
2026-05-28,2026-05-28T14:01:50.033327+00:00,4397020,Luguentz Dort,OKC,pts,OVER,5.5,109,0.4784688995215311,0.5527339526441071,0.617186561431349,0.07426505312257597,0.1552139610261838,draftkings,DraftKings,2026-05-29T00:40:00Z,San Antonio Spurs,Oklahoma City Thunder,,,False
2026-05-28,2026-05-28T14:01:50.033327+00:00,4397020,Luguentz Dort,OKC,pts,OVER,5.5,109,0.4784688995215311,0.5527339526441071,0.617186561431349,0.07426505312257597,0.1552139610261838,williamhill_us,Caesars,2026-05-29T00:40:00Z,San Antonio Spurs,Oklahoma City Thunder,,,False
2026-05-28,2026-05-28T14:01:50.033327+00:00,4592479,Julian Champagnie,SAS,pts,OVER,9.5,-116,0.5370370370370371,0.6203133975265409,0.7673631056145354,0.08327636048950382,0.1550663264287313,draftkings,DraftKings,2026-05-29T00:40:00Z,San Antonio Spurs,Oklahoma City Thunder,,,False
2026-05-28,2026-05-28T14:01:50.033327+00:00,4395630,Devin Vassell,SAS,pts,OVER,14.5,105,0.4878048780487805,0.5618683373886632,0.6374851941970292,0.07406345933988268,0.15183009164675954,bovada,Bovada,2026-05-29T00:40:00Z,San Antonio Spurs,Oklahoma City Thunder,,,False
2026-05-28,2026-05-28T14:01:50.033327+00:00,2991350,Alex Caruso,OKC,pts,OVER,9.5,-125,0.5555555555555556,0.6387136989117076,0.808252664248239,0.08315814335615201,0.14968465804107367,betmgm,BetMGM,2026-05-29T00:40:00Z,San Antonio Spurs,Oklahoma City Thunder,,,False
2026-05-28,2026-05-28T14:01:50.033327+00:00,4683692,Cason Wallace,OKC,pts,OVER,7.5,-130,0.5652173913043478,0.6477592670824863,0.8283539268499694,0.08254187577813854,0.14603562637670658,betmgm,BetMGM,2026-05-29T00:40:00Z,San Antonio Spurs,Oklahoma City Thunder,,,False
2026-05-28,2026-05-28T14:01:50.033327+00:00,4592479,Julian Champagnie,SAS,pts,OVER,9.5,-118,0.5412844036697247,0.6203133975265409,0.7673631056145354,0.07902899385681617,0.1460027174642874,fanduel,FanDuel,2026-05-29T00:40:00Z,San Antonio Spurs,Oklahoma City Thunder,,,False
2026-05-28,2026-05-28T14:01:50.033327+00:00,4278073,Shai Gilgeous-Alexander,OKC,pts,UNDER,31.5,-170,0.6296296296296297,0.7198899423910671,0.9886443164245935,0.09026031276143742,0.14335461438581243,bovada,Bovada,2026-05-29T00:40:00Z,San Antonio Spurs,Oklahoma City Thunder,,,False
2026-05-28,2026-05-28T14:01:50.033327+00:00,3064560,Luke Kornet,SAS,pts,OVER,2.5,111,0.47393364928909953,0.5416882005512599,0.5926404456694665,0.06775455126216035,0.14296210316315838,draftkings,DraftKings,2026-05-29T00:40:00Z,San Antonio Spurs,Oklahoma City Thunder,,,False
2026-05-28,2026-05-28T14:01:50.033327+00:00,5104157,Victor Wembanyama,SAS,pts,UNDER,28.5,-148,0.5967741935483871,0.6795105263288514,0.898912280730781,0.08273633278046433,0.13863926033483215,betrivers,BetRivers,2026-05-29T00:40:00Z,San Antonio Spurs,Oklahoma City Thunder,,,False
2026-05-28,2026-05-28T14:01:50.033327+00:00,2991350,Alex Caruso,OKC,pts,OVER,9.5,-128,0.5614035087719298,0.6387136989117076,0.808252664248239,0.0773101901397778,0.13770877618647914,williamhill_us,Caesars,2026-05-29T00:40:00Z,San Antonio Spurs,Oklahoma City Thunder,,,False
2026-05-28,2026-05-28T14:01:50.033327+00:00,3064560,Luke Kornet,SAS,pts,OVER,2.5,110,0.47619047619047616,0.5416882005512599,0.5926404456694665,0.06549772436078372,0.13754522115764578,betmgm,BetMGM,2026-05-29T00:40:00Z,San Antonio Spurs,Oklahoma City Thunder,,,False
2026-05-28,2026-05-28T14:01:50.033327+00:00,3064560,Luke Kornet,SAS,pts,OVER,2.5,110,0.47619047619047616,0.5416882005512599,0.5926404456694665,0.06549772436078372,0.13754522115764578,bovada,Bovada,2026-05-29T00:40:00Z,San Antonio Spurs,Oklahoma City Thunder,,,False
2026-05-28,2026-05-28T14:01:50.033327+00:00,4592479,Julian Champagnie,SAS,pts,OVER,9.5,-120,0.5454545454545454,0.6203133975265409,0.7673631056145354,0.0748588520719955,0.1372412287986584,bovada,Bovada,2026-05-29T00:40:00Z,San Antonio Spurs,Oklahoma City Thunder,,,False
2026-05-28,2026-05-28T14:01:50.033327+00:00,4397020,Luguentz Dort,OKC,pts,OVER,5.5,105,0.4878048780487805,0.5527339526441071,0.617186561431349,0.0649290745953266,0.13310460292041948,betrivers,BetRivers,2026-05-29T00:40:00Z,San Antonio Spurs,Oklahoma City Thunder,,,False
2026-05-28,2026-05-28T14:01:50.033327+00:00,4395723,Keldon Johnson,SAS,pts,OVER,7.5,-106,0.5145631067961165,0.5812123220414682,0.6804718267588183,0.06664921524535172,0.12952583340134394,draftkings,DraftKings,2026-05-29T00:40:00Z,San Antonio Spurs,Oklahoma City Thunder,,,False
2026-05-28,2026-05-28T14:01:50.033327+00:00,4683778,Jared McCain,OKC,pts,OVER,15.5,150,0.4,0.45130317907811857,0.391784842395819,0.051303179078118544,0.12825794769529641,bovada,Bovada,2026-05-29T00:40:00Z,San Antonio Spurs,Oklahoma City Thunder,,,False
2026-05-28,2026-05-28T14:01:50.033327+00:00,4683692,Cason Wallace,OKC,pts,OVER,7.5,-136,0.576271186440678,0.6477592670824863,0.8283539268499694,0.07148808064180834,0.12405284581960863,fanduel,FanDuel,2026-05-29T00:40:00Z,San Antonio Spurs,Oklahoma City Thunder,,,False
2026-05-28,2026-05-28T14:01:50.033327+00:00,5104157,Victor Wembanyama,SAS,pts,UNDER,29.5,-160,0.6153846153846154,0.689201624092701,0.9204480535393356,0.07381700870808561,0.11995263915063914,bovada,Bovada,2026-05-29T00:40:00Z,San Antonio Spurs,Oklahoma City Thunder,,,False
2026-05-28,2026-05-28T14:01:50.033327+00:00,4395723,Keldon Johnson,SAS,pts,OVER,7.5,-108,0.5192307692307693,0.5812123220414682,0.6804718267588183,0.06198155281069895,0.11937187948727213,williamhill_us,Caesars,2026-05-29T00:40:00Z,San Antonio Spurs,Oklahoma City Thunder,,,False
2026-05-28,2026-05-28T14:01:50.033327+00:00,4593803,Jalen Williams,OKC,pts,UNDER,13.5,-122,0.5495495495495496,0.6138817164926255,0.7530704810947232,0.06433216694307586,0.1170634513226464,betrivers,BetRivers,2026-05-29T00:40:00Z,San Antonio Spurs,Oklahoma City Thunder,,,False
2026-05-28,2026-05-28T14:01:50.033327+00:00,4593803,Jalen Williams,OKC,pts,UNDER,13.5,-122,0.5495495495495496,0.6138817164926255,0.7530704810947232,0.06433216694307586,0.1170634513226464,draftkings,DraftKings,2026-05-29T00:40:00Z,San Antonio Spurs,Oklahoma City Thunder,,,False
2026-05-28,2026-05-28T14:01:50.033327+00:00,4592479,Julian Champagnie,SAS,pts,OVER,9.5,-125,0.5555555555555556,0.6203133975265409,0.7673631056145354,0.06475784197098533,0.11656411554777368,betmgm,BetMGM,2026-05-29T00:40:00Z,San Antonio Spurs,Oklahoma City Thunder,,,False
2026-05-28,2026-05-28T14:01:50.033327+00:00,4592479,Julian Champagnie,SAS,pts,OVER,9.5,-125,0.5555555555555556,0.6203133975265409,0.7673631056145354,0.06475784197098533,0.11656411554777368,williamhill_us,Caesars,2026-05-29T00:40:00Z,San Antonio Spurs,Oklahoma City Thunder,,,False
2026-05-28,2026-05-28T14:01:50.033327+00:00,2991350,Alex Caruso,OKC,pts,OVER,9.5,-134,0.5726495726495726,0.6387136989117076,0.808252664248239,0.06606412626213498,0.11536571302492227,betrivers,BetRivers,2026-05-29T00:40:00Z,San Antonio Spurs,Oklahoma City Thunder,,,False
2026-05-28,2026-05-28T14:01:50.033327+00:00,3064560,Luke Kornet,SAS,pts,OVER,2.5,105,0.4878048780487805,0.5416882005512599,0.5926404456694665,0.0538833225024794,0.11046081113008277,betrivers,BetRivers,2026-05-29T00:40:00Z,San Antonio Spurs,Oklahoma City Thunder,,,False
2026-05-28,2026-05-28T14:01:50.033327+00:00,4395723,Keldon Johnson,SAS,pts,OVER,7.5,-110,0.5238095238095238,0.5812123220414682,0.6804718267588183,0.057402798231944385,0.1095871602609848,bovada,Bovada,2026-05-29T00:40:00Z,San Antonio Spurs,Oklahoma City Thunder,,,False
2026-05-28,2026-05-28T14:01:50.033327+00:00,4395630,Devin Vassell,SAS,pts,OVER,14.5,-103,0.5073891625615764,0.5618683373886632,0.6374851941970292,0.05447917482708675,0.10737157757183124,betrivers,BetRivers,2026-05-29T00:40:00Z,San Antonio Spurs,Oklahoma City Thunder,,,False
2026-05-28,2026-05-28T14:01:50.033327+00:00,4433255,Chet Holmgren,OKC,pts,UNDER,12.5,120,0.45454545454545453,0.5027022946301825,0.5060050991781831,0.048156840084727925,0.10594504818640138,bovada,Bovada,2026-05-29T00:40:00Z,San Antonio Spurs,Oklahoma City Thunder,,,False
2026-05-28,2026-05-28T14:01:50.033327+00:00,4593803,Jalen Williams,OKC,pts,UNDER,13.5,-125,0.5555555555555556,0.6138817164926255,0.7530704810947232,0.05832616093706988,0.10498708968672588,bovada,Bovada,2026-05-29T00:40:00Z,San Antonio Spurs,Oklahoma City Thunder,,,False
2026-05-28,2026-05-28T14:01:50.033327+00:00,4395630,Devin Vassell,SAS,pts,OVER,13.5,-114,0.5327102803738317,0.584816266647834,0.6884805925507422,0.052105986274002314,0.09781299177751301,fanduel,FanDuel,2026-05-29T00:40:00Z,San Antonio Spurs,Oklahoma City Thunder,,,False
2026-05-28,2026-05-28T14:01:50.033327+00:00,4066259,De'Aaron Fox,SAS,pts,UNDER,13.5,125,0.4444444444444444,0.4878120775296267,0.4729157278436149,0.04336763308518227,0.09757717444166003,bovada,Bovada,2026-05-29T00:40:00Z,San Antonio Spurs,Oklahoma City Thunder,,,False
2026-05-28,2026-05-28T14:01:50.033327+00:00,5037871,Dylan Harper,SAS,pts,OVER,9.5,100,0.5,0.5479770736498171,0.6066157192218158,0.04797707364981707,0.09595414729963414,betmgm,BetMGM,2026-05-29T00:40:00Z,San Antonio Spurs,Oklahoma City Thunder,,,False
2026-05-28,2026-05-28T14:01:50.033327+00:00,4683692,Cason Wallace,OKC,pts,OVER,7.5,-145,0.5918367346938775,0.6477592670824863,0.8283539268499694,0.05592253238860878,0.09448979610489072,bovada,Bovada,2026-05-29T00:40:00Z,San Antonio Spurs,Oklahoma City Thunder,,,False
2026-05-28,2026-05-28T14:01:50.033327+00:00,4592479,Julian Champagnie,SAS,pts,OVER,9.5,-132,0.5689655172413793,0.6203133975265409,0.7673631056145354,0.05134788028516157,0.09024778959210222,betrivers,BetRivers,2026-05-29T00:40:00Z,San Antonio Spurs,Oklahoma City Thunder,,,False
2026-05-28,2026-05-28T14:01:50.033327+00:00,4593803,Jalen Williams,OKC,pts,UNDER,13.5,-130,0.5652173913043478,0.6138817164926255,0.7530704810947232,0.04866432518827768,0.08609842148695279,williamhill_us,Caesars,2026-05-29T00:40:00Z,San Antonio Spurs,Oklahoma City Thunder,,,False
2026-05-28,2026-05-28T14:01:50.033327+00:00,4395723,Keldon Johnson,SAS,pts,OVER,6.5,-129,0.5633187772925764,0.6088835351200473,0.741963411377883,0.045564757827470936,0.08088627552318484,betrivers,BetRivers,2026-05-29T00:40:00Z,San Antonio Spurs,Oklahoma City Thunder,,,False
2026-05-28,2026-05-28T14:01:50.033327+00:00,4397020,Luguentz Dort,OKC,pts,OVER,5.5,-105,0.5121951219512195,0.5527339526441071,0.617186561431349,0.04053883069288755,0.07914724087658997,betmgm,BetMGM,2026-05-29T00:40:00Z,San Antonio Spurs,Oklahoma City Thunder,,,False
2026-05-28,2026-05-28T14:01:50.033327+00:00,4066259,De'Aaron Fox,SAS,pts,OVER,17.5,165,0.37735849056603776,0.4064975013503013,0.2922166696673363,0.029139010784263564,0.0772183785782985,bovada,Bovada,2026-05-29T00:40:00Z,San Antonio Spurs,Oklahoma City Thunder,,,False
2026-05-28,2026-05-28T14:01:50.033327+00:00,4845367,Stephon Castle,SAS,pts,OVER,19.5,155,0.39215686274509803,0.42173907571461783,0.3260868349213729,0.029582212969519794,0.07543464307227543,bovada,Bovada,2026-05-29T00:40:00Z,San Antonio Spurs,Oklahoma City Thunder,,,False
2026-05-28,2026-05-28T14:01:50.033327+00:00,4683692,Cason Wallace,OKC,pts,OVER,7.5,-152,0.6031746031746031,0.6477592670824863,0.8283539268499694,0.04458466390788318,0.07391667963675369,betrivers,BetRivers,2026-05-29T00:40:00Z,San Antonio Spurs,Oklahoma City Thunder,,,False
2026-05-28,2026-05-28T14:01:50.033327+00:00,4845367,Stephon Castle,SAS,pts,UNDER,15.5,125,0.4444444444444444,0.47556289203611846,0.44569531563581877,0.031118447591674037,0.0700165070812665,bovada,Bovada,2026-05-29T00:40:00Z,San Antonio Spurs,Oklahoma City Thunder,,,False
2026-05-28,2026-05-28T14:01:50.033327+00:00,5037871,Dylan Harper,SAS,pts,OVER,9.5,-105,0.5121951219512195,0.5479770736498171,0.6066157192218158,0.03578195169859755,0.06986000093535716,betrivers,BetRivers,2026-05-29T00:40:00Z,San Antonio Spurs,Oklahoma City Thunder,,,False
2026-05-28,2026-05-28T14:01:50.033327+00:00,5037871,Dylan Harper,SAS,pts,OVER,9.5,-105,0.5121951219512195,0.5479770736498171,0.6066157192218158,0.03578195169859755,0.06986000093535716,williamhill_us,Caesars,2026-05-29T00:40:00Z,San Antonio Spurs,Oklahoma City Thunder,,,False
2026-05-28,2026-05-28T14:01:50.033327+00:00,5037871,Dylan Harper,SAS,pts,OVER,9.5,-105,0.5121951219512195,0.5479770736498171,0.6066157192218158,0.03578195169859755,0.06986000093535716,bovada,Bovada,2026-05-29T00:40:00Z,San Antonio Spurs,Oklahoma City Thunder,,,False
2026-05-28,2026-05-28T14:01:50.033327+00:00,4593803,Jalen Williams,OKC,pts,UNDER,13.5,-135,0.574468085106383,0.6138817164926255,0.7530704810947232,0.03941363138624243,0.06860891389457024,betmgm,BetMGM,2026-05-29T00:40:00Z,San Antonio Spurs,Oklahoma City Thunder,,,False
2026-05-28,2026-05-28T14:01:50.033327+00:00,4395630,Devin Vassell,SAS,pts,OVER,13.5,-121,0.5475113122171946,0.584816266647834,0.6884805925507422,0.037304954430639414,0.06813549528240764,draftkings,DraftKings,2026-05-29T00:40:00Z,San Antonio Spurs,Oklahoma City Thunder,,,False
2026-05-28,2026-05-28T14:01:50.033327+00:00,4433255,Chet Holmgren,OKC,pts,OVER,16.5,175,0.36363636363636365,0.3882097142373415,0.2515771427496478,0.024573350600977872,0.06757671415268918,bovada,Bovada,2026-05-29T00:40:00Z,San Antonio Spurs,Oklahoma City Thunder,,,False
2026-05-28,2026-05-28T14:01:50.033327+00:00,4278073,Shai Gilgeous-Alexander,OKC,pts,UNDER,32.5,-210,0.6774193548387096,0.7215027322913823,0.9922282939808496,0.044083377452672656,0.06507546195394526,bovada,Bovada,2026-05-29T00:40:00Z,San Antonio Spurs,Oklahoma City Thunder,,,False
2026-05-28,2026-05-28T14:01:50.033327+00:00,5037871,Dylan Harper,SAS,pts,OVER,9.5,-106,0.5145631067961165,0.5479770736498171,0.6066157192218158,0.03341396685370057,0.06493657709304068,fanduel,FanDuel,2026-05-29T00:40:00Z,San Antonio Spurs,Oklahoma City Thunder,,,False
2026-05-28,2026-05-28T14:01:50.033327+00:00,5037871,Dylan Harper,SAS,pts,OVER,9.5,-106,0.5145631067961165,0.5479770736498171,0.6066157192218158,0.03341396685370057,0.06493657709304068,draftkings,DraftKings,2026-05-29T00:40:00Z,San Antonio Spurs,Oklahoma City Thunder,,,False
2026-05-28,2026-05-28T14:01:50.033327+00:00,2991350,Alex Caruso,OKC,pts,OVER,9.5,-150,0.6,0.6387136989117076,0.808252664248239,0.03871369891170762,0.06452283151951266,bovada,Bovada,2026-05-29T00:40:00Z,San Antonio Spurs,Oklahoma City Thunder,,,False
2026-05-28,2026-05-28T14:01:50.033327+00:00,5104157,Victor Wembanyama,SAS,pts,UNDER,30.5,-190,0.6551724137931034,0.6972430680796983,0.9383179290659962,0.042070654286594844,0.0642131039111184,bovada,Bovada,2026-05-29T00:40:00Z,San Antonio Spurs,Oklahoma City Thunder,,,False
2026-05-28,2026-05-28T14:01:50.033327+00:00,4395630,Devin Vassell,SAS,pts,OVER,13.5,-122,0.5495495495495496,0.584816266647834,0.6884805925507422,0.03526671709828444,0.06417386226081279,williamhill_us,Caesars,2026-05-29T00:40:00Z,San Antonio Spurs,Oklahoma City Thunder,,,False
2026-05-28,2026-05-28T14:01:50.033327+00:00,4683778,Jared McCain,OKC,pts,UNDER,11.5,145,0.40816326530612246,0.43427911393284674,0.35395358651743725,0.02611584862672428,0.06398382913547451,bovada,Bovada,2026-05-29T00:40:00Z,San Antonio Spurs,Oklahoma City Thunder,,,False
2026-05-28,2026-05-28T14:01:50.033327+00:00,4222252,Isaiah Hartenstein,OKC,pts,OVER,8.5,110,0.47619047619047616,0.5053983877570474,0.511996417237883,0.02920791156657121,0.06133661428979953,draftkings,DraftKings,2026-05-29T00:40:00Z,San Antonio Spurs,Oklahoma City Thunder,,,False
2026-05-28,2026-05-28T14:01:50.033327+00:00,4222252,Isaiah Hartenstein,OKC,pts,OVER,8.5,110,0.47619047619047616,0.5053983877570474,0.511996417237883,0.02920791156657121,0.06133661428979953,bovada,Bovada,2026-05-29T00:40:00Z,San Antonio Spurs,Oklahoma City Thunder,,,False
2026-05-28,2026-05-28T14:01:50.033327+00:00,4397020,Luguentz Dort,OKC,pts,OVER,4.5,-125,0.5555555555555556,0.5890892149237867,0.6979760331639706,0.03353365936823116,0.060360586862816146,bovada,Bovada,2026-05-29T00:40:00Z,San Antonio Spurs,Oklahoma City Thunder,,,False
2026-05-28,2026-05-28T14:01:50.033327+00:00,4683778,Jared McCain,OKC,pts,OVER,14.5,120,0.45454545454545453,0.4798753948655201,0.4552786552567114,0.02532994032006558,0.0557258687041442,bovada,Bovada,2026-05-29T00:40:00Z,San Antonio Spurs,Oklahoma City Thunder,,,False
2026-05-28,2026-05-28T14:01:50.033327+00:00,4395630,Devin Vassell,SAS,pts,OVER,13.5,-125,0.5555555555555556,0.584816266647834,0.6884805925507422,0.029260711092278457,0.05266927996610127,bovada,Bovada,2026-05-29T00:40:00Z,San Antonio Spurs,Oklahoma City Thunder,,,False
2026-05-28,2026-05-28T14:01:50.033327+00:00,4066259,De'Aaron Fox,SAS,pts,UNDER,13.5,114,0.4672897196261682,0.4878120775296267,0.4729157278436149,0.020522357903458466,0.04391784591340098,betrivers,BetRivers,2026-05-29T00:40:00Z,San Antonio Spurs,Oklahoma City Thunder,,,False
2026-05-28,2026-05-28T14:01:50.033327+00:00,4593803,Jalen Williams,OKC,pts,UNDER,14.5,-160,0.6153846153846154,0.6390392482712159,0.8089761072693689,0.023654632886600524,0.03843877844072591,bovada,Bovada,2026-05-29T00:40:00Z,San Antonio Spurs,Oklahoma City Thunder,,,False
2026-05-28,2026-05-28T14:01:50.033327+00:00,4395630,Devin Vassell,SAS,pts,OVER,13.5,-130,0.5652173913043478,0.584816266647834,0.6884805925507422,0.019598875343486255,0.03467493330001409,betmgm,BetMGM,2026-05-29T00:40:00Z,San Antonio Spurs,Oklahoma City Thunder,,,False
2026-05-28,2026-05-28T14:01:50.033327+00:00,3064560,Luke Kornet,SAS,pts,OVER,1.5,-138,0.5798319327731093,0.5979539462911148,0.7176754362024773,0.018122013518005464,0.031253907371632694,fanduel,FanDuel,2026-05-29T00:40:00Z,San Antonio Spurs,Oklahoma City Thunder,,,False
2026-05-28,2026-05-28T14:01:50.033327+00:00,4433255,Chet Holmgren,OKC,pts,UNDER,13.5,-107,0.5169082125603864,0.5319063352746405,0.570902967276979,0.014998122714254047,0.029015059830379275,betrivers,BetRivers,2026-05-29T00:40:00Z,San Antonio Spurs,Oklahoma City Thunder,,,False
2026-05-28,2026-05-28T14:01:50.033327+00:00,4592479,Julian Champagnie,SAS,pts,OVER,8.5,-165,0.6226415094339622,0.6394764671346473,0.8099477047436606,0.016834957700685105,0.027037962367766954,bovada,Bovada,2026-05-29T00:40:00Z,San Antonio Spurs,Oklahoma City Thunder,,,False
2026-05-28,2026-05-28T14:01:50.033327+00:00,3064560,Luke Kornet,SAS,pts,OVER,1.5,-140,0.5833333333333334,0.5979539462911148,0.7176754362024773,0.014620612957781387,0.025063907927625306,williamhill_us,Caesars,2026-05-29T00:40:00Z,San Antonio Spurs,Oklahoma City Thunder,,,False
2026-05-28,2026-05-28T14:01:50.033327+00:00,4397020,Luguentz Dort,OKC,pts,OVER,4.5,-136,0.576271186440678,0.5890892149237867,0.6979760331639706,0.012818028483108757,0.022243049426571126,fanduel,FanDuel,2026-05-29T00:40:00Z,San Antonio Spurs,Oklahoma City Thunder,,,False
2026-05-28,2026-05-28T14:01:50.033327+00:00,4222252,Isaiah Hartenstein,OKC,pts,UNDER,6.5,140,0.4166666666666667,0.42580724179544804,0.3351272039898845,0.009140575128781359,0.021937380309075216,bovada,Bovada,2026-05-29T00:40:00Z,San Antonio Spurs,Oklahoma City Thunder,,,False
2026-05-28,2026-05-28T14:01:50.033327+00:00,4395630,Devin Vassell,SAS,pts,OVER,13.5,-134,0.5726495726495726,0.584816266647834,0.6884805925507422,0.012166693998261424,0.021246316385023667,betrivers,BetRivers,2026-05-29T00:40:00Z,San Antonio Spurs,Oklahoma City Thunder,,,False
2026-05-28,2026-05-28T14:01:50.033327+00:00,4066259,De'Aaron Fox,SAS,pts,UNDER,14.5,-103,0.5073891625615764,0.5153795337221609,0.534176741604802,0.007990371160584542,0.015748013064064814,draftkings,DraftKings,2026-05-29T00:40:00Z,San Antonio Spurs,Oklahoma City Thunder,,,False
2026-05-28,2026-05-28T14:01:50.033327+00:00,4433255,Chet Holmgren,OKC,pts,UNDER,13.5,-110,0.5238095238095238,0.5319063352746405,0.570902967276979,0.008096811465116649,0.015457549160677264,draftkings,DraftKings,2026-05-29T00:40:00Z,San Antonio Spurs,Oklahoma City Thunder,,,False
2026-05-28,2026-05-28T14:01:50.033327+00:00,4433255,Chet Holmgren,OKC,pts,UNDER,13.5,-110,0.5238095238095238,0.5319063352746405,0.570902967276979,0.008096811465116649,0.015457549160677264,bovada,Bovada,2026-05-29T00:40:00Z,San Antonio Spurs,Oklahoma City Thunder,,,False
2026-05-28,2026-05-28T14:01:50.033327+00:00,4278073,Shai Gilgeous-Alexander,OKC,pts,UNDER,33.5,-250,0.7142857142857143,0.7226494266360387,0.9947765036356415,0.008363712350324404,0.01170919729045422,bovada,Bovada,2026-05-29T00:40:00Z,San Antonio Spurs,Oklahoma City Thunder,,,False
2026-05-28,2026-05-28T14:01:50.033327+00:00,4433255,Chet Holmgren,OKC,pts,OVER,14.5,130,0.43478260869565216,0.43972917435584213,0.36606483190187145,0.004946565660189972,0.01137710101843692,betmgm,BetMGM,2026-05-29T00:40:00Z,San Antonio Spurs,Oklahoma City Thunder,,,False
2026-05-28,2026-05-28T14:01:50.033327+00:00,5104157,Victor Wembanyama,SAS,pts,UNDER,31.5,-230,0.696969696969697,0.7037993421202035,0.9528874269337854,0.006829645150506436,0.009799056085509295,bovada,Bovada,2026-05-29T00:40:00Z,San Antonio Spurs,Oklahoma City Thunder,,,False
2026-05-28,2026-05-28T14:01:50.033327+00:00,4395723,Keldon Johnson,SAS,pts,UNDER,5.5,175,0.36363636363636365,0.36649641114278914,0.203325358095087,0.0028600475064254893,0.007865130642670026,bovada,Bovada,2026-05-29T00:40:00Z,San Antonio Spurs,Oklahoma City Thunder,,,False
2026-05-28,2026-05-28T14:01:50.033327+00:00,5037871,Dylan Harper,SAS,pts,UNDER,7.5,155,0.39215686274509803,0.3946871407657831,0.26597142392396245,0.0025302780206850617,0.006452208952746896,bovada,Bovada,2026-05-29T00:40:00Z,San Antonio Spurs,Oklahoma City Thunder,,,False
2026-05-28,2026-05-28T14:01:50.033327+00:00,4066259,De'Aaron Fox,SAS,pts,UNDER,14.5,-105,0.5121951219512195,0.5153795337221609,0.534176741604802,0.00318441177094142,0.006217184886123717,betmgm,BetMGM,2026-05-29T00:40:00Z,San Antonio Spurs,Oklahoma City Thunder,,,False
2026-05-28,2026-05-28T14:01:50.033327+00:00,4066259,De'Aaron Fox,SAS,pts,UNDER,14.5,-105,0.5121951219512195,0.5153795337221609,0.534176741604802,0.00318441177094142,0.006217184886123717,bovada,Bovada,2026-05-29T00:40:00Z,San Antonio Spurs,Oklahoma City Thunder,,,False
2026-05-28,2026-05-28T14:01:50.033327+00:00,4845367,Stephon Castle,SAS,pts,OVER,18.5,125,0.4444444444444444,0.4462671188972025,0.38059359754933886,0.0018226744527580774,0.004101017518705619,bovada,Bovada,2026-05-29T00:40:00Z,San Antonio Spurs,Oklahoma City Thunder,,,False
2026-05-28,2026-05-28T14:01:50.033327+00:00,4845367,Stephon Castle,SAS,pts,UNDER,16.5,100,0.5,0.5018450400512808,0.5041000890028464,0.001845040051280833,0.003690080102561666,betrivers,BetRivers,2026-05-29T00:40:00Z,San Antonio Spurs,Oklahoma City Thunder,,,False
2026-05-28,2026-05-28T14:01:50.033327+00:00,4222252,Isaiah Hartenstein,OKC,pts,OVER,7.5,-117,0.5391705069124424,0.5405685550276053,0.5901523445057896,0.0013980481151628643,0.0025929610341054454,betrivers,BetRivers,2026-05-29T00:40:00Z,San Antonio Spurs,Oklahoma City Thunder,,,False
2026-05-28,2026-05-28T14:01:50.033327+00:00,5104157,Victor Wembanyama,SAS,ra,UNDER,14.5,140,0.4166666666666667,0.4892532701976334,0.7466057736256064,0.07258660353096674,0.17420784847432014,bovada,Bovada,2026-05-29T00:40:00Z,San Antonio Spurs,Oklahoma City Thunder,,,False
2026-05-28,2026-05-28T14:01:50.033327+00:00,4397020,Luguentz Dort,OKC,ra,OVER,4.5,155,0.39215686274509803,0.4549288629461915,0.6774841363864319,0.06277200020109347,0.16006860051278837,bovada,Bovada,2026-05-29T00:40:00Z,San Antonio Spurs,Oklahoma City Thunder,,,False
2026-05-28,2026-05-28T14:01:50.033327+00:00,5037871,Dylan Harper,SAS,ra,OVER,7.5,150,0.4,0.4625762268152471,0.6844373946147595,0.0625762268152471,0.15644056703811782,bovada,Bovada,2026-05-29T00:40:00Z,San Antonio Spurs,Oklahoma City Thunder,,,False
2026-05-28,2026-05-28T14:01:50.033327+00:00,5104157,Victor Wembanyama,SAS,ra,UNDER,15.5,100,0.5,0.572562004210163,0.8298272918643774,0.07256200421016301,0.14512400842032602,draftkings,DraftKings,2026-05-29T00:40:00Z,San Antonio Spurs,Oklahoma City Thunder,,,False
2026-05-28,2026-05-28T14:01:50.033327+00:00,5104157,Victor Wembanyama,SAS,ra,UNDER,15.5,100,0.5,0.572562004210163,0.8298272918643774,0.07256200421016301,0.14512400842032602,bovada,Bovada,2026-05-29T00:40:00Z,San Antonio Spurs,Oklahoma City Thunder,,,False
2026-05-28,2026-05-28T14:01:50.033327+00:00,5104157,Victor Wembanyama,SAS,ra,UNDER,16.5,-118,0.5412844036697247,0.6186812108840261,0.8930880728256396,0.07739680721430131,0.14298732180269214,betmgm,BetMGM,2026-05-29T00:40:00Z,San Antonio Spurs,Oklahoma City Thunder,,,False
2026-05-28,2026-05-28T14:01:50.033327+00:00,5037871,Dylan Harper,SAS,ra,OVER,6.5,-102,0.504950495049505,0.56911681501594,0.7966155858060278,0.06416631996643507,0.12707447679627337,fanduel,FanDuel,2026-05-29T00:40:00Z,San Antonio Spurs,Oklahoma City Thunder,,,False
2026-05-28,2026-05-28T14:01:50.033327+00:00,5037871,Dylan Harper,SAS,ra,OVER,6.5,-105,0.5121951219512195,0.5747676239992774,0.7966155858060278,0.06257250204805787,0.12216536114144627,bovada,Bovada,2026-05-29T00:40:00Z,San Antonio Spurs,Oklahoma City Thunder,,,False
2026-05-28,2026-05-28T14:01:50.033327+00:00,5104157,Victor Wembanyama,SAS,ra,UNDER,16.5,-136,0.576271186440678,0.6459709014453695,0.8930880728256396,0.06969971500469152,0.1209495054493177,fanduel,FanDuel,2026-05-29T00:40:00Z,San Antonio Spurs,Oklahoma City Thunder,,,False
2026-05-28,2026-05-28T14:01:50.033327+00:00,5037871,Dylan Harper,SAS,ra,OVER,6.5,-107,0.5169082125603864,0.5784438346744275,0.7966155858060278,0.061535622114041066,0.11904554932342515,draftkings,DraftKings,2026-05-29T00:40:00Z,San Antonio Spurs,Oklahoma City Thunder,,,False
2026-05-28,2026-05-28T14:01:50.033327+00:00,4278073,Shai Gilgeous-Alexander,OKC,ra,UNDER,10.5,145,0.40816326530612246,0.4539369199937567,0.6162253320680962,0.045773654687634224,0.11214545398470377,bovada,Bovada,2026-05-29T00:40:00Z,San Antonio Spurs,Oklahoma City Thunder,,,False
2026-05-28,2026-05-28T14:01:50.033327+00:00,5104157,Victor Wembanyama,SAS,ra,UNDER,16.5,-145,0.5918367346938775,0.6581120290828653,0.8930880728256396,0.06627529438898772,0.11198239396759996,bovada,Bovada,2026-05-29T00:40:00Z,San Antonio Spurs,Oklahoma City Thunder,,,False
2026-05-28,2026-05-28T14:01:50.033327+00:00,4278073,Shai Gilgeous-Alexander,OKC,ra,UNDER,11.5,104,0.49019607843137253,0.5434517822645147,0.7322674594911098,0.05325570383314221,0.10864163581961006,fanduel,FanDuel,2026-05-29T00:40:00Z,San Antonio Spurs,Oklahoma City Thunder,,,False
2026-05-28,2026-05-28T14:01:50.033327+00:00,4397020,Luguentz Dort,OKC,ra,OVER,3.5,-125,0.5555555555555556,0.6116727141294365,0.8106335490731961,0.05611715857388089,0.10101088543298564,bovada,Bovada,2026-05-29T00:40:00Z,San Antonio Spurs,Oklahoma City Thunder,,,False
2026-05-28,2026-05-28T14:01:50.033327+00:00,4592479,Julian Champagnie,SAS,ra,OVER,7.5,115,0.46511627906976744,0.5119601876732358,0.6780431363582602,0.046843908603468376,0.10071440349745697,bovada,Bovada,2026-05-29T00:40:00Z,San Antonio Spurs,Oklahoma City Thunder,,,False
2026-05-28,2026-05-28T14:01:50.033327+00:00,4397020,Luguentz Dort,OKC,ra,OVER,3.5,-126,0.5575221238938053,0.6132066374332713,0.8106335490731961,0.05568451353946602,0.09987857190412153,draftkings,DraftKings,2026-05-29T00:40:00Z,San Antonio Spurs,Oklahoma City Thunder,,,False
2026-05-28,2026-05-28T14:01:50.033327+00:00,4278073,Shai Gilgeous-Alexander,OKC,ra,UNDER,11.5,-103,0.5073891625615764,0.5568623878860738,0.7322674594911098,0.04947322532449738,0.09750548292109684,draftkings,DraftKings,2026-05-29T00:40:00Z,San Antonio Spurs,Oklahoma City Thunder,,,False
2026-05-28,2026-05-28T14:01:50.033327+00:00,4278073,Shai Gilgeous-Alexander,OKC,ra,UNDER,11.5,-105,0.5121951219512195,0.5606110362099954,0.7322674594911098,0.048415914258775894,0.09452630879094337,betmgm,BetMGM,2026-05-29T00:40:00Z,San Antonio Spurs,Oklahoma City Thunder,,,False
2026-05-28,2026-05-28T14:01:50.033327+00:00,4278073,Shai Gilgeous-Alexander,OKC,ra,UNDER,11.5,-105,0.5121951219512195,0.5606110362099954,0.7322674594911098,0.048415914258775894,0.09452630879094337,bovada,Bovada,2026-05-29T00:40:00Z,San Antonio Spurs,Oklahoma City Thunder,,,False
2026-05-28,2026-05-28T14:01:50.033327+00:00,2991350,Alex Caruso,OKC,ra,OVER,6.5,170,0.37037037037037035,0.40396482612203677,0.5230724419688539,0.03359445575166642,0.0907050305294993,bovada,Bovada,2026-05-29T00:40:00Z,San Antonio Spurs,Oklahoma City Thunder,,,False
2026-05-28,2026-05-28T14:01:50.033327+00:00,4683692,Cason Wallace,OKC,ra,OVER,6.5,115,0.46511627906976744,0.5040455356535017,0.642067445359469,0.038929256583734306,0.08369790165502866,bovada,Bovada,2026-05-29T00:40:00Z,San Antonio Spurs,Oklahoma City Thunder,,,False
2026-05-28,2026-05-28T14:01:50.033327+00:00,2991350,Alex Caruso,OKC,ra,OVER,5.5,104,0.49019607843137253,0.5304638855881624,0.6732315655076898,0.04026780715678985,0.08214632659985122,fanduel,FanDuel,2026-05-29T00:40:00Z,San Antonio Spurs,Oklahoma City Thunder,,,False
2026-05-28,2026-05-28T14:01:50.033327+00:00,4683778,Jared McCain,OKC,ra,OVER,5.5,160,0.38461538461538464,0.4159066866284806,0.5268485755840029,0.03129130201309599,0.08135738523404967,bovada,Bovada,2026-05-29T00:40:00Z,San Antonio Spurs,Oklahoma City Thunder,,,False
2026-05-28,2026-05-28T14:01:50.033327+00:00,4683692,Cason Wallace,OKC,ra,OVER,5.5,-130,0.5652173913043478,0.6095407929613408,0.7666873988361341,0.044323401656993,0.07841832600852605,fanduel,FanDuel,2026-05-29T00:40:00Z,San Antonio Spurs,Oklahoma City Thunder,,,False
2026-05-28,2026-05-28T14:01:50.033327+00:00,4592479,Julian Champagnie,SAS,ra,OVER,7.5,100,0.5,0.5391694899988172,0.6780431363582602,0.0391694899988172,0.0783389799976344,betmgm,BetMGM,2026-05-29T00:40:00Z,San Antonio Spurs,Oklahoma City Thunder,,,False
2026-05-28,2026-05-28T14:01:50.033327+00:00,4395630,Devin Vassell,SAS,ra,OVER,7.5,120,0.45454545454545453,0.4895294335122886,0.6135635407583369,0.034983978966834084,0.07696475372703493,bovada,Bovada,2026-05-29T00:40:00Z,San Antonio Spurs,Oklahoma City Thunder,,,False
2026-05-28,2026-05-28T14:01:50.033327+00:00,2991350,Alex Caruso,OKC,ra,OVER,5.5,100,0.5,0.5381109444116917,0.6732315655076898,0.038110944411691716,0.07622188882338343,draftkings,DraftKings,2026-05-29T00:40:00Z,San Antonio Spurs,Oklahoma City Thunder,,,False
2026-05-28,2026-05-28T14:01:50.033327+00:00,2991350,Alex Caruso,OKC,ra,OVER,5.5,100,0.5,0.5381109444116917,0.6732315655076898,0.038110944411691716,0.07622188882338343,bovada,Bovada,2026-05-29T00:40:00Z,San Antonio Spurs,Oklahoma City Thunder,,,False
2026-05-28,2026-05-28T14:01:50.033327+00:00,4278073,Shai Gilgeous-Alexander,OKC,ra,UNDER,12.5,-160,0.6153846153846154,0.6620194302225777,0.8273610464662624,0.04663481483796228,0.07578157411168873,bovada,Bovada,2026-05-29T00:40:00Z,San Antonio Spurs,Oklahoma City Thunder,,,False
2026-05-28,2026-05-28T14:01:50.033327+00:00,5037871,Dylan Harper,SAS,ra,OVER,5.5,-190,0.6551724137931034,0.704812552242132,0.8808094067432333,0.04964013844902859,0.07576652710641202,bovada,Bovada,2026-05-29T00:40:00Z,San Antonio Spurs,Oklahoma City Thunder,,,False
2026-05-28,2026-05-28T14:01:50.033327+00:00,4395723,Keldon Johnson,SAS,ra,OVER,4.5,130,0.43478260869565216,0.4676014355474677,0.5839590943857227,0.03281882685181553,0.07548330175917572,bovada,Bovada,2026-05-29T00:40:00Z,San Antonio Spurs,Oklahoma City Thunder,,,False
2026-05-28,2026-05-28T14:01:50.033327+00:00,4592479,Julian Champagnie,SAS,ra,OVER,6.5,-144,0.5901639344262295,0.6342088928306242,0.7903682908098421,0.04404495840439471,0.07463173507411319,draftkings,DraftKings,2026-05-29T00:40:00Z,San Antonio Spurs,Oklahoma City Thunder,,,False
2026-05-28,2026-05-28T14:01:50.033327+00:00,4592479,Julian Champagnie,SAS,ra,OVER,6.5,-145,0.5918367346938775,0.6355136770393898,0.7903682908098421,0.043676942345512226,0.07379897154931375,bovada,Bovada,2026-05-29T00:40:00Z,San Antonio Spurs,Oklahoma City Thunder,,,False
2026-05-28,2026-05-28T14:01:50.033327+00:00,4395630,Devin Vassell,SAS,ra,OVER,6.5,-125,0.5555555555555556,0.5951029093552924,0.7353162546452683,0.03954735379973684,0.07118523683952638,fanduel,FanDuel,2026-05-29T00:40:00Z,San Antonio Spurs,Oklahoma City Thunder,,,False
2026-05-28,2026-05-28T14:01:50.033327+00:00,4592479,Julian Champagnie,SAS,ra,OVER,6.5,-152,0.6031746031746031,0.6443572144543557,0.7903682908098421,0.041182611279752535,0.068276434490116,fanduel,FanDuel,2026-05-29T00:40:00Z,San Antonio Spurs,Oklahoma City Thunder,,,False
2026-05-28,2026-05-28T14:01:50.033327+00:00,4683778,Jared McCain,OKC,ra,OVER,4.5,-115,0.5348837209302325,0.5692599374237112,0.6911392504460444,0.03437621649347866,0.06426857866172087,bovada,Bovada,2026-05-29T00:40:00Z,San Antonio Spurs,Oklahoma City Thunder,,,False
2026-05-28,2026-05-28T14:01:50.033327+00:00,4683778,Jared McCain,OKC,ra,OVER,4.5,-117,0.5391705069124424,0.5726036304898349,0.6911392504460444,0.033433123577392476,0.06200844287430912,draftkings,DraftKings,2026-05-29T00:40:00Z,San Antonio Spurs,Oklahoma City Thunder,,,False
2026-05-28,2026-05-28T14:01:50.033327+00:00,4395630,Devin Vassell,SAS,ra,OVER,6.5,-135,0.574468085106383,0.6098546824049378,0.7353162546452683,0.035386597298554756,0.06159889159378057,bovada,Bovada,2026-05-29T00:40:00Z,San Antonio Spurs,Oklahoma City Thunder,,,False
2026-05-28,2026-05-28T14:01:50.033327+00:00,4683692,Cason Wallace,OKC,ra,OVER,5.5,-150,0.6,0.6366712277439495,0.7666873988361341,0.036671227743949486,0.06111871290658244,draftkings,DraftKings,2026-05-29T00:40:00Z,San Antonio Spurs,Oklahoma City Thunder,,,False
2026-05-28,2026-05-28T14:01:50.033327+00:00,4683692,Cason Wallace,OKC,ra,OVER,5.5,-150,0.6,0.6366712277439495,0.7666873988361341,0.036671227743949486,0.06111871290658244,bovada,Bovada,2026-05-29T00:40:00Z,San Antonio Spurs,Oklahoma City Thunder,,,False
2026-05-28,2026-05-28T14:01:50.033327+00:00,4395630,Devin Vassell,SAS,ra,OVER,6.5,-137,0.5780590717299579,0.6126556519713261,0.7353162546452683,0.03459658024136825,0.05984955851973933,draftkings,DraftKings,2026-05-29T00:40:00Z,San Antonio Spurs,Oklahoma City Thunder,,,False
2026-05-28,2026-05-28T14:01:50.033327+00:00,4845367,Stephon Castle,SAS,ra,UNDER,12.5,-120,0.5454545454545454,0.5757246541616703,0.6830459486687492,0.030270108707124876,0.05549519929639557,betmgm,BetMGM,2026-05-29T00:40:00Z,San Antonio Spurs,Oklahoma City Thunder,,,False
2026-05-28,2026-05-28T14:01:50.033327+00:00,4845367,Stephon Castle,SAS,ra,UNDER,11.5,120,0.45454545454545453,0.47974499202269655,0.5690888067147364,0.025199537477242018,0.055438982449932395,bovada,Bovada,2026-05-29T00:40:00Z,San Antonio Spurs,Oklahoma City Thunder,,,False
2026-05-28,2026-05-28T14:01:50.033327+00:00,4395723,Keldon Johnson,SAS,ra,OVER,3.5,-150,0.6,0.6327541269218967,0.7488823950995306,0.03275412692189672,0.05459021153649446,bovada,Bovada,2026-05-29T00:40:00Z,San Antonio Spurs,Oklahoma City Thunder,,,False
2026-05-28,2026-05-28T14:01:50.033327+00:00,4395723,Keldon Johnson,SAS,ra,OVER,3.5,-153,0.6047430830039525,0.6364537316649796,0.7488823950995306,0.03171064866102713,0.05243656281856113,draftkings,DraftKings,2026-05-29T00:40:00Z,San Antonio Spurs,Oklahoma City Thunder,,,False
2026-05-28,2026-05-28T14:01:50.033327+00:00,4845367,Stephon Castle,SAS,ra,UNDER,10.5,175,0.36363636363636365,0.38242198023956314,0.44902553001454315,0.018785616603199495,0.05166044565879868,bovada,Bovada,2026-05-29T00:40:00Z,San Antonio Spurs,Oklahoma City Thunder,,,False
2026-05-28,2026-05-28T14:01:50.033327+00:00,2991350,Alex Caruso,OKC,ra,OVER,4.5,-185,0.6491228070175439,0.682206122737531,0.7995015148356673,0.03308331571998713,0.0509661890821424,bovada,Bovada,2026-05-29T00:40:00Z,San Antonio Spurs,Oklahoma City Thunder,,,False
2026-05-28,2026-05-28T14:01:50.033327+00:00,4845367,Stephon Castle,SAS,ra,UNDER,12.5,-125,0.5555555555555556,0.5836034420404582,0.6830459486687492,0.02804788648490264,0.05048619567282481,bovada,Bovada,2026-05-29T00:40:00Z,San Antonio Spurs,Oklahoma City Thunder,,,False
2026-05-28,2026-05-28T14:01:50.033327+00:00,4397020,Luguentz Dort,OKC,ra,OVER,2.5,-280,0.7368421052631579,0.7734328799824908,0.9031638085328532,0.03659077471933292,0.04965890854766608,bovada,Bovada,2026-05-29T00:40:00Z,San Antonio Spurs,Oklahoma City Thunder,,,False
2026-05-28,2026-05-28T14:01:50.033327+00:00,4395630,Devin Vassell,SAS,ra,OVER,6.5,-150,0.6,0.629769576021959,0.7353162546452683,0.029769576021959065,0.049615960036598405,betmgm,BetMGM,2026-05-29T00:40:00Z,San Antonio Spurs,Oklahoma City Thunder,,,False
2026-05-28,2026-05-28T14:01:50.033327+00:00,4845367,Stephon Castle,SAS,ra,UNDER,12.5,-128,0.5614035087719298,0.5881648455492301,0.6830459486687492,0.026761336777300304,0.0476686311345661,draftkings,DraftKings,2026-05-29T00:40:00Z,San Antonio Spurs,Oklahoma City Thunder,,,False
2026-05-28,2026-05-28T14:01:50.033327+00:00,4592479,Julian Champagnie,SAS,ra,OVER,5.5,-260,0.7222222222222222,0.7559606788575017,0.8755788432916746,0.03373845663527952,0.04671478611038704,bovada,Bovada,2026-05-29T00:40:00Z,San Antonio Spurs,Oklahoma City Thunder,,,False
2026-05-28,2026-05-28T14:01:50.033327+00:00,4593803,Jalen Williams,OKC,ra,UNDER,7.5,-141,0.5850622406639004,0.6106164729525156,0.7012178419757877,0.025554232288615197,0.043677801287633156,draftkings,DraftKings,2026-05-29T00:40:00Z,San Antonio Spurs,Oklahoma City Thunder,,,False
2026-05-28,2026-05-28T14:01:50.033327+00:00,4593803,Jalen Williams,OKC,ra,UNDER,7.5,-145,0.5918367346938775,0.6159005782958978,0.7012178419757877,0.024063843602020296,0.040659597810310144,bovada,Bovada,2026-05-29T00:40:00Z,San Antonio Spurs,Oklahoma City Thunder,,,False
2026-05-28,2026-05-28T14:01:50.033327+00:00,4683778,Jared McCain,OKC,ra,OVER,3.5,-230,0.696969696969697,0.7249218879856765,0.8240251106786947,0.027952191015979455,0.04010531754466623,bovada,Bovada,2026-05-29T00:40:00Z,San Antonio Spurs,Oklahoma City Thunder,,,False
2026-05-28,2026-05-28T14:01:50.033327+00:00,4593803,Jalen Williams,OKC,ra,UNDER,6.5,115,0.46511627906976744,0.4834020107257699,0.5482332411425059,0.018285731656002446,0.039314323060405276,bovada,Bovada,2026-05-29T00:40:00Z,San Antonio Spurs,Oklahoma City Thunder,,,False
2026-05-28,2026-05-28T14:01:50.033327+00:00,4395630,Devin Vassell,SAS,ra,OVER,5.5,-245,0.7101449275362319,0.7373508763939587,0.8338083314349898,0.02720594885772676,0.03831041777924793,bovada,Bovada,2026-05-29T00:40:00Z,San Antonio Spurs,Oklahoma City Thunder,,,False
2026-05-28,2026-05-28T14:01:50.033327+00:00,4593803,Jalen Williams,OKC,ra,UNDER,5.5,200,0.3333333333333333,0.34527799556192157,0.38762725255418906,0.011944662228588254,0.03583398668576476,bovada,Bovada,2026-05-29T00:40:00Z,San Antonio Spurs,Oklahoma City Thunder,,,False
2026-05-28,2026-05-28T14:01:50.033327+00:00,4593803,Jalen Williams,OKC,ra,UNDER,7.5,-152,0.6031746031746031,0.6247441157108637,0.7012178419757877,0.021569512536260604,0.03575998131011626,fanduel,FanDuel,2026-05-29T00:40:00Z,San Antonio Spurs,Oklahoma City Thunder,,,False
2026-05-28,2026-05-28T14:01:50.033327+00:00,4683692,Cason Wallace,OKC,ra,OVER,4.5,-290,0.7435897435897436,0.7697669776461991,0.8625771711190867,0.026177234056455445,0.03520386648971602,bovada,Bovada,2026-05-29T00:40:00Z,San Antonio Spurs,Oklahoma City Thunder,,,False
2026-05-28,2026-05-28T14:01:50.033327+00:00,4845367,Stephon Castle,SAS,ra,UNDER,12.5,-144,0.5901639344262295,0.6105979775595839,0.6830459486687492,0.020434043133354396,0.034624350864850495,fanduel,FanDuel,2026-05-29T00:40:00Z,San Antonio Spurs,Oklahoma City Thunder,,,False
2026-05-28,2026-05-28T14:01:50.033327+00:00,4593803,Jalen Williams,OKC,ra,UNDER,6.5,110,0.47619047619047616,0.4920398844799227,0.5482332411425059,0.01584940828944653,0.03328375740783773,betmgm,BetMGM,2026-05-29T00:40:00Z,San Antonio Spurs,Oklahoma City Thunder,,,False
2026-05-28,2026-05-28T14:01:50.033327+00:00,4222252,Isaiah Hartenstein,OKC,ra,OVER,10.5,-130,0.5652173913043478,0.5721515771442552,0.5967364178493815,0.0069341858399074585,0.01226817494752852,betmgm,BetMGM,2026-05-29T00:40:00Z,San Antonio Spurs,Oklahoma City Thunder,,,False
2026-05-28,2026-05-28T14:01:50.033327+00:00,4066259,De'Aaron Fox,SAS,ra,UNDER,10.5,-150,0.6,0.6036539243107384,0.616608746866993,0.00365392431073841,0.006089873851230609,bovada,Bovada,2026-05-29T00:40:00Z,San Antonio Spurs,Oklahoma City Thunder,,,False
2026-05-28,2026-05-28T14:01:50.033327+00:00,4433255,Chet Holmgren,OKC,ra,OVER,8.5,-145,0.5918367346938775,0.5946590156728987,0.6046652845985193,0.0028222809790211523,0.0047686816542081845,betmgm,BetMGM,2026-05-29T00:40:00Z,San Antonio Spurs,Oklahoma City Thunder,,,False
2026-05-28,2026-05-28T14:01:50.033327+00:00,4222252,Isaiah Hartenstein,OKC,ra,OVER,9.5,-230,0.696969696969697,0.6983991534384553,0.7034672263731434,0.00142945646875825,0.0020509592812619215,bovada,Bovada,2026-05-29T00:40:00Z,San Antonio Spurs,Oklahoma City Thunder,,,False
2026-05-28,2026-05-28T14:01:50.033327+00:00,4222252,Isaiah Hartenstein,OKC,ra,OVER,10.5,-145,0.5918367346938775,0.5929146649880884,0.5967364178493815,0.0010779302942108826,0.0018213304971149702,bovada,Bovada,2026-05-29T00:40:00Z,San Antonio Spurs,Oklahoma City Thunder,,,False
2026-05-28,2026-05-28T14:01:50.033327+00:00,5104157,Victor Wembanyama,SAS,reb,UNDER,10.5,190,0.3448275862068966,0.391204587081687,0.6540075920388326,0.04637700087479041,0.13449330253689218,bovada,Bovada,2026-05-29T00:40:00Z,San Antonio Spurs,Oklahoma City Thunder,,,False
2026-05-28,2026-05-28T14:01:50.033327+00:00,5037871,Dylan Harper,SAS,reb,OVER,4.5,150,0.4,0.44976987057833256,0.7317991371888838,0.04976987057833254,0.12442467644583144,bovada,Bovada,2026-05-29T00:40:00Z,San Antonio Spurs,Oklahoma City Thunder,,,False
2026-05-28,2026-05-28T14:01:50.033327+00:00,4683692,Cason Wallace,OKC,reb,OVER,4.5,215,0.31746031746031744,0.35387220424718313,0.5602062293727555,0.03641188678686569,0.11469744337862686,bovada,Bovada,2026-05-29T00:40:00Z,San Antonio Spurs,Oklahoma City Thunder,,,False
2026-05-28,2026-05-28T14:01:50.033327+00:00,5104157,Victor Wembanyama,SAS,reb,UNDER,12.5,102,0.49504950495049505,0.5492885004301379,0.8566428081481139,0.05423899547964284,0.10956277086887856,betrivers,BetRivers,2026-05-29T00:40:00Z,San Antonio Spurs,Oklahoma City Thunder,,,False
2026-05-28,2026-05-28T14:01:50.033327+00:00,5104157,Victor Wembanyama,SAS,reb,UNDER,11.5,125,0.4444444444444444,0.492908348368268,0.7675371372699351,0.048463903923823604,0.10904378382860302,bovada,Bovada,2026-05-29T00:40:00Z,San Antonio Spurs,Oklahoma City Thunder,,,False
2026-05-28,2026-05-28T14:01:50.033327+00:00,5104157,Victor Wembanyama,SAS,reb,UNDER,12.5,-106,0.5145631067961165,0.5658750619989161,0.8566428081481139,0.05131195520279963,0.09971946011110111,fanduel,FanDuel,2026-05-29T00:40:00Z,San Antonio Spurs,Oklahoma City Thunder,,,False
2026-05-28,2026-05-28T14:01:50.033327+00:00,5104157,Victor Wembanyama,SAS,reb,UNDER,12.5,-110,0.5238095238095238,0.5737345164603124,0.8566428081481139,0.049924992650788536,0.09531134960605092,betmgm,BetMGM,2026-05-29T00:40:00Z,San Antonio Spurs,Oklahoma City Thunder,,,False
2026-05-28,2026-05-28T14:01:50.033327+00:00,4397020,Luguentz Dort,OKC,reb,OVER,3.5,175,0.36363636363636365,0.39657005218050095,0.5831942872639456,0.03293368854413731,0.09056764349637758,bovada,Bovada,2026-05-29T00:40:00Z,San Antonio Spurs,Oklahoma City Thunder,,,False
2026-05-28,2026-05-28T14:01:50.033327+00:00,5104157,Victor Wembanyama,SAS,reb,UNDER,12.5,-115,0.5348837209302325,0.5831475840129147,0.8566428081481139,0.04826386308268216,0.09023243967631867,fanatics,Fanatics,2026-05-29T00:40:00Z,San Antonio Spurs,Oklahoma City Thunder,,,False
2026-05-28,2026-05-28T14:01:50.033327+00:00,4683692,Cason Wallace,OKC,reb,OVER,3.5,122,0.45045045045045046,0.4910832496913351,0.7213357787230147,0.04063279924088464,0.0902048143147639,fanduel,FanDuel,2026-05-29T00:40:00Z,San Antonio Spurs,Oklahoma City Thunder,,,False
2026-05-28,2026-05-28T14:01:50.033327+00:00,4683778,Jared McCain,OKC,reb,OVER,3.5,150,0.4,0.43526624065968067,0.6351082710645378,0.03526624065968065,0.08816560164920173,bovada,Bovada,2026-05-29T00:40:00Z,San Antonio Spurs,Oklahoma City Thunder,,,False
2026-05-28,2026-05-28T14:01:50.033327+00:00,5104157,Victor Wembanyama,SAS,reb,UNDER,12.5,-118,0.5412844036697247,0.5885881643414831,0.8566428081481139,0.047303760671758344,0.08739169344443481,draftkings,DraftKings,2026-05-29T00:40:00Z,San Antonio Spurs,Oklahoma City Thunder,,,False
2026-05-28,2026-05-28T14:01:50.033327+00:00,5104157,Victor Wembanyama,SAS,reb,UNDER,12.5,-118,0.5412844036697247,0.5885881643414831,0.8566428081481139,0.047303760671758344,0.08739169344443481,williamhill_us,Caesars,2026-05-29T00:40:00Z,San Antonio Spurs,Oklahoma City Thunder,,,False
2026-05-28,2026-05-28T14:01:50.033327+00:00,5104157,Victor Wembanyama,SAS,reb,UNDER,12.5,-120,0.5454545454545454,0.5921327848585807,0.8566428081481139,0.04667823940403526,0.08557677224073124,bovada,Bovada,2026-05-29T00:40:00Z,San Antonio Spurs,Oklahoma City Thunder,,,False
2026-05-28,2026-05-28T14:01:50.033327+00:00,5037871,Dylan Harper,SAS,reb,OVER,3.5,-120,0.5454545454545454,0.5917968680393357,0.8544033626864805,0.04634232258479032,0.0849609247387822,betmgm,BetMGM,2026-05-29T00:40:00Z,San Antonio Spurs,Oklahoma City Thunder,,,False
2026-05-28,2026-05-28T14:01:50.033327+00:00,5037871,Dylan Harper,SAS,reb,OVER,3.5,-124,0.5535714285714286,0.5986962186886864,0.8544033626864805,0.045124790117257785,0.08151574988923987,betrivers,BetRivers,2026-05-29T00:40:00Z,San Antonio Spurs,Oklahoma City Thunder,,,False
2026-05-28,2026-05-28T14:01:50.033327+00:00,4066259,De'Aaron Fox,SAS,reb,OVER,4.5,135,0.425531914893617,0.4597468608489721,0.6536315545959842,0.03421494595535507,0.08040512299508451,bovada,Bovada,2026-05-29T00:40:00Z,San Antonio Spurs,Oklahoma City Thunder,,,False
2026-05-28,2026-05-28T14:01:50.033327+00:00,4683692,Cason Wallace,OKC,reb,OVER,3.5,110,0.47619047619047616,0.5129622715703569,0.7213357787230147,0.036771795379880734,0.07722077029774954,williamhill_us,Caesars,2026-05-29T00:40:00Z,San Antonio Spurs,Oklahoma City Thunder,,,False
2026-05-28,2026-05-28T14:01:50.033327+00:00,5037871,Dylan Harper,SAS,reb,OVER,3.5,-132,0.5689655172413793,0.6117811940581446,0.8544033626864805,0.042815676816765236,0.07525179561734502,fanduel,FanDuel,2026-05-29T00:40:00Z,San Antonio Spurs,Oklahoma City Thunder,,,False
2026-05-28,2026-05-28T14:01:50.033327+00:00,5037871,Dylan Harper,SAS,reb,OVER,3.5,-135,0.574468085106383,0.6164583767433977,0.8544033626864805,0.04199029163701462,0.07309421136813665,bovada,Bovada,2026-05-29T00:40:00Z,San Antonio Spurs,Oklahoma City Thunder,,,False
2026-05-28,2026-05-28T14:01:50.033327+00:00,4683692,Cason Wallace,OKC,reb,OVER,3.5,106,0.4854368932038835,0.5208217260317531,0.7213357787230147,0.03538483282786964,0.07289275562541153,betrivers,BetRivers,2026-05-29T00:40:00Z,San Antonio Spurs,Oklahoma City Thunder,,,False
2026-05-28,2026-05-28T14:01:50.033327+00:00,4683692,Cason Wallace,OKC,reb,OVER,3.5,106,0.4854368932038835,0.5208217260317531,0.7213357787230147,0.03538483282786964,0.07289275562541153,draftkings,DraftKings,2026-05-29T00:40:00Z,San Antonio Spurs,Oklahoma City Thunder,,,False
2026-05-28,2026-05-28T14:01:50.033327+00:00,5037871,Dylan Harper,SAS,reb,OVER,3.5,-136,0.576271186440678,0.6179910128775483,0.8544033626864805,0.04171982643687033,0.07239616940515742,draftkings,DraftKings,2026-05-29T00:40:00Z,San Antonio Spurs,Oklahoma City Thunder,,,False
2026-05-28,2026-05-28T14:01:50.033327+00:00,4683692,Cason Wallace,OKC,reb,OVER,3.5,105,0.4878048780487805,0.5228345131499156,0.7213357787230147,0.035029635101135104,0.071810751957327,betmgm,BetMGM,2026-05-29T00:40:00Z,San Antonio Spurs,Oklahoma City Thunder,,,False
2026-05-28,2026-05-28T14:01:50.033327+00:00,4683692,Cason Wallace,OKC,reb,OVER,3.5,105,0.4878048780487805,0.5228345131499156,0.7213357787230147,0.035029635101135104,0.071810751957327,bovada,Bovada,2026-05-29T00:40:00Z,San Antonio Spurs,Oklahoma City Thunder,,,False
2026-05-28,2026-05-28T14:01:50.033327+00:00,5037871,Dylan Harper,SAS,reb,OVER,3.5,-137,0.5780590717299579,0.6195107153734363,0.8544033626864805,0.04145164364347842,0.07170831783579851,williamhill_us,Caesars,2026-05-29T00:40:00Z,San Antonio Spurs,Oklahoma City Thunder,,,False
2026-05-28,2026-05-28T14:01:50.033327+00:00,4683778,Jared McCain,OKC,reb,OVER,2.5,-121,0.5475113122171946,0.5858757531529967,0.8032742517892082,0.03836444093580205,0.07007059046952285,betrivers,BetRivers,2026-05-29T00:40:00Z,San Antonio Spurs,Oklahoma City Thunder,,,False
2026-05-28,2026-05-28T14:01:50.033327+00:00,5104157,Victor Wembanyama,SAS,reb,UNDER,13.5,-180,0.6428571428571429,0.68431404272187,0.9192364752886573,0.041456899864727115,0.06448851090068669,bovada,Bovada,2026-05-29T00:40:00Z,San Antonio Spurs,Oklahoma City Thunder,,,False
2026-05-28,2026-05-28T14:01:50.033327+00:00,4066259,De'Aaron Fox,SAS,reb,OVER,3.5,-129,0.5633187772925764,0.5986323654824242,0.7987426985582281,0.035313588189847755,0.06268846275562118,betrivers,BetRivers,2026-05-29T00:40:00Z,San Antonio Spurs,Oklahoma City Thunder,,,False
2026-05-28,2026-05-28T14:01:50.033327+00:00,2991350,Alex Caruso,OKC,reb,OVER,3.5,145,0.40816326530612246,0.43345902446870366,0.5768016597233305,0.0252957591625812,0.06197460994832393,bovada,Bovada,2026-05-29T00:40:00Z,San Antonio Spurs,Oklahoma City Thunder,,,False
2026-05-28,2026-05-28T14:01:50.033327+00:00,4593803,Jalen Williams,OKC,reb,OVER,4.5,180,0.35714285714285715,0.3787433412419419,0.5011460844700888,0.02160048409908477,0.06048135547743738,bovada,Bovada,2026-05-29T00:40:00Z,San Antonio Spurs,Oklahoma City Thunder,,,False
2026-05-28,2026-05-28T14:01:50.033327+00:00,4066259,De'Aaron Fox,SAS,reb,OVER,3.5,-143,0.588477366255144,0.6200171661006066,0.7987426985582281,0.031539799845462624,0.05359560393319868,williamhill_us,Caesars,2026-05-29T00:40:00Z,San Antonio Spurs,Oklahoma City Thunder,,,False
2026-05-28,2026-05-28T14:01:50.033327+00:00,4397020,Luguentz Dort,OKC,reb,OVER,2.5,-129,0.5633187772925764,0.5931156802113741,0.7619647967512275,0.029796902918797663,0.052895277274454755,draftkings,DraftKings,2026-05-29T00:40:00Z,San Antonio Spurs,Oklahoma City Thunder,,,False
2026-05-28,2026-05-28T14:01:50.033327+00:00,4397020,Luguentz Dort,OKC,reb,OVER,2.5,-130,0.5652173913043478,0.5947295021213798,0.7619647967512275,0.029512110817031978,0.05221373452244116,bovada,Bovada,2026-05-29T00:40:00Z,San Antonio Spurs,Oklahoma City Thunder,,,False
2026-05-28,2026-05-28T14:01:50.033327+00:00,4397020,Luguentz Dort,OKC,reb,OVER,2.5,-132,0.5689655172413793,0.5979154091678566,0.7619647967512275,0.028949891926477234,0.050881628234414555,fanduel,FanDuel,2026-05-29T00:40:00Z,San Antonio Spurs,Oklahoma City Thunder,,,False
2026-05-28,2026-05-28T14:01:50.033327+00:00,4683778,Jared McCain,OKC,reb,OVER,2.5,-150,0.6,0.6304911377683812,0.8032742517892082,0.030491137768381193,0.050818562947301915,bovada,Bovada,2026-05-29T00:40:00Z,San Antonio Spurs,Oklahoma City Thunder,,,False
2026-05-28,2026-05-28T14:01:50.033327+00:00,4066259,De'Aaron Fox,SAS,reb,OVER,3.5,-148,0.5967741935483871,0.6270694692998633,0.7987426985582281,0.03029527575147617,0.050765056664635766,draftkings,DraftKings,2026-05-29T00:40:00Z,San Antonio Spurs,Oklahoma City Thunder,,,False
2026-05-28,2026-05-28T14:01:50.033327+00:00,4066259,De'Aaron Fox,SAS,reb,OVER,3.5,-150,0.6,0.6298114047837342,0.7987426985582281,0.02981140478373423,0.049685674639556976,bovada,Bovada,2026-05-29T00:40:00Z,San Antonio Spurs,Oklahoma City Thunder,,,False
2026-05-28,2026-05-28T14:01:50.033327+00:00,4683778,Jared McCain,OKC,reb,OVER,2.5,-153,0.6047430830039525,0.6345227583217409,0.8032742517892082,0.029779675317788357,0.04924351539477412,draftkings,DraftKings,2026-05-29T00:40:00Z,San Antonio Spurs,Oklahoma City Thunder,,,False
2026-05-28,2026-05-28T14:01:50.033327+00:00,4395630,Devin Vassell,SAS,reb,OVER,4.5,100,0.5,0.5245168466561049,0.6634456443740323,0.024516846656104874,0.04903369331220975,fanduel,FanDuel,2026-05-29T00:40:00Z,San Antonio Spurs,Oklahoma City Thunder,,,False
2026-05-28,2026-05-28T14:01:50.033327+00:00,4395630,Devin Vassell,SAS,reb,OVER,4.5,100,0.5,0.5245168466561049,0.6634456443740323,0.024516846656104874,0.04903369331220975,betrivers,BetRivers,2026-05-29T00:40:00Z,San Antonio Spurs,Oklahoma City Thunder,,,False
2026-05-28,2026-05-28T14:01:50.033327+00:00,2991350,Alex Caruso,OKC,reb,OVER,3.5,130,0.43478260869565216,0.4560854663498039,0.5768016597233305,0.02130285765415174,0.04899657260454904,betmgm,BetMGM,2026-05-29T00:40:00Z,San Antonio Spurs,Oklahoma City Thunder,,,False
2026-05-28,2026-05-28T14:01:50.033327+00:00,4066259,De'Aaron Fox,SAS,reb,OVER,3.5,-152,0.6031746031746031,0.6325098174821469,0.7987426985582281,0.02933521430754371,0.048634697404611904,fanduel,FanDuel,2026-05-29T00:40:00Z,San Antonio Spurs,Oklahoma City Thunder,,,False
2026-05-28,2026-05-28T14:01:50.033327+00:00,4683778,Jared McCain,OKC,reb,OVER,2.5,-155,0.6078431372549019,0.6371578044350479,0.8032742517892082,0.02931466718014597,0.04822735568346587,betmgm,BetMGM,2026-05-29T00:40:00Z,San Antonio Spurs,Oklahoma City Thunder,,,False
2026-05-28,2026-05-28T14:01:50.033327+00:00,4066259,De'Aaron Fox,SAS,reb,OVER,3.5,-155,0.6078431372549019,0.6364780714504008,0.7987426985582281,0.028634934195498896,0.04710908528936908,betmgm,BetMGM,2026-05-29T00:40:00Z,San Antonio Spurs,Oklahoma City Thunder,,,False
2026-05-28,2026-05-28T14:01:50.033327+00:00,4593803,Jalen Williams,OKC,reb,OVER,3.5,-110,0.5238095238095238,0.5479855030186592,0.6849827185370928,0.02417597920913539,0.04615414212653124,bovada,Bovada,2026-05-29T00:40:00Z,San Antonio Spurs,Oklahoma City Thunder,,,False
2026-05-28,2026-05-28T14:01:50.033327+00:00,5104157,Victor Wembanyama,SAS,reb,UNDER,14.5,-275,0.7333333333333333,0.7671218095280932,0.9585898412983991,0.03378847619475989,0.04607519481103617,bovada,Bovada,2026-05-29T00:40:00Z,San Antonio Spurs,Oklahoma City Thunder,,,False
2026-05-28,2026-05-28T14:01:50.033327+00:00,3064560,Luke Kornet,SAS,reb,OVER,2.5,116,0.46296296296296297,0.4840950196712146,0.6038433410179738,0.021132056708251634,0.04564524248982349,betrivers,BetRivers,2026-05-29T00:40:00Z,San Antonio Spurs,Oklahoma City Thunder,,,False
2026-05-28,2026-05-28T14:01:50.033327+00:00,4397020,Luguentz Dort,OKC,reb,OVER,2.5,-141,0.5850622406639004,0.6115976240769995,0.7619647967512275,0.026535383413099023,0.04535480427345301,betrivers,BetRivers,2026-05-29T00:40:00Z,San Antonio Spurs,Oklahoma City Thunder,,,False
2026-05-28,2026-05-28T14:01:50.033327+00:00,4593803,Jalen Williams,OKC,reb,OVER,3.5,-112,0.5283018867924528,0.5518040115541488,0.6849827185370928,0.023502124761695997,0.044486164727496,draftkings,DraftKings,2026-05-29T00:40:00Z,San Antonio Spurs,Oklahoma City Thunder,,,False
2026-05-28,2026-05-28T14:01:50.033327+00:00,4593803,Jalen Williams,OKC,reb,OVER,3.5,-114,0.5327102803738317,0.5555511460983209,0.6849827185370928,0.02284086572448918,0.042876712851233956,fanduel,FanDuel,2026-05-29T00:40:00Z,San Antonio Spurs,Oklahoma City Thunder,,,False
2026-05-28,2026-05-28T14:01:50.033327+00:00,4593803,Jalen Williams,OKC,reb,OVER,3.5,-114,0.5327102803738317,0.5555511460983209,0.6849827185370928,0.02284086572448918,0.042876712851233956,williamhill_us,Caesars,2026-05-29T00:40:00Z,San Antonio Spurs,Oklahoma City Thunder,,,False
2026-05-28,2026-05-28T14:01:50.033327+00:00,3064560,Luke Kornet,SAS,reb,OVER,2.5,111,0.47393364928909953,0.49342010304843065,0.6038433410179738,0.019486453759331113,0.041116417432188745,draftkings,DraftKings,2026-05-29T00:40:00Z,San Antonio Spurs,Oklahoma City Thunder,,,False
2026-05-28,2026-05-28T14:01:50.033327+00:00,4397020,Luguentz Dort,OKC,reb,OVER,2.5,-150,0.6,0.6242947195126841,0.7619647967512275,0.024294719512684138,0.04049119918780686,betmgm,BetMGM,2026-05-29T00:40:00Z,San Antonio Spurs,Oklahoma City Thunder,,,False
2026-05-28,2026-05-28T14:01:50.033327+00:00,3064560,Luke Kornet,SAS,reb,OVER,2.5,110,0.47619047619047616,0.4953384059146008,0.6038433410179738,0.019147929724124657,0.0402106524206618,betmgm,BetMGM,2026-05-29T00:40:00Z,San Antonio Spurs,Oklahoma City Thunder,,,False
2026-05-28,2026-05-28T14:01:50.033327+00:00,3064560,Luke Kornet,SAS,reb,OVER,2.5,110,0.47619047619047616,0.4953384059146008,0.6038433410179738,0.019147929724124657,0.0402106524206618,bovada,Bovada,2026-05-29T00:40:00Z,San Antonio Spurs,Oklahoma City Thunder,,,False
2026-05-28,2026-05-28T14:01:50.033327+00:00,4395630,Devin Vassell,SAS,reb,OVER,5.5,150,0.4,0.4160175541253488,0.5067836941689919,0.016017554125348776,0.040043885313371996,bovada,Bovada,2026-05-29T00:40:00Z,San Antonio Spurs,Oklahoma City Thunder,,,False
2026-05-28,2026-05-28T14:01:50.033327+00:00,4395630,Devin Vassell,SAS,reb,OVER,4.5,-111,0.5260663507109005,0.5466732447603703,0.6634456443740323,0.020606894049469804,0.03917166346340656,betmgm,BetMGM,2026-05-29T00:40:00Z,San Antonio Spurs,Oklahoma City Thunder,,,False
2026-05-28,2026-05-28T14:01:50.033327+00:00,4395630,Devin Vassell,SAS,reb,OVER,4.5,-112,0.5283018867924528,0.5485734504296897,0.6634456443740323,0.020271563637236922,0.03837117402762702,williamhill_us,Caesars,2026-05-29T00:40:00Z,San Antonio Spurs,Oklahoma City Thunder,,,False
2026-05-28,2026-05-28T14:01:50.033327+00:00,4593803,Jalen Williams,OKC,reb,OVER,3.5,-120,0.5454545454545454,0.5663837714169275,0.6849827185370928,0.020929225962382114,0.03837024759770047,betrivers,BetRivers,2026-05-29T00:40:00Z,San Antonio Spurs,Oklahoma City Thunder,,,False
2026-05-28,2026-05-28T14:01:50.033327+00:00,4845367,Stephon Castle,SAS,reb,OVER,5.5,112,0.4716981132075472,0.48964693243098206,0.5913569080304465,0.017948819223434886,0.038051496753682024,betrivers,BetRivers,2026-05-29T00:40:00Z,San Antonio Spurs,Oklahoma City Thunder,,,False
2026-05-28,2026-05-28T14:01:50.033327+00:00,4395723,Keldon Johnson,SAS,reb,OVER,3.5,124,0.44642857142857145,0.46337659941980186,0.559415424703441,0.016948027991230408,0.03796358270035616,williamhill_us,Caesars,2026-05-29T00:40:00Z,San Antonio Spurs,Oklahoma City Thunder,,,False
2026-05-28,2026-05-28T14:01:50.033327+00:00,2991350,Alex Caruso,OKC,reb,OVER,2.5,-159,0.6138996138996139,0.6361942205613937,0.7625303249781463,0.022294606661779848,0.03631637185786779,draftkings,DraftKings,2026-05-29T00:40:00Z,San Antonio Spurs,Oklahoma City Thunder,,,False
2026-05-28,2026-05-28T14:01:50.033327+00:00,2991350,Alex Caruso,OKC,reb,OVER,2.5,-160,0.6153846153846154,0.6374564718236451,0.7625303249781463,0.022071856439029647,0.03586676671342326,bovada,Bovada,2026-05-29T00:40:00Z,San Antonio Spurs,Oklahoma City Thunder,,,False
2026-05-28,2026-05-28T14:01:50.033327+00:00,2991350,Alex Caruso,OKC,reb,OVER,2.5,-162,0.6183206106870229,0.6399520678306915,0.7625303249781463,0.021631457143668542,0.03498420846692074,fanduel,FanDuel,2026-05-29T00:40:00Z,San Antonio Spurs,Oklahoma City Thunder,,,False
2026-05-28,2026-05-28T14:01:50.033327+00:00,4683692,Cason Wallace,OKC,reb,OVER,2.5,-220,0.6875,0.7113712702910023,0.8466418019400158,0.023871270291002333,0.034721847696003394,bovada,Bovada,2026-05-29T00:40:00Z,San Antonio Spurs,Oklahoma City Thunder,,,False
2026-05-28,2026-05-28T14:01:50.033327+00:00,4395723,Keldon Johnson,SAS,reb,OVER,3.5,120,0.45454545454545453,0.4702759500691525,0.559415424703441,0.015730495523697985,0.03460709015213548,draftkings,DraftKings,2026-05-29T00:40:00Z,San Antonio Spurs,Oklahoma City Thunder,,,False
2026-05-28,2026-05-28T14:01:50.033327+00:00,4395723,Keldon Johnson,SAS,reb,OVER,3.5,120,0.45454545454545453,0.4702759500691525,0.559415424703441,0.015730495523697985,0.03460709015213548,bovada,Bovada,2026-05-29T00:40:00Z,San Antonio Spurs,Oklahoma City Thunder,,,False
2026-05-28,2026-05-28T14:01:50.033327+00:00,4592479,Julian Champagnie,SAS,reb,OVER,5.5,-114,0.5327102803738317,0.5510102250563018,0.654709911590299,0.018299944682470093,0.03435252773726827,fanduel,FanDuel,2026-05-29T00:40:00Z,San Antonio Spurs,Oklahoma City Thunder,,,False
2026-05-28,2026-05-28T14:01:50.033327+00:00,4845367,Stephon Castle,SAS,reb,OVER,5.5,107,0.4830917874396135,0.49933155552823844,0.5913569080304465,0.01623976808862493,0.0336163199434536,williamhill_us,Caesars,2026-05-29T00:40:00Z,San Antonio Spurs,Oklahoma City Thunder,,,False
2026-05-28,2026-05-28T14:01:50.033327+00:00,4592479,Julian Champagnie,SAS,reb,OVER,5.5,-115,0.5348837209302325,0.5528576495292424,0.654709911590299,0.017973928599009925,0.033603431728583655,betrivers,BetRivers,2026-05-29T00:40:00Z,San Antonio Spurs,Oklahoma City Thunder,,,False
2026-05-28,2026-05-28T14:01:50.033327+00:00,2991350,Alex Caruso,OKC,reb,OVER,2.5,-167,0.6254681647940075,0.6460274888216283,0.7625303249781463,0.02055932402762084,0.032870296499249996,betrivers,BetRivers,2026-05-29T00:40:00Z,San Antonio Spurs,Oklahoma City Thunder,,,False
2026-05-28,2026-05-28T14:01:50.033327+00:00,4592479,Julian Champagnie,SAS,reb,OVER,6.5,145,0.40816326530612246,0.4215021432863586,0.4970891185076969,0.013338877980236141,0.03268025105157857,bovada,Bovada,2026-05-29T00:40:00Z,San Antonio Spurs,Oklahoma City Thunder,,,False
2026-05-28,2026-05-28T14:01:50.033327+00:00,4845367,Stephon Castle,SAS,reb,OVER,5.5,105,0.4878048780487805,0.5033376825460304,0.5913569080304465,0.015532804497249919,0.031842249219362295,betmgm,BetMGM,2026-05-29T00:40:00Z,San Antonio Spurs,Oklahoma City Thunder,,,False
2026-05-28,2026-05-28T14:01:50.033327+00:00,4593803,Jalen Williams,OKC,reb,OVER,3.5,-130,0.5652173913043478,0.5831821903892596,0.6849827185370928,0.017964799084911776,0.031783875304074616,betmgm,BetMGM,2026-05-29T00:40:00Z,San Antonio Spurs,Oklahoma City Thunder,,,False
2026-05-28,2026-05-28T14:01:50.033327+00:00,4592479,Julian Champagnie,SAS,reb,OVER,5.5,-118,0.5412844036697247,0.5582982298578109,0.654709911590299,0.017013826188086112,0.03143232295765053,betmgm,BetMGM,2026-05-29T00:40:00Z,San Antonio Spurs,Oklahoma City Thunder,,,False
2026-05-28,2026-05-28T14:01:50.033327+00:00,4845367,Stephon Castle,SAS,reb,OVER,5.5,104,0.49019607843137253,0.5053702028712336,0.5913569080304465,0.015174124439861048,0.030955213857316477,fanduel,FanDuel,2026-05-29T00:40:00Z,San Antonio Spurs,Oklahoma City Thunder,,,False
2026-05-28,2026-05-28T14:01:50.033327+00:00,4592479,Julian Champagnie,SAS,reb,OVER,5.5,-119,0.54337899543379,0.5600786328572663,0.654709911590299,0.016699637423476354,0.030732946182700227,draftkings,DraftKings,2026-05-29T00:40:00Z,San Antonio Spurs,Oklahoma City Thunder,,,False
2026-05-28,2026-05-28T14:01:50.033327+00:00,4395723,Keldon Johnson,SAS,reb,OVER,3.5,115,0.46511627906976744,0.47926115091481847,0.559415424703441,0.014144871845051032,0.030411474466859656,betmgm,BetMGM,2026-05-29T00:40:00Z,San Antonio Spurs,Oklahoma City Thunder,,,False
2026-05-28,2026-05-28T14:01:50.033327+00:00,4592479,Julian Champagnie,SAS,reb,OVER,5.5,-120,0.5454545454545454,0.5618428503749084,0.654709911590299,0.016388304920363028,0.030045225687332144,bovada,Bovada,2026-05-29T00:40:00Z,San Antonio Spurs,Oklahoma City Thunder,,,False
2026-05-28,2026-05-28T14:01:50.033327+00:00,4395630,Devin Vassell,SAS,reb,OVER,4.5,-124,0.5535714285714286,0.5700525609418191,0.6634456443740323,0.016481132370390505,0.029772368152963524,draftkings,DraftKings,2026-05-29T00:40:00Z,San Antonio Spurs,Oklahoma City Thunder,,,False
2026-05-28,2026-05-28T14:01:50.033327+00:00,4592479,Julian Champagnie,SAS,reb,OVER,5.5,-121,0.5475113122171946,0.5635911021231603,0.654709911590299,0.016079789905965702,0.029368872472879615,williamhill_us,Caesars,2026-05-29T00:40:00Z,San Antonio Spurs,Oklahoma City Thunder,,,False
2026-05-28,2026-05-28T14:01:50.033327+00:00,4395630,Devin Vassell,SAS,reb,OVER,4.5,-125,0.5555555555555556,0.571739068878327,0.6634456443740323,0.01618351332277146,0.029130323980988693,bovada,Bovada,2026-05-29T00:40:00Z,San Antonio Spurs,Oklahoma City Thunder,,,False
2026-05-28,2026-05-28T14:01:50.033327+00:00,4278073,Shai Gilgeous-Alexander,OKC,reb,OVER,4.5,155,0.39215686274509803,0.4035020652005774,0.4677915457816272,0.011345202455479375,0.028930266261472437,bovada,Bovada,2026-05-29T00:40:00Z,San Antonio Spurs,Oklahoma City Thunder,,,False
2026-05-28,2026-05-28T14:01:50.033327+00:00,4278073,Shai Gilgeous-Alexander,OKC,reb,OVER,3.5,-125,0.5555555555555556,0.5708698192788437,0.6576506470441434,0.015314263723288146,0.02756567470191873,fanduel,FanDuel,2026-05-29T00:40:00Z,San Antonio Spurs,Oklahoma City Thunder,,,False
2026-05-28,2026-05-28T14:01:50.033327+00:00,4845367,Stephon Castle,SAS,reb,OVER,5.5,100,0.5,0.513703536204567,0.5913569080304465,0.01370353620456699,0.02740707240913398,draftkings,DraftKings,2026-05-29T00:40:00Z,San Antonio Spurs,Oklahoma City Thunder,,,False
2026-05-28,2026-05-28T14:01:50.033327+00:00,4845367,Stephon Castle,SAS,reb,OVER,5.5,100,0.5,0.513703536204567,0.5913569080304465,0.01370353620456699,0.02740707240913398,bovada,Bovada,2026-05-29T00:40:00Z,San Antonio Spurs,Oklahoma City Thunder,,,False
2026-05-28,2026-05-28T14:01:50.033327+00:00,4845367,Stephon Castle,SAS,reb,OVER,6.5,175,0.36363636363636365,0.37354487954839155,0.42969313638321616,0.009908515912027904,0.02724841875807682,bovada,Bovada,2026-05-29T00:40:00Z,San Antonio Spurs,Oklahoma City Thunder,,,False
2026-05-28,2026-05-28T14:01:50.033327+00:00,4395723,Keldon Johnson,SAS,reb,OVER,2.5,-175,0.6363636363636364,0.6534739442374842,0.750432355522622,0.01711030787384782,0.02688762665890365,betrivers,BetRivers,2026-05-29T00:40:00Z,San Antonio Spurs,Oklahoma City Thunder,,,False
2026-05-28,2026-05-28T14:01:50.033327+00:00,4278073,Shai Gilgeous-Alexander,OKC,reb,OVER,3.5,-127,0.5594713656387665,0.5741982578495731,0.6576506470441434,0.014726892210806586,0.026322870329551995,betrivers,BetRivers,2026-05-29T00:40:00Z,San Antonio Spurs,Oklahoma City Thunder,,,False
2026-05-28,2026-05-28T14:01:50.033327+00:00,4278073,Shai Gilgeous-Alexander,OKC,reb,OVER,3.5,-127,0.5594713656387665,0.5741982578495731,0.6576506470441434,0.014726892210806586,0.026322870329551995,williamhill_us,Caesars,2026-05-29T00:40:00Z,San Antonio Spurs,Oklahoma City Thunder,,,False
2026-05-28,2026-05-28T14:01:50.033327+00:00,4278073,Shai Gilgeous-Alexander,OKC,reb,OVER,3.5,-129,0.5633187772925764,0.5774685577553115,0.6576506470441434,0.014149780462735073,0.02511860252687076,draftkings,DraftKings,2026-05-29T00:40:00Z,San Antonio Spurs,Oklahoma City Thunder,,,False
2026-05-28,2026-05-28T14:01:50.033327+00:00,4278073,Shai Gilgeous-Alexander,OKC,reb,OVER,3.5,-130,0.5652173913043478,0.5790823796653172,0.6576506470441434,0.013864988360969388,0.02453036402325348,bovada,Bovada,2026-05-29T00:40:00Z,San Antonio Spurs,Oklahoma City Thunder,,,False
2026-05-28,2026-05-28T14:01:50.033327+00:00,4395723,Keldon Johnson,SAS,reb,OVER,2.5,-182,0.6453900709219859,0.6611464136120813,0.750432355522622,0.015756342690095404,0.024413673838499572,fanduel,FanDuel,2026-05-29T00:40:00Z,San Antonio Spurs,Oklahoma City Thunder,,,False
2026-05-28,2026-05-28T14:01:50.033327+00:00,4395723,Keldon Johnson,SAS,reb,OVER,2.5,-190,0.6551724137931034,0.6694614050525312,0.750432355522622,0.01428899125942773,0.021809512974915957,bovada,Bovada,2026-05-29T00:40:00Z,San Antonio Spurs,Oklahoma City Thunder,,,False
2026-05-28,2026-05-28T14:01:50.033327+00:00,4593803,Jalen Williams,OKC,reb,OVER,2.5,-275,0.7333333333333333,0.7480724360492019,0.8315940181057913,0.014739102715868646,0.02009877643072988,bovada,Bovada,2026-05-29T00:40:00Z,San Antonio Spurs,Oklahoma City Thunder,,,False
2026-05-28,2026-05-28T14:01:50.033327+00:00,3064560,Luke Kornet,SAS,reb,OVER,1.5,-250,0.7142857142857143,0.7279803505927941,0.8055832896662459,0.013694636307079788,0.019172490829911737,bovada,Bovada,2026-05-29T00:40:00Z,San Antonio Spurs,Oklahoma City Thunder,,,False
2026-05-28,2026-05-28T14:01:50.033327+00:00,4845367,Stephon Castle,SAS,reb,OVER,4.5,-190,0.6551724137931034,0.6676960195861424,0.73866311908003,0.012523605793039017,0.019114977263059496,bovada,Bovada,2026-05-29T00:40:00Z,San Antonio Spurs,Oklahoma City Thunder,,,False
2026-05-28,2026-05-28T14:01:50.033327+00:00,4592479,Julian Champagnie,SAS,reb,OVER,4.5,-240,0.7058823529411765,0.7183706283145542,0.7891375220970278,0.01248827537337771,0.01769172344561848,bovada,Bovada,2026-05-29T00:40:00Z,San Antonio Spurs,Oklahoma City Thunder,,,False
2026-05-28,2026-05-28T14:01:50.033327+00:00,4278073,Shai Gilgeous-Alexander,OKC,reb,OVER,3.5,-145,0.5918367346938775,0.6017088215464175,0.6576506470441434,0.00987208685253993,0.016680422612912305,betmgm,BetMGM,2026-05-29T00:40:00Z,San Antonio Spurs,Oklahoma City Thunder,,,False
2026-05-28,2026-05-28T14:01:50.033327+00:00,4395630,Devin Vassell,SAS,reb,OVER,3.5,-260,0.7222222222222222,0.7332611462134079,0.7958150488301268,0.011038923991185667,0.015284663987795544,bovada,Bovada,2026-05-29T00:40:00Z,San Antonio Spurs,Oklahoma City Thunder,,,False
2026-05-28,2026-05-28T14:01:50.033327+00:00,4433255,Chet Holmgren,OKC,reb,UNDER,8.5,-150,0.6,0.609025543785459,0.6601702919030605,0.009025543785459056,0.015042572975765056,bovada,Bovada,2026-05-29T00:40:00Z,San Antonio Spurs,Oklahoma City Thunder,,,False
2026-05-28,2026-05-28T14:01:50.033327+00:00,4433255,Chet Holmgren,OKC,reb,UNDER,9.5,-250,0.7142857142857143,0.7249749913851842,0.7855475616155136,0.010689277099469874,0.014964987939257879,bovada,Bovada,2026-05-29T00:40:00Z,San Antonio Spurs,Oklahoma City Thunder,,,False
2026-05-28,2026-05-28T14:01:50.033327+00:00,4433255,Chet Holmgren,OKC,reb,UNDER,7.5,110,0.47619047619047616,0.48184329860078423,0.5138759589258631,0.005652822410308067,0.011870927061646941,draftkings,DraftKings,2026-05-29T00:40:00Z,San Antonio Spurs,Oklahoma City Thunder,,,False
2026-05-28,2026-05-28T14:01:50.033327+00:00,4433255,Chet Holmgren,OKC,reb,UNDER,7.5,110,0.47619047619047616,0.48184329860078423,0.5138759589258631,0.005652822410308067,0.011870927061646941,betmgm,BetMGM,2026-05-29T00:40:00Z,San Antonio Spurs,Oklahoma City Thunder,,,False
2026-05-28,2026-05-28T14:01:50.033327+00:00,4433255,Chet Holmgren,OKC,reb,UNDER,7.5,110,0.47619047619047616,0.48184329860078423,0.5138759589258631,0.005652822410308067,0.011870927061646941,bovada,Bovada,2026-05-29T00:40:00Z,San Antonio Spurs,Oklahoma City Thunder,,,False
2026-05-28,2026-05-28T14:01:50.033327+00:00,4433255,Chet Holmgren,OKC,reb,UNDER,7.5,108,0.4807692307692308,0.4857352399927256,0.5138759589258631,0.004966009223494827,0.010329299184869356,betrivers,BetRivers,2026-05-29T00:40:00Z,San Antonio Spurs,Oklahoma City Thunder,,,False
2026-05-28,2026-05-28T14:01:50.033327+00:00,4433255,Chet Holmgren,OKC,reb,UNDER,6.5,190,0.3448275862068966,0.34795356924774967,0.3656674731459171,0.0031259830408530975,0.009065350818474038,bovada,Bovada,2026-05-29T00:40:00Z,San Antonio Spurs,Oklahoma City Thunder,,,False
2026-05-28,2026-05-28T14:01:50.033327+00:00,4433255,Chet Holmgren,OKC,reb,UNDER,7.5,104,0.49019607843137253,0.4937480605055461,0.5138759589258631,0.0035519820741735653,0.007246043431314075,fanduel,FanDuel,2026-05-29T00:40:00Z,San Antonio Spurs,Oklahoma City Thunder,,,False
2026-05-28,2026-05-28T14:01:50.033327+00:00,4433255,Chet Holmgren,OKC,reb,UNDER,7.5,103,0.49261083743842365,0.49580060566153955,0.5138759589258631,0.0031897682231158964,0.0064752294929253384,williamhill_us,Caesars,2026-05-29T00:40:00Z,San Antonio Spurs,Oklahoma City Thunder,,,False
2026-05-28,2026-05-28T14:01:50.033327+00:00,4222252,Isaiah Hartenstein,OKC,reb,OVER,7.5,-145,0.5918367346938775,0.5924855188603152,0.5961619624701286,0.0006487841664376548,0.0010962215226015815,bovada,Bovada,2026-05-29T00:40:00Z,San Antonio Spurs,Oklahoma City Thunder,,,False
2026-05-28,2026-05-28T14:01:50.033327+00:00,4222252,Isaiah Hartenstein,OKC,reb,OVER,7.5,-146,0.5934959349593496,0.5938958390859664,0.5961619624701286,0.0003999041266168346,0.0006738110626557381,draftkings,DraftKings,2026-05-29T00:40:00Z,San Antonio Spurs,Oklahoma City Thunder,,,False
2026-05-28,2026-05-28T14:01:50.033327+00:00,4683692,Cason Wallace,OKC,stl,UNDER,1.5,120,0.45454545454545453,0.656877564276791,0.656877564276791,0.20233210973133647,0.4451306414089402,bovada,Bovada,2026-05-29T00:40:00Z,San Antonio Spurs,Oklahoma City Thunder,,,False
2026-05-28,2026-05-28T14:01:50.033327+00:00,4683692,Cason Wallace,OKC,stl,UNDER,1.5,118,0.45871559633027525,0.656877564276791,0.656877564276791,0.19816196794651575,0.43199309012340437,draftkings,DraftKings,2026-05-29T00:40:00Z,San Antonio Spurs,Oklahoma City Thunder,,,False
2026-05-28,2026-05-28T14:01:50.033327+00:00,4683692,Cason Wallace,OKC,stl,UNDER,1.5,116,0.46296296296296297,0.656877564276791,0.656877564276791,0.19391460131382804,0.4188555388378685,fanduel,FanDuel,2026-05-29T00:40:00Z,San Antonio Spurs,Oklahoma City Thunder,,,False
2026-05-28,2026-05-28T14:01:50.033327+00:00,5104157,Victor Wembanyama,SAS,stl,UNDER,1.5,-219,0.6865203761755486,0.9051139326756446,0.9051139326756446,0.21859355650009593,0.31840796586087033,draftkings,DraftKings,2026-05-29T00:40:00Z,San Antonio Spurs,Oklahoma City Thunder,,,False
2026-05-28,2026-05-28T14:01:50.033327+00:00,5104157,Victor Wembanyama,SAS,stl,UNDER,1.5,-220,0.6875,0.9051139326756446,0.9051139326756446,0.21761393267564455,0.31652935661911935,bovada,Bovada,2026-05-29T00:40:00Z,San Antonio Spurs,Oklahoma City Thunder,,,False
2026-05-28,2026-05-28T14:01:50.033327+00:00,5104157,Victor Wembanyama,SAS,stl,UNDER,1.5,-245,0.7101449275362319,0.9051139326756446,0.9051139326756446,0.19496900513941262,0.2745481909106015,fanduel,FanDuel,2026-05-29T00:40:00Z,San Antonio Spurs,Oklahoma City Thunder,,,False
2026-05-28,2026-05-28T14:01:50.033327+00:00,4066259,De'Aaron Fox,SAS,stl,UNDER,0.5,178,0.3597122302158273,0.44137214206864295,0.44137214206864295,0.08165991185281563,0.22701455495082745,fanduel,FanDuel,2026-05-29T00:40:00Z,San Antonio Spurs,Oklahoma City Thunder,,,False
2026-05-28,2026-05-28T14:01:50.033327+00:00,4683692,Cason Wallace,OKC,stl,UNDER,2.5,-290,0.7435897435897436,0.9104270371546311,0.9104270371546311,0.16683729356488752,0.22436739479415913,bovada,Bovada,2026-05-29T00:40:00Z,San Antonio Spurs,Oklahoma City Thunder,,,False
2026-05-28,2026-05-28T14:01:50.033327+00:00,4278073,Shai Gilgeous-Alexander,OKC,stl,UNDER,1.5,-160,0.6153846153846154,0.7449568824379005,0.7449568824379005,0.12957226705328506,0.2105549339615883,bovada,Bovada,2026-05-29T00:40:00Z,San Antonio Spurs,Oklahoma City Thunder,,,False
2026-05-28,2026-05-28T14:01:50.033327+00:00,4278073,Shai Gilgeous-Alexander,OKC,stl,UNDER,1.5,-161,0.6168582375478927,0.7449568824379005,0.7449568824379005,0.12809864489000777,0.20766302059808706,draftkings,DraftKings,2026-05-29T00:40:00Z,San Antonio Spurs,Oklahoma City Thunder,,,False
2026-05-28,2026-05-28T14:01:50.033327+00:00,4845367,Stephon Castle,SAS,stl,UNDER,0.5,178,0.3597122302158273,0.4342451005817498,0.4342451005817498,0.07453287036592249,0.20720137961726448,fanduel,FanDuel,2026-05-29T00:40:00Z,San Antonio Spurs,Oklahoma City Thunder,,,False
2026-05-28,2026-05-28T14:01:50.033327+00:00,4278073,Shai Gilgeous-Alexander,OKC,stl,UNDER,1.5,-168,0.6268656716417911,0.7449568824379005,0.7449568824379005,0.1180912107961094,0.18838359817474598,fanduel,FanDuel,2026-05-29T00:40:00Z,San Antonio Spurs,Oklahoma City Thunder,,,False
2026-05-28,2026-05-28T14:01:50.033327+00:00,2991350,Alex Caruso,OKC,stl,UNDER,1.5,-141,0.5850622406639004,0.6828114763079944,0.6828114763079944,0.09774923564409399,0.1670749346824586,draftkings,DraftKings,2026-05-29T00:40:00Z,San Antonio Spurs,Oklahoma City Thunder,,,False
2026-05-28,2026-05-28T14:01:50.033327+00:00,4395630,Devin Vassell,SAS,stl,UNDER,0.5,178,0.3597122302158273,0.41554247216797147,0.41554247216797147,0.055830241952144144,0.15520807262696068,fanduel,FanDuel,2026-05-29T00:40:00Z,San Antonio Spurs,Oklahoma City Thunder,,,False
2026-05-28,2026-05-28T14:01:50.033327+00:00,2991350,Alex Caruso,OKC,stl,UNDER,1.5,-145,0.5918367346938775,0.6828114763079944,0.6828114763079944,0.0909747416141169,0.153715942727301,bovada,Bovada,2026-05-29T00:40:00Z,San Antonio Spurs,Oklahoma City Thunder,,,False
2026-05-28,2026-05-28T14:01:50.033327+00:00,4683692,Cason Wallace,OKC,threes,OVER,1.5,125,0.4444444444444444,0.7121778376197554,0.7121778376197554,0.267733393175311,0.6024001346444496,draftkings,DraftKings,2026-05-29T00:40:00Z,San Antonio Spurs,Oklahoma City Thunder,,,False
2026-05-28,2026-05-28T14:01:50.033327+00:00,4683692,Cason Wallace,OKC,threes,OVER,1.5,125,0.4444444444444444,0.7121778376197554,0.7121778376197554,0.267733393175311,0.6024001346444496,bovada,Bovada,2026-05-29T00:40:00Z,San Antonio Spurs,Oklahoma City Thunder,,,False
2026-05-28,2026-05-28T14:01:50.033327+00:00,4683692,Cason Wallace,OKC,threes,OVER,1.5,121,0.45248868778280543,0.7121778376197554,0.7121778376197554,0.25968914983694996,0.5739130211396594,williamhill_us,Caesars,2026-05-29T00:40:00Z,San Antonio Spurs,Oklahoma City Thunder,,,False
2026-05-28,2026-05-28T14:01:50.033327+00:00,4683692,Cason Wallace,OKC,threes,OVER,1.5,120,0.45454545454545453,0.7121778376197554,0.7121778376197554,0.25763238307430086,0.5667912427634618,betmgm,BetMGM,2026-05-29T00:40:00Z,San Antonio Spurs,Oklahoma City Thunder,,,False
2026-05-28,2026-05-28T14:01:50.033327+00:00,4683692,Cason Wallace,OKC,threes,OVER,1.5,118,0.45871559633027525,0.7121778376197554,0.7121778376197554,0.25346224128948014,0.5525476860110667,fanduel,FanDuel,2026-05-29T00:40:00Z,San Antonio Spurs,Oklahoma City Thunder,,,False
2026-05-28,2026-05-28T14:01:50.033327+00:00,4683692,Cason Wallace,OKC,threes,OVER,1.5,100,0.5,0.7121778376197554,0.7121778376197554,0.2121778376197554,0.4243556752395108,betrivers,BetRivers,2026-05-29T00:40:00Z,San Antonio Spurs,Oklahoma City Thunder,,,False
2026-05-28,2026-05-28T14:01:50.033327+00:00,4845367,Stephon Castle,SAS,threes,OVER,1.5,115,0.46511627906976744,0.6205171067750614,0.6205171067750614,0.155400827705294,0.33411177956638205,bovada,Bovada,2026-05-29T00:40:00Z,San Antonio Spurs,Oklahoma City Thunder,,,False
2026-05-28,2026-05-28T14:01:50.033327+00:00,4845367,Stephon Castle,SAS,threes,OVER,1.5,114,0.4672897196261682,0.6205171067750614,0.6205171067750614,0.15322738714889322,0.3279066084986314,draftkings,DraftKings,2026-05-29T00:40:00Z,San Antonio Spurs,Oklahoma City Thunder,,,False
2026-05-28,2026-05-28T14:01:50.033327+00:00,2991350,Alex Caruso,OKC,threes,OVER,1.5,-132,0.5689655172413793,0.7483133000071052,0.7483133000071052,0.17934778276572583,0.315217315164003,williamhill_us,Caesars,2026-05-29T00:40:00Z,San Antonio Spurs,Oklahoma City Thunder,,,False
2026-05-28,2026-05-28T14:01:50.033327+00:00,2991350,Alex Caruso,OKC,threes,OVER,1.5,-135,0.574468085106383,0.7483133000071052,0.7483133000071052,0.17384521490072213,0.30261944816051634,betmgm,BetMGM,2026-05-29T00:40:00Z,San Antonio Spurs,Oklahoma City Thunder,,,False
2026-05-28,2026-05-28T14:01:50.033327+00:00,2991350,Alex Caruso,OKC,threes,OVER,1.5,-135,0.574468085106383,0.7483133000071052,0.7483133000071052,0.17384521490072213,0.30261944816051634,bovada,Bovada,2026-05-29T00:40:00Z,San Antonio Spurs,Oklahoma City Thunder,,,False
2026-05-28,2026-05-28T14:01:50.033327+00:00,4845367,Stephon Castle,SAS,threes,OVER,1.5,109,0.4784688995215311,0.6205171067750614,0.6205171067750614,0.14204820725353035,0.2968807531598785,williamhill_us,Caesars,2026-05-29T00:40:00Z,San Antonio Spurs,Oklahoma City Thunder,,,False
2026-05-28,2026-05-28T14:01:50.033327+00:00,2991350,Alex Caruso,OKC,threes,OVER,1.5,-138,0.5798319327731093,0.7483133000071052,0.7483133000071052,0.16848136723399587,0.29056931450500745,draftkings,DraftKings,2026-05-29T00:40:00Z,San Antonio Spurs,Oklahoma City Thunder,,,False
2026-05-28,2026-05-28T14:01:50.033327+00:00,4845367,Stephon Castle,SAS,threes,OVER,1.5,107,0.4830917874396135,0.6205171067750614,0.6205171067750614,0.13742531933544794,0.2844704110243772,betrivers,BetRivers,2026-05-29T00:40:00Z,San Antonio Spurs,Oklahoma City Thunder,,,False
2026-05-28,2026-05-28T14:01:50.033327+00:00,4845367,Stephon Castle,SAS,threes,OVER,1.5,105,0.4878048780487805,0.6205171067750614,0.6205171067750614,0.13271222872628097,0.272060068888876,betmgm,BetMGM,2026-05-29T00:40:00Z,San Antonio Spurs,Oklahoma City Thunder,,,False
2026-05-28,2026-05-28T14:01:50.033327+00:00,4395723,Keldon Johnson,SAS,threes,OVER,0.5,-165,0.6226415094339622,0.7847190630473995,0.7847190630473995,0.16207755361343723,0.26030637398521733,betmgm,BetMGM,2026-05-29T00:40:00Z,San Antonio Spurs,Oklahoma City Thunder,,,False
2026-05-28,2026-05-28T14:01:50.033327+00:00,4395723,Keldon Johnson,SAS,threes,OVER,0.5,-170,0.6296296296296297,0.7847190630473995,0.7847190630473995,0.15508943341776982,0.24631851189881093,draftkings,DraftKings,2026-05-29T00:40:00Z,San Antonio Spurs,Oklahoma City Thunder,,,False
2026-05-28,2026-05-28T14:01:50.033327+00:00,4395723,Keldon Johnson,SAS,threes,OVER,0.5,-170,0.6296296296296297,0.7847190630473995,0.7847190630473995,0.15508943341776982,0.24631851189881093,bovada,Bovada,2026-05-29T00:40:00Z,San Antonio Spurs,Oklahoma City Thunder,,,False
2026-05-28,2026-05-28T14:01:50.033327+00:00,4845367,Stephon Castle,SAS,threes,OVER,1.5,100,0.5,0.6205171067750614,0.6205171067750614,0.12051710677506144,0.2410342135501229,fanduel,FanDuel,2026-05-29T00:40:00Z,San Antonio Spurs,Oklahoma City Thunder,,,False
2026-05-28,2026-05-28T14:01:50.033327+00:00,2991350,Alex Caruso,OKC,threes,OVER,1.5,-155,0.6078431372549019,0.7483133000071052,0.7483133000071052,0.14047016275220325,0.23109607420523753,betrivers,BetRivers,2026-05-29T00:40:00Z,San Antonio Spurs,Oklahoma City Thunder,,,False
2026-05-28,2026-05-28T14:01:50.033327+00:00,4066259,De'Aaron Fox,SAS,threes,OVER,1.5,148,0.4032258064516129,0.4747933681955062,0.4747933681955062,0.07156756174389334,0.17748755312485542,fanduel,FanDuel,2026-05-29T00:40:00Z,San Antonio Spurs,Oklahoma City Thunder,,,False
2026-05-28,2026-05-28T14:01:50.033327+00:00,4066259,De'Aaron Fox,SAS,threes,OVER,1.5,145,0.40816326530612246,0.4747933681955062,0.4747933681955062,0.06663010288938376,0.16324375207899022,betrivers,BetRivers,2026-05-29T00:40:00Z,San Antonio Spurs,Oklahoma City Thunder,,,False
2026-05-28,2026-05-28T14:01:50.033327+00:00,4683778,Jared McCain,OKC,threes,UNDER,2.5,-150,0.6,0.6915400178943185,0.6915400178943185,0.09154001789431854,0.15256669649053084,betmgm,BetMGM,2026-05-29T00:40:00Z,San Antonio Spurs,Oklahoma City Thunder,,,False
2026-05-28,2026-05-28T14:01:50.033327+00:00,4593803,Jalen Williams,OKC,threes,OVER,0.5,-135,0.574468085106383,0.6617061943828516,0.6617061943828516,0.08723810927646858,0.15185893096274167,betmgm,BetMGM,2026-05-29T00:40:00Z,San Antonio Spurs,Oklahoma City Thunder,,,False
2026-05-28,2026-05-28T14:01:50.033327+00:00,4278073,Shai Gilgeous-Alexander,OKC,threes,OVER,1.5,105,0.4878048780487805,0.5540606998896365,0.5540606998896365,0.06625582184085599,0.13582443477375483,betmgm,BetMGM,2026-05-29T00:40:00Z,San Antonio Spurs,Oklahoma City Thunder,,,False
2026-05-28,2026-05-28T14:01:50.033327+00:00,4278073,Shai Gilgeous-Alexander,OKC,threes,OVER,1.5,105,0.4878048780487805,0.5540606998896365,0.5540606998896365,0.06625582184085599,0.13582443477375483,bovada,Bovada,2026-05-29T00:40:00Z,San Antonio Spurs,Oklahoma City Thunder,,,False
2026-05-28,2026-05-28T14:01:50.033327+00:00,4066259,De'Aaron Fox,SAS,threes,OVER,1.5,137,0.4219409282700422,0.4747933681955062,0.4747933681955062,0.05285243992546401,0.12526028262334976,williamhill_us,Caesars,2026-05-29T00:40:00Z,San Antonio Spurs,Oklahoma City Thunder,,,False
2026-05-28,2026-05-28T14:01:50.033327+00:00,4278073,Shai Gilgeous-Alexander,OKC,threes,OVER,1.5,103,0.49261083743842365,0.5540606998896365,0.5540606998896365,0.06144986245121281,0.124743220775962,draftkings,DraftKings,2026-05-29T00:40:00Z,San Antonio Spurs,Oklahoma City Thunder,,,False
2026-05-28,2026-05-28T14:01:50.033327+00:00,4278073,Shai Gilgeous-Alexander,OKC,threes,OVER,1.5,103,0.49261083743842365,0.5540606998896365,0.5540606998896365,0.06144986245121281,0.124743220775962,williamhill_us,Caesars,2026-05-29T00:40:00Z,San Antonio Spurs,Oklahoma City Thunder,,,False
2026-05-28,2026-05-28T14:01:50.033327+00:00,4593803,Jalen Williams,OKC,threes,OVER,0.5,-145,0.5918367346938775,0.6617061943828516,0.6617061943828516,0.06986945968897407,0.11805529395723208,bovada,Bovada,2026-05-29T00:40:00Z,San Antonio Spurs,Oklahoma City Thunder,,,False
2026-05-28,2026-05-28T14:01:50.033327+00:00,4066259,De'Aaron Fox,SAS,threes,OVER,1.5,135,0.425531914893617,0.4747933681955062,0.4747933681955062,0.04926145330188919,0.1157644152594397,fanatics,Fanatics,2026-05-29T00:40:00Z,San Antonio Spurs,Oklahoma City Thunder,,,False
2026-05-28,2026-05-28T14:01:50.033327+00:00,4066259,De'Aaron Fox,SAS,threes,OVER,1.5,135,0.425531914893617,0.4747933681955062,0.4747933681955062,0.04926145330188919,0.1157644152594397,draftkings,DraftKings,2026-05-29T00:40:00Z,San Antonio Spurs,Oklahoma City Thunder,,,False
2026-05-28,2026-05-28T14:01:50.033327+00:00,4066259,De'Aaron Fox,SAS,threes,OVER,1.5,135,0.425531914893617,0.4747933681955062,0.4747933681955062,0.04926145330188919,0.1157644152594397,betmgm,BetMGM,2026-05-29T00:40:00Z,San Antonio Spurs,Oklahoma City Thunder,,,False
2026-05-28,2026-05-28T14:01:50.033327+00:00,4066259,De'Aaron Fox,SAS,threes,OVER,1.5,135,0.425531914893617,0.4747933681955062,0.4747933681955062,0.04926145330188919,0.1157644152594397,bovada,Bovada,2026-05-29T00:40:00Z,San Antonio Spurs,Oklahoma City Thunder,,,False
2026-05-28,2026-05-28T14:01:50.033327+00:00,4593803,Jalen Williams,OKC,threes,OVER,0.5,-147,0.5951417004048583,0.6617061943828516,0.6617061943828516,0.06656449397799336,0.11184646267050574,draftkings,DraftKings,2026-05-29T00:40:00Z,San Antonio Spurs,Oklahoma City Thunder,,,False
2026-05-28,2026-05-28T14:01:50.033327+00:00,4278073,Shai Gilgeous-Alexander,OKC,threes,OVER,1.5,100,0.5,0.5540606998896365,0.5540606998896365,0.054060699889636465,0.10812139977927293,fanduel,FanDuel,2026-05-29T00:40:00Z,San Antonio Spurs,Oklahoma City Thunder,,,False
2026-05-28,2026-05-28T14:01:50.033327+00:00,4397020,Luguentz Dort,OKC,threes,UNDER,1.5,-190,0.6551724137931034,0.7143808002555843,0.7143808002555843,0.05920838646248083,0.0903706951269444,betmgm,BetMGM,2026-05-29T00:40:00Z,San Antonio Spurs,Oklahoma City Thunder,,,False
2026-05-28,2026-05-28T14:01:50.033327+00:00,4683778,Jared McCain,OKC,threes,UNDER,2.5,-174,0.635036496350365,0.6915400178943185,0.6915400178943185,0.05650352154395355,0.08897680978760497,fanduel,FanDuel,2026-05-29T00:40:00Z,San Antonio Spurs,Oklahoma City Thunder,,,False
2026-05-28,2026-05-28T14:01:50.033327+00:00,5037871,Dylan Harper,SAS,threes,OVER,0.5,-155,0.6078431372549019,0.6600176828034601,0.6600176828034601,0.05217454554855816,0.0858355426766601,betmgm,BetMGM,2026-05-29T00:40:00Z,San Antonio Spurs,Oklahoma City Thunder,,,False
2026-05-28,2026-05-28T14:01:50.033327+00:00,4683778,Jared McCain,OKC,threes,UNDER,2.5,-176,0.6376811594202898,0.6915400178943185,0.6915400178943185,0.053858858474028715,0.08446048260699951,williamhill_us,Caesars,2026-05-29T00:40:00Z,San Antonio Spurs,Oklahoma City Thunder,,,False
2026-05-28,2026-05-28T14:01:50.033327+00:00,4433255,Chet Holmgren,OKC,threes,OVER,1.5,195,0.3389830508474576,0.3674535311994832,0.3674535311994832,0.028470480352025596,0.08398791703847541,betrivers,BetRivers,2026-05-29T00:40:00Z,San Antonio Spurs,Oklahoma City Thunder,,,False
2026-05-28,2026-05-28T14:01:50.033327+00:00,4683778,Jared McCain,OKC,threes,UNDER,2.5,-177,0.6389891696750902,0.6915400178943185,0.6915400178943185,0.052550848219228286,0.0822405929758544,draftkings,DraftKings,2026-05-29T00:40:00Z,San Antonio Spurs,Oklahoma City Thunder,,,False
2026-05-28,2026-05-28T14:01:50.033327+00:00,4683778,Jared McCain,OKC,threes,UNDER,2.5,-180,0.6428571428571429,0.6915400178943185,0.6915400178943185,0.04868287503717561,0.0757289167244955,bovada,Bovada,2026-05-29T00:40:00Z,San Antonio Spurs,Oklahoma City Thunder,,,False
2026-05-28,2026-05-28T14:01:50.033327+00:00,4397020,Luguentz Dort,OKC,threes,UNDER,1.5,-198,0.6644295302013423,0.7143808002555843,0.7143808002555843,0.049951270054241936,0.07517918422305109,draftkings,DraftKings,2026-05-29T00:40:00Z,San Antonio Spurs,Oklahoma City Thunder,,,False
2026-05-28,2026-05-28T14:01:50.033327+00:00,4397020,Luguentz Dort,OKC,threes,UNDER,1.5,-200,0.6666666666666666,0.7143808002555843,0.7143808002555843,0.04771413358891763,0.07157120038337639,bovada,Bovada,2026-05-29T00:40:00Z,San Antonio Spurs,Oklahoma City Thunder,,,False
2026-05-28,2026-05-28T14:01:50.033327+00:00,4433255,Chet Holmgren,OKC,threes,OVER,0.5,-210,0.6774193548387096,0.7246690619560505,0.7246690619560505,0.04724970711734089,0.06974956764940787,betmgm,BetMGM,2026-05-29T00:40:00Z,San Antonio Spurs,Oklahoma City Thunder,,,False
2026-05-28,2026-05-28T14:01:50.033327+00:00,4278073,Shai Gilgeous-Alexander,OKC,threes,OVER,1.5,-108,0.5192307692307693,0.5540606998896365,0.5540606998896365,0.03482993065886719,0.06707986645411468,betrivers,BetRivers,2026-05-29T00:40:00Z,San Antonio Spurs,Oklahoma City Thunder,,,False
2026-05-28,2026-05-28T14:01:50.033327+00:00,4433255,Chet Holmgren,OKC,threes,OVER,0.5,-213,0.6805111821086262,0.7246690619560505,0.7246690619560505,0.044157879847424364,0.06488927883682544,draftkings,DraftKings,2026-05-29T00:40:00Z,San Antonio Spurs,Oklahoma City Thunder,,,False
2026-05-28,2026-05-28T14:01:50.033327+00:00,4433255,Chet Holmgren,OKC,threes,OVER,0.5,-215,0.6825396825396826,0.7246690619560505,0.7246690619560505,0.04212937941636796,0.06172443961002749,bovada,Bovada,2026-05-29T00:40:00Z,San Antonio Spurs,Oklahoma City Thunder,,,False
2026-05-28,2026-05-28T14:01:50.033327+00:00,5104157,Victor Wembanyama,SAS,threes,OVER,1.5,-158,0.6124031007751938,0.6498877984477269,0.6498877984477269,0.03748469767253315,0.06120918987033891,fanduel,FanDuel,2026-05-29T00:40:00Z,San Antonio Spurs,Oklahoma City Thunder,,,False
2026-05-28,2026-05-28T14:01:50.033327+00:00,4397020,Luguentz Dort,OKC,threes,UNDER,1.5,-213,0.6805111821086262,0.7143808002555843,0.7143808002555843,0.0338696181469581,0.049770847323933665,williamhill_us,Caesars,2026-05-29T00:40:00Z,San Antonio Spurs,Oklahoma City Thunder,,,False
2026-05-28,2026-05-28T14:01:50.033327+00:00,5037871,Dylan Harper,SAS,threes,OVER,0.5,-170,0.6296296296296297,0.6600176828034601,0.6600176828034601,0.03038805317383042,0.0482633785702013,draftkings,DraftKings,2026-05-29T00:40:00Z,San Antonio Spurs,Oklahoma City Thunder,,,False
2026-05-28,2026-05-28T14:01:50.033327+00:00,5037871,Dylan Harper,SAS,threes,OVER,0.5,-170,0.6296296296296297,0.6600176828034601,0.6600176828034601,0.03038805317383042,0.0482633785702013,bovada,Bovada,2026-05-29T00:40:00Z,San Antonio Spurs,Oklahoma City Thunder,,,False
2026-05-28,2026-05-28T14:01:50.033327+00:00,4683778,Jared McCain,OKC,threes,UNDER,2.5,-195,0.6610169491525424,0.6915400178943185,0.6915400178943185,0.030523068741776127,0.046175924506789534,betrivers,BetRivers,2026-05-29T00:40:00Z,San Antonio Spurs,Oklahoma City Thunder,,,False
2026-05-28,2026-05-28T14:01:50.033327+00:00,5104157,Victor Wembanyama,SAS,threes,OVER,1.5,-165,0.6226415094339622,0.6498877984477269,0.6498877984477269,0.02724628901376469,0.04375919144634932,betrivers,BetRivers,2026-05-29T00:40:00Z,San Antonio Spurs,Oklahoma City Thunder,,,False
2026-05-28,2026-05-28T14:01:50.033327+00:00,4397020,Luguentz Dort,OKC,threes,UNDER,1.5,-220,0.6875,0.7143808002555843,0.7143808002555843,0.02688080025558426,0.039099345826304366,fanduel,FanDuel,2026-05-29T00:40:00Z,San Antonio Spurs,Oklahoma City Thunder,,,False
2026-05-28,2026-05-28T14:01:50.033327+00:00,4397020,Luguentz Dort,OKC,threes,UNDER,1.5,-220,0.6875,0.7143808002555843,0.7143808002555843,0.02688080025558426,0.039099345826304366,betrivers,BetRivers,2026-05-29T00:40:00Z,San Antonio Spurs,Oklahoma City Thunder,,,False
2026-05-28,2026-05-28T14:01:50.033327+00:00,5104157,Victor Wembanyama,SAS,threes,OVER,1.5,-170,0.6296296296296297,0.6498877984477269,0.6498877984477269,0.020258168818097277,0.03217473871109572,williamhill_us,Caesars,2026-05-29T00:40:00Z,San Antonio Spurs,Oklahoma City Thunder,,,False
2026-05-28,2026-05-28T14:01:50.033327+00:00,4592479,Julian Champagnie,SAS,threes,UNDER,2.5,-145,0.5918367346938775,0.6099478754325385,0.6099478754325385,0.018111140738660936,0.030601582627392654,bovada,Bovada,2026-05-29T00:40:00Z,San Antonio Spurs,Oklahoma City Thunder,,,False
2026-05-28,2026-05-28T14:01:50.033327+00:00,4592479,Julian Champagnie,SAS,threes,UNDER,2.5,-147,0.5951417004048583,0.6099478754325385,0.6099478754325385,0.014806175027680224,0.024878402937666688,draftkings,DraftKings,2026-05-29T00:40:00Z,San Antonio Spurs,Oklahoma City Thunder,,,False
2026-05-28,2026-05-28T14:01:50.033327+00:00,4433255,Chet Holmgren,OKC,threes,OVER,0.5,-245,0.7101449275362319,0.7246690619560505,0.7246690619560505,0.01452413441981859,0.020452352550356878,fanduel,FanDuel,2026-05-29T00:40:00Z,San Antonio Spurs,Oklahoma City Thunder,,,False
2026-05-28,2026-05-28T14:01:50.033327+00:00,5104157,Victor Wembanyama,SAS,threes,OVER,2.5,175,0.36363636363636365,0.3704625820127303,0.3704625820127303,0.006826218376366655,0.01877210053500833,betmgm,BetMGM,2026-05-29T00:40:00Z,San Antonio Spurs,Oklahoma City Thunder,,,False
2026-05-28,2026-05-28T14:01:50.033327+00:00,4683778,Jared McCain,OKC,threes,UNDER,1.5,165,0.37735849056603776,0.3825258785043265,0.3825258785043265,0.005167387938288748,0.013693578036465204,bovada,Bovada,2026-05-29T00:40:00Z,San Antonio Spurs,Oklahoma City Thunder,,,False
2026-05-28,2026-05-28T14:01:50.033327+00:00,5104157,Victor Wembanyama,SAS,threes,OVER,1.5,-179,0.6415770609318996,0.6498877984477269,0.6498877984477269,0.008310737515827338,0.012953607636401188,draftkings,DraftKings,2026-05-29T00:40:00Z,San Antonio Spurs,Oklahoma City Thunder,,,False
2026-05-28,2026-05-28T14:01:50.033327+00:00,5104157,Victor Wembanyama,SAS,threes,OVER,1.5,-180,0.6428571428571429,0.6498877984477269,0.6498877984477269,0.007030655590584023,0.010936575363130807,bovada,Bovada,2026-05-29T00:40:00Z,San Antonio Spurs,Oklahoma City Thunder,,,False
2026-05-28,2026-05-28T14:01:50.033327+00:00,4592479,Julian Champagnie,SAS,threes,UNDER,1.5,205,0.32786885245901637,0.32983775842943686,0.32983775842943686,0.001968905970420487,0.006005163209782394,bovada,Bovada,2026-05-29T00:40:00Z,San Antonio Spurs,Oklahoma City Thunder,,,False
2026-05-28,2026-05-28T14:01:50.033327+00:00,4592479,Julian Champagnie,SAS,threes,UNDER,2.5,-155,0.6078431372549019,0.6099478754325385,0.6099478754325385,0.002104738177636567,0.0034626337761116677,betmgm,BetMGM,2026-05-29T00:40:00Z,San Antonio Spurs,Oklahoma City Thunder,,,False
2026-05-28,2026-05-28T14:01:50.033327+00:00,5104157,Victor Wembanyama,SAS,threes,OVER,2.5,170,0.37037037037037035,0.3704625820127303,0.3704625820127303,9.221164235995172e-05,0.0002489714343717475,bovada,Bovada,2026-05-29T00:40:00Z,San Antonio Spurs,Oklahoma City Thunder,,,False
