player_id,player_name,team,asof_date,is_home,days_rest,games_last7,games_last14,season_game_number,lag1_pts,lag1_reb,lag1_ast,lag1_threes,lag1_fg3a,lag1_stl,lag1_blk,lag1_tov,lag1_fgm,lag1_fga,lag1_fg_pct,lag1_ftm,lag1_fta,lag1_ft_pct,lag1_oreb,lag1_dreb,lag1_pf,lag1_plus_minus,lag1_min,lag1_pts_per_min,lag1_reb_per_min,lag1_ast_per_min,lag1_fg3m_per_min,lag1_fg3a_per_min,lag1_fga_per_min,lag1_fta_per_min,lag1_tov_per_min,lag1_usage_per_min,b2b,roll3_min,roll3_min_std,roll3_pts,roll3_reb,roll3_ast,roll3_threes,roll3_fg3a,roll3_stl,roll3_blk,roll3_tov,roll3_fgm,roll3_fga,roll3_fg_pct,roll3_ftm,roll3_fta,roll3_ft_pct,roll3_oreb,roll3_dreb,roll3_pf,roll3_plus_minus,roll3_pts_per_min,roll3_pts_per_min_std,roll3_reb_per_min,roll3_reb_per_min_std,roll3_ast_per_min,roll3_ast_per_min_std,roll3_fg3m_per_min,roll3_fg3m_per_min_std,roll3_fg3a_per_min,roll3_fg3a_per_min_std,roll3_fga_per_min,roll3_fga_per_min_std,roll3_fta_per_min,roll3_fta_per_min_std,roll3_tov_per_min,roll3_tov_per_min_std,roll3_usage_per_min,roll3_usage_per_min_std,roll5_min,roll5_min_std,roll5_pts,roll5_reb,roll5_ast,roll5_threes,roll5_fg3a,roll5_stl,roll5_blk,roll5_tov,roll5_fgm,roll5_fga,roll5_fg_pct,roll5_ftm,roll5_fta,roll5_ft_pct,roll5_oreb,roll5_dreb,roll5_pf,roll5_plus_minus,roll5_pts_per_min,roll5_pts_per_min_std,roll5_reb_per_min,roll5_reb_per_min_std,roll5_ast_per_min,roll5_ast_per_min_std,roll5_fg3m_per_min,roll5_fg3m_per_min_std,roll5_fg3a_per_min,roll5_fg3a_per_min_std,roll5_fga_per_min,roll5_fga_per_min_std,roll5_fta_per_min,roll5_fta_per_min_std,roll5_tov_per_min,roll5_tov_per_min_std,roll5_usage_per_min,roll5_usage_per_min_std,roll10_min,roll10_min_std,roll10_pts,roll10_reb,roll10_ast,roll10_threes,roll10_fg3a,roll10_stl,roll10_blk,roll10_tov,roll10_fgm,roll10_fga,roll10_fg_pct,roll10_ftm,roll10_fta,roll10_ft_pct,roll10_oreb,roll10_dreb,roll10_pf,roll10_plus_minus,roll10_pts_per_min,roll10_pts_per_min_std,roll10_reb_per_min,roll10_reb_per_min_std,roll10_ast_per_min,roll10_ast_per_min_std,roll10_fg3m_per_min,roll10_fg3m_per_min_std,roll10_fg3a_per_min,roll10_fg3a_per_min_std,roll10_fga_per_min,roll10_fga_per_min_std,roll10_fta_per_min,roll10_fta_per_min_std,roll10_tov_per_min,roll10_tov_per_min_std,roll10_usage_per_min,roll10_usage_per_min_std,injury_status,team_on_slate,playing_today,pred_min,pred_pts,pred_reb,pred_ast,pred_threes,pred_stl,pred_blk,pred_tov,pred_pra,pred_pr,pred_pa,pred_ra,pred_stocks,mean_pts,mean_reb,mean_ast,mean_threes,mean_pra,mean_stl,mean_blk,mean_tov
3992,James Harden,CLE,2026-06-24,0.0,30.0,0.0,0.0,4.0,12,4,2,0,6,1,1,5,2,8,,8,9,,0,4,2,-19,33.0,0.3636363636363636,0.1212121212121212,0.0606060606060606,0.0,0.1818181818181818,0.2424242424242424,0.2727272727272727,0.1515151515151515,0.5139393939393939,0.0,35.333333333333336,4.932882862316248,16.333333333333332,5.0,3.0,1.3333333333333333,6.666666666666667,1.3333333333333333,0.3333333333333333,3.6666666666666665,5.333333333333333,12.666666666666666,,4.333333333333333,5.0,,0.0,5.0,2.0,-16.333333333333332,0.4631836659275684,0.0994320193734428,0.1435544469081054,0.0380597595103895,0.0816857600394185,0.0348837665902398,0.039380081300813,0.0486393569439632,0.1904332963784183,0.0251416836590214,0.3590093003202759,0.113318008564857,0.1465493348115299,0.109756688103128,0.0992855383099285,0.0860227025282255,0.5227765459472776,0.0188213618164346,35.333333333333336,4.932882862316248,16.333333333333332,5.0,3.0,1.3333333333333333,6.666666666666667,1.3333333333333333,0.3333333333333333,3.6666666666666665,5.333333333333333,12.666666666666666,,4.333333333333333,5.0,,0.0,5.0,2.0,-16.333333333333332,0.4631836659275684,0.0994320193734428,0.1435544469081054,0.0380597595103895,0.0816857600394185,0.0348837665902398,0.039380081300813,0.0486393569439632,0.1904332963784183,0.0251416836590214,0.3590093003202759,0.113318008564857,0.1465493348115299,0.109756688103128,0.0992855383099285,0.0860227025282255,0.5227765459472776,0.0188213618164346,35.333333333333336,4.932882862316248,16.333333333333332,5.0,3.0,1.3333333333333333,6.666666666666667,1.3333333333333333,0.3333333333333333,3.6666666666666665,5.333333333333333,12.666666666666666,,4.333333333333333,5.0,,0.0,5.0,2.0,-16.333333333333332,0.4631836659275684,0.0994320193734428,0.1435544469081054,0.0380597595103895,0.0816857600394185,0.0348837665902398,0.039380081300813,0.0486393569439632,0.1904332963784183,0.0251416836590214,0.3590093003202759,0.113318008564857,0.1465493348115299,0.109756688103128,0.0992855383099285,0.0860227025282255,0.5227765459472776,0.0188213618164346,,,,34.983333333333334,15.68333333333333,4.85,2.85,1.1333333333333333,0.7696333333333333,0.6296999999999999,2.099,23.383333333333333,20.53333333333333,18.53333333333333,7.699999999999999,1.399333333333333,15.68333333333333,4.85,2.85,1.1333333333333333,23.383333333333333,0.7696333333333333,0.6296999999999999,2.099
2580365,Larry Nance Jr.,CLE,2026-06-24,0.0,30.0,0.0,0.0,4.0,0,0,0,0,0,0,0,0,0,0,,0,0,,0,0,0,0,0.0,,,,,,,,,,0.0,0.0,0.0,0.0,0.0,0.0,0.0,0.0,0.0,0.0,0.0,0.0,0.0,,0.0,0.0,,0.0,0.0,0.0,0.0,,,,,,,,,,,,,,,,,,,0.0,0.0,0.0,0.0,0.0,0.0,0.0,0.0,0.0,0.0,0.0,0.0,,0.0,0.0,,0.0,0.0,0.0,0.0,,,,,,,,,,,,,,,,,,,0.0,0.0,0.0,0.0,0.0,0.0,0.0,0.0,0.0,0.0,0.0,0.0,,0.0,0.0,,0.0,0.0,0.0,0.0,,,,,,,,,,,,,,,,,,,,,,8.0,0.0,0.0,0.0,0.0,0.176,0.144,0.48,0.0,0.0,0.0,0.0,0.3199999999999999,0.0,0.0,0.0,0.0,0.0,0.176,0.144,0.48
3032979,Dennis Schroder,CLE,2026-06-24,0.0,32.0,0.0,0.0,3.0,3,0,2,1,1,0,0,0,1,1,,0,0,,0,0,1,2,9.0,0.3333333333333333,0.0,0.2222222222222222,0.1111111111111111,0.1111111111111111,0.1111111111111111,0.0,0.0,0.1111111111111111,0.0,13.5,6.363961030678928,3.5,2.0,2.5,0.5,1.0,0.0,0.0,0.0,1.5,3.0,,0.0,1.0,,0.5,1.5,1.0,1.0,0.2777777777777778,0.0785674201318386,0.1111111111111111,0.1571348402636772,0.1944444444444444,0.0392837100659193,0.0555555555555555,0.0785674201318386,0.0833333333333333,0.0392837100659193,0.1944444444444444,0.1178511301977579,0.0555555555555555,0.0785674201318386,0.0,0.0,0.2188888888888888,0.1524207950557669,13.5,6.363961030678928,3.5,2.0,2.5,0.5,1.0,0.0,0.0,0.0,1.5,3.0,,0.0,1.0,,0.5,1.5,1.0,1.0,0.2777777777777778,0.0785674201318386,0.1111111111111111,0.1571348402636772,0.1944444444444444,0.0392837100659193,0.0555555555555555,0.0785674201318386,0.0833333333333333,0.0392837100659193,0.1944444444444444,0.1178511301977579,0.0555555555555555,0.0785674201318386,0.0,0.0,0.2188888888888888,0.1524207950557669,13.5,6.363961030678928,3.5,2.0,2.5,0.5,1.0,0.0,0.0,0.0,1.5,3.0,,0.0,1.0,,0.5,1.5,1.0,1.0,0.2777777777777778,0.0785674201318386,0.1111111111111111,0.1571348402636772,0.1944444444444444,0.0392837100659193,0.0555555555555555,0.0785674201318386,0.0833333333333333,0.0392837100659193,0.1944444444444444,0.1178511301977579,0.0555555555555555,0.0785674201318386,0.0,0.0,0.2188888888888888,0.1524207950557669,,,,12.825,3.425,1.6999999999999995,2.425,0.575,0.2821499999999999,0.2308499999999999,0.7695,7.55,5.125,5.85,4.125,0.5129999999999999,3.425,1.6999999999999995,2.425,0.575,7.55,0.2821499999999999,0.2308499999999999,0.7695
3908809,Donovan Mitchell,CLE,2026-06-24,0.0,30.0,0.0,0.0,4.0,31,4,1,5,9,1,0,4,9,18,,8,10,,0,4,3,-23,32.0,0.96875,0.125,0.03125,0.15625,0.28125,0.5625,0.3125,0.125,0.825,0.0,36.333333333333336,3.7859388972001833,26.666666666666668,3.0,2.0,3.333333333333333,8.666666666666666,1.3333333333333333,0.3333333333333333,3.333333333333333,8.666666666666666,19.0,,6.0,8.333333333333334,,0.0,3.0,4.0,-17.666666666666668,0.7468932748538011,0.1945710733686359,0.0846266306792622,0.0517296629122511,0.0540513945119208,0.0444392695700892,0.0954931399010346,0.0544048663256727,0.2412983580746738,0.0542890174620488,0.5255566801619433,0.0556605396157002,0.233721322537112,0.0773448962982365,0.0940733243364822,0.0593553305582342,0.7224673864147548,0.1211947586334598,36.333333333333336,3.7859388972001833,26.666666666666668,3.0,2.0,3.333333333333333,8.666666666666666,1.3333333333333333,0.3333333333333333,3.333333333333333,8.666666666666666,19.0,,6.0,8.333333333333334,,0.0,3.0,4.0,-17.666666666666668,0.7468932748538011,0.1945710733686359,0.0846266306792622,0.0517296629122511,0.0540513945119208,0.0444392695700892,0.0954931399010346,0.0544048663256727,0.2412983580746738,0.0542890174620488,0.5255566801619433,0.0556605396157002,0.233721322537112,0.0773448962982365,0.0940733243364822,0.0593553305582342,0.7224673864147548,0.1211947586334598,36.333333333333336,3.7859388972001833,26.666666666666668,3.0,2.0,3.333333333333333,8.666666666666666,1.3333333333333333,0.3333333333333333,3.333333333333333,8.666666666666666,19.0,,6.0,8.333333333333334,,0.0,3.0,4.0,-17.666666666666668,0.7468932748538011,0.1945710733686359,0.0846266306792622,0.0517296629122511,0.0540513945119208,0.0444392695700892,0.0954931399010346,0.0544048663256727,0.2412983580746738,0.0542890174620488,0.5255566801619433,0.0556605396157002,0.233721322537112,0.0773448962982365,0.0940733243364822,0.0593553305582342,0.7224673864147548,0.1211947586334598,,,,35.68333333333333,27.31666666666667,3.15,1.85,3.583333333333334,0.7850333333333332,0.6422999999999999,2.141,32.31666666666667,30.46666666666667,29.16666666666667,5.0,1.4273333333333331,27.31666666666667,3.15,1.85,3.583333333333334,32.31666666666667,0.7850333333333332,0.6422999999999999,2.141
3912848,Dean Wade,CLE,2026-06-24,0.0,30.0,0.0,0.0,4.0,0,1,1,0,1,2,1,0,0,1,,0,0,,1,0,0,-14,12.0,0.0,0.0833333333333333,0.0833333333333333,0.0,0.0833333333333333,0.0833333333333333,0.0,0.0,0.0833333333333333,0.0,16.666666666666668,4.509249752822894,1.0,2.0,1.6666666666666667,0.3333333333333333,1.6666666666666667,1.0,0.3333333333333333,0.6666666666666666,0.3333333333333333,1.6666666666666667,,0.0,0.0,,0.6666666666666666,1.3333333333333333,1.0,-8.333333333333334,0.0476190476190476,0.0824786098842322,0.1146125116713352,0.0298777062769359,0.0950046685340803,0.0432154728794902,0.0158730158730158,0.0274928699614107,0.0950046685340803,0.0432154728794902,0.0950046685340803,0.0432154728794902,0.0,0.0,0.0317460317460317,0.0549857399228215,0.126750700280112,0.0972028147638557,16.666666666666668,4.509249752822894,1.0,2.0,1.6666666666666667,0.3333333333333333,1.6666666666666667,1.0,0.3333333333333333,0.6666666666666666,0.3333333333333333,1.6666666666666667,,0.0,0.0,,0.6666666666666666,1.3333333333333333,1.0,-8.333333333333334,0.0476190476190476,0.0824786098842322,0.1146125116713352,0.0298777062769359,0.0950046685340803,0.0432154728794902,0.0158730158730158,0.0274928699614107,0.0950046685340803,0.0432154728794902,0.0950046685340803,0.0432154728794902,0.0,0.0,0.0317460317460317,0.0549857399228215,0.126750700280112,0.0972028147638557,16.666666666666668,4.509249752822894,1.0,2.0,1.6666666666666667,0.3333333333333333,1.6666666666666667,1.0,0.3333333333333333,0.6666666666666666,0.3333333333333333,1.6666666666666667,,0.0,0.0,,0.6666666666666666,1.3333333333333333,1.0,-8.333333333333334,0.0476190476190476,0.0824786098842322,0.1146125116713352,0.0298777062769359,0.0950046685340803,0.0432154728794902,0.0158730158730158,0.0274928699614107,0.0950046685340803,0.0432154728794902,0.0950046685340803,0.0432154728794902,0.0,0.0,0.0317460317460317,0.0549857399228215,0.126750700280112,0.0972028147638557,,,,15.966666666666669,0.8499999999999999,1.85,1.5666666666666669,0.2833333333333333,0.3512666666666666,0.2874,0.958,4.266666666666668,2.7,2.416666666666667,3.416666666666667,0.6386666666666667,0.8499999999999999,1.85,1.5666666666666669,0.2833333333333333,4.266666666666668,0.3512666666666666,0.2874,0.958
3934723,Thomas Bryant,CLE,2026-06-24,0.0,30.0,0.0,0.0,4.0,10,3,0,2,5,0,0,0,4,7,,0,0,,0,3,0,-4,9.0,1.1111111111111112,0.3333333333333333,0.0,0.2222222222222222,0.5555555555555556,0.7777777777777778,0.0,0.0,0.7777777777777778,0.0,3.333333333333333,4.932882862316247,3.333333333333333,1.3333333333333333,0.0,0.6666666666666666,1.6666666666666667,0.0,0.0,0.0,1.3333333333333333,2.6666666666666665,,0.0,0.0,,0.0,1.3333333333333333,0.0,-0.6666666666666666,0.5555555555555556,0.7856742013183862,0.6666666666666666,0.4714045207910317,0.0,0.0,0.1111111111111111,0.1571348402636772,0.2777777777777778,0.3928371006591931,0.8888888888888888,0.1571348402636772,0.0,0.0,0.0,0.0,0.8888888888888888,0.1571348402636772,3.333333333333333,4.932882862316247,3.333333333333333,1.3333333333333333,0.0,0.6666666666666666,1.6666666666666667,0.0,0.0,0.0,1.3333333333333333,2.6666666666666665,,0.0,0.0,,0.0,1.3333333333333333,0.0,-0.6666666666666666,0.5555555555555556,0.7856742013183862,0.6666666666666666,0.4714045207910317,0.0,0.0,0.1111111111111111,0.1571348402636772,0.2777777777777778,0.3928371006591931,0.8888888888888888,0.1571348402636772,0.0,0.0,0.0,0.0,0.8888888888888888,0.1571348402636772,3.333333333333333,4.932882862316247,3.333333333333333,1.3333333333333333,0.0,0.6666666666666666,1.6666666666666667,0.0,0.0,0.0,1.3333333333333333,2.6666666666666665,,0.0,0.0,,0.0,1.3333333333333333,0.0,-0.6666666666666666,0.5555555555555556,0.7856742013183862,0.6666666666666666,0.4714045207910317,0.0,0.0,0.1111111111111111,0.1571348402636772,0.2777777777777778,0.3928371006591931,0.8888888888888888,0.1571348402636772,0.0,0.0,0.0,0.0,0.8888888888888888,0.1571348402636772,,,,8.0,4.333333333333334,1.583333333333333,0.0,0.8666666666666666,0.176,0.144,0.48,5.916666666666667,5.916666666666667,4.333333333333334,1.583333333333333,0.3199999999999999,4.333333333333334,1.583333333333333,0.0,0.8666666666666666,5.916666666666667,0.176,0.144,0.48
4065778,Max Strus,CLE,2026-06-24,0.0,30.0,0.0,0.0,4.0,5,2,2,1,4,0,0,2,2,6,,0,0,,0,2,3,-9,22.0,0.2272727272727272,0.0909090909090909,0.0909090909090909,0.0454545454545454,0.1818181818181818,0.2727272727272727,0.0,0.0909090909090909,0.3636363636363636,0.0,26.33333333333333,4.509249752822893,7.666666666666667,4.333333333333333,3.6666666666666665,2.0,6.333333333333333,0.6666666666666666,0.0,1.6666666666666667,2.333333333333333,8.333333333333334,,1.0,1.0,,2.0,2.333333333333333,4.666666666666667,-9.666666666666666,0.2796450860966989,0.1222487204387483,0.1568538987893826,0.0674989583508238,0.1332806977968268,0.053608848194624,0.0709827806602,0.0503937685322968,0.230167681780585,0.1088703700960776,0.3096849387171967,0.0670634072206189,0.0363937138130686,0.0386279385569416,0.0687645687645687,0.0607962767167598,0.3944627415595157,0.0280430355989291,26.33333333333333,4.509249752822893,7.666666666666667,4.333333333333333,3.6666666666666665,2.0,6.333333333333333,0.6666666666666666,0.0,1.6666666666666667,2.333333333333333,8.333333333333334,,1.0,1.0,,2.0,2.333333333333333,4.666666666666667,-9.666666666666666,0.2796450860966989,0.1222487204387483,0.1568538987893826,0.0674989583508238,0.1332806977968268,0.053608848194624,0.0709827806602,0.0503937685322968,0.230167681780585,0.1088703700960776,0.3096849387171967,0.0670634072206189,0.0363937138130686,0.0386279385569416,0.0687645687645687,0.0607962767167598,0.3944627415595157,0.0280430355989291,26.33333333333333,4.509249752822893,7.666666666666667,4.333333333333333,3.6666666666666665,2.0,6.333333333333333,0.6666666666666666,0.0,1.6666666666666667,2.333333333333333,8.333333333333334,,1.0,1.0,,2.0,2.333333333333333,4.666666666666667,-9.666666666666666,0.2796450860966989,0.1222487204387483,0.1568538987893826,0.0674989583508238,0.1332806977968268,0.053608848194624,0.0709827806602,0.0503937685322968,0.230167681780585,0.1088703700960776,0.3096849387171967,0.0670634072206189,0.0363937138130686,0.0386279385569416,0.0687645687645687,0.0607962767167598,0.3944627415595157,0.0280430355989291,,,,25.68333333333333,7.266666666666666,3.983333333333333,3.4166666666666665,1.85,0.5650333333333333,0.4622999999999999,1.5409999999999997,14.666666666666664,11.249999999999998,10.683333333333332,7.399999999999999,1.0273333333333332,7.266666666666666,3.983333333333333,3.4166666666666665,1.85,14.666666666666664,0.5650333333333333,0.4622999999999999,1.5409999999999997
4066328,Jarrett Allen,CLE,2026-06-24,0.0,30.0,0.0,0.0,4.0,6,3,1,0,0,2,2,1,3,5,,0,0,,0,3,0,-22,26.0,0.2307692307692307,0.1153846153846153,0.0384615384615384,0.0,0.0,0.1923076923076923,0.0,0.0384615384615384,0.2307692307692307,0.0,30.33333333333333,5.131601439446884,12.0,6.666666666666667,0.3333333333333333,0.0,0.0,1.0,1.3333333333333333,0.3333333333333333,5.0,8.0,,2.0,3.333333333333333,,3.0,3.6666666666666665,1.0,-18.666666666666668,0.3837557716868061,0.1330301406358389,0.2182188820119854,0.1165544384662301,0.0128205128205128,0.0222057795842163,0.0,0.0,0.0,0.0,0.2623784261715296,0.0770097304541389,0.1060025542784163,0.1035428355489619,0.0128205128205128,0.0222057795842163,0.3218400628745456,0.1044549441641799,30.33333333333333,5.131601439446884,12.0,6.666666666666667,0.3333333333333333,0.0,0.0,1.0,1.3333333333333333,0.3333333333333333,5.0,8.0,,2.0,3.333333333333333,,3.0,3.6666666666666665,1.0,-18.666666666666668,0.3837557716868061,0.1330301406358389,0.2182188820119854,0.1165544384662301,0.0128205128205128,0.0222057795842163,0.0,0.0,0.0,0.0,0.2623784261715296,0.0770097304541389,0.1060025542784163,0.1035428355489619,0.0128205128205128,0.0222057795842163,0.3218400628745456,0.1044549441641799,30.33333333333333,5.131601439446884,12.0,6.666666666666667,0.3333333333333333,0.0,0.0,1.0,1.3333333333333333,0.3333333333333333,5.0,8.0,,2.0,3.333333333333333,,3.0,3.6666666666666665,1.0,-18.666666666666668,0.3837557716868061,0.1330301406358389,0.2182188820119854,0.1165544384662301,0.0128205128205128,0.0222057795842163,0.0,0.0,0.0,0.0,0.2623784261715296,0.0770097304541389,0.1060025542784163,0.1035428355489619,0.0128205128205128,0.0222057795842163,0.3218400628745456,0.1044549441641799,,,,29.683333333333334,11.1,6.116666666666667,0.4333333333333333,0.0,0.6530333333333334,0.5343,1.781,17.650000000000002,17.21666666666667,11.533333333333331,6.550000000000001,1.1873333333333334,11.1,6.116666666666667,0.4333333333333333,0.0,17.650000000000002,0.6530333333333334,0.5343,1.781
4066757,Sam Merrill,CLE,2026-06-24,0.0,30.0,0.0,0.0,4.0,5,1,1,1,2,0,0,1,2,4,,0,0,,1,0,3,-13,18.0,0.2777777777777778,0.0555555555555555,0.0555555555555555,0.0555555555555555,0.1111111111111111,0.2222222222222222,0.0,0.0555555555555555,0.2777777777777778,0.0,21.666666666666668,3.214550253664319,5.0,1.3333333333333333,0.6666666666666666,1.0,4.333333333333333,0.3333333333333333,0.0,0.6666666666666666,1.6666666666666667,5.666666666666667,,0.6666666666666666,1.3333333333333333,,0.3333333333333333,1.0,3.0,-7.333333333333333,0.2338969404186795,0.0537722247418402,0.0601851851851851,0.0626284687892068,0.0324074074074074,0.0289120277703629,0.0462962962962963,0.0424312564347762,0.1940418679549114,0.0994844622935811,0.2594605475040257,0.0768412436826079,0.0579710144927536,0.1004087424677609,0.0330112721417069,0.0292193998576876,0.3179790660225443,0.1343362571242041,21.666666666666668,3.214550253664319,5.0,1.3333333333333333,0.6666666666666666,1.0,4.333333333333333,0.3333333333333333,0.0,0.6666666666666666,1.6666666666666667,5.666666666666667,,0.6666666666666666,1.3333333333333333,,0.3333333333333333,1.0,3.0,-7.333333333333333,0.2338969404186795,0.0537722247418402,0.0601851851851851,0.0626284687892068,0.0324074074074074,0.0289120277703629,0.0462962962962963,0.0424312564347762,0.1940418679549114,0.0994844622935811,0.2594605475040257,0.0768412436826079,0.0579710144927536,0.1004087424677609,0.0330112721417069,0.0292193998576876,0.3179790660225443,0.1343362571242041,21.666666666666668,3.214550253664319,5.0,1.3333333333333333,0.6666666666666666,1.0,4.333333333333333,0.3333333333333333,0.0,0.6666666666666666,1.6666666666666667,5.666666666666667,,0.6666666666666666,1.3333333333333333,,0.3333333333333333,1.0,3.0,-7.333333333333333,0.2338969404186795,0.0537722247418402,0.0601851851851851,0.0626284687892068,0.0324074074074074,0.0289120277703629,0.0462962962962963,0.0424312564347762,0.1940418679549114,0.0994844622935811,0.2594605475040257,0.0768412436826079,0.0579710144927536,0.1004087424677609,0.0330112721417069,0.0292193998576876,0.3179790660225443,0.1343362571242041,,,,21.116666666666667,5.0,1.2833333333333332,0.7166666666666666,1.0,0.4645666666666666,0.3801,1.267,7.0,6.283333333333333,5.716666666666667,2.0,0.8446666666666667,5.0,1.2833333333333332,0.7166666666666666,1.0,7.0,0.4645666666666666,0.3801,1.267
4432158,Evan Mobley,CLE,2026-06-24,0.0,30.0,0.0,0.0,4.0,15,7,4,1,4,1,0,3,7,15,,0,1,,2,5,1,-30,33.0,0.4545454545454545,0.2121212121212121,0.1212121212121212,0.0303030303030303,0.1212121212121212,0.4545454545454545,0.0303030303030303,0.0909090909090909,0.5587878787878787,0.0,35.333333333333336,2.081665999466133,17.666666666666668,6.333333333333333,3.0,1.3333333333333333,4.333333333333333,0.3333333333333333,1.0,3.0,7.333333333333333,13.666666666666666,,1.6666666666666667,3.0,,1.6666666666666667,4.666666666666667,1.0,-18.666666666666668,0.4998634998634998,0.1493915265824474,0.1803166803166803,0.0276354631350169,0.0859495859495859,0.0330979290620232,0.0373782873782873,0.0144967279324519,0.122986622986623,0.0428203778289926,0.3902538902538903,0.1524249419024084,0.0831740831740831,0.045812287440481,0.0856083356083356,0.0561190033755895,0.5124588224588225,0.2024980970552413,35.333333333333336,2.081665999466133,17.666666666666668,6.333333333333333,3.0,1.3333333333333333,4.333333333333333,0.3333333333333333,1.0,3.0,7.333333333333333,13.666666666666666,,1.6666666666666667,3.0,,1.6666666666666667,4.666666666666667,1.0,-18.666666666666668,0.4998634998634998,0.1493915265824474,0.1803166803166803,0.0276354631350169,0.0859495859495859,0.0330979290620232,0.0373782873782873,0.0144967279324519,0.122986622986623,0.0428203778289926,0.3902538902538903,0.1524249419024084,0.0831740831740831,0.045812287440481,0.0856083356083356,0.0561190033755895,0.5124588224588225,0.2024980970552413,35.333333333333336,2.081665999466133,17.666666666666668,6.333333333333333,3.0,1.3333333333333333,4.333333333333333,0.3333333333333333,1.0,3.0,7.333333333333333,13.666666666666666,,1.6666666666666667,3.0,,1.6666666666666667,4.666666666666667,1.0,-18.666666666666668,0.4998634998634998,0.1493915265824474,0.1803166803166803,0.0276354631350169,0.0859495859495859,0.0330979290620232,0.0373782873782873,0.0144967279324519,0.122986622986623,0.0428203778289926,0.3902538902538903,0.1524249419024084,0.0831740831740831,0.045812287440481,0.0856083356083356,0.0561190033755895,0.5124588224588225,0.2024980970552413,,,,34.983333333333334,17.26666666666667,6.433333333333333,3.15,1.2833333333333332,0.7696333333333333,0.6296999999999999,2.099,26.85,23.700000000000003,20.416666666666668,9.583333333333332,1.399333333333333,17.26666666666667,6.433333333333333,3.15,1.2833333333333332,26.85,0.7696333333333333,0.6296999999999999,2.099
4683747,Jaylon Tyson,CLE,2026-06-24,0.0,30.0,0.0,0.0,4.0,2,3,2,0,4,1,0,2,1,6,,0,0,,1,2,2,-21,16.0,0.125,0.1875,0.125,0.0,0.25,0.375,0.0,0.125,0.5,0.0,11.666666666666666,3.785938897200183,3.0,3.0,1.0,0.0,2.6666666666666665,0.3333333333333333,0.0,1.0,1.0,4.0,,1.0,1.0,,0.6666666666666666,2.333333333333333,1.3333333333333333,-6.0,0.2861111111111111,0.1434527925963928,0.2736111111111111,0.0764141372415495,0.0787037037037037,0.0685122619766145,0.0,0.0,0.2203703703703703,0.0978682241609171,0.3324074074074074,0.0962384085265345,0.1037037037037037,0.1002055500627309,0.0787037037037037,0.0685122619766145,0.4567407407407407,0.0648132486583267,11.666666666666666,3.785938897200183,3.0,3.0,1.0,0.0,2.6666666666666665,0.3333333333333333,0.0,1.0,1.0,4.0,,1.0,1.0,,0.6666666666666666,2.333333333333333,1.3333333333333333,-6.0,0.2861111111111111,0.1434527925963928,0.2736111111111111,0.0764141372415495,0.0787037037037037,0.0685122619766145,0.0,0.0,0.2203703703703703,0.0978682241609171,0.3324074074074074,0.0962384085265345,0.1037037037037037,0.1002055500627309,0.0787037037037037,0.0685122619766145,0.4567407407407407,0.0648132486583267,11.666666666666666,3.785938897200183,3.0,3.0,1.0,0.0,2.6666666666666665,0.3333333333333333,0.0,1.0,1.0,4.0,,1.0,1.0,,0.6666666666666666,2.333333333333333,1.3333333333333333,-6.0,0.2861111111111111,0.1434527925963928,0.2736111111111111,0.0764141372415495,0.0787037037037037,0.0685122619766145,0.0,0.0,0.2203703703703703,0.0978682241609171,0.3324074074074074,0.0962384085265345,0.1037037037037037,0.1002055500627309,0.0787037037037037,0.0685122619766145,0.4567407407407407,0.0648132486583267,,,,12.316666666666666,2.85,3.0,1.15,0.0,0.2709666666666666,0.2216999999999999,0.739,7.0,5.85,4.0,4.15,0.4926666666666666,2.85,3.0,1.15,0.0,7.0,0.2709666666666666,0.2216999999999999,0.739
4701233,Craig Porter Jr.,CLE,2026-06-24,0.0,30.0,0.0,0.0,4.0,0,1,3,0,0,0,0,3,0,0,,0,0,,0,1,1,-4,9.0,0.0,0.1111111111111111,0.3333333333333333,0.0,0.0,0.0,0.0,0.3333333333333333,0.3333333333333333,0.0,3.333333333333333,4.932882862316247,0.0,0.3333333333333333,1.0,0.0,0.0,0.0,0.0,1.0,0.0,0.0,,0.0,0.0,,0.0,0.3333333333333333,0.3333333333333333,-0.6666666666666666,0.0,0.0,0.0555555555555555,0.0785674201318386,0.1666666666666666,0.2357022603955158,0.0,0.0,0.0,0.0,0.0,0.0,0.0,0.0,0.1666666666666666,0.2357022603955158,0.1666666666666666,0.2357022603955158,3.333333333333333,4.932882862316247,0.0,0.3333333333333333,1.0,0.0,0.0,0.0,0.0,1.0,0.0,0.0,,0.0,0.0,,0.0,0.3333333333333333,0.3333333333333333,-0.6666666666666666,0.0,0.0,0.0555555555555555,0.0785674201318386,0.1666666666666666,0.2357022603955158,0.0,0.0,0.0,0.0,0.0,0.0,0.0,0.0,0.1666666666666666,0.2357022603955158,0.1666666666666666,0.2357022603955158,3.333333333333333,4.932882862316247,0.0,0.3333333333333333,1.0,0.0,0.0,0.0,0.0,1.0,0.0,0.0,,0.0,0.0,,0.0,0.3333333333333333,0.3333333333333333,-0.6666666666666666,0.0,0.0,0.0555555555555555,0.0785674201318386,0.1666666666666666,0.2357022603955158,0.0,0.0,0.0,0.0,0.0,0.0,0.0,0.0,0.1666666666666666,0.2357022603955158,0.1666666666666666,0.2357022603955158,,,,8.0,0.0,0.4333333333333333,1.3,0.0,0.176,0.144,0.48,1.7333333333333334,0.4333333333333333,1.3,1.7333333333333334,0.3199999999999999,0.0,0.4333333333333333,1.3,0.0,1.7333333333333334,0.176,0.144,0.48
4702177,Keon Ellis,CLE,2026-06-24,0.0,30.0,0.0,0.0,4.0,5,2,1,1,3,1,0,0,1,3,,2,2,,0,2,1,-20,16.0,0.3125,0.125,0.0625,0.0625,0.1875,0.1875,0.125,0.0,0.2425,0.0,5.666666666666667,8.962886439832502,1.6666666666666667,0.6666666666666666,0.3333333333333333,0.3333333333333333,1.0,0.3333333333333333,0.0,0.0,0.3333333333333333,1.0,,0.6666666666666666,0.6666666666666666,,0.0,0.6666666666666666,0.3333333333333333,-6.0,0.15625,0.2209708691207961,0.0625,0.0883883476483184,0.03125,0.0441941738241592,0.03125,0.0441941738241592,0.09375,0.1325825214724776,0.09375,0.1325825214724776,0.0625,0.0883883476483184,0.0,0.0,0.12125,0.1714733944377377,5.666666666666667,8.962886439832502,1.6666666666666667,0.6666666666666666,0.3333333333333333,0.3333333333333333,1.0,0.3333333333333333,0.0,0.0,0.3333333333333333,1.0,,0.6666666666666666,0.6666666666666666,,0.0,0.6666666666666666,0.3333333333333333,-6.0,0.15625,0.2209708691207961,0.0625,0.0883883476483184,0.03125,0.0441941738241592,0.03125,0.0441941738241592,0.09375,0.1325825214724776,0.09375,0.1325825214724776,0.0625,0.0883883476483184,0.0,0.0,0.12125,0.1714733944377377,5.666666666666667,8.962886439832502,1.6666666666666667,0.6666666666666666,0.3333333333333333,0.3333333333333333,1.0,0.3333333333333333,0.0,0.0,0.3333333333333333,1.0,,0.6666666666666666,0.6666666666666666,,0.0,0.6666666666666666,0.3333333333333333,-6.0,0.15625,0.2209708691207961,0.0625,0.0883883476483184,0.03125,0.0441941738241592,0.03125,0.0441941738241592,0.09375,0.1325825214724776,0.09375,0.1325825214724776,0.0625,0.0883883476483184,0.0,0.0,0.12125,0.1714733944377377,,,,8.0,2.166666666666667,0.8666666666666666,0.4333333333333333,0.4333333333333333,0.176,0.144,0.48,3.466666666666667,3.0333333333333337,2.6,1.2999999999999998,0.3199999999999999,2.166666666666667,0.8666666666666666,0.4333333333333333,0.4333333333333333,3.466666666666667,0.176,0.144,0.48
5023693,Tyrese Proctor,CLE,2026-06-24,0.0,30.0,0.0,0.0,4.0,0,1,2,0,2,0,0,1,0,2,,0,0,,0,1,1,-4,9.0,0.0,0.1111111111111111,0.2222222222222222,0.0,0.2222222222222222,0.2222222222222222,0.0,0.1111111111111111,0.3333333333333333,0.0,3.333333333333333,4.932882862316247,0.0,0.3333333333333333,0.6666666666666666,0.0,0.6666666666666666,0.0,0.0,0.3333333333333333,0.0,0.6666666666666666,,0.0,0.0,,0.0,0.3333333333333333,0.3333333333333333,-0.6666666666666666,0.0,0.0,0.0555555555555555,0.0785674201318386,0.1111111111111111,0.1571348402636772,0.0,0.0,0.1111111111111111,0.1571348402636772,0.1111111111111111,0.1571348402636772,0.0,0.0,0.0555555555555555,0.0785674201318386,0.1666666666666666,0.2357022603955158,3.333333333333333,4.932882862316247,0.0,0.3333333333333333,0.6666666666666666,0.0,0.6666666666666666,0.0,0.0,0.3333333333333333,0.0,0.6666666666666666,,0.0,0.0,,0.0,0.3333333333333333,0.3333333333333333,-0.6666666666666666,0.0,0.0,0.0555555555555555,0.0785674201318386,0.1111111111111111,0.1571348402636772,0.0,0.0,0.1111111111111111,0.1571348402636772,0.1111111111111111,0.1571348402636772,0.0,0.0,0.0555555555555555,0.0785674201318386,0.1666666666666666,0.2357022603955158,3.333333333333333,4.932882862316247,0.0,0.3333333333333333,0.6666666666666666,0.0,0.6666666666666666,0.0,0.0,0.3333333333333333,0.0,0.6666666666666666,,0.0,0.0,,0.0,0.3333333333333333,0.3333333333333333,-0.6666666666666666,0.0,0.0,0.0555555555555555,0.0785674201318386,0.1111111111111111,0.1571348402636772,0.0,0.0,0.1111111111111111,0.1571348402636772,0.1111111111111111,0.1571348402636772,0.0,0.0,0.0555555555555555,0.0785674201318386,0.1666666666666666,0.2357022603955158,,,,8.0,0.0,0.4333333333333333,0.8666666666666666,0.0,0.176,0.144,0.48,1.2999999999999998,0.4333333333333333,0.8666666666666666,1.2999999999999998,0.3199999999999999,0.0,0.4333333333333333,0.8666666666666666,0.0,1.2999999999999998,0.176,0.144,0.48
5106268,Nae'Qwan Tomlin,CLE,2026-06-24,0.0,30.0,0.0,0.0,4.0,2,1,1,0,0,0,0,0,1,2,,0,0,,1,0,1,-2,7.0,0.2857142857142857,0.1428571428571428,0.1428571428571428,0.0,0.0,0.2857142857142857,0.0,0.0,0.2857142857142857,0.0,2.6666666666666665,3.785938897200183,1.3333333333333333,0.6666666666666666,0.3333333333333333,0.0,0.0,0.0,0.0,0.0,0.6666666666666666,1.0,,0.0,0.0,,0.6666666666666666,0.0,0.3333333333333333,0.0,1.1428571428571428,1.212183053462653,0.5714285714285714,0.6060915267313265,0.0714285714285714,0.101015254455221,0.0,0.0,0.0,0.0,0.6428571428571428,0.5050762722761053,0.0,0.0,0.0,0.0,0.6428571428571428,0.5050762722761053,2.6666666666666665,3.785938897200183,1.3333333333333333,0.6666666666666666,0.3333333333333333,0.0,0.0,0.0,0.0,0.0,0.6666666666666666,1.0,,0.0,0.0,,0.6666666666666666,0.0,0.3333333333333333,0.0,1.1428571428571428,1.212183053462653,0.5714285714285714,0.6060915267313265,0.0714285714285714,0.101015254455221,0.0,0.0,0.0,0.0,0.6428571428571428,0.5050762722761053,0.0,0.0,0.0,0.0,0.6428571428571428,0.5050762722761053,2.6666666666666665,3.785938897200183,1.3333333333333333,0.6666666666666666,0.3333333333333333,0.0,0.0,0.0,0.0,0.0,0.6666666666666666,1.0,,0.0,0.0,,0.6666666666666666,0.0,0.3333333333333333,0.0,1.1428571428571428,1.212183053462653,0.5714285714285714,0.6060915267313265,0.0714285714285714,0.101015254455221,0.0,0.0,0.0,0.0,0.6428571428571428,0.5050762722761053,0.0,0.0,0.0,0.0,0.6428571428571428,0.5050762722761053,,,,8.0,1.4333333333333331,0.7166666666666666,0.4333333333333333,0.0,0.176,0.144,0.48,2.5833333333333326,2.1499999999999995,1.8666666666666665,1.15,0.3199999999999999,1.4333333333333331,0.7166666666666666,0.4333333333333333,0.0,2.5833333333333326,0.176,0.144,0.48
2528426,Jordan Clarkson,NYK,2026-06-24,0.0,11.0,0.0,2.0,9.0,2,1,0,0,2,0,0,0,1,5,,0,0,,1,0,0,3,6.0,0.3333333333333333,0.1666666666666666,0.0,0.0,0.3333333333333333,0.8333333333333334,0.0,0.0,0.8333333333333334,0.0,8.0,4.358898943540672,4.666666666666667,1.6666666666666667,0.3333333333333333,0.6666666666666666,1.6666666666666667,0.3333333333333333,0.0,1.3333333333333333,2.0,5.0,,0.0,0.0,,0.6666666666666666,1.0,1.0,4.333333333333333,0.5008547008547009,0.2347986300404204,0.1991452991452991,0.0320598279205317,0.0256410256410256,0.0444115591684327,0.0512820512820512,0.0888231183368655,0.229059829059829,0.0932055102920723,0.6572649572649573,0.1555532074585622,0.0,0.0,0.1846153846153846,0.2017673392092923,0.841880341880342,0.1540241135977786,6.0,4.636809247747852,2.8,1.2,0.2,0.4,1.2,0.2,0.0,0.8,1.2,3.2,,0.0,0.0,,0.4,0.8,0.8,3.0,0.3756410256410257,0.3153846153846154,0.191025641025641,0.0308048227195557,0.0192307692307692,0.0384615384615384,0.0384615384615384,0.0769230769230769,0.2134615384615384,0.0822480280060984,0.5346153846153846,0.2762297430007412,0.0,0.0,0.1384615384615384,0.188840539892533,0.6730769230769231,0.3602693369947136,6.125,3.8706773124535783,2.625,0.875,0.125,0.375,1.25,0.125,0.0,0.75,1.125,3.0,,0.0,0.0,,0.375,0.5,0.875,1.625,0.3439037153322867,0.2806481940268003,0.125030525030525,0.0928504596217869,0.0109890109890109,0.029074190231479,0.0378510378510378,0.0658095871951739,0.1854700854700854,0.1629388044173376,0.4415489272632129,0.2981839370699454,0.0,0.0,0.1154020582592011,0.1432940077705542,0.5569509855224141,0.3694056266767377,,,,7.825,3.473,1.437,0.2345,0.479,0.2608333333333333,0.0,1.0433333333333334,5.1445,4.91,3.7075,1.6715,0.2608333333333333,3.473,1.437,0.2345,0.479,5.1445,0.2608333333333333,0.0,1.0433333333333334
3062679,Josh Hart,NYK,2026-06-24,0.0,11.0,0.0,2.0,9.0,13,11,2,3,6,0,0,1,4,11,,2,3,,3,8,3,15,39.0,0.3333333333333333,0.282051282051282,0.0512820512820512,0.0769230769230769,0.1538461538461538,0.282051282051282,0.0769230769230769,0.0256410256410256,0.3415384615384615,0.0,35.666666666666664,3.0550504633038944,11.666666666666666,9.333333333333334,4.333333333333333,2.6666666666666665,5.0,0.6666666666666666,0.0,1.6666666666666667,4.0,8.333333333333334,,1.0,2.0,,2.0,7.333333333333333,2.6666666666666665,6.333333333333333,0.324098124098124,0.1378944742470596,0.2605394605394606,0.0200306827985494,0.1253191253191253,0.067011990630105,0.0738372738372738,0.0420762930609043,0.1381507381507381,0.0710100495727839,0.2296592296592296,0.0939358073200149,0.0559440559440559,0.0489510489510489,0.0477966477966477,0.0192653092210819,0.302071262071262,0.0695043336611865,30.4,8.17312669668102,7.6,9.8,4.6,1.6,4.0,1.4,0.4,1.4,2.6,6.8,,0.8,1.4,,1.6,8.2,3.4,7.6,0.2166810966810966,0.1807904483824069,0.3341014541014541,0.128529244004579,0.164080364080364,0.0711503092117521,0.0443023643023643,0.0502074707706903,0.1273348873348873,0.0523503199541059,0.2192770192770192,0.0691776156771842,0.0409738409738409,0.0423056924803441,0.0509002109002108,0.0417952885038318,0.2882057202057202,0.070349235244494,30.5,6.92820323027551,10.25,9.125,5.125,2.0,5.125,1.875,0.25,1.75,3.75,9.0,,0.75,1.375,,1.75,7.375,3.375,9.875,0.3080176767676768,0.2412168924393018,0.3133994477744478,0.1359246299825397,0.1781725219225219,0.0641441309403639,0.0589795621045621,0.0534872565630732,0.1618759712509712,0.083784214523876,0.2854924011174011,0.1573982270111848,0.0436010748510748,0.0395735732293868,0.0603028915528915,0.041012149167868,0.3649797656047656,0.1544207571691136,,,,32.2785,8.905775,10.125341447368422,4.624548026315789,1.9033210526315791,1.4865098684210527,0.4247171052631579,1.4865098684210527,23.65566447368421,19.031116447368422,13.53032302631579,14.749889473684211,1.911226973684211,8.905775,10.125341447368422,4.624548026315789,1.9033210526315791,23.65566447368421,1.4865098684210527,0.4247171052631579,1.4865098684210527
3136195,Karl-Anthony Towns,NYK,2026-06-24,0.0,11.0,0.0,2.0,9.0,2,10,1,0,2,3,1,5,1,7,,0,0,,1,9,6,-4,23.0,0.0869565217391304,0.4347826086956521,0.0434782608695652,0.0,0.0869565217391304,0.3043478260869565,0.0,0.217391304347826,0.5217391304347826,0.0,29.0,7.9372539331937695,8.666666666666666,9.333333333333334,1.3333333333333333,0.3333333333333333,1.6666666666666667,2.0,1.0,3.0,3.0,7.333333333333333,,2.333333333333333,2.333333333333333,,1.6666666666666667,7.666666666666667,4.666666666666667,6.333333333333333,0.2921434019832189,0.2065346805701129,0.3433081030335034,0.1176963884780201,0.0489057090887754,0.0257364970688617,0.0128205128205128,0.0222057795842163,0.0593498797160124,0.0249357679786878,0.253271137710497,0.0566706173223155,0.0775978407557354,0.0769319548822412,0.1196972364020418,0.0956107322487102,0.4071114240450624,0.1025150240312704,31.0,6.244997998398397,13.0,10.6,2.4,0.8,2.4,1.4,1.0,2.6,4.8,9.8,,2.6,2.6,,2.4,8.2,4.6,8.8,0.4046978058958137,0.2146040458153735,0.3530436853495138,0.0849238885647521,0.076402248982677,0.0418186033924435,0.0253393665158371,0.0389048184410891,0.0767863984178427,0.0430597259532684,0.3107862120380629,0.0937092973124722,0.0818528221005001,0.0585297823058205,0.095347753605931,0.0753816192542235,0.442149207368214,0.0958350483133464,31.625,5.705573715987851,14.375,11.0,2.875,1.375,2.875,1.5,1.0,1.875,5.375,10.125,,2.25,2.375,,2.125,8.875,4.25,13.75,0.4519211714199262,0.2013114496042046,0.3608766623178051,0.106848719489756,0.0899522603150278,0.0577485731445355,0.044149069884364,0.0458277722188383,0.0901923537120064,0.0402992501355218,0.3200426645750713,0.0855676961249169,0.0719913471461459,0.0549966626912742,0.0692077306190915,0.0714992553585572,0.420926587938467,0.0957101282349577,,,,29.911250000000003,11.656056451612905,10.22063064516129,2.175425806451613,0.7251419354838711,1.3508306451612904,0.9648790322580646,2.508685483870968,24.052112903225805,21.87668709677419,13.831482258064517,12.396056451612903,2.315709677419355,11.656056451612905,10.22063064516129,2.175425806451613,0.7251419354838711,24.052112903225805,1.3508306451612904,0.9648790322580646,2.508685483870968
3147657,Mikal Bridges,NYK,2026-06-24,0.0,11.0,0.0,2.0,9.0,14,2,4,3,7,0,1,0,5,10,,1,2,,0,2,1,6,39.0,0.358974358974359,0.0512820512820512,0.1025641025641025,0.0769230769230769,0.1794871794871795,0.2564102564102564,0.0512820512820512,0.0,0.278974358974359,0.0,32.0,6.082762530298223,7.666666666666667,3.0,2.6666666666666665,1.3333333333333333,4.333333333333333,0.0,0.6666666666666666,0.3333333333333333,3.0,8.0,,0.3333333333333333,0.6666666666666666,,0.0,3.0,1.6666666666666667,5.0,0.2259799587385794,0.1464889205963246,0.098374805271357,0.06490608105489,0.0809860637446844,0.0187276661239861,0.0375457875457875,0.0384942299578456,0.1300261041640351,0.0428743625235571,0.2500842069807587,0.0747085350937879,0.017094017094017,0.0296077061122885,0.0114942528735632,0.019908629972056,0.2690998273756894,0.0579009988265656,33.0,6.442049363362563,10.4,3.6,3.4,1.6,3.8,0.6,0.4,0.6,4.0,8.6,,0.8,1.2,,0.4,3.2,2.0,6.6,0.297434665138618,0.1541524070665226,0.1097217472743124,0.0503972029947373,0.0992885023583089,0.0315517858756405,0.0420396676494237,0.044368191446555,0.1072839551813479,0.0675710254720943,0.2563223011919395,0.0646861938098939,0.0388278388278388,0.0622495114615326,0.0189174576474828,0.0178192580132654,0.2923240079236715,0.052819101513225,34.25,5.946187253790689,13.5,3.75,3.375,1.25,3.625,0.875,0.5,0.875,5.5,10.75,,1.25,1.5,,0.375,3.375,1.625,10.25,0.3782844862244567,0.1631967442035612,0.1096818612772145,0.0437632835520386,0.0986739037175328,0.0403792850590601,0.0335664589475565,0.0367098034983451,0.106715933526804,0.0903167906310306,0.3124450279885519,0.1112533142551268,0.0492673992673992,0.0789392162221888,0.0265670007732665,0.0253188349744393,0.3606896844394742,0.1468722695381606,,,,33.5525,10.640472727272728,3.480163636363637,3.3801545454545456,1.6400727272727271,0.6100454545454546,0.4066969696969697,0.6100454545454546,17.50079090909091,14.120636363636365,14.020627272727276,6.860318181818182,1.0167424242424243,10.640472727272728,3.480163636363637,3.3801545454545456,1.6400727272727271,17.50079090909091,0.6100454545454546,0.4066969696969697,0.6100454545454546
3914044,Landry Shamet,NYK,2026-06-24,0.0,11.0,0.0,2.0,9.0,5,1,0,1,4,0,0,0,2,7,,0,0,,0,1,2,-14,13.0,0.3846153846153846,0.0769230769230769,0.0,0.0769230769230769,0.3076923076923077,0.5384615384615384,0.0,0.0,0.5384615384615384,0.0,19.0,5.291502622129183,2.6666666666666665,2.333333333333333,1.0,0.6666666666666666,4.333333333333333,0.0,0.3333333333333333,0.0,1.0,6.0,,0.0,0.0,,0.6666666666666666,1.6666666666666667,2.6666666666666665,-15.666666666666666,0.1716833890746934,0.1955973777233482,0.115358071879811,0.0515303163015842,0.0448585231193926,0.0435439380382259,0.040133779264214,0.0385704434604375,0.2357594096724531,0.1217065168636088,0.3430482560917343,0.1978454705223477,0.0,0.0,0.0,0.0,0.3430482560917343,0.1978454705223477,24.0,7.874007874011811,6.8,2.0,1.0,1.6,5.2,0.0,0.4,0.0,2.6,7.8,,0.0,0.0,,0.4,1.6,2.4,-9.6,0.2684645788993615,0.1920560464122877,0.088608782521826,0.053240815240178,0.0402484472049689,0.0392866621816538,0.0622620857403466,0.0408935971081707,0.2244859488337749,0.089309909593739,0.3403744082004951,0.147002087515134,0.0,0.0,0.0,0.0,0.3403744082004951,0.147002087515134,22.75,7.146427679017578,8.0,1.875,1.25,2.0,4.375,0.25,0.25,0.25,2.75,6.375,,0.5,0.625,,0.25,1.625,2.5,-2.5,0.3355535197068378,0.2844242826706966,0.0931781081237602,0.0874440735366356,0.0517060313828048,0.0469730463889173,0.0830867359185437,0.0712883772954065,0.1889409360662221,0.103160355130708,0.2828624512405977,0.1519765040044653,0.0265507518796992,0.0491650062016938,0.0089285714285714,0.0252538136138052,0.3034733534962368,0.1477459581600955,,,,21.79,5.9163,1.8595,0.90475,1.3956,0.0,0.3631666666666666,0.0,8.68055,7.775799999999999,6.82105,2.76425,0.3631666666666666,5.9163,1.8595,0.90475,1.3956,8.68055,0.0,0.3631666666666666,0.0
3934672,Jalen Brunson,NYK,2026-06-24,0.0,11.0,0.0,2.0,9.0,45,3,3,4,7,2,0,3,14,27,,13,15,,1,2,1,10,41.0,1.0975609756097562,0.073170731707317,0.073170731707317,0.0975609756097561,0.1707317073170731,0.6585365853658537,0.3658536585365853,0.073170731707317,0.8926829268292683,0.0,40.0,4.582575694955841,37.66666666666666,4.333333333333333,5.0,3.333333333333333,6.333333333333333,1.6666666666666667,0.0,3.6666666666666665,12.333333333333334,25.666666666666668,,9.666666666666666,11.333333333333334,,1.0,3.333333333333333,2.333333333333333,4.0,0.9433428360257629,0.1419380697492679,0.1098880794002745,0.0349940880831538,0.1250395945517896,0.0456472123038984,0.0838190265019533,0.0147809921319692,0.1575599197550417,0.0140002065062486,0.6470013726111288,0.073731831417354,0.2814750290360046,0.0738553366769426,0.0947365642487593,0.0417482320433505,0.8655869496357301,0.1082493336251534,39.0,3.5355339059327378,32.6,4.2,4.6,2.8,7.2,2.0,0.0,3.8,11.2,26.6,,7.4,8.6,,1.2,3.0,2.2,1.6,0.8334310216723567,0.2069819387528381,0.1084648533300651,0.0305752409830323,0.1174135149103056,0.049987393069192,0.0716285425014564,0.0197010559727963,0.1852898636595684,0.0409094538357404,0.6873473385026659,0.0990845635734981,0.2168224285169086,0.1031192905246569,0.0995161917498246,0.0302539787516295,0.8822653987999303,0.1004906641911636,38.375,4.068608045581613,28.375,3.625,6.0,2.125,6.5,1.375,0.0,3.25,9.875,22.75,,6.5,7.625,,0.875,2.75,1.75,7.125,0.7322166741471112,0.2237422239345206,0.0943763909237376,0.0303516651880554,0.1555874200683509,0.0887978885573298,0.0559573551924425,0.0314944281567149,0.1700375770610304,0.0434437119324217,0.5939705287356847,0.1501438582238156,0.1926638998057586,0.1072145912969675,0.0837677417948598,0.0417226256908995,0.7625103864450784,0.1914241448369446,,,,39.30875,33.76884999999999,4.11795,4.685849999999999,2.8953,2.015833333333333,0.0,3.830083333333333,42.57265,37.8868,38.4547,8.803799999999999,2.015833333333333,33.76884999999999,4.11795,4.685849999999999,2.8953,42.57265,2.015833333333333,0.0,3.830083333333333
3934719,OG Anunoby,NYK,2026-06-24,0.0,11.0,0.0,2.0,9.0,11,8,0,1,5,3,1,1,3,11,,4,6,,0,8,5,2,33.0,0.3333333333333333,0.2424242424242424,0.0,0.0303030303030303,0.1515151515151515,0.3333333333333333,0.1818181818181818,0.0303030303030303,0.4436363636363636,0.0,37.333333333333336,4.04145188432738,24.0,5.666666666666667,0.6666666666666666,3.6666666666666665,7.0,1.3333333333333333,1.3333333333333333,1.0,7.333333333333333,13.0,,5.666666666666667,7.0,,0.3333333333333333,5.333333333333333,3.0,-0.6666666666666666,0.6250178291256597,0.2548864574997877,0.1571880551341398,0.0757509822936865,0.0169020111253744,0.0146691995861547,0.0933273686803853,0.071310179060022,0.1850792909842974,0.0340068456175104,0.3470974183426045,0.0168251032054038,0.1883339168319913,0.0456007965481561,0.0270030212263845,0.0030157049534385,0.4569673629750652,0.0146377441099151,36.0,4.000000000000002,21.2,4.8,1.0,3.2,6.4,1.4,1.4,0.6,6.4,12.2,,5.2,6.0,,0.2,4.6,2.6,-3.4,0.5765800087221264,0.194605333376047,0.1352892934117829,0.0615169076023709,0.0263574228914408,0.0331209064456625,0.0861620707287194,0.0535440231138675,0.1767842790369603,0.0336713501144587,0.3397318598983264,0.0441510761170761,0.165833828739125,0.0446497272593091,0.0162018127358307,0.0149430982325911,0.4289005572793721,0.0566805303376579,33.75,4.559135256352269,19.75,5.25,2.0,2.75,5.625,1.25,1.25,0.625,6.125,11.5,,4.75,5.25,,0.75,4.5,2.75,3.75,0.5784311285098714,0.1620333364234734,0.1608140222413846,0.0692748185017798,0.0628396900837335,0.0581343188596358,0.0783901980286276,0.0448336819810757,0.1653923548043128,0.0349065570156025,0.3440901782668005,0.071797569242491,0.1541707098675684,0.0516096973828406,0.0187880206540399,0.0160093075464897,0.4307133112625705,0.0924536810497094,,,,35.675,20.693166666666663,5.106,0.9745833333333332,3.070666666666667,1.387361111111111,1.387361111111111,0.5945833333333332,26.77375,25.799166666666665,21.667749999999995,6.080583333333333,2.774722222222222,20.693166666666663,5.106,0.9745833333333332,3.070666666666667,26.77375,1.387361111111111,1.387361111111111,0.5945833333333332
4277869,Jose Alvarado,NYK,2026-06-24,0.0,11.0,0.0,2.0,9.0,0,1,0,0,2,0,0,0,0,5,,0,0,,0,1,1,-11,11.0,0.0,0.0909090909090909,0.0,0.0,0.1818181818181818,0.4545454545454545,0.0,0.0,0.4545454545454545,0.0,13.0,2.6457513110645907,4.0,2.0,1.3333333333333333,0.6666666666666666,2.333333333333333,0.0,0.0,0.3333333333333333,1.6666666666666667,4.666666666666667,,0.0,0.0,,0.0,2.0,2.333333333333333,1.6666666666666667,0.2777777777777778,0.2545875386086577,0.1553030303030303,0.0837626681344544,0.0902777777777777,0.0939427031838102,0.0416666666666666,0.0721687836487032,0.1786616161616161,0.0107693952709798,0.3737373737373737,0.1088205122546225,0.0,0.0,0.0208333333333333,0.0360843918243516,0.394570707070707,0.0735554305412316,12.0,2.3452078799117144,4.2,2.6,1.4,0.6,2.4,0.2,0.0,0.4,1.6,4.8,,0.4,0.6,,0.4,2.2,2.2,4.0,0.333939393939394,0.2492449571576187,0.2259090909090909,0.1155922585986358,0.1123484848484848,0.0825443017651894,0.0431818181818181,0.060345082033417,0.2017424242424242,0.0414488106302581,0.4133333333333333,0.1072626685919285,0.06,0.1341640786499874,0.0306818181818181,0.043196767747155,0.4704151515151515,0.1218703564960328,10.25,3.4121631178560534,3.375,1.75,1.25,0.375,2.0,0.375,0.125,0.625,1.375,3.875,,0.25,0.375,,0.25,1.5,1.625,4.5,0.3212121212121212,0.236235951748107,0.1568181818181818,0.1349657790375621,0.110842803030303,0.0825496745562896,0.0269886363636363,0.0507970343169314,0.2167140151515151,0.1255145577225289,0.4052083333333333,0.1907945773764651,0.0375,0.1060660171779821,0.0754261363636363,0.0993966774638371,0.4971344696969697,0.2547674461593489,,,,11.87,3.8307000000000007,2.3471,1.2869,0.5501,0.1978333333333333,0.0,0.3956666666666667,7.4647000000000014,6.177800000000001,5.1176,3.634,0.1978333333333333,3.8307000000000007,2.3471,1.2869,0.5501,7.4647000000000014,0.1978333333333333,0.0,0.3956666666666667
4351852,Mitchell Robinson,NYK,2026-06-24,0.0,11.0,0.0,2.0,9.0,2,10,2,0,0,0,0,0,1,2,,0,2,,6,4,1,5,20.0,0.1,0.5,0.1,0.0,0.0,0.1,0.1,0.0,0.144,0.0,13.333333333333334,6.506407098647712,3.0,6.333333333333333,1.0,0.0,0.0,0.0,0.6666666666666666,0.3333333333333333,1.3333333333333333,3.333333333333333,,0.3333333333333333,2.6666666666666665,,4.333333333333333,2.0,0.6666666666666666,-7.333333333333333,0.3227106227106227,0.3401810419872585,0.4853479853479853,0.0942645365015222,0.0589743589743589,0.0523604560427234,0.0,0.0,0.0,0.0,0.3043956043956044,0.1783709779427407,0.2311355311355311,0.1140971253238441,0.0256410256410256,0.0444115591684327,0.4317362637362636,0.2500971896580328,13.4,4.61519230368573,3.6,5.6,0.6,0.0,0.0,0.2,0.6,0.4,1.4,2.8,,0.8,3.0,,3.0,2.6,1.2,-7.2,0.3243956043956044,0.2698975819561999,0.4263736263736264,0.1364032430140347,0.0353846153846153,0.0491345213005271,0.0,0.0,0.0,0.0,0.2419780219780219,0.1524077181339379,0.2397802197802198,0.1486817653884114,0.0296703296703296,0.0406741879633444,0.3771516483516483,0.2065134762373846,13.25,4.267819784654187,4.0,5.625,0.375,0.0,0.0,0.25,0.5,0.625,1.75,2.875,,0.5,2.625,,2.75,2.875,1.375,-3.375,0.3277472527472527,0.2125424184991295,0.4192612942612942,0.1242231056030045,0.0221153846153846,0.0414115889056303,0.0,0.0,0.0,0.0,0.2276251526251526,0.1322379634432877,0.2054181929181929,0.1520251655363866,0.0428495115995116,0.0472390257579121,0.3608586691086691,0.1901593923190117,,,,14.011,3.562489552238806,6.107205970149253,0.7304149253731342,0.0,0.2091194029850746,0.6273582089552238,0.4182388059701492,10.400110447761191,9.66969552238806,4.29290447761194,6.837620895522387,0.8364776119402983,3.562489552238806,6.107205970149253,0.7304149253731342,0.0,10.400110447761191,0.2091194029850746,0.6273582089552238,0.4182388059701492
4431823,Miles McBride,NYK,2026-06-24,0.0,11.0,0.0,2.0,9.0,0,0,1,0,2,0,0,0,0,2,,0,0,,0,0,1,3,13.0,0.0,0.0,0.0769230769230769,0.0,0.1538461538461538,0.1538461538461538,0.0,0.0,0.1538461538461538,0.0,9.666666666666666,3.055050463303895,0.0,0.0,0.3333333333333333,0.0,2.6666666666666665,0.0,0.0,0.3333333333333333,0.0,2.6666666666666665,,0.0,0.0,,0.0,0.0,0.3333333333333333,-3.0,0.0,0.0,0.0,0.0,0.0256410256410256,0.0444115591684327,0.0,0.0,0.3158323158323158,0.2239774678126395,0.3158323158323158,0.2239774678126395,0.0,0.0,0.037037037037037,0.0641500299099584,0.3528693528693529,0.2094755616127522,13.2,5.310367218940701,2.2,0.6,1.4,0.6,3.4,0.0,0.2,0.6,0.8,4.4,,0.0,0.0,,0.4,0.2,0.6,0.2,0.1187134502923976,0.1631096786791661,0.0327485380116959,0.0493797235849931,0.0797121007647323,0.0877696892069156,0.0321637426900584,0.0474189319889674,0.2859906175695649,0.1718499128061735,0.340961377803483,0.1622323191465581,0.0,0.0,0.0444444444444444,0.0608580619450184,0.3854058222479275,0.1615210476365376,13.875,4.223657859520076,4.0,1.125,1.5,1.0,3.75,0.375,0.25,0.375,1.375,5.0,,0.25,0.25,,0.625,0.5,1.0,3.0,0.2443639736596393,0.2308248050729238,0.0708880043245368,0.1002770251203889,0.0913116596166131,0.0891554122680425,0.0600183055678411,0.0617542668068305,0.2869374132919025,0.1507149279772716,0.3643613653288576,0.1724728212271169,0.0178571428571428,0.0505076272276105,0.0277777777777777,0.0514344499873639,0.3999962859637782,0.1611162613009132,,,,12.579249999999998,1.885925,0.5170704545454545,1.216497727272727,0.5070704545454545,0.0,0.1905946969696969,0.5717840909090909,3.619493181818181,2.4029954545454544,3.102422727272727,1.7335681818181816,0.1905946969696969,1.885925,0.5170704545454545,1.216497727272727,0.5070704545454545,3.619493181818181,0.0,0.1905946969696969,0.5717840909090909
4433225,Tyler Kolek,NYK,2026-06-24,0.0,11.0,0.0,2.0,9.0,0,0,0,0,0,0,0,0,0,0,,0,0,,0,0,0,0,0.0,,,,,,,,,,0.0,0.0,0.0,0.0,0.0,0.0,0.0,0.0,0.0,0.0,0.0,0.0,0.0,,0.0,0.0,,0.0,0.0,0.0,0.0,,,,,,,,,,,,,,,,,,,0.0,0.0,0.0,0.0,0.0,0.0,0.0,0.0,0.0,0.0,0.0,0.0,,0.0,0.0,,0.0,0.0,0.0,0.0,,,,,,,,,,,,,,,,,,,1.125,2.799872446074234,1.0,0.125,0.125,0.25,0.375,0.0,0.0,0.0,0.375,0.875,,0.0,0.0,,0.125,0.0,0.0,0.0,0.5,0.7071067811865476,0.0625,0.0883883476483184,0.0625,0.0883883476483184,0.125,0.1767766952966369,0.1875,0.2651650429449553,0.4375,0.6187184335382291,0.0,0.0,0.0,0.0,0.4375,0.6187184335382291,,,,8.0,0.2,0.025,0.025,0.05,0.176,0.144,0.48,0.25,0.225,0.225,0.05,0.3199999999999999,0.2,0.025,0.025,0.05,0.25,0.176,0.144,0.48
4610139,Jeremy Sochan,NYK,2026-06-24,0.0,11.0,0.0,2.0,9.0,0,0,0,0,0,0,0,0,0,0,,0,0,,0,0,0,1,0.0,,,,,,,,,,0.0,1.0,1.7320508075688772,0.0,0.0,0.0,0.0,0.0,0.0,0.0,0.0,0.0,0.3333333333333333,,0.0,0.0,,0.0,0.0,0.0,-1.6666666666666667,0.0,,0.0,,0.0,,0.0,,0.0,,0.3333333333333333,,0.0,,0.0,,0.3333333333333333,,0.6,1.3416407864998738,0.0,0.0,0.0,0.0,0.0,0.0,0.0,0.0,0.0,0.2,,0.0,0.0,,0.0,0.0,0.0,-1.0,0.0,,0.0,,0.0,,0.0,,0.0,,0.3333333333333333,,0.0,,0.0,,0.3333333333333333,,0.375,1.0606601717798214,0.0,0.0,0.0,0.0,0.0,0.0,0.0,0.0,0.0,0.125,,0.0,0.0,,0.0,0.0,0.0,-0.625,0.0,,0.0,,0.0,,0.0,,0.0,,0.3333333333333333,,0.0,,0.0,,0.3333333333333333,,,,,6.25,0.0,0.0,0.0,0.0,0.1374999999999999,0.1124999999999999,0.375,0.0,0.0,0.0,0.0,0.2499999999999999,0.0,0.0,0.0,0.0,0.0,0.1374999999999999,0.1124999999999999,0.375
4871141,Ariel Hukporti,NYK,2026-06-24,0.0,11.0,0.0,2.0,9.0,0,1,1,0,0,0,1,0,0,0,,0,0,,1,0,0,4,2.0,0.0,0.5,0.5,0.0,0.0,0.0,0.0,0.0,0.0,0.0,1.6666666666666667,1.5275252316519468,0.0,0.3333333333333333,0.3333333333333333,0.0,0.0,0.0,0.6666666666666666,0.0,0.0,0.0,,0.0,0.0,,0.3333333333333333,0.0,0.3333333333333333,2.333333333333333,0.0,0.0,0.25,0.3535533905932738,0.25,0.3535533905932738,0.0,0.0,0.0,0.0,0.0,0.0,0.0,0.0,0.0,0.0,0.0,0.0,1.0,1.4142135623730956,0.0,0.2,0.2,0.0,0.0,0.0,0.4,0.0,0.0,0.0,,0.0,0.0,,0.2,0.0,0.2,1.4,0.0,0.0,0.25,0.3535533905932738,0.25,0.3535533905932738,0.0,0.0,0.0,0.0,0.0,0.0,0.0,0.0,0.0,0.0,0.0,0.0,1.625,2.825268634509444,0.25,0.75,0.25,0.0,0.0,0.125,0.25,0.0,0.125,0.125,,0.0,0.0,,0.375,0.375,0.25,1.125,0.0833333333333333,0.1443375672974064,0.375,0.3307189138830738,0.2083333333333333,0.2602082499332666,0.0,0.0,0.0,0.0,0.0416666666666666,0.0721687836487032,0.0,0.0,0.0,0.0,0.0416666666666666,0.0721687836487032,,,,6.075,0.05,0.47,0.37,0.0,0.13365,0.1093499999999999,0.3645,0.89,0.52,0.42,0.8400000000000001,0.243,0.05,0.47,0.37,0.0,0.89,0.13365,0.1093499999999999,0.3645
5211983,Pacome Dadiet,NYK,2026-06-24,0.0,11.0,0.0,2.0,9.0,0,0,0,0,0,0,0,0,0,0,,0,0,,0,0,0,0,0.0,,,,,,,,,,0.0,0.0,0.0,0.0,0.0,0.0,0.0,0.0,0.0,0.0,0.0,0.0,0.0,,0.0,0.0,,0.0,0.0,0.0,0.0,,,,,,,,,,,,,,,,,,,0.0,0.0,0.0,0.0,0.0,0.0,0.0,0.0,0.0,0.0,0.0,0.0,,0.0,0.0,,0.0,0.0,0.0,0.0,,,,,,,,,,,,,,,,,,,1.0,2.4494897427831783,0.75,0.125,0.0,0.125,0.375,0.125,0.0,0.0,0.25,0.625,,0.125,0.25,,0.125,0.0,0.0,0.0,0.4285714285714285,0.6060915267313264,0.0714285714285714,0.101015254455221,0.0,0.0,0.0714285714285714,0.101015254455221,0.6428571428571428,0.5050762722761053,0.7857142857142857,0.3030457633656632,0.1428571428571428,0.2020305089104421,0.0,0.0,0.8485714285714285,0.2141523394450686,,,,8.0,0.15,0.025,0.0,0.025,0.176,0.144,0.48,0.175,0.175,0.15,0.025,0.3199999999999999,0.15,0.025,0.0,0.025,0.175,0.176,0.144,0.48
5289900,Mohamed Diawara,NYK,2026-06-24,0.0,11.0,0.0,2.0,9.0,0,0,0,0,0,0,0,0,0,0,,0,0,,0,0,0,0,0.0,,,,,,,,,,0.0,0.0,0.0,0.0,0.0,0.0,0.0,0.0,0.0,0.0,0.0,0.0,0.0,,0.0,0.0,,0.0,0.0,0.0,0.0,,,,,,,,,,,,,,,,,,,0.0,0.0,0.0,0.0,0.0,0.0,0.0,0.0,0.0,0.0,0.0,0.0,,0.0,0.0,,0.0,0.0,0.0,0.0,,,,,,,,,,,,,,,,,,,1.0,2.8284271247461903,0.0,0.375,0.25,0.0,0.0,0.0,0.0,0.125,0.0,0.0,,0.0,0.0,,0.0,0.375,0.125,0.25,0.0,,0.375,,0.25,,0.0,,0.0,,0.0,,0.0,,0.125,,0.125,,,,,8.0,0.0,0.075,0.05,0.0,0.176,0.144,0.48,0.125,0.075,0.05,0.125,0.3199999999999999,0.0,0.075,0.05,0.0,0.125,0.176,0.144,0.48
2991350,Alex Caruso,OKC,2026-06-24,0.0,25.0,0.0,0.0,7.0,12,5,4,1,6,0,1,3,3,14,,5,6,,0,5,1,-5,39.0,0.3076923076923077,0.1282051282051282,0.1025641025641025,0.0256410256410256,0.1538461538461538,0.358974358974359,0.1538461538461538,0.0769230769230769,0.5035897435897436,0.0,29.33333333333333,9.073771725877467,13.666666666666666,2.333333333333333,3.333333333333333,2.0,5.666666666666667,1.3333333333333333,0.3333333333333333,1.6666666666666667,3.6666666666666665,10.333333333333334,,4.333333333333333,4.666666666666667,,0.3333333333333333,2.0,1.3333333333333333,3.0,0.4755799755799756,0.2688900022143707,0.0665445665445665,0.06424195554545,0.1056166056166056,0.1071754643932035,0.072039072039072,0.062306963722457,0.1941391941391941,0.0794964630557168,0.3498168498168498,0.0143044865859098,0.1465201465201465,0.1429979582120376,0.0494505494505494,0.0429134597577288,0.4637362637362637,0.1157420129186256,25.2,9.257429448826494,11.2,2.4,2.4,1.8,4.4,1.2,0.8,1.2,3.0,7.8,,3.4,4.0,,0.4,2.0,2.2,3.0,0.4103479853479853,0.304889431066365,0.0934981684981685,0.0588689676679625,0.0859890109890109,0.0810946427867077,0.0682234432234432,0.0626218973903359,0.1581501831501831,0.1049462136112833,0.2825091575091575,0.1210775441591332,0.1379120879120879,0.1348170725030046,0.038003663003663,0.0371951599078137,0.3811941391941392,0.1917342043703251,25.166666666666668,8.280499179799891,12.166666666666666,2.5,2.833333333333333,2.0,4.333333333333333,1.1666666666666667,0.6666666666666666,1.0,3.333333333333333,7.666666666666667,,3.5,4.0,,0.5,2.0,2.0,5.5,0.4552899877899878,0.2940829026682087,0.0979151404151404,0.0537540894158314,0.1049908424908424,0.0861828896794889,0.0768528693528693,0.0598665482398304,0.1584584859584859,0.0938697848341293,0.2820909645909646,0.1082998922972061,0.1415934065934066,0.1209207470785095,0.0316697191697191,0.0367082688696102,0.3760617826617826,0.1719524661116223,,,,28.50333333333333,12.253333333333332,2.79,3.006666666666667,1.7799999999999998,0.6270733333333333,0.51306,1.7102,18.05,15.043333333333331,15.259999999999998,5.796666666666667,1.1401333333333332,12.253333333333332,2.79,3.006666666666667,1.7799999999999998,18.05,0.6270733333333333,0.51306,1.7102
3133626,Kenrich Williams,OKC,2026-06-24,0.0,25.0,0.0,0.0,7.0,2,1,0,0,2,0,0,0,1,4,,0,0,,1,0,0,-1,4.0,0.5,0.25,0.0,0.0,0.5,1.0,0.0,0.0,1.0,0.0,10.333333333333334,5.686240703077331,5.666666666666667,3.333333333333333,0.6666666666666666,1.0,2.6666666666666665,0.0,0.0,0.3333333333333333,2.0,5.0,,0.6666666666666666,0.6666666666666666,,1.0,2.333333333333333,0.6666666666666666,0.0,0.5444444444444444,0.1071516751221443,0.3,0.0866025403784438,0.0444444444444444,0.0769800358919501,0.0777777777777777,0.083887049280786,0.3111111111111111,0.1710533813148961,0.5944444444444444,0.3787161548256503,0.0444444444444444,0.0769800358919501,0.0222222222222222,0.038490017945975,0.6362222222222222,0.3755034151839565,11.2,8.526429498916881,6.4,3.2,1.0,1.2,2.6,0.2,0.0,0.4,2.2,4.8,,0.8,0.8,,0.8,2.4,1.2,-0.8,0.913623188405797,0.8913082361173582,0.3234782608695652,0.1215196001989563,0.0527536231884058,0.0722431423984898,0.1640579710144927,0.1969825941728287,0.3214492753623189,0.1676950002429715,0.6175362318840579,0.3649715931550343,0.0440579710144927,0.0625173783862859,0.0220289855072463,0.0312586891931429,0.6589507246376811,0.3443561485843441,9.333333333333334,8.891943919451284,5.333333333333333,2.6666666666666665,0.8333333333333334,1.0,2.1666666666666665,0.1666666666666666,0.0,0.3333333333333333,1.8333333333333333,4.0,,0.6666666666666666,0.6666666666666666,,0.6666666666666666,2.0,1.0,-0.6666666666666666,0.913623188405797,0.8913082361173582,0.3234782608695652,0.1215196001989563,0.0527536231884058,0.0722431423984898,0.1640579710144927,0.1969825941728287,0.3214492753623189,0.1676950002429715,0.6175362318840579,0.3649715931550343,0.0440579710144927,0.0625173783862859,0.0220289855072463,0.0312586891931429,0.6589507246376811,0.3443561485843441,,,,9.486666666666666,5.306666666666667,2.803333333333333,0.7166666666666666,0.92,0.2087066666666666,0.17076,0.5691999999999999,8.826666666666666,8.11,6.023333333333333,3.52,0.3794666666666666,5.306666666666667,2.803333333333333,0.7166666666666666,0.92,8.826666666666666,0.2087066666666666,0.17076,0.5691999999999999
4222252,Isaiah Hartenstein,OKC,2026-06-24,0.0,25.0,0.0,0.0,7.0,7,5,0,0,0,1,0,2,3,7,,1,1,,2,3,2,-14,21.0,0.3333333333333333,0.238095238095238,0.0,0.0,0.0,0.3333333333333333,0.0476190476190476,0.0952380952380952,0.4495238095238096,0.0,22.666666666666668,7.637626158259735,9.666666666666666,8.333333333333334,2.333333333333333,0.0,0.0,0.3333333333333333,0.3333333333333333,1.6666666666666667,4.666666666666667,8.333333333333334,,0.3333333333333333,0.3333333333333333,,3.6666666666666665,4.666666666666667,3.0,-5.0,0.4484767025089606,0.1552191444735957,0.3448220686123912,0.1260355680368828,0.105510752688172,0.0959375234794865,0.0,0.0,0.0,0.0,0.4054659498207885,0.1938111144952735,0.0158730158730158,0.0274928699614107,0.0640040962621607,0.0554344942545404,0.4764541730670763,0.1370792254778958,21.4,5.770615218501404,9.2,8.0,2.8,0.0,0.2,0.2,0.2,1.6,4.4,8.0,,0.4,0.6,,2.6,5.4,3.4,-7.4,0.4500384024577573,0.1871102563440757,0.3608614951356886,0.09182986568084,0.1347350230414746,0.0792100031047123,0.0,0.0,0.0095238095238095,0.0212958854999979,0.4035970302099335,0.2022489560457679,0.0285714285714285,0.0425917709999959,0.0685611879160266,0.042098311774062,0.4847296466973886,0.1545733629095859,22.33333333333333,5.645056834671079,9.333333333333334,8.833333333333334,2.833333333333333,0.0,0.1666666666666666,0.1666666666666666,0.1666666666666666,1.8333333333333333,4.333333333333333,8.0,,0.6666666666666666,1.1666666666666667,,3.5,5.333333333333333,3.5,-5.833333333333333,0.4367603971098595,0.1704876270567146,0.3809648261933208,0.0957655621945876,0.130797704386414,0.071501010780462,0.0,0.0,0.0079365079365079,0.0194403947839934,0.3857135745576606,0.1861252806409791,0.0485008818342151,0.0619220946807716,0.075652841781874,0.0414676212327019,0.4827068043465892,0.1383433806295045,,,,21.906666666666663,9.036666666666669,7.816666666666666,2.2466666666666666,0.0,0.4819466666666666,0.3943199999999999,1.3144,19.1,16.85333333333333,11.283333333333331,10.063333333333333,0.8762666666666665,9.036666666666669,7.816666666666666,2.2466666666666666,0.0,19.1,0.4819466666666666,0.3943199999999999,1.3144
4278073,Shai Gilgeous-Alexander,OKC,2026-06-24,0.0,25.0,0.0,0.0,7.0,35,4,9,2,5,3,1,3,12,21,,9,11,,1,3,1,-7,43.0,0.813953488372093,0.0930232558139534,0.2093023255813953,0.0465116279069767,0.1162790697674418,0.4883720930232558,0.2558139534883721,0.0697674418604651,0.6706976744186046,0.0,36.0,7.54983443527075,27.33333333333333,2.333333333333333,7.333333333333333,1.3333333333333333,4.333333333333333,1.6666666666666667,0.6666666666666666,3.6666666666666665,8.333333333333334,19.33333333333333,,9.333333333333334,10.333333333333334,,0.3333333333333333,2.0,1.6666666666666667,-9.0,0.7381775463170812,0.1771765249250978,0.0609305318607644,0.0292667725200574,0.1984675705605938,0.0510625716641128,0.0335218939870102,0.0292747345061111,0.1253105264733171,0.0493686881648657,0.5482475831313041,0.0828929994010639,0.2741387566968962,0.1768716932594136,0.1011193918170662,0.0528711140076847,0.7699880278950046,0.1038350135868785,35.0,5.787918451395113,25.4,2.6,8.2,1.2,3.6,1.4,0.6,3.4,7.4,18.0,,9.4,10.0,,0.2,2.4,2.0,-6.8,0.7099316173959835,0.1366950138194157,0.0734758818404729,0.0373928281864551,0.2309084993256036,0.0687184319154771,0.0312242475033172,0.0287089876283542,0.1038601510094383,0.053465703440278,0.5201671878716139,0.0702213639501082,0.276311211007385,0.1307512940491867,0.097589197814254,0.0457809712690587,0.7393333185291174,0.0856244548478119,35.5,5.319774431308154,26.166666666666668,2.833333333333333,8.333333333333334,1.0,3.5,1.3333333333333333,0.8333333333333334,3.0,8.166666666666666,19.0,,8.833333333333334,9.333333333333334,,0.1666666666666666,2.6666666666666665,2.5,-3.333333333333333,0.7231886285317407,0.1265026146290808,0.0787737611828503,0.035874559690451,0.2318974336485293,0.0615113506152158,0.0260202062527643,0.0286680492629117,0.0997080205780407,0.0488907586176266,0.5387358144544151,0.0775473747011458,0.2565751319798384,0.1265456344909571,0.0857102964241591,0.0502331330267614,0.7373391689497032,0.0767404561470575,,,,36.6,27.57333333333333,2.776666666666667,8.086666666666666,1.3199999999999998,0.8052,0.6587999999999999,2.196,38.43666666666667,30.35,35.66,10.863333333333332,1.464,27.57333333333333,2.776666666666667,8.086666666666666,1.3199999999999998,38.43666666666667,0.8052,0.6587999999999999,2.196
4395702,Isaiah Joe,OKC,2026-06-24,0.0,25.0,0.0,0.0,7.0,0,0,0,0,0,0,0,0,0,0,,0,0,,0,0,0,0,0.0,,,,,,,,,,0.0,6.0,8.717797887081348,1.0,1.3333333333333333,0.6666666666666666,0.3333333333333333,1.3333333333333333,0.3333333333333333,0.0,0.3333333333333333,0.3333333333333333,1.3333333333333333,,0.0,0.0,,1.0,0.3333333333333333,1.0,-3.333333333333333,0.09375,0.1325825214724776,0.1249999999999999,0.1767766952966369,0.0625,0.0883883476483184,0.03125,0.0441941738241592,0.125,0.1767766952966369,0.1249999999999999,0.1767766952966369,0.0,0.0,0.03125,0.0441941738241592,0.15625,0.2209708691207961,9.2,8.34865258589672,3.4,1.8,1.0,0.8,2.4,0.6,0.2,0.4,1.2,2.8,,0.2,0.2,,0.6,1.2,0.6,-1.2,0.2749451754385965,0.2443140182394581,0.1282894736842105,0.1482332861063262,0.085343567251462,0.0574946766738704,0.0697185672514619,0.0512820532088028,0.1823830409356725,0.1607539077293131,0.2086988304093567,0.2041254541185811,0.0131578947368421,0.0263157894736842,0.0287828947368421,0.0334789136859035,0.2432711988304093,0.2416607497648281,9.333333333333334,7.474400756359446,2.833333333333333,1.5,1.0,0.6666666666666666,2.333333333333333,0.5,0.1666666666666666,0.3333333333333333,1.0,2.833333333333333,,0.1666666666666666,0.1666666666666666,,0.5,1.0,1.0,-0.8333333333333334,0.2199561403508771,0.2447161100757872,0.1026315789473684,0.1406110527093952,0.0882748538011695,0.0502214156367297,0.0557748538011695,0.0542634541832916,0.185906432748538,0.1394397202629804,0.2269590643274854,0.1814320299122005,0.0105263157894736,0.0235375576578925,0.0230263157894736,0.0317225353980031,0.2546169590643274,0.2108164364064196,,,,8.0,2.056666666666666,1.33,0.75,0.5133333333333333,0.176,0.144,0.48,4.136666666666667,3.3866666666666667,2.806666666666666,2.08,0.3199999999999999,2.056666666666666,1.33,0.75,0.5133333333333333,4.136666666666667,0.176,0.144,0.48
4397020,Luguentz Dort,OKC,2026-06-24,0.0,25.0,0.0,0.0,7.0,3,1,2,1,3,0,0,0,1,4,,0,0,,0,1,2,-9,16.0,0.1875,0.0625,0.125,0.0625,0.1875,0.25,0.0,0.0,0.25,0.0,19.0,3.605551275463989,5.0,2.0,0.6666666666666666,1.0,5.333333333333333,0.3333333333333333,0.3333333333333333,0.3333333333333333,2.0,7.333333333333333,,0.0,0.0,,0.3333333333333333,1.6666666666666667,1.6666666666666667,-7.333333333333333,0.2645933977455716,0.1086756612946175,0.1094001610305958,0.0981685782647986,0.0416666666666666,0.0721687836487032,0.0538446054750402,0.009625598813585,0.2670088566827697,0.1090341002527704,0.3723832528180354,0.1150220985734693,0.0,0.0,0.0144927536231884,0.0251021856169402,0.3868760064412238,0.1358807474375014,19.4,3.361547262794323,3.4,3.0,1.0,0.6,3.6,0.6,0.2,0.6,1.4,5.0,,0.0,0.0,,0.8,2.2,2.4,-9.4,0.1822854504120488,0.1426102208797576,0.1561771810173344,0.0946639673666484,0.0510869565217391,0.0699800808818255,0.0323067632850241,0.030267119748811,0.1806656720659278,0.1412517257792925,0.2556550156294402,0.181246918452518,0.0,0.0,0.029156010230179,0.027343012298525,0.2848110258596192,0.172527527555107,18.83333333333333,3.311595788538612,4.166666666666667,3.0,1.3333333333333333,0.6666666666666666,3.333333333333333,0.5,0.1666666666666666,0.6666666666666666,1.6666666666666667,4.833333333333333,,0.1666666666666666,0.3333333333333333,,1.0,2.0,2.333333333333333,-9.5,0.235237875343374,0.1819172776735194,0.1613976508477787,0.085630211990737,0.0738224637681159,0.0837806010642188,0.0373389694041867,0.029745880737768,0.1713880600549398,0.1283669916149059,0.2547125130245335,0.1621286101395694,0.0208333333333333,0.0510310363079828,0.0347133418584825,0.0279895670957499,0.2985925215496827,0.1579625776953326,,,,18.656666666666663,3.973333333333333,2.4,1.1166666666666667,0.7933333333333332,0.4104466666666666,0.3358199999999999,1.1194,7.49,6.373333333333333,5.09,3.5166666666666666,0.7462666666666666,3.973333333333333,2.4,1.1166666666666667,0.7933333333333332,7.49,0.4104466666666666,0.3358199999999999,1.1194
4397183,Aaron Wiggins,OKC,2026-06-24,0.0,25.0,0.0,0.0,7.0,0,0,0,0,0,0,0,0,0,0,,0,0,,0,0,0,0,0.0,,,,,,,,,,0.0,2.6666666666666665,3.7859388972001766,1.6666666666666667,0.0,0.0,0.3333333333333333,0.3333333333333333,0.0,0.0,0.3333333333333333,0.6666666666666666,1.0,,0.0,0.0,,0.0,0.0,0.3333333333333333,-0.6666666666666666,0.3571428571428571,0.5050762722761053,0.0,0.0,0.0,0.0,0.0714285714285714,0.101015254455221,0.0714285714285714,0.101015254455221,0.2142857142857142,0.3030457633656632,0.0,0.0,0.0714285714285714,0.101015254455221,0.2857142857142857,0.4040610178208842,6.2,8.700574693662482,1.8,0.4,0.0,0.2,1.0,0.0,0.2,0.6,0.8,2.8,,0.0,0.0,,0.0,0.4,0.4,-1.2,0.2261904761904762,0.3375582590180435,0.0238095238095238,0.0476190476190476,0.0,0.0,0.0357142857142857,0.0714285714285714,0.0833333333333333,0.0981691815623252,0.238095238095238,0.2776643759450143,0.0,0.0,0.0595238095238095,0.0714285714285714,0.2976190476190476,0.3442102927333562,5.166666666666667,8.183316361150085,1.5,0.3333333333333333,0.0,0.1666666666666666,0.8333333333333334,0.0,0.1666666666666666,0.5,0.6666666666666666,2.333333333333333,,0.0,0.0,,0.0,0.3333333333333333,0.3333333333333333,-1.0,0.2261904761904762,0.3375582590180435,0.0238095238095238,0.0476190476190476,0.0,0.0,0.0357142857142857,0.0714285714285714,0.0833333333333333,0.0981691815623252,0.238095238095238,0.2776643759450143,0.0,0.0,0.0595238095238095,0.0714285714285714,0.2976190476190476,0.3442102927333562,,,,8.0,1.43,0.2066666666666666,0.0,0.2033333333333333,0.176,0.144,0.48,1.6366666666666667,1.6366666666666667,1.43,0.2066666666666666,0.3199999999999999,1.43,0.2066666666666666,0.0,0.2033333333333333,1.6366666666666667,0.176,0.144,0.48
4432823,Jaylin Williams,OKC,2026-06-24,0.0,25.0,0.0,0.0,7.0,11,10,4,1,3,0,0,0,5,9,,0,0,,3,7,4,10,26.0,0.4230769230769231,0.3846153846153846,0.1538461538461538,0.0384615384615384,0.1153846153846153,0.3461538461538461,0.0,0.0,0.3461538461538461,0.0,23.0,5.196152422706633,6.0,7.666666666666667,2.333333333333333,0.6666666666666666,3.0,0.0,0.0,0.0,2.6666666666666665,6.0,,0.0,0.6666666666666666,,1.3333333333333333,6.333333333333333,3.6666666666666665,0.0,0.251131221719457,0.1493384057077759,0.3220211161387631,0.0775306499762653,0.0965309200603318,0.0504546868285904,0.0324283559577677,0.0298722508602387,0.1289592760180995,0.0215823348736866,0.251131221719457,0.0866548325891655,0.0392156862745098,0.0679235610811324,0.0,0.0,0.2683861236802413,0.0673607393277959,22.8,3.7013511046643486,7.8,6.2,1.8,1.6,4.4,0.4,0.0,0.2,2.8,6.4,,0.6,1.0,,1.0,5.2,2.8,2.2,0.3404020531897769,0.2919210173334589,0.2647541716595425,0.1016207029961875,0.0757051133010212,0.0456786613205329,0.0736072112031191,0.0885898436306437,0.1927905853737055,0.0894284552868509,0.2751846618854291,0.0697371306575413,0.0508021390374331,0.0698777237720426,0.008695652173913,0.0194440693695633,0.3062332552358128,0.0712016746064853,20.666666666666668,6.186005711819758,7.5,5.666666666666667,1.8333333333333333,1.6666666666666667,4.666666666666667,0.3333333333333333,0.0,0.1666666666666666,2.6666666666666665,6.333333333333333,,0.5,0.8333333333333334,,0.8333333333333334,4.833333333333333,2.6666666666666665,1.0,0.3836683776581475,0.2817909744594656,0.270628476382952,0.0920242281024531,0.096420927750851,0.0651467719073433,0.0946726760025992,0.0945571317189261,0.2606588211447546,0.1844845344521921,0.3293205515711909,0.1465427624493663,0.0423351158645276,0.0658518026489224,0.0072463768115942,0.0177499256723418,0.3551943793631773,0.1357898848526849,,,,22.91333333333333,7.68,7.1033333333333335,2.296666666666667,1.2433333333333332,0.5040933333333333,0.4124399999999999,1.3747999999999998,17.08,14.783333333333331,9.976666666666668,9.4,0.9165333333333332,7.68,7.1033333333333335,2.296666666666667,1.2433333333333332,17.08,0.5040933333333333,0.4124399999999999,1.3747999999999998
4433255,Chet Holmgren,OKC,2026-06-24,0.0,25.0,0.0,0.0,7.0,4,4,0,0,0,2,2,2,1,2,,2,4,,1,3,2,-3,33.0,0.1212121212121212,0.1212121212121212,0.0,0.0,0.0,0.0606060606060606,0.1212121212121212,0.0606060606060606,0.1745454545454545,0.0,29.0,4.58257569495584,10.0,8.666666666666666,0.6666666666666666,0.0,0.6666666666666666,1.3333333333333333,1.6666666666666667,1.6666666666666667,3.6666666666666665,6.333333333333333,,2.6666666666666665,3.333333333333333,,2.6666666666666665,6.0,2.333333333333333,-4.333333333333333,0.3570707070707071,0.2124258274555773,0.3154040404040403,0.1743088367066486,0.0249999999999999,0.0220479275922049,0.0,0.0,0.0249999999999999,0.0220479275922049,0.2313131313131312,0.1487731688505,0.1126262626262626,0.0260823259266169,0.0535353535353535,0.0503735662213805,0.3344040404040404,0.1453668464574181,28.2,3.492849839314596,10.8,7.6,1.0,0.2,1.0,0.8,1.2,1.6,3.8,6.8,,3.0,4.0,,2.6,5.0,2.6,-2.6,0.3911655011655012,0.1624997549666224,0.2799017649017649,0.1571490966294841,0.0375274725274725,0.027378532731487,0.0071428571428571,0.0159719141249984,0.0369780219780219,0.0254542846704723,0.2503263403263404,0.1102750862620616,0.1423010323010323,0.0543812530114827,0.0551981351981352,0.0542045510148434,0.3681369297369298,0.1352942397561768,28.0,3.1622776601683795,11.166666666666666,7.0,1.1666666666666667,0.1666666666666666,1.1666666666666667,0.6666666666666666,1.0,1.5,4.0,7.333333333333333,,3.0,4.0,,2.333333333333333,4.666666666666667,2.5,-1.1666666666666667,0.4062181645514979,0.1499480988257024,0.2579428287761621,0.150498638238956,0.0436185727852394,0.0286753597662574,0.0059523809523809,0.0145802960879951,0.0431606973273639,0.0273439085231157,0.270333678667012,0.1101373562645879,0.1432755516088849,0.0486986105609532,0.0521712855046188,0.0490456684629687,0.3855462068795401,0.1283048036229774,,,,29.12,9.613333333333332,7.26,0.7833333333333333,0.1033333333333333,0.6406399999999999,0.52416,1.7472,17.65666666666667,16.873333333333335,10.396666666666668,8.043333333333333,1.1647999999999998,9.613333333333332,7.26,0.7833333333333333,0.1033333333333333,17.65666666666667,0.6406399999999999,0.52416,1.7472
4593803,Jalen Williams,OKC,2026-06-24,0.0,27.0,0.0,0.0,3.0,1,0,1,0,1,0,0,2,0,1,,1,2,,0,0,1,-18,10.0,0.1,0.0,0.1,0.0,0.1,0.1,0.2,0.2,0.388,0.0,8.5,2.1213203435596424,2.5,0.5,0.5,0.0,0.5,1.0,0.0,1.0,1.0,2.5,,0.5,1.0,,0.0,0.5,0.5,-8.0,0.3357142857142857,0.3333503397022295,0.0714285714285714,0.101015254455221,0.05,0.0707106781186547,0.0,0.0,0.05,0.0707106781186547,0.3357142857142857,0.3333503397022295,0.1,0.1414213562373095,0.1,0.1414213562373095,0.4797142857142857,0.1297035867205038,8.5,2.1213203435596424,2.5,0.5,0.5,0.0,0.5,1.0,0.0,1.0,1.0,2.5,,0.5,1.0,,0.0,0.5,0.5,-8.0,0.3357142857142857,0.3333503397022295,0.0714285714285714,0.101015254455221,0.05,0.0707106781186547,0.0,0.0,0.05,0.0707106781186547,0.3357142857142857,0.3333503397022295,0.1,0.1414213562373095,0.1,0.1414213562373095,0.4797142857142857,0.1297035867205038,8.5,2.1213203435596424,2.5,0.5,0.5,0.0,0.5,1.0,0.0,1.0,1.0,2.5,,0.5,1.0,,0.0,0.5,0.5,-8.0,0.3357142857142857,0.3333503397022295,0.0714285714285714,0.101015254455221,0.05,0.0707106781186547,0.0,0.0,0.05,0.0707106781186547,0.3357142857142857,0.3333503397022295,0.1,0.1414213562373095,0.1,0.1414213562373095,0.4797142857142857,0.1297035867205038,,,,8.725,2.275,0.4249999999999999,0.575,0.0,0.1919499999999999,0.15705,0.5235,3.2749999999999995,2.7,2.85,1.0,0.349,2.275,0.4249999999999999,0.575,0.0,3.2749999999999995,0.1919499999999999,0.15705,0.5235
4683692,Cason Wallace,OKC,2026-06-24,0.0,25.0,0.0,0.0,7.0,17,7,4,5,9,2,1,2,6,10,,0,0,,2,5,2,-3,36.0,0.4722222222222222,0.1944444444444444,0.1111111111111111,0.1388888888888889,0.25,0.2777777777777778,0.0,0.0555555555555555,0.3333333333333333,0.0,29.0,8.18535277187245,11.666666666666666,4.666666666666667,3.333333333333333,3.0,5.333333333333333,2.333333333333333,1.0,1.3333333333333333,4.0,7.0,,0.6666666666666666,0.6666666666666666,,1.3333333333333333,3.333333333333333,2.0,4.0,0.4160095579450418,0.169249112029601,0.1578255675029868,0.0334008706744071,0.1074671445639187,0.0557345749438694,0.1070489844683393,0.0650086569466275,0.182258064516129,0.0781384613792859,0.2463560334528076,0.0745022695276004,0.021505376344086,0.0372484044638468,0.0518518518518518,0.0501027750313654,0.3076702508960573,0.1074841492148815,27.2,6.760177512462229,10.2,4.6,3.0,2.4,5.0,2.4,0.6,0.8,3.4,7.4,,1.0,1.2,,1.4,3.2,2.0,2.0,0.3757962109575013,0.1426486040923077,0.1685048643113159,0.0280956106626301,0.1025755248335893,0.0522668457474094,0.0880389144905273,0.0534931499638891,0.1807834101382488,0.0607835673581151,0.2811469534050179,0.0786040465803525,0.0414746543778801,0.0631857566857239,0.0311111111111111,0.0454062594260056,0.3305069124423963,0.0829778525162104,26.83333333333333,6.112828041640519,10.5,4.5,3.1666666666666665,2.6666666666666665,5.166666666666667,2.6666666666666665,0.5,0.6666666666666666,3.5,7.166666666666667,,0.8333333333333334,1.0,,1.3333333333333333,3.1666666666666665,2.0,1.1666666666666667,0.3931635091312511,0.1344940060921778,0.1670873869260966,0.0253682108874576,0.1121462706946577,0.0522977398128231,0.1000324287421061,0.0561451687954025,0.190652841781874,0.0594991406192725,0.2742891278375149,0.0722845456521017,0.0345622119815668,0.0589969748177998,0.0259259259259259,0.0425523159002816,0.3154224270353302,0.0829066306548366,,,,28.986666666666665,11.719999999999995,4.960000000000001,3.283333333333333,3.023333333333333,0.6377066666666665,0.5217599999999999,1.7392,19.96333333333333,16.68,15.00333333333333,8.243333333333334,1.1594666666666664,11.719999999999995,4.960000000000001,3.283333333333333,3.023333333333333,19.96333333333333,0.6377066666666665,0.5217599999999999,1.7392
4683778,Jared McCain,OKC,2026-06-24,0.0,25.0,0.0,0.0,7.0,12,1,0,2,7,1,0,1,5,12,,0,0,,0,1,2,-8,23.0,0.5217391304347826,0.0434782608695652,0.0,0.0869565217391304,0.3043478260869565,0.5217391304347826,0.0,0.0434782608695652,0.5652173913043478,0.0,27.666666666666668,5.033222956847167,15.0,2.0,2.0,2.333333333333333,6.333333333333333,1.0,0.0,1.6666666666666667,5.333333333333333,14.0,,2.0,2.6666666666666665,,0.0,2.0,1.3333333333333333,-7.0,0.5364270726589567,0.06357508399767,0.06948714195091,0.0240458077278864,0.074074074074074,0.1283000598199168,0.0839798955740984,0.0088033899978127,0.2293954033084468,0.1036501094266748,0.5016347045332552,0.0859568830955673,0.0875420875420875,0.0784591259106467,0.0593861318498999,0.0153343443302568,0.5995393549016738,0.0913036744902154,26.8,3.898717737923586,14.6,2.4,1.4,1.8,6.8,0.6,0.0,1.6,5.4,14.6,,2.0,2.4,,0.4,2.0,1.6,-1.2,0.532967354706485,0.2593143961047833,0.0879885814668423,0.0381580801715871,0.0518518518518518,0.0965807763733725,0.0652027521592738,0.0372251324276676,0.2533779827258088,0.098651434252777,0.5398697116088421,0.1507830867774026,0.084006734006734,0.0557859217298371,0.059705753184014,0.0196387623141973,0.636538427755819,0.1371309696689447,26.666666666666668,3.502380143083652,14.166666666666666,3.0,1.6666666666666667,2.0,7.166666666666667,0.8333333333333334,0.0,1.3333333333333333,5.166666666666667,14.5,,1.8333333333333333,2.333333333333333,,1.0,2.0,1.3333333333333333,0.5,0.5210625391784812,0.2337637966373014,0.1117853563505737,0.0675466522864527,0.0624406457739791,0.0901943037683555,0.0735663960301641,0.0390931147416062,0.2688406266304817,0.0960221043470736,0.5396350160842914,0.1348657180251261,0.0828261244927911,0.0499801789066874,0.0497547943200117,0.030044538306741,0.6258333051811312,0.1254253569654501,,,,26.46333333333333,14.243333333333334,2.19,1.4233333333333331,2.03,0.5821933333333332,0.4763399999999999,1.5878,17.856666666666666,16.433333333333334,15.666666666666668,3.613333333333333,1.058533333333333,14.243333333333334,2.19,1.4233333333333331,2.03,17.856666666666666,0.5821933333333332,0.4763399999999999,1.5878
4900671,Ajay Mitchell,OKC,2026-06-24,0.0,33.0,0.0,0.0,3.0,2,5,1,0,1,0,0,3,1,5,,0,0,,0,5,1,-3,17.0,0.1176470588235294,0.2941176470588235,0.0588235294117647,0.0,0.0588235294117647,0.2941176470588235,0.0,0.1764705882352941,0.4705882352941176,0.0,22.5,7.7781745930520225,6.0,2.5,1.5,0.0,1.5,2.0,0.5,3.0,2.5,6.5,,1.0,1.0,,0.0,2.5,0.5,4.0,0.2373949579831932,0.1693491030572824,0.1470588235294117,0.2079725827019257,0.065126050420168,0.0089131106872253,0.0,0.0,0.065126050420168,0.0089131106872253,0.2899159663865546,0.0059420737914836,0.0357142857142857,0.0505076272276105,0.1418067226890756,0.0490221087797396,0.4474369747899159,0.0327408265910745,22.5,7.7781745930520225,6.0,2.5,1.5,0.0,1.5,2.0,0.5,3.0,2.5,6.5,,1.0,1.0,,0.0,2.5,0.5,4.0,0.2373949579831932,0.1693491030572824,0.1470588235294117,0.2079725827019257,0.065126050420168,0.0089131106872253,0.0,0.0,0.065126050420168,0.0089131106872253,0.2899159663865546,0.0059420737914836,0.0357142857142857,0.0505076272276105,0.1418067226890756,0.0490221087797396,0.4474369747899159,0.0327408265910745,22.5,7.7781745930520225,6.0,2.5,1.5,0.0,1.5,2.0,0.5,3.0,2.5,6.5,,1.0,1.0,,0.0,2.5,0.5,4.0,0.2373949579831932,0.1693491030572824,0.1470588235294117,0.2079725827019257,0.065126050420168,0.0089131106872253,0.0,0.0,0.065126050420168,0.0089131106872253,0.2899159663865546,0.0059420737914836,0.0357142857142857,0.0505076272276105,0.1418067226890756,0.0490221087797396,0.4474369747899159,0.0327408265910745,,,,21.675,5.4,2.875,1.425,0.0,0.47685,0.39015,1.3005,9.7,8.274999999999999,6.824999999999999,4.3,0.867,5.4,2.875,1.425,0.0,9.7,0.47685,0.39015,1.3005
5159925,Nikola Topic,OKC,2026-06-24,0.0,25.0,0.0,0.0,7.0,0,0,0,0,0,0,0,0,0,0,,0,0,,0,0,0,0,0.0,,,,,,,,,,0.0,2.333333333333333,3.2145502536643185,0.0,0.0,0.0,0.0,0.3333333333333333,0.3333333333333333,0.0,0.0,0.0,0.3333333333333333,,0.0,0.0,,0.0,0.0,0.3333333333333333,-1.0,0.0,0.0,0.0,0.0,0.0,0.0,0.0,0.0,0.0833333333333333,0.1178511301977579,0.0833333333333333,0.1178511301977578,0.0,0.0,0.0,0.0,0.0833333333333333,0.117851130197757,2.4,2.5099800796022267,0.4,0.0,0.4,0.0,0.2,0.2,0.0,0.2,0.2,0.8,,0.0,0.0,,0.0,0.0,0.2,-0.4,0.125,0.25,0.0,0.0,0.125,0.25,0.0,0.0,0.0416666666666666,0.0833333333333333,0.4166666666666667,0.4409585518440984,0.0,0.0,0.0625,0.125,0.4791666666666667,0.4732423621500228,2.0,2.449489742783178,0.3333333333333333,0.0,0.3333333333333333,0.0,0.1666666666666666,0.1666666666666666,0.0,0.1666666666666666,0.1666666666666666,0.6666666666666666,,0.0,0.0,,0.0,0.0,0.1666666666666666,-0.3333333333333333,0.125,0.25,0.0,0.0,0.125,0.25,0.0,0.0,0.0416666666666666,0.0833333333333333,0.4166666666666667,0.4409585518440984,0.0,0.0,0.0625,0.125,0.4791666666666667,0.4732423621500228,,,,8.0,0.2066666666666666,0.0,0.2066666666666666,0.0,0.176,0.144,0.48,0.4133333333333333,0.2066666666666666,0.4133333333333333,0.2066666666666666,0.3199999999999999,0.2066666666666666,0.0,0.2066666666666666,0.0,0.4133333333333333,0.176,0.144,0.48
6427,Bismack Biyombo,SAS,2026-06-24,0.0,11.0,0.0,2.0,12.0,0,0,0,0,0,0,0,0,0,0,,0,0,,0,0,0,0,0.0,,,,,,,,,,0.0,0.0,0.0,0.0,0.0,0.0,0.0,0.0,0.0,0.0,0.0,0.0,0.0,,0.0,0.0,,0.0,0.0,0.0,0.0,,,,,,,,,,,,,,,,,,,0.0,0.0,0.0,0.0,0.0,0.0,0.0,0.0,0.0,0.0,0.0,0.0,,0.0,0.0,,0.0,0.0,0.0,0.0,,,,,,,,,,,,,,,,,,,0.9,1.66332999331662,0.0,0.1,0.0,0.0,0.0,0.0,0.0,0.1,0.0,0.1,,0.0,0.0,,0.1,0.0,0.1,0.2,0.0,0.0,0.1666666666666666,0.2886751345948129,0.0,0.0,0.0,0.0,0.0,0.0,0.0666666666666666,0.1154700538379251,0.0,0.0,0.1666666666666666,0.2886751345948129,0.2333333333333333,0.2516611478423583,,,,8.0,0.0,0.02,0.0,0.0,0.176,0.144,0.48,0.02,0.02,0.0,0.02,0.3199999999999999,0.0,0.02,0.0,0.0,0.02,0.176,0.144,0.48
6578,Harrison Barnes,SAS,2026-06-24,0.0,11.0,0.0,2.0,12.0,0,0,0,0,0,0,0,0,0,0,,0,0,,0,0,0,0,0.0,,,,,,,,,,0.0,0.0,0.0,0.0,0.0,0.0,0.0,0.0,0.0,0.0,0.0,0.0,0.0,,0.0,0.0,,0.0,0.0,0.0,0.0,,,,,,,,,,,,,,,,,,,3.4,5.272570530585627,0.0,0.4,0.2,0.0,0.4,0.0,0.0,0.0,0.0,0.4,,0.0,0.2,,0.2,0.2,0.2,-1.4,0.0,0.0,0.0833333333333333,0.1178511301977579,0.0416666666666666,0.0589255650988789,0.0,0.0,0.0833333333333332,0.1178511301977577,0.0833333333333332,0.1178511301977579,0.0416666666666666,0.058925565098879,0.0,0.0,0.1016666666666666,0.1437783788412649,5.6,5.910442735813734,1.1,0.6,0.1,0.2,1.0,0.1,0.0,0.2,0.2,1.2,,0.5,0.7,,0.4,0.2,0.2,0.2,0.110576923076923,0.1936849719084969,0.061584249084249,0.0839671060536957,0.0119047619047619,0.0314970394174356,0.0219780219780219,0.058148380462958,0.1808608058608058,0.1479443242893966,0.1987179487179487,0.1476215850377425,0.0654761904761904,0.1399759049560101,0.0199175824175824,0.0342696151563482,0.2474450549450549,0.1874826766362597,,,,8.175,0.22,0.26,0.09,0.04,0.17985,0.14715,0.4905,0.5700000000000001,0.48,0.31,0.35,0.327,0.22,0.26,0.09,0.04,0.5700000000000001,0.17985,0.14715,0.4905
2488653,Mason Plumlee,SAS,2026-06-24,0.0,11.0,0.0,2.0,12.0,0,0,0,0,0,0,0,0,0,0,,0,0,,0,0,0,0,0.0,,,,,,,,,,0.0,0.0,0.0,0.0,0.0,0.0,0.0,0.0,0.0,0.0,0.0,0.0,0.0,,0.0,0.0,,0.0,0.0,0.0,0.0,,,,,,,,,,,,,,,,,,,0.0,0.0,0.0,0.0,0.0,0.0,0.0,0.0,0.0,0.0,0.0,0.0,,0.0,0.0,,0.0,0.0,0.0,0.0,,,,,,,,,,,,,,,,,,,0.9,1.66332999331662,0.2,0.2,0.1,0.0,0.0,0.0,0.1,0.0,0.1,0.1,,0.0,0.0,,0.0,0.2,0.3,0.2,0.3333333333333333,0.5773502691896258,0.2333333333333333,0.2516611478423583,0.1666666666666666,0.2886751345948129,0.0,0.0,0.0,0.0,0.1666666666666666,0.2886751345948129,0.0,0.0,0.0,0.0,0.1666666666666666,0.2886751345948129,,,,8.0,0.04,0.04,0.02,0.0,0.176,0.144,0.48,0.1,0.08,0.06,0.06,0.3199999999999999,0.04,0.04,0.02,0.0,0.1,0.176,0.144,0.48
2489663,Kelly Olynyk,SAS,2026-06-24,0.0,11.0,0.0,2.0,12.0,0,0,0,0,0,0,0,0,0,0,,0,0,,0,0,0,0,0.0,,,,,,,,,,0.0,0.0,0.0,0.0,0.0,0.0,0.0,0.0,0.0,0.0,0.0,0.0,0.0,,0.0,0.0,,0.0,0.0,0.0,0.0,,,,,,,,,,,,,,,,,,,0.0,0.0,0.0,0.0,0.0,0.0,0.0,0.0,0.0,0.0,0.0,0.0,,0.0,0.0,,0.0,0.0,0.0,0.0,,,,,,,,,,,,,,,,,,,1.3,1.888562063228706,1.4,0.2,0.0,0.2,0.3,0.3,0.0,0.2,0.4,0.7,,0.4,0.5,,0.0,0.2,0.1,0.3,1.1125,0.317214438511238,0.1125,0.1314977819838291,0.0,0.0,0.1875,0.2393567769390845,0.25,0.2886751345948128,0.4625,0.3249999999999999,0.4,0.4898979485566356,0.25,0.5,0.8885000000000001,0.4452965304154075,,,,8.0,0.2799999999999999,0.04,0.0,0.04,0.176,0.144,0.48,0.3199999999999999,0.3199999999999999,0.2799999999999999,0.04,0.3199999999999999,0.2799999999999999,0.04,0.0,0.04,0.3199999999999999,0.176,0.144,0.48
3064560,Luke Kornet,SAS,2026-06-24,0.0,11.0,0.0,2.0,12.0,0,2,0,0,0,0,0,1,0,1,,0,0,,1,1,2,-3,10.0,0.0,0.2,0.0,0.0,0.0,0.1,0.0,0.1,0.2,0.0,7.666666666666667,3.2145502536643176,0.6666666666666666,2.333333333333333,0.6666666666666666,0.0,0.0,0.6666666666666666,0.0,0.3333333333333333,0.0,0.6666666666666666,,0.6666666666666666,0.6666666666666666,,1.3333333333333333,1.0,2.0,-2.6666666666666665,0.074074074074074,0.128300059819917,0.2518518518518518,0.2813839987144086,0.074074074074074,0.1283000598199168,0.0,0.0,0.0,0.0,0.0703703703703703,0.0611952283031789,0.074074074074074,0.1283000598199168,0.0333333333333333,0.0577350269189625,0.1362962962962963,0.1181196993497935,8.2,2.4899799195977463,0.6,2.2,0.4,0.0,0.0,0.8,0.0,0.2,0.0,0.4,,0.6,0.8,,0.8,1.4,2.2,-4.4,0.0694444444444444,0.1011126373511185,0.246111111111111,0.221592858778726,0.0444444444444444,0.0993807989999906,0.0,0.0,0.0,0.0,0.0422222222222222,0.0579484658240236,0.0944444444444444,0.1296957503325417,0.02,0.0447213595499957,0.1037777777777777,0.1023296536918375,9.4,3.062315754094893,1.8,3.0,0.4,0.0,0.0,0.4,0.3,0.4,0.6,1.5,,0.6,0.8,,1.3,1.7,1.7,-4.1,0.1680555555555555,0.1682058511308093,0.3099145299145299,0.2261770994327005,0.0376068376068376,0.0723220369275425,0.0,0.0,0.0,0.0,0.1528418803418803,0.1584515026695072,0.0959401709401709,0.1310713555508584,0.033076923076923,0.0564160836151074,0.2281324786324786,0.1945867152727417,,,,8.4275,0.6779878048780489,2.3046219512195125,0.4146585365853659,0.0,0.8221951219512197,0.0,0.2055487804878049,3.397268292682927,2.982609756097561,1.0926463414634149,2.719280487804878,0.8221951219512197,0.6779878048780489,2.3046219512195125,0.4146585365853659,0.0,3.397268292682927,0.8221951219512197,0.0,0.2055487804878049
3134916,Jordan McLaughlin,SAS,2026-06-24,0.0,11.0,0.0,2.0,12.0,0,0,0,0,0,0,0,0,0,0,,0,0,,0,0,0,0,0.0,,,,,,,,,,0.0,0.0,0.0,0.0,0.0,0.0,0.0,0.0,0.0,0.0,0.0,0.0,0.0,,0.0,0.0,,0.0,0.0,0.0,0.0,,,,,,,,,,,,,,,,,,,0.0,0.0,0.0,0.0,0.0,0.0,0.0,0.0,0.0,0.0,0.0,0.0,,0.0,0.0,,0.0,0.0,0.0,0.0,,,,,,,,,,,,,,,,,,,1.5,2.368778400591983,0.7,0.6,0.3,0.1,0.3,0.0,0.0,0.1,0.2,0.5,,0.2,0.2,,0.1,0.5,0.0,0.0,0.6875,0.9437293044088436,0.3303571428571428,0.2597994386047047,0.1964285714285714,0.2431021173412159,0.0625,0.125,0.1607142857142857,0.2360027095428453,0.3214285714285714,0.2369017707396714,0.25,0.5,0.0357142857142857,0.0714285714285714,0.4671428571428571,0.3848738639560532,,,,8.0,0.1399999999999999,0.12,0.06,0.02,0.176,0.144,0.48,0.32,0.26,0.1999999999999999,0.18,0.3199999999999999,0.1399999999999999,0.12,0.06,0.02,0.32,0.176,0.144,0.48
4066259,De'Aaron Fox,SAS,2026-06-24,0.0,11.0,0.0,2.0,11.0,7,0,5,1,8,2,0,1,3,15,,0,0,,0,0,2,1,37.0,0.1891891891891892,0.0,0.1351351351351351,0.027027027027027,0.2162162162162162,0.4054054054054054,0.0,0.027027027027027,0.4324324324324324,0.0,37.0,0.0,12.333333333333334,2.6666666666666665,6.666666666666667,1.6666666666666667,7.333333333333333,1.6666666666666667,1.0,2.333333333333333,4.333333333333333,15.0,,2.0,2.0,,0.6666666666666666,2.0,2.6666666666666665,-1.6666666666666667,0.3333333333333333,0.1488532580347595,0.0720720720720721,0.0680165264438806,0.1801801801801802,0.0412844657203228,0.045045045045045,0.0562612432288144,0.1981981981981982,0.0562612432288144,0.4054054054054054,0.0270270270270268,0.054054054054054,0.054054054054054,0.063063063063063,0.0412844657203228,0.4922522522522523,0.0667941318578603,36.6,1.5165750888103111,12.8,3.0,6.0,1.4,5.6,1.4,0.8,2.8,4.8,14.0,,1.8,2.0,,0.4,2.6,3.0,-0.6,0.3544891640866873,0.1797841484706605,0.08194293364572,0.0503195392539858,0.1638356622876746,0.037189386897148,0.0387917329093799,0.045700213704444,0.1517362563802192,0.0768103424145331,0.3822525311689398,0.0372157418946315,0.054723454104259,0.0382956014701364,0.0771567232867542,0.037574531524043,0.4834875742615681,0.0521167343309914,34.0,3.8005847503304606,12.0,4.1,6.1,1.2,5.0,1.5,0.5,2.1,4.7,13.3,,1.4,1.7,,0.7,3.4,2.7,1.3,0.3525115194070552,0.1429479451597727,0.1271621578522607,0.0992867649068271,0.1824560921659693,0.0481444097030106,0.0341808126912491,0.0383266098101366,0.1447786979071309,0.0637251018538069,0.3916263031812817,0.0468701302008633,0.0520327549489638,0.0496070503494101,0.0600674460356873,0.0471242066907675,0.4745881613945132,0.0637621652234798,,,,36.379000000000005,12.285626229508198,2.8571311475409837,6.006262295081967,1.386927868852459,1.3915464480874316,0.7951693989071039,2.783092896174863,21.149019672131143,15.14275737704918,18.291888524590163,8.86339344262295,2.186715846994536,12.285626229508198,2.8571311475409837,6.006262295081967,1.386927868852459,21.149019672131143,1.3915464480874316,0.7951693989071039,2.783092896174863
4066317,Lindy Waters III,SAS,2026-06-24,0.0,11.0,0.0,2.0,12.0,0,0,0,0,0,0,0,0,0,0,,0,0,,0,0,0,0,0.0,,,,,,,,,,0.0,0.0,0.0,0.0,0.0,0.0,0.0,0.0,0.0,0.0,0.0,0.0,0.0,,0.0,0.0,,0.0,0.0,0.0,0.0,,,,,,,,,,,,,,,,,,,0.0,0.0,0.0,0.0,0.0,0.0,0.0,0.0,0.0,0.0,0.0,0.0,,0.0,0.0,,0.0,0.0,0.0,0.0,,,,,,,,,,,,,,,,,,,1.2,2.14993539954628,0.2,0.0,0.2,0.0,0.1,0.1,0.0,0.0,0.1,0.2,,0.0,0.0,,0.0,0.0,0.1,0.2,0.1111111111111111,0.1924500897298752,0.0,0.0,0.1388888888888888,0.1272937693043289,0.0,0.0,0.0555555555555555,0.0962250448649376,0.1111111111111111,0.1924500897298752,0.0,0.0,0.0,0.0,0.1111111111111111,0.1924500897298752,,,,8.0,0.04,0.0,0.04,0.0,0.176,0.144,0.48,0.08,0.04,0.08,0.04,0.3199999999999999,0.04,0.0,0.04,0.0,0.08,0.176,0.144,0.48
4395630,Devin Vassell,SAS,2026-06-24,0.0,11.0,0.0,2.0,12.0,12,7,2,2,5,2,1,0,5,8,,0,0,,0,7,1,-11,39.0,0.3076923076923077,0.1794871794871795,0.0512820512820512,0.0512820512820512,0.1282051282051282,0.2051282051282051,0.0,0.0,0.2051282051282051,0.0,39.0,1.0000000000000018,13.666666666666666,5.333333333333333,2.0,3.333333333333333,5.666666666666667,1.0,0.3333333333333333,0.6666666666666666,4.666666666666667,7.0,,1.0,1.3333333333333333,,0.3333333333333333,5.0,2.0,-2.0,0.349055330634278,0.0878939660352685,0.1365834457939721,0.0384439007865391,0.0504273504273504,0.0500054785514874,0.0850764732343679,0.0372392056192795,0.144489428699955,0.0494231842860591,0.178463787674314,0.064167524558391,0.0346491228070175,0.0403484934459892,0.0171052631578947,0.014828194302085,0.2108146648672964,0.0475975503468524,38.2,1.483239697419124,12.8,6.8,2.8,2.8,6.0,0.6,0.4,0.6,4.4,8.2,,1.2,1.4,,1.0,5.8,1.8,-2.6,0.3331174089068826,0.0780506270016742,0.1793184885290148,0.0646907280722436,0.0732388663967611,0.0501688520481283,0.0723909131803868,0.0363648392260086,0.1568690958164642,0.0393338816416852,0.215557804768331,0.0723108866677946,0.036578947368421,0.0400008656416028,0.0158187134502924,0.0144738318853592,0.2474712550607287,0.0642566100209996,35.5,4.06201920231798,12.6,5.8,2.8,2.6,6.2,1.4,0.5,0.6,4.1,9.2,,1.8,2.1,,0.9,4.9,1.5,2.5,0.3576620455567824,0.1133917082708005,0.1604245900298531,0.0648964862780009,0.0791602257391731,0.0366698231619119,0.0745598699546068,0.0397086012026274,0.177327321801006,0.053011117248061,0.262227231832495,0.0866330967429999,0.0591985645933014,0.0622167784435665,0.0175635913793808,0.0155402588893158,0.3058381916329285,0.084525986686507,,,,38.083,12.816477486910994,6.543503664921466,2.65085445026178,2.79485445026178,0.5981623036649214,0.3987748691099476,0.5981623036649214,22.01083560209424,19.35998115183246,15.467331937172773,9.194358115183244,0.996937172774869,12.816477486910994,6.543503664921466,2.65085445026178,2.79485445026178,22.01083560209424,0.5981623036649214,0.3987748691099476,0.5981623036649214
4395723,Keldon Johnson,SAS,2026-06-24,0.0,11.0,0.0,2.0,12.0,7,5,0,2,3,0,0,0,2,5,,1,2,,2,3,2,17,16.0,0.4375,0.3125,0.0,0.125,0.1875,0.3125,0.125,0.0,0.3675,0.0,17.0,1.000000000000005,5.333333333333333,3.6666666666666665,0.3333333333333333,0.6666666666666666,1.3333333333333333,0.6666666666666666,0.0,0.6666666666666666,2.0,5.0,,0.6666666666666666,2.0,,1.3333333333333333,2.333333333333333,2.333333333333333,10.0,0.3201252723311547,0.1814683609716009,0.2174564270152505,0.0975138542682339,0.0185185185185185,0.0320750149549792,0.0416666666666666,0.0721687836487032,0.0810185185185185,0.0963085373273831,0.2947984749455338,0.0173711204005624,0.1200980392156862,0.1177236270443414,0.0392156862745098,0.0679235610811324,0.3868572984749455,0.1199355313466826,15.0,4.0,4.4,3.0,0.6,0.6,1.6,0.6,0.0,0.6,1.6,4.6,,0.6,1.6,,1.0,2.0,2.2,5.2,0.3045751633986928,0.1459907541815782,0.1804738562091503,0.1230098904806076,0.0361111111111111,0.0552072414287549,0.05,0.0684653196881457,0.1236111111111111,0.0999614123080365,0.3268790849673202,0.099463879364843,0.0970588235294117,0.0993871793476659,0.0360294117647058,0.0530482984865522,0.4056143790849672,0.1002321042710409,15.9,3.478505426185218,6.8,3.0,0.6,0.8,2.8,0.6,0.0,0.9,2.7,6.8,,0.6,1.4,,1.3,1.7,2.6,2.6,0.4210375816993464,0.1961392283876743,0.1789869281045751,0.0826681286896383,0.0343055555555555,0.0481305612467372,0.0563888888888888,0.0553863162967335,0.1852777777777778,0.1048898762770014,0.4256617647058823,0.1504558548286986,0.0888071895424836,0.0839937890859167,0.0530147058823529,0.0494615824675852,0.5177516339869281,0.1707103556169863,,,,15.6045,4.966392,3.27254,0.546508,0.722508,0.62418,0.0,0.62418,8.78544,8.238932,5.5129,3.819048,0.62418,4.966392,3.27254,0.546508,0.722508,8.78544,0.62418,0.0,0.62418
4592479,Julian Champagnie,SAS,2026-06-24,0.0,11.0,0.0,2.0,12.0,14,7,1,4,8,1,0,4,5,9,,0,0,,2,5,3,-10,31.0,0.4516129032258064,0.2258064516129032,0.032258064516129,0.1290322580645161,0.2580645161290322,0.2903225806451613,0.0,0.1290322580645161,0.4193548387096774,0.0,30.33333333333333,3.0550504633038957,10.333333333333334,4.333333333333333,2.333333333333333,2.6666666666666665,7.333333333333333,2.0,0.0,1.3333333333333333,3.6666666666666665,9.0,,0.3333333333333333,0.6666666666666666,,0.6666666666666666,3.6666666666666665,1.6666666666666667,-2.0,0.3491908330618008,0.171229679105359,0.1381195467216972,0.0950949769476055,0.0780927555121103,0.0409590597924748,0.0901487998262191,0.0525968532746814,0.2431483291698345,0.0268769110399334,0.2987943955685891,0.0311785564389852,0.0246913580246913,0.0427666866066389,0.043010752688172,0.0744968089276936,0.3526693457876254,0.0742072332337187,31.6,3.2863353450309982,11.0,5.4,1.8,3.0,7.4,1.2,0.4,0.8,3.6,8.8,,0.8,1.2,,1.0,4.4,1.8,-4.4,0.3571847507331378,0.1599289552455962,0.1696100792874986,0.1094111437498652,0.0588628217660475,0.0391750982190239,0.0974584555229716,0.053673809781307,0.2381829043119365,0.0680091596504882,0.2835777126099706,0.0731183449119158,0.0388291517323775,0.0360458180204195,0.0258064516129032,0.0577049800645107,0.32646899098512,0.0930267360085564,31.5,4.06201920231798,11.9,5.6,1.7,2.9,7.4,1.2,0.6,0.8,4.1,9.5,,0.8,1.2,,1.0,4.6,2.0,-0.6,0.3800252679428372,0.1992197989356618,0.1793399977286166,0.0837773061325938,0.0560071606021491,0.0304048102985058,0.0915663204933154,0.0553214701401362,0.2361724304638068,0.0519795860474,0.3054455843319493,0.0860157307263375,0.037309312708294,0.0408908546434985,0.0262014714204866,0.042844833469561,0.3480631533440853,0.1161059946906945,,,,31.2815,11.105477848101266,5.351343670886076,1.7971145569620257,2.993857594936709,1.1879050632911392,0.3959683544303797,0.7919367088607595,18.253936075949365,16.45682151898734,12.902592405063292,7.148458227848101,1.583873417721519,11.105477848101266,5.351343670886076,1.7971145569620257,2.993857594936709,18.253936075949365,1.1879050632911392,0.3959683544303797,0.7919367088607595
4845367,Stephon Castle,SAS,2026-06-24,0.0,11.0,0.0,2.0,12.0,6,5,4,0,3,1,0,3,1,10,,4,6,,1,4,4,-1,32.0,0.1875,0.15625,0.125,0.0,0.09375,0.3125,0.1875,0.09375,0.48875,0.0,32.0,6.0,14.0,5.0,4.666666666666667,1.0,3.6666666666666665,0.6666666666666666,0.3333333333333333,2.6666666666666665,3.6666666666666665,10.333333333333334,,5.666666666666667,6.666666666666667,,1.3333333333333333,3.6666666666666665,4.333333333333333,-2.0,0.4309210526315789,0.2172796349193649,0.1600455465587044,0.0305417705075235,0.1496288798920377,0.0371070264104669,0.0303643724696356,0.0272340567754528,0.1135711875843454,0.0189795601909208,0.316717273954116,0.0497294392687699,0.217695681511471,0.0793326064403028,0.0872553981106612,0.0318766495384844,0.4997587719298246,0.0175519033095457,31.6,4.77493455452533,14.6,5.4,4.2,1.2,4.0,0.6,0.2,2.8,4.6,12.2,,4.2,5.2,,1.4,4.0,4.0,-4.2,0.4585526315789473,0.1582301809586432,0.171657580036063,0.0422764460329832,0.1359958153301806,0.0375485997342862,0.0383866907086721,0.0266869614463033,0.1261259058279182,0.0218599610969099,0.3841480114312931,0.0993483050772627,0.1709535433606641,0.0901448210872177,0.0926893733201782,0.0380280367468355,0.5520569438301636,0.0900589986913331,32.4,3.657564459825388,15.7,5.1,5.5,1.1,3.8,1.0,0.4,2.6,4.8,11.6,,5.0,6.1,,1.8,3.3,4.2,-0.8,0.4829063662945241,0.139831238973953,0.1575576861219276,0.0361991645033885,0.1709713925135751,0.0534778450926309,0.0344747306357213,0.0307738989158515,0.1170835156845218,0.0308767344976246,0.3578478152394561,0.0855349455741241,0.1897191959227563,0.1112327860346655,0.081417738608141,0.048761192534517,0.5227420000536099,0.0867808376512458,,,,31.821000000000005,14.161264556962026,5.326659493670887,4.365624050632912,1.1010354430379747,0.6041962025316455,0.2013987341772152,2.8195822784810125,23.853548101265822,19.487924050632916,18.526888607594937,9.692283544303798,0.8055949367088607,14.161264556962026,5.326659493670887,4.365624050632912,1.1010354430379747,23.853548101265822,0.6041962025316455,0.2013987341772152,2.8195822784810125
5037871,Dylan Harper,SAS,2026-06-24,0.0,11.0,0.0,2.0,12.0,25,5,4,2,4,0,1,0,10,19,,3,6,,2,3,5,-12,31.0,0.8064516129032258,0.1612903225806451,0.1290322580645161,0.064516129032258,0.1290322580645161,0.6129032258064516,0.1935483870967742,0.0,0.6980645161290323,0.0,31.666666666666668,0.5773502691896263,19.666666666666668,6.0,3.6666666666666665,2.0,6.0,0.0,0.3333333333333333,1.0,7.666666666666667,16.333333333333332,,2.333333333333333,3.333333333333333,,1.0,5.0,3.0,-2.6666666666666665,0.6229838709677419,0.2021640651752406,0.1891801075268817,0.0817734413074349,0.1159274193548387,0.019311737964383,0.0631720430107526,0.0312716712924797,0.1888440860215053,0.0604950706476764,0.5168010752688171,0.125362594115903,0.1061827956989247,0.0756608215671888,0.03125,0.0541265877365274,0.5947715053763442,0.1009918322329394,31.0,1.7320508075688783,18.0,6.4,3.0,1.4,5.0,0.4,0.2,1.2,7.0,14.2,,2.6,3.4,,0.8,5.6,2.8,-0.2,0.5818260368663595,0.1578898491203922,0.2081509216589861,0.0722772488096463,0.0954493087557603,0.0373333166071109,0.0450460829493087,0.0355588180484411,0.1606278801843317,0.0602001244267272,0.4565092165898617,0.1212995367413567,0.1101382488479262,0.0541430990248498,0.0383928571428571,0.0406225470217047,0.5433629032258065,0.1019781326664869,26.7,5.334374898294604,13.8,5.9,2.9,1.3,3.8,0.2,0.1,1.6,5.1,10.4,,2.3,3.1,,1.2,4.7,2.1,3.2,0.5058030956761982,0.2045558127323283,0.2227306966611995,0.0562406941282192,0.1103060990769719,0.0367699445138199,0.0489037109141473,0.033498549835858,0.1394703784250748,0.0555108571453607,0.3790174184695057,0.1355211417814228,0.1215870770595628,0.0812918143045559,0.0644378059304529,0.0438592746552889,0.4969535383061664,0.1076547167800428,,,,30.571,18.13454193548387,6.174859354838709,3.1070903225806448,1.4883754838709675,0.3944645161290322,0.1972322580645161,1.1833935483870968,27.416491612903226,24.30940129032258,21.24163225806452,9.281949677419354,0.5916967741935484,18.13454193548387,6.174859354838709,3.1070903225806448,1.4883754838709675,27.416491612903226,0.3944645161290322,0.1972322580645161,1.1833935483870968
5061568,Carter Bryant,SAS,2026-06-24,0.0,11.0,0.0,2.0,12.0,0,2,0,0,0,0,0,1,0,0,,0,0,,0,2,0,2,6.0,0.0,0.3333333333333333,0.0,0.0,0.0,0.0,0.0,0.1666666666666666,0.1666666666666666,0.0,5.0,0.9999999999999996,2.6666666666666665,1.0,0.0,0.6666666666666666,0.6666666666666666,0.3333333333333333,0.3333333333333333,0.3333333333333333,1.0,1.3333333333333333,,0.0,0.0,,0.0,1.0,1.0,-0.3333333333333333,0.5833333333333334,0.5204164998665332,0.1777777777777777,0.1677740985615722,0.0,0.0,0.15,0.1322875655532295,0.15,0.1322875655532295,0.2833333333333333,0.3013856886670853,0.0,0.0,0.0555555555555555,0.0962250448649376,0.3388888888888888,0.2299355787397209,4.4,1.1401754250991376,1.8,0.6,0.0,0.4,0.6,0.2,0.2,0.4,0.6,1.0,,0.2,0.4,,0.0,0.6,1.2,-1.0,0.4,0.4541475531146237,0.1066666666666666,0.1534781924429511,0.0,0.0,0.09,0.1244989959798873,0.1399999999999999,0.1294217910554478,0.22,0.2464751508773246,0.1,0.2236067977499789,0.0999999999999999,0.1490711984999859,0.364,0.1730671032351967,5.5,2.2730302828309763,2.3,1.1,0.2,0.4,1.1,0.2,0.2,0.5,0.9,1.8,,0.1,0.2,,0.0,1.1,1.7,-2.5,0.4616666666666666,0.4773286002248268,0.1809523809523809,0.1683886852111217,0.0242857142857142,0.0521857835916094,0.075,0.1034139470499238,0.1892857142857142,0.1793870263297196,0.3251190476190476,0.2962957087343002,0.05,0.1581138830084189,0.0867857142857142,0.1103552093687463,0.4339047619047618,0.2362435722876199,,,,6.74,2.4103636363636363,0.9634545454545456,0.016,0.5356363636363637,0.3063636363636364,0.3063636363636364,0.6127272727272728,3.389818181818182,3.373818181818182,2.4263636363636363,0.9794545454545456,0.6127272727272728,2.4103636363636363,0.9634545454545456,0.016,0.5356363636363637,3.389818181818182,0.3063636363636364,0.3063636363636364,0.6127272727272728
5104157,Victor Wembanyama,SAS,2026-06-24,0.0,11.0,0.0,2.0,12.0,19,14,2,1,6,0,5,2,7,19,,4,5,,6,8,3,-3,38.0,0.5,0.3684210526315789,0.0526315789473684,0.0263157894736842,0.1578947368421052,0.5,0.131578947368421,0.0526315789473684,0.6105263157894737,0.0,40.333333333333336,3.214550253664318,25.0,11.666666666666666,3.0,1.6666666666666667,6.0,0.6666666666666666,3.6666666666666665,1.0,9.0,20.666666666666668,,5.333333333333333,7.0,,4.0,7.666666666666667,2.333333333333333,1.6666666666666667,0.6219891219891219,0.1734222392955012,0.2896679344047765,0.0818000743399479,0.0764016685069316,0.0687153775709561,0.0410174620700936,0.0130611767804978,0.1474256737414632,0.0406509929922614,0.50990675990676,0.0540074929794764,0.1738130290761869,0.0512077503209126,0.0260908681961313,0.0263186729218356,0.6124753608964135,0.0247894670819363,39.8,2.489979919597748,26.0,11.2,2.6,1.8,6.6,1.0,3.6,2.6,8.8,20.8,,6.6,8.4,,3.6,7.6,2.2,1.6,0.6550355784566311,0.1315037536386243,0.281958655379708,0.0669880884245805,0.0663673168936326,0.0505030455159911,0.0451367930315298,0.0108618361527276,0.1658238252975095,0.0490267068567653,0.5214703717335297,0.04248013965967,0.2127088700772911,0.0816824164804135,0.0672334682860998,0.062762642017295,0.6822957428536376,0.1103975421375327,37.7,4.78539444560216,25.9,9.1,2.6,2.1,6.4,1.3,3.0,2.5,8.4,19.2,,7.0,8.4,,2.7,6.4,2.3,5.3,0.7056486001265287,0.2011509345950326,0.2452126156243304,0.0891546719630779,0.0715413392493188,0.0483477739089703,0.0588025924273802,0.0388535955790065,0.175518584415019,0.0677095368156056,0.5203524361885992,0.1319291232761949,0.2235590470649893,0.0753283653286076,0.0700065610676816,0.0510390352397184,0.6887249779648761,0.1714735945375133,,,,39.4555,25.31696984924623,11.197833165829143,2.5984969849246227,1.7506517587939698,0.9913442211055276,3.568839195979899,2.577494974874372,39.1133,36.51480301507537,27.915466834170854,13.796330150753768,4.560183417085427,25.31696984924623,11.197833165829143,2.5984969849246227,1.7506517587939698,39.1133,0.9913442211055276,3.568839195979899,2.577494974874372
